pool_id,rejector_id,rejector_family,label_policy,allowed_for_decision_gate,reject_score_direction,split,reject_fraction,retained_event_n,retained_inside_n,retained_precision,retained_bad_side_rate,retained_fast_fail_rate,retained_false_repair_rate,retained_episode_recall_low_to_high,retained_winner_120_rate,bad_side_reduction_vs_pool,precision_delta_vs_pool,episode_recall_delta_vs_pool,retained_precision_vs_c0_baseline_ratio,frontier_status
density_only_top20,logistic_regression_l2,logistic_regression_l2,bad_side_vs_clean_winner,True,higher_is_worse,all,0.05,3372,279,0.08274021352313167,0.3695136417556346,0.2781731909845789,0.3360023724792408,0.49065420560747663,0.17882562277580072,0.004289175145773816,0.0024585233822865954,-0.004672897196261683,1.2319732482513197,ok
density_only_top20,logistic_regression_l2,logistic_regression_l2,bad_side_vs_clean_winner,True,higher_is_worse,all,0.1,3195,271,0.08482003129890454,0.3643192488262911,0.27261345852895147,0.330829420970266,0.47897196261682246,0.1784037558685446,0.009483568075117355,0.00453834115805947,-0.016355140186915862,1.2629410177540343,ok
density_only_top20,logistic_regression_l2,logistic_regression_l2,bad_side_vs_clean_winner,True,higher_is_worse,all,0.15,3017,266,0.08816705336426914,0.35896586012595294,0.2674842558833278,0.3244945309910507,0.4742990654205608,0.17998011269472985,0.01483695677545549,0.007885363223424063,-0.021028037383177545,1.3127770221617734,ok
density_only_top20,logistic_regression_l2,logistic_regression_l2,bad_side_vs_clean_winner,True,higher_is_worse,all,0.2,2840,251,0.08838028169014084,0.352112676056338,0.26161971830985914,0.3172535211267606,0.45093457943925236,0.1785211267605634,0.021690140845070427,0.008098591549295764,-0.04439252336448596,1.315951918406994,ok
density_only_top20,logistic_regression_l2,logistic_regression_l2,bad_side_vs_clean_winner,True,higher_is_worse,all,0.3,2485,227,0.09134808853118712,0.33319919517102614,0.2442655935613682,0.30140845070422534,0.4158878504672897,0.17867203219315894,0.04060362173038229,0.011066398390342042,-0.07943925233644861,1.3601415388885039,ok
density_only_top20,logistic_regression_l2,logistic_regression_l2,bad_side_vs_clean_winner,True,higher_is_worse,all,0.4,2130,200,0.09389671361502347,0.3244131455399061,0.23708920187793428,0.2934272300469484,0.37616822429906543,0.17981220657276994,0.04938967136150235,0.013615023474178395,-0.11915887850467288,1.3980896875505915,ok
density_only_top20,logistic_regression_l2,logistic_regression_l2,bad_side_vs_clean_winner,True,higher_is_worse,train,0.05,1727,144,0.08338158656629995,0.41169658367110595,0.32020845396641573,0.37521713954834973,0.4888888888888889,0.19397799652576722,0.0013947254598071224,0.0014233907467179896,-0.013333333333333364,1.1500287595680874,ok
density_only_top20,logistic_regression_l2,logistic_regression_l2,bad_side_vs_clean_winner,True,higher_is_worse,train,0.1,1636,137,0.08374083129584352,0.40525672371638144,0.3141809290953545,0.3704156479217604,0.47555555555555556,0.19743276283618583,0.007834585414531636,0.0017826354762615626,-0.026666666666666672,1.1549835917763935,ok
density_only_top20,logistic_regression_l2,logistic_regression_l2,bad_side_vs_clean_winner,True,higher_is_worse,train,0.15,1545,132,0.0854368932038835,0.4,0.3119741100323625,0.3644012944983819,0.4577777777777778,0.2,0.013091309130913054,0.003478697384301538,-0.04444444444444445,1.178376286165855,ok
density_only_top20,logistic_regression_l2,logistic_regression_l2,bad_side_vs_clean_winner,True,higher_is_worse,train,0.2,1454,126,0.08665749656121045,0.39752407152682256,0.3081155433287483,0.3624484181568088,0.4444444444444444,0.19876203576341128,0.015567237604090511,0.004699300741628498,-0.05777777777777782,1.1952112856274593,ok
density_only_top20,logistic_regression_l2,logistic_regression_l2,bad_side_vs_clean_winner,True,higher_is_worse,train,0.3,1272,113,0.08883647798742138,0.38443396226415094,0.29638364779874216,0.3490566037735849,0.40444444444444444,0.19654088050314467,0.028657346866762134,0.006878282167839422,-0.0977777777777778,1.225264579284983,ok
density_only_top20,logistic_regression_l2,logistic_regression_l2,bad_side_vs_clean_winner,True,higher_is_worse,train,0.4,1090,104,0.09541284403669725,0.37522935779816513,0.2853211009174312,0.3412844036697248,0.38222222222222224,0.1926605504587156,0.037861951332747945,0.013454648217115298,-0.12,1.3159681794629525,ok
density_only_top20,logistic_regression_l2,logistic_regression_l2,bad_side_vs_clean_winner,True,higher_is_worse,validation,0.05,563,10,0.017761989342806393,0.3747779751332149,0.25754884547069273,0.35346358792184723,0.3181818181818182,0.05150976909413854,-0.0020966935143278964,0.0008985829347119591,0.0,0.8885125366599198,ok
density_only_top20,logistic_regression_l2,logistic_regression_l2,bad_side_vs_clean_winner,True,higher_is_worse,validation,0.1,533,10,0.01876172607879925,0.3808630393996248,0.2570356472795497,0.3602251407129456,0.3181818181818182,0.04690431519699812,-0.008181757780737764,0.001898319670704817,0.0,0.9385226231510974,ok
density_only_top20,logistic_regression_l2,logistic_regression_l2,bad_side_vs_clean_winner,True,higher_is_worse,validation,0.15,504,10,0.01984126984126984,0.373015873015873,0.24603174603174602,0.35119047619047616,0.3181818181818182,0.047619047619047616,-0.0003345913969859948,0.002977863433175406,0.0,0.9925249169435215,ok
density_only_top20,logistic_regression_l2,logistic_regression_l2,bad_side_vs_clean_winner,True,higher_is_worse,validation,0.2,474,10,0.02109704641350211,0.37130801687763715,0.24261603375527427,0.34810126582278483,0.3181818181818182,0.04852320675105485,0.00137326474124988,0.004233640005407675,0.0,1.055342949661466,ok
density_only_top20,logistic_regression_l2,logistic_regression_l2,bad_side_vs_clean_winner,True,higher_is_worse,validation,0.3,415,8,0.01927710843373494,0.3614457831325301,0.2289156626506024,0.3421686746987952,0.2727272727272727,0.04578313253012048,0.01123549848635691,0.0024137020256405073,-0.04545454545454547,0.9643037265340432,ok
density_only_top20,logistic_regression_l2,logistic_regression_l2,bad_side_vs_clean_winner,True,higher_is_worse,validation,0.4,355,6,0.016901408450704224,0.36619718309859156,0.23661971830985915,0.3464788732394366,0.18181818181818182,0.04788732394366197,0.006484098520295467,3.800204260978948e-05,-0.13636363636363635,0.8454634785456926,ok
density_only_top20,logistic_regression_l2,logistic_regression_l2,bad_side_vs_clean_winner,True,higher_is_worse,robustness,0.05,1082,125,0.11552680221811461,0.30129390018484287,0.22735674676524953,0.2643253234750462,0.5082872928176796,0.21534195933456562,0.010383009384955177,0.0049034483989750105,0.0,1.4547010041464765,ok
density_only_top20,logistic_regression_l2,logistic_regression_l2,bad_side_vs_clean_winner,True,higher_is_worse,robustness,0.1,1025,120,0.11707317073170732,0.29365853658536584,0.21853658536585366,0.255609756097561,0.4972375690607735,0.2126829268292683,0.018018372984432207,0.006449816912567727,-0.011049723756906105,1.4741727092946615,ok
density_only_top20,logistic_regression_l2,logistic_regression_l2,bad_side_vs_clean_winner,True,higher_is_worse,robustness,0.15,968,112,0.11570247933884298,0.2882231404958678,0.21487603305785125,0.25,0.4696132596685083,0.20867768595041322,0.023453769073930264,0.005079125519703381,-0.03867403314917128,1.456913111458567,ok
density_only_top20,logistic_regression_l2,logistic_regression_l2,bad_side_vs_clean_winner,True,higher_is_worse,robustness,0.2,911,107,0.11745334796926454,0.28210757409440174,0.21185510428100987,0.24478594950603733,0.4530386740331492,0.2074643249176729,0.029569335475396308,0.006829994150124946,-0.05524861878453041,1.4789598599697402,ok
density_only_top20,logistic_regression_l2,logistic_regression_l2,bad_side_vs_clean_winner,True,higher_is_worse,robustness,0.3,797,95,0.1191969887076537,0.2710163111668758,0.205771643663739,0.23212045169385195,0.40331491712707185,0.20702634880803011,0.04066059840292224,0.008573634888514106,-0.10497237569060774,1.500915595645835,ok
density_only_top20,logistic_regression_l2,logistic_regression_l2,bad_side_vs_clean_winner,True,higher_is_worse,robustness,0.4,683,88,0.12884333821376281,0.2562225475841874,0.18887262079062958,0.21815519765739386,0.36464088397790057,0.20937042459736457,0.055454361985610656,0.018219984394623218,-0.14364640883977903,1.6223813857781657,ok
density_only_top20,logistic_regression_l2,logistic_regression_l2,bad_side_vs_all_non_bad,False,higher_is_worse,all,0.05,3372,279,0.08274021352313167,0.35201660735468565,0.26334519572953735,0.3193950177935943,0.4883177570093458,0.1776393831553974,0.02178620954672278,0.0024585233822865954,-0.007009345794392496,1.2319732482513197,ok
density_only_top20,logistic_regression_l2,logistic_regression_l2,bad_side_vs_all_non_bad,False,higher_is_worse,all,0.1,3195,263,0.08231611893583725,0.3377151799687011,0.25039123630672927,0.3051643192488263,0.4696261682242991,0.17214397496087636,0.036087636932707334,0.002034428794992174,-0.025700934579439227,1.2256586260860185,ok
density_only_top20,logistic_regression_l2,logistic_regression_l2,bad_side_vs_all_non_bad,False,higher_is_worse,all,0.15,3017,247,0.08186940669539278,0.31720251905866753,0.2333443818362612,0.2853828306264501,0.4439252336448598,0.1687106397083195,0.0566002978427409,0.0015877165545477023,-0.05140186915887851,1.219007234864504,ok
density_only_top20,logistic_regression_l2,logistic_regression_l2,bad_side_vs_all_non_bad,False,higher_is_worse,all,0.2,2840,227,0.07992957746478874,0.303169014084507,0.22007042253521128,0.27147887323943665,0.411214953271028,0.1686619718309859,0.0706338028169014,-0.00035211267605633756,-0.08411214953271029,1.190123846527441,ok
density_only_top20,logistic_regression_l2,logistic_regression_l2,bad_side_vs_all_non_bad,False,higher_is_worse,all,0.3,2485,194,0.07806841046277666,0.28088531187122734,0.19879275653923542,0.25191146881287724,0.3691588785046729,0.16378269617706237,0.09291750503018109,-0.0022132796780684194,-0.12616822429906543,1.162411711649206,ok
density_only_top20,logistic_regression_l2,logistic_regression_l2,bad_side_vs_all_non_bad,False,higher_is_worse,all,0.4,2130,165,0.07746478873239436,0.2615023474178404,0.1835680751173709,0.231924882629108,0.32009345794392524,0.15774647887323945,0.11230046948356803,-0.0028169014084507144,-0.17523364485981308,1.153423992229238,ok
density_only_top20,logistic_regression_l2,logistic_regression_l2,bad_side_vs_all_non_bad,False,higher_is_worse,train,0.05,1727,146,0.08453966415749856,0.39490445859872614,0.3039953676896352,0.3595830920671685,0.49333333333333335,0.19629415170816444,0.018186850532186938,0.002581468337916601,-0.00888888888888889,1.1660013812287553,ok
density_only_top20,logistic_regression_l2,logistic_regression_l2,bad_side_vs_all_non_bad,False,higher_is_worse,train,0.1,1636,141,0.08618581907090464,0.38325183374083127,0.29584352078239606,0.3471882640586797,0.49333333333333335,0.19376528117359412,0.029839475390081804,0.004227623251322685,-0.00888888888888889,1.1887057404413977,ok
density_only_top20,logistic_regression_l2,logistic_regression_l2,bad_side_vs_all_non_bad,False,higher_is_worse,train,0.15,1545,131,0.08478964401294499,0.3663430420711974,0.2796116504854369,0.3307443365695793,0.4577777777777778,0.1928802588996764,0.04674826705971569,0.002831448193363034,-0.04444444444444445,1.169449193088841,ok
density_only_top20,logistic_regression_l2,logistic_regression_l2,bad_side_vs_all_non_bad,False,higher_is_worse,train,0.2,1454,123,0.08459422283356259,0.36176066024759285,0.2730398899587345,0.328060522696011,0.44,0.19257221458046767,0.05133064888332023,0.002636027013980635,-0.062222222222222234,1.1667538740649008,ok
density_only_top20,logistic_regression_l2,logistic_regression_l2,bad_side_vs_all_non_bad,False,higher_is_worse,train,0.3,1272,108,0.08490566037735849,0.3419811320754717,0.25471698113207547,0.31053459119496857,0.39111111111111113,0.19103773584905662,0.07111017705544137,0.00294746455777653,-0.1111111111111111,1.1710493324139661,ok
density_only_top20,logistic_regression_l2,logistic_regression_l2,bad_side_vs_all_non_bad,False,higher_is_worse,train,0.4,1090,89,0.081651376146789,0.3220183486238532,0.23761467889908258,0.2889908256880734,0.3466666666666667,0.1834862385321101,0.09107296050705987,-0.0003068196727929601,-0.15555555555555556,1.126165076655796,ok
density_only_top20,logistic_regression_l2,logistic_regression_l2,bad_side_vs_all_non_bad,False,higher_is_worse,validation,0.05,563,10,0.017761989342806393,0.35879218472468916,0.24156305506216696,0.33747779751332146,0.3181818181818182,0.05150976909413854,0.013889096894197872,0.0008985829347119591,0.0,0.8885125366599198,ok
density_only_top20,logistic_regression_l2,logistic_regression_l2,bad_side_vs_all_non_bad,False,higher_is_worse,validation,0.1,533,9,0.016885553470919325,0.34709193245778613,0.22889305816135083,0.32645403377110693,0.2727272727272727,0.04878048780487805,0.025589349161100894,2.214706282489126e-05,-0.04545454545454547,0.8446703608359876,ok
density_only_top20,logistic_regression_l2,logistic_regression_l2,bad_side_vs_all_non_bad,False,higher_is_worse,validation,0.15,504,9,0.017857142857142856,0.3353174603174603,0.22420634920634921,0.3134920634920635,0.2727272727272727,0.0496031746031746,0.037363821301426736,0.000993736449048422,-0.04545454545454547,0.8932724252491693,ok
density_only_top20,logistic_regression_l2,logistic_regression_l2,bad_side_vs_all_non_bad,False,higher_is_worse,validation,0.2,474,9,0.0189873417721519,0.33122362869198313,0.22362869198312235,0.31223628691983124,0.2727272727272727,0.05063291139240506,0.0414576529269039,0.002123935364057465,-0.04545454545454547,0.9498086546953194,ok
density_only_top20,logistic_regression_l2,logistic_regression_l2,bad_side_vs_all_non_bad,False,higher_is_worse,validation,0.3,415,6,0.014457831325301205,0.3156626506024096,0.20722891566265061,0.29397590361445786,0.2727272727272727,0.04096385542168675,0.05701863101647742,-0.002405575082793229,-0.04545454545454547,0.7232277949005324,ok
density_only_top20,logistic_regression_l2,logistic_regression_l2,bad_side_vs_all_non_bad,False,higher_is_worse,validation,0.4,355,5,0.014084507042253521,0.28732394366197184,0.18028169014084508,0.2647887323943662,0.22727272727272727,0.04788732394366197,0.08535733795691519,-0.0027788993658409127,-0.09090909090909091,0.7045528987880773,ok
density_only_top20,logistic_regression_l2,logistic_regression_l2,bad_side_vs_all_non_bad,False,higher_is_worse,robustness,0.05,1082,122,0.11275415896487985,0.28927911275415896,0.2134935304990758,0.2532347504621072,0.4972375690607735,0.2088724584103512,0.02239779681563908,0.0021308051457402527,-0.011049723756906105,1.419788180046961,ok
density_only_top20,logistic_regression_l2,logistic_regression_l2,bad_side_vs_all_non_bad,False,higher_is_worse,robustness,0.1,1025,112,0.10926829268292683,0.26926829268292685,0.19707317073170733,0.23219512195121952,0.4585635359116022,0.2029268292682927,0.0424086168868712,-0.001355061136212768,-0.04972375690607739,1.3758945286750173,ok
density_only_top20,logistic_regression_l2,logistic_regression_l2,bad_side_vs_all_non_bad,False,higher_is_worse,robustness,0.15,968,106,0.10950413223140495,0.25516528925619836,0.1859504132231405,0.2190082644628099,0.430939226519337,0.20144628099173553,0.056511620313599686,-0.0011192215877346423,-0.07734806629834257,1.3788641947732865,ok
density_only_top20,logistic_regression_l2,logistic_regression_l2,bad_side_vs_all_non_bad,False,higher_is_worse,robustness,0.2,911,99,0.10867178924259056,0.2414928649835346,0.17233809001097694,0.2052689352360044,0.40331491712707185,0.1964873765093304,0.07018404458626346,-0.0019515645765490336,-0.10497237569060774,1.3683834218411615,ok
density_only_top20,logistic_regression_l2,logistic_regression_l2,bad_side_vs_all_non_bad,False,higher_is_worse,robustness,0.3,797,85,0.10664993726474278,0.2107904642409034,0.1493099121706399,0.18318695106649938,0.34806629834254144,0.18569636135508155,0.10088644532889465,-0.003973416554396814,-0.16022099447513816,1.3429244803146945,ok
density_only_top20,logistic_regression_l2,logistic_regression_l2,bad_side_vs_all_non_bad,False,higher_is_worse,robustness,0.4,683,71,0.10395314787701318,0.18448023426061494,0.13177159590043924,0.1595900439238653,0.2983425414364641,0.1698389458272328,0.1271966753091831,-0.006670205942126417,-0.2099447513812155,1.3089667998892018,ok
density_only_top20,logistic_regression_l1,logistic_regression_l1,bad_side_vs_clean_winner,True,higher_is_worse,all,0.05,3372,280,0.0830367734282325,0.37040332147093713,0.27965599051008305,0.33629893238434166,0.49065420560747663,0.17793594306049823,0.0033994954304713,0.002755083287387425,-0.004672897196261683,1.2363889229762348,ok
density_only_top20,logistic_regression_l1,logistic_regression_l1,bad_side_vs_clean_winner,True,higher_is_worse,all,0.1,3195,272,0.08513302034428795,0.36619718309859156,0.27543035993740217,0.3314553990610329,0.48130841121495327,0.17902973395931143,0.007605633802816869,0.004851330203442875,-0.014018691588785048,1.2676013167125362,ok
density_only_top20,logistic_regression_l1,logistic_regression_l1,bad_side_vs_clean_winner,True,higher_is_worse,all,0.15,3017,263,0.08717268810076234,0.3606231355651309,0.269804441498177,0.3264832615180643,0.4719626168224299,0.18163738813390787,0.013179681336277504,0.006890997959917267,-0.023364485981308414,1.297971266272731,ok
density_only_top20,logistic_regression_l1,logistic_regression_l1,bad_side_vs_clean_winner,True,higher_is_worse,all,0.2,2840,254,0.08943661971830986,0.353169014084507,0.26161971830985914,0.31971830985915495,0.4602803738317757,0.17992957746478874,0.020633802816901414,0.00915492957746479,-0.03504672897196259,1.3316804273919385,ok
density_only_top20,logistic_regression_l1,logistic_regression_l1,bad_side_vs_clean_winner,True,higher_is_worse,all,0.3,2485,226,0.0909456740442656,0.3408450704225352,0.25030181086519115,0.30824949698189136,0.4135514018691589,0.179476861167002,0.03295774647887323,0.01066398390342052,-0.08177570093457942,1.3541497259418587,ok
density_only_top20,logistic_regression_l1,logistic_regression_l1,bad_side_vs_clean_winner,True,higher_is_worse,all,0.4,2130,203,0.09530516431924882,0.3333333333333333,0.24741784037558687,0.3,0.38317757009345793,0.1807511737089202,0.040469483568075115,0.015023474178403745,-0.11214953271028039,1.4190610328638502,ok
density_only_top20,logistic_regression_l1,logistic_regression_l1,bad_side_vs_clean_winner,True,higher_is_worse,train,0.05,1727,145,0.08396062536189924,0.4128546612623046,0.32194557035321364,0.37637521713954836,0.49333333333333335,0.19571511291256513,0.00023664786860849718,0.0020024295423172883,-0.00888888888888889,1.158015070398421,ok
density_only_top20,logistic_regression_l1,logistic_regression_l1,bad_side_vs_clean_winner,True,higher_is_worse,train,0.1,1636,138,0.0843520782396088,0.4089242053789731,0.31784841075794623,0.37286063569682154,0.48,0.1980440097799511,0.00416710375193996,0.0023938824200268466,-0.022222222222222254,1.1634141289426445,ok
density_only_top20,logistic_regression_l1,logistic_regression_l1,bad_side_vs_clean_winner,True,higher_is_worse,train,0.15,1545,134,0.08673139158576051,0.4045307443365696,0.31650485436893205,0.36828478964401296,0.4666666666666667,0.20064724919093851,0.008560564794343473,0.004773195766178559,-0.03555555555555556,1.196230472319883,ok
density_only_top20,logistic_regression_l1,logistic_regression_l1,bad_side_vs_clean_winner,True,higher_is_worse,train,0.2,1454,127,0.0873452544704264,0.4023383768913342,0.31292984869325996,0.3672627235213205,0.4444444444444444,0.19876203576341128,0.01075293223957885,0.005387058650844448,-0.05777777777777782,1.2046970894816453,ok
density_only_top20,logistic_regression_l1,logistic_regression_l1,bad_side_vs_clean_winner,True,higher_is_worse,train,0.3,1272,113,0.08883647798742138,0.38836477987421386,0.300314465408805,0.3522012578616352,0.40444444444444444,0.20047169811320756,0.024726529256699215,0.006878282167839422,-0.0977777777777778,1.225264579284983,ok
density_only_top20,logistic_regression_l1,logistic_regression_l1,bad_side_vs_clean_winner,True,higher_is_worse,train,0.4,1090,101,0.0926605504587156,0.38073394495412843,0.2908256880733945,0.3477064220183486,0.38222222222222224,0.19174311926605506,0.03235736417678464,0.010702354639133646,-0.12,1.2780075589015212,ok
density_only_top20,logistic_regression_l1,logistic_regression_l1,bad_side_vs_clean_winner,True,higher_is_worse,validation,0.05,563,10,0.017761989342806393,0.3765541740674956,0.25932504440497334,0.35701598579040855,0.3181818181818182,0.0497335701598579,-0.003872892448608556,0.0008985829347119591,0.0,0.8885125366599198,ok
density_only_top20,logistic_regression_l1,logistic_regression_l1,bad_side_vs_clean_winner,True,higher_is_worse,validation,0.1,533,10,0.01876172607879925,0.3808630393996248,0.2570356472795497,0.3602251407129456,0.3181818181818182,0.04878048780487805,-0.008181757780737764,0.001898319670704817,0.0,0.9385226231510974,ok
density_only_top20,logistic_regression_l1,logistic_regression_l1,bad_side_vs_clean_winner,True,higher_is_worse,validation,0.15,504,10,0.01984126984126984,0.38095238095238093,0.25396825396825395,0.35912698412698413,0.3181818181818182,0.0496031746031746,-0.008271099333493903,0.002977863433175406,0.0,0.9925249169435215,ok
density_only_top20,logistic_regression_l1,logistic_regression_l1,bad_side_vs_clean_winner,True,higher_is_worse,validation,0.2,474,10,0.02109704641350211,0.3755274261603376,0.24261603375527427,0.35232067510548526,0.3181818181818182,0.05063291139240506,-0.002846144541450546,0.004233640005407675,0.0,1.055342949661466,ok
density_only_top20,logistic_regression_l1,logistic_regression_l1,bad_side_vs_clean_winner,True,higher_is_worse,validation,0.3,415,9,0.021686746987951807,0.36626506024096384,0.23373493975903614,0.344578313253012,0.3181818181818182,0.05060240963855422,0.0064162213779231925,0.004823340579857373,0.0,1.0848416923507984,ok
density_only_top20,logistic_regression_l1,logistic_regression_l1,bad_side_vs_clean_winner,True,higher_is_worse,validation,0.4,355,8,0.022535211267605635,0.37183098591549296,0.24225352112676057,0.352112676056338,0.2727272727272727,0.05070422535211268,0.0008502957033940661,0.005671804859511201,-0.04545454545454547,1.1272846380609236,ok
density_only_top20,logistic_regression_l1,logistic_regression_l1,bad_side_vs_clean_winner,True,higher_is_worse,robustness,0.05,1082,125,0.11552680221811461,0.3022181146025878,0.22735674676524953,0.26524953789279115,0.5082872928176796,0.2144177449168207,0.009458794967210249,0.0049034483989750105,0.0,1.4547010041464765,ok
density_only_top20,logistic_regression_l1,logistic_regression_l1,bad_side_vs_clean_winner,True,higher_is_worse,robustness,0.1,1025,117,0.11414634146341464,0.2926829268292683,0.21951219512195122,0.2546341463414634,0.49171270718232046,0.2126829268292683,0.01899398274052977,0.0035229876442750413,-0.01657458563535913,1.437318391562295,ok
density_only_top20,logistic_regression_l1,logistic_regression_l1,bad_side_vs_clean_winner,True,higher_is_worse,robustness,0.15,968,112,0.11570247933884298,0.2882231404958678,0.21487603305785125,0.25,0.4696132596685083,0.21074380165289255,0.023453769073930264,0.005079125519703381,-0.03867403314917128,1.456913111458567,ok
density_only_top20,logistic_regression_l1,logistic_regression_l1,bad_side_vs_clean_winner,True,higher_is_worse,robustness,0.2,911,107,0.11745334796926454,0.283205268935236,0.21075740944017562,0.24698133918770582,0.44751381215469616,0.20965971459934138,0.028471640634562034,0.006829994150124946,-0.06077348066298344,1.4789598599697402,ok
density_only_top20,logistic_regression_l1,logistic_regression_l1,bad_side_vs_clean_winner,True,higher_is_worse,robustness,0.3,797,96,0.12045169385194479,0.2797992471769134,0.2107904642409034,0.24090338770388958,0.4088397790055249,0.2107904642409034,0.03187766239288464,0.009828340032805194,-0.09944751381215472,1.516714707178949,ok
density_only_top20,logistic_regression_l1,logistic_regression_l1,bad_side_vs_clean_winner,True,higher_is_worse,robustness,0.4,683,85,0.12445095168374817,0.26061493411420206,0.19472913616398244,0.2240117130307467,0.36464088397790057,0.20644216691068815,0.05106197545559599,0.013827597864608576,-0.14364640883977903,1.5670729294448191,ok
density_only_top20,logistic_regression_l1,logistic_regression_l1,bad_side_vs_all_non_bad,False,higher_is_worse,all,0.05,3372,279,0.08274021352313167,0.3502372479240807,0.26215895610913403,0.31761565836298933,0.4883177570093458,0.17882562277580072,0.023565568977327755,0.0024585233822865954,-0.007009345794392496,1.2319732482513197,ok
density_only_top20,logistic_regression_l1,logistic_regression_l1,bad_side_vs_all_non_bad,False,higher_is_worse,all,0.1,3195,264,0.08262910798122065,0.3358372456964006,0.24913928012519562,0.3032863849765258,0.4742990654205608,0.17339593114241,0.03796557120500782,0.002347417840375579,-0.021028037383177545,1.2303189250445206,ok
density_only_top20,logistic_regression_l1,logistic_regression_l1,bad_side_vs_all_non_bad,False,higher_is_worse,all,0.15,3017,242,0.08021213125621478,0.3191912495856811,0.23400729201193238,0.28704010606562813,0.441588785046729,0.17036791514749752,0.054611567315727305,-6.955888463029691e-05,-0.053738317757009324,1.1943309750494329,ok
density_only_top20,logistic_regression_l1,logistic_regression_l1,bad_side_vs_all_non_bad,False,higher_is_worse,all,0.2,2840,231,0.08133802816901409,0.30422535211267604,0.22077464788732395,0.27253521126760566,0.4252336448598131,0.16830985915492958,0.06957746478873239,0.0010563380281690127,-0.07009345794392524,1.2110951918407,ok
density_only_top20,logistic_regression_l1,logistic_regression_l1,bad_side_vs_all_non_bad,False,higher_is_worse,all,0.3,2485,193,0.07766599597585513,0.2812877263581489,0.19879275653923542,0.25030181086519115,0.3644859813084112,0.16539235412474848,0.09251509054325951,-0.00261569416498994,-0.13084112149532712,1.1564198987025607,ok
density_only_top20,logistic_regression_l1,logistic_regression_l1,bad_side_vs_all_non_bad,False,higher_is_worse,all,0.4,2130,165,0.07746478873239436,0.26291079812206575,0.18403755868544602,0.23380281690140844,0.3177570093457944,0.15868544600938966,0.11089201877934268,-0.0028169014084507144,-0.17757009345794394,1.153423992229238,ok
density_only_top20,logistic_regression_l1,logistic_regression_l1,bad_side_vs_all_non_bad,False,higher_is_worse,train,0.05,1727,147,0.08511870295309786,0.3925883034163289,0.3057324840764331,0.3572669368847713,0.49777777777777776,0.19861030689056167,0.020503005714584188,0.0031605071335158996,-0.004444444444444473,1.173987692059089,ok
density_only_top20,logistic_regression_l1,logistic_regression_l1,bad_side_vs_all_non_bad,False,higher_is_worse,train,0.1,1636,142,0.08679706601466992,0.3808068459657702,0.2940097799511002,0.34474327628361856,0.49333333333333335,0.19926650366748166,0.032284463165142885,0.004838870195087969,-0.00888888888888889,1.1971362776076486,ok
density_only_top20,logistic_regression_l1,logistic_regression_l1,bad_side_vs_all_non_bad,False,higher_is_worse,train,0.15,1545,134,0.08673139158576051,0.36699029126213595,0.2802588996763754,0.3320388349514563,0.47555555555555556,0.1948220064724919,0.04610101786877713,0.004773195766178559,-0.026666666666666672,1.196230472319883,ok
density_only_top20,logistic_regression_l1,logistic_regression_l1,bad_side_vs_all_non_bad,False,higher_is_worse,train,0.2,1454,123,0.08459422283356259,0.3631361760660248,0.2764786795048143,0.32737276478679506,0.44,0.19463548830811556,0.0499551330648883,0.002636027013980635,-0.062222222222222234,1.1667538740649008,ok
density_only_top20,logistic_regression_l1,logistic_regression_l1,bad_side_vs_all_non_bad,False,higher_is_worse,train,0.3,1272,103,0.0809748427672956,0.33490566037735847,0.25,0.3018867924528302,0.39555555555555555,0.19103773584905662,0.0781856487535546,-0.000983353052286362,-0.10666666666666669,1.1168340855429493,ok
density_only_top20,logistic_regression_l1,logistic_regression_l1,bad_side_vs_all_non_bad,False,higher_is_worse,train,0.4,1090,82,0.07522935779816514,0.3137614678899083,0.23119266055045873,0.2834862385321101,0.3288888888888889,0.18623853211009175,0.0993298412410048,-0.006728838021416814,-0.17333333333333334,1.0375902953457896,ok
density_only_top20,logistic_regression_l1,logistic_regression_l1,bad_side_vs_all_non_bad,False,higher_is_worse,validation,0.05,563,10,0.017761989342806393,0.35879218472468916,0.24156305506216696,0.33747779751332146,0.3181818181818182,0.05150976909413854,0.013889096894197872,0.0008985829347119591,0.0,0.8885125366599198,ok
density_only_top20,logistic_regression_l1,logistic_regression_l1,bad_side_vs_all_non_bad,False,higher_is_worse,validation,0.1,533,10,0.01876172607879925,0.34896810506566606,0.23639774859287055,0.32645403377110693,0.3181818181818182,0.05065666041275797,0.02371317655322097,0.001898319670704817,0.0,0.9385226231510974,ok
density_only_top20,logistic_regression_l1,logistic_regression_l1,bad_side_vs_all_non_bad,False,higher_is_worse,validation,0.15,504,8,0.015873015873015872,0.34325396825396826,0.22817460317460317,0.32142857142857145,0.2727272727272727,0.0496031746031746,0.029427313364918772,-0.000990390535078562,-0.04545454545454547,0.7940199335548171,ok
density_only_top20,logistic_regression_l1,logistic_regression_l1,bad_side_vs_all_non_bad,False,higher_is_worse,validation,0.2,474,8,0.016877637130801686,0.339662447257384,0.2320675105485232,0.31856540084388185,0.2727272727272727,0.046413502109704644,0.03301883436150305,1.4230722707252175e-05,-0.04545454545454547,0.8442743597291726,ok
density_only_top20,logistic_regression_l1,logistic_regression_l1,bad_side_vs_all_non_bad,False,higher_is_worse,validation,0.3,415,7,0.016867469879518072,0.3132530120481928,0.20963855421686747,0.29397590361445786,0.2727272727272727,0.04578313253012048,0.05942826957069425,4.063471423638304e-06,-0.04545454545454547,0.8437657607172877,ok
density_only_top20,logistic_regression_l1,logistic_regression_l1,bad_side_vs_all_non_bad,False,higher_is_worse,validation,0.4,355,6,0.016901408450704224,0.29295774647887324,0.18309859154929578,0.27323943661971833,0.2727272727272727,0.04225352112676056,0.07972353514001379,3.800204260978948e-05,-0.04545454545454547,0.8454634785456926,ok
density_only_top20,logistic_regression_l1,logistic_regression_l1,bad_side_vs_all_non_bad,False,higher_is_worse,robustness,0.05,1082,122,0.11275415896487985,0.28835489833641403,0.2134935304990758,0.25231053604436227,0.4972375690607735,0.2097966728280961,0.02332201123338401,0.0021308051457402527,-0.011049723756906105,1.419788180046961,ok
density_only_top20,logistic_regression_l1,logistic_regression_l1,bad_side_vs_all_non_bad,False,higher_is_worse,robustness,0.1,1025,114,0.11121951219512195,0.2702439024390244,0.1980487804878049,0.23317073170731709,0.4696132596685083,0.2029268292682927,0.041433007130773636,0.0005961583759823558,-0.03867403314917128,1.4004640738299283,ok
density_only_top20,logistic_regression_l1,logistic_regression_l1,bad_side_vs_all_non_bad,False,higher_is_worse,robustness,0.15,968,105,0.10847107438016529,0.256198347107438,0.18491735537190082,0.2190082644628099,0.4198895027624309,0.20351239669421486,0.05547856246236005,-0.0021522794389743083,-0.08839779005524867,1.3658560419924064,ok
density_only_top20,logistic_regression_l1,logistic_regression_l1,bad_side_vs_all_non_bad,False,higher_is_worse,robustness,0.2,911,98,0.10757409440175632,0.24039517014270034,0.17233809001097694,0.20636663007683864,0.39779005524861877,0.1964873765093304,0.0712817394270977,-0.0030492594173832793,-0.11049723756906082,1.3545613670750891,ok
density_only_top20,logistic_regression_l1,logistic_regression_l1,bad_side_vs_all_non_bad,False,higher_is_worse,robustness,0.3,797,87,0.10915934755332497,0.2095357590966123,0.14429109159347553,0.178168130489335,0.35359116022099446,0.18569636135508155,0.10214115047318575,-0.0014640062658146241,-0.15469613259668513,1.3745227033809226,ok
density_only_top20,logistic_regression_l1,logistic_regression_l1,bad_side_vs_all_non_bad,False,higher_is_worse,robustness,0.4,683,74,0.10834553440702782,0.18301610541727673,0.13030746705710103,0.1595900439238653,0.30386740331491713,0.17130307467057102,0.12866080415252132,-0.0022778194121117756,-0.20441988950276246,1.3642752562225484,ok
density_only_top20,shallow_decision_tree_max_depth_3,shallow_decision_tree_max_depth_3,bad_side_vs_clean_winner,True,higher_is_worse,all,0.05,3372,270,0.0800711743772242,0.3733689205219454,0.28173190984578883,0.34104389086595494,0.47897196261682246,0.17734282325029657,0.00043389637946300574,-0.00021051576362086932,-0.016355140186915862,1.1922321757270837,ok
density_only_top20,shallow_decision_tree_max_depth_3,shallow_decision_tree_max_depth_3,bad_side_vs_clean_winner,True,higher_is_worse,all,0.1,3195,258,0.08075117370892018,0.37151799687010956,0.28043818466353676,0.339906103286385,0.4602803738317757,0.17777777777777778,0.002284820031298873,0.0004694835680751075,-0.03504672897196259,1.2023571312935086,ok
density_only_top20,shallow_decision_tree_max_depth_3,shallow_decision_tree_max_depth_3,bad_side_vs_clean_winner,True,higher_is_worse,all,0.15,3017,241,0.07988067616837918,0.3722240636393769,0.28140536957242296,0.34007292011932383,0.4369158878504673,0.17765992707988068,0.0015787532620315514,-0.0004010139724658912,-0.05841121495327101,1.1893957230864187,ok
density_only_top20,shallow_decision_tree_max_depth_3,shallow_decision_tree_max_depth_3,bad_side_vs_clean_winner,True,higher_is_worse,all,0.2,2840,232,0.08169014084507042,0.3686619718309859,0.2785211267605634,0.33661971830985915,0.4205607476635514,0.1795774647887324,0.005140845070422506,0.0014084507042253502,-0.07476635514018692,1.2163380281690146,ok
density_only_top20,shallow_decision_tree_max_depth_3,shallow_decision_tree_max_depth_3,bad_side_vs_clean_winner,True,higher_is_worse,all,0.3,2485,207,0.08329979879275654,0.3561368209255533,0.2635814889336016,0.32474849094567404,0.3808411214953271,0.18148893360160967,0.01766599597585511,0.003018108651911461,-0.1144859813084112,1.240305279955596,ok
density_only_top20,shallow_decision_tree_max_depth_3,shallow_decision_tree_max_depth_3,bad_side_vs_clean_winner,True,higher_is_worse,all,0.4,2130,183,0.08591549295774648,0.32300469483568073,0.23943661971830985,0.2953051643192488,0.34345794392523366,0.17370892018779344,0.0507981220657277,0.005633802816901401,-0.15186915887850466,1.2792520641087912,ok
density_only_top20,shallow_decision_tree_max_depth_3,shallow_decision_tree_max_depth_3,bad_side_vs_clean_winner,True,higher_is_worse,train,0.05,1727,141,0.08164447017950202,0.4140127388535032,0.32020845396641573,0.3798494499131442,0.4888888888888889,0.19918934568616098,-0.000921429722590128,-0.0003137256400799343,-0.013333333333333364,1.1260698270770855,ok
density_only_top20,shallow_decision_tree_max_depth_3,shallow_decision_tree_max_depth_3,bad_side_vs_clean_winner,True,higher_is_worse,train,0.1,1636,134,0.08190709046454768,0.4083129584352078,0.3147921760391198,0.3746943765281174,0.4666666666666667,0.19743276283618583,0.004778350695705258,-5.110535503427549e-05,-0.03555555555555556,1.1296919802776404,ok
density_only_top20,shallow_decision_tree_max_depth_3,shallow_decision_tree_max_depth_3,bad_side_vs_clean_winner,True,higher_is_worse,train,0.15,1545,121,0.07831715210355987,0.4071197411003236,0.3132686084142395,0.37346278317152104,0.4266666666666667,0.19223300970873786,0.005971568030589458,-0.0036410437160220854,-0.07555555555555554,1.0801782623187006,ok
density_only_top20,shallow_decision_tree_max_depth_3,shallow_decision_tree_max_depth_3,bad_side_vs_clean_winner,True,higher_is_worse,train,0.2,1454,114,0.07840440165061899,0.40852819807427787,0.3170563961485557,0.3734525447042641,0.4088888888888889,0.19119669876203577,0.004563111056635205,-0.0035537941689629676,-0.09333333333333332,1.0813816393772253,ok
density_only_top20,shallow_decision_tree_max_depth_3,shallow_decision_tree_max_depth_3,bad_side_vs_clean_winner,True,higher_is_worse,train,0.3,1272,96,0.07547169811320754,0.404874213836478,0.3168238993710692,0.3671383647798742,0.36,0.1871069182389937,0.008217095294435095,-0.006486497706374411,-0.14222222222222225,1.0409327399235255,ok
density_only_top20,shallow_decision_tree_max_depth_3,shallow_decision_tree_max_depth_3,bad_side_vs_clean_winner,True,higher_is_worse,train,0.4,1090,84,0.07706422018348624,0.40091743119266054,0.3137614678899083,0.363302752293578,0.32,0.1908256880733945,0.01217387793825253,-0.004893975636095713,-0.18222222222222223,1.062897375720077,ok
density_only_top20,shallow_decision_tree_max_depth_3,shallow_decision_tree_max_depth_3,bad_side_vs_clean_winner,True,higher_is_worse,validation,0.05,563,10,0.017761989342806393,0.37300177619893427,0.2539964476021314,0.35346358792184723,0.3181818181818182,0.055062166962699825,-0.00032049458004723697,0.0008985829347119591,0.0,0.8885125366599198,ok
density_only_top20,shallow_decision_tree_max_depth_3,shallow_decision_tree_max_depth_3,bad_side_vs_clean_winner,True,higher_is_worse,validation,0.1,533,9,0.016885553470919325,0.3789868667917448,0.25328330206378985,0.35834896810506567,0.3181818181818182,0.05065666041275797,-0.006305585172857786,2.214706282489126e-05,0.0,0.8446703608359876,ok
density_only_top20,shallow_decision_tree_max_depth_3,shallow_decision_tree_max_depth_3,bad_side_vs_clean_winner,True,higher_is_worse,validation,0.15,504,9,0.017857142857142856,0.373015873015873,0.25,0.35119047619047616,0.3181818181818182,0.051587301587301584,-0.0003345913969859948,0.000993736449048422,0.0,0.8932724252491693,ok
density_only_top20,shallow_decision_tree_max_depth_3,shallow_decision_tree_max_depth_3,bad_side_vs_clean_winner,True,higher_is_worse,validation,0.2,474,9,0.0189873417721519,0.3649789029535865,0.2468354430379747,0.34177215189873417,0.3181818181818182,0.04852320675105485,0.007702378665300547,0.002123935364057465,0.0,0.9498086546953194,ok
density_only_top20,shallow_decision_tree_max_depth_3,shallow_decision_tree_max_depth_3,bad_side_vs_clean_winner,True,higher_is_worse,validation,0.3,415,9,0.021686746987951807,0.3493975903614458,0.2289156626506024,0.3301204819277108,0.3181818181818182,0.05060240963855422,0.02328369125744123,0.004823340579857373,0.0,1.0848416923507984,ok
density_only_top20,shallow_decision_tree_max_depth_3,shallow_decision_tree_max_depth_3,bad_side_vs_clean_winner,True,higher_is_worse,validation,0.4,355,9,0.02535211267605634,0.30422535211267604,0.19154929577464788,0.28169014084507044,0.3181818181818182,0.05352112676056338,0.06845592950621099,0.008488706267961905,0.0,1.2681952178185392,ok
density_only_top20,shallow_decision_tree_max_depth_3,shallow_decision_tree_max_depth_3,bad_side_vs_clean_winner,True,higher_is_worse,robustness,0.05,1082,120,0.11090573012939002,0.3142329020332717,0.23752310536044363,0.27634011090573013,0.4972375690607735,0.21072088724584104,-0.0025559924634736553,0.0002823763102504234,-0.011049723756906105,1.3965129639806173,ok
density_only_top20,shallow_decision_tree_max_depth_3,shallow_decision_tree_max_depth_3,bad_side_vs_clean_winner,True,higher_is_worse,robustness,0.1,1025,114,0.11121951219512195,0.30829268292682926,0.23609756097560974,0.27219512195121953,0.47513812154696133,0.20878048780487804,0.0033842266429687795,0.0005961583759823558,-0.03314917127071826,1.4004640738299283,ok
density_only_top20,shallow_decision_tree_max_depth_3,shallow_decision_tree_max_depth_3,bad_side_vs_clean_winner,True,higher_is_worse,robustness,0.15,968,109,0.11260330578512397,0.3130165289256198,0.2396694214876033,0.27582644628099173,0.4530386740331492,0.20867768595041322,-0.001339619355821775,0.0019799519659843695,-0.05524861878453041,1.4178886531159267,ok
density_only_top20,shallow_decision_tree_max_depth_3,shallow_decision_tree_max_depth_3,bad_side_vs_clean_winner,True,higher_is_worse,robustness,0.2,911,103,0.11306256860592755,0.3029637760702525,0.2305159165751921,0.265642151481888,0.430939226519337,0.20636663007683864,0.008713133499545556,0.0024392147867879493,-0.07734806629834257,1.4236716409054506,ok
density_only_top20,shallow_decision_tree_max_depth_3,shallow_decision_tree_max_depth_3,bad_side_vs_clean_winner,True,higher_is_worse,robustness,0.3,797,88,0.11041405269761606,0.2848180677540778,0.21329987452948557,0.24968632371392724,0.39226519337016574,0.20451693851944794,0.026858841815720236,-0.0002093011215235363,-0.11602209944751385,1.3903218149140366,ok
density_only_top20,shallow_decision_tree_max_depth_3,shallow_decision_tree_max_depth_3,bad_side_vs_clean_winner,True,higher_is_worse,robustness,0.4,683,78,0.11420204978038068,0.2591508052708638,0.19472913616398244,0.2240117130307467,0.3425414364640884,0.2020497803806735,0.05252610429893423,0.0035786959612410796,-0.16574585635359118,1.4380198646670106,ok
density_only_top20,shallow_decision_tree_max_depth_3,shallow_decision_tree_max_depth_3,bad_side_vs_all_non_bad,False,higher_is_worse,all,0.05,3372,282,0.08362989323843416,0.3564650059311981,0.26720047449584816,0.32295373665480426,0.49065420560747663,0.17941874258600238,0.01733781097021031,0.0033482030975890836,-0.004672897196261683,1.245220272426065,ok
density_only_top20,shallow_decision_tree_max_depth_3,shallow_decision_tree_max_depth_3,bad_side_vs_all_non_bad,False,higher_is_worse,all,0.1,3195,261,0.08169014084507042,0.3436619718309859,0.2541471048513302,0.3126760563380282,0.4672897196261682,0.17621283255086073,0.03014084507042253,0.0014084507042253502,-0.028037383177570097,1.2163380281690146,ok
density_only_top20,shallow_decision_tree_max_depth_3,shallow_decision_tree_max_depth_3,bad_side_vs_all_non_bad,False,higher_is_worse,all,0.15,3017,231,0.0765661252900232,0.3264832615180643,0.23897911832946636,0.29731521378853165,0.4252336448598131,0.1716937354988399,0.04731955538334415,-0.003715564850821876,-0.07009345794392524,1.1400432034562769,ok
density_only_top20,shallow_decision_tree_max_depth_3,shallow_decision_tree_max_depth_3,bad_side_vs_all_non_bad,False,higher_is_worse,all,0.2,2840,216,0.07605633802816901,0.3112676056338028,0.22570422535211268,0.28274647887323945,0.40420560747663553,0.1637323943661972,0.06253521126760564,-0.004225352112676065,-0.09112149532710279,1.132452646915979,ok
density_only_top20,shallow_decision_tree_max_depth_3,shallow_decision_tree_max_depth_3,bad_side_vs_all_non_bad,False,higher_is_worse,all,0.3,2485,194,0.07806841046277666,0.2812877263581489,0.20080482897384305,0.25553319919517103,0.3644859813084112,0.1585513078470825,0.09251509054325951,-0.0022132796780684194,-0.13084112149532712,1.162411711649206,ok
density_only_top20,shallow_decision_tree_max_depth_3,shallow_decision_tree_max_depth_3,bad_side_vs_all_non_bad,False,higher_is_worse,all,0.4,2130,154,0.07230046948356808,0.2615023474178404,0.18450704225352113,0.2380281690140845,0.29205607476635514,0.1544600938967136,0.11230046948356803,-0.007981220657276994,-0.20327102803738317,1.0765290594139556,ok
density_only_top20,shallow_decision_tree_max_depth_3,shallow_decision_tree_max_depth_3,bad_side_vs_all_non_bad,False,higher_is_worse,train,0.05,1727,141,0.08164447017950202,0.4012738853503185,0.30804863925883036,0.36595251881876084,0.48,0.19166184134337,0.011817423780594583,-0.0003137256400799343,-0.022222222222222254,1.1260698270770855,ok
density_only_top20,shallow_decision_tree_max_depth_3,shallow_decision_tree_max_depth_3,bad_side_vs_all_non_bad,False,higher_is_worse,train,0.1,1636,129,0.07885085574572127,0.3899755501222494,0.2988997555012225,0.3569682151589242,0.44,0.18704156479217604,0.023115759008663694,-0.0031073400738606816,-0.062222222222222234,1.087539294446385,ok
density_only_top20,shallow_decision_tree_max_depth_3,shallow_decision_tree_max_depth_3,bad_side_vs_all_non_bad,False,higher_is_worse,train,0.15,1545,117,0.07572815533980583,0.3844660194174757,0.29385113268608415,0.35210355987055014,0.40444444444444444,0.19029126213592232,0.028625289713437363,-0.006230040479776128,-0.0977777777777778,1.0444698900106444,ok
density_only_top20,shallow_decision_tree_max_depth_3,shallow_decision_tree_max_depth_3,bad_side_vs_all_non_bad,False,higher_is_worse,train,0.2,1454,111,0.07634112792297111,0.3796423658872077,0.2867950481430536,0.3486932599724897,0.39111111111111113,0.18775790921595598,0.0334489432437054,-0.0056170678966108445,-0.1111111111111111,1.0529242278146664,ok
density_only_top20,shallow_decision_tree_max_depth_3,shallow_decision_tree_max_depth_3,bad_side_vs_all_non_bad,False,higher_is_worse,train,0.3,1272,96,0.07547169811320754,0.3694968553459119,0.2751572327044025,0.33726415094339623,0.3422222222222222,0.19339622641509435,0.04359445378500115,-0.006486497706374411,-0.16000000000000003,1.0409327399235255,ok
density_only_top20,shallow_decision_tree_max_depth_3,shallow_decision_tree_max_depth_3,bad_side_vs_all_non_bad,False,higher_is_worse,train,0.4,1090,85,0.0779816513761468,0.3495412844036697,0.25871559633027524,0.3155963302752294,0.3022222222222222,0.19357798165137616,0.06355002472724336,-0.003976544443435162,-0.2,1.0755509159072207,ok
density_only_top20,shallow_decision_tree_max_depth_3,shallow_decision_tree_max_depth_3,bad_side_vs_all_non_bad,False,higher_is_worse,validation,0.05,563,9,0.015985790408525755,0.3641207815275311,0.24866785079928952,0.3428063943161634,0.2727272727272727,0.05328596802841918,0.00856050009135595,-0.0008776159995686796,-0.04545454545454547,0.7996612829939278,ok
density_only_top20,shallow_decision_tree_max_depth_3,shallow_decision_tree_max_depth_3,bad_side_vs_all_non_bad,False,higher_is_worse,validation,0.1,533,9,0.016885553470919325,0.3452157598499062,0.2270168855534709,0.32645403377110693,0.2727272727272727,0.0525328330206379,0.027465521768980816,2.214706282489126e-05,-0.04545454545454547,0.8446703608359876,ok
density_only_top20,shallow_decision_tree_max_depth_3,shallow_decision_tree_max_depth_3,bad_side_vs_all_non_bad,False,higher_is_worse,validation,0.15,504,9,0.017857142857142856,0.33134920634920634,0.21626984126984128,0.3115079365079365,0.2727272727272727,0.051587301587301584,0.04133207526968069,0.000993736449048422,-0.04545454545454547,0.8932724252491693,ok
density_only_top20,shallow_decision_tree_max_depth_3,shallow_decision_tree_max_depth_3,bad_side_vs_all_non_bad,False,higher_is_worse,validation,0.2,474,7,0.014767932489451477,0.3206751054852321,0.20042194092827004,0.29957805907172996,0.22727272727272727,0.05485232067510549,0.052006176133654936,-0.0020954739186429573,-0.09090909090909091,0.7387400647630261,ok
density_only_top20,shallow_decision_tree_max_depth_3,shallow_decision_tree_max_depth_3,bad_side_vs_all_non_bad,False,higher_is_worse,validation,0.3,415,6,0.014457831325301205,0.29156626506024097,0.17349397590361446,0.27228915662650605,0.22727272727272727,0.05301204819277108,0.08111501655864606,-0.002405575082793229,-0.09090909090909091,0.7232277949005324,ok
density_only_top20,shallow_decision_tree_max_depth_3,shallow_decision_tree_max_depth_3,bad_side_vs_all_non_bad,False,higher_is_worse,validation,0.4,355,5,0.014084507042253521,0.29014084507042254,0.16338028169014085,0.2704225352112676,0.18181818181818182,0.04788732394366197,0.08254043654846449,-0.0027788993658409127,-0.13636363636363635,0.7045528987880773,ok
density_only_top20,shallow_decision_tree_max_depth_3,shallow_decision_tree_max_depth_3,bad_side_vs_all_non_bad,False,higher_is_worse,robustness,0.05,1082,120,0.11090573012939002,0.29390018484288355,0.21903881700554528,0.26247689463955637,0.4972375690607735,0.2097966728280961,0.017776724726914495,0.0002823763102504234,-0.011049723756906105,1.3965129639806173,ok
density_only_top20,shallow_decision_tree_max_depth_3,shallow_decision_tree_max_depth_3,bad_side_vs_all_non_bad,False,higher_is_worse,robustness,0.1,1025,112,0.10926829268292683,0.27219512195121953,0.20390243902439023,0.24195121951219511,0.46408839779005523,0.2029268292682927,0.03948178761857851,-0.001355061136212768,-0.04419889502762436,1.3758945286750173,ok
density_only_top20,shallow_decision_tree_max_depth_3,shallow_decision_tree_max_depth_3,bad_side_vs_all_non_bad,False,higher_is_worse,robustness,0.15,968,104,0.10743801652892562,0.25413223140495866,0.1890495867768595,0.2231404958677686,0.43646408839779005,0.18698347107438015,0.05754467816483938,-0.0031853372902139743,-0.07182320441988954,1.3528478892115265,ok
density_only_top20,shallow_decision_tree_max_depth_3,shallow_decision_tree_max_depth_3,bad_side_vs_all_non_bad,False,higher_is_worse,robustness,0.2,911,101,0.11086717892425905,0.24039517014270034,0.1756311745334797,0.20856201975850713,0.4198895027624309,0.18111964873765093,0.0712817394270977,0.00024382510511945787,-0.08839779005524867,1.3960275313733062,ok
density_only_top20,shallow_decision_tree_max_depth_3,shallow_decision_tree_max_depth_3,bad_side_vs_all_non_bad,False,higher_is_worse,robustness,0.3,797,84,0.1053952321204517,0.2107904642409034,0.15683814303638646,0.18318695106649938,0.34806629834254144,0.17440401505646172,0.10088644532889465,-0.0052281216986879014,-0.16022099447513816,1.3271253687815805,ok
density_only_top20,shallow_decision_tree_max_depth_3,shallow_decision_tree_max_depth_3,bad_side_vs_all_non_bad,False,higher_is_worse,robustness,0.4,683,72,0.1054172767203514,0.19765739385065886,0.1478770131771596,0.1698389458272328,0.292817679558011,0.17569546120058566,0.11401951571913918,-0.005206077098788203,-0.21546961325966857,1.3274029520003174,ok
density_only_top20,scorecard_quantile_binning,scorecard_quantile_binning,bad_side_vs_clean_winner,True,higher_is_worse,all,0.05,3372,281,0.08333333333333333,0.35794780545670224,0.267497034400949,0.3250296559905101,0.4883177570093458,0.17319098457888493,0.01585501144470619,0.0030516431924882542,-0.007009345794392496,1.24080459770115,ok
density_only_top20,scorecard_quantile_binning,scorecard_quantile_binning,bad_side_vs_clean_winner,True,higher_is_worse,all,0.1,3195,270,0.08450704225352113,0.3486697965571205,0.25727699530516435,0.3154929577464789,0.47897196261682246,0.1699530516431925,0.025133020344287937,0.004225352112676051,-0.016355140186915862,1.2582807187955323,ok
density_only_top20,scorecard_quantile_binning,scorecard_quantile_binning,bad_side_vs_clean_winner,True,higher_is_worse,all,0.15,3017,260,0.08617832283725556,0.3334438183626119,0.24096784885647995,0.3022870401060656,0.4649532710280374,0.17003646005966191,0.04035899853879654,0.005896632696410484,-0.03037383177570091,1.2831655103836885,ok
density_only_top20,scorecard_quantile_binning,scorecard_quantile_binning,bad_side_vs_clean_winner,True,higher_is_worse,all,0.2,2840,241,0.08485915492957746,0.32535211267605635,0.23661971830985915,0.2926056338028169,0.4369158878504673,0.16690140845070423,0.04845070422535208,0.004577464788732388,-0.05841121495327101,1.263523555123847,ok
density_only_top20,scorecard_quantile_binning,scorecard_quantile_binning,bad_side_vs_clean_winner,True,higher_is_worse,all,0.3,2485,219,0.0881287726358149,0.310261569416499,0.22374245472837023,0.2784708249496982,0.40186915887850466,0.16217303822937626,0.06354124748490941,0.00784708249496982,-0.09345794392523366,1.312207035315341,ok
density_only_top20,scorecard_quantile_binning,scorecard_quantile_binning,bad_side_vs_clean_winner,True,higher_is_worse,all,0.4,2130,187,0.08779342723004695,0.2981220657276995,0.21267605633802816,0.2671361502347418,0.34345794392523366,0.16338028169014085,0.07568075117370893,0.0075117370892018726,-0.15186915887850466,1.307213857859803,ok
density_only_top20,scorecard_quantile_binning,scorecard_quantile_binning,bad_side_vs_clean_winner,True,higher_is_worse,train,0.05,1727,142,0.08222350897510133,0.40069484655471915,0.30920671685002893,0.36595251881876084,0.48444444444444446,0.19397799652576722,0.012396462576193923,0.0002653131555193783,-0.01777777777777778,1.1340561379074194,ok
density_only_top20,scorecard_quantile_binning,scorecard_quantile_binning,bad_side_vs_clean_winner,True,higher_is_worse,train,0.1,1636,130,0.07946210268948656,0.3905867970660147,0.2995110024449878,0.35513447432762835,0.4533333333333333,0.19009779951100245,0.022504512064898397,-0.0024960931300953976,-0.048888888888888926,1.0959698316126363,ok
density_only_top20,scorecard_quantile_binning,scorecard_quantile_binning,bad_side_vs_clean_winner,True,higher_is_worse,train,0.15,1545,123,0.07961165048543689,0.3857605177993528,0.29514563106796116,0.35080906148867314,0.43555555555555553,0.1883495145631068,0.0273307913315603,-0.0023465453341450643,-0.06666666666666671,1.0980324484727286,ok
density_only_top20,scorecard_quantile_binning,scorecard_quantile_binning,bad_side_vs_clean_winner,True,higher_is_worse,train,0.2,1454,121,0.08321870701513068,0.38033012379642367,0.2902338376891334,0.3452544704264099,0.4266666666666667,0.18638239339752408,0.03276118533448941,0.001260511195548722,-0.07555555555555554,1.1477822663565285,ok
density_only_top20,scorecard_quantile_binning,scorecard_quantile_binning,bad_side_vs_clean_winner,True,higher_is_worse,train,0.3,1272,105,0.08254716981132075,0.37735849056603776,0.28459119496855345,0.3419811320754717,0.3688888888888889,0.1761006289308176,0.03573281856487531,0.0005889739917387948,-0.13333333333333336,1.138520184291356,ok
density_only_top20,scorecard_quantile_binning,scorecard_quantile_binning,bad_side_vs_clean_winner,True,higher_is_worse,train,0.4,1090,81,0.07431192660550459,0.3724770642201835,0.2798165137614679,0.3376146788990826,0.30666666666666664,0.17706422018348625,0.04061424491072957,-0.007646269214077364,-0.1955555555555556,1.0249367551586457,ok
density_only_top20,scorecard_quantile_binning,scorecard_quantile_binning,bad_side_vs_clean_winner,True,higher_is_worse,validation,0.05,563,10,0.017761989342806393,0.3605683836589698,0.24156305506216696,0.3410301953818828,0.3181818181818182,0.047957371225577264,0.012112897959917213,0.0008985829347119591,0.0,0.8885125366599198,ok
density_only_top20,scorecard_quantile_binning,scorecard_quantile_binning,bad_side_vs_clean_winner,True,higher_is_worse,validation,0.1,533,10,0.01876172607879925,0.350844277673546,0.22889305816135083,0.3302063789868668,0.3181818181818182,0.04878048780487805,0.02183700394534105,0.001898319670704817,0.0,0.9385226231510974,ok
density_only_top20,scorecard_quantile_binning,scorecard_quantile_binning,bad_side_vs_clean_winner,True,higher_is_worse,validation,0.15,504,10,0.01984126984126984,0.3412698412698413,0.22023809523809523,0.3194444444444444,0.3181818181818182,0.0496031746031746,0.03141144034904575,0.002977863433175406,0.0,0.9925249169435215,ok
density_only_top20,scorecard_quantile_binning,scorecard_quantile_binning,bad_side_vs_clean_winner,True,higher_is_worse,validation,0.2,474,9,0.0189873417721519,0.33544303797468356,0.2088607594936709,0.31223628691983124,0.2727272727272727,0.046413502109704644,0.03723824364420347,0.002123935364057465,-0.04545454545454547,0.9498086546953194,ok
density_only_top20,scorecard_quantile_binning,scorecard_quantile_binning,bad_side_vs_clean_winner,True,higher_is_worse,validation,0.3,415,9,0.021686746987951807,0.3301204819277108,0.20240963855421687,0.3036144578313253,0.2727272727272727,0.04819277108433735,0.04256079969117621,0.004823340579857373,-0.04545454545454547,1.0848416923507984,ok
density_only_top20,scorecard_quantile_binning,scorecard_quantile_binning,bad_side_vs_clean_winner,True,higher_is_worse,validation,0.4,355,7,0.01971830985915493,0.3126760563380282,0.19154929577464788,0.28450704225352114,0.2727272727272727,0.04788732394366197,0.06000522528085883,0.002854903451060497,-0.04545454545454547,0.9863740583033083,ok
density_only_top20,scorecard_quantile_binning,scorecard_quantile_binning,bad_side_vs_clean_winner,True,higher_is_worse,robustness,0.05,1082,126,0.11645101663585952,0.2957486136783734,0.2208872458410351,0.2578558225508318,0.5082872928176796,0.2134935304990758,0.015928295891424638,0.005827662816719925,0.0,1.4663386121796482,ok
density_only_top20,scorecard_quantile_binning,scorecard_quantile_binning,bad_side_vs_clean_winner,True,higher_is_worse,robustness,0.1,1025,123,0.12,0.2809756097560976,0.20780487804878048,0.24585365853658536,0.5027624309392266,0.2097560975609756,0.030701299813700456,0.009376646180860398,-0.0055248618784530246,1.5110270270270278,ok
density_only_top20,scorecard_quantile_binning,scorecard_quantile_binning,bad_side_vs_clean_winner,True,higher_is_worse,robustness,0.15,968,114,0.11776859504132231,0.26962809917355374,0.20041322314049587,0.2334710743801653,0.47513812154696133,0.2066115702479339,0.04204881039624431,0.007145241222182713,-0.03314917127071826,1.4829294170203269,ok
density_only_top20,scorecard_quantile_binning,scorecard_quantile_binning,bad_side_vs_clean_winner,True,higher_is_worse,robustness,0.2,911,108,0.11855104281009879,0.2623490669593853,0.19099890230515917,0.2261251372118551,0.4419889502762431,0.2052689352360044,0.04932784261041273,0.007927688990959192,-0.06629834254143652,1.4927819147358123,ok
density_only_top20,scorecard_quantile_binning,scorecard_quantile_binning,bad_side_vs_clean_winner,True,higher_is_worse,robustness,0.3,797,95,0.1191969887076537,0.2547051442910916,0.18444165621079048,0.21957340025094102,0.39779005524861877,0.20200752823086573,0.056971765278706454,0.008573634888514106,-0.11049723756906082,1.500915595645835,ok
density_only_top20,scorecard_quantile_binning,scorecard_quantile_binning,bad_side_vs_clean_winner,True,higher_is_worse,robustness,0.4,683,84,0.12298682284040996,0.23865300146412885,0.17130307467057102,0.20644216691068815,0.3701657458563536,0.2005856515373353,0.0730239081056692,0.012363469021270362,-0.138121546961326,1.5486367773337038,ok
density_only_top20,scorecard_quantile_binning,scorecard_quantile_binning,bad_side_vs_all_non_bad,False,higher_is_worse,all,0.05,3372,275,0.08155397390272835,0.3564650059311981,0.2666073546856465,0.32265717674970346,0.4883177570093458,0.17319098457888493,0.01733781097021031,0.0012722837618832777,-0.007009345794392496,1.2143105493516593,ok
density_only_top20,scorecard_quantile_binning,scorecard_quantile_binning,bad_side_vs_all_non_bad,False,higher_is_worse,all,0.1,3195,263,0.08231611893583725,0.3430359937402191,0.25226917057902976,0.3104851330203443,0.4696261682242991,0.16838810641627544,0.03076682316118934,0.002034428794992174,-0.025700934579439227,1.2256586260860185,ok
density_only_top20,scorecard_quantile_binning,scorecard_quantile_binning,bad_side_vs_all_non_bad,False,higher_is_worse,all,0.15,3017,239,0.079217765992708,0.3314550878355983,0.24229366920782233,0.300298309579052,0.4392523364485981,0.16307590321511437,0.042347729065810136,-0.0010639241481370798,-0.05607476635514019,1.1795252191603907,ok
density_only_top20,scorecard_quantile_binning,scorecard_quantile_binning,bad_side_vs_all_non_bad,False,higher_is_worse,all,0.2,2840,217,0.07640845070422535,0.3193661971830986,0.23204225352112676,0.28838028169014085,0.39953271028037385,0.15457746478873238,0.05443661971830982,-0.003873239436619727,-0.09579439252336447,1.1376954832442938,ok
density_only_top20,scorecard_quantile_binning,scorecard_quantile_binning,bad_side_vs_all_non_bad,False,higher_is_worse,all,0.3,2485,189,0.07605633802816901,0.2993963782696177,0.21327967806841047,0.2720321931589537,0.35514018691588783,0.15090543259557343,0.07440643863179075,-0.004225352112676065,-0.14018691588785048,1.132452646915979,ok
density_only_top20,scorecard_quantile_binning,scorecard_quantile_binning,bad_side_vs_all_non_bad,False,higher_is_worse,all,0.4,2130,148,0.06948356807511737,0.2746478873239437,0.19248826291079812,0.24882629107981222,0.2897196261682243,0.14225352112676057,0.09915492957746475,-0.010798122065727708,-0.20560747663551404,1.0345863687874377,ok
density_only_top20,scorecard_quantile_binning,scorecard_quantile_binning,bad_side_vs_all_non_bad,False,higher_is_worse,train,0.05,1727,144,0.08338158656629995,0.40243196294151706,0.3109438332368269,0.36595251881876084,0.4888888888888889,0.19166184134337,0.010659346189396013,0.0014233907467179896,-0.013333333333333364,1.1500287595680874,ok
density_only_top20,scorecard_quantile_binning,scorecard_quantile_binning,bad_side_vs_all_non_bad,False,higher_is_worse,train,0.1,1636,137,0.08374083129584352,0.3918092909535452,0.30012224938875304,0.35635696821515894,0.48,0.19009779951100245,0.021282018177367856,0.0017826354762615626,-0.022222222222222254,1.1549835917763935,ok
density_only_top20,scorecard_quantile_binning,scorecard_quantile_binning,bad_side_vs_all_non_bad,False,higher_is_worse,train,0.15,1545,127,0.08220064724919093,0.38058252427184464,0.28996763754045307,0.34433656957928804,0.4577777777777778,0.18511326860841423,0.03250878485906844,0.00024245142960897803,-0.04444444444444445,1.1337408207807849,ok
density_only_top20,scorecard_quantile_binning,scorecard_quantile_binning,bad_side_vs_all_non_bad,False,higher_is_worse,train,0.2,1454,118,0.0811554332874828,0.36932599724896836,0.27785419532324623,0.3349381017881706,0.4311111111111111,0.1829436038514443,0.04376531188194471,-0.0008027625320991549,-0.07111111111111112,1.1193248547939698,ok
density_only_top20,scorecard_quantile_binning,scorecard_quantile_binning,bad_side_vs_all_non_bad,False,higher_is_worse,train,0.3,1272,91,0.07154088050314465,0.3529874213836478,0.26022012578616355,0.3231132075471698,0.36,0.17452830188679244,0.06010388774726527,-0.010417315316437303,-0.14222222222222225,0.9867174930525086,ok
density_only_top20,scorecard_quantile_binning,scorecard_quantile_binning,bad_side_vs_all_non_bad,False,higher_is_worse,train,0.4,1090,77,0.07064220183486239,0.3284403669724771,0.24036697247706423,0.30091743119266057,0.31555555555555553,0.1688073394495413,0.084650942158436,-0.011315993984719566,-0.1866666666666667,0.9743225944100706,ok
density_only_top20,scorecard_quantile_binning,scorecard_quantile_binning,bad_side_vs_all_non_bad,False,higher_is_worse,validation,0.05,563,10,0.017761989342806393,0.35701598579040855,0.23978685612788633,0.33570159857904086,0.3181818181818182,0.0497335701598579,0.015665295828478476,0.0008985829347119591,0.0,0.8885125366599198,ok
density_only_top20,scorecard_quantile_binning,scorecard_quantile_binning,bad_side_vs_all_non_bad,False,higher_is_worse,validation,0.1,533,10,0.01876172607879925,0.3452157598499062,0.23076923076923078,0.3227016885553471,0.3181818181818182,0.05065666041275797,0.027465521768980816,0.001898319670704817,0.0,0.9385226231510974,ok
density_only_top20,scorecard_quantile_binning,scorecard_quantile_binning,bad_side_vs_all_non_bad,False,higher_is_worse,validation,0.15,504,9,0.017857142857142856,0.3373015873015873,0.22420634920634921,0.31547619047619047,0.2727272727272727,0.04563492063492063,0.035379694317299704,0.000993736449048422,-0.04545454545454547,0.8932724252491693,ok
density_only_top20,scorecard_quantile_binning,scorecard_quantile_binning,bad_side_vs_all_non_bad,False,higher_is_worse,validation,0.2,474,9,0.0189873417721519,0.34177215189873417,0.22573839662447256,0.31856540084388185,0.2727272727272727,0.046413502109704644,0.03090912972015286,0.002123935364057465,-0.04545454545454547,0.9498086546953194,ok
density_only_top20,scorecard_quantile_binning,scorecard_quantile_binning,bad_side_vs_all_non_bad,False,higher_is_worse,validation,0.3,415,9,0.021686746987951807,0.3108433734939759,0.19759036144578312,0.2891566265060241,0.2727272727272727,0.04819277108433735,0.061837908124911134,0.004823340579857373,-0.04545454545454547,1.0848416923507984,ok
density_only_top20,scorecard_quantile_binning,scorecard_quantile_binning,bad_side_vs_all_non_bad,False,higher_is_worse,validation,0.4,355,9,0.02535211267605634,0.29859154929577464,0.18873239436619718,0.27887323943661974,0.2727272727272727,0.04788732394366197,0.07408973232311239,0.008488706267961905,-0.04545454545454547,1.2681952178185392,ok
density_only_top20,scorecard_quantile_binning,scorecard_quantile_binning,bad_side_vs_all_non_bad,False,higher_is_worse,robustness,0.05,1082,123,0.11367837338262476,0.28835489833641403,0.2144177449168207,0.25231053604436227,0.5027624309392266,0.2144177449168207,0.02332201123338401,0.0030550195634851673,-0.0055248618784530246,1.4314257880801327,ok
density_only_top20,scorecard_quantile_binning,scorecard_quantile_binning,bad_side_vs_all_non_bad,False,higher_is_worse,robustness,0.1,1025,118,0.1151219512195122,0.26926829268292685,0.19609756097560976,0.23512195121951218,0.4861878453038674,0.2048780487804878,0.0424086168868712,0.004498597400372603,-0.02209944751381221,1.4496031641397504,ok
density_only_top20,scorecard_quantile_binning,scorecard_quantile_binning,bad_side_vs_all_non_bad,False,higher_is_worse,robustness,0.15,968,111,0.11466942148760331,0.2572314049586777,0.1859504132231405,0.22520661157024793,0.46408839779005523,0.1962809917355372,0.054445504611120354,0.004046067668463715,-0.04419889502762436,1.4439049586776869,ok
density_only_top20,scorecard_quantile_binning,scorecard_quantile_binning,bad_side_vs_all_non_bad,False,higher_is_worse,robustness,0.2,911,103,0.11306256860592755,0.24259055982436883,0.17453347969264543,0.21185510428100987,0.430939226519337,0.18441273326015367,0.06908634974542921,0.0024392147867879493,-0.07734806629834257,1.4236716409054506,ok
density_only_top20,scorecard_quantile_binning,scorecard_quantile_binning,bad_side_vs_all_non_bad,False,higher_is_worse,robustness,0.3,797,89,0.11166875784190715,0.21580928481806774,0.15558343789209536,0.18820577164366373,0.3701657458563536,0.17189460476787954,0.0958676247517303,0.0010454040227675515,-0.138121546961326,1.4061209264471506,ok
density_only_top20,scorecard_quantile_binning,scorecard_quantile_binning,bad_side_vs_all_non_bad,False,higher_is_worse,robustness,0.4,683,72,0.1054172767203514,0.19472913616398244,0.14202049780380674,0.1698389458272328,0.30939226519337015,0.16251830161054173,0.11694777340581561,-0.005206077098788203,-0.19889502762430944,1.3274029520003174,ok
density_only_top20,lightgbm_rejector_depth_3,lightgbm_rejector_depth_3,bad_side_vs_clean_winner,False,higher_is_worse,all,0.05,3372,279,0.08274021352313167,0.3582443653618031,0.2680901542111507,0.3250296559905101,0.4929906542056075,0.17704626334519574,0.015558451539605334,0.0024585233822865954,-0.0023364485981308136,1.2319732482513197,ok
density_only_top20,lightgbm_rejector_depth_3,lightgbm_rejector_depth_3,bad_side_vs_clean_winner,False,higher_is_worse,all,0.1,3195,270,0.08450704225352113,0.3442879499217527,0.2566510172143975,0.3129890453834116,0.47897196261682246,0.17683881064162754,0.02951486697965572,0.004225352112676051,-0.016355140186915862,1.2582807187955323,ok
density_only_top20,lightgbm_rejector_depth_3,lightgbm_rejector_depth_3,bad_side_vs_clean_winner,False,higher_is_worse,all,0.15,3017,262,0.08684123301292675,0.33476963871395427,0.24859131587669872,0.3039443155452436,0.4649532710280374,0.17832283725555187,0.039033178187454165,0.006559542872081672,-0.03037383177570091,1.2930360143097168,ok
density_only_top20,lightgbm_rejector_depth_3,lightgbm_rejector_depth_3,bad_side_vs_clean_winner,False,higher_is_worse,all,0.2,2840,245,0.08626760563380281,0.3278169014084507,0.24049295774647889,0.29683098591549295,0.4369158878504673,0.17464788732394365,0.04598591549295772,0.0059859154929577385,-0.05841121495327101,1.2844949004371058,ok
density_only_top20,lightgbm_rejector_depth_3,lightgbm_rejector_depth_3,bad_side_vs_clean_winner,False,higher_is_worse,all,0.3,2485,227,0.09134808853118712,0.3183098591549296,0.22937625754527163,0.2861167002012072,0.4205607476635514,0.17183098591549295,0.05549295774647883,0.011066398390342042,-0.07476635514018692,1.3601415388885039,ok
density_only_top20,lightgbm_rejector_depth_3,lightgbm_rejector_depth_3,bad_side_vs_clean_winner,False,higher_is_worse,all,0.4,2130,198,0.09295774647887324,0.3107981220657277,0.22018779342723005,0.27981220657276995,0.37616822429906543,0.17183098591549295,0.06300469483568072,0.012676056338028166,-0.11915887850467288,1.3841087906750855,ok
density_only_top20,lightgbm_rejector_depth_3,lightgbm_rejector_depth_3,bad_side_vs_clean_winner,False,higher_is_worse,train,0.05,1727,145,0.08396062536189924,0.4035900405327157,0.3138390272148234,0.3665315576143602,0.49333333333333335,0.19513607411696585,0.009501268598197388,0.0020024295423172883,-0.00888888888888889,1.158015070398421,ok
density_only_top20,lightgbm_rejector_depth_3,lightgbm_rejector_depth_3,bad_side_vs_clean_winner,False,higher_is_worse,train,0.1,1636,138,0.0843520782396088,0.40097799511002447,0.308679706601467,0.36491442542787283,0.48,0.19559902200489,0.01211331402088861,0.0023938824200268466,-0.022222222222222254,1.1634141289426445,ok
density_only_top20,lightgbm_rejector_depth_3,lightgbm_rejector_depth_3,bad_side_vs_clean_winner,False,higher_is_worse,train,0.15,1545,134,0.08673139158576051,0.39288025889967637,0.30032362459546924,0.3559870550161812,0.48,0.1948220064724919,0.020211050231236705,0.004773195766178559,-0.022222222222222254,1.196230472319883,ok
density_only_top20,lightgbm_rejector_depth_3,lightgbm_rejector_depth_3,bad_side_vs_clean_winner,False,higher_is_worse,train,0.2,1454,127,0.0873452544704264,0.39270976616231085,0.2998624484181568,0.35694635488308113,0.4666666666666667,0.19188445667125173,0.02038154296860223,0.005387058650844448,-0.03555555555555556,1.2046970894816453,ok
density_only_top20,lightgbm_rejector_depth_3,lightgbm_rejector_depth_3,bad_side_vs_clean_winner,False,higher_is_worse,train,0.3,1272,114,0.08962264150943396,0.38207547169811323,0.29009433962264153,0.34355345911949686,0.4311111111111111,0.19103773584905662,0.031015837432799842,0.007664445689852001,-0.07111111111111112,1.2361076286591866,ok
density_only_top20,lightgbm_rejector_depth_3,lightgbm_rejector_depth_3,bad_side_vs_clean_winner,False,higher_is_worse,train,0.4,1090,100,0.09174311926605505,0.3660550458715596,0.27155963302752295,0.3311926605504587,0.39111111111111113,0.18440366972477065,0.04703626325935345,0.009784923446473096,-0.1111111111111111,1.2653540187143775,ok
density_only_top20,lightgbm_rejector_depth_3,lightgbm_rejector_depth_3,bad_side_vs_clean_winner,False,higher_is_worse,validation,0.05,563,10,0.017761989342806393,0.3623445825932504,0.24511545293072823,0.3410301953818828,0.3181818181818182,0.05150976909413854,0.010336699025636609,0.0008985829347119591,0.0,0.8885125366599198,ok
density_only_top20,lightgbm_rejector_depth_3,lightgbm_rejector_depth_3,bad_side_vs_clean_winner,False,higher_is_worse,validation,0.1,533,9,0.016885553470919325,0.3527204502814259,0.23452157598499063,0.3339587242026266,0.3181818181818182,0.04878048780487805,0.019960831337461127,2.214706282489126e-05,0.0,0.8446703608359876,ok
density_only_top20,lightgbm_rejector_depth_3,lightgbm_rejector_depth_3,bad_side_vs_clean_winner,False,higher_is_worse,validation,0.15,504,9,0.017857142857142856,0.34523809523809523,0.2261904761904762,0.3273809523809524,0.3181818181818182,0.0496031746031746,0.027443186380791795,0.000993736449048422,0.0,0.8932724252491693,ok
density_only_top20,lightgbm_rejector_depth_3,lightgbm_rejector_depth_3,bad_side_vs_clean_winner,False,higher_is_worse,validation,0.2,474,9,0.0189873417721519,0.350210970464135,0.22784810126582278,0.33122362869198313,0.3181818181818182,0.04852320675105485,0.02247031115475201,0.002123935364057465,0.0,0.9498086546953194,ok
density_only_top20,lightgbm_rejector_depth_3,lightgbm_rejector_depth_3,bad_side_vs_clean_winner,False,higher_is_worse,validation,0.3,415,9,0.021686746987951807,0.3397590361445783,0.21204819277108433,0.3180722891566265,0.3181818181818182,0.04578313253012048,0.03292224547430872,0.004823340579857373,0.0,1.0848416923507984,ok
density_only_top20,lightgbm_rejector_depth_3,lightgbm_rejector_depth_3,bad_side_vs_clean_winner,False,higher_is_worse,validation,0.4,355,8,0.022535211267605635,0.3183098591549296,0.2,0.29577464788732394,0.2727272727272727,0.03943661971830986,0.05437142246395743,0.005671804859511201,-0.04545454545454547,1.1272846380609236,ok
density_only_top20,lightgbm_rejector_depth_3,lightgbm_rejector_depth_3,bad_side_vs_clean_winner,False,higher_is_worse,robustness,0.05,1082,121,0.11182994454713494,0.29852125693160814,0.2245841035120148,0.26155268022181144,0.5027624309392266,0.21164510166358594,0.013155652638189907,0.001206590727995338,-0.0055248618784530246,1.4081505720137892,ok
density_only_top20,lightgbm_rejector_depth_3,lightgbm_rejector_depth_3,bad_side_vs_clean_winner,False,higher_is_worse,robustness,0.1,1025,115,0.11219512195121951,0.2868292682926829,0.2175609756097561,0.25170731707317073,0.48066298342541436,0.21365853658536585,0.02484764127711514,0.0015717681320799176,-0.027624309392265234,1.4127488464073839,ok
density_only_top20,lightgbm_rejector_depth_3,lightgbm_rejector_depth_3,bad_side_vs_clean_winner,False,higher_is_worse,robustness,0.15,968,110,0.11363636363636363,0.2809917355371901,0.21384297520661158,0.246900826446281,0.4585635359116022,0.2128099173553719,0.030685174032607954,0.0030130098172240355,-0.04972375690607739,1.4308968058968068,ok
density_only_top20,lightgbm_rejector_depth_3,lightgbm_rejector_depth_3,bad_side_vs_clean_winner,False,higher_is_worse,robustness,0.2,911,102,0.1119648737650933,0.27661909989023054,0.20965971459934138,0.24039517014270034,0.43646408839779005,0.20856201975850713,0.03505780967956751,0.0013415199459537036,-0.07182320441988954,1.4098495861393785,ok
density_only_top20,lightgbm_rejector_depth_3,lightgbm_rejector_depth_3,bad_side_vs_clean_winner,False,higher_is_worse,robustness,0.3,797,95,0.1191969887076537,0.2659974905897114,0.19698870765370138,0.23212045169385195,0.4088397790055249,0.19824341279799249,0.04567941898008665,0.008573634888514106,-0.09944751381215472,1.500915595645835,ok
density_only_top20,lightgbm_rejector_depth_3,lightgbm_rejector_depth_3,bad_side_vs_clean_winner,False,higher_is_worse,robustness,0.4,683,79,0.11566617862371889,0.26207906295754024,0.1903367496339678,0.23133235724743778,0.34806629834254144,0.20644216691068815,0.0495978466122578,0.005042824804579293,-0.16022099447513816,1.456456016778126,ok
density_only_top20,lightgbm_rejector_depth_3,lightgbm_rejector_depth_3,bad_side_vs_all_non_bad,False,higher_is_worse,all,0.05,3372,278,0.08244365361803084,0.34519572953736655,0.2568208778173191,0.3125741399762752,0.48598130841121495,0.17793594306049823,0.028607087364041883,0.002161963477185766,-0.009345794392523366,1.2275575735264046,ok
density_only_top20,lightgbm_rejector_depth_3,lightgbm_rejector_depth_3,bad_side_vs_all_non_bad,False,higher_is_worse,all,0.1,3195,265,0.08294209702660407,0.3226917057902973,0.23599374021909234,0.29107981220657275,0.4696261682242991,0.1784037558685446,0.05111111111111111,0.002660406885758998,-0.025700934579439227,1.2349792240030226,ok
density_only_top20,lightgbm_rejector_depth_3,lightgbm_rejector_depth_3,bad_side_vs_all_non_bad,False,higher_is_worse,all,0.15,3017,254,0.08418959231024196,0.29930394431554525,0.21544580709313887,0.269804441498177,0.45560747663551404,0.17633410672853828,0.07449887258586319,0.00390790216939689,-0.039719626168224276,1.2535539986056032,ok
density_only_top20,lightgbm_rejector_depth_3,lightgbm_rejector_depth_3,bad_side_vs_all_non_bad,False,higher_is_worse,all,0.2,2840,235,0.08274647887323944,0.2795774647887324,0.19577464788732393,0.251056338028169,0.4252336448598131,0.17359154929577464,0.09422535211267602,0.002464788732394363,-0.07009345794392524,1.2320665371539588,ok
density_only_top20,lightgbm_rejector_depth_3,lightgbm_rejector_depth_3,bad_side_vs_all_non_bad,False,higher_is_worse,all,0.3,2485,204,0.08209255533199195,0.24466800804828973,0.16700201207243462,0.22012072434607646,0.37383177570093457,0.16619718309859155,0.1291348088531187,0.001810865191146871,-0.12149532710280375,1.22232984111566,ok
density_only_top20,lightgbm_rejector_depth_3,lightgbm_rejector_depth_3,bad_side_vs_all_non_bad,False,higher_is_worse,all,0.4,2130,164,0.07699530516431925,0.2112676056338028,0.13802816901408452,0.18826291079812207,0.3060747663551402,0.1624413145539906,0.16253521126760562,-0.003286384976525822,-0.18925233644859812,1.146433543791485,ok
density_only_top20,lightgbm_rejector_depth_3,lightgbm_rejector_depth_3,bad_side_vs_all_non_bad,False,higher_is_worse,train,0.05,1727,142,0.08222350897510133,0.3925883034163289,0.3022582513028373,0.35668789808917195,0.48444444444444446,0.19455703532136653,0.020503005714584188,0.0002653131555193783,-0.01777777777777778,1.1340561379074194,ok
density_only_top20,lightgbm_rejector_depth_3,lightgbm_rejector_depth_3,bad_side_vs_all_non_bad,False,higher_is_worse,train,0.1,1636,136,0.08312958435207823,0.3746943765281174,0.28484107579462103,0.33924205378973105,0.4666666666666667,0.19437652811735942,0.0383969326027957,0.0011713885324962786,-0.03555555555555556,1.1465530546101423,ok
density_only_top20,lightgbm_rejector_depth_3,lightgbm_rejector_depth_3,bad_side_vs_all_non_bad,False,higher_is_worse,train,0.15,1545,132,0.0854368932038835,0.3585760517799353,0.26731391585760517,0.32362459546925565,0.4577777777777778,0.19093851132686085,0.054515257350977786,0.003478697384301538,-0.04444444444444445,1.178376286165855,ok
density_only_top20,lightgbm_rejector_depth_3,lightgbm_rejector_depth_3,bad_side_vs_all_non_bad,False,higher_is_worse,train,0.2,1454,127,0.0873452544704264,0.33975240715268223,0.2517193947730399,0.30674002751031637,0.4488888888888889,0.1939477303988996,0.07333890197823084,0.005387058650844448,-0.053333333333333344,1.2046970894816453,ok
density_only_top20,lightgbm_rejector_depth_3,lightgbm_rejector_depth_3,bad_side_vs_all_non_bad,False,higher_is_worse,train,0.3,1272,110,0.08647798742138364,0.3136792452830189,0.22641509433962265,0.2830188679245283,0.4088888888888889,0.18867924528301888,0.0994120638478942,0.004519791601801687,-0.09333333333333332,1.192735431162373,ok
density_only_top20,lightgbm_rejector_depth_3,lightgbm_rejector_depth_3,bad_side_vs_all_non_bad,False,higher_is_worse,train,0.4,1090,88,0.08073394495412844,0.29357798165137616,0.20275229357798166,0.26422018348623855,0.3466666666666667,0.17889908256880735,0.11951332747953691,-0.0012242508654535106,-0.15555555555555556,1.113511536468652,ok
density_only_top20,lightgbm_rejector_depth_3,lightgbm_rejector_depth_3,bad_side_vs_all_non_bad,False,higher_is_worse,validation,0.05,563,10,0.017761989342806393,0.3623445825932504,0.24511545293072823,0.3410301953818828,0.3181818181818182,0.05328596802841918,0.010336699025636609,0.0008985829347119591,0.0,0.8885125366599198,ok
density_only_top20,lightgbm_rejector_depth_3,lightgbm_rejector_depth_3,bad_side_vs_all_non_bad,False,higher_is_worse,validation,0.1,533,10,0.01876172607879925,0.34146341463414637,0.2270168855534709,0.32082551594746717,0.3181818181818182,0.0525328330206379,0.03121786698474066,0.001898319670704817,0.0,0.9385226231510974,ok
density_only_top20,lightgbm_rejector_depth_3,lightgbm_rejector_depth_3,bad_side_vs_all_non_bad,False,higher_is_worse,validation,0.15,504,9,0.017857142857142856,0.3392857142857143,0.2222222222222222,0.31746031746031744,0.2727272727272727,0.051587301587301584,0.033395567333172727,0.000993736449048422,-0.04545454545454547,0.8932724252491693,ok
density_only_top20,lightgbm_rejector_depth_3,lightgbm_rejector_depth_3,bad_side_vs_all_non_bad,False,higher_is_worse,validation,0.2,474,9,0.0189873417721519,0.31223628691983124,0.19198312236286919,0.2974683544303797,0.2727272727272727,0.04852320675105485,0.06044499469905579,0.002123935364057465,-0.04545454545454547,0.9498086546953194,ok
density_only_top20,lightgbm_rejector_depth_3,lightgbm_rejector_depth_3,bad_side_vs_all_non_bad,False,higher_is_worse,validation,0.3,415,8,0.01927710843373494,0.2891566265060241,0.16626506024096385,0.27228915662650605,0.2727272727272727,0.04819277108433735,0.08352465511286294,0.0024137020256405073,-0.04545454545454547,0.9643037265340432,ok
density_only_top20,lightgbm_rejector_depth_3,lightgbm_rejector_depth_3,bad_side_vs_all_non_bad,False,higher_is_worse,validation,0.4,355,7,0.01971830985915493,0.2647887323943662,0.14929577464788732,0.24788732394366197,0.22727272727272727,0.04507042253521127,0.10789254922452085,0.002854903451060497,-0.09090909090909091,0.9863740583033083,ok
density_only_top20,lightgbm_rejector_depth_3,lightgbm_rejector_depth_3,bad_side_vs_all_non_bad,False,higher_is_worse,robustness,0.05,1082,123,0.11367837338262476,0.2902033271719039,0.2144177449168207,0.2541589648798521,0.5027624309392266,0.2134935304990758,0.021473582397894153,0.0030550195634851673,-0.0055248618784530246,1.4314257880801327,ok
density_only_top20,lightgbm_rejector_depth_3,lightgbm_rejector_depth_3,bad_side_vs_all_non_bad,False,higher_is_worse,robustness,0.1,1025,114,0.11121951219512195,0.26634146341463416,0.19317073170731708,0.22926829268292684,0.4696132596685083,0.20780487804878048,0.04533544615516388,0.0005961583759823558,-0.03867403314917128,1.4004640738299283,ok
density_only_top20,lightgbm_rejector_depth_3,lightgbm_rejector_depth_3,bad_side_vs_all_non_bad,False,higher_is_worse,robustness,0.15,968,105,0.10847107438016529,0.24896694214876033,0.1797520661157025,0.21384297520661158,0.425414364640884,0.19731404958677687,0.06270996742103771,-0.0021522794389743083,-0.08287292817679559,1.3658560419924064,ok
density_only_top20,lightgbm_rejector_depth_3,lightgbm_rejector_depth_3,bad_side_vs_all_non_bad,False,higher_is_worse,robustness,0.2,911,98,0.10757409440175632,0.2305159165751921,0.16794731064763996,0.19538968166849616,0.3867403314917127,0.18990120746432493,0.08116099299460594,-0.0030492594173832793,-0.12154696132596687,1.3545613670750891,ok
density_only_top20,lightgbm_rejector_depth_3,lightgbm_rejector_depth_3,bad_side_vs_all_non_bad,False,higher_is_worse,robustness,0.3,797,84,0.1053952321204517,0.1932245922208281,0.13174404015056462,0.1656210790464241,0.3314917127071823,0.17691342534504392,0.11845231734896994,-0.0052281216986879014,-0.17679558011049729,1.3271253687815805,ok
density_only_top20,lightgbm_rejector_depth_3,lightgbm_rejector_depth_3,bad_side_vs_all_non_bad,False,higher_is_worse,robustness,0.4,683,71,0.10395314787701318,0.17423133235724744,0.1171303074670571,0.15226939970717424,0.2983425414364641,0.15373352855051245,0.1374455772125506,-0.006670205942126417,-0.2099447513812155,1.3089667998892018,ok
freshness_only_top20,logistic_regression_l2,logistic_regression_l2,bad_side_vs_clean_winner,True,higher_is_worse,all,0.05,2902,274,0.09441764300482426,0.3645761543762922,0.25223983459682975,0.3263266712611992,0.48598130841121495,0.17987594762232942,0.012183256425671807,0.003746611908261255,-0.004672897196261683,1.4058461465339012,ok
freshness_only_top20,logistic_regression_l2,logistic_regression_l2,bad_side_vs_clean_winner,True,higher_is_worse,all,0.1,2749,270,0.09821753364859949,0.35503819570753004,0.2440887595489269,0.31611495089123315,0.4766355140186916,0.18297562750090943,0.021721215094433977,0.007546502552036483,-0.014018691588785048,1.4624252079125957,ok
freshness_only_top20,logistic_regression_l2,logistic_regression_l2,bad_side_vs_clean_winner,True,higher_is_worse,all,0.15,2596,261,0.10053929121725731,0.3443759630200308,0.23921417565485362,0.3062403697996918,0.46261682242990654,0.1856702619414484,0.032383447781933195,0.009868260120694305,-0.028037383177570097,1.4969953775038527,ok
freshness_only_top20,logistic_regression_l2,logistic_regression_l2,bad_side_vs_clean_winner,True,higher_is_worse,all,0.2,2444,251,0.10270049099836334,0.3314238952536825,0.2279050736497545,0.29296235679214405,0.4485981308411215,0.18739770867430441,0.045335515548281524,0.012029459901800335,-0.042056074766355145,1.5291748970032175,ok
freshness_only_top20,logistic_regression_l2,logistic_regression_l2,bad_side_vs_clean_winner,True,higher_is_worse,all,0.3,2138,228,0.10664172123479888,0.3068288119738073,0.21047708138447146,0.27034611786716556,0.4158878504672897,0.19363891487371376,0.06993059882815672,0.015970690138235877,-0.07476635514018692,1.5878584561788338,ok
freshness_only_top20,logistic_regression_l2,logistic_regression_l2,bad_side_vs_clean_winner,True,higher_is_worse,all,0.4,1833,199,0.10856519367157665,0.28696126568466995,0.19258046917621385,0.2547735951991271,0.36682242990654207,0.19803600654664485,0.08979814511729406,0.01789416257501364,-0.12383177570093457,1.616498297496097,ok
freshness_only_top20,logistic_regression_l2,logistic_regression_l2,bad_side_vs_clean_winner,True,higher_is_worse,train,0.05,1641,162,0.09872029250457039,0.4418037781840341,0.31078610603290674,0.39975624619134675,0.5466666666666666,0.15478366849482023,0.005534184778928863,0.003812885097162974,-0.004444444444444473,1.361585695457555,ok
freshness_only_top20,logistic_regression_l2,logistic_regression_l2,bad_side_vs_clean_winner,True,higher_is_worse,train,0.1,1555,158,0.10160771704180065,0.4340836012861736,0.3048231511254019,0.3909967845659164,0.5333333333333333,0.15755627009646303,0.013254361676789339,0.006700309634393234,-0.01777777777777778,1.40141009069447,ok
freshness_only_top20,logistic_regression_l2,logistic_regression_l2,bad_side_vs_clean_winner,True,higher_is_worse,train,0.15,1468,150,0.10217983651226158,0.42915531335149865,0.2963215258855586,0.3869209809264305,0.5155555555555555,0.15940054495912806,0.01818264961146432,0.007272429104854164,-0.03555555555555556,1.409300967709814,ok
freshness_only_top20,logistic_regression_l2,logistic_regression_l2,bad_side_vs_clean_winner,True,higher_is_worse,train,0.2,1382,147,0.10636758321273516,0.42185238784370477,0.2952243125904486,0.37771345875542695,0.5066666666666667,0.16208393632416787,0.025485575119258197,0.011460175805327752,-0.0444444444444444,1.4670598727829571,ok
freshness_only_top20,logistic_regression_l2,logistic_regression_l2,bad_side_vs_clean_winner,True,higher_is_worse,train,0.3,1209,136,0.11248966087675766,0.4052936311000827,0.2853598014888337,0.36062861869313484,0.4711111111111111,0.1654259718775848,0.04204433186288026,0.017582253469350245,-0.08000000000000002,1.5514977645510282,ok
freshness_only_top20,logistic_regression_l2,logistic_regression_l2,bad_side_vs_clean_winner,True,higher_is_worse,train,0.4,1036,124,0.11969111969111969,0.3996138996138996,0.2828185328185328,0.3581081081081081,0.43555555555555553,0.1718146718146718,0.04772406334906337,0.024783712283712275,-0.11555555555555558,1.6508228684308421,ok
freshness_only_top20,logistic_regression_l2,logistic_regression_l2,bad_side_vs_clean_winner,True,higher_is_worse,validation,0.05,299,7,0.023411371237458192,0.27759197324414714,0.1605351170568562,0.25752508361204013,0.2727272727272727,0.0802675585284281,0.014471518819344942,-0.005160057333970378,0.0,1.1711130123668039,ok
freshness_only_top20,logistic_regression_l2,logistic_regression_l2,bad_side_vs_clean_winner,True,higher_is_worse,validation,0.1,283,6,0.02120141342756184,0.27208480565371024,0.15547703180212014,0.254416961130742,0.22727272727272727,0.08480565371024736,0.019978686409781843,-0.007370015143866732,-0.04545454545454544,1.0605637275043143,ok
freshness_only_top20,logistic_regression_l2,logistic_regression_l2,bad_side_vs_clean_winner,True,higher_is_worse,validation,0.15,267,6,0.02247191011235955,0.25842696629213485,0.14232209737827714,0.2397003745318352,0.22727272727272727,0.08239700374531835,0.03363652577135723,-0.006099518459069021,-0.04545454545454544,1.12411810817873,ok
freshness_only_top20,logistic_regression_l2,logistic_regression_l2,bad_side_vs_clean_winner,True,higher_is_worse,validation,0.2,252,6,0.023809523809523808,0.24603174603174602,0.1388888888888889,0.2261904761904762,0.22727272727272727,0.08333333333333333,0.04603174603174606,-0.004761904761904762,-0.04545454545454544,1.1910299003322258,ok
freshness_only_top20,logistic_regression_l2,logistic_regression_l2,bad_side_vs_clean_winner,True,higher_is_worse,validation,0.3,220,6,0.02727272727272727,0.21818181818181817,0.12272727272727273,0.2,0.22727272727272727,0.07727272727272727,0.07388167388167391,-0.0012987012987012991,-0.04545454545454544,1.3642706131078222,ok
freshness_only_top20,logistic_regression_l2,logistic_regression_l2,bad_side_vs_clean_winner,True,higher_is_worse,validation,0.4,189,5,0.026455026455026454,0.19576719576719576,0.1111111111111111,0.1746031746031746,0.18181818181818182,0.07407407407407407,0.09629629629629632,-0.002116402116402117,-0.09090909090909088,1.3233665559246952,ok
freshness_only_top20,logistic_regression_l2,logistic_regression_l2,bad_side_vs_clean_winner,True,higher_is_worse,robustness,0.05,961,100,0.1040582726326743,0.2695109261186264,0.18834547346514047,0.2351716961498439,0.4198895027624309,0.24557752341311134,0.013097769533547465,0.0012914742137019597,-0.022099447513812154,1.3102905194476482,ok
freshness_only_top20,logistic_regression_l2,logistic_regression_l2,bad_side_vs_clean_winner,True,higher_is_worse,robustness,0.1,910,96,0.1054945054945055,0.26593406593406593,0.18461538461538463,0.23186813186813188,0.40331491712707185,0.24395604395604395,0.01667462971810796,0.002727707075533159,-0.03867403314917123,1.3283754083754091,ok
freshness_only_top20,logistic_regression_l2,logistic_regression_l2,bad_side_vs_clean_winner,True,higher_is_worse,robustness,0.15,860,96,0.11162790697674418,0.25116279069767444,0.17093023255813952,0.21627906976744185,0.40331491712707185,0.25,0.03144590495449945,0.008861108557771849,-0.03867403314917123,1.4056065367693282,ok
freshness_only_top20,logistic_regression_l2,logistic_regression_l2,bad_side_vs_clean_winner,True,higher_is_worse,robustness,0.2,809,93,0.11495673671199011,0.23980222496909764,0.16440049443757726,0.20519159456118666,0.39226519337016574,0.25092707045735474,0.04280647068307625,0.012189938293017774,-0.04972375690607733,1.4475228009220602,ok
freshness_only_top20,logistic_regression_l2,logistic_regression_l2,bad_side_vs_clean_winner,True,higher_is_worse,robustness,0.3,708,86,0.12146892655367232,0.2274011299435028,0.153954802259887,0.19350282485875706,0.35359116022099446,0.25,0.05520756570867108,0.018702128134699986,-0.08839779005524862,1.5295235913879992,ok
freshness_only_top20,logistic_regression_l2,logistic_regression_l2,bad_side_vs_clean_winner,True,higher_is_worse,robustness,0.4,607,75,0.12355848434925865,0.20757825370675453,0.1400329489291598,0.17957166392092258,0.3149171270718232,0.2487644151565074,0.07503044194541936,0.02079168593028631,-0.1270718232044199,1.555835077251882,ok
freshness_only_top20,logistic_regression_l2,logistic_regression_l2,bad_side_vs_all_non_bad,False,higher_is_worse,all,0.05,2902,270,0.09303928325292901,0.3549276361130255,0.2412129565816678,0.3177119228118539,0.47897196261682246,0.18125430737422468,0.021831774688938488,0.0023682521563660047,-0.01168224299065418,1.385322845124647,ok
freshness_only_top20,logistic_regression_l2,logistic_regression_l2,bad_side_vs_all_non_bad,False,higher_is_worse,all,0.1,2749,252,0.09166969807202618,0.33684976355038193,0.22371771553292105,0.3022917424518007,0.4532710280373832,0.18261185885776646,0.03990964725158208,0.0009986669754631777,-0.03738317757009346,1.364930194051756,ok
freshness_only_top20,logistic_regression_l2,logistic_regression_l2,bad_side_vs_all_non_bad,False,higher_is_worse,all,0.15,2596,234,0.0901386748844376,0.3181818181818182,0.20878274268104777,0.2842835130970724,0.4182242990654206,0.18066255778120185,0.058577592620145835,-0.0005323562121254122,-0.07242990654205606,1.342133786727592,ok
freshness_only_top20,logistic_regression_l2,logistic_regression_l2,bad_side_vs_all_non_bad,False,higher_is_worse,all,0.2,2444,222,0.09083469721767594,0.30155482815057283,0.19639934533551553,0.2684124386252046,0.39953271028037385,0.18126022913256956,0.07520458265139118,0.000163666121112932,-0.09112149532710279,1.35249731926181,ok
freshness_only_top20,logistic_regression_l2,logistic_regression_l2,bad_side_vs_all_non_bad,False,higher_is_worse,all,0.3,2138,201,0.0940130963517306,0.2708138447146866,0.17305893358278765,0.23994387277829748,0.3621495327102804,0.17680074836295603,0.1059455660872774,0.0033420652551675867,-0.12850467289719625,1.3998225863681824,ok
freshness_only_top20,logistic_regression_l2,logistic_regression_l2,bad_side_vs_all_non_bad,False,higher_is_worse,all,0.4,1833,172,0.09383524277141299,0.24004364429896344,0.14784506273867976,0.21003818876159303,0.3130841121495327,0.1756683033278778,0.13671576650300057,0.0031642116748499816,-0.17757009345794394,1.397174407886074,ok
freshness_only_top20,logistic_regression_l2,logistic_regression_l2,bad_side_vs_all_non_bad,False,higher_is_worse,train,0.05,1641,159,0.09689213893967093,0.43144424131627057,0.29737964655697746,0.39000609384521634,0.5377777777777778,0.15478366849482023,0.015893721646692394,0.0019847315322635145,-0.013333333333333308,1.3363711455416742,ok
freshness_only_top20,logistic_regression_l2,logistic_regression_l2,bad_side_vs_all_non_bad,False,higher_is_worse,train,0.1,1555,149,0.09581993569131833,0.41864951768488745,0.2829581993569132,0.377491961414791,0.5066666666666667,0.15498392282958198,0.028688445278075514,0.0009125282839109183,-0.0444444444444444,1.321582933629595,ok
freshness_only_top20,logistic_regression_l2,logistic_regression_l2,bad_side_vs_all_non_bad,False,higher_is_worse,train,0.15,1468,134,0.09128065395095368,0.40122615803814715,0.26498637602179836,0.36239782016348776,0.4577777777777778,0.1539509536784741,0.046111804924815814,-0.0036267534564537324,-0.09333333333333332,1.2589755311541007,ok
freshness_only_top20,logistic_regression_l2,logistic_regression_l2,bad_side_vs_all_non_bad,False,higher_is_worse,train,0.2,1382,127,0.0918958031837916,0.3914616497829233,0.25470332850940663,0.35383502170767006,0.44,0.15195369030390737,0.05587631318003966,-0.0030116042236158075,-0.1111111111111111,1.2674598900913985,ok
freshness_only_top20,logistic_regression_l2,logistic_regression_l2,bad_side_vs_all_non_bad,False,higher_is_worse,train,0.3,1209,111,0.09181141439205956,0.36228287841191065,0.23242349048800662,0.32588916459884204,0.39111111111111113,0.14971050454921422,0.08505508455105232,-0.003095993015347853,-0.15999999999999998,1.266295969596795,ok
freshness_only_top20,logistic_regression_l2,logistic_regression_l2,bad_side_vs_all_non_bad,False,higher_is_worse,train,0.4,1036,94,0.09073359073359073,0.333011583011583,0.21428571428571427,0.2972972972972973,0.3377777777777778,0.14961389961389962,0.11432637995137995,-0.00417381667381668,-0.21333333333333332,1.2514302389717675,ok
freshness_only_top20,logistic_regression_l2,logistic_regression_l2,bad_side_vs_all_non_bad,False,higher_is_worse,validation,0.05,299,9,0.030100334448160536,0.28762541806020064,0.1705685618729097,0.26755852842809363,0.2727272727272727,0.07357859531772576,0.004438074003291437,0.0015289058767319653,0.0,1.505716730185891,ok
freshness_only_top20,logistic_regression_l2,logistic_regression_l2,bad_side_vs_all_non_bad,False,higher_is_worse,validation,0.1,283,9,0.03180212014134275,0.27208480565371024,0.15547703180212014,0.2508833922261484,0.2727272727272727,0.07420494699646643,0.019978686409781843,0.0032306915699141826,0.0,1.5908455912564712,ok
freshness_only_top20,logistic_regression_l2,logistic_regression_l2,bad_side_vs_all_non_bad,False,higher_is_worse,validation,0.15,267,9,0.033707865168539325,0.2546816479400749,0.13857677902621723,0.23595505617977527,0.2727272727272727,0.07865168539325842,0.03738184412341716,0.005136436597110754,0.0,1.686177162268095,ok
freshness_only_top20,logistic_regression_l2,logistic_regression_l2,bad_side_vs_all_non_bad,False,higher_is_worse,validation,0.2,252,9,0.03571428571428571,0.25396825396825395,0.1388888888888889,0.23809523809523808,0.2727272727272727,0.07539682539682539,0.038095238095238126,0.007142857142857142,0.0,1.7865448504983386,ok
freshness_only_top20,logistic_regression_l2,logistic_regression_l2,bad_side_vs_all_non_bad,False,higher_is_worse,validation,0.3,220,9,0.04090909090909091,0.21363636363636362,0.11818181818181818,0.2,0.2727272727272727,0.07727272727272727,0.07842712842712846,0.012337662337662338,0.0,2.0464059196617335,ok
freshness_only_top20,logistic_regression_l2,logistic_regression_l2,bad_side_vs_all_non_bad,False,higher_is_worse,validation,0.4,189,8,0.042328042328042326,0.21164021164021163,0.1164021164021164,0.19576719576719576,0.2727272727272727,0.07936507936507936,0.08042328042328045,0.013756613756613755,0.0,2.1173864894795127,ok
freshness_only_top20,logistic_regression_l2,logistic_regression_l2,bad_side_vs_all_non_bad,False,higher_is_worse,robustness,0.05,961,101,0.10509885535900104,0.26222684703433924,0.18002081165452655,0.2278876170655567,0.425414364640884,0.24557752341311134,0.020381848617834653,0.0023320569400287067,-0.016574585635359074,1.3233934246421248,ok
freshness_only_top20,logistic_regression_l2,logistic_regression_l2,bad_side_vs_all_non_bad,False,higher_is_worse,robustness,0.1,910,99,0.1087912087912088,0.24615384615384617,0.16813186813186815,0.21208791208791208,0.4143646408839779,0.23956043956043957,0.036454849498327724,0.006024410372236458,-0.02762430939226518,1.3698871398871408,ok
freshness_only_top20,logistic_regression_l2,logistic_regression_l2,bad_side_vs_all_non_bad,False,higher_is_worse,robustness,0.15,860,94,0.10930232558139535,0.23837209302325582,0.15930232558139534,0.2058139534883721,0.39779005524861877,0.23372093023255813,0.04423660262891807,0.006535527162423019,-0.04419889502762431,1.3763230672533007,ok
freshness_only_top20,logistic_regression_l2,logistic_regression_l2,bad_side_vs_all_non_bad,False,higher_is_worse,robustness,0.2,809,91,0.11248454882571075,0.22620519159456118,0.14956736711990112,0.19406674907292953,0.3867403314917127,0.22991347342398022,0.05640350405761271,0.009717750406738418,-0.05524861878453036,1.4163932783215858,ok
freshness_only_top20,logistic_regression_l2,logistic_regression_l2,bad_side_vs_all_non_bad,False,higher_is_worse,robustness,0.3,708,79,0.1115819209039548,0.211864406779661,0.1384180790960452,0.17937853107344634,0.3425414364640884,0.22598870056497175,0.07074428887251288,0.008815122484982466,-0.09944751381215466,1.4050274851122317,ok
freshness_only_top20,logistic_regression_l2,logistic_regression_l2,bad_side_vs_all_non_bad,False,higher_is_worse,robustness,0.4,607,71,0.11696869851729819,0.20098846787479407,0.1301482701812191,0.17298187808896212,0.30386740331491713,0.22405271828665568,0.08162022777737982,0.014201900098325851,-0.13812154696132595,1.472857206465115,ok
freshness_only_top20,logistic_regression_l1,logistic_regression_l1,bad_side_vs_clean_winner,True,higher_is_worse,all,0.05,2902,275,0.09476223294279806,0.36526533425223984,0.25223983459682975,0.3270158511371468,0.4883177570093458,0.18022053756030323,0.011494076549724175,0.004091201846235057,-0.0023364485981308136,1.4109769718862146,ok
freshness_only_top20,logistic_regression_l1,logistic_regression_l1,bad_side_vs_clean_winner,True,higher_is_worse,all,0.1,2749,266,0.09676245907602765,0.35467442706438707,0.2440887595489269,0.31611495089123315,0.4696261682242991,0.18261185885776646,0.022084983737576946,0.006091427979464645,-0.021028037383177545,1.4407596492768537,ok
freshness_only_top20,logistic_regression_l1,logistic_regression_l1,bad_side_vs_clean_winner,True,higher_is_worse,all,0.15,2596,256,0.09861325115562404,0.3470724191063174,0.24114021571648692,0.3093220338983051,0.4532710280373832,0.18528505392912173,0.029686991695646592,0.007942220059061034,-0.03738317757009346,1.4683173051378786,ok
freshness_only_top20,logistic_regression_l1,logistic_regression_l1,bad_side_vs_clean_winner,True,higher_is_worse,all,0.2,2444,250,0.10229132569558101,0.3367430441898527,0.23445171849427168,0.2986906710310966,0.441588785046729,0.1869885433715221,0.04001636661211133,0.011620294599018005,-0.04906542056074764,1.5230825667362724,ok
freshness_only_top20,logistic_regression_l1,logistic_regression_l1,bad_side_vs_clean_winner,True,higher_is_worse,all,0.3,2138,230,0.10757717492984098,0.30963517305893357,0.21421889616463985,0.27128157156220767,0.4182242990654206,0.18989710009354538,0.06712423774303045,0.016906143833277973,-0.07242990654205606,1.6017870391277709,ok
freshness_only_top20,logistic_regression_l1,logistic_regression_l1,bad_side_vs_clean_winner,True,higher_is_worse,all,0.4,1833,201,0.10965630114566285,0.29023458810692854,0.19585379159847244,0.2558647026732133,0.3644859813084112,0.19749045280960176,0.08652482269503547,0.018985270049099848,-0.12616822429906543,1.6327445115412842,ok
freshness_only_top20,logistic_regression_l1,logistic_regression_l1,bad_side_vs_clean_winner,True,higher_is_worse,train,0.05,1641,161,0.09811090798293723,0.4405850091407678,0.30956733698964045,0.39853747714808047,0.5466666666666666,0.15478366849482023,0.006752953822195151,0.0032035005755298163,-0.004444444444444473,1.3531808454855947,ok
freshness_only_top20,logistic_regression_l1,logistic_regression_l1,bad_side_vs_clean_winner,True,higher_is_worse,train,0.1,1555,156,0.10032154340836012,0.4340836012861736,0.30289389067524114,0.3916398713826367,0.5288888888888889,0.15755627009646303,0.013254361676789339,0.00541413600095271,-0.022222222222222254,1.383670722457831,ok
freshness_only_top20,logistic_regression_l1,logistic_regression_l1,bad_side_vs_clean_winner,True,higher_is_worse,train,0.15,1468,152,0.10354223433242507,0.43256130790190733,0.30449591280653954,0.388283378746594,0.5155555555555555,0.1600817438692098,0.014776655061055632,0.008634826925017658,-0.03555555555555556,1.4280916472792782,ok
freshness_only_top20,logistic_regression_l1,logistic_regression_l1,bad_side_vs_clean_winner,True,higher_is_worse,train,0.2,1382,152,0.10998552821997105,0.42185238784370477,0.2952243125904486,0.37988422575976843,0.5155555555555555,0.16280752532561504,0.025485575119258197,0.015078120812563642,-0.03555555555555556,1.516959868455847,ok
freshness_only_top20,logistic_regression_l1,logistic_regression_l1,bad_side_vs_clean_winner,True,higher_is_worse,train,0.3,1209,130,0.10752688172043011,0.4094292803970223,0.2894954507857734,0.3680727874276261,0.4488888888888889,0.16790736145574855,0.037908682565940655,0.012619474313022697,-0.10222222222222221,1.4830493337620123,ok
freshness_only_top20,logistic_regression_l1,logistic_regression_l1,bad_side_vs_clean_winner,True,higher_is_worse,train,0.4,1036,126,0.12162162162162163,0.40540540540540543,0.28667953667953666,0.3658301158301158,0.4311111111111111,0.16602316602316602,0.04193255755755754,0.026714214214214216,-0.12,1.677449043728114,ok
freshness_only_top20,logistic_regression_l1,logistic_regression_l1,bad_side_vs_clean_winner,True,higher_is_worse,validation,0.05,299,7,0.023411371237458192,0.27759197324414714,0.16722408026755853,0.25418060200668896,0.2727272727272727,0.08361204013377926,0.014471518819344942,-0.005160057333970378,0.0,1.1711130123668039,ok
freshness_only_top20,logistic_regression_l1,logistic_regression_l1,bad_side_vs_clean_winner,True,higher_is_worse,validation,0.1,283,6,0.02120141342756184,0.26855123674911663,0.15547703180212014,0.24734982332155478,0.22727272727272727,0.08480565371024736,0.023512255314375452,-0.007370015143866732,-0.04545454545454544,1.0605637275043143,ok
freshness_only_top20,logistic_regression_l1,logistic_regression_l1,bad_side_vs_clean_winner,True,higher_is_worse,validation,0.15,267,6,0.02247191011235955,0.25842696629213485,0.14606741573033707,0.2397003745318352,0.22727272727272727,0.08614232209737828,0.03363652577135723,-0.006099518459069021,-0.04545454545454544,1.12411810817873,ok
freshness_only_top20,logistic_regression_l1,logistic_regression_l1,bad_side_vs_clean_winner,True,higher_is_worse,validation,0.2,252,6,0.023809523809523808,0.23809523809523808,0.1388888888888889,0.2222222222222222,0.22727272727272727,0.0873015873015873,0.053968253968254,-0.004761904761904762,-0.04545454545454544,1.1910299003322258,ok
freshness_only_top20,logistic_regression_l1,logistic_regression_l1,bad_side_vs_clean_winner,True,higher_is_worse,validation,0.3,220,5,0.022727272727272728,0.21818181818181817,0.11818181818181818,0.2,0.22727272727272727,0.07727272727272727,0.07388167388167391,-0.005844155844155843,-0.04545454545454544,1.136892177589852,ok
freshness_only_top20,logistic_regression_l1,logistic_regression_l1,bad_side_vs_clean_winner,True,higher_is_worse,validation,0.4,189,5,0.026455026455026454,0.1746031746031746,0.08994708994708994,0.15873015873015872,0.22727272727272727,0.08465608465608465,0.11746031746031749,-0.002116402116402117,-0.04545454545454544,1.3233665559246952,ok
freshness_only_top20,logistic_regression_l1,logistic_regression_l1,bad_side_vs_clean_winner,True,higher_is_worse,robustness,0.05,961,101,0.10509885535900104,0.26742976066597296,0.18730489073881373,0.23309053069719043,0.425414364640884,0.24557752341311134,0.015178934986200932,0.0023320569400287067,-0.016574585635359074,1.3233934246421248,ok
freshness_only_top20,logistic_regression_l1,logistic_regression_l1,bad_side_vs_clean_winner,True,higher_is_worse,robustness,0.1,910,97,0.10659340659340659,0.26483516483516484,0.1835164835164835,0.22967032967032966,0.40331491712707185,0.24505494505494504,0.017773530817009053,0.003826608174434254,-0.03867403314917123,1.342212652212653,ok
freshness_only_top20,logistic_regression_l1,logistic_regression_l1,bad_side_vs_clean_winner,True,higher_is_worse,robustness,0.15,860,97,0.1127906976744186,0.25232558139534883,0.17209302325581396,0.21744186046511627,0.40331491712707185,0.24883720930232558,0.03028311425682506,0.010023899255446264,-0.03867403314917123,1.4202482715273421,ok
freshness_only_top20,logistic_regression_l1,logistic_regression_l1,bad_side_vs_clean_winner,True,higher_is_worse,robustness,0.2,809,93,0.11495673671199011,0.24351050679851668,0.16563658838071693,0.21013597033374537,0.39226519337016574,0.25092707045735474,0.039098188853657206,0.012189938293017774,-0.04972375690607733,1.4475228009220602,ok
freshness_only_top20,logistic_regression_l1,logistic_regression_l1,bad_side_vs_clean_winner,True,higher_is_worse,robustness,0.3,708,85,0.12005649717514125,0.22598870056497175,0.153954802259887,0.192090395480226,0.34806629834254144,0.2612994350282486,0.05661999508720214,0.01728969875616891,-0.09392265193370164,1.511738433348604,ok
freshness_only_top20,logistic_regression_l1,logistic_regression_l1,bad_side_vs_clean_winner,True,higher_is_worse,robustness,0.4,607,76,0.12520593080724876,0.214168039538715,0.14991762767710048,0.17957166392092258,0.3149171270718232,0.2487644151565074,0.0684406561134589,0.022439132388276425,-0.1270718232044199,1.576579544948574,ok
freshness_only_top20,logistic_regression_l1,logistic_regression_l1,bad_side_vs_all_non_bad,False,higher_is_worse,all,0.05,2902,269,0.09269469331495521,0.3549276361130255,0.24086836664369402,0.3180565127498277,0.47897196261682246,0.18090971743625087,0.021831774688938488,0.0020236622183922026,-0.01168224299065418,1.3801920197723336,ok
freshness_only_top20,logistic_regression_l1,logistic_regression_l1,bad_side_vs_all_non_bad,False,higher_is_worse,all,0.1,2749,251,0.09130592942888323,0.336485994907239,0.22299017824663514,0.3012004365223718,0.4532710280373832,0.1822480902146235,0.040273415894724995,0.0006348983323202217,-0.03738317757009346,1.3595138043928205,ok
freshness_only_top20,logistic_regression_l1,logistic_regression_l1,bad_side_vs_all_non_bad,False,higher_is_worse,all,0.15,2596,234,0.0901386748844376,0.31702619414483824,0.20955315870570107,0.2823574730354391,0.4205607476635514,0.1810477657935285,0.059733216657125776,-0.0005323562121254122,-0.07009345794392524,1.342133786727592,ok
freshness_only_top20,logistic_regression_l1,logistic_regression_l1,bad_side_vs_all_non_bad,False,higher_is_worse,all,0.2,2444,221,0.09042553191489362,0.2995090016366612,0.19435351882160393,0.266366612111293,0.39953271028037385,0.18289689034369885,0.07725040916530279,-0.0002454991816693841,-0.09112149532710279,1.3464049889948648,ok
freshness_only_top20,logistic_regression_l1,logistic_regression_l1,bad_side_vs_all_non_bad,False,higher_is_worse,all,0.3,2138,201,0.0940130963517306,0.27128157156220767,0.17212347988774557,0.2404115996258185,0.3644859813084112,0.17820392890551917,0.10547783923975634,0.0033420652551675867,-0.12616822429906543,1.3998225863681824,ok
freshness_only_top20,logistic_regression_l1,logistic_regression_l1,bad_side_vs_all_non_bad,False,higher_is_worse,all,0.4,1833,168,0.09165302782324058,0.24386252045826515,0.15111838516093834,0.2138570649208947,0.308411214953271,0.1778505182760502,0.13289689034369886,0.000981996726677578,-0.18224299065420563,1.3646819797957,ok
freshness_only_top20,logistic_regression_l1,logistic_regression_l1,bad_side_vs_all_non_bad,False,higher_is_worse,train,0.05,1641,159,0.09689213893967093,0.4344911639244363,0.3010359536867764,0.3930530164533821,0.5333333333333333,0.15478366849482023,0.012846799038526646,0.0019847315322635145,-0.01777777777777778,1.3363711455416742,ok
freshness_only_top20,logistic_regression_l1,logistic_regression_l1,bad_side_vs_all_non_bad,False,higher_is_worse,train,0.1,1555,149,0.09581993569131833,0.4180064308681672,0.28360128617363345,0.377491961414791,0.5066666666666667,0.15498392282958198,0.029331532094795776,0.0009125282839109183,-0.0444444444444444,1.321582933629595,ok
freshness_only_top20,logistic_regression_l1,logistic_regression_l1,bad_side_vs_all_non_bad,False,higher_is_worse,train,0.15,1468,135,0.09196185286103542,0.4039509536784741,0.2670299727520436,0.3651226158038147,0.4577777777777778,0.1539509536784741,0.04338700928448885,-0.0029455545463719923,-0.09333333333333332,1.2683708709388326,ok
freshness_only_top20,logistic_regression_l1,logistic_regression_l1,bad_side_vs_all_non_bad,False,higher_is_worse,train,0.2,1382,128,0.09261939218523878,0.3950795947901592,0.2575976845151954,0.35672937771345875,0.44,0.15267727930535455,0.05225836817280377,-0.002288015222168635,-0.1111111111111111,1.2774398892259762,ok
freshness_only_top20,logistic_regression_l1,logistic_regression_l1,bad_side_vs_all_non_bad,False,higher_is_worse,train,0.3,1209,106,0.08767576509511993,0.36889991728701405,0.23407775020678245,0.3308519437551696,0.37777777777777777,0.15053763440860216,0.07843804567594892,-0.007231642312287484,-0.17333333333333334,1.2092556106059484,ok
freshness_only_top20,logistic_regression_l1,logistic_regression_l1,bad_side_vs_all_non_bad,False,higher_is_worse,train,0.4,1036,94,0.09073359073359073,0.33687258687258687,0.21428571428571427,0.2982625482625483,0.3377777777777778,0.14864864864864866,0.1104653760903761,-0.00417381667381668,-0.21333333333333332,1.2514302389717675,ok
freshness_only_top20,logistic_regression_l1,logistic_regression_l1,bad_side_vs_all_non_bad,False,higher_is_worse,validation,0.05,299,9,0.030100334448160536,0.28762541806020064,0.1705685618729097,0.26755852842809363,0.2727272727272727,0.07692307692307693,0.004438074003291437,0.0015289058767319653,0.0,1.505716730185891,ok
freshness_only_top20,logistic_regression_l1,logistic_regression_l1,bad_side_vs_all_non_bad,False,higher_is_worse,validation,0.1,283,9,0.03180212014134275,0.26501766784452296,0.1519434628975265,0.24381625441696114,0.2727272727272727,0.07420494699646643,0.027045824218969117,0.0032306915699141826,0.0,1.5908455912564712,ok
freshness_only_top20,logistic_regression_l1,logistic_regression_l1,bad_side_vs_all_non_bad,False,higher_is_worse,validation,0.15,267,9,0.033707865168539325,0.2546816479400749,0.13857677902621723,0.23220973782771537,0.2727272727272727,0.0749063670411985,0.03738184412341716,0.005136436597110754,0.0,1.686177162268095,ok
freshness_only_top20,logistic_regression_l1,logistic_regression_l1,bad_side_vs_all_non_bad,False,higher_is_worse,validation,0.2,252,9,0.03571428571428571,0.24603174603174602,0.1349206349206349,0.23412698412698413,0.2727272727272727,0.07539682539682539,0.04603174603174606,0.007142857142857142,0.0,1.7865448504983386,ok
freshness_only_top20,logistic_regression_l1,logistic_regression_l1,bad_side_vs_all_non_bad,False,higher_is_worse,validation,0.3,220,8,0.03636363636363636,0.20454545454545456,0.10909090909090909,0.19090909090909092,0.2727272727272727,0.07727272727272727,0.08751803751803752,0.007792207792207791,0.0,1.819027484143763,ok
freshness_only_top20,logistic_regression_l1,logistic_regression_l1,bad_side_vs_all_non_bad,False,higher_is_worse,validation,0.4,189,7,0.037037037037037035,0.20634920634920634,0.1111111111111111,0.19047619047619047,0.2727272727272727,0.08465608465608465,0.08571428571428574,0.008465608465608464,0.0,1.8527131782945734,ok
freshness_only_top20,logistic_regression_l1,logistic_regression_l1,bad_side_vs_all_non_bad,False,higher_is_worse,robustness,0.05,961,101,0.10509885535900104,0.2611862643080125,0.18002081165452655,0.22580645161290322,0.425414364640884,0.24661810613943808,0.021422431344161386,0.0023320569400287067,-0.016574585635359074,1.3233934246421248,ok
freshness_only_top20,logistic_regression_l1,logistic_regression_l1,bad_side_vs_all_non_bad,False,higher_is_worse,robustness,0.1,910,98,0.1076923076923077,0.24615384615384617,0.16703296703296702,0.21318681318681318,0.4088397790055249,0.23956043956043957,0.036454849498327724,0.004925509273335363,-0.0331491712707182,1.356049896049897,ok
freshness_only_top20,logistic_regression_l1,logistic_regression_l1,bad_side_vs_all_non_bad,False,higher_is_worse,robustness,0.15,860,94,0.10930232558139535,0.23604651162790696,0.1569767441860465,0.20348837209302326,0.39779005524861877,0.23604651162790696,0.04656218402426693,0.006535527162423019,-0.04419889502762431,1.3763230672533007,ok
freshness_only_top20,logistic_regression_l1,logistic_regression_l1,bad_side_vs_all_non_bad,False,higher_is_worse,robustness,0.2,809,89,0.1100123609394314,0.22620519159456118,0.1508034610630408,0.19406674907292953,0.3756906077348066,0.2323856613102596,0.05640350405761271,0.007245562520459062,-0.06629834254143646,1.3852637557211114,ok
freshness_only_top20,logistic_regression_l1,logistic_regression_l1,bad_side_vs_all_non_bad,False,higher_is_worse,robustness,0.3,708,81,0.11440677966101695,0.21468926553672316,0.1440677966101695,0.1807909604519774,0.35359116022099446,0.22598870056497175,0.06791943011545074,0.011639981242044614,-0.08839779005524862,1.4405978011910223,ok
freshness_only_top20,logistic_regression_l1,logistic_regression_l1,bad_side_vs_all_non_bad,False,higher_is_worse,robustness,0.4,607,68,0.11202635914332784,0.20098846787479407,0.13179571663920922,0.171334431630972,0.2983425414364641,0.21746293245469522,0.08162022777737982,0.009259560724355506,-0.14364640883977897,1.4106238033750398,ok
freshness_only_top20,shallow_decision_tree_max_depth_3,shallow_decision_tree_max_depth_3,bad_side_vs_clean_winner,True,higher_is_worse,all,0.05,2902,272,0.09372846312887664,0.36905582356995176,0.2567195037904893,0.33218470020675395,0.48598130841121495,0.18125430737422468,0.0077035872320122545,0.0030574320323136367,-0.004672897196261683,1.3955844958292742,ok
freshness_only_top20,shallow_decision_tree_max_depth_3,shallow_decision_tree_max_depth_3,bad_side_vs_clean_winner,True,higher_is_worse,all,0.1,2749,264,0.09603492178974173,0.3608584939978174,0.24809021462349945,0.3259367042560931,0.4719626168224299,0.18370316478719534,0.015900916804146625,0.005363890693178719,-0.01869158878504673,1.4299268699589827,ok
freshness_only_top20,shallow_decision_tree_max_depth_3,shallow_decision_tree_max_depth_3,bad_side_vs_clean_winner,True,higher_is_worse,all,0.15,2596,258,0.09938366718027734,0.3543913713405239,0.23998459167950692,0.3204930662557781,0.4602803738317757,0.18335901386748846,0.022368039461440115,0.008712636083714337,-0.03037383177570091,1.479788534084268,ok
freshness_only_top20,shallow_decision_tree_max_depth_3,shallow_decision_tree_max_depth_3,bad_side_vs_clean_winner,True,higher_is_worse,all,0.2,2444,251,0.10270049099836334,0.3465630114566285,0.23567921440261866,0.3130114566284779,0.4485981308411215,0.18494271685761046,0.030196399345335523,0.012029459901800335,-0.042056074766355145,1.5291748970032175,ok
freshness_only_top20,shallow_decision_tree_max_depth_3,shallow_decision_tree_max_depth_3,bad_side_vs_clean_winner,True,higher_is_worse,all,0.3,2138,223,0.10430308699719364,0.3498596819457437,0.23386342376052385,0.31711880261927033,0.4135514018691589,0.186155285313377,0.02689972885622033,0.01363205590063063,-0.07710280373831774,1.5530369988064907,ok
freshness_only_top20,shallow_decision_tree_max_depth_3,shallow_decision_tree_max_depth_3,bad_side_vs_clean_winner,True,higher_is_worse,all,0.4,1833,187,0.10201854882705946,0.34206219312602293,0.22476813966175668,0.31260229132569556,0.3598130841121495,0.18057828696126568,0.03469721767594108,0.011347517730496456,-0.13084112149532712,1.5190210132249757,ok
freshness_only_top20,shallow_decision_tree_max_depth_3,shallow_decision_tree_max_depth_3,bad_side_vs_clean_winner,True,higher_is_worse,train,0.05,1641,158,0.09628275441803778,0.441194393662401,0.30895795246800734,0.40036563071297987,0.5333333333333333,0.15965874466788543,0.00614356930056198,0.0013753470106303706,-0.01777777777777778,1.327966295569714,ok
freshness_only_top20,shallow_decision_tree_max_depth_3,shallow_decision_tree_max_depth_3,bad_side_vs_clean_winner,True,higher_is_worse,train,0.1,1555,153,0.09839228295819935,0.4379421221864952,0.30610932475884245,0.39807073954983924,0.52,0.15884244372990353,0.009395840776467768,0.0034848755507919382,-0.03111111111111109,1.3570616701028726,ok
freshness_only_top20,shallow_decision_tree_max_depth_3,shallow_decision_tree_max_depth_3,bad_side_vs_clean_winner,True,higher_is_worse,train,0.15,1468,143,0.09741144414168937,0.43528610354223435,0.3024523160762943,0.39373297002724794,0.4888888888888889,0.15803814713896458,0.012051859420728617,0.002504036734281956,-0.062222222222222234,1.3435335892166893,ok
freshness_only_top20,shallow_decision_tree_max_depth_3,shallow_decision_tree_max_depth_3,bad_side_vs_clean_winner,True,higher_is_worse,train,0.2,1382,137,0.09913169319826338,0.4305354558610709,0.29739507959479017,0.3885672937771346,0.4711111111111111,0.15701881331403764,0.016802507101892072,0.004224285790855972,-0.08000000000000002,1.3672598814371777,ok
freshness_only_top20,shallow_decision_tree_max_depth_3,shallow_decision_tree_max_depth_3,bad_side_vs_clean_winner,True,higher_is_worse,train,0.3,1209,135,0.11166253101736973,0.4392059553349876,0.3118279569892473,0.3945409429280397,0.4666666666666667,0.15467328370554176,0.00813200762797539,0.016755123609962314,-0.08444444444444443,1.540089692752859,ok
freshness_only_top20,shallow_decision_tree_max_depth_3,shallow_decision_tree_max_depth_3,bad_side_vs_clean_winner,True,higher_is_worse,train,0.4,1036,129,0.12451737451737452,0.44015444015444016,0.30984555984555984,0.39575289575289574,0.4444444444444444,0.15637065637065636,0.007183522808522802,0.029609967109967106,-0.10666666666666669,1.7173883066740212,ok
freshness_only_top20,shallow_decision_tree_max_depth_3,shallow_decision_tree_max_depth_3,bad_side_vs_clean_winner,True,higher_is_worse,validation,0.05,299,7,0.023411371237458192,0.2909698996655518,0.1705685618729097,0.26755852842809363,0.2727272727272727,0.0802675585284281,0.0010935923979402684,-0.005160057333970378,0.0,1.1711130123668039,ok
freshness_only_top20,shallow_decision_tree_max_depth_3,shallow_decision_tree_max_depth_3,bad_side_vs_clean_winner,True,higher_is_worse,validation,0.1,283,7,0.024734982332155476,0.2968197879858657,0.17314487632508835,0.2756183745583039,0.2727272727272727,0.0706713780918728,-0.004756295922373643,-0.0038364462392730947,0.0,1.2373243487550332,ok
freshness_only_top20,shallow_decision_tree_max_depth_3,shallow_decision_tree_max_depth_3,bad_side_vs_clean_winner,True,higher_is_worse,validation,0.15,267,6,0.02247191011235955,0.29213483146067415,0.1760299625468165,0.27340823970037453,0.2727272727272727,0.06367041198501873,-7.133939718206861e-05,-0.006099518459069021,0.0,1.12411810817873,ok
freshness_only_top20,shallow_decision_tree_max_depth_3,shallow_decision_tree_max_depth_3,bad_side_vs_clean_winner,True,higher_is_worse,validation,0.2,252,5,0.01984126984126984,0.30158730158730157,0.18253968253968253,0.28174603174603174,0.22727272727272727,0.06349206349206349,-0.00952380952380949,-0.00873015873015873,-0.04545454545454544,0.9925249169435215,ok
freshness_only_top20,shallow_decision_tree_max_depth_3,shallow_decision_tree_max_depth_3,bad_side_vs_clean_winner,True,higher_is_worse,validation,0.3,220,4,0.01818181818181818,0.30454545454545456,0.18181818181818182,0.2863636363636364,0.18181818181818182,0.05454545454545454,-0.012481962481962483,-0.01038961038961039,-0.09090909090909088,0.9095137420718815,ok
freshness_only_top20,shallow_decision_tree_max_depth_3,shallow_decision_tree_max_depth_3,bad_side_vs_clean_winner,True,higher_is_worse,validation,0.4,189,4,0.021164021164021163,0.30687830687830686,0.19047619047619047,0.2962962962962963,0.18181818181818182,0.05291005291005291,-0.01481481481481478,-0.007407407407407408,-0.09090909090909088,1.0586932447397563,ok
freshness_only_top20,shallow_decision_tree_max_depth_3,shallow_decision_tree_max_depth_3,bad_side_vs_clean_winner,True,higher_is_worse,robustness,0.05,961,100,0.1040582726326743,0.2767950052029136,0.1987513007284079,0.24037460978147762,0.425414364640884,0.24349635796045785,0.005813690449260278,0.0012914742137019597,-0.016574585635359074,1.3102905194476482,ok
freshness_only_top20,shallow_decision_tree_max_depth_3,shallow_decision_tree_max_depth_3,bad_side_vs_clean_winner,True,higher_is_worse,robustness,0.1,910,94,0.10329670329670329,0.2813186813186813,0.2010989010989011,0.24615384615384617,0.40331491712707185,0.24725274725274726,0.0012900143334925729,0.0005299048777309551,-0.03867403314917123,1.3007009207009215,ok
freshness_only_top20,shallow_decision_tree_max_depth_3,shallow_decision_tree_max_depth_3,bad_side_vs_clean_winner,True,higher_is_worse,robustness,0.15,860,89,0.10348837209302325,0.2872093023255814,0.2069767441860465,0.25,0.39226519337016574,0.2453488372093023,-0.0046006066734075035,0.0007215736740509154,-0.04972375690607733,1.3031143934632314,ok
freshness_only_top20,shallow_decision_tree_max_depth_3,shallow_decision_tree_max_depth_3,bad_side_vs_clean_winner,True,higher_is_worse,robustness,0.2,809,85,0.10506798516687268,0.2892459826946848,0.207663782447466,0.2546353522867738,0.3812154696132597,0.23980222496909764,-0.006637287042510931,0.0023011867479003495,-0.06077348066298338,1.3230047105201626,ok
freshness_only_top20,shallow_decision_tree_max_depth_3,shallow_decision_tree_max_depth_3,bad_side_vs_clean_winner,True,higher_is_worse,robustness,0.3,708,77,0.10875706214689265,0.2824858757062147,0.19915254237288135,0.25,0.35911602209944754,0.23728813559322035,0.0001228199459591961,0.005990263727920317,-0.08287292817679554,1.369457169033441,ok
freshness_only_top20,shallow_decision_tree_max_depth_3,shallow_decision_tree_max_depth_3,bad_side_vs_clean_winner,True,higher_is_worse,robustness,0.4,607,63,0.10378912685337727,0.2784184514003295,0.1927512355848435,0.2471169686985173,0.2983425414364641,0.2273476112026359,0.004190244251844388,0.0010223284344049316,-0.14364640883977897,1.306901464891581,ok
freshness_only_top20,shallow_decision_tree_max_depth_3,shallow_decision_tree_max_depth_3,bad_side_vs_all_non_bad,False,higher_is_worse,all,0.05,2902,271,0.09338387319090283,0.3538938662991041,0.2501722949689869,0.3159889731219848,0.48130841121495327,0.17987594762232942,0.022865544502859936,0.0027128420943398207,-0.009345794392523366,1.3904536704769606,ok
freshness_only_top20,shallow_decision_tree_max_depth_3,shallow_decision_tree_max_depth_3,bad_side_vs_all_non_bad,False,higher_is_worse,all,0.1,2749,264,0.09603492178974173,0.33466715169152417,0.2393597671880684,0.2979265187340851,0.4742990654205608,0.17824663514005093,0.042092259110439845,0.005363890693178719,-0.016355140186915862,1.4299268699589827,ok
freshness_only_top20,shallow_decision_tree_max_depth_3,shallow_decision_tree_max_depth_3,bad_side_vs_all_non_bad,False,higher_is_worse,all,0.15,2596,250,0.0963020030816641,0.31317411402157164,0.21802773497688752,0.2796610169491525,0.4532710280373832,0.17719568567026195,0.06358529678039238,0.005630971985101096,-0.03738317757009346,1.4339036182987095,ok
freshness_only_top20,shallow_decision_tree_max_depth_3,shallow_decision_tree_max_depth_3,bad_side_vs_all_non_bad,False,higher_is_worse,all,0.2,2444,238,0.09738134206219312,0.2958265139116203,0.20294599018003273,0.2614566284779051,0.4322429906542056,0.1734860883797054,0.08093289689034372,0.006710310965630115,-0.05841121495327101,1.4499746035329313,ok
freshness_only_top20,shallow_decision_tree_max_depth_3,shallow_decision_tree_max_depth_3,bad_side_vs_all_non_bad,False,higher_is_worse,all,0.3,2138,210,0.09822263797942002,0.27268475210477083,0.18288119738072967,0.2404115996258185,0.3878504672897196,0.16557530402245088,0.10407465869719318,0.007551606882857012,-0.10280373831775702,1.4625012096383994,ok
freshness_only_top20,shallow_decision_tree_max_depth_3,shallow_decision_tree_max_depth_3,bad_side_vs_all_non_bad,False,higher_is_worse,all,0.4,1833,184,0.10038188761593017,0.2591380250954719,0.1734860883797054,0.22858701582105836,0.34345794392523366,0.16093835242771412,0.11762138570649211,0.009710856519367164,-0.14719626168224298,1.4946516921571953,ok
freshness_only_top20,shallow_decision_tree_max_depth_3,shallow_decision_tree_max_depth_3,bad_side_vs_all_non_bad,False,higher_is_worse,train,0.05,1641,160,0.09750152346130408,0.43266301035953686,0.30591102985984153,0.39061547836684946,0.5422222222222223,0.14686166971358927,0.014674952603426106,0.0025941160538966723,-0.008888888888888835,1.3447759955136345,ok
freshness_only_top20,shallow_decision_tree_max_depth_3,shallow_decision_tree_max_depth_3,bad_side_vs_all_non_bad,False,higher_is_worse,train,0.1,1555,152,0.0977491961414791,0.4135048231511254,0.2977491961414791,0.3723472668810289,0.5244444444444445,0.1472668810289389,0.033833139811837554,0.00284178873407169,-0.026666666666666616,1.3481919859845535,ok
freshness_only_top20,shallow_decision_tree_max_depth_3,shallow_decision_tree_max_depth_3,bad_side_vs_all_non_bad,False,higher_is_worse,train,0.15,1468,139,0.0946866485013624,0.40054495912806537,0.2826975476839237,0.35967302452316074,0.49333333333333335,0.14645776566757493,0.046793003834897595,-0.00022075890604501824,-0.05777777777777776,1.305952230077761,ok
freshness_only_top20,shallow_decision_tree_max_depth_3,shallow_decision_tree_max_depth_3,bad_side_vs_all_non_bad,False,higher_is_worse,train,0.2,1382,128,0.09261939218523878,0.3885672937771346,0.27134587554269174,0.3480463096960926,0.4488888888888889,0.14399421128798842,0.05877066918582835,-0.002288015222168635,-0.10222222222222221,1.2774398892259762,ok
freshness_only_top20,shallow_decision_tree_max_depth_3,shallow_decision_tree_max_depth_3,bad_side_vs_all_non_bad,False,higher_is_worse,train,0.3,1209,116,0.09594706368899918,0.3490488006617039,0.24400330851943755,0.3093465674110835,0.4088888888888889,0.13399503722084366,0.09828916230125906,0.0010396562815917637,-0.1422222222222222,1.3233363285876416,ok
freshness_only_top20,shallow_decision_tree_max_depth_3,shallow_decision_tree_max_depth_3,bad_side_vs_all_non_bad,False,higher_is_worse,train,0.4,1036,104,0.10038610038610038,0.3156370656370656,0.21621621621621623,0.2750965250965251,0.3688888888888889,0.13416988416988418,0.13170089732589735,0.005478692978692967,-0.18222222222222223,1.3845611154581257,ok
freshness_only_top20,shallow_decision_tree_max_depth_3,shallow_decision_tree_max_depth_3,bad_side_vs_all_non_bad,False,higher_is_worse,validation,0.05,299,9,0.030100334448160536,0.2809364548494983,0.1605351170568562,0.26421404682274247,0.2727272727272727,0.06354515050167224,0.011127037213993773,0.0015289058767319653,0.0,1.505716730185891,ok
freshness_only_top20,shallow_decision_tree_max_depth_3,shallow_decision_tree_max_depth_3,bad_side_vs_all_non_bad,False,higher_is_worse,validation,0.1,283,9,0.03180212014134275,0.2791519434628975,0.16607773851590105,0.26148409893992935,0.2727272727272727,0.06007067137809187,0.012911548600594569,0.0032306915699141826,0.0,1.5908455912564712,ok
freshness_only_top20,shallow_decision_tree_max_depth_3,shallow_decision_tree_max_depth_3,bad_side_vs_all_non_bad,False,higher_is_worse,validation,0.15,267,8,0.0299625468164794,0.2696629213483146,0.16104868913857678,0.250936329588015,0.2727272727272727,0.0599250936329588,0.02240057071517748,0.0013911182450508305,0.0,1.4988241442383068,ok
freshness_only_top20,shallow_decision_tree_max_depth_3,shallow_decision_tree_max_depth_3,bad_side_vs_all_non_bad,False,higher_is_worse,validation,0.2,252,8,0.031746031746031744,0.26587301587301587,0.15873015873015872,0.24603174603174602,0.2727272727272727,0.05952380952380952,0.02619047619047621,0.0031746031746031737,0.0,1.5880398671096343,ok
freshness_only_top20,shallow_decision_tree_max_depth_3,shallow_decision_tree_max_depth_3,bad_side_vs_all_non_bad,False,higher_is_worse,validation,0.3,220,6,0.02727272727272727,0.24545454545454545,0.15454545454545454,0.22727272727272727,0.22727272727272727,0.06363636363636363,0.04660894660894663,-0.0012987012987012991,-0.04545454545454544,1.3642706131078222,ok
freshness_only_top20,shallow_decision_tree_max_depth_3,shallow_decision_tree_max_depth_3,bad_side_vs_all_non_bad,False,higher_is_worse,validation,0.4,189,5,0.026455026455026454,0.2222222222222222,0.13756613756613756,0.20634920634920634,0.18181818181818182,0.06349206349206349,0.06984126984126987,-0.002116402116402117,-0.09090909090909088,1.3233665559246952,ok
freshness_only_top20,shallow_decision_tree_max_depth_3,shallow_decision_tree_max_depth_3,bad_side_vs_all_non_bad,False,higher_is_worse,robustness,0.05,961,100,0.1040582726326743,0.2695109261186264,0.18834547346514047,0.2351716961498439,0.430939226519337,0.2445369406867846,0.013097769533547465,0.0012914742137019597,-0.011049723756906049,1.3102905194476482,ok
freshness_only_top20,shallow_decision_tree_max_depth_3,shallow_decision_tree_max_depth_3,bad_side_vs_all_non_bad,False,higher_is_worse,robustness,0.1,910,97,0.10659340659340659,0.24615384615384617,0.16703296703296702,0.21428571428571427,0.4143646408839779,0.24835164835164836,0.036454849498327724,0.003826608174434254,-0.02762430939226518,1.342212652212653,ok
freshness_only_top20,shallow_decision_tree_max_depth_3,shallow_decision_tree_max_depth_3,bad_side_vs_all_non_bad,False,higher_is_worse,robustness,0.15,860,96,0.11162790697674418,0.22906976744186047,0.15232558139534882,0.19651162790697674,0.4088397790055249,0.25,0.05353892821031342,0.008861108557771849,-0.0331491712707182,1.4056065367693282,ok
freshness_only_top20,shallow_decision_tree_max_depth_3,shallow_decision_tree_max_depth_3,bad_side_vs_all_non_bad,False,higher_is_worse,robustness,0.2,809,93,0.11495673671199011,0.22867737948084055,0.15203955500618047,0.1965389369592089,0.40331491712707185,0.24721878862793573,0.05393131617133334,0.012189938293017774,-0.03867403314917123,1.4475228009220602,ok
freshness_only_top20,shallow_decision_tree_max_depth_3,shallow_decision_tree_max_depth_3,bad_side_vs_all_non_bad,False,higher_is_worse,robustness,0.3,708,80,0.11299435028248588,0.211864406779661,0.1370056497175141,0.17937853107344634,0.35359116022099446,0.23728813559322035,0.07074428887251288,0.01022755186351354,-0.08839779005524862,1.422812643151627,ok
freshness_only_top20,shallow_decision_tree_max_depth_3,shallow_decision_tree_max_depth_3,bad_side_vs_all_non_bad,False,higher_is_worse,robustness,0.4,607,71,0.11696869851729819,0.2042833607907743,0.13179571663920922,0.17792421746293247,0.30939226519337015,0.2355848434925865,0.07832533486139959,0.014201900098325851,-0.13259668508287292,1.472857206465115,ok
freshness_only_top20,scorecard_quantile_binning,scorecard_quantile_binning,bad_side_vs_clean_winner,True,higher_is_worse,all,0.05,2902,264,0.09097174362508614,0.3614748449345279,0.24776016540317022,0.32356995175740866,0.4696261682242991,0.17436250861474845,0.015284565867436095,0.00030071252852313657,-0.021028037383177545,1.3545378930107659,ok
freshness_only_top20,scorecard_quantile_binning,scorecard_quantile_binning,bad_side_vs_clean_winner,True,higher_is_worse,all,0.1,2749,253,0.09203346671516915,0.3466715169152419,0.23208439432520916,0.3121134958166606,0.45560747663551404,0.17497271735176428,0.030087893886722117,0.0013624356186061476,-0.03504672897196259,1.3703465837106916,ok
freshness_only_top20,scorecard_quantile_binning,scorecard_quantile_binning,bad_side_vs_clean_winner,True,higher_is_worse,all,0.15,2596,242,0.09322033898305085,0.33359013867488446,0.2172573189522342,0.300462249614792,0.441588785046729,0.17372881355932204,0.04316927212707955,0.002549307886487842,-0.04906542056074764,1.3880187025131507,ok
freshness_only_top20,scorecard_quantile_binning,scorecard_quantile_binning,bad_side_vs_clean_winner,True,higher_is_worse,all,0.2,2444,230,0.09410801963993454,0.32774140752864156,0.21194762684124385,0.2945990180032733,0.4158878504672897,0.17062193126022912,0.04901800327332245,0.0034369885433715303,-0.07476635514018692,1.4012359613973706,ok
freshness_only_top20,scorecard_quantile_binning,scorecard_quantile_binning,bad_side_vs_clean_winner,True,higher_is_worse,all,0.3,2138,203,0.09494855004677269,0.31431244153414406,0.19971936389148737,0.2825070159027128,0.3878504672897196,0.16744621141253507,0.06244696926781995,0.004277518950209683,-0.10280373831775702,1.4137511693171194,ok
freshness_only_top20,scorecard_quantile_binning,scorecard_quantile_binning,bad_side_vs_clean_winner,True,higher_is_worse,all,0.4,1833,171,0.09328968903436989,0.2989634478996181,0.18821603927986907,0.2695035460992908,0.3364485981308411,0.16803055100927441,0.07779596290234592,0.002618657937806884,-0.15420560747663553,1.3890513008634806,ok
freshness_only_top20,scorecard_quantile_binning,scorecard_quantile_binning,bad_side_vs_clean_winner,True,higher_is_worse,train,0.05,1641,152,0.09262644728823888,0.4344911639244363,0.29981718464351004,0.3930530164533821,0.5244444444444445,0.15722120658135283,0.012846799038526646,-0.0022809601191685347,-0.026666666666666616,1.2775371957379527,ok
freshness_only_top20,scorecard_quantile_binning,scorecard_quantile_binning,bad_side_vs_clean_winner,True,higher_is_worse,train,0.1,1555,146,0.09389067524115756,0.4231511254019293,0.28938906752411575,0.38263665594855306,0.5111111111111111,0.15562700964630224,0.02418683756103368,-0.0010167321662498535,-0.040000000000000036,1.2949738812746368,ok
freshness_only_top20,scorecard_quantile_binning,scorecard_quantile_binning,bad_side_vs_clean_winner,True,higher_is_worse,train,0.15,1468,142,0.09673024523160763,0.4114441416893733,0.276566757493188,0.3726158038147139,0.49333333333333335,0.15326975476839236,0.03589382127358964,0.0018228378242002158,-0.05777777777777776,1.3341382494319574,ok
freshness_only_top20,scorecard_quantile_binning,scorecard_quantile_binning,bad_side_vs_clean_winner,True,higher_is_worse,train,0.2,1382,134,0.09696092619392185,0.40086830680173663,0.2662807525325615,0.36324167872648333,0.4666666666666667,0.14978292329956586,0.046469656161226336,0.002053518786514441,-0.08444444444444443,1.337319884033444,ok
freshness_only_top20,scorecard_quantile_binning,scorecard_quantile_binning,bad_side_vs_clean_winner,True,higher_is_worse,train,0.3,1209,122,0.10090984284532671,0.3937138130686518,0.2588916459884202,0.3564929693961952,0.44,0.14557485525227462,0.05362414989431119,0.0060024354379192985,-0.1111111111111111,1.3917847593766575,ok
freshness_only_top20,scorecard_quantile_binning,scorecard_quantile_binning,bad_side_vs_clean_winner,True,higher_is_worse,train,0.4,1036,104,0.10038610038610038,0.388996138996139,0.2528957528957529,0.3503861003861004,0.4,0.1476833976833977,0.05834182396682397,0.005478692978692967,-0.15111111111111108,1.3845611154581257,ok
freshness_only_top20,scorecard_quantile_binning,scorecard_quantile_binning,bad_side_vs_clean_winner,True,higher_is_worse,validation,0.05,299,9,0.030100334448160536,0.27759197324414714,0.15719063545150502,0.2608695652173913,0.2727272727272727,0.07357859531772576,0.014471518819344942,0.0015289058767319653,0.0,1.505716730185891,ok
freshness_only_top20,scorecard_quantile_binning,scorecard_quantile_binning,bad_side_vs_clean_winner,True,higher_is_worse,validation,0.1,283,9,0.03180212014134275,0.26855123674911663,0.1519434628975265,0.2508833922261484,0.2727272727272727,0.0706713780918728,0.023512255314375452,0.0032306915699141826,0.0,1.5908455912564712,ok
freshness_only_top20,scorecard_quantile_binning,scorecard_quantile_binning,bad_side_vs_clean_winner,True,higher_is_worse,validation,0.15,267,9,0.033707865168539325,0.25842696629213485,0.14606741573033707,0.2397003745318352,0.2727272727272727,0.06741573033707865,0.03363652577135723,0.005136436597110754,0.0,1.686177162268095,ok
freshness_only_top20,scorecard_quantile_binning,scorecard_quantile_binning,bad_side_vs_clean_winner,True,higher_is_worse,validation,0.2,252,9,0.03571428571428571,0.26587301587301587,0.15079365079365079,0.24603174603174602,0.2727272727272727,0.06349206349206349,0.02619047619047621,0.007142857142857142,0.0,1.7865448504983386,ok
freshness_only_top20,scorecard_quantile_binning,scorecard_quantile_binning,bad_side_vs_clean_winner,True,higher_is_worse,validation,0.3,220,6,0.02727272727272727,0.2636363636363636,0.15,0.2409090909090909,0.2727272727272727,0.06363636363636363,0.028427128427128467,-0.0012987012987012991,0.0,1.3642706131078222,ok
freshness_only_top20,scorecard_quantile_binning,scorecard_quantile_binning,bad_side_vs_clean_winner,True,higher_is_worse,validation,0.4,189,5,0.026455026455026454,0.2751322751322751,0.15873015873015872,0.24867724867724866,0.22727272727272727,0.06349206349206349,0.016931216931216964,-0.002116402116402117,-0.04545454545454544,1.3233665559246952,ok
freshness_only_top20,scorecard_quantile_binning,scorecard_quantile_binning,bad_side_vs_clean_winner,True,higher_is_worse,robustness,0.05,961,99,0.10301768990634755,0.2643080124869927,0.18314255983350677,0.2299687825182102,0.4198895027624309,0.24349635796045785,0.018300683165181186,0.0002508914873752127,-0.022099447513812154,1.2971876142531718,ok
freshness_only_top20,scorecard_quantile_binning,scorecard_quantile_binning,bad_side_vs_clean_winner,True,higher_is_worse,robustness,0.1,910,98,0.1076923076923077,0.24945054945054945,0.16813186813186815,0.2175824175824176,0.4143646408839779,0.24395604395604395,0.03315814620162444,0.004925509273335363,-0.02762430939226518,1.356049896049897,ok
freshness_only_top20,scorecard_quantile_binning,scorecard_quantile_binning,bad_side_vs_clean_winner,True,higher_is_worse,robustness,0.15,860,95,0.11046511627906977,0.24883720930232558,0.16744186046511628,0.21627906976744185,0.4088397790055249,0.24302325581395348,0.033771486349848306,0.007698317860097434,-0.0331491712707182,1.3909648020113146,ok
freshness_only_top20,scorecard_quantile_binning,scorecard_quantile_binning,bad_side_vs_clean_winner,True,higher_is_worse,robustness,0.2,809,92,0.11372064276885044,0.242274412855377,0.15822002472187885,0.21137206427688504,0.39779005524861877,0.23485784919653893,0.04033428279679688,0.010953844349878103,-0.04419889502762431,1.431958039621823,ok
freshness_only_top20,scorecard_quantile_binning,scorecard_quantile_binning,bad_side_vs_clean_winner,True,higher_is_worse,robustness,0.3,708,85,0.12005649717514125,0.2231638418079096,0.1440677966101695,0.192090395480226,0.3812154696132597,0.2344632768361582,0.05944485384426429,0.01728969875616891,-0.06077348066298338,1.511738433348604,ok
freshness_only_top20,scorecard_quantile_binning,scorecard_quantile_binning,bad_side_vs_clean_winner,True,higher_is_worse,robustness,0.4,607,71,0.11696869851729819,0.21087314662273476,0.13509060955518945,0.1828665568369028,0.32044198895027626,0.22075782537067545,0.07173554902943913,0.014201900098325851,-0.12154696132596682,1.472857206465115,ok
freshness_only_top20,scorecard_quantile_binning,scorecard_quantile_binning,bad_side_vs_all_non_bad,False,higher_is_worse,all,0.05,2902,263,0.09062715368711234,0.36044107512060647,0.24465885596140594,0.3242591316333563,0.4672897196261682,0.1753962784286699,0.016318335681357543,-4.387740945066554e-05,-0.023364485981308414,1.3494070676584526,ok
freshness_only_top20,scorecard_quantile_binning,scorecard_quantile_binning,bad_side_vs_all_non_bad,False,higher_is_worse,all,0.1,2749,247,0.08985085485631139,0.3401236813386686,0.22699163332120773,0.30592942888323027,0.4439252336448598,0.17315387413604946,0.03663572946329541,-0.0008201762402516161,-0.04672897196261683,1.3378482457570784,ok
freshness_only_top20,scorecard_quantile_binning,scorecard_quantile_binning,bad_side_vs_all_non_bad,False,higher_is_worse,all,0.15,2596,233,0.08975346687211094,0.32819722650231126,0.21571648690292758,0.2942989214175655,0.42289719626168226,0.17180277349768874,0.048562184299652755,-0.0009175642244520638,-0.06775700934579437,1.3363981722543974,ok
freshness_only_top20,scorecard_quantile_binning,scorecard_quantile_binning,bad_side_vs_all_non_bad,False,higher_is_worse,all,0.2,2444,211,0.08633387888707038,0.3183306055646481,0.20540098199672668,0.28477905073649756,0.3925233644859813,0.16693944353518822,0.05842880523731592,-0.0043371522094926285,-0.09813084112149534,1.285481686325414,ok
freshness_only_top20,scorecard_quantile_binning,scorecard_quantile_binning,bad_side_vs_all_non_bad,False,higher_is_worse,all,0.3,2138,184,0.08606173994387278,0.2998129092609916,0.18849391955098221,0.2684752104770814,0.3411214953271028,0.1618334892422825,0.07694650154097243,-0.004609291152690223,-0.14953271028037385,1.2814296313022167,ok
freshness_only_top20,scorecard_quantile_binning,scorecard_quantile_binning,bad_side_vs_all_non_bad,False,higher_is_worse,all,0.4,1833,154,0.08401527550463721,0.281505728314239,0.1718494271685761,0.25259138025095473,0.3014018691588785,0.15657392253136934,0.09525368248772503,-0.006655755591925799,-0.18925233644859812,1.2509584814793917,ok
freshness_only_top20,scorecard_quantile_binning,scorecard_quantile_binning,bad_side_vs_all_non_bad,False,higher_is_worse,train,0.05,1641,155,0.09445460085313832,0.4351005484460695,0.3016453382084095,0.39366240097501526,0.5288888888888889,0.15295551492992077,0.012237414516893474,-0.000452806554269089,-0.022222222222222254,1.3027517456538333,ok
freshness_only_top20,scorecard_quantile_binning,scorecard_quantile_binning,bad_side_vs_all_non_bad,False,higher_is_worse,train,0.1,1555,147,0.09453376205787781,0.4237942122186495,0.2881028938906752,0.38263665594855306,0.49777777777777776,0.1504823151125402,0.023543750744313474,-0.0003736453495296055,-0.053333333333333344,1.303843565392956,ok
freshness_only_top20,scorecard_quantile_binning,scorecard_quantile_binning,bad_side_vs_all_non_bad,False,higher_is_worse,train,0.15,1468,134,0.09128065395095368,0.40735694822888285,0.27043596730245234,0.36716621253405995,0.4577777777777778,0.15190735694822888,0.03998101473408011,-0.0036267534564537324,-0.09333333333333332,1.2589755311541007,ok
freshness_only_top20,scorecard_quantile_binning,scorecard_quantile_binning,bad_side_vs_all_non_bad,False,higher_is_worse,train,0.2,1382,124,0.08972503617945007,0.3979739507959479,0.2619392185238784,0.35745296671490595,0.4222222222222222,0.14905933429811866,0.04936401216701508,-0.005182371227957339,-0.1288888888888889,1.2375198926876647,ok
freshness_only_top20,scorecard_quantile_binning,scorecard_quantile_binning,bad_side_vs_all_non_bad,False,higher_is_worse,train,0.3,1209,101,0.08354011579818031,0.37965260545905705,0.24648469809760132,0.3424317617866005,0.37777777777777777,0.14557485525227462,0.06768535750390592,-0.011367291609227101,-0.17333333333333334,1.1522152516151019,ok
freshness_only_top20,scorecard_quantile_binning,scorecard_quantile_binning,bad_side_vs_all_non_bad,False,higher_is_worse,train,0.4,1036,82,0.07915057915057915,0.3474903474903475,0.21235521235521235,0.31756756756756754,0.30666666666666664,0.14575289575289574,0.09984761547261545,-0.015756828256828267,-0.24444444444444446,1.0916731871881376,ok
freshness_only_top20,scorecard_quantile_binning,scorecard_quantile_binning,bad_side_vs_all_non_bad,False,higher_is_worse,validation,0.05,299,9,0.030100334448160536,0.27424749163879597,0.15719063545150502,0.25752508361204013,0.2727272727272727,0.07357859531772576,0.01781600042469611,0.0015289058767319653,0.0,1.505716730185891,ok
freshness_only_top20,scorecard_quantile_binning,scorecard_quantile_binning,bad_side_vs_all_non_bad,False,higher_is_worse,validation,0.1,283,9,0.03180212014134275,0.26855123674911663,0.1519434628975265,0.2508833922261484,0.2727272727272727,0.0636042402826855,0.023512255314375452,0.0032306915699141826,0.0,1.5908455912564712,ok
freshness_only_top20,scorecard_quantile_binning,scorecard_quantile_binning,bad_side_vs_all_non_bad,False,higher_is_worse,validation,0.15,267,9,0.033707865168539325,0.26217228464419473,0.149812734082397,0.24344569288389514,0.2727272727272727,0.0599250936329588,0.02989120741929735,0.005136436597110754,0.0,1.686177162268095,ok
freshness_only_top20,scorecard_quantile_binning,scorecard_quantile_binning,bad_side_vs_all_non_bad,False,higher_is_worse,validation,0.2,252,8,0.031746031746031744,0.2619047619047619,0.15079365079365079,0.24206349206349206,0.2727272727272727,0.05555555555555555,0.030158730158730163,0.0031746031746031737,0.0,1.5880398671096343,ok
freshness_only_top20,scorecard_quantile_binning,scorecard_quantile_binning,bad_side_vs_all_non_bad,False,higher_is_worse,validation,0.3,220,7,0.031818181818181815,0.24545454545454545,0.13636363636363635,0.22272727272727272,0.22727272727272727,0.06363636363636363,0.04660894660894663,0.0032467532467532444,-0.04545454545454544,1.5916490486257926,ok
freshness_only_top20,scorecard_quantile_binning,scorecard_quantile_binning,bad_side_vs_all_non_bad,False,higher_is_worse,validation,0.4,189,6,0.031746031746031744,0.23809523809523808,0.13227513227513227,0.2222222222222222,0.22727272727272727,0.0582010582010582,0.053968253968254,0.0031746031746031737,-0.04545454545454544,1.5880398671096343,ok
freshness_only_top20,scorecard_quantile_binning,scorecard_quantile_binning,bad_side_vs_all_non_bad,False,higher_is_worse,robustness,0.05,961,99,0.10301768990634755,0.2643080124869927,0.18314255983350677,0.2299687825182102,0.4198895027624309,0.24141519250780438,0.018300683165181186,0.0002508914873752127,-0.022099447513812154,1.2971876142531718,ok
freshness_only_top20,scorecard_quantile_binning,scorecard_quantile_binning,bad_side_vs_all_non_bad,False,higher_is_worse,robustness,0.1,910,96,0.1054945054945055,0.24505494505494504,0.16593406593406593,0.21318681318681318,0.4143646408839779,0.23846153846153847,0.03755375059722885,0.002727707075533159,-0.02762430939226518,1.3283754083754091,ok
freshness_only_top20,scorecard_quantile_binning,scorecard_quantile_binning,bad_side_vs_all_non_bad,False,higher_is_worse,robustness,0.15,860,91,0.1058139534883721,0.23255813953488372,0.15232558139534882,0.20116279069767443,0.39226519337016574,0.23953488372093024,0.050050556117290174,0.0030471550693997596,-0.04972375690607733,1.3323978629792592,ok
freshness_only_top20,scorecard_quantile_binning,scorecard_quantile_binning,bad_side_vs_all_non_bad,False,higher_is_worse,robustness,0.2,809,86,0.10630407911001236,0.22867737948084055,0.14833127317676142,0.19777503090234858,0.3701657458563536,0.2323856613102596,0.05393131617133334,0.0035372806910400206,-0.07182320441988949,1.3385694718203998,ok
freshness_only_top20,scorecard_quantile_binning,scorecard_quantile_binning,bad_side_vs_all_non_bad,False,higher_is_worse,robustness,0.3,708,75,0.1059322033898305,0.21045197740112995,0.1327683615819209,0.18361581920903955,0.3259668508287293,0.2231638418079096,0.07215671825104394,0.0031654049708581683,-0.1160220994475138,1.3338868529546504,ok
freshness_only_top20,scorecard_quantile_binning,scorecard_quantile_binning,bad_side_vs_all_non_bad,False,higher_is_worse,robustness,0.4,607,64,0.10543657331136738,0.18780889621087316,0.12026359143327842,0.1614497528830313,0.2983425414364641,0.21087314662273476,0.09479979944130074,0.0026697748923950465,-0.14364640883977897,1.3276459325882728,ok
freshness_only_top20,lightgbm_rejector_depth_3,lightgbm_rejector_depth_3,bad_side_vs_clean_winner,False,higher_is_worse,all,0.05,2902,274,0.09441764300482426,0.3676774638180565,0.253618194348725,0.33080634045485874,0.48598130841121495,0.18263266712611992,0.009081946983907518,0.003746611908261255,-0.004672897196261683,1.4058461465339012,ok
freshness_only_top20,lightgbm_rejector_depth_3,lightgbm_rejector_depth_3,bad_side_vs_clean_winner,False,higher_is_worse,all,0.1,2749,269,0.09785376500545653,0.3579483448526737,0.2448162968352128,0.3212077118952346,0.47897196261682246,0.18152055292833758,0.01881106594929033,0.007182733908893527,-0.01168224299065418,1.4570088182536602,ok
freshness_only_top20,lightgbm_rejector_depth_3,lightgbm_rejector_depth_3,bad_side_vs_clean_winner,False,higher_is_worse,all,0.15,2596,259,0.09976887519260401,0.35092449922958396,0.23728813559322035,0.3151001540832049,0.46261682242990654,0.17719568567026195,0.025834911572380048,0.009097844096041002,-0.028037383177570097,1.485524148557463,ok
freshness_only_top20,lightgbm_rejector_depth_3,lightgbm_rejector_depth_3,bad_side_vs_clean_winner,False,higher_is_worse,all,0.2,2444,254,0.1039279869067103,0.3416530278232406,0.22831423895253683,0.306873977086743,0.45560747663551404,0.1804418985270049,0.03510638297872343,0.013256955810147297,-0.03504672897196259,1.5474518878040526,ok
freshness_only_top20,lightgbm_rejector_depth_3,lightgbm_rejector_depth_3,bad_side_vs_clean_winner,False,higher_is_worse,all,0.3,2138,235,0.10991580916744621,0.32787652011225443,0.21702525724976612,0.29466791393826003,0.4322429906542056,0.1833489242282507,0.04888289068970958,0.019244778070883206,-0.05841121495327101,1.6366084965001135,ok
freshness_only_top20,lightgbm_rejector_depth_3,lightgbm_rejector_depth_3,bad_side_vs_clean_winner,False,higher_is_worse,all,0.4,1833,212,0.11565739225313694,0.31369339879978175,0.20567375886524822,0.28314238952536824,0.40186915887850466,0.18112384069830878,0.06306601200218226,0.024986361156573933,-0.08878504672897197,1.7220986887898122,ok
freshness_only_top20,lightgbm_rejector_depth_3,lightgbm_rejector_depth_3,bad_side_vs_clean_winner,False,higher_is_worse,train,0.05,1641,164,0.09993906154783669,0.4418037781840341,0.30956733698964045,0.3991468616697136,0.5511111111111111,0.15539305301645337,0.005534184778928863,0.005031654140429276,0.0,1.3783953954014754,ok
freshness_only_top20,lightgbm_rejector_depth_3,lightgbm_rejector_depth_3,bad_side_vs_clean_winner,False,higher_is_worse,train,0.1,1555,158,0.10160771704180065,0.4360128617363344,0.3016077170418006,0.3948553054662379,0.5333333333333333,0.16012861736334405,0.011325101226628553,0.006700309634393234,-0.01777777777777778,1.40141009069447,ok
freshness_only_top20,lightgbm_rejector_depth_3,lightgbm_rejector_depth_3,bad_side_vs_clean_winner,False,higher_is_worse,train,0.15,1468,152,0.10354223433242507,0.4332425068119891,0.2935967302452316,0.3923705722070845,0.5155555555555555,0.15940054495912806,0.01409545615097385,0.008634826925017658,-0.03555555555555556,1.4280916472792782,ok
freshness_only_top20,lightgbm_rejector_depth_3,lightgbm_rejector_depth_3,bad_side_vs_clean_winner,False,higher_is_worse,train,0.2,1382,148,0.10709117221418235,0.42547033285094066,0.29088277858176553,0.3827785817655572,0.5022222222222222,0.15629522431259044,0.021867630112022307,0.012183764806774938,-0.04888888888888887,1.4770398719175353,ok
freshness_only_top20,lightgbm_rejector_depth_3,lightgbm_rejector_depth_3,bad_side_vs_clean_winner,False,higher_is_worse,train,0.3,1209,137,0.11331679073614558,0.40198511166253104,0.2770885028949545,0.36145574855252277,0.4666666666666667,0.16294458229942102,0.04535285130043193,0.018409383328738163,-0.08444444444444443,1.5629058363491974,ok
freshness_only_top20,lightgbm_rejector_depth_3,lightgbm_rejector_depth_3,bad_side_vs_clean_winner,False,higher_is_worse,train,0.4,1036,129,0.12451737451737452,0.39864864864864863,0.2731660231660232,0.36293436293436293,0.4444444444444444,0.16216216216216217,0.048689314314314336,0.029609967109967106,-0.10666666666666669,1.7173883066740212,ok
freshness_only_top20,lightgbm_rejector_depth_3,lightgbm_rejector_depth_3,bad_side_vs_clean_winner,False,higher_is_worse,validation,0.05,299,5,0.016722408026755852,0.2842809364548495,0.16387959866220736,0.26755852842809363,0.22727272727272727,0.07023411371237458,0.007782555608642605,-0.011849020544672718,-0.04545454545454544,0.836509294547717,ok
freshness_only_top20,lightgbm_rejector_depth_3,lightgbm_rejector_depth_3,bad_side_vs_clean_winner,False,higher_is_worse,validation,0.1,283,5,0.0176678445229682,0.28975265017667845,0.16607773851590105,0.27208480565371024,0.22727272727272727,0.0706713780918728,0.0023108418868136305,-0.010903584048460372,-0.04545454545454544,0.8838031062535951,ok
freshness_only_top20,lightgbm_rejector_depth_3,lightgbm_rejector_depth_3,bad_side_vs_clean_winner,False,higher_is_worse,validation,0.15,267,5,0.018726591760299626,0.2958801498127341,0.16853932584269662,0.27715355805243447,0.22727272727272727,0.06741573033707865,-0.003816657749242003,-0.009844836811128944,-0.04545454545454544,0.9367650901489417,ok
freshness_only_top20,lightgbm_rejector_depth_3,lightgbm_rejector_depth_3,bad_side_vs_clean_winner,False,higher_is_worse,validation,0.2,252,5,0.01984126984126984,0.2976190476190476,0.17063492063492064,0.2777777777777778,0.22727272727272727,0.06746031746031746,-0.005555555555555536,-0.00873015873015873,-0.04545454545454544,0.9925249169435215,ok
freshness_only_top20,lightgbm_rejector_depth_3,lightgbm_rejector_depth_3,bad_side_vs_clean_winner,False,higher_is_worse,validation,0.3,220,5,0.022727272727272728,0.29545454545454547,0.17272727272727273,0.2727272727272727,0.22727272727272727,0.07272727272727272,-0.003391053391053389,-0.005844155844155843,-0.04545454545454544,1.136892177589852,ok
freshness_only_top20,lightgbm_rejector_depth_3,lightgbm_rejector_depth_3,bad_side_vs_clean_winner,False,higher_is_worse,validation,0.4,189,4,0.021164021164021163,0.2698412698412698,0.1693121693121693,0.24338624338624337,0.18181818181818182,0.07407407407407407,0.022222222222222254,-0.007407407407407408,-0.09090909090909088,1.0586932447397563,ok
freshness_only_top20,lightgbm_rejector_depth_3,lightgbm_rejector_depth_3,bad_side_vs_clean_winner,False,higher_is_worse,robustness,0.05,961,103,0.10718002081165452,0.2715920915712799,0.18938605619146723,0.23829344432882413,0.4419889502762431,0.24349635796045785,0.011016604080893999,0.004413222392682187,0.0,1.3495992350310777,ok
freshness_only_top20,lightgbm_rejector_depth_3,lightgbm_rejector_depth_3,bad_side_vs_clean_winner,False,higher_is_worse,robustness,0.1,910,101,0.11098901098901098,0.26593406593406593,0.1813186813186813,0.23406593406593407,0.430939226519337,0.23736263736263735,0.01667462971810796,0.008222212570038648,-0.011049723756906049,1.3975616275616283,ok
freshness_only_top20,lightgbm_rejector_depth_3,lightgbm_rejector_depth_3,bad_side_vs_clean_winner,False,higher_is_worse,robustness,0.15,860,98,0.11395348837209303,0.26046511627906976,0.17325581395348838,0.22790697674418606,0.425414364640884,0.23837209302325582,0.022143579373104127,0.011186689953120693,-0.016574585635359074,1.434890006285356,ok
freshness_only_top20,lightgbm_rejector_depth_3,lightgbm_rejector_depth_3,bad_side_vs_clean_winner,False,higher_is_worse,robustness,0.2,809,94,0.1161928306551298,0.25710754017305315,0.16934487021013597,0.2249690976514215,0.4088397790055249,0.23980222496909764,0.02550115547912074,0.013426032236157459,-0.0331491712707182,1.4630875622222974,ok
freshness_only_top20,lightgbm_rejector_depth_3,lightgbm_rejector_depth_3,bad_side_vs_clean_winner,False,higher_is_worse,robustness,0.3,708,84,0.11864406779661017,0.2542372881355932,0.1694915254237288,0.22175141242937854,0.3812154696132597,0.23022598870056496,0.028371407516580682,0.015877269377637837,-0.06077348066298338,1.4939532753092084,ok
freshness_only_top20,lightgbm_rejector_depth_3,lightgbm_rejector_depth_3,bad_side_vs_clean_winner,False,higher_is_worse,robustness,0.4,607,72,0.1186161449752883,0.25370675453047775,0.1696869851729819,0.22240527182866557,0.3425414364640884,0.2273476112026359,0.02890194112169614,0.015849346556315966,-0.09944751381215466,1.4936016741618068,ok
freshness_only_top20,lightgbm_rejector_depth_3,lightgbm_rejector_depth_3,bad_side_vs_all_non_bad,False,higher_is_worse,all,0.05,2902,266,0.09166092350103378,0.34734665747760163,0.23845623707787733,0.3094417643004824,0.4766355140186916,0.18401102687801515,0.029412753324362384,0.0009898924044707685,-0.014018691588785048,1.3647995437153932,ok
freshness_only_top20,lightgbm_rejector_depth_3,lightgbm_rejector_depth_3,bad_side_vs_all_non_bad,False,higher_is_worse,all,0.1,2749,260,0.09457984721716987,0.31902510003637685,0.2168061113132048,0.2830120043652237,0.4672897196261682,0.18479447071662422,0.05773431076558716,0.003908816120606867,-0.023364485981308414,1.4082613113232403,ok
freshness_only_top20,lightgbm_rejector_depth_3,lightgbm_rejector_depth_3,bad_side_vs_all_non_bad,False,higher_is_worse,all,0.15,2596,249,0.09591679506933744,0.29468412942989214,0.19761171032357472,0.2615562403697997,0.4485981308411215,0.1829738058551618,0.08207528137207187,0.005245763972774431,-0.042056074766355145,1.4281680038255147,ok
freshness_only_top20,lightgbm_rejector_depth_3,lightgbm_rejector_depth_3,bad_side_vs_all_non_bad,False,higher_is_worse,all,0.2,2444,238,0.09738134206219312,0.27086743044189854,0.1788052373158756,0.24058919803600654,0.42757009345794394,0.17798690671031098,0.10589198036006547,0.006710310965630115,-0.06308411214953269,1.4499746035329313,ok
freshness_only_top20,lightgbm_rejector_depth_3,lightgbm_rejector_depth_3,bad_side_vs_all_non_bad,False,higher_is_worse,all,0.3,2138,199,0.0930776426566885,0.23012160898035547,0.15060804490177737,0.20018709073900842,0.37850467289719625,0.17586529466791395,0.14663780182160854,0.0024066115601254906,-0.11214953271028039,1.3858940034192453,ok
freshness_only_top20,lightgbm_rejector_depth_3,lightgbm_rejector_depth_3,bad_side_vs_all_non_bad,False,higher_is_worse,all,0.4,1833,164,0.0894708128750682,0.19858156028368795,0.12329514457174032,0.1723949809056192,0.31542056074766356,0.1685761047463175,0.17817785051827606,-0.0012002182214948115,-0.17523364485981308,1.3321895517053264,ok
freshness_only_top20,lightgbm_rejector_depth_3,lightgbm_rejector_depth_3,bad_side_vs_all_non_bad,False,higher_is_worse,train,0.05,1641,154,0.09384521633150518,0.42778793418647165,0.2931139549055454,0.3863497867154174,0.5288888888888889,0.15539305301645337,0.019550028776491313,-0.001062191075902233,-0.022222222222222254,1.294346895681873,ok
freshness_only_top20,lightgbm_rejector_depth_3,lightgbm_rejector_depth_3,bad_side_vs_all_non_bad,False,higher_is_worse,train,0.1,1555,150,0.09646302250803858,0.40836012861736337,0.2765273311897106,0.3652733118971061,0.5155555555555555,0.1594855305466238,0.038977834345599593,0.0015556151006311664,-0.03555555555555556,1.3304526177479143,ok
freshness_only_top20,lightgbm_rejector_depth_3,lightgbm_rejector_depth_3,bad_side_vs_all_non_bad,False,higher_is_worse,train,0.15,1468,146,0.0994550408719346,0.39373297002724794,0.2677111716621253,0.35013623978201636,0.5022222222222222,0.15599455040871935,0.05360499293571502,0.00454763346452719,-0.04888888888888887,1.3717196085708856,ok
freshness_only_top20,lightgbm_rejector_depth_3,lightgbm_rejector_depth_3,bad_side_vs_all_non_bad,False,higher_is_worse,train,0.2,1382,132,0.0955137481910275,0.37988422575976843,0.2575976845151954,0.3386396526772793,0.4622222222222222,0.15050651230101303,0.06745373720319453,0.0006063407836200824,-0.0888888888888889,1.317359885764288,ok
freshness_only_top20,lightgbm_rejector_depth_3,lightgbm_rejector_depth_3,bad_side_vs_all_non_bad,False,higher_is_worse,train,0.3,1209,116,0.09594706368899918,0.33829611248966085,0.23407775020678245,0.29942100909842845,0.4177777777777778,0.13978494623655913,0.10904185047330212,0.0010396562815917637,-0.1333333333333333,1.3233363285876416,ok
freshness_only_top20,lightgbm_rejector_depth_3,lightgbm_rejector_depth_3,bad_side_vs_all_non_bad,False,higher_is_worse,train,0.4,1036,92,0.0888030888030888,0.2972972972972973,0.20173745173745175,0.26158301158301156,0.3377777777777778,0.13223938223938225,0.15004066566566565,-0.0061043186043186065,-0.21333333333333332,1.224804063674496,ok
freshness_only_top20,lightgbm_rejector_depth_3,lightgbm_rejector_depth_3,bad_side_vs_all_non_bad,False,higher_is_worse,validation,0.05,299,9,0.030100334448160536,0.27759197324414714,0.1605351170568562,0.2608695652173913,0.2727272727272727,0.07023411371237458,0.014471518819344942,0.0015289058767319653,0.0,1.505716730185891,ok
freshness_only_top20,lightgbm_rejector_depth_3,lightgbm_rejector_depth_3,bad_side_vs_all_non_bad,False,higher_is_worse,validation,0.1,283,9,0.03180212014134275,0.2756183745583039,0.15901060070671377,0.2579505300353357,0.2727272727272727,0.06007067137809187,0.016445117505188178,0.0032306915699141826,0.0,1.5908455912564712,ok
freshness_only_top20,lightgbm_rejector_depth_3,lightgbm_rejector_depth_3,bad_side_vs_all_non_bad,False,higher_is_worse,validation,0.15,267,9,0.033707865168539325,0.25842696629213485,0.14232209737827714,0.2397003745318352,0.2727272727272727,0.0599250936329588,0.03363652577135723,0.005136436597110754,0.0,1.686177162268095,ok
freshness_only_top20,lightgbm_rejector_depth_3,lightgbm_rejector_depth_3,bad_side_vs_all_non_bad,False,higher_is_worse,validation,0.2,252,8,0.031746031746031744,0.25396825396825395,0.1349206349206349,0.23412698412698413,0.2727272727272727,0.05952380952380952,0.038095238095238126,0.0031746031746031737,0.0,1.5880398671096343,ok
freshness_only_top20,lightgbm_rejector_depth_3,lightgbm_rejector_depth_3,bad_side_vs_all_non_bad,False,higher_is_worse,validation,0.3,220,5,0.022727272727272728,0.22727272727272727,0.10909090909090909,0.20909090909090908,0.18181818181818182,0.05909090909090909,0.06479076479076482,-0.005844155844155843,-0.09090909090909088,1.136892177589852,ok
freshness_only_top20,lightgbm_rejector_depth_3,lightgbm_rejector_depth_3,bad_side_vs_all_non_bad,False,higher_is_worse,validation,0.4,189,4,0.021164021164021163,0.20634920634920634,0.09523809523809523,0.19047619047619047,0.13636363636363635,0.0582010582010582,0.08571428571428574,-0.007407407407407408,-0.13636363636363635,1.0586932447397563,ok
freshness_only_top20,lightgbm_rejector_depth_3,lightgbm_rejector_depth_3,bad_side_vs_all_non_bad,False,higher_is_worse,robustness,0.05,961,101,0.10509885535900104,0.26222684703433924,0.18106139438085328,0.22580645161290322,0.425414364640884,0.24661810613943808,0.020381848617834653,0.0023320569400287067,-0.016574585635359074,1.3233934246421248,ok
freshness_only_top20,lightgbm_rejector_depth_3,lightgbm_rejector_depth_3,bad_side_vs_all_non_bad,False,higher_is_worse,robustness,0.1,910,97,0.10659340659340659,0.24285714285714285,0.16043956043956045,0.210989010989011,0.4088397790055249,0.24065934065934066,0.03975155279503104,0.003826608174434254,-0.0331491712707182,1.342212652212653,ok
freshness_only_top20,lightgbm_rejector_depth_3,lightgbm_rejector_depth_3,bad_side_vs_all_non_bad,False,higher_is_worse,robustness,0.15,860,90,0.10465116279069768,0.2313953488372093,0.15232558139534882,0.2,0.39226519337016574,0.23604651162790696,0.05121334681496459,0.0018843643717253444,-0.04972375690607733,1.3177561282212453,ok
freshness_only_top20,lightgbm_rejector_depth_3,lightgbm_rejector_depth_3,bad_side_vs_all_non_bad,False,higher_is_worse,robustness,0.2,809,86,0.10630407911001236,0.2249690976514215,0.14833127317676142,0.19283065512978986,0.3812154696132597,0.24103831891223734,0.057639598000752384,0.0035372806910400206,-0.06077348066298338,1.3385694718203998,ok
freshness_only_top20,lightgbm_rejector_depth_3,lightgbm_rejector_depth_3,bad_side_vs_all_non_bad,False,higher_is_worse,robustness,0.3,708,77,0.10875706214689265,0.211864406779661,0.12994350282485875,0.1807909604519774,0.3314917127071823,0.23163841807909605,0.07074428887251288,0.005990263727920317,-0.11049723756906077,1.369457169033441,ok
freshness_only_top20,lightgbm_rejector_depth_3,lightgbm_rejector_depth_3,bad_side_vs_all_non_bad,False,higher_is_worse,robustness,0.4,607,62,0.10214168039538715,0.1828665568369028,0.11532125205930807,0.15650741350906094,0.27624309392265195,0.21252059308072488,0.09974213881527108,-0.0006251180235851833,-0.16574585635359113,1.2861569971948892,ok
r_core_interaction_top20,logistic_regression_l2,logistic_regression_l2,bad_side_vs_clean_winner,True,higher_is_worse,all,0.05,2836,272,0.09590973201692525,0.4125528913963329,0.3018335684062059,0.3709449929478138,0.46261682242990654,0.19287729196050776,0.004392855422153397,0.004148178098639918,0.0,1.4280628374106323,ok
r_core_interaction_top20,logistic_regression_l2,logistic_regression_l2,bad_side_vs_clean_winner,True,higher_is_worse,all,0.1,2687,261,0.0971343505768515,0.40230740602902865,0.2932638630442873,0.3617417193896539,0.4439252336448598,0.1961295124674358,0.014638340789457638,0.005372796658566173,-0.01869158878504673,1.4462969854856724,ok
r_core_interaction_top20,logistic_regression_l2,logistic_regression_l2,bad_side_vs_clean_winner,True,higher_is_worse,all,0.15,2538,253,0.09968479117415288,0.3959810874704492,0.2872340425531915,0.3557919621749409,0.43457943925233644,0.19897557131599686,0.020964659348037096,0.007923237255867549,-0.028037383177570097,1.484272166517215,ok
r_core_interaction_top20,logistic_regression_l2,logistic_regression_l2,bad_side_vs_clean_winner,True,higher_is_worse,all,0.2,2388,242,0.10134003350083752,0.3877721943048576,0.28182579564489113,0.3479899497487437,0.4252336448598131,0.1984924623115578,0.029173552513628687,0.009578479582552188,-0.03738317757009346,1.5089181539883332,ok
r_core_interaction_top20,logistic_regression_l2,logistic_regression_l2,bad_side_vs_clean_winner,True,higher_is_worse,all,0.3,2090,218,0.10430622009569378,0.36698564593301436,0.2674641148325359,0.3282296650717703,0.3925233644859813,0.20574162679425836,0.049960100885471925,0.012544666177408445,-0.07009345794392524,1.5530836495627791,ok
r_core_interaction_top20,logistic_regression_l2,logistic_regression_l2,bad_side_vs_clean_winner,True,higher_is_worse,all,0.4,1791,194,0.10831937465103295,0.35678391959798994,0.2573981016192071,0.31714126186487995,0.35046728971962615,0.20770519262981574,0.060161827220496344,0.016557820732747613,-0.11214953271028039,1.6128381370453808,ok
r_core_interaction_top20,logistic_regression_l2,logistic_regression_l2,bad_side_vs_clean_winner,True,higher_is_worse,train,0.05,1598,160,0.10012515644555695,0.5068836045056321,0.37797246558197745,0.45807259073842305,0.5288888888888889,0.17083854818523153,-0.0065865159732494405,0.002085940759282437,-0.008888888888888946,1.3809620830024243,ok
r_core_interaction_top20,logistic_regression_l2,logistic_regression_l2,bad_side_vs_clean_winner,True,higher_is_worse,train,0.1,1514,154,0.10171730515191546,0.5026420079260238,0.3764861294583884,0.4537648612945839,0.5111111111111111,0.16974900924702774,-0.0023449193936411206,0.003678089465640952,-0.026666666666666727,1.4029215692298243,ok
r_core_interaction_top20,logistic_regression_l2,logistic_regression_l2,bad_side_vs_clean_winner,True,higher_is_worse,train,0.15,1430,148,0.1034965034965035,0.4972027972027972,0.37622377622377623,0.45034965034965035,0.5022222222222222,0.16923076923076924,0.0030942913295854413,0.005457287810228986,-0.03555555555555556,1.4274609111818417,ok
r_core_interaction_top20,logistic_regression_l2,logistic_regression_l2,bad_side_vs_clean_winner,True,higher_is_worse,train,0.2,1346,143,0.1062407132243685,0.49405646359583955,0.3736998514115899,0.4472511144130758,0.49333333333333335,0.17459138187221396,0.006240624936543093,0.008201497538093988,-0.04444444444444445,1.4653100363819465,ok
r_core_interaction_top20,logistic_regression_l2,logistic_regression_l2,bad_side_vs_clean_winner,True,higher_is_worse,train,0.3,1178,131,0.11120543293718166,0.48811544991511036,0.3684210526315789,0.44482173174872663,0.47555555555555556,0.17572156196943972,0.012181638617272283,0.01316621725090715,-0.062222222222222234,1.5337852320222916,ok
r_core_interaction_top20,logistic_regression_l2,logistic_regression_l2,bad_side_vs_clean_winner,True,higher_is_worse,train,0.4,1009,118,0.11694747274529237,0.4796828543111992,0.36174430128840435,0.4370664023785927,0.4311111111111111,0.17542120911793854,0.020614234221183414,0.018908257059017858,-0.10666666666666669,1.6129815053225294,ok
r_core_interaction_top20,logistic_regression_l2,logistic_regression_l2,bad_side_vs_clean_winner,True,higher_is_worse,validation,0.05,298,8,0.026845637583892617,0.3087248322147651,0.18120805369127516,0.28859060402684567,0.3181818181818182,0.05704697986577181,0.00974650536485272,0.0013679305775231888,0.0,1.3429061963477444,ok
r_core_interaction_top20,logistic_regression_l2,logistic_regression_l2,bad_side_vs_clean_winner,True,higher_is_worse,validation,0.1,282,7,0.024822695035460994,0.2978723404255319,0.17375886524822695,0.2801418439716312,0.2727272727272727,0.05319148936170213,0.02059899715408592,-0.000655011970908434,-0.04545454545454547,1.2417120237506185,ok
r_core_interaction_top20,logistic_regression_l2,logistic_regression_l2,bad_side_vs_clean_winner,True,higher_is_worse,validation,0.15,266,6,0.022556390977443608,0.2932330827067669,0.16541353383458646,0.2781954887218045,0.22727272727272727,0.05263157894736842,0.025238254872850918,-0.0029213160289258203,-0.09090909090909091,1.1283441161042138,ok
r_core_interaction_top20,logistic_regression_l2,logistic_regression_l2,bad_side_vs_clean_winner,True,higher_is_worse,validation,0.2,251,4,0.01593625498007968,0.28286852589641437,0.1593625498007968,0.26693227091633465,0.18181818181818182,0.055776892430278883,0.03560281168320345,-0.009541452026289747,-0.13636363636363635,0.797183359584916,ok
r_core_interaction_top20,logistic_regression_l2,logistic_regression_l2,bad_side_vs_clean_winner,True,higher_is_worse,validation,0.3,219,4,0.0182648401826484,0.2694063926940639,0.1643835616438356,0.2511415525114155,0.18181818181818182,0.0593607305936073,0.04906494488555391,-0.007212866823721027,-0.13636363636363635,0.9136667728575979,ok
r_core_interaction_top20,logistic_regression_l2,logistic_regression_l2,bad_side_vs_clean_winner,True,higher_is_worse,validation,0.4,188,3,0.015957446808510637,0.2553191489361702,0.15425531914893617,0.24468085106382978,0.13636363636363635,0.05851063829787234,0.06315218864344763,-0.009520260197858791,-0.18181818181818182,0.7982434438396833,ok
r_core_interaction_top20,logistic_regression_l2,logistic_regression_l2,bad_side_vs_clean_winner,True,higher_is_worse,robustness,0.05,939,100,0.10649627263045794,0.3035143769968051,0.2215122470713525,0.26198083067092653,0.3812154696132597,0.26943556975505856,0.0028556937817590944,0.00437291570426987,-0.0055248618784530246,1.3409895518521726,ok
r_core_interaction_top20,logistic_regression_l2,logistic_regression_l2,bad_side_vs_clean_winner,True,higher_is_worse,robustness,0.1,890,98,0.1101123595505618,0.30786516853932583,0.2258426966292135,0.2640449438202247,0.3701657458563536,0.26853932584269663,-0.0014950977607616212,0.007989002624373728,-0.01657458563535913,1.3865229274218047,ok
r_core_interaction_top20,logistic_regression_l2,logistic_regression_l2,bad_side_vs_clean_winner,True,higher_is_worse,robustness,0.15,840,96,0.11428571428571428,0.30238095238095236,0.225,0.26071428571428573,0.3701657458563536,0.26904761904761904,0.003989118397611846,0.012162357359526213,-0.01657458563535913,1.43907335907336,ok
r_core_interaction_top20,logistic_regression_l2,logistic_regression_l2,bad_side_vs_clean_winner,True,higher_is_worse,robustness,0.2,791,94,0.11883691529709228,0.30467762326169406,0.23135271807838179,0.26169405815423513,0.3701657458563536,0.27054361567635904,0.0016924475168701436,0.016713558370904213,-0.01657458563535913,1.4963815901869009,ok
r_core_interaction_top20,logistic_regression_l2,logistic_regression_l2,bad_side_vs_clean_winner,True,higher_is_worse,robustness,0.3,692,84,0.12138728323699421,0.3020231213872832,0.23265895953757226,0.25578034682080925,0.34806629834254144,0.27167630057803466,0.0043469493912809964,0.019263926310806145,-0.03867403314917128,1.528495547570693,ok
r_core_interaction_top20,logistic_regression_l2,logistic_regression_l2,bad_side_vs_clean_winner,True,higher_is_worse,robustness,0.4,593,73,0.12310286677908938,0.28499156829679595,0.21922428330522767,0.23608768971332209,0.32044198895027626,0.2799325463743676,0.021378502481768258,0.020979509852901312,-0.06629834254143646,1.5500979900642642,ok
r_core_interaction_top20,logistic_regression_l2,logistic_regression_l2,bad_side_vs_all_non_bad,False,higher_is_worse,all,0.05,2836,264,0.0930888575458392,0.3980959097320169,0.2863187588152327,0.3571932299012694,0.4602803738317757,0.192524682651622,0.018849837086469368,0.0013273036275538719,-0.0023364485981308136,1.3860609892514961,ok
r_core_interaction_top20,logistic_regression_l2,logistic_regression_l2,bad_side_vs_all_non_bad,False,higher_is_worse,all,0.1,2687,252,0.09378489021213249,0.3788611834759955,0.2679568291775214,0.33829549683662075,0.4462616822429907,0.19240788983997023,0.038084563342490774,0.0020233362938471555,-0.016355140186915862,1.3964246756413388,ok
r_core_interaction_top20,logistic_regression_l2,logistic_regression_l2,bad_side_vs_all_non_bad,False,higher_is_worse,all,0.15,2538,233,0.09180457052797478,0.3613081166272656,0.25374310480693457,0.3219070133963751,0.4135514018691589,0.18951930654058313,0.0556376301912207,4.301660968944465e-05,-0.04906542056074764,1.3669383984130872,ok
r_core_interaction_top20,logistic_regression_l2,logistic_regression_l2,bad_side_vs_all_non_bad,False,higher_is_worse,all,0.2,2388,215,0.09003350083752094,0.34380234505862645,0.2382747068676717,0.3044388609715243,0.3878504672897196,0.19095477386934673,0.07314340175985984,-0.0017280530807643885,-0.07476635514018692,1.3405677814359158,ok
r_core_interaction_top20,logistic_regression_l2,logistic_regression_l2,bad_side_vs_all_non_bad,False,higher_is_worse,all,0.3,2090,177,0.08468899521531101,0.3200956937799043,0.21578947368421053,0.2851674641148325,0.3364485981308411,0.18708133971291865,0.09685005303858196,-0.007072558702974324,-0.12616822429906543,1.2609899356541832,ok
r_core_interaction_top20,logistic_regression_l2,logistic_regression_l2,bad_side_vs_all_non_bad,False,higher_is_worse,all,0.4,1791,150,0.08375209380234507,0.2847571189279732,0.19151312116136238,0.2518146286990508,0.2967289719626168,0.18313791178112787,0.1321886278905131,-0.008009460115940267,-0.1658878504672897,1.247039796684573,ok
r_core_interaction_top20,logistic_regression_l2,logistic_regression_l2,bad_side_vs_all_non_bad,False,higher_is_worse,train,0.05,1598,156,0.09762202753441802,0.48873591989987486,0.3591989987484355,0.4411764705882353,0.5377777777777778,0.17271589486858574,0.011561168632507779,-0.0004171881518564846,0.0,1.3464380309273638,ok
r_core_interaction_top20,logistic_regression_l2,logistic_regression_l2,bad_side_vs_all_non_bad,False,higher_is_worse,train,0.1,1514,150,0.09907529722589167,0.47357992073976224,0.34544253632760896,0.428665785997358,0.52,0.1737120211360634,0.0267171677926204,0.0010360815396171646,-0.01777777777777778,1.3664820479511275,ok
r_core_interaction_top20,logistic_regression_l2,logistic_regression_l2,bad_side_vs_all_non_bad,False,higher_is_worse,train,0.15,1430,137,0.0958041958041958,0.46153846153846156,0.3328671328671329,0.41748251748251747,0.47555555555555556,0.17482517482517482,0.038758626993921075,-0.0022350198820787065,-0.062222222222222234,1.3213658434588669,ok
r_core_interaction_top20,logistic_regression_l2,logistic_regression_l2,bad_side_vs_all_non_bad,False,higher_is_worse,train,0.2,1346,129,0.09583952451708767,0.4509658246656761,0.32540861812778604,0.40713224368499257,0.4533333333333333,0.1760772659732541,0.049331263866706554,-0.002199691169186835,-0.08444444444444449,1.3218531097431547,ok
r_core_interaction_top20,logistic_regression_l2,logistic_regression_l2,bad_side_vs_all_non_bad,False,higher_is_worse,train,0.3,1178,106,0.0899830220713073,0.43378607809847197,0.3089983022071307,0.3896434634974533,0.38666666666666666,0.1731748726655348,0.06651101043391067,-0.008056193614967205,-0.15111111111111114,1.241078126674526,ok
r_core_interaction_top20,logistic_regression_l2,logistic_regression_l2,bad_side_vs_all_non_bad,False,higher_is_worse,train,0.4,1009,90,0.08919722497522299,0.41625371655104065,0.29038652130822595,0.3726461843409316,0.3377777777777778,0.17145688800792863,0.08404337198134199,-0.008841990711051517,-0.2,1.2302401311782003,ok
r_core_interaction_top20,logistic_regression_l2,logistic_regression_l2,bad_side_vs_all_non_bad,False,higher_is_worse,validation,0.05,298,8,0.026845637583892617,0.2953020134228188,0.17114093959731544,0.2785234899328859,0.3181818181818182,0.04697986577181208,0.02316932415679901,0.0013679305775231888,0.0,1.3429061963477444,ok
r_core_interaction_top20,logistic_regression_l2,logistic_regression_l2,bad_side_vs_all_non_bad,False,higher_is_worse,validation,0.1,282,8,0.028368794326241134,0.2907801418439716,0.16312056737588654,0.2730496453900709,0.3181818181818182,0.04609929078014184,0.027691195735646212,0.002891087319871706,0.0,1.4190994557149925,ok
r_core_interaction_top20,logistic_regression_l2,logistic_regression_l2,bad_side_vs_all_non_bad,False,higher_is_worse,validation,0.15,266,8,0.03007518796992481,0.2744360902255639,0.15413533834586465,0.2593984962406015,0.3181818181818182,0.045112781954887216,0.0440352473540539,0.004597480963555382,0.0,1.5044588214722852,ok
r_core_interaction_top20,logistic_regression_l2,logistic_regression_l2,bad_side_vs_all_non_bad,False,higher_is_worse,validation,0.2,251,6,0.02390438247011952,0.26693227091633465,0.1553784860557769,0.250996015936255,0.2727272727272727,0.043824701195219126,0.05153906666328317,-0.0015733245362499065,-0.04545454545454547,1.195775039377374,ok
r_core_interaction_top20,logistic_regression_l2,logistic_regression_l2,bad_side_vs_all_non_bad,False,higher_is_worse,validation,0.3,219,5,0.0228310502283105,0.2420091324200913,0.1415525114155251,0.228310502283105,0.22727272727272727,0.0410958904109589,0.07646220515952651,-0.002646656778058927,-0.09090909090909091,1.1420834660719974,ok
r_core_interaction_top20,logistic_regression_l2,logistic_regression_l2,bad_side_vs_all_non_bad,False,higher_is_worse,validation,0.4,188,5,0.026595744680851064,0.24468085106382978,0.14893617021276595,0.22872340425531915,0.22727272727272727,0.0425531914893617,0.07379048651578804,0.001118037674481636,-0.09090909090909091,1.3304057397328055,ok
r_core_interaction_top20,logistic_regression_l2,logistic_regression_l2,bad_side_vs_all_non_bad,False,higher_is_worse,robustness,0.05,939,97,0.1033013844515442,0.2854100106496273,0.2055378061767838,0.24494142705005326,0.3867403314917127,0.2641107561235357,0.02096006012893692,0.0011780275253561318,0.0,1.3007598652966075,ok
r_core_interaction_top20,logistic_regression_l2,logistic_regression_l2,bad_side_vs_all_non_bad,False,higher_is_worse,robustness,0.1,890,92,0.10337078651685393,0.26853932584269663,0.18876404494382024,0.22808988764044943,0.3756906077348066,0.2573033707865168,0.03783074493586758,0.0012474295906658578,-0.011049723756906105,1.3016337686000614,ok
r_core_interaction_top20,logistic_regression_l2,logistic_regression_l2,bad_side_vs_all_non_bad,False,higher_is_worse,robustness,0.15,840,85,0.10119047619047619,0.26071428571428573,0.18214285714285713,0.22142857142857142,0.35911602209944754,0.25476190476190474,0.045655785064278476,-0.0009328807357118774,-0.02762430939226518,1.2741795366795374,ok
r_core_interaction_top20,logistic_regression_l2,logistic_regression_l2,bad_side_vs_all_non_bad,False,higher_is_worse,robustness,0.2,791,82,0.10366624525916561,0.24399494310998734,0.17193426042983564,0.20480404551201012,0.34806629834254144,0.2515802781289507,0.06237512766857686,0.0015428883329775406,-0.03867403314917128,1.3053541531417645,ok
r_core_interaction_top20,logistic_regression_l2,logistic_regression_l2,bad_side_vs_all_non_bad,False,higher_is_worse,robustness,0.3,692,69,0.09971098265895954,0.2254335260115607,0.15606936416184972,0.1907514450867052,0.30939226519337015,0.24277456647398843,0.08093654476700352,-0.002412374267228526,-0.07734806629834257,1.2555499140759265,ok
r_core_interaction_top20,logistic_regression_l2,logistic_regression_l2,bad_side_vs_all_non_bad,False,higher_is_worse,robustness,0.4,593,59,0.09949409780775717,0.224283305227656,0.15008431703204048,0.19224283305227655,0.27071823204419887,0.23440134907251264,0.08208676555090821,-0.002629259118430899,-0.11602209944751385,1.2528189234765972,ok
r_core_interaction_top20,logistic_regression_l1,logistic_regression_l1,bad_side_vs_clean_winner,True,higher_is_worse,all,0.05,2836,272,0.09590973201692525,0.4125528913963329,0.30218617771509165,0.37059238363892805,0.46261682242990654,0.19358251057827927,0.004392855422153397,0.004148178098639918,0.0,1.4280628374106323,ok
r_core_interaction_top20,logistic_regression_l1,logistic_regression_l1,bad_side_vs_clean_winner,True,higher_is_worse,all,0.1,2687,265,0.09862299962783774,0.4075176777074805,0.29959062151097876,0.36620766654261255,0.45093457943925236,0.19724599925567549,0.009428069111005799,0.006861445709552411,-0.01168224299065418,1.4684624565275985,ok
r_core_interaction_top20,logistic_regression_l1,logistic_regression_l1,bad_side_vs_clean_winner,True,higher_is_worse,all,0.15,2538,256,0.1008668242710796,0.3963750985027581,0.2903861308116627,0.3557919621749409,0.4439252336448598,0.19936958234830576,0.02057064831572819,0.009105270352794265,-0.01869158878504673,1.5018722317328341,ok
r_core_interaction_top20,logistic_regression_l1,logistic_regression_l1,bad_side_vs_clean_winner,True,higher_is_worse,all,0.2,2388,247,0.10343383584589615,0.3907035175879397,0.2864321608040201,0.35050251256281406,0.4322429906542056,0.20058626465661641,0.026242229230546588,0.011672281927610814,-0.03037383177570091,1.5400941489054474,ok
r_core_interaction_top20,logistic_regression_l1,logistic_regression_l1,bad_side_vs_clean_winner,True,higher_is_worse,all,0.3,2090,219,0.10478468899521531,0.3684210526315789,0.2679425837320574,0.3291866028708134,0.39953271028037385,0.20239234449760765,0.04852469418690736,0.013023135076929981,-0.06308411214953269,1.560207886487379,ok
r_core_interaction_top20,logistic_regression_l1,logistic_regression_l1,bad_side_vs_clean_winner,True,higher_is_worse,all,0.4,1791,191,0.10664433277498604,0.3556672250139587,0.2534896705750977,0.31825795644891125,0.34579439252336447,0.21105527638190955,0.061278521804527586,0.01488277885670071,-0.11682242990654207,1.5878973411116895,ok
r_core_interaction_top20,logistic_regression_l1,logistic_regression_l1,bad_side_vs_clean_winner,True,higher_is_worse,train,0.05,1598,159,0.09949937421777222,0.5106382978723404,0.3804755944931164,0.46245306633291616,0.5288888888888889,0.16833541927409262,-0.010341209339957746,0.00146015853149771,-0.008888888888888946,1.3723310699836593,ok
r_core_interaction_top20,logistic_regression_l1,logistic_regression_l1,bad_side_vs_clean_winner,True,higher_is_worse,train,0.1,1514,157,0.1036988110964333,0.5046235138705416,0.38309114927344784,0.4557463672391017,0.5244444444444445,0.1690885072655218,-0.004326425338158968,0.005659595410158785,-0.013333333333333308,1.430251210188847,ok
r_core_interaction_top20,logistic_regression_l1,logistic_regression_l1,bad_side_vs_clean_winner,True,higher_is_worse,train,0.15,1430,152,0.1062937062937063,0.5013986013986014,0.3811188811188811,0.45314685314685316,0.5111111111111111,0.17202797202797201,-0.0011015128662187346,0.008254490607431789,-0.026666666666666727,1.466040935808378,ok
r_core_interaction_top20,logistic_regression_l1,logistic_regression_l1,bad_side_vs_clean_winner,True,higher_is_worse,train,0.2,1346,146,0.10846953937592868,0.5029717682020802,0.38410104011887075,0.4539375928677563,0.49777777777777776,0.17533432392273401,-0.0026746796696975883,0.010430323689654172,-0.040000000000000036,1.4960508063759734,ok
r_core_interaction_top20,logistic_regression_l1,logistic_regression_l1,bad_side_vs_clean_winner,True,higher_is_worse,train,0.3,1178,131,0.11120543293718166,0.4932088285229202,0.3777589134125637,0.44821731748726656,0.4622222222222222,0.17147707979626486,0.007088260009462444,0.01316621725090715,-0.0755555555555556,1.5337852320222916,ok
r_core_interaction_top20,logistic_regression_l1,logistic_regression_l1,bad_side_vs_clean_winner,True,higher_is_worse,train,0.4,1009,122,0.12091179385530228,0.48265609514370666,0.3647175421209118,0.44103072348860256,0.44,0.17839444995044598,0.017640993388675974,0.02287257816902777,-0.0977777777777778,1.667658844486005,ok
r_core_interaction_top20,logistic_regression_l1,logistic_regression_l1,bad_side_vs_clean_winner,True,higher_is_worse,validation,0.05,298,8,0.026845637583892617,0.3087248322147651,0.18456375838926176,0.28859060402684567,0.3181818181818182,0.05704697986577181,0.00974650536485272,0.0013679305775231888,0.0,1.3429061963477444,ok
r_core_interaction_top20,logistic_regression_l1,logistic_regression_l1,bad_side_vs_clean_winner,True,higher_is_worse,validation,0.1,282,7,0.024822695035460994,0.30141843971631205,0.1773049645390071,0.28368794326241137,0.2727272727272727,0.05673758865248227,0.01705289786330577,-0.000655011970908434,-0.04545454545454547,1.2417120237506185,ok
r_core_interaction_top20,logistic_regression_l1,logistic_regression_l1,bad_side_vs_clean_winner,True,higher_is_worse,validation,0.15,266,6,0.022556390977443608,0.2894736842105263,0.16541353383458646,0.2744360902255639,0.22727272727272727,0.05263157894736842,0.02899765336909149,-0.0029213160289258203,-0.09090909090909091,1.1283441161042138,ok
r_core_interaction_top20,logistic_regression_l1,logistic_regression_l1,bad_side_vs_clean_winner,True,higher_is_worse,validation,0.2,251,5,0.0199203187250996,0.28286852589641437,0.1593625498007968,0.26693227091633465,0.22727272727272727,0.05179282868525897,0.03560281168320345,-0.005557388281269827,-0.09090909090909091,0.9964791994811452,ok
r_core_interaction_top20,logistic_regression_l1,logistic_regression_l1,bad_side_vs_clean_winner,True,higher_is_worse,validation,0.3,219,3,0.0136986301369863,0.2648401826484018,0.1506849315068493,0.2511415525114155,0.13636363636363635,0.0593607305936073,0.05363115493121601,-0.011779076869383127,-0.18181818181818182,0.6852500796431984,ok
r_core_interaction_top20,logistic_regression_l1,logistic_regression_l1,bad_side_vs_clean_winner,True,higher_is_worse,validation,0.4,188,2,0.010638297872340425,0.26063829787234044,0.14893617021276595,0.24468085106382978,0.09090909090909091,0.05319148936170213,0.05783303970727738,-0.014839409134029003,-0.22727272727272727,0.5321622958931221,ok
r_core_interaction_top20,logistic_regression_l1,logistic_regression_l1,bad_side_vs_clean_winner,True,higher_is_worse,robustness,0.05,939,99,0.10543130990415335,0.3035143769968051,0.22044728434504793,0.26198083067092653,0.3756906077348066,0.2673056443024494,0.0028556937817590944,0.003307952977965281,-0.011049723756906105,1.3275796563336506,ok
r_core_interaction_top20,logistic_regression_l1,logistic_regression_l1,bad_side_vs_clean_winner,True,higher_is_worse,robustness,0.1,890,98,0.1101123595505618,0.30337078651685395,0.2202247191011236,0.26292134831460673,0.3701657458563536,0.26741573033707866,0.0029992842617102555,0.007989002624373728,-0.01657458563535913,1.3865229274218047,ok
r_core_interaction_top20,logistic_regression_l1,logistic_regression_l1,bad_side_vs_clean_winner,True,higher_is_worse,robustness,0.15,840,96,0.11428571428571428,0.305952380952381,0.2261904761904762,0.2642857142857143,0.3701657458563536,0.26904761904761904,0.0004176898261832318,0.012162357359526213,-0.01657458563535913,1.43907335907336,ok
r_core_interaction_top20,logistic_regression_l1,logistic_regression_l1,bad_side_vs_clean_winner,True,higher_is_worse,robustness,0.2,791,93,0.11757269279393173,0.30973451327433627,0.23514538558786346,0.26548672566371684,0.36464088397790057,0.2667509481668774,-0.0033644424957720576,0.015449335867743663,-0.022099447513812154,1.4804626370998062,ok
r_core_interaction_top20,logistic_regression_l1,logistic_regression_l1,bad_side_vs_clean_winner,True,higher_is_worse,robustness,0.3,692,84,0.12138728323699421,0.3092485549132948,0.2384393063583815,0.2615606936416185,0.34806629834254144,0.273121387283237,-0.0028784841347305745,0.019263926310806145,-0.03867403314917128,1.528495547570693,ok
r_core_interaction_top20,logistic_regression_l1,logistic_regression_l1,bad_side_vs_clean_winner,True,higher_is_worse,robustness,0.4,593,74,0.12478920741989882,0.2900505902192243,0.2209106239460371,0.24957841483979765,0.32044198895027626,0.2782462057335582,0.016319480559339905,0.022665850493710754,-0.06629834254143646,1.5713322091062405,ok
r_core_interaction_top20,logistic_regression_l1,logistic_regression_l1,bad_side_vs_all_non_bad,False,higher_is_worse,all,0.05,2836,265,0.09344146685472496,0.3980959097320169,0.2863187588152327,0.3571932299012694,0.4602803738317757,0.19146685472496475,0.018849837086469368,0.001679912936439626,-0.0023364485981308136,1.391311220271388,ok
r_core_interaction_top20,logistic_regression_l1,logistic_regression_l1,bad_side_vs_all_non_bad,False,higher_is_worse,all,0.1,2687,250,0.09304056568663938,0.3762560476367696,0.26572385560104206,0.33643468552288797,0.441588785046729,0.19203572757722367,0.040689699181716665,0.0012790117683540436,-0.021028037383177545,1.385341940120376,ok
r_core_interaction_top20,logistic_regression_l1,logistic_regression_l1,bad_side_vs_all_non_bad,False,higher_is_worse,all,0.15,2538,228,0.08983451536643026,0.36012608353033887,0.25177304964539005,0.3215130023640662,0.40420560747663553,0.19070133963750985,0.056819663288147415,-0.0019270385518550676,-0.05841121495327101,1.3376049563870553,ok
r_core_interaction_top20,logistic_regression_l1,logistic_regression_l1,bad_side_vs_all_non_bad,False,higher_is_worse,all,0.2,2388,211,0.08835845896147404,0.347571189279732,0.24204355108877723,0.30778894472361806,0.38317757009345793,0.19011725293132328,0.06937455753875427,-0.0034030949568112923,-0.07943925233644861,1.3156269855022245,ok
r_core_interaction_top20,logistic_regression_l1,logistic_regression_l1,bad_side_vs_all_non_bad,False,higher_is_worse,all,0.3,2090,179,0.08564593301435407,0.3186602870813397,0.21674641148325358,0.2832535885167464,0.338785046728972,0.18947368421052632,0.09828545973714659,-0.006115620903931265,-0.12383177570093457,1.2752384095033829,ok
r_core_interaction_top20,logistic_regression_l1,logistic_regression_l1,bad_side_vs_all_non_bad,False,higher_is_worse,all,0.4,1791,155,0.08654383026242322,0.29034059184812955,0.19262981574539365,0.2585147962032384,0.29906542056074764,0.18425460636515914,0.12660515497035674,-0.005217723655862108,-0.1635514018691589,1.2886077899073918,ok
r_core_interaction_top20,logistic_regression_l1,logistic_regression_l1,bad_side_vs_all_non_bad,False,higher_is_worse,train,0.05,1598,159,0.09949937421777222,0.4874843554443054,0.3579474342928661,0.4405506883604506,0.5377777777777778,0.17334167709637047,0.012812733088077233,0.00146015853149771,0.0,1.3723310699836593,ok
r_core_interaction_top20,logistic_regression_l1,logistic_regression_l1,bad_side_vs_all_non_bad,False,higher_is_worse,train,0.1,1514,147,0.09709379128137384,0.47357992073976224,0.34346103038309117,0.4299867899603699,0.5111111111111111,0.17569352708058125,0.0267171677926204,-0.0009454244049006688,-0.026666666666666727,1.3391524069921048,ok
r_core_interaction_top20,logistic_regression_l1,logistic_regression_l1,bad_side_vs_all_non_bad,False,higher_is_worse,train,0.15,1430,139,0.0972027972027972,0.46013986013986014,0.33146853146853145,0.4167832167832168,0.48444444444444446,0.17552447552447553,0.040157228392522504,-0.0008364184834773053,-0.053333333333333344,1.340655855772135,ok
r_core_interaction_top20,logistic_regression_l1,logistic_regression_l1,bad_side_vs_all_non_bad,False,higher_is_worse,train,0.2,1346,127,0.09435364041604755,0.4524517087667162,0.324665676077266,0.40936106983655274,0.4444444444444444,0.17830609212481427,0.04784537976566644,-0.0036855752702269623,-0.09333333333333338,1.30135926308047,ok
r_core_interaction_top20,logistic_regression_l1,logistic_regression_l1,bad_side_vs_all_non_bad,False,higher_is_worse,train,0.3,1178,106,0.0899830220713073,0.43548387096774194,0.3098471986417657,0.3896434634974533,0.38666666666666666,0.17572156196943972,0.0648132175646407,-0.008056193614967205,-0.15111111111111114,1.241078126674526,ok
r_core_interaction_top20,logistic_regression_l1,logistic_regression_l1,bad_side_vs_all_non_bad,False,higher_is_worse,train,0.4,1009,93,0.09217046580773043,0.4222001982160555,0.2993062438057483,0.379583746283449,0.3466666666666667,0.17145688800792863,0.07809689031632716,-0.005868749878544077,-0.19111111111111112,1.2712481355508072,ok
r_core_interaction_top20,logistic_regression_l1,logistic_regression_l1,bad_side_vs_all_non_bad,False,higher_is_worse,validation,0.05,298,8,0.026845637583892617,0.29194630872483224,0.16778523489932887,0.2751677852348993,0.3181818181818182,0.04697986577181208,0.02652502885478558,0.0013679305775231888,0.0,1.3429061963477444,ok
r_core_interaction_top20,logistic_regression_l1,logistic_regression_l1,bad_side_vs_all_non_bad,False,higher_is_worse,validation,0.1,282,8,0.028368794326241134,0.2907801418439716,0.1595744680851064,0.2765957446808511,0.3181818181818182,0.04609929078014184,0.027691195735646212,0.002891087319871706,0.0,1.4190994557149925,ok
r_core_interaction_top20,logistic_regression_l1,logistic_regression_l1,bad_side_vs_all_non_bad,False,higher_is_worse,validation,0.15,266,6,0.022556390977443608,0.2744360902255639,0.15789473684210525,0.2593984962406015,0.22727272727272727,0.041353383458646614,0.0440352473540539,-0.0029213160289258203,-0.09090909090909091,1.1283441161042138,ok
r_core_interaction_top20,logistic_regression_l1,logistic_regression_l1,bad_side_vs_all_non_bad,False,higher_is_worse,validation,0.2,251,6,0.02390438247011952,0.2749003984063745,0.1553784860557769,0.2589641434262948,0.22727272727272727,0.043824701195219126,0.04357093917324334,-0.0015733245362499065,-0.09090909090909091,1.195775039377374,ok
r_core_interaction_top20,logistic_regression_l1,logistic_regression_l1,bad_side_vs_all_non_bad,False,higher_is_worse,validation,0.3,219,5,0.0228310502283105,0.2557077625570776,0.1506849315068493,0.2420091324200913,0.22727272727272727,0.045662100456621,0.06276357502254021,-0.002646656778058927,-0.09090909090909091,1.1420834660719974,ok
r_core_interaction_top20,logistic_regression_l1,logistic_regression_l1,bad_side_vs_all_non_bad,False,higher_is_worse,validation,0.4,188,4,0.02127659574468085,0.24468085106382978,0.14361702127659576,0.22872340425531915,0.18181818181818182,0.0425531914893617,0.07379048651578804,-0.0042011112616885775,-0.13636363636363635,1.0643245917862443,ok
r_core_interaction_top20,logistic_regression_l1,logistic_regression_l1,bad_side_vs_all_non_bad,False,higher_is_worse,robustness,0.05,939,98,0.10436634717784878,0.2854100106496273,0.2055378061767838,0.24494142705005326,0.3867403314917127,0.2641107561235357,0.02096006012893692,0.0022429902516607064,0.0,1.314169760815129,ok
r_core_interaction_top20,logistic_regression_l1,logistic_regression_l1,bad_side_vs_all_non_bad,False,higher_is_worse,robustness,0.1,890,88,0.09887640449438202,0.2696629213483146,0.1898876404494382,0.2303370786516854,0.3701657458563536,0.2573033707865168,0.03670714943024961,-0.0032469524318060466,-0.01657458563535913,1.2450409960522328,ok
r_core_interaction_top20,logistic_regression_l1,logistic_regression_l1,bad_side_vs_all_non_bad,False,higher_is_worse,robustness,0.15,840,84,0.1,0.25833333333333336,0.18214285714285713,0.22023809523809523,0.35911602209944754,0.25595238095238093,0.04803673744523085,-0.0021233569261880636,-0.02762430939226518,1.25918918918919,ok
r_core_interaction_top20,logistic_regression_l1,logistic_regression_l1,bad_side_vs_all_non_bad,False,higher_is_worse,robustness,0.2,791,79,0.09987357774968394,0.2427307206068268,0.1706700379266751,0.20733249051833122,0.3425414364640884,0.2503160556257901,0.06363935017173741,-0.002249779176504124,-0.04419889502762431,1.2575972938804805,ok
r_core_interaction_top20,logistic_regression_l1,logistic_regression_l1,bad_side_vs_all_non_bad,False,higher_is_worse,robustness,0.3,692,69,0.09971098265895954,0.22976878612716764,0.157514450867052,0.19653179190751446,0.30939226519337015,0.2398843930635838,0.07660128465139657,-0.002412374267228526,-0.07734806629834257,1.2555499140759265,ok
r_core_interaction_top20,logistic_regression_l1,logistic_regression_l1,bad_side_vs_all_non_bad,False,higher_is_worse,robustness,0.4,593,58,0.09780775716694773,0.22596964586846544,0.15177065767284992,0.19561551433389546,0.26519337016574585,0.23777403035413153,0.08040042491009877,-0.0043155997592403406,-0.12154696132596687,1.2315847044346209,ok
r_core_interaction_top20,shallow_decision_tree_max_depth_3,shallow_decision_tree_max_depth_3,bad_side_vs_clean_winner,True,higher_is_worse,all,0.05,2836,273,0.096262341325811,0.4090267983074753,0.30077574047954864,0.3684767277856135,0.4602803738317757,0.19428772919605078,0.007918948511010993,0.004500787407525672,-0.0023364485981308136,1.4333130684305244,ok
r_core_interaction_top20,shallow_decision_tree_max_depth_3,shallow_decision_tree_max_depth_3,bad_side_vs_clean_winner,True,higher_is_worse,all,0.1,2687,267,0.09936732415333085,0.4019352437662821,0.29475251209527353,0.362486043915147,0.45093457943925236,0.19501302567919612,0.015010503052204194,0.0076057702350455225,-0.01168224299065418,1.4795451920485614,ok
r_core_interaction_top20,shallow_decision_tree_max_depth_3,shallow_decision_tree_max_depth_3,bad_side_vs_clean_winner,True,higher_is_worse,all,0.15,2538,259,0.1020488573680063,0.3979511426319937,0.29314420803782504,0.35776201733648544,0.441588785046729,0.19739952718676124,0.01899460418649257,0.010287303449720966,-0.021028037383177545,1.519472296948453,ok
r_core_interaction_top20,shallow_decision_tree_max_depth_3,shallow_decision_tree_max_depth_3,bad_side_vs_clean_winner,True,higher_is_worse,all,0.2,2388,251,0.10510887772194305,0.38944723618090454,0.2864321608040201,0.3500837520938023,0.4252336448598131,0.1972361809045226,0.02749851063758174,0.013347323803657718,-0.03738317757009346,1.565034944839139,ok
r_core_interaction_top20,shallow_decision_tree_max_depth_3,shallow_decision_tree_max_depth_3,bad_side_vs_clean_winner,True,higher_is_worse,all,0.3,2090,234,0.11196172248803828,0.38086124401913873,0.2818181818181818,0.3411483253588517,0.4088785046728972,0.2,0.03608450279934755,0.020200168569752944,-0.053738317757009324,1.6670714403563776,ok
r_core_interaction_top20,shallow_decision_tree_max_depth_3,shallow_decision_tree_max_depth_3,bad_side_vs_clean_winner,True,higher_is_worse,all,0.4,1791,200,0.11166945840312674,0.37465103294249025,0.27638190954773867,0.33668341708542715,0.3598130841121495,0.1970965940815187,0.04229471387599604,0.019907904484841407,-0.10280373831775702,1.6627197289127638,ok
r_core_interaction_top20,shallow_decision_tree_max_depth_3,shallow_decision_tree_max_depth_3,bad_side_vs_clean_winner,True,higher_is_worse,train,0.05,1598,158,0.09887359198998748,0.5006257822277848,0.376720901126408,0.45431789737171463,0.5333333333333333,0.1702127659574468,-0.0003286936954021158,0.0008343763037129692,-0.004444444444444473,1.363700056964894,ok
r_core_interaction_top20,shallow_decision_tree_max_depth_3,shallow_decision_tree_max_depth_3,bad_side_vs_clean_winner,True,higher_is_worse,train,0.1,1514,152,0.10039630118890357,0.5,0.3771466314398943,0.45310435931307796,0.52,0.16776750330250992,0.0002970885323826389,0.0023570855026290582,-0.01777777777777778,1.3847018085904759,ok
r_core_interaction_top20,shallow_decision_tree_max_depth_3,shallow_decision_tree_max_depth_3,bad_side_vs_clean_winner,True,higher_is_worse,train,0.15,1430,145,0.10139860139860139,0.5048951048951049,0.37832167832167835,0.45734265734265733,0.49333333333333335,0.16713286713286712,-0.004598016362722279,0.0033593857123268844,-0.04444444444444445,1.3985258927119395,ok
r_core_interaction_top20,shallow_decision_tree_max_depth_3,shallow_decision_tree_max_depth_3,bad_side_vs_clean_winner,True,higher_is_worse,train,0.2,1346,138,0.1025260029717682,0.49925705794947994,0.37518573551263,0.4524517087667162,0.4888888888888889,0.16344725111441308,0.0010400305829026957,0.00448678728549369,-0.048888888888888926,1.414075419725235,ok
r_core_interaction_top20,shallow_decision_tree_max_depth_3,shallow_decision_tree_max_depth_3,bad_side_vs_clean_winner,True,higher_is_worse,train,0.3,1178,132,0.11205432937181664,0.49575551782682514,0.3760611205432937,0.4465195246179966,0.4711111111111111,0.1697792869269949,0.004541570705557496,0.014015113685542133,-0.06666666666666671,1.5454935162362022,ok
r_core_interaction_top20,shallow_decision_tree_max_depth_3,shallow_decision_tree_max_depth_3,bad_side_vs_clean_winner,True,higher_is_worse,train,0.4,1009,118,0.11694747274529237,0.49256689791873143,0.37661050545094155,0.4390485629335976,0.4266666666666667,0.17443012884043607,0.007730190613651211,0.018908257059017858,-0.1111111111111111,1.6129815053225294,ok
r_core_interaction_top20,shallow_decision_tree_max_depth_3,shallow_decision_tree_max_depth_3,bad_side_vs_clean_winner,True,higher_is_worse,validation,0.05,298,7,0.02348993288590604,0.31543624161073824,0.18791946308724833,0.2953020134228188,0.2727272727272727,0.050335570469798654,0.0030350959688795753,-0.001987774120463387,-0.04545454545454547,1.1750429218042766,ok
r_core_interaction_top20,shallow_decision_tree_max_depth_3,shallow_decision_tree_max_depth_3,bad_side_vs_clean_winner,True,higher_is_worse,validation,0.1,282,7,0.024822695035460994,0.3120567375886525,0.18439716312056736,0.2907801418439716,0.2727272727272727,0.05319148936170213,0.006414599990965331,-0.000655011970908434,-0.04545454545454547,1.2417120237506185,ok
r_core_interaction_top20,shallow_decision_tree_max_depth_3,shallow_decision_tree_max_depth_3,bad_side_vs_clean_winner,True,higher_is_worse,validation,0.15,266,6,0.022556390977443608,0.30451127819548873,0.18421052631578946,0.2857142857142857,0.22727272727272727,0.05263157894736842,0.013960059384129087,-0.0029213160289258203,-0.09090909090909091,1.1283441161042138,ok
r_core_interaction_top20,shallow_decision_tree_max_depth_3,shallow_decision_tree_max_depth_3,bad_side_vs_clean_winner,True,higher_is_worse,validation,0.2,251,5,0.0199203187250996,0.30278884462151395,0.18326693227091634,0.2868525896414343,0.18181818181818182,0.05179282868525897,0.015682492958103866,-0.005557388281269827,-0.13636363636363635,0.9964791994811452,ok
r_core_interaction_top20,shallow_decision_tree_max_depth_3,shallow_decision_tree_max_depth_3,bad_side_vs_clean_winner,True,higher_is_worse,validation,0.3,219,5,0.0228310502283105,0.2968036529680365,0.182648401826484,0.2785388127853881,0.18181818181818182,0.0502283105022831,0.021667684611581306,-0.002646656778058927,-0.13636363636363635,1.1420834660719974,ok
r_core_interaction_top20,shallow_decision_tree_max_depth_3,shallow_decision_tree_max_depth_3,bad_side_vs_clean_winner,True,higher_is_worse,validation,0.4,188,4,0.02127659574468085,0.2712765957446808,0.14893617021276595,0.2553191489361702,0.18181818181818182,0.0425531914893617,0.04719474183493699,-0.0042011112616885775,-0.13636363636363635,1.0643245917862443,ok
r_core_interaction_top20,shallow_decision_tree_max_depth_3,shallow_decision_tree_max_depth_3,bad_side_vs_clean_winner,True,higher_is_worse,robustness,0.05,939,100,0.10649627263045794,0.3003194888178914,0.2215122470713525,0.2598509052183174,0.3812154696132597,0.2673056443024494,0.006050581960672818,0.00437291570426987,-0.0055248618784530246,1.3409895518521726,ok
r_core_interaction_top20,shallow_decision_tree_max_depth_3,shallow_decision_tree_max_depth_3,bad_side_vs_clean_winner,True,higher_is_worse,robustness,0.1,890,96,0.10786516853932585,0.2955056179775281,0.21797752808988763,0.2550561797752809,0.3756906077348066,0.26741573033707866,0.010864452801036095,0.005741811613137776,-0.011049723756906105,1.3582265411478904,ok
r_core_interaction_top20,shallow_decision_tree_max_depth_3,shallow_decision_tree_max_depth_3,bad_side_vs_clean_winner,True,higher_is_worse,robustness,0.15,840,89,0.10595238095238095,0.2976190476190476,0.22142857142857142,0.2571428571428571,0.3701657458563536,0.2619047619047619,0.008751023159516591,0.0038290240261928815,-0.01657458563535913,1.3341409266409274,ok
r_core_interaction_top20,shallow_decision_tree_max_depth_3,shallow_decision_tree_max_depth_3,bad_side_vs_clean_winner,True,higher_is_worse,robustness,0.2,791,86,0.10872313527180784,0.29835651074589126,0.2225031605562579,0.2579013906447535,0.35911602209944754,0.2629582806573957,0.00801356003267295,0.0065997783456197695,-0.02762430939226518,1.3690299654901434,ok
r_core_interaction_top20,shallow_decision_tree_max_depth_3,shallow_decision_tree_max_depth_3,bad_side_vs_clean_winner,True,higher_is_worse,robustness,0.3,692,77,0.11127167630057803,0.2875722543352601,0.2138728323699422,0.25,0.3259668508287293,0.25578034682080925,0.018797816443304083,0.009148319374389965,-0.06077348066298344,1.4011209186064686,ok
r_core_interaction_top20,shallow_decision_tree_max_depth_3,shallow_decision_tree_max_depth_3,bad_side_vs_clean_winner,True,higher_is_worse,robustness,0.4,593,64,0.10792580101180438,0.28330522765598654,0.21079258010118043,0.24283305227655985,0.287292817679558,0.2411467116357504,0.023064843122577672,0.0058024440856163095,-0.09944751381215472,1.358990018686478,ok
r_core_interaction_top20,shallow_decision_tree_max_depth_3,shallow_decision_tree_max_depth_3,bad_side_vs_all_non_bad,False,higher_is_worse,all,0.05,2836,256,0.09026798307475317,0.39633286318758815,0.2827926657263752,0.35684062059238364,0.4439252336448598,0.19322990126939352,0.020612883630898138,-0.0014935708435321604,-0.01869158878504673,1.34405914109236,ok
r_core_interaction_top20,shallow_decision_tree_max_depth_3,shallow_decision_tree_max_depth_3,bad_side_vs_all_non_bad,False,higher_is_worse,all,0.1,2687,240,0.0893189430591738,0.3781168589505024,0.26907331596576106,0.3394119836248604,0.42757009345794394,0.19203572757722367,0.038828887867983886,-0.0024426108591115298,-0.03504672897196259,1.3299282625155608,ok
r_core_interaction_top20,shallow_decision_tree_max_depth_3,shallow_decision_tree_max_depth_3,bad_side_vs_all_non_bad,False,higher_is_worse,all,0.15,2538,226,0.08904649330181245,0.3609141055949567,0.25965327029156815,0.3215130023640662,0.411214953271028,0.19306540583136328,0.056031641223529605,-0.002715060616472878,-0.05140186915887851,1.3258715795766425,ok
r_core_interaction_top20,shallow_decision_tree_max_depth_3,shallow_decision_tree_max_depth_3,bad_side_vs_all_non_bad,False,higher_is_worse,all,0.2,2388,207,0.08668341708542714,0.3492462311557789,0.24706867671691793,0.3119765494137353,0.39485981308411217,0.19137353433835846,0.06769951566270738,-0.005078136832858196,-0.06775700934579437,1.2906861895685329,ok
r_core_interaction_top20,shallow_decision_tree_max_depth_3,shallow_decision_tree_max_depth_3,bad_side_vs_all_non_bad,False,higher_is_worse,all,0.3,2090,175,0.08373205741626795,0.32727272727272727,0.23492822966507176,0.291866028708134,0.35046728971962615,0.18516746411483254,0.08967301954575901,-0.008029496502017383,-0.11214953271028039,1.2467414618049832,ok
r_core_interaction_top20,shallow_decision_tree_max_depth_3,shallow_decision_tree_max_depth_3,bad_side_vs_all_non_bad,False,higher_is_worse,all,0.4,1791,156,0.08710217755443886,0.30429927414852037,0.21273031825795644,0.26912339475153546,0.31542056074766356,0.18760469011725292,0.11264647266996591,-0.004659376363846474,-0.14719626168224298,1.2969213885519557,ok
r_core_interaction_top20,shallow_decision_tree_max_depth_3,shallow_decision_tree_max_depth_3,bad_side_vs_all_non_bad,False,higher_is_worse,train,0.05,1598,158,0.09887359198998748,0.49436795994993743,0.36733416770963706,0.44806007509386736,0.5244444444444445,0.17146433041301626,0.005929128582445209,0.0008343763037129692,-0.013333333333333308,1.363700056964894,ok
r_core_interaction_top20,shallow_decision_tree_max_depth_3,shallow_decision_tree_max_depth_3,bad_side_vs_all_non_bad,False,higher_is_worse,train,0.1,1514,147,0.09709379128137384,0.47886393659180976,0.35072655217965654,0.43262879788639363,0.49777777777777776,0.17305151915455746,0.02143315194057288,-0.0009454244049006688,-0.040000000000000036,1.3391524069921048,ok
r_core_interaction_top20,shallow_decision_tree_max_depth_3,shallow_decision_tree_max_depth_3,bad_side_vs_all_non_bad,False,higher_is_worse,train,0.15,1430,136,0.0951048951048951,0.46853146853146854,0.34265734265734266,0.42027972027972027,0.4711111111111111,0.17342657342657342,0.0317656200009141,-0.002934320581379407,-0.06666666666666671,1.3117208373022329,ok
r_core_interaction_top20,shallow_decision_tree_max_depth_3,shallow_decision_tree_max_depth_3,bad_side_vs_all_non_bad,False,higher_is_worse,train,0.2,1346,125,0.09286775631500743,0.46285289747399705,0.3424962852897474,0.4138187221396731,0.4488888888888889,0.1760772659732541,0.03744419105838559,-0.005171459371267076,-0.0888888888888889,1.2808654164177855,ok
r_core_interaction_top20,shallow_decision_tree_max_depth_3,shallow_decision_tree_max_depth_3,bad_side_vs_all_non_bad,False,higher_is_worse,train,0.3,1178,112,0.09507640067911714,0.4380305602716469,0.32088285229202035,0.3904923599320883,0.4,0.17572156196943972,0.062266528260735754,-0.0029628150071573656,-0.13777777777777778,1.3113278319579897,ok
r_core_interaction_top20,shallow_decision_tree_max_depth_3,shallow_decision_tree_max_depth_3,bad_side_vs_all_non_bad,False,higher_is_worse,train,0.4,1009,93,0.09217046580773043,0.4172447968285431,0.3062438057482656,0.3686818632309217,0.3511111111111111,0.16749256689791872,0.08305229170383954,-0.005868749878544077,-0.1866666666666667,1.2712481355508072,ok
r_core_interaction_top20,shallow_decision_tree_max_depth_3,shallow_decision_tree_max_depth_3,bad_side_vs_all_non_bad,False,higher_is_worse,validation,0.05,298,8,0.026845637583892617,0.29194630872483224,0.1644295302013423,0.2751677852348993,0.3181818181818182,0.04697986577181208,0.02652502885478558,0.0013679305775231888,0.0,1.3429061963477444,ok
r_core_interaction_top20,shallow_decision_tree_max_depth_3,shallow_decision_tree_max_depth_3,bad_side_vs_all_non_bad,False,higher_is_worse,validation,0.1,282,7,0.024822695035460994,0.2801418439716312,0.1453900709219858,0.26595744680851063,0.2727272727272727,0.04609929078014184,0.0383294936079866,-0.000655011970908434,-0.04545454545454547,1.2417120237506185,ok
r_core_interaction_top20,shallow_decision_tree_max_depth_3,shallow_decision_tree_max_depth_3,bad_side_vs_all_non_bad,False,higher_is_worse,validation,0.15,266,7,0.02631578947368421,0.2669172932330827,0.14285714285714285,0.2518796992481203,0.2727272727272727,0.041353383458646614,0.0515540443465351,0.000838082467314781,-0.04545454545454547,1.3164014687882495,ok
r_core_interaction_top20,shallow_decision_tree_max_depth_3,shallow_decision_tree_max_depth_3,bad_side_vs_all_non_bad,False,higher_is_worse,validation,0.2,251,6,0.02390438247011952,0.2749003984063745,0.14741035856573706,0.2589641434262948,0.22727272727272727,0.043824701195219126,0.04357093917324334,-0.0015733245362499065,-0.09090909090909091,1.195775039377374,ok
r_core_interaction_top20,shallow_decision_tree_max_depth_3,shallow_decision_tree_max_depth_3,bad_side_vs_all_non_bad,False,higher_is_worse,validation,0.3,219,4,0.0182648401826484,0.2602739726027397,0.1278538812785388,0.2420091324200913,0.18181818181818182,0.0410958904109589,0.05819736497687811,-0.007212866823721027,-0.13636363636363635,0.9136667728575979,ok
r_core_interaction_top20,shallow_decision_tree_max_depth_3,shallow_decision_tree_max_depth_3,bad_side_vs_all_non_bad,False,higher_is_worse,validation,0.4,188,4,0.02127659574468085,0.26595744680851063,0.13829787234042554,0.24468085106382978,0.18181818181818182,0.026595744680851064,0.052513890771107186,-0.0042011112616885775,-0.13636363636363635,1.0643245917862443,ok
r_core_interaction_top20,shallow_decision_tree_max_depth_3,shallow_decision_tree_max_depth_3,bad_side_vs_all_non_bad,False,higher_is_worse,robustness,0.05,939,97,0.1033013844515442,0.2779552715654952,0.1959531416400426,0.23961661341853036,0.3756906077348066,0.27050053248136313,0.028414799213068997,0.0011780275253561318,-0.011049723756906105,1.3007598652966075,ok
r_core_interaction_top20,shallow_decision_tree_max_depth_3,shallow_decision_tree_max_depth_3,bad_side_vs_all_non_bad,False,higher_is_worse,robustness,0.1,890,92,0.10337078651685393,0.26853932584269663,0.19213483146067414,0.2292134831460674,0.3701657458563536,0.27191011235955054,0.03783074493586758,0.0012474295906658578,-0.01657458563535913,1.3016337686000614,ok
r_core_interaction_top20,shallow_decision_tree_max_depth_3,shallow_decision_tree_max_depth_3,bad_side_vs_all_non_bad,False,higher_is_worse,robustness,0.15,840,84,0.1,0.26071428571428573,0.18571428571428572,0.22380952380952382,0.35911602209944754,0.26666666666666666,0.045655785064278476,-0.0021233569261880636,-0.02762430939226518,1.25918918918919,ok
r_core_interaction_top20,shallow_decision_tree_max_depth_3,shallow_decision_tree_max_depth_3,bad_side_vs_all_non_bad,False,higher_is_worse,robustness,0.2,791,76,0.09608091024020228,0.2515802781289507,0.179519595448799,0.213653603034134,0.3370165745856354,0.25663716814159293,0.05478979264961353,-0.006042446685985789,-0.04972375690607733,1.2098404346191964,ok
r_core_interaction_top20,shallow_decision_tree_max_depth_3,shallow_decision_tree_max_depth_3,bad_side_vs_all_non_bad,False,higher_is_worse,robustness,0.3,692,69,0.09971098265895954,0.2398843930635838,0.16618497109826588,0.21098265895953758,0.3149171270718232,0.2586705202312139,0.0664856777149804,-0.002412374267228526,-0.07182320441988954,1.2555499140759265,ok
r_core_interaction_top20,shallow_decision_tree_max_depth_3,shallow_decision_tree_max_depth_3,bad_side_vs_all_non_bad,False,higher_is_worse,robustness,0.4,593,64,0.10792580101180438,0.21079258010118043,0.13490725126475547,0.18043844856661045,0.2983425414364641,0.26475548060708265,0.09557749067738378,0.0058024440856163095,-0.08839779005524862,1.358990018686478,ok
r_core_interaction_top20,scorecard_quantile_binning,scorecard_quantile_binning,bad_side_vs_clean_winner,True,higher_is_worse,all,0.05,2836,263,0.09273624823695345,0.4030324400564175,0.2926657263751763,0.36212976022566995,0.4532710280373832,0.19287729196050776,0.013913306762068811,0.0009746943186681178,-0.009345794392523366,1.380810758231604,ok
r_core_interaction_top20,scorecard_quantile_binning,scorecard_quantile_binning,bad_side_vs_clean_winner,True,higher_is_worse,all,0.1,2687,250,0.09304056568663938,0.39560848529959064,0.285076293263863,0.3539263118719762,0.4369158878504673,0.18943059173799776,0.021337261518895645,0.0012790117683540436,-0.025700934579439227,1.385341940120376,ok
r_core_interaction_top20,scorecard_quantile_binning,scorecard_quantile_binning,bad_side_vs_clean_winner,True,higher_is_worse,all,0.15,2538,236,0.09298660362490149,0.3877068557919622,0.2789598108747045,0.3479117415287628,0.42757009345794394,0.1875492513790386,0.029238891026524105,0.0012250497066161603,-0.03504672897196259,1.3845384636287064,ok
r_core_interaction_top20,scorecard_quantile_binning,scorecard_quantile_binning,bad_side_vs_clean_winner,True,higher_is_worse,all,0.2,2388,226,0.09463986599664992,0.3777219430485762,0.26884422110552764,0.34045226130653267,0.4158878504672897,0.18425460636515914,0.03922380376991008,0.0028783120783645866,-0.04672897196261683,1.4091549702535673,ok
r_core_interaction_top20,scorecard_quantile_binning,scorecard_quantile_binning,bad_side_vs_clean_winner,True,higher_is_worse,all,0.3,2090,203,0.09712918660287082,0.361244019138756,0.25263157894736843,0.32392344497607656,0.3901869158878505,0.18564593301435406,0.055701727679730306,0.005367632684585483,-0.07242990654205606,1.4462200956937805,ok
r_core_interaction_top20,scorecard_quantile_binning,scorecard_quantile_binning,bad_side_vs_clean_winner,True,higher_is_worse,all,0.4,1791,175,0.0977107761027359,0.3344500279173646,0.2300390843104411,0.30318257956448913,0.35046728971962615,0.1870463428252373,0.08249571890112167,0.00594922218445057,-0.11214953271028039,1.4548797627986683,ok
r_core_interaction_top20,scorecard_quantile_binning,scorecard_quantile_binning,bad_side_vs_clean_winner,True,higher_is_worse,train,0.05,1598,155,0.0969962453066333,0.49624530663329164,0.3685857321652065,0.45056320400500627,0.5244444444444445,0.17521902377972465,0.004051781899091,-0.0010429703796412115,-0.013333333333333308,1.3378070179085986,ok
r_core_interaction_top20,scorecard_quantile_binning,scorecard_quantile_binning,bad_side_vs_clean_winner,True,higher_is_worse,train,0.1,1514,152,0.10039630118890357,0.4914134742404227,0.3632760898282695,0.4464993394980185,0.5155555555555555,0.17437252311756934,0.00888361429195994,0.0023570855026290582,-0.022222222222222254,1.3847018085904759,ok
r_core_interaction_top20,scorecard_quantile_binning,scorecard_quantile_binning,bad_side_vs_clean_winner,True,higher_is_worse,train,0.15,1430,145,0.10139860139860139,0.4874125874125874,0.36013986013986016,0.44265734265734263,0.5022222222222222,0.17482517482517482,0.012884501119795222,0.0033593857123268844,-0.03555555555555556,1.3985258927119395,ok
r_core_interaction_top20,scorecard_quantile_binning,scorecard_quantile_binning,bad_side_vs_clean_winner,True,higher_is_worse,train,0.2,1346,137,0.10178306092124814,0.4851411589895988,0.3573551263001486,0.4398216939078752,0.48444444444444446,0.17459138187221396,0.01515592954278383,0.0037438452349736334,-0.053333333333333344,1.4038284963938927,ok
r_core_interaction_top20,scorecard_quantile_binning,scorecard_quantile_binning,bad_side_vs_clean_winner,True,higher_is_worse,train,0.3,1178,123,0.10441426146010187,0.466893039049236,0.34295415959252973,0.4219015280135823,0.4444444444444444,0.17826825127334464,0.033404049483146625,0.006375045773827359,-0.09333333333333338,1.4401189583110066,ok
r_core_interaction_top20,scorecard_quantile_binning,scorecard_quantile_binning,bad_side_vs_clean_winner,True,higher_is_worse,train,0.4,1009,104,0.10307234886025768,0.4568880079286422,0.3270564915758176,0.4132804757185332,0.39555555555555555,0.1774033696729435,0.043409080603740435,0.00503313317398317,-0.14222222222222225,1.4216108182503648,ok
r_core_interaction_top20,scorecard_quantile_binning,scorecard_quantile_binning,bad_side_vs_clean_winner,True,higher_is_worse,validation,0.05,298,6,0.020134228187919462,0.3087248322147651,0.18120805369127516,0.29194630872483224,0.22727272727272727,0.050335570469798654,0.00974650536485272,-0.005343478818449966,-0.09090909090909091,1.0071796472608083,ok
r_core_interaction_top20,scorecard_quantile_binning,scorecard_quantile_binning,bad_side_vs_clean_winner,True,higher_is_worse,validation,0.1,282,6,0.02127659574468085,0.29432624113475175,0.17375886524822695,0.2765957446808511,0.22727272727272727,0.05319148936170213,0.024145096444866065,-0.0042011112616885775,-0.09090909090909091,1.0643245917862443,ok
r_core_interaction_top20,scorecard_quantile_binning,scorecard_quantile_binning,bad_side_vs_clean_winner,True,higher_is_worse,validation,0.15,266,6,0.022556390977443608,0.2781954887218045,0.16165413533834586,0.2631578947368421,0.22727272727272727,0.04887218045112782,0.04027584885781332,-0.0029213160289258203,-0.09090909090909091,1.1283441161042138,ok
r_core_interaction_top20,scorecard_quantile_binning,scorecard_quantile_binning,bad_side_vs_clean_winner,True,higher_is_worse,validation,0.2,251,5,0.0199203187250996,0.2589641434262948,0.14741035856573706,0.24701195219123506,0.18181818181818182,0.04780876494023904,0.059507194153323006,-0.005557388281269827,-0.13636363636363635,0.9964791994811452,ok
r_core_interaction_top20,scorecard_quantile_binning,scorecard_quantile_binning,bad_side_vs_clean_winner,True,higher_is_worse,validation,0.3,219,5,0.0228310502283105,0.2465753424657534,0.136986301369863,0.2328767123287671,0.18181818181818182,0.0410958904109589,0.07189599511386441,-0.002646656778058927,-0.13636363636363635,1.1420834660719974,ok
r_core_interaction_top20,scorecard_quantile_binning,scorecard_quantile_binning,bad_side_vs_clean_winner,True,higher_is_worse,validation,0.4,188,4,0.02127659574468085,0.23404255319148937,0.11170212765957446,0.22340425531914893,0.13636363636363635,0.047872340425531915,0.08442878438812845,-0.0042011112616885775,-0.18181818181818182,1.0643245917862443,ok
r_core_interaction_top20,scorecard_quantile_binning,scorecard_quantile_binning,bad_side_vs_clean_winner,True,higher_is_worse,robustness,0.05,939,95,0.10117145899893504,0.29605963791267303,0.21725239616613418,0.2534611288604899,0.3812154696132597,0.2630457933972311,0.010310432865891173,-0.0009518979272530315,-0.0055248618784530246,1.273940074259564,ok
r_core_interaction_top20,scorecard_quantile_binning,scorecard_quantile_binning,bad_side_vs_clean_winner,True,higher_is_worse,robustness,0.1,890,93,0.10449438202247191,0.28876404494382024,0.21123595505617979,0.24943820224719102,0.3756906077348066,0.25617977528089886,0.017606025834743966,0.002371025096283841,-0.011049723756906105,1.3157819617370188,ok
r_core_interaction_top20,scorecard_quantile_binning,scorecard_quantile_binning,bad_side_vs_clean_winner,True,higher_is_worse,robustness,0.15,840,89,0.10595238095238095,0.2785714285714286,0.20357142857142857,0.24166666666666667,0.3756906077348066,0.2488095238095238,0.027798642207135627,0.0038290240261928815,-0.011049723756906105,1.3341409266409274,ok
r_core_interaction_top20,scorecard_quantile_binning,scorecard_quantile_binning,bad_side_vs_clean_winner,True,higher_is_worse,robustness,0.2,791,83,0.10493046776232617,0.2718078381795196,0.19848293299620734,0.23514538558786346,0.35911602209944754,0.24778761061946902,0.03456223259904462,0.0028071108361381047,-0.02762430939226518,1.3212731062288594,ok
r_core_interaction_top20,scorecard_quantile_binning,scorecard_quantile_binning,bad_side_vs_clean_winner,True,higher_is_worse,robustness,0.3,692,76,0.10982658959537572,0.24855491329479767,0.18208092485549132,0.21242774566473988,0.3425414364640884,0.25,0.05781515748376653,0.007703232669187654,-0.04419889502762431,1.3829245430401509,ok
r_core_interaction_top20,scorecard_quantile_binning,scorecard_quantile_binning,bad_side_vs_clean_winner,True,higher_is_worse,robustness,0.4,593,67,0.11298482293423272,0.21922428330522767,0.15177065767284992,0.19224283305227655,0.2983425414364641,0.24957841483979765,0.08714578747333654,0.010861466008044648,-0.08839779005524862,1.422692675812407,ok
r_core_interaction_top20,scorecard_quantile_binning,scorecard_quantile_binning,bad_side_vs_all_non_bad,False,higher_is_worse,all,0.05,2836,257,0.09062059238363893,0.4012693935119887,0.28737658674189,0.3593088857545839,0.45560747663551404,0.18688293370944992,0.01567635330649758,-0.0011409615346464064,-0.007009345794392496,1.349309372112252,ok
r_core_interaction_top20,scorecard_quantile_binning,scorecard_quantile_binning,bad_side_vs_all_non_bad,False,higher_is_worse,all,0.1,2687,240,0.0893189430591738,0.3844436174171939,0.27167845180498695,0.3435057685150726,0.42990654205607476,0.18496464458503908,0.03250212940129238,-0.0024426108591115298,-0.03271028037383178,1.3299282625155608,ok
r_core_interaction_top20,scorecard_quantile_binning,scorecard_quantile_binning,bad_side_vs_all_non_bad,False,higher_is_worse,all,0.15,2538,224,0.08825847123719464,0.36879432624113473,0.2568951930654058,0.32939322301024426,0.40420560747663553,0.18360914105594955,0.048151420577351556,-0.0035030826810906884,-0.05841121495327101,1.3141382027662298,ok
r_core_interaction_top20,scorecard_quantile_binning,scorecard_quantile_binning,bad_side_vs_all_non_bad,False,higher_is_worse,all,0.2,2388,215,0.09003350083752094,0.3559463986599665,0.24623115577889448,0.3165829145728643,0.39485981308411217,0.1804857621440536,0.06099934815851976,-0.0017280530807643885,-0.06775700934579437,1.3405677814359158,ok
r_core_interaction_top20,scorecard_quantile_binning,scorecard_quantile_binning,bad_side_vs_all_non_bad,False,higher_is_worse,all,0.3,2090,180,0.0861244019138756,0.3339712918660287,0.22200956937799043,0.29952153110047847,0.3411214953271028,0.17559808612440192,0.08297445495245759,-0.005637152004409729,-0.12149532710280375,1.2823626464279827,ok
r_core_interaction_top20,scorecard_quantile_binning,scorecard_quantile_binning,bad_side_vs_all_non_bad,False,higher_is_worse,all,0.4,1791,146,0.08151870463428253,0.3137911781127862,0.20491345616973758,0.2814070351758794,0.2803738317757009,0.16917922948073702,0.10315456870570011,-0.010242849284002806,-0.18224299065420563,1.2137854021063177,ok
r_core_interaction_top20,scorecard_quantile_binning,scorecard_quantile_binning,bad_side_vs_all_non_bad,False,higher_is_worse,train,0.05,1598,154,0.09637046307884856,0.48873591989987486,0.3579474342928661,0.44180225281602004,0.5288888888888889,0.1702127659574468,0.011561168632507779,-0.0016687526074259523,-0.008888888888888946,1.3291760048898333,ok
r_core_interaction_top20,scorecard_quantile_binning,scorecard_quantile_binning,bad_side_vs_all_non_bad,False,higher_is_worse,train,0.1,1514,145,0.09577278731836196,0.47688243064729197,0.3414795244385733,0.428665785997358,0.5022222222222222,0.17173051519154559,0.023414657885090673,-0.0022664283679125485,-0.03555555555555556,1.3209326463527566,ok
r_core_interaction_top20,scorecard_quantile_binning,scorecard_quantile_binning,bad_side_vs_all_non_bad,False,higher_is_worse,train,0.15,1430,136,0.0951048951048951,0.46153846153846156,0.32797202797202796,0.4132867132867133,0.47555555555555556,0.17482517482517482,0.038758626993921075,-0.002934320581379407,-0.062222222222222234,1.3117208373022329,ok
r_core_interaction_top20,scorecard_quantile_binning,scorecard_quantile_binning,bad_side_vs_all_non_bad,False,higher_is_worse,train,0.2,1346,125,0.09286775631500743,0.45022288261515603,0.3179791976225854,0.4034175334323923,0.44,0.1723625557206538,0.05007420591722661,-0.005171459371267076,-0.0977777777777778,1.2808654164177855,ok
r_core_interaction_top20,scorecard_quantile_binning,scorecard_quantile_binning,bad_side_vs_all_non_bad,False,higher_is_worse,train,0.3,1178,111,0.09422750424448217,0.42699490662139217,0.2928692699490662,0.3837011884550085,0.40444444444444444,0.1697792869269949,0.07330218191099047,-0.0038117114417923342,-0.13333333333333336,1.299619547744079,ok
r_core_interaction_top20,scorecard_quantile_binning,scorecard_quantile_binning,bad_side_vs_all_non_bad,False,higher_is_worse,train,0.4,1009,85,0.08424182358771061,0.42021803766105054,0.28344895936570863,0.3815659068384539,0.31555555555555553,0.16551040634291378,0.0800790508713321,-0.013797392098563899,-0.22222222222222227,1.161893457223856,ok
r_core_interaction_top20,scorecard_quantile_binning,scorecard_quantile_binning,bad_side_vs_all_non_bad,False,higher_is_worse,validation,0.05,298,8,0.026845637583892617,0.29194630872483224,0.17114093959731544,0.2751677852348993,0.3181818181818182,0.04697986577181208,0.02652502885478558,0.0013679305775231888,0.0,1.3429061963477444,ok
r_core_interaction_top20,scorecard_quantile_binning,scorecard_quantile_binning,bad_side_vs_all_non_bad,False,higher_is_worse,validation,0.1,282,8,0.028368794326241134,0.2730496453900709,0.1524822695035461,0.2553191489361702,0.3181818181818182,0.0425531914893617,0.04542169218954689,0.002891087319871706,0.0,1.4190994557149925,ok
r_core_interaction_top20,scorecard_quantile_binning,scorecard_quantile_binning,bad_side_vs_all_non_bad,False,higher_is_worse,validation,0.15,266,8,0.03007518796992481,0.2593984962406015,0.14285714285714285,0.24436090225563908,0.3181818181818182,0.03759398496240601,0.0590728413390163,0.004597480963555382,0.0,1.5044588214722852,ok
r_core_interaction_top20,scorecard_quantile_binning,scorecard_quantile_binning,bad_side_vs_all_non_bad,False,higher_is_worse,validation,0.2,251,7,0.027888446215139442,0.250996015936255,0.13545816733067728,0.23904382470119523,0.2727272727272727,0.03187250996015936,0.06747532164336284,0.0024107392087700137,-0.04545454545454547,1.395070879273603,ok
r_core_interaction_top20,scorecard_quantile_binning,scorecard_quantile_binning,bad_side_vs_all_non_bad,False,higher_is_worse,validation,0.3,219,4,0.0182648401826484,0.2465753424657534,0.1324200913242009,0.2328767123287671,0.13636363636363635,0.0319634703196347,0.07189599511386441,-0.007212866823721027,-0.18181818181818182,0.9136667728575979,ok
r_core_interaction_top20,scorecard_quantile_binning,scorecard_quantile_binning,bad_side_vs_all_non_bad,False,higher_is_worse,validation,0.4,188,4,0.02127659574468085,0.23404255319148937,0.12234042553191489,0.21808510638297873,0.13636363636363635,0.03723404255319149,0.08442878438812845,-0.0042011112616885775,-0.18181818181818182,1.0643245917862443,ok
r_core_interaction_top20,scorecard_quantile_binning,scorecard_quantile_binning,bad_side_vs_all_non_bad,False,higher_is_worse,robustness,0.05,939,94,0.10010649627263046,0.29073482428115016,0.20979765708200213,0.24920127795527156,0.3812154696132597,0.26091586794462196,0.015635246497414046,-0.002016860653557606,-0.0055248618784530246,1.2605301787410421,ok
r_core_interaction_top20,scorecard_quantile_binning,scorecard_quantile_binning,bad_side_vs_all_non_bad,False,higher_is_worse,robustness,0.1,890,90,0.10112359550561797,0.26741573033707866,0.1898876404494382,0.2292134831460674,0.3756906077348066,0.2550561797752809,0.03895434044148555,-0.0009997614205700944,-0.011049723756906105,1.2733373823261471,ok
r_core_interaction_top20,scorecard_quantile_binning,scorecard_quantile_binning,bad_side_vs_all_non_bad,False,higher_is_worse,robustness,0.15,840,83,0.0988095238095238,0.2571428571428571,0.18333333333333332,0.22023809523809523,0.3425414364640884,0.24761904761904763,0.04922721363570709,-0.0033138331166642637,-0.04419889502762431,1.2441988416988423,ok
r_core_interaction_top20,scorecard_quantile_binning,scorecard_quantile_binning,bad_side_vs_all_non_bad,False,higher_is_worse,robustness,0.2,791,80,0.1011378002528445,0.2427307206068268,0.168141592920354,0.20733249051833122,0.3370165745856354,0.24399494310998734,0.06363935017173741,-0.0009855566733435739,-0.04972375690607733,1.2735162469675751,ok
r_core_interaction_top20,scorecard_quantile_binning,scorecard_quantile_binning,bad_side_vs_all_non_bad,False,higher_is_worse,robustness,0.3,692,69,0.09971098265895954,0.22254335260115607,0.14739884393063585,0.1907514450867052,0.292817679558011,0.23265895953757226,0.08382671817740814,-0.002412374267228526,-0.0939226519337017,1.2555499140759265,ok
r_core_interaction_top20,scorecard_quantile_binning,scorecard_quantile_binning,bad_side_vs_all_non_bad,False,higher_is_worse,robustness,0.4,593,60,0.10118043844856661,0.1973018549747049,0.1281618887015177,0.16863406408094436,0.27071823204419887,0.23102866779089376,0.10906821580385931,-0.0009429184776214572,-0.11602209944751385,1.2740531425185733,ok
r_core_interaction_top20,lightgbm_rejector_depth_3,lightgbm_rejector_depth_3,bad_side_vs_clean_winner,False,higher_is_worse,all,0.05,2836,269,0.09485190409026799,0.41008462623413255,0.30007052186177713,0.3688293370944993,0.45560747663551404,0.1964033850493653,0.00686112058435373,0.003090350171982656,-0.007009345794392496,1.4123121443509563,ok
r_core_interaction_top20,lightgbm_rejector_depth_3,lightgbm_rejector_depth_3,bad_side_vs_clean_winner,False,higher_is_worse,all,0.1,2687,268,0.09973948641607741,0.40491254186825454,0.2951246743580201,0.36471901749162633,0.45560747663551404,0.19985113509490138,0.012033204950231746,0.007977932497792078,-0.007009345794392496,1.4850865598090428,ok
r_core_interaction_top20,lightgbm_rejector_depth_3,lightgbm_rejector_depth_3,bad_side_vs_clean_winner,False,higher_is_worse,all,0.15,2538,256,0.1008668242710796,0.3955870764381403,0.2895981087470449,0.3557919621749409,0.4462616822429907,0.2013396375098503,0.021358670380346,0.009105270352794265,-0.016355140186915862,1.5018722317328341,ok
r_core_interaction_top20,lightgbm_rejector_depth_3,lightgbm_rejector_depth_3,bad_side_vs_clean_winner,False,higher_is_worse,all,0.2,2388,244,0.10217755443886097,0.3869346733668342,0.2830820770519263,0.34966499162479064,0.4392523364485981,0.20016750418760468,0.030011073451652104,0.010416000520575633,-0.023364485981308414,1.5213885519551786,ok
r_core_interaction_top20,lightgbm_rejector_depth_3,lightgbm_rejector_depth_3,bad_side_vs_clean_winner,False,higher_is_worse,all,0.3,2090,226,0.10813397129186603,0.36985645933014355,0.27129186602870814,0.33301435406698565,0.4158878504672897,0.20095693779904306,0.047089287488342735,0.016372417373580694,-0.04672897196261683,1.6100775449595783,ok
r_core_interaction_top20,lightgbm_rejector_depth_3,lightgbm_rejector_depth_3,bad_side_vs_clean_winner,False,higher_is_worse,all,0.4,1791,198,0.11055276381909548,0.3623673925181463,0.26353992183137914,0.3249581239530988,0.37383177570093457,0.19765494137353434,0.05457835430033997,0.018791209900810152,-0.08878504672897197,1.6460925316236361,ok
r_core_interaction_top20,lightgbm_rejector_depth_3,lightgbm_rejector_depth_3,bad_side_vs_clean_winner,False,higher_is_worse,train,0.05,1598,163,0.10200250312891114,0.49687108886107634,0.37296620775969963,0.45056320400500627,0.5288888888888889,0.17334167709637047,0.0034259996713063012,0.003963287442636632,-0.008888888888888946,1.4068551220587198,ok
r_core_interaction_top20,lightgbm_rejector_depth_3,lightgbm_rejector_depth_3,bad_side_vs_clean_winner,False,higher_is_worse,train,0.1,1514,161,0.10634081902245707,0.49273447820343463,0.36988110964332893,0.4484808454425363,0.5288888888888889,0.17701453104359313,0.007562610328948005,0.008301603336182559,-0.008888888888888946,1.4666907314675435,ok
r_core_interaction_top20,lightgbm_rejector_depth_3,lightgbm_rejector_depth_3,bad_side_vs_clean_winner,False,higher_is_worse,train,0.15,1430,157,0.10979020979020979,0.4944055944055944,0.37202797202797205,0.45174825174825173,0.52,0.17762237762237762,0.005891494126788244,0.011750994103935278,-0.01777777777777778,1.514265966591548,ok
r_core_interaction_top20,lightgbm_rejector_depth_3,lightgbm_rejector_depth_3,bad_side_vs_clean_winner,False,higher_is_worse,train,0.2,1346,150,0.11144130757800892,0.49257057949479943,0.3699851411589896,0.4509658246656761,0.5022222222222222,0.1775631500742942,0.007726509037583207,0.013402091891734413,-0.03555555555555556,1.5370384997013427,ok
r_core_interaction_top20,lightgbm_rejector_depth_3,lightgbm_rejector_depth_3,bad_side_vs_clean_winner,False,higher_is_worse,train,0.3,1178,137,0.11629881154499151,0.48132427843803055,0.36502546689303905,0.4388794567062818,0.47555555555555556,0.18421052631578946,0.01897281009435209,0.018259595858717004,-0.062222222222222234,1.6040349373057554,ok
r_core_interaction_top20,lightgbm_rejector_depth_3,lightgbm_rejector_depth_3,bad_side_vs_clean_winner,False,higher_is_worse,train,0.4,1009,124,0.12289395441030723,0.48067393458870167,0.37165510406342916,0.43409316154608524,0.44,0.1823587710604559,0.01962315394368097,0.024854738724032724,-0.0977777777777778,1.6949975140677427,ok
r_core_interaction_top20,lightgbm_rejector_depth_3,lightgbm_rejector_depth_3,bad_side_vs_clean_winner,False,higher_is_worse,validation,0.05,298,8,0.026845637583892617,0.30201342281879195,0.17785234899328858,0.28523489932885904,0.3181818181818182,0.053691275167785234,0.016457914760825865,0.0013679305775231888,0.0,1.3429061963477444,ok
r_core_interaction_top20,lightgbm_rejector_depth_3,lightgbm_rejector_depth_3,bad_side_vs_clean_winner,False,higher_is_worse,validation,0.1,282,7,0.024822695035460994,0.29432624113475175,0.1702127659574468,0.2801418439716312,0.2727272727272727,0.05673758865248227,0.024145096444866065,-0.000655011970908434,-0.04545454545454547,1.2417120237506185,ok
r_core_interaction_top20,lightgbm_rejector_depth_3,lightgbm_rejector_depth_3,bad_side_vs_clean_winner,False,higher_is_worse,validation,0.15,266,6,0.022556390977443608,0.29699248120300753,0.17293233082706766,0.2819548872180451,0.22727272727272727,0.06015037593984962,0.02147885637661029,-0.0029213160289258203,-0.09090909090909091,1.1283441161042138,ok
r_core_interaction_top20,lightgbm_rejector_depth_3,lightgbm_rejector_depth_3,bad_side_vs_clean_winner,False,higher_is_worse,validation,0.2,251,5,0.0199203187250996,0.29880478087649404,0.17131474103585656,0.28286852589641437,0.22727272727272727,0.055776892430278883,0.019666556703123783,-0.005557388281269827,-0.09090909090909091,0.9964791994811452,ok
r_core_interaction_top20,lightgbm_rejector_depth_3,lightgbm_rejector_depth_3,bad_side_vs_clean_winner,False,higher_is_worse,validation,0.3,219,3,0.0136986301369863,0.2831050228310502,0.1598173515981735,0.2694063926940639,0.13636363636363635,0.0593607305936073,0.03536631474856761,-0.011779076869383127,-0.18181818181818182,0.6852500796431984,ok
r_core_interaction_top20,lightgbm_rejector_depth_3,lightgbm_rejector_depth_3,bad_side_vs_clean_winner,False,higher_is_worse,validation,0.4,188,3,0.015957446808510637,0.2712765957446808,0.14893617021276595,0.2553191489361702,0.13636363636363635,0.06382978723404255,0.04719474183493699,-0.009520260197858791,-0.18181818181818182,0.7982434438396833,ok
r_core_interaction_top20,lightgbm_rejector_depth_3,lightgbm_rejector_depth_3,bad_side_vs_clean_winner,False,higher_is_worse,robustness,0.05,939,96,0.10223642172523961,0.30244941427050054,0.22044728434504793,0.2630457933972311,0.3867403314917127,0.26517571884984026,0.003920656508063669,0.00011306479905154321,0.0,1.2873499697780855,ok
r_core_interaction_top20,lightgbm_rejector_depth_3,lightgbm_rejector_depth_3,bad_side_vs_clean_winner,False,higher_is_worse,robustness,0.1,890,92,0.10337078651685393,0.2966292134831461,0.21910112359550563,0.25842696629213485,0.3812154696132597,0.2606741573033708,0.009740857295418126,0.0012474295906658578,-0.0055248618784530246,1.3016337686000614,ok
r_core_interaction_top20,lightgbm_rejector_depth_3,lightgbm_rejector_depth_3,bad_side_vs_clean_winner,False,higher_is_worse,robustness,0.15,840,88,0.10476190476190476,0.28809523809523807,0.21428571428571427,0.25,0.3701657458563536,0.25595238095238093,0.018274832683326137,0.0026385478357166953,-0.01657458563535913,1.31915057915058,ok
r_core_interaction_top20,lightgbm_rejector_depth_3,lightgbm_rejector_depth_3,bad_side_vs_clean_winner,False,higher_is_worse,robustness,0.2,791,81,0.10240202275600506,0.2831858407079646,0.20986093552465235,0.24525916561314792,0.34806629834254144,0.2528445006321112,0.02318423007059961,0.0002786658298169903,-0.03867403314917128,1.2894352000546698,ok
r_core_interaction_top20,lightgbm_rejector_depth_3,lightgbm_rejector_depth_3,bad_side_vs_clean_winner,False,higher_is_worse,robustness,0.3,692,69,0.09971098265895954,0.27601156069364163,0.20664739884393063,0.24132947976878613,0.32044198895027626,0.24421965317919075,0.030358510084922574,-0.002412374267228526,-0.06629834254143646,1.2555499140759265,ok
r_core_interaction_top20,lightgbm_rejector_depth_3,lightgbm_rejector_depth_3,bad_side_vs_clean_winner,False,higher_is_worse,robustness,0.4,593,61,0.10286677908937605,0.26981450252951095,0.20236087689713322,0.23777403035413153,0.281767955801105,0.2411467116357504,0.03655556824905326,0.0007434221631879845,-0.10497237569060774,1.2952873615605496,ok
r_core_interaction_top20,lightgbm_rejector_depth_3,lightgbm_rejector_depth_3,bad_side_vs_all_non_bad,False,higher_is_worse,all,0.05,2836,257,0.09062059238363893,0.3906911142454161,0.2817348377997179,0.34908321579689705,0.4462616822429907,0.19322990126939352,0.026254632573070202,-0.0011409615346464064,-0.016355140186915862,1.349309372112252,ok
r_core_interaction_top20,lightgbm_rejector_depth_3,lightgbm_rejector_depth_3,bad_side_vs_all_non_bad,False,higher_is_worse,all,0.1,2687,248,0.09229624116114626,0.3639746929661332,0.25865277260885744,0.32415333085225156,0.43457943925233644,0.19240788983997023,0.05297105385235307,0.0005346872428609317,-0.028037383177570097,1.3742592045994129,ok
r_core_interaction_top20,lightgbm_rejector_depth_3,lightgbm_rejector_depth_3,bad_side_vs_all_non_bad,False,higher_is_worse,all,0.15,2538,232,0.09141055949566587,0.338849487785658,0.23522458628841608,0.2990543735224586,0.4182242990654206,0.1946414499605989,0.0780962590328283,-0.00035099442261946057,-0.04439252336448596,1.3610717100078806,ok
r_core_interaction_top20,lightgbm_rejector_depth_3,lightgbm_rejector_depth_3,bad_side_vs_all_non_bad,False,higher_is_worse,all,0.2,2388,218,0.09128978224455611,0.31365159128978226,0.21566164154103853,0.27721943048576214,0.40186915887850466,0.19472361809045227,0.10329415552870402,-0.000471771673729221,-0.060747663551401876,1.3592733783861843,ok
r_core_interaction_top20,lightgbm_rejector_depth_3,lightgbm_rejector_depth_3,bad_side_vs_all_non_bad,False,higher_is_worse,all,0.3,2090,190,0.09090909090909091,0.27464114832535885,0.18564593301435406,0.24114832535885167,0.3574766355140187,0.19330143540669856,0.14230459849312743,-0.0008524630091944208,-0.10514018691588783,1.3536050156739818,ok
r_core_interaction_top20,lightgbm_rejector_depth_3,lightgbm_rejector_depth_3,bad_side_vs_all_non_bad,False,higher_is_worse,all,0.4,1791,156,0.08710217755443886,0.24064768285873814,0.15968732551647125,0.20938023450586266,0.3014018691588785,0.1836962590731435,0.17629806395974815,-0.004659376363846474,-0.16121495327102803,1.2969213885519557,ok
r_core_interaction_top20,lightgbm_rejector_depth_3,lightgbm_rejector_depth_3,bad_side_vs_all_non_bad,False,higher_is_worse,train,0.05,1598,157,0.09824780976220275,0.48247809762202754,0.35607008760951186,0.4355444305381727,0.52,0.17459324155193992,0.017818990910355104,0.0002085940759282423,-0.01777777777777778,1.3550690439461288,ok
r_core_interaction_top20,lightgbm_rejector_depth_3,lightgbm_rejector_depth_3,bad_side_vs_all_non_bad,False,higher_is_worse,train,0.1,1514,146,0.0964332892998679,0.46829590488771466,0.3381770145310436,0.4227212681638045,0.49333333333333335,0.17767503302509907,0.032001183644667974,-0.0016059263864066087,-0.04444444444444445,1.3300425266724307,ok
r_core_interaction_top20,lightgbm_rejector_depth_3,lightgbm_rejector_depth_3,bad_side_vs_all_non_bad,False,higher_is_worse,train,0.15,1430,141,0.0986013986013986,0.45174825174825173,0.32447552447552447,0.4062937062937063,0.48444444444444446,0.17622377622377622,0.04854883678413091,0.0005621829151240959,-0.053333333333333344,1.3599458680854033,ok
r_core_interaction_top20,lightgbm_rejector_depth_3,lightgbm_rejector_depth_3,bad_side_vs_all_non_bad,False,higher_is_worse,train,0.2,1346,135,0.10029717682020803,0.437592867756315,0.31426448736998513,0.3922734026745914,0.4711111111111111,0.1775631500742942,0.06270422077606763,0.00225796113393352,-0.06666666666666671,1.3833346497312082,ok
r_core_interaction_top20,lightgbm_rejector_depth_3,lightgbm_rejector_depth_3,bad_side_vs_all_non_bad,False,higher_is_worse,train,0.3,1178,115,0.09762308998302208,0.4100169779286927,0.2903225806451613,0.36502546689303905,0.41333333333333333,0.1833616298811545,0.09028011060368996,-0.0004161257032524318,-0.12444444444444447,1.3464526845997216,ok
r_core_interaction_top20,lightgbm_rejector_depth_3,lightgbm_rejector_depth_3,bad_side_vs_all_non_bad,False,higher_is_worse,train,0.4,1009,97,0.09613478691774034,0.38354806739345887,0.2705649157581764,0.3379583746283449,0.35555555555555557,0.17046580773042616,0.11674902113892377,-0.0019044287685341665,-0.18222222222222223,1.3259254747142828,ok
r_core_interaction_top20,lightgbm_rejector_depth_3,lightgbm_rejector_depth_3,bad_side_vs_all_non_bad,False,higher_is_worse,validation,0.05,298,8,0.026845637583892617,0.28859060402684567,0.1610738255033557,0.2751677852348993,0.3181818181818182,0.04697986577181208,0.029880733552772154,0.0013679305775231888,0.0,1.3429061963477444,ok
r_core_interaction_top20,lightgbm_rejector_depth_3,lightgbm_rejector_depth_3,bad_side_vs_all_non_bad,False,higher_is_worse,validation,0.1,282,8,0.028368794326241134,0.28368794326241137,0.1595744680851064,0.2695035460992908,0.3181818181818182,0.03900709219858156,0.03478339431720645,0.002891087319871706,0.0,1.4190994557149925,ok
r_core_interaction_top20,lightgbm_rejector_depth_3,lightgbm_rejector_depth_3,bad_side_vs_all_non_bad,False,higher_is_worse,validation,0.15,266,5,0.018796992481203006,0.2744360902255639,0.15789473684210525,0.2593984962406015,0.18181818181818182,0.041353383458646614,0.0440352473540539,-0.0066807145251664216,-0.13636363636363635,0.9402867634201783,ok
r_core_interaction_top20,lightgbm_rejector_depth_3,lightgbm_rejector_depth_3,bad_side_vs_all_non_bad,False,higher_is_worse,validation,0.2,251,4,0.01593625498007968,0.26693227091633465,0.1553784860557769,0.250996015936255,0.13636363636363635,0.0398406374501992,0.05153906666328317,-0.009541452026289747,-0.18181818181818182,0.797183359584916,ok
r_core_interaction_top20,lightgbm_rejector_depth_3,lightgbm_rejector_depth_3,bad_side_vs_all_non_bad,False,higher_is_worse,validation,0.3,219,4,0.0182648401826484,0.2420091324200913,0.1278538812785388,0.228310502283105,0.13636363636363635,0.0365296803652968,0.07646220515952651,-0.007212866823721027,-0.18181818181818182,0.9136667728575979,ok
r_core_interaction_top20,lightgbm_rejector_depth_3,lightgbm_rejector_depth_3,bad_side_vs_all_non_bad,False,higher_is_worse,validation,0.4,188,4,0.02127659574468085,0.22340425531914893,0.12234042553191489,0.2074468085106383,0.13636363636363635,0.0425531914893617,0.0950670822604689,-0.0042011112616885775,-0.18181818181818182,1.0643245917862443,ok
r_core_interaction_top20,lightgbm_rejector_depth_3,lightgbm_rejector_depth_3,bad_side_vs_all_non_bad,False,higher_is_worse,robustness,0.05,939,94,0.10010649627263046,0.2832800851970181,0.20340788072417465,0.24494142705005326,0.3756906077348066,0.26624068157614483,0.023089985581546124,-0.002016860653557606,-0.011049723756906105,1.2605301787410421,ok
r_core_interaction_top20,lightgbm_rejector_depth_3,lightgbm_rejector_depth_3,bad_side_vs_all_non_bad,False,higher_is_worse,robustness,0.1,890,90,0.10112359550561797,0.26292134831460673,0.1853932584269663,0.22359550561797753,0.3701657458563536,0.26292134831460673,0.04344872246395748,-0.0009997614205700944,-0.01657458563535913,1.2733373823261471,ok
r_core_interaction_top20,lightgbm_rejector_depth_3,lightgbm_rejector_depth_3,bad_side_vs_all_non_bad,False,higher_is_worse,robustness,0.15,840,85,0.10119047619047619,0.24523809523809523,0.16904761904761906,0.20833333333333334,0.35911602209944754,0.26071428571428573,0.06113197554046898,-0.0009328807357118774,-0.02762430939226518,1.2741795366795374,ok
r_core_interaction_top20,lightgbm_rejector_depth_3,lightgbm_rejector_depth_3,bad_side_vs_all_non_bad,False,higher_is_worse,robustness,0.2,791,82,0.10366624525916561,0.23640960809102401,0.16055625790139064,0.20101137800252844,0.34806629834254144,0.25663716814159293,0.06996046268754019,0.0015428883329775406,-0.03867403314917128,1.3053541531417645,ok
r_core_interaction_top20,lightgbm_rejector_depth_3,lightgbm_rejector_depth_3,bad_side_vs_all_non_bad,False,higher_is_worse,robustness,0.3,692,72,0.10404624277456648,0.21098265895953758,0.14017341040462428,0.18208092485549132,0.30939226519337015,0.23554913294797689,0.09538741181902663,0.0019228858483784084,-0.07734806629834257,1.3101390407748799,ok
r_core_interaction_top20,lightgbm_rejector_depth_3,lightgbm_rejector_depth_3,bad_side_vs_all_non_bad,False,higher_is_worse,robustness,0.4,593,56,0.09443507588532883,0.18381112984822934,0.11804384485666104,0.163575042158516,0.24861878453038674,0.22596964586846544,0.12255894093033487,-0.007688281040859238,-0.13812154696132597,1.1891162663506685,ok
shallow_tree_top20,logistic_regression_l2,logistic_regression_l2,bad_side_vs_clean_winner,True,higher_is_worse,all,0.05,3486,469,0.13453815261044177,0.4388984509466437,0.31612162937464144,0.39013195639701664,0.5911214953271028,0.1884681583476764,0.004970758862620606,-0.00033923158574350465,-0.02336448598130847,2.0032266999030615,ok
shallow_tree_top20,logistic_regression_l2,logistic_regression_l2,bad_side_vs_clean_winner,True,higher_is_worse,all,0.1,3303,443,0.13412049651831667,0.433848016954284,0.3103239479261278,0.38570996064184077,0.5654205607476636,0.18135028761731758,0.01002119285498032,-0.0007568876778686062,-0.0490654205607477,1.9970079447106608,ok
shallow_tree_top20,logistic_regression_l2,logistic_regression_l2,bad_side_vs_clean_winner,True,higher_is_worse,all,0.15,3119,420,0.1346585444052581,0.4315485732606605,0.30586726514908624,0.3850593138826547,0.5397196261682243,0.1789034947098429,0.012320636548603825,-0.0002188397909271833,-0.07476635514018692,2.0050192922134644,ok
shallow_tree_top20,logistic_regression_l2,logistic_regression_l2,bad_side_vs_clean_winner,True,higher_is_worse,all,0.2,2936,397,0.13521798365122617,0.4298365122615804,0.30517711171662126,0.38351498637602177,0.5163551401869159,0.17472752043596732,0.014032697547683937,0.00034059945504089084,-0.0981308411214954,2.0133491496758444,ok
shallow_tree_top20,logistic_regression_l2,logistic_regression_l2,bad_side_vs_clean_winner,True,higher_is_worse,all,0.3,2569,358,0.13935383417672245,0.42857142857142855,0.30167380303620084,0.3814713896457766,0.4742990654205608,0.16776956014013233,0.015297781237835761,0.004476449980537173,-0.14018691588785048,2.0749305378451304,ok
shallow_tree_top20,logistic_regression_l2,logistic_regression_l2,bad_side_vs_clean_winner,True,higher_is_worse,all,0.4,2202,304,0.13805631244323344,0.4227974568574024,0.28701180744777477,0.37420526793823794,0.42990654205607476,0.167574931880109,0.021071752951861922,0.0031789282470481572,-0.1845794392523365,2.055610886654766,ok
shallow_tree_top20,logistic_regression_l2,logistic_regression_l2,bad_side_vs_clean_winner,True,higher_is_worse,train,0.05,1615,287,0.17770897832817337,0.4842105263157895,0.3461300309597523,0.4371517027863777,0.6177777777777778,0.16842105263157894,0.00696594427244579,0.0006501547987615985,-0.013333333333333308,2.451025991792066,ok
shallow_tree_top20,logistic_regression_l2,logistic_regression_l2,bad_side_vs_clean_winner,True,higher_is_worse,train,0.1,1530,269,0.1758169934640523,0.47908496732026146,0.33986928104575165,0.4326797385620915,0.6088888888888889,0.16862745098039217,0.012091503267973813,-0.0012418300653594672,-0.022222222222222143,2.4249310576943963,ok
shallow_tree_top20,logistic_regression_l2,logistic_regression_l2,bad_side_vs_clean_winner,True,higher_is_worse,train,0.15,1445,252,0.17439446366782008,0.47058823529411764,0.3342560553633218,0.4228373702422145,0.6044444444444445,0.16816608996539792,0.02058823529411763,-0.002664359861591692,-0.026666666666666616,2.4053110163353995,ok
shallow_tree_top20,logistic_regression_l2,logistic_regression_l2,bad_side_vs_clean_winner,True,higher_is_worse,train,0.2,1360,235,0.17279411764705882,0.46544117647058825,0.32794117647058824,0.4161764705882353,0.5955555555555555,0.17426470588235293,0.025735294117647023,-0.004264705882352948,-0.03555555555555556,2.3832384698065274,ok
shallow_tree_top20,logistic_regression_l2,logistic_regression_l2,bad_side_vs_clean_winner,True,higher_is_worse,train,0.3,1190,201,0.1689075630252101,0.45294117647058824,0.31848739495798317,0.4,0.56,0.173109243697479,0.038235294117647034,-0.008151260504201674,-0.07111111111111101,2.329633713950697,ok
shallow_tree_top20,logistic_regression_l2,logistic_regression_l2,bad_side_vs_clean_winner,True,higher_is_worse,train,0.4,1020,173,0.1696078431372549,0.43823529411764706,0.30686274509803924,0.39019607843137255,0.52,0.17647058823529413,0.052941176470588214,-0.0074509803921568585,-0.11111111111111105,2.3392922285193154,ok
shallow_tree_top20,logistic_regression_l2,logistic_regression_l2,bad_side_vs_clean_winner,True,higher_is_worse,validation,0.05,413,11,0.026634382566585957,0.3801452784503632,0.2469733656174334,0.36077481840193704,0.36363636363636365,0.07990314769975787,0.012958169825498855,-0.0009518243299657669,-0.04545454545454547,1.3323385325750323,ok
shallow_tree_top20,logistic_regression_l2,logistic_regression_l2,bad_side_vs_clean_winner,True,higher_is_worse,validation,0.1,391,11,0.028132992327365727,0.37084398976982097,0.23785166240409208,0.35038363171355497,0.36363636363636365,0.0792838874680307,0.022259458506041108,0.0005467854308140035,-0.04545454545454547,1.4073038720038065,ok
shallow_tree_top20,logistic_regression_l2,logistic_regression_l2,bad_side_vs_clean_winner,True,higher_is_worse,validation,0.15,369,11,0.02981029810298103,0.3604336043360434,0.23035230352303523,0.34146341463414637,0.36363636363636365,0.07859078590785908,0.0326698439398187,0.002224091206429305,-0.04545454545454547,1.4912081678956324,ok
shallow_tree_top20,logistic_regression_l2,logistic_regression_l2,bad_side_vs_clean_winner,True,higher_is_worse,validation,0.2,348,11,0.031609195402298854,0.35344827586206895,0.22126436781609196,0.33620689655172414,0.36363636363636365,0.08045977011494253,0.03965517241379313,0.00402298850574713,-0.04545454545454547,1.5811948676824379,ok
shallow_tree_top20,logistic_regression_l2,logistic_regression_l2,bad_side_vs_clean_winner,True,higher_is_worse,validation,0.3,304,11,0.03618421052631579,0.33881578947368424,0.19736842105263158,0.3190789473684211,0.36363636363636365,0.08223684210526316,0.05428765880217784,0.008598003629764067,-0.04545454545454547,1.8100520195838432,ok
shallow_tree_top20,logistic_regression_l2,logistic_regression_l2,bad_side_vs_clean_winner,True,higher_is_worse,validation,0.4,261,10,0.038314176245210725,0.3218390804597701,0.19157088122605365,0.30268199233716475,0.3181818181818182,0.08045977011494253,0.07126436781609197,0.010727969348659001,-0.09090909090909094,1.9165998396150759,ok
shallow_tree_top20,logistic_regression_l2,logistic_regression_l2,bad_side_vs_clean_winner,True,higher_is_worse,robustness,0.05,1458,169,0.11591220850480109,0.39849108367626884,0.29698216735253774,0.34156378600823045,0.6077348066298343,0.25377229080932784,0.0073721085061415614,-0.0026545667394985845,-0.011049723756906049,1.4595539984428882,ok
shallow_tree_top20,logistic_regression_l2,logistic_regression_l2,bad_side_vs_clean_winner,True,higher_is_worse,robustness,0.1,1381,160,0.11585807385952208,0.3946415640839971,0.29181752353367124,0.33743664011585806,0.580110497237569,0.24547429398986242,0.011221628098413317,-0.0027087013847775926,-0.03867403314917128,1.458872340841929,ok
shallow_tree_top20,logistic_regression_l2,logistic_regression_l2,bad_side_vs_clean_winner,True,higher_is_worse,robustness,0.15,1304,146,0.11196319018404909,0.38880368098159507,0.28297546012269936,0.3320552147239264,0.5359116022099447,0.24003067484662577,0.017059511200815336,-0.006603585060250591,-0.08287292817679559,1.4098283866688783,ok
shallow_tree_top20,logistic_regression_l2,logistic_regression_l2,bad_side_vs_clean_winner,True,higher_is_worse,robustness,0.2,1228,136,0.11074918566775244,0.38273615635179153,0.2768729641693811,0.3241042345276873,0.5193370165745856,0.23452768729641693,0.02312703583061887,-0.00781758957654724,-0.09944751381215466,1.3945417730434024,ok
shallow_tree_top20,logistic_regression_l2,logistic_regression_l2,bad_side_vs_clean_winner,True,higher_is_worse,robustness,0.3,1074,122,0.11359404096834265,0.3659217877094972,0.2616387337057728,0.31098696461824954,0.47513812154696133,0.2309124767225326,0.03994140447291322,-0.0049727342759570275,-0.14364640883977897,1.43036388343651,ok
shallow_tree_top20,logistic_regression_l2,logistic_regression_l2,bad_side_vs_clean_winner,True,higher_is_worse,robustness,0.4,921,102,0.11074918566775244,0.3550488599348534,0.256243213897937,0.2985884907709012,0.4088397790055249,0.2290988056460369,0.05081433224755699,-0.00781758957654724,-0.20994475138121543,1.3945417730434024,ok
shallow_tree_top20,logistic_regression_l2,logistic_regression_l2,bad_side_vs_all_non_bad,False,higher_is_worse,all,0.05,3486,474,0.1359724612736661,0.42570281124497994,0.30263912794033276,0.3763625932300631,0.6074766355140186,0.19506597819850832,0.01816639856428437,0.0010950770774808272,-0.007009345794392607,2.0245830613092775,ok
shallow_tree_top20,logistic_regression_l2,logistic_regression_l2,bad_side_vs_all_non_bad,False,higher_is_worse,all,0.1,3303,452,0.13684529215864366,0.40902210112019377,0.2867090523766273,0.36088404480775055,0.5957943925233645,0.19648804117468968,0.03484710868907054,0.0019679079624583817,-0.01869158878504673,2.037579212210426,ok
shallow_tree_top20,logistic_regression_l2,logistic_regression_l2,bad_side_vs_all_non_bad,False,higher_is_worse,all,0.15,3119,423,0.13562039115100993,0.3982045527412632,0.27989740301378646,0.3507534466175056,0.5747663551401869,0.19365181147803784,0.0456646570680011,0.0007430069548246543,-0.03971962616822433,2.0193408585864177,ok
shallow_tree_top20,logistic_regression_l2,logistic_regression_l2,bad_side_vs_all_non_bad,False,higher_is_worse,all,0.2,2936,398,0.13555858310626703,0.38862397820163486,0.27145776566757496,0.34162125340599453,0.5560747663551402,0.19141689373297002,0.05524523160762945,0.0006811989100817539,-0.05841121495327106,2.018420558113315,ok
shallow_tree_top20,logistic_regression_l2,logistic_regression_l2,bad_side_vs_all_non_bad,False,higher_is_worse,all,0.3,2569,344,0.1339042428960685,0.3729077462047489,0.25496302063059556,0.3250291942390035,0.5093457943925234,0.18645387310237446,0.07096146360451538,-0.0009731413001167755,-0.10514018691588789,1.9937880028456,ok
shallow_tree_top20,logistic_regression_l2,logistic_regression_l2,bad_side_vs_all_non_bad,False,higher_is_worse,all,0.4,2202,293,0.13306085376930063,0.3564940962761126,0.24250681198910082,0.3119891008174387,0.4649532710280374,0.18483197093551318,0.0873751135331517,-0.0018165304268846494,-0.14953271028037385,1.9812302295718633,ok
shallow_tree_top20,logistic_regression_l2,logistic_regression_l2,bad_side_vs_all_non_bad,False,higher_is_worse,train,0.05,1615,290,0.17956656346749225,0.4792569659442725,0.3411764705882353,0.4297213622291022,0.6222222222222222,0.1634674922600619,0.011919504643962797,0.0025077399380804832,-0.008888888888888835,2.4766464725425057,ok
shallow_tree_top20,logistic_regression_l2,logistic_regression_l2,bad_side_vs_all_non_bad,False,higher_is_worse,train,0.1,1530,271,0.17712418300653596,0.46797385620915033,0.32941176470588235,0.42026143790849674,0.6088888888888889,0.165359477124183,0.02320261437908494,6.535947712418833e-05,-0.022222222222222143,2.44296028488915,ok
shallow_tree_top20,logistic_regression_l2,logistic_regression_l2,bad_side_vs_all_non_bad,False,higher_is_worse,train,0.15,1445,257,0.17785467128027682,0.46228373702422143,0.32249134948096886,0.41522491349480967,0.5955555555555555,0.16539792387543253,0.02889273356401384,0.000795847750865053,-0.03555555555555556,2.453035441262689,ok
shallow_tree_top20,logistic_regression_l2,logistic_regression_l2,bad_side_vs_all_non_bad,False,higher_is_worse,train,0.2,1360,244,0.17941176470588235,0.4551470588235294,0.3154411764705882,0.4073529411764706,0.5911111111111111,0.16323529411764706,0.036029411764705865,0.0023529411764705854,-0.039999999999999925,2.4745114324799693,ok
shallow_tree_top20,logistic_regression_l2,logistic_regression_l2,bad_side_vs_all_non_bad,False,higher_is_worse,train,0.3,1190,209,0.17563025210084032,0.44201680672268906,0.30084033613445377,0.3949579831932773,0.5466666666666666,0.16302521008403362,0.04915966386554621,-0.0014285714285714457,-0.08444444444444443,2.422355453809431,ok
shallow_tree_top20,logistic_regression_l2,logistic_regression_l2,bad_side_vs_all_non_bad,False,higher_is_worse,train,0.4,1020,189,0.18529411764705883,0.42058823529411765,0.2803921568627451,0.37450980392156863,0.5155555555555555,0.15980392156862744,0.07058823529411762,0.008235294117647063,-0.11555555555555552,2.5556429548563617,ok
shallow_tree_top20,logistic_regression_l2,logistic_regression_l2,bad_side_vs_all_non_bad,False,higher_is_worse,validation,0.05,413,11,0.026634382566585957,0.3704600484261501,0.23728813559322035,0.35108958837772397,0.36363636363636365,0.0847457627118644,0.022643399849711976,-0.0009518243299657669,-0.04545454545454547,1.3323385325750323,ok
shallow_tree_top20,logistic_regression_l2,logistic_regression_l2,bad_side_vs_all_non_bad,False,higher_is_worse,validation,0.1,391,11,0.028132992327365727,0.3554987212276215,0.23017902813299232,0.3350383631713555,0.36363636363636365,0.08439897698209718,0.03760472704824058,0.0005467854308140035,-0.04545454545454547,1.4073038720038065,ok
shallow_tree_top20,logistic_regression_l2,logistic_regression_l2,bad_side_vs_all_non_bad,False,higher_is_worse,validation,0.15,369,10,0.02710027100271003,0.34417344173441733,0.2222222222222222,0.3224932249322493,0.3181818181818182,0.08401084010840108,0.04893000654144475,-0.00048593589384169494,-0.09090909090909094,1.3556437889960296,ok
shallow_tree_top20,logistic_regression_l2,logistic_regression_l2,bad_side_vs_all_non_bad,False,higher_is_worse,validation,0.2,348,9,0.02586206896551724,0.3390804597701149,0.21551724137931033,0.31896551724137934,0.2727272727272727,0.08620689655172414,0.05402298850574716,-0.0017241379310344827,-0.1363636363636364,1.2937048917401763,ok
shallow_tree_top20,logistic_regression_l2,logistic_regression_l2,bad_side_vs_all_non_bad,False,higher_is_worse,validation,0.3,304,9,0.029605263157894735,0.3223684210526316,0.1875,0.3092105263157895,0.2727272727272727,0.08223684210526316,0.0707350272232305,0.0020190562613430114,-0.1363636363636364,1.4809516523867807,ok
shallow_tree_top20,logistic_regression_l2,logistic_regression_l2,bad_side_vs_all_non_bad,False,higher_is_worse,validation,0.4,261,7,0.02681992337164751,0.3065134099616858,0.18007662835249041,0.29118773946360155,0.22727272727272727,0.0842911877394636,0.08659003831417628,-0.0007662835249042134,-0.18181818181818185,1.3416198877305532,ok
shallow_tree_top20,logistic_regression_l2,logistic_regression_l2,bad_side_vs_all_non_bad,False,higher_is_worse,robustness,0.05,1458,176,0.12071330589849108,0.38545953360768176,0.2825788751714678,0.32853223593964337,0.6132596685082873,0.2599451303155007,0.020403658574728645,0.002146530654191403,-0.0055248618784530246,1.5200088977866764,ok
shallow_tree_top20,logistic_regression_l2,logistic_regression_l2,bad_side_vs_all_non_bad,False,higher_is_worse,robustness,0.1,1381,169,0.1223750905141202,0.3736422881969587,0.27299058653149894,0.3157132512671977,0.5966850828729282,0.25850832729905865,0.03222090398545169,0.0038083152698205197,-0.022099447513812098,1.5409339100142874,ok
shallow_tree_top20,logistic_regression_l2,logistic_regression_l2,bad_side_vs_all_non_bad,False,higher_is_worse,robustness,0.15,1304,158,0.12116564417177914,0.3665644171779141,0.2691717791411043,0.3098159509202454,0.569060773480663,0.2561349693251534,0.0392987750044963,0.0025988689274794585,-0.04972375690607733,1.5257046924224846,ok
shallow_tree_top20,logistic_regression_l2,logistic_regression_l2,bad_side_vs_all_non_bad,False,higher_is_worse,robustness,0.2,1228,150,0.12214983713355049,0.36074918566775244,0.26140065146579805,0.30293159609120524,0.5414364640883977,0.25,0.04511400651465797,0.0035830618892508104,-0.07734806629834257,1.5380975437978706,ok
shallow_tree_top20,logistic_regression_l2,logistic_regression_l2,bad_side_vs_all_non_bad,False,higher_is_worse,robustness,0.3,1074,129,0.12011173184357542,0.3463687150837989,0.2504655493482309,0.2886405959031657,0.46408839779005523,0.24115456238361266,0.0594944770986115,0.0015449565992757402,-0.15469613259668508,1.5124339423222113,ok
shallow_tree_top20,logistic_regression_l2,logistic_regression_l2,bad_side_vs_all_non_bad,False,higher_is_worse,robustness,0.4,921,112,0.12160694896851248,0.33876221498371334,0.24538545059717698,0.28013029315960913,0.430939226519337,0.23344191096634093,0.06710097719869706,0.003040173724212808,-0.18784530386740328,1.5312615547143245,ok
shallow_tree_top20,logistic_regression_l1,logistic_regression_l1,bad_side_vs_clean_winner,True,higher_is_worse,all,0.05,3486,463,0.13281698221457258,0.43775100401606426,0.3158347676419966,0.3895582329317269,0.5794392523364486,0.18732071141709697,0.006118205793200049,-0.0020604019816126973,-0.035046728971962704,1.9775990662156022,ok
shallow_tree_top20,logistic_regression_l1,logistic_regression_l1,bad_side_vs_clean_winner,True,higher_is_worse,all,0.1,3303,437,0.13230396609143202,0.43657281259461095,0.3121404783530124,0.38934302149561006,0.5630841121495327,0.1819557977596125,0.007296397214653361,-0.0025734181047532556,-0.051401869158878566,1.9699604330441507,ok
shallow_tree_top20,logistic_regression_l1,logistic_regression_l1,bad_side_vs_clean_winner,True,higher_is_worse,all,0.15,3119,410,0.1314523885860853,0.432189804424495,0.3100352677140109,0.385379929464572,0.530373831775701,0.17826226354600833,0.011679405384769304,-0.0034249956100999845,-0.08411214953271029,1.9572807376369536,ok
shallow_tree_top20,logistic_regression_l1,logistic_regression_l1,bad_side_vs_clean_winner,True,higher_is_worse,all,0.2,2936,391,0.13317438692098094,0.4311989100817439,0.3079019073569482,0.385558583106267,0.514018691588785,0.17268392370572208,0.012670299727520429,-0.0017029972752043432,-0.10046728971962626,1.9829206990510204,ok
shallow_tree_top20,logistic_regression_l1,logistic_regression_l1,bad_side_vs_clean_winner,True,higher_is_worse,all,0.3,2569,350,0.1362397820163488,0.432074737251849,0.302841572596341,0.38497469832619696,0.4742990654205608,0.16815881666017907,0.011794472557415336,0.0013623978201635079,-0.14018691588785048,2.028563374988256,ok
shallow_tree_top20,logistic_regression_l1,logistic_regression_l1,bad_side_vs_clean_winner,True,higher_is_worse,all,0.4,2202,304,0.13805631244323344,0.4259763851044505,0.2938237965485922,0.37920072661217075,0.4205607476635514,0.164850136239782,0.017892824704813792,0.0031789282470481572,-0.19392523364485986,2.055610886654766,ok
shallow_tree_top20,logistic_regression_l1,logistic_regression_l1,bad_side_vs_clean_winner,True,higher_is_worse,train,0.05,1615,285,0.17647058823529413,0.48173374613003095,0.3455108359133127,0.4340557275541796,0.6177777777777778,0.16718266253869968,0.009442724458204321,-0.0005882352941176394,-0.013333333333333308,2.4339456712917733,ok
shallow_tree_top20,logistic_regression_l1,logistic_regression_l1,bad_side_vs_clean_winner,True,higher_is_worse,train,0.1,1530,272,0.17777777777777778,0.4764705882352941,0.3411764705882353,0.43071895424836604,0.6133333333333333,0.165359477124183,0.01470588235294118,0.0007189542483660161,-0.01777777777777778,2.451974898486527,ok
shallow_tree_top20,logistic_regression_l1,logistic_regression_l1,bad_side_vs_clean_winner,True,higher_is_worse,train,0.15,1445,258,0.17854671280276815,0.4726643598615917,0.3356401384083045,0.4249134948096886,0.6088888888888889,0.16678200692041523,0.01851211072664355,0.0014878892733563853,-0.022222222222222143,2.4625803262481467,ok
shallow_tree_top20,logistic_regression_l1,logistic_regression_l1,bad_side_vs_clean_winner,True,higher_is_worse,train,0.2,1360,243,0.1786764705882353,0.4610294117647059,0.3220588235294118,0.41323529411764703,0.5911111111111111,0.1713235294117647,0.03014705882352936,0.0016176470588235292,-0.039999999999999925,2.4643699921829203,ok
shallow_tree_top20,logistic_regression_l1,logistic_regression_l1,bad_side_vs_clean_winner,True,higher_is_worse,train,0.3,1190,206,0.173109243697479,0.44873949579831934,0.31176470588235294,0.4008403361344538,0.56,0.17394957983193277,0.04243697478991593,-0.003949579831932781,-0.07111111111111101,2.3875848013624057,ok
shallow_tree_top20,logistic_regression_l1,logistic_regression_l1,bad_side_vs_clean_winner,True,higher_is_worse,train,0.4,1020,171,0.1676470588235294,0.4323529411764706,0.3058823529411765,0.38235294117647056,0.5244444444444445,0.17745098039215687,0.05882352941176466,-0.00941176470588237,-0.10666666666666658,2.312248387727184,ok
shallow_tree_top20,logistic_regression_l1,logistic_regression_l1,bad_side_vs_clean_winner,True,higher_is_worse,validation,0.05,413,11,0.026634382566585957,0.3801452784503632,0.24939467312348668,0.3583535108958838,0.36363636363636365,0.08232445520581114,0.012958169825498855,-0.0009518243299657669,-0.04545454545454547,1.3323385325750323,ok
shallow_tree_top20,logistic_regression_l1,logistic_regression_l1,bad_side_vs_clean_winner,True,higher_is_worse,validation,0.1,391,11,0.028132992327365727,0.3657289002557545,0.23273657289002558,0.3452685421994885,0.36363636363636365,0.0792838874680307,0.02737454802010758,0.0005467854308140035,-0.04545454545454547,1.4073038720038065,ok
shallow_tree_top20,logistic_regression_l1,logistic_regression_l1,bad_side_vs_clean_winner,True,higher_is_worse,validation,0.15,369,11,0.02981029810298103,0.36585365853658536,0.23035230352303523,0.34417344173441733,0.36363636363636365,0.07588075880758807,0.02724978973927672,0.002224091206429305,-0.04545454545454547,1.4912081678956324,ok
shallow_tree_top20,logistic_regression_l1,logistic_regression_l1,bad_side_vs_clean_winner,True,higher_is_worse,validation,0.2,348,11,0.031609195402298854,0.3620689655172414,0.22413793103448276,0.34195402298850575,0.36363636363636365,0.07758620689655173,0.031034482758620696,0.00402298850574713,-0.04545454545454547,1.5811948676824379,ok
shallow_tree_top20,logistic_regression_l1,logistic_regression_l1,bad_side_vs_clean_winner,True,higher_is_worse,validation,0.3,304,9,0.029605263157894735,0.34210526315789475,0.21052631578947367,0.3223684210526316,0.2727272727272727,0.08552631578947369,0.05099818511796733,0.0020190562613430114,-0.1363636363636364,1.4809516523867807,ok
shallow_tree_top20,logistic_regression_l1,logistic_regression_l1,bad_side_vs_clean_winner,True,higher_is_worse,validation,0.4,261,9,0.034482758620689655,0.3333333333333333,0.19923371647509577,0.3103448275862069,0.2727272727272727,0.09195402298850575,0.05977011494252876,0.006896551724137931,-0.1363636363636364,1.7249398556535684,ok
shallow_tree_top20,logistic_regression_l1,logistic_regression_l1,bad_side_vs_clean_winner,True,higher_is_worse,robustness,0.05,1458,173,0.11865569272976681,0.3950617283950617,0.2935528120713306,0.3395061728395062,0.6077348066298343,0.2544581618655693,0.010801463787348697,8.891748546713263e-05,-0.011049723756906049,1.4940996552107673,ok
shallow_tree_top20,logistic_regression_l1,logistic_regression_l1,bad_side_vs_clean_winner,True,higher_is_worse,robustness,0.1,1381,155,0.11223750905141203,0.389572773352643,0.28819695872556117,0.33526430123099205,0.5469613259668509,0.2433019551049964,0.016290418829767395,-0.00632926619288765,-0.07182320441988943,1.4132825801906188,ok
shallow_tree_top20,logistic_regression_l1,logistic_regression_l1,bad_side_vs_clean_winner,True,higher_is_worse,robustness,0.15,1304,144,0.11042944785276074,0.3895705521472393,0.2875766871165644,0.33358895705521474,0.5248618784530387,0.23696319018404907,0.016292640035171113,-0.00813732739153894,-0.09392265193370164,1.3905156690432772,ok
shallow_tree_top20,logistic_regression_l1,logistic_regression_l1,bad_side_vs_clean_winner,True,higher_is_worse,robustness,0.2,1228,133,0.10830618892508144,0.3802931596091205,0.2760586319218241,0.3265472312703583,0.5138121546961326,0.23289902280130292,0.02557003257328988,-0.010260586319218237,-0.10497237569060769,1.3637798221674453,ok
shallow_tree_top20,logistic_regression_l1,logistic_regression_l1,bad_side_vs_clean_winner,True,higher_is_worse,robustness,0.3,1074,113,0.10521415270018622,0.3715083798882682,0.27281191806331473,0.31843575418994413,0.44751381215469616,0.23184357541899442,0.03435481229414222,-0.013352622544113457,-0.17127071823204415,1.3248452362977512,ok
shallow_tree_top20,logistic_regression_l1,logistic_regression_l1,bad_side_vs_clean_winner,True,higher_is_worse,robustness,0.4,921,96,0.10423452768729642,0.36047774158523344,0.2671009771986971,0.31053203040173727,0.39226519337016574,0.22366992399565688,0.04538545059717697,-0.014332247557003255,-0.22651933701657456,1.3125099040408494,ok
shallow_tree_top20,logistic_regression_l1,logistic_regression_l1,bad_side_vs_all_non_bad,False,higher_is_worse,all,0.05,3486,469,0.13453815261044177,0.4248422260470453,0.3023522662076879,0.37607573149741824,0.6051401869158879,0.19707401032702238,0.019026983762219007,-0.00033923158574350465,-0.009345794392523366,2.0032266999030615,ok
shallow_tree_top20,logistic_regression_l1,logistic_regression_l1,bad_side_vs_all_non_bad,False,higher_is_worse,all,0.1,3303,449,0.13593702694520132,0.4114441416893733,0.28943384801695426,0.36270057523463517,0.5957943925233645,0.19557977596124734,0.03242506811989099,0.0010596427490160432,-0.01869158878504673,2.024055456377171,ok
shallow_tree_top20,logistic_regression_l1,logistic_regression_l1,bad_side_vs_all_non_bad,False,higher_is_worse,all,0.15,3119,420,0.1346585444052581,0.3975633215774287,0.2792561718499519,0.3494709842898365,0.5794392523364486,0.19365181147803784,0.046305888231835624,-0.0002188397909271833,-0.035046728971962704,2.0050192922134644,ok
shallow_tree_top20,logistic_regression_l1,logistic_regression_l1,bad_side_vs_all_non_bad,False,higher_is_worse,all,0.2,2936,395,0.13453678474114442,0.3869209809264305,0.27043596730245234,0.33821525885558584,0.5560747663551402,0.1931198910081744,0.056948228882833796,-0.0003405994550408631,-0.05841121495327106,2.003206332800903,ok
shallow_tree_top20,logistic_regression_l1,logistic_regression_l1,bad_side_vs_all_non_bad,False,higher_is_worse,all,0.3,2569,342,0.1331257298559751,0.37057220708446864,0.2526274815103153,0.32308291163876995,0.5116822429906542,0.18995718178279486,0.07329700272479567,-0.0017516543402101847,-0.10280373831775702,1.9821962121313816,ok
shallow_tree_top20,logistic_regression_l1,logistic_regression_l1,bad_side_vs_all_non_bad,False,higher_is_worse,all,0.4,2202,285,0.12942779291553133,0.3542234332425068,0.2452316076294278,0.3083560399636694,0.4602803738317757,0.1857402361489555,0.08964577656675748,-0.005449591280653948,-0.15420560747663553,1.9271352062388432,ok
shallow_tree_top20,logistic_regression_l1,logistic_regression_l1,bad_side_vs_all_non_bad,False,higher_is_worse,train,0.05,1615,290,0.17956656346749225,0.47678018575851394,0.3393188854489164,0.42724458204334365,0.6266666666666667,0.16470588235294117,0.014396284829721329,0.0025077399380804832,-0.004444444444444362,2.4766464725425057,ok
shallow_tree_top20,logistic_regression_l1,logistic_regression_l1,bad_side_vs_all_non_bad,False,higher_is_worse,train,0.1,1530,271,0.17712418300653596,0.4673202614379085,0.3287581699346405,0.42026143790849674,0.6088888888888889,0.16405228758169935,0.023856209150326768,6.535947712418833e-05,-0.022222222222222143,2.44296028488915,ok
shallow_tree_top20,logistic_regression_l1,logistic_regression_l1,bad_side_vs_all_non_bad,False,higher_is_worse,train,0.15,1445,253,0.1750865051903114,0.46228373702422143,0.3238754325259516,0.41522491349480967,0.6,0.16262975778546712,0.02889273356401384,-0.0019723183391003596,-0.03111111111111109,2.414855901320857,ok
shallow_tree_top20,logistic_regression_l1,logistic_regression_l1,bad_side_vs_all_non_bad,False,higher_is_worse,train,0.2,1360,241,0.17720588235294119,0.4602941176470588,0.31838235294117645,0.41323529411764703,0.5911111111111111,0.16176470588235295,0.030882352941176472,0.0001470588235294168,-0.039999999999999925,2.4440871115888223,ok
shallow_tree_top20,logistic_regression_l1,logistic_regression_l1,bad_side_vs_all_non_bad,False,higher_is_worse,train,0.3,1190,207,0.17394957983193277,0.446218487394958,0.3033613445378151,0.3983193277310924,0.5377777777777778,0.16302521008403362,0.04495798319327726,-0.0031092436974790028,-0.09333333333333327,2.3991750188447476,ok
shallow_tree_top20,logistic_regression_l1,logistic_regression_l1,bad_side_vs_all_non_bad,False,higher_is_worse,train,0.4,1020,186,0.18235294117647058,0.42745098039215684,0.28921568627450983,0.3803921568627451,0.5155555555555555,0.16176470588235295,0.06372549019607843,0.00529411764705881,-0.11555555555555552,2.5150771936681653,ok
shallow_tree_top20,logistic_regression_l1,logistic_regression_l1,bad_side_vs_all_non_bad,False,higher_is_worse,validation,0.05,413,11,0.026634382566585957,0.3704600484261501,0.23728813559322035,0.35108958837772397,0.36363636363636365,0.0847457627118644,0.022643399849711976,-0.0009518243299657669,-0.04545454545454547,1.3323385325750323,ok
shallow_tree_top20,logistic_regression_l1,logistic_regression_l1,bad_side_vs_all_non_bad,False,higher_is_worse,validation,0.1,391,11,0.028132992327365727,0.35294117647058826,0.22506393861892582,0.33248081841432225,0.36363636363636365,0.08439897698209718,0.04016227180527382,0.0005467854308140035,-0.04545454545454547,1.4073038720038065,ok
shallow_tree_top20,logistic_regression_l1,logistic_regression_l1,bad_side_vs_all_non_bad,False,higher_is_worse,validation,0.15,369,9,0.024390243902439025,0.34688346883468835,0.21951219512195122,0.3252032520325203,0.2727272727272727,0.08672086720867209,0.04621997944117373,-0.0031959629941126985,-0.1363636363636364,1.2200794100964265,ok
shallow_tree_top20,logistic_regression_l1,logistic_regression_l1,bad_side_vs_all_non_bad,False,higher_is_worse,validation,0.2,348,9,0.02586206896551724,0.33620689655172414,0.20977011494252873,0.3160919540229885,0.2727272727272727,0.08908045977011494,0.056896551724137934,-0.0017241379310344827,-0.1363636363636364,1.2937048917401763,ok
shallow_tree_top20,logistic_regression_l1,logistic_regression_l1,bad_side_vs_all_non_bad,False,higher_is_worse,validation,0.3,304,9,0.029605263157894735,0.3256578947368421,0.19407894736842105,0.3026315789473684,0.2727272727272727,0.08881578947368421,0.06744555353901999,0.0020190562613430114,-0.1363636363636364,1.4809516523867807,ok
shallow_tree_top20,logistic_regression_l1,logistic_regression_l1,bad_side_vs_all_non_bad,False,higher_is_worse,validation,0.4,261,7,0.02681992337164751,0.3103448275862069,0.1839080459770115,0.2950191570881226,0.22727272727272727,0.08812260536398467,0.08275862068965517,-0.0007662835249042134,-0.18181818181818185,1.3416198877305532,ok
shallow_tree_top20,logistic_regression_l1,logistic_regression_l1,bad_side_vs_all_non_bad,False,higher_is_worse,robustness,0.05,1458,176,0.12071330589849108,0.3840877914951989,0.2839506172839506,0.3271604938271605,0.6132596685082873,0.2613168724279835,0.02177540068721151,0.002146530654191403,-0.0055248618784530246,1.5200088977866764,ok
shallow_tree_top20,logistic_regression_l1,logistic_regression_l1,bad_side_vs_all_non_bad,False,higher_is_worse,robustness,0.1,1381,168,0.1216509775524982,0.3729181752353367,0.27299058653149894,0.3149891383055757,0.5911602209944752,0.25633598841419264,0.03294501694707369,0.0030842023081985165,-0.027624309392265123,1.5318159578840256,ok
shallow_tree_top20,logistic_regression_l1,logistic_regression_l1,bad_side_vs_all_non_bad,False,higher_is_worse,robustness,0.15,1304,159,0.12193251533742332,0.36349693251533743,0.2668711656441718,0.3044478527607362,0.574585635359116,0.254601226993865,0.04236625966707297,0.0033657400931236398,-0.04419889502762431,1.5353610512352853,ok
shallow_tree_top20,logistic_regression_l1,logistic_regression_l1,bad_side_vs_all_non_bad,False,higher_is_worse,robustness,0.2,1228,150,0.12214983713355049,0.3558631921824104,0.25732899022801303,0.2972312703583062,0.5414364640883977,0.249185667752443,0.04999999999999999,0.0035830618892508104,-0.07734806629834257,1.5380975437978706,ok
shallow_tree_top20,logistic_regression_l1,logistic_regression_l1,bad_side_vs_all_non_bad,False,higher_is_worse,robustness,0.3,1074,129,0.12011173184357542,0.34823091247672255,0.2504655493482309,0.2905027932960894,0.47513812154696133,0.24022346368715083,0.05763227970568785,0.0015449565992757402,-0.14364640883977897,1.5124339423222113,ok
shallow_tree_top20,logistic_regression_l1,logistic_regression_l1,bad_side_vs_all_non_bad,False,higher_is_worse,robustness,0.4,921,112,0.12160694896851248,0.3355048859934853,0.24429967426710097,0.2779587404994571,0.430939226519337,0.23778501628664495,0.07035830618892508,0.003040173724212808,-0.18784530386740328,1.5312615547143245,ok
shallow_tree_top20,shallow_decision_tree_max_depth_3,shallow_decision_tree_max_depth_3,bad_side_vs_clean_winner,True,higher_is_worse,all,0.05,3486,481,0.13798049340218016,0.43717728055077454,0.3164084911072863,0.3895582329317269,0.6098130841121495,0.20051635111876076,0.0066919292584897705,0.0031031092059948806,-0.004672897196261738,2.05448196727798,ok
shallow_tree_top20,shallow_decision_tree_max_depth_3,shallow_decision_tree_max_depth_3,bad_side_vs_clean_winner,True,higher_is_worse,all,0.1,3303,460,0.13926733272782318,0.42900393581592494,0.30881017257039056,0.381774144716924,0.6051401869158879,0.2031486527399334,0.014865273993339367,0.004389948531637905,-0.009345794392523366,2.0736425610991063,ok
shallow_tree_top20,shallow_decision_tree_max_depth_3,shallow_decision_tree_max_depth_3,bad_side_vs_clean_winner,True,higher_is_worse,all,0.15,3119,439,0.14075024046168644,0.4257774927861494,0.30747034305867266,0.37768515549855725,0.5864485981308412,0.20230843218980443,0.018091717023114906,0.0058728562655011585,-0.028037383177570097,2.0957225459088353,ok
shallow_tree_top20,shallow_decision_tree_max_depth_3,shallow_decision_tree_max_depth_3,bad_side_vs_clean_winner,True,higher_is_worse,all,0.2,2936,415,0.14134877384196184,0.4189373297002725,0.3017711171662125,0.37057220708446864,0.5794392523364486,0.20061307901907358,0.024931880108991833,0.006471389645776565,-0.035046728971962704,2.1046345015503154,ok
shallow_tree_top20,shallow_decision_tree_max_depth_3,shallow_decision_tree_max_depth_3,bad_side_vs_clean_winner,True,higher_is_worse,all,0.3,2569,367,0.14285714285714285,0.397041650447645,0.2814324639937719,0.3503308680420397,0.530373831775701,0.1989100817438692,0.04682755936161931,0.00797975866095757,-0.08411214953271029,2.127093596059114,ok
shallow_tree_top20,shallow_decision_tree_max_depth_3,shallow_decision_tree_max_depth_3,bad_side_vs_clean_winner,True,higher_is_worse,all,0.4,2202,324,0.14713896457765668,0.3982742960944596,0.27838328792007266,0.354677565849228,0.49065420560747663,0.20027247956403268,0.04559491371480473,0.012261580381471404,-0.12383177570093462,2.1908484449873167,ok
shallow_tree_top20,shallow_decision_tree_max_depth_3,shallow_decision_tree_max_depth_3,bad_side_vs_clean_winner,True,higher_is_worse,train,0.05,1615,288,0.178328173374613,0.4885448916408669,0.3510835913312694,0.44148606811145513,0.6266666666666667,0.17027863777089783,0.0026315789473683737,0.0012693498452012453,-0.004444444444444362,2.4595661520422127,ok
shallow_tree_top20,shallow_decision_tree_max_depth_3,shallow_decision_tree_max_depth_3,bad_side_vs_clean_winner,True,higher_is_worse,train,0.1,1530,271,0.17712418300653596,0.48169934640522877,0.3431372549019608,0.43529411764705883,0.6222222222222222,0.16862745098039217,0.009477124183006502,6.535947712418833e-05,-0.008888888888888835,2.44296028488915,ok
shallow_tree_top20,shallow_decision_tree_max_depth_3,shallow_decision_tree_max_depth_3,bad_side_vs_clean_winner,True,higher_is_worse,train,0.15,1445,257,0.17785467128027682,0.47681660899653977,0.3391003460207612,0.429757785467128,0.6044444444444445,0.17024221453287197,0.0143598615916955,0.000795847750865053,-0.026666666666666616,2.453035441262689,ok
shallow_tree_top20,shallow_decision_tree_max_depth_3,shallow_decision_tree_max_depth_3,bad_side_vs_clean_winner,True,higher_is_worse,train,0.2,1360,241,0.17720588235294119,0.4742647058823529,0.3338235294117647,0.42573529411764705,0.5822222222222222,0.16911764705882354,0.01691176470588235,0.0001470588235294168,-0.04888888888888887,2.4440871115888223,ok
shallow_tree_top20,shallow_decision_tree_max_depth_3,shallow_decision_tree_max_depth_3,bad_side_vs_clean_winner,True,higher_is_worse,train,0.3,1190,199,0.1672268907563025,0.46050420168067224,0.31848739495798317,0.4134453781512605,0.52,0.16806722689075632,0.030672268907563027,-0.009831932773109259,-0.11111111111111105,2.3064532789860133,ok
shallow_tree_top20,shallow_decision_tree_max_depth_3,shallow_decision_tree_max_depth_3,bad_side_vs_clean_winner,True,higher_is_worse,train,0.4,1020,171,0.1676470588235294,0.4696078431372549,0.3235294117647059,0.42549019607843136,0.4533333333333333,0.17450980392156862,0.02156862745098037,-0.00941176470588237,-0.17777777777777776,2.312248387727184,ok
shallow_tree_top20,shallow_decision_tree_max_depth_3,shallow_decision_tree_max_depth_3,bad_side_vs_clean_winner,True,higher_is_worse,validation,0.05,413,12,0.029055690072639227,0.387409200968523,0.24939467312348668,0.36803874092009686,0.4090909090909091,0.08716707021791767,0.005694247307339084,0.0014694831760875028,0.0,1.4534602173545808,ok
shallow_tree_top20,shallow_decision_tree_max_depth_3,shallow_decision_tree_max_depth_3,bad_side_vs_clean_winner,True,higher_is_worse,validation,0.1,391,12,0.030690537084398978,0.38107416879795397,0.24040920716112532,0.36061381074168797,0.4090909090909091,0.08439897698209718,0.012029279477908106,0.003104330187847254,0.0,1.5352405876405162,ok
shallow_tree_top20,shallow_decision_tree_max_depth_3,shallow_decision_tree_max_depth_3,bad_side_vs_clean_winner,True,higher_is_worse,validation,0.15,369,11,0.02981029810298103,0.3794037940379404,0.23306233062330622,0.35772357723577236,0.36363636363636365,0.08401084010840108,0.013699654237921688,0.002224091206429305,-0.04545454545454547,1.4912081678956324,ok
shallow_tree_top20,shallow_decision_tree_max_depth_3,shallow_decision_tree_max_depth_3,bad_side_vs_clean_winner,True,higher_is_worse,validation,0.2,348,11,0.031609195402298854,0.3649425287356322,0.22126436781609196,0.3448275862068966,0.36363636363636365,0.08045977011494253,0.028160919540229867,0.00402298850574713,-0.04545454545454547,1.5811948676824379,ok
shallow_tree_top20,shallow_decision_tree_max_depth_3,shallow_decision_tree_max_depth_3,bad_side_vs_clean_winner,True,higher_is_worse,validation,0.3,304,10,0.03289473684210526,0.3848684210526316,0.23355263157894737,0.3684210526315789,0.3181818181818182,0.08552631578947369,0.008235027223230496,0.005308529945553538,-0.09090909090909094,1.645501835985312,ok
shallow_tree_top20,shallow_decision_tree_max_depth_3,shallow_decision_tree_max_depth_3,bad_side_vs_clean_winner,True,higher_is_worse,validation,0.4,261,9,0.034482758620689655,0.37547892720306514,0.23371647509578544,0.3563218390804598,0.3181818181818182,0.08812260536398467,0.01762452107279694,0.006896551724137931,-0.09090909090909094,1.7249398556535684,ok
shallow_tree_top20,shallow_decision_tree_max_depth_3,shallow_decision_tree_max_depth_3,bad_side_vs_clean_winner,True,higher_is_worse,robustness,0.05,1458,177,0.12139917695473251,0.39780521262002744,0.299039780521262,0.34156378600823045,0.6132596685082873,0.2674897119341564,0.008057979562382966,0.002832401710432836,-0.0055248618784530246,1.5286453119786463,ok
shallow_tree_top20,shallow_decision_tree_max_depth_3,shallow_decision_tree_max_depth_3,bad_side_vs_clean_winner,True,higher_is_worse,robustness,0.1,1381,168,0.1216509775524982,0.3917451122375091,0.29254163649529324,0.333816075307748,0.6077348066298343,0.27009413468501087,0.01411807994490133,0.0030842023081985165,-0.011049723756906049,1.5318159578840256,ok
shallow_tree_top20,shallow_decision_tree_max_depth_3,shallow_decision_tree_max_depth_3,bad_side_vs_clean_winner,True,higher_is_worse,robustness,0.15,1304,162,0.12423312883435583,0.39263803680981596,0.2937116564417178,0.3328220858895706,0.5966850828729282,0.2661042944785276,0.013225155372594444,0.005666353590056156,-0.022099447513812098,1.564330127673687,ok
shallow_tree_top20,shallow_decision_tree_max_depth_3,shallow_decision_tree_max_depth_3,bad_side_vs_clean_winner,True,higher_is_worse,robustness,0.2,1228,154,0.1254071661237785,0.38517915309446255,0.28664495114006516,0.3249185667752443,0.5911602209944752,0.2662866449511401,0.02068403908794786,0.006840390879478825,-0.027624309392265123,1.579113478299147,ok
shallow_tree_top20,shallow_decision_tree_max_depth_3,shallow_decision_tree_max_depth_3,bad_side_vs_clean_winner,True,higher_is_worse,robustness,0.3,1074,142,0.13221601489757914,0.3621973929236499,0.27001862197392923,0.30446927374301674,0.5580110497237569,0.2616387337057728,0.04366579925876052,0.013649239653279466,-0.06077348066298338,1.6648497659670853,ok
shallow_tree_top20,shallow_decision_tree_max_depth_3,shallow_decision_tree_max_depth_3,bad_side_vs_clean_winner,True,higher_is_worse,robustness,0.4,921,119,0.12920738327904452,0.36047774158523344,0.26492942453854507,0.30293159609120524,0.49171270718232046,0.25841476655808904,0.04538545059717697,0.010640608034744842,-0.12707182320441984,1.6269654018839697,ok
shallow_tree_top20,shallow_decision_tree_max_depth_3,shallow_decision_tree_max_depth_3,bad_side_vs_all_non_bad,False,higher_is_worse,all,0.05,3486,474,0.1359724612736661,0.43172690763052207,0.30866322432587495,0.38353413654618473,0.6098130841121495,0.1993689041881813,0.012142302178742237,0.0010950770774808272,-0.004672897196261738,2.0245830613092775,ok
shallow_tree_top20,shallow_decision_tree_max_depth_3,shallow_decision_tree_max_depth_3,bad_side_vs_all_non_bad,False,higher_is_worse,all,0.1,3303,447,0.13533151680290645,0.4174992431123221,0.296094459582198,0.37026945201332123,0.5864485981308412,0.2010293672419013,0.026369966696942193,0.0004541326067211693,-0.028037383177570097,2.015039619155001,ok
shallow_tree_top20,shallow_decision_tree_max_depth_3,shallow_decision_tree_max_depth_3,bad_side_vs_all_non_bad,False,higher_is_worse,all,0.15,3119,423,0.13562039115100993,0.40589932670727796,0.28727156139788396,0.36005129849310674,0.5654205607476636,0.20166720102596986,0.037969883101986346,0.0007430069548246543,-0.0490654205607477,2.0193408585864177,ok
shallow_tree_top20,shallow_decision_tree_max_depth_3,shallow_decision_tree_max_depth_3,bad_side_vs_all_non_bad,False,higher_is_worse,all,0.2,2936,406,0.138283378746594,0.39952316076294275,0.28133514986376024,0.3532016348773842,0.5514018691588785,0.19822888283378748,0.044346049046321556,0.003405994550408714,-0.0630841121495328,2.05899182561308,ok
shallow_tree_top20,shallow_decision_tree_max_depth_3,shallow_decision_tree_max_depth_3,bad_side_vs_all_non_bad,False,higher_is_worse,all,0.3,2569,361,0.1405216037368626,0.3721292331646555,0.258466329311016,0.32619696379914365,0.5257009345794392,0.2024133904242896,0.0717399766446088,0.005644219540677314,-0.08878504672897203,2.0923182239164584,ok
shallow_tree_top20,shallow_decision_tree_max_depth_3,shallow_decision_tree_max_depth_3,bad_side_vs_all_non_bad,False,higher_is_worse,all,0.4,2202,306,0.13896457765667575,0.35376930063578566,0.23705722070844687,0.3069936421435059,0.4672897196261682,0.19209809264305178,0.09009990917347865,0.004087193460490468,-0.14719626168224303,2.069134642488021,ok
shallow_tree_top20,shallow_decision_tree_max_depth_3,shallow_decision_tree_max_depth_3,bad_side_vs_all_non_bad,False,higher_is_worse,train,0.05,1615,294,0.18204334365325078,0.48606811145510836,0.3479876160990712,0.43839009287925695,0.6222222222222222,0.16842105263157894,0.005108359133126905,0.004984520123839015,-0.008888888888888835,2.510807113543092,ok
shallow_tree_top20,shallow_decision_tree_max_depth_3,shallow_decision_tree_max_depth_3,bad_side_vs_all_non_bad,False,higher_is_worse,train,0.1,1530,278,0.18169934640522875,0.4745098039215686,0.33790849673202616,0.42745098039215684,0.6177777777777778,0.17124183006535948,0.016666666666666663,0.0046405228758169825,-0.013333333333333308,2.5060625800707883,ok
shallow_tree_top20,shallow_decision_tree_max_depth_3,shallow_decision_tree_max_depth_3,bad_side_vs_all_non_bad,False,higher_is_worse,train,0.15,1445,261,0.1806228373702422,0.46505190311418687,0.3238754325259516,0.4166089965397924,0.6044444444444445,0.17024221453287197,0.0261245674740484,0.003564013840830438,-0.026666666666666616,2.4912149812045206,ok
shallow_tree_top20,shallow_decision_tree_max_depth_3,shallow_decision_tree_max_depth_3,bad_side_vs_all_non_bad,False,higher_is_worse,train,0.2,1360,242,0.17794117647058824,0.45073529411764707,0.3125,0.4036764705882353,0.5866666666666667,0.16911764705882354,0.0404411764705882,0.000882352941176473,-0.0444444444444444,2.4542285518858713,ok
shallow_tree_top20,shallow_decision_tree_max_depth_3,shallow_decision_tree_max_depth_3,bad_side_vs_all_non_bad,False,higher_is_worse,train,0.3,1190,211,0.1773109243697479,0.44537815126050423,0.3092436974789916,0.39663865546218485,0.5377777777777778,0.17563025210084032,0.04579831932773104,0.0002521008403361391,-0.09333333333333327,2.4455358887741148,ok
shallow_tree_top20,shallow_decision_tree_max_depth_3,shallow_decision_tree_max_depth_3,bad_side_vs_all_non_bad,False,higher_is_worse,train,0.4,1020,178,0.17450980392156862,0.44019607843137254,0.30196078431372547,0.39509803921568626,0.48444444444444446,0.17450980392156862,0.05098039215686273,-0.0025490196078431504,-0.1466666666666666,2.406901830499642,ok
shallow_tree_top20,shallow_decision_tree_max_depth_3,shallow_decision_tree_max_depth_3,bad_side_vs_all_non_bad,False,higher_is_worse,validation,0.05,413,12,0.029055690072639227,0.38256658595641646,0.24939467312348668,0.3583535108958838,0.4090909090909091,0.08958837772397095,0.010536862319445617,0.0014694831760875028,0.0,1.4534602173545808,ok
shallow_tree_top20,shallow_decision_tree_max_depth_3,shallow_decision_tree_max_depth_3,bad_side_vs_all_non_bad,False,higher_is_worse,validation,0.1,391,11,0.028132992327365727,0.37851662404092073,0.24296675191815856,0.35805626598465473,0.36363636363636365,0.0792838874680307,0.014586824234941342,0.0005467854308140035,-0.04545454545454547,1.4073038720038065,ok
shallow_tree_top20,shallow_decision_tree_max_depth_3,shallow_decision_tree_max_depth_3,bad_side_vs_all_non_bad,False,higher_is_worse,validation,0.15,369,11,0.02981029810298103,0.36314363143631434,0.23306233062330622,0.34417344173441733,0.36363636363636365,0.07859078590785908,0.029959816839547737,0.002224091206429305,-0.04545454545454547,1.4912081678956324,ok
shallow_tree_top20,shallow_decision_tree_max_depth_3,shallow_decision_tree_max_depth_3,bad_side_vs_all_non_bad,False,higher_is_worse,validation,0.2,348,10,0.028735632183908046,0.34770114942528735,0.22413793103448276,0.33045977011494254,0.3181818181818182,0.08045977011494253,0.04540229885057473,0.0011494252873563218,-0.09090909090909094,1.437449879711307,ok
shallow_tree_top20,shallow_decision_tree_max_depth_3,shallow_decision_tree_max_depth_3,bad_side_vs_all_non_bad,False,higher_is_worse,validation,0.3,304,9,0.029605263157894735,0.34539473684210525,0.20723684210526316,0.33223684210526316,0.2727272727272727,0.07236842105263158,0.04770871143375682,0.0020190562613430114,-0.1363636363636364,1.4809516523867807,ok
shallow_tree_top20,shallow_decision_tree_max_depth_3,shallow_decision_tree_max_depth_3,bad_side_vs_all_non_bad,False,higher_is_worse,validation,0.4,261,9,0.034482758620689655,0.34099616858237547,0.19157088122605365,0.32950191570881227,0.2727272727272727,0.07662835249042145,0.05210727969348661,0.006896551724137931,-0.1363636363636364,1.7249398556535684,ok
shallow_tree_top20,shallow_decision_tree_max_depth_3,shallow_decision_tree_max_depth_3,bad_side_vs_all_non_bad,False,higher_is_worse,robustness,0.05,1458,178,0.12208504801097393,0.39574759945130317,0.2935528120713306,0.3395061728395062,0.6132596685082873,0.2661179698216735,0.010115592731107237,0.0035182727666742547,-0.0055248618784530246,1.537281726170616,ok
shallow_tree_top20,shallow_decision_tree_max_depth_3,shallow_decision_tree_max_depth_3,bad_side_vs_all_non_bad,False,higher_is_worse,robustness,0.1,1381,167,0.12092686459087618,0.38305575669804487,0.28530050687907316,0.3272990586531499,0.574585635359116,0.26864590876176686,0.022807435484365535,0.0023600893465764994,-0.04419889502762431,1.5226980057537634,ok
shallow_tree_top20,shallow_decision_tree_max_depth_3,shallow_decision_tree_max_depth_3,bad_side_vs_all_non_bad,False,higher_is_worse,robustness,0.15,1304,159,0.12193251533742332,0.3688650306748466,0.2737730061349693,0.3113496932515337,0.5580110497237569,0.2737730061349693,0.0369981615075638,0.0033657400931236398,-0.06077348066298338,1.5353610512352853,ok
shallow_tree_top20,shallow_decision_tree_max_depth_3,shallow_decision_tree_max_depth_3,bad_side_vs_all_non_bad,False,higher_is_worse,robustness,0.2,1228,148,0.12052117263843648,0.35993485342019543,0.2711726384364821,0.30374592833876224,0.5414364640883977,0.2752442996742671,0.04592833876221497,0.001954397394136803,-0.07734806629834257,1.5175895765472323,ok
shallow_tree_top20,shallow_decision_tree_max_depth_3,shallow_decision_tree_max_depth_3,bad_side_vs_all_non_bad,False,higher_is_worse,robustness,0.3,1074,137,0.12756052141527002,0.3361266294227188,0.24581005586592178,0.27932960893854747,0.5027624309392266,0.2802607076350093,0.06973656275969159,0.008993746170970346,-0.11602209944751374,1.6062282953344416,ok
shallow_tree_top20,shallow_decision_tree_max_depth_3,shallow_decision_tree_max_depth_3,bad_side_vs_all_non_bad,False,higher_is_worse,robustness,0.4,921,123,0.13355048859934854,0.32247557003257327,0.2290988056460369,0.26167209554831705,0.48066298342541436,0.26601520086862107,0.08338762214983714,0.014983713355048861,-0.13812154696132595,1.6816533145523385,ok
shallow_tree_top20,scorecard_quantile_binning,scorecard_quantile_binning,bad_side_vs_clean_winner,True,higher_is_worse,all,0.05,3486,468,0.1342512908777969,0.4294320137693632,0.3072289156626506,0.3795180722891566,0.6051401869158879,0.19391853126792885,0.014437196039901123,-0.0006260933183883655,-0.009345794392523366,1.9989554276218184,ok
shallow_tree_top20,scorecard_quantile_binning,scorecard_quantile_binning,bad_side_vs_clean_winner,True,higher_is_worse,all,0.1,3303,443,0.13412049651831667,0.41477444747199516,0.2903421132303966,0.36542537087496213,0.5911214953271028,0.19224947017862548,0.029094762337269153,-0.0007568876778686062,-0.02336448598130847,1.9970079447106608,ok
shallow_tree_top20,scorecard_quantile_binning,scorecard_quantile_binning,bad_side_vs_clean_winner,True,higher_is_worse,all,0.15,3119,417,0.13369669765950626,0.4023725553061879,0.27637063161269637,0.35524206476434755,0.5677570093457944,0.18948380891311317,0.041496654503076436,-0.001180686536679021,-0.04672897196261683,1.9906977258405112,ok
shallow_tree_top20,scorecard_quantile_binning,scorecard_quantile_binning,bad_side_vs_clean_winner,True,higher_is_worse,all,0.2,2936,395,0.13453678474114442,0.3967983651226158,0.2694141689373297,0.3521798365122616,0.544392523364486,0.18596730245231607,0.047070844686648516,-0.0003405994550408631,-0.0700934579439253,2.003206332800903,ok
shallow_tree_top20,scorecard_quantile_binning,scorecard_quantile_binning,bad_side_vs_clean_winner,True,higher_is_worse,all,0.3,2569,346,0.13468275593616194,0.38069287660568313,0.2553522771506423,0.33553912028026467,0.5070093457943925,0.18567536006228105,0.06317633320358118,-0.00019462826002333844,-0.10747663551401876,2.005379793559819,ok
shallow_tree_top20,scorecard_quantile_binning,scorecard_quantile_binning,bad_side_vs_clean_winner,True,higher_is_worse,all,0.4,2202,288,0.1307901907356948,0.36330608537693004,0.23978201634877383,0.32107175295186197,0.4439252336448598,0.1807447774750227,0.08056312443233427,-0.004087193460490468,-0.17056074766355145,1.9474208399887256,ok
shallow_tree_top20,scorecard_quantile_binning,scorecard_quantile_binning,bad_side_vs_clean_winner,True,higher_is_worse,train,0.05,1615,284,0.17585139318885448,0.47678018575851394,0.3368421052631579,0.42910216718266253,0.6222222222222222,0.16594427244582044,0.014396284829721329,-0.0012074303405572862,-0.008888888888888835,2.4254055110416264,ok
shallow_tree_top20,scorecard_quantile_binning,scorecard_quantile_binning,bad_side_vs_clean_winner,True,higher_is_worse,train,0.1,1530,269,0.1758169934640523,0.465359477124183,0.32222222222222224,0.4189542483660131,0.6088888888888889,0.16405228758169935,0.02581699346405225,-0.0012418300653594672,-0.022222222222222143,2.4249310576943963,ok
shallow_tree_top20,scorecard_quantile_binning,scorecard_quantile_binning,bad_side_vs_clean_winner,True,higher_is_worse,train,0.15,1445,251,0.17370242214532872,0.4615916955017301,0.31280276816609,0.415916955017301,0.6044444444444445,0.16124567474048443,0.029584775086505144,-0.003356401384083052,-0.026666666666666616,2.395766131349941,ok
shallow_tree_top20,scorecard_quantile_binning,scorecard_quantile_binning,bad_side_vs_clean_winner,True,higher_is_worse,train,0.2,1360,230,0.16911764705882354,0.45441176470588235,0.3058823529411765,0.4088235294117647,0.5911111111111111,0.16176470588235295,0.03676470588235292,-0.00794117647058823,-0.039999999999999925,2.3325312683212824,ok
shallow_tree_top20,scorecard_quantile_binning,scorecard_quantile_binning,bad_side_vs_clean_winner,True,higher_is_worse,train,0.3,1190,203,0.17058823529411765,0.44285714285714284,0.29747899159663865,0.39663865546218485,0.5511111111111111,0.16218487394957984,0.04831932773109243,-0.006470588235294117,-0.07999999999999996,2.3528141489153804,ok
shallow_tree_top20,scorecard_quantile_binning,scorecard_quantile_binning,bad_side_vs_clean_winner,True,higher_is_worse,train,0.4,1020,171,0.1676470588235294,0.43529411764705883,0.29215686274509806,0.39019607843137255,0.49333333333333335,0.16470588235294117,0.05588235294117644,-0.00941176470588237,-0.13777777777777772,2.312248387727184,ok
shallow_tree_top20,scorecard_quantile_binning,scorecard_quantile_binning,bad_side_vs_clean_winner,True,higher_is_worse,validation,0.05,413,11,0.026634382566585957,0.3704600484261501,0.2397094430992736,0.34382566585956414,0.36363636363636365,0.08958837772397095,0.022643399849711976,-0.0009518243299657669,-0.04545454545454547,1.3323385325750323,ok
shallow_tree_top20,scorecard_quantile_binning,scorecard_quantile_binning,bad_side_vs_clean_winner,True,higher_is_worse,validation,0.1,391,11,0.028132992327365727,0.34782608695652173,0.21483375959079284,0.329923273657289,0.36363636363636365,0.08439897698209718,0.04527736131934035,0.0005467854308140035,-0.04545454545454547,1.4073038720038065,ok
shallow_tree_top20,scorecard_quantile_binning,scorecard_quantile_binning,bad_side_vs_clean_winner,True,higher_is_worse,validation,0.15,369,10,0.02710027100271003,0.33604336043360433,0.2140921409214092,0.31978319783197834,0.3181818181818182,0.08401084010840108,0.057060087842257745,-0.00048593589384169494,-0.09090909090909094,1.3556437889960296,ok
shallow_tree_top20,scorecard_quantile_binning,scorecard_quantile_binning,bad_side_vs_clean_winner,True,higher_is_worse,validation,0.2,348,9,0.02586206896551724,0.3333333333333333,0.21551724137931033,0.3160919540229885,0.2727272727272727,0.08045977011494253,0.05977011494252876,-0.0017241379310344827,-0.1363636363636364,1.2937048917401763,ok
shallow_tree_top20,scorecard_quantile_binning,scorecard_quantile_binning,bad_side_vs_clean_winner,True,higher_is_worse,validation,0.3,304,8,0.02631578947368421,0.3125,0.20065789473684212,0.29605263157894735,0.22727272727272727,0.08223684210526316,0.08060344827586208,-0.0012704174228675147,-0.18181818181818185,1.3164014687882495,ok
shallow_tree_top20,scorecard_quantile_binning,scorecard_quantile_binning,bad_side_vs_clean_winner,True,higher_is_worse,validation,0.4,261,6,0.022988505747126436,0.2950191570881226,0.18007662835249041,0.2796934865900383,0.18181818181818182,0.07662835249042145,0.09808429118773948,-0.004597701149425287,-0.2272727272727273,1.1499599037690456,ok
shallow_tree_top20,scorecard_quantile_binning,scorecard_quantile_binning,bad_side_vs_clean_winner,True,higher_is_worse,robustness,0.05,1458,171,0.11728395061728394,0.39094650205761317,0.28737997256515774,0.3347050754458162,0.6077348066298343,0.2544581618655693,0.014916690124797238,-0.0012828246270157329,-0.011049723756906049,1.4768268268268276,ok
shallow_tree_top20,scorecard_quantile_binning,scorecard_quantile_binning,bad_side_vs_clean_winner,True,higher_is_worse,robustness,0.1,1381,164,0.11875452570601014,0.3772628530050688,0.27299058653149894,0.32005792903692976,0.5911602209944752,0.2519913106444605,0.028600339177341616,0.00018775046171046195,-0.027624309392265123,1.4953441493629773,ok
shallow_tree_top20,scorecard_quantile_binning,scorecard_quantile_binning,bad_side_vs_clean_winner,True,higher_is_worse,robustness,0.15,1304,154,0.11809815950920245,0.3619631901840491,0.25920245398773006,0.3067484662576687,0.569060773480663,0.25306748466257667,0.043900001998361304,-0.00046861573509722476,-0.04972375690607733,1.4870792571712825,ok
shallow_tree_top20,scorecard_quantile_binning,scorecard_quantile_binning,bad_side_vs_clean_winner,True,higher_is_worse,robustness,0.2,1228,147,0.11970684039087948,0.3517915309446254,0.249185667752443,0.2956026058631922,0.5469613259668509,0.250814332247557,0.05407166123778501,0.0011400651465797995,-0.07182320441988943,1.507335592921913,ok
shallow_tree_top20,scorecard_quantile_binning,scorecard_quantile_binning,bad_side_vs_clean_winner,True,higher_is_worse,robustness,0.3,1074,128,0.1191806331471136,0.33519553072625696,0.2309124767225326,0.2802607076350093,0.4972375690607735,0.24767225325884543,0.07066766145615344,0.0006138579028139163,-0.12154696132596682,1.5007096481956825,ok
shallow_tree_top20,scorecard_quantile_binning,scorecard_quantile_binning,bad_side_vs_clean_winner,True,higher_is_worse,robustness,0.4,921,114,0.1237785016286645,0.32030401737242126,0.21932681867535286,0.26384364820846906,0.4585635359116022,0.250814332247557,0.08555917480998915,0.005211726384364818,-0.1602209944751381,1.5586055110485089,ok
shallow_tree_top20,scorecard_quantile_binning,scorecard_quantile_binning,bad_side_vs_all_non_bad,False,higher_is_worse,all,0.05,3486,468,0.1342512908777969,0.4282845668387837,0.3049340218014917,0.38009179575444635,0.6051401869158879,0.193631669535284,0.015584642970480622,-0.0006260933183883655,-0.009345794392523366,1.9989554276218184,ok
shallow_tree_top20,scorecard_quantile_binning,scorecard_quantile_binning,bad_side_vs_all_non_bad,False,higher_is_worse,all,0.1,3303,450,0.1362397820163488,0.4159854677565849,0.29155313351498635,0.368755676657584,0.5911214953271028,0.19134120496518317,0.027883742052679406,0.0013623978201635079,-0.02336448598130847,2.028563374988256,ok
shallow_tree_top20,scorecard_quantile_binning,scorecard_quantile_binning,bad_side_vs_all_non_bad,False,higher_is_worse,all,0.15,3119,429,0.13754408464251364,0.4049374799615261,0.2808592497595383,0.3574863738377685,0.5771028037383178,0.1875601154216095,0.03893172984773818,0.0026667004463283572,-0.03738317757009346,2.0479839913323246,ok
shallow_tree_top20,scorecard_quantile_binning,scorecard_quantile_binning,bad_side_vs_all_non_bad,False,higher_is_worse,all,0.2,2936,398,0.13555858310626703,0.39645776566757496,0.27145776566757496,0.34979564032697547,0.5560747663551402,0.18664850136239783,0.04741144414168935,0.0006811989100817539,-0.05841121495327106,2.018420558113315,ok
shallow_tree_top20,scorecard_quantile_binning,scorecard_quantile_binning,bad_side_vs_all_non_bad,False,higher_is_worse,all,0.3,2569,342,0.1331257298559751,0.3826391592059167,0.25885558583106266,0.33553912028026467,0.5093457943925234,0.18333982094200077,0.06123005060334763,-0.0017516543402101847,-0.10514018691588789,1.9821962121313816,ok
shallow_tree_top20,scorecard_quantile_binning,scorecard_quantile_binning,bad_side_vs_all_non_bad,False,higher_is_worse,all,0.4,2202,283,0.12851952770208902,0.36693914623069934,0.2438692098092643,0.3228882833787466,0.441588785046729,0.17529518619436876,0.07693006357856497,-0.006357856494096259,-0.17289719626168226,1.9136114504055883,ok
shallow_tree_top20,scorecard_quantile_binning,scorecard_quantile_binning,bad_side_vs_all_non_bad,False,higher_is_worse,train,0.05,1615,287,0.17770897832817337,0.47987616099071206,0.34241486068111454,0.4321981424148607,0.6177777777777778,0.16594427244582044,0.011300309597523206,0.0006501547987615985,-0.013333333333333308,2.451025991792066,ok
shallow_tree_top20,scorecard_quantile_binning,scorecard_quantile_binning,bad_side_vs_all_non_bad,False,higher_is_worse,train,0.1,1530,278,0.18169934640522875,0.46797385620915033,0.330718954248366,0.4196078431372549,0.6088888888888889,0.16732026143790849,0.02320261437908494,0.0046405228758169825,-0.022222222222222143,2.5060625800707883,ok
shallow_tree_top20,scorecard_quantile_binning,scorecard_quantile_binning,bad_side_vs_all_non_bad,False,higher_is_worse,train,0.15,1445,259,0.17923875432525951,0.4588235294117647,0.3197231833910035,0.4117647058823529,0.5911111111111111,0.16332179930795848,0.032352941176470584,0.0021799307958477454,-0.039999999999999925,2.4721252112336045,ok
shallow_tree_top20,scorecard_quantile_binning,scorecard_quantile_binning,bad_side_vs_all_non_bad,False,higher_is_worse,train,0.2,1360,244,0.17941176470588235,0.4455882352941177,0.3029411764705882,0.39926470588235297,0.5688888888888889,0.1610294117647059,0.045588235294117596,0.0023529411764705854,-0.06222222222222218,2.4745114324799693,ok
shallow_tree_top20,scorecard_quantile_binning,scorecard_quantile_binning,bad_side_vs_all_non_bad,False,higher_is_worse,train,0.3,1190,206,0.173109243697479,0.43445378151260505,0.28823529411764703,0.3915966386554622,0.5244444444444445,0.15378151260504203,0.05672268907563022,-0.003949579831932781,-0.10666666666666658,2.3875848013624057,ok
shallow_tree_top20,scorecard_quantile_binning,scorecard_quantile_binning,bad_side_vs_all_non_bad,False,higher_is_worse,train,0.4,1020,168,0.16470588235294117,0.4245098039215686,0.2774509803921569,0.3843137254901961,0.4577777777777778,0.15196078431372548,0.06666666666666665,-0.012352941176470594,-0.17333333333333328,2.271682626538988,ok
shallow_tree_top20,scorecard_quantile_binning,scorecard_quantile_binning,bad_side_vs_all_non_bad,False,higher_is_worse,validation,0.05,413,12,0.029055690072639227,0.3704600484261501,0.23728813559322035,0.3486682808716707,0.4090909090909091,0.0847457627118644,0.022643399849711976,0.0014694831760875028,0.0,1.4534602173545808,ok
shallow_tree_top20,scorecard_quantile_binning,scorecard_quantile_binning,bad_side_vs_all_non_bad,False,higher_is_worse,validation,0.1,391,11,0.028132992327365727,0.34782608695652173,0.21994884910485935,0.3273657289002558,0.36363636363636365,0.08184143222506395,0.04527736131934035,0.0005467854308140035,-0.04545454545454547,1.4073038720038065,ok
shallow_tree_top20,scorecard_quantile_binning,scorecard_quantile_binning,bad_side_vs_all_non_bad,False,higher_is_worse,validation,0.15,369,10,0.02710027100271003,0.34146341463414637,0.2222222222222222,0.3224932249322493,0.3181818181818182,0.08130081300813008,0.05164003364171571,-0.00048593589384169494,-0.09090909090909094,1.3556437889960296,ok
shallow_tree_top20,scorecard_quantile_binning,scorecard_quantile_binning,bad_side_vs_all_non_bad,False,higher_is_worse,validation,0.2,348,10,0.028735632183908046,0.32471264367816094,0.20689655172413793,0.3103448275862069,0.3181818181818182,0.07758620689655173,0.06839080459770114,0.0011494252873563218,-0.09090909090909094,1.437449879711307,ok
shallow_tree_top20,scorecard_quantile_binning,scorecard_quantile_binning,bad_side_vs_all_non_bad,False,higher_is_worse,validation,0.3,304,9,0.029605263157894735,0.32894736842105265,0.21052631578947367,0.3125,0.2727272727272727,0.07236842105263158,0.06415607985480942,0.0020190562613430114,-0.1363636363636364,1.4809516523867807,ok
shallow_tree_top20,scorecard_quantile_binning,scorecard_quantile_binning,bad_side_vs_all_non_bad,False,higher_is_worse,validation,0.4,261,6,0.022988505747126436,0.31417624521072796,0.18773946360153257,0.2950191570881226,0.18181818181818182,0.08045977011494253,0.07892720306513412,-0.004597701149425287,-0.2272727272727273,1.1499599037690456,ok
shallow_tree_top20,scorecard_quantile_binning,scorecard_quantile_binning,bad_side_vs_all_non_bad,False,higher_is_worse,robustness,0.05,1458,174,0.11934156378600823,0.3895747599451303,0.28600823045267487,0.3340192043895748,0.6187845303867403,0.2578875171467764,0.016288432237280104,0.0007747885417085515,0.0,1.502736069402737,ok
shallow_tree_top20,scorecard_quantile_binning,scorecard_quantile_binning,bad_side_vs_all_non_bad,False,higher_is_worse,robustness,0.1,1381,168,0.1216509775524982,0.38015930485155686,0.278783490224475,0.32512671976828383,0.5966850828729282,0.25271542360608257,0.025703887330853548,0.0030842023081985165,-0.022099447513812098,1.5318159578840256,ok
shallow_tree_top20,scorecard_quantile_binning,scorecard_quantile_binning,bad_side_vs_all_non_bad,False,higher_is_worse,robustness,0.15,1304,161,0.12346625766871165,0.370398773006135,0.2661042944785276,0.31441717791411045,0.585635359116022,0.24846625766871167,0.03546441917627541,0.0048994824244119745,-0.03314917127071826,1.5546737688608863,ok
shallow_tree_top20,scorecard_quantile_binning,scorecard_quantile_binning,bad_side_vs_all_non_bad,False,higher_is_worse,robustness,0.2,1228,150,0.12214983713355049,0.36074918566775244,0.25651465798045603,0.30293159609120524,0.5580110497237569,0.24674267100977199,0.04511400651465797,0.0035830618892508104,-0.06077348066298338,1.5380975437978706,ok
shallow_tree_top20,scorecard_quantile_binning,scorecard_quantile_binning,bad_side_vs_all_non_bad,False,higher_is_worse,robustness,0.3,1074,134,0.12476722532588454,0.3472998137802607,0.2430167597765363,0.2877094972067039,0.5248618784530387,0.24581005586592178,0.0585633784021497,0.00620045008158486,-0.09392265193370164,1.5710554129548553,ok
shallow_tree_top20,scorecard_quantile_binning,scorecard_quantile_binning,bad_side_vs_all_non_bad,False,higher_is_worse,robustness,0.4,921,115,0.1248642779587405,0.3311617806731813,0.2301845819761129,0.2714440825190011,0.46408839779005523,0.24104234527687296,0.0747014115092291,0.0062975027144408224,-0.15469613259668508,1.5722774892156008,ok
shallow_tree_top20,lightgbm_rejector_depth_3,lightgbm_rejector_depth_3,bad_side_vs_clean_winner,False,higher_is_worse,all,0.05,3486,479,0.1374067699368904,0.43516924842226046,0.3146873207114171,0.38611589213998854,0.6121495327102804,0.19707401032702238,0.008699961387003852,0.0025293857407051312,-0.002336448598130869,2.0459394227154934,ok
shallow_tree_top20,lightgbm_rejector_depth_3,lightgbm_rejector_depth_3,bad_side_vs_clean_winner,False,higher_is_worse,all,0.1,3303,457,0.13835906751438087,0.42839842567363,0.30911292764153797,0.3787465940054496,0.5957943925233645,0.19830457160157433,0.015470784135634297,0.003481683318195594,-0.01869158878504673,2.0601188052658514,ok
shallow_tree_top20,lightgbm_rejector_depth_3,lightgbm_rejector_depth_3,bad_side_vs_clean_winner,False,higher_is_worse,all,0.15,3119,436,0.1397883937159346,0.42160949022122474,0.3020198781660789,0.3731965373517153,0.5911214953271028,0.19685796729721064,0.022259719588039573,0.004911009519749321,-0.02336448598130847,2.081400979535882,ok
shallow_tree_top20,lightgbm_rejector_depth_3,lightgbm_rejector_depth_3,bad_side_vs_clean_winner,False,higher_is_worse,all,0.2,2936,407,0.13862397820163488,0.414850136239782,0.295299727520436,0.36614441416893734,0.5747663551401869,0.19720708446866486,0.0290190735694823,0.003746594005449605,-0.03971962616822433,2.0640632340505505,ok
shallow_tree_top20,lightgbm_rejector_depth_3,lightgbm_rejector_depth_3,bad_side_vs_clean_winner,False,higher_is_worse,all,0.3,2569,352,0.1370182950564422,0.40910860256909304,0.28454651615414556,0.3600622810432075,0.5373831775700935,0.19657454262358895,0.03476060724017127,0.002140910860256917,-0.0771028037383178,2.040155165702475,ok
shallow_tree_top20,lightgbm_rejector_depth_3,lightgbm_rejector_depth_3,bad_side_vs_clean_winner,False,higher_is_worse,all,0.4,2202,310,0.1407811080835604,0.40236148955495005,0.2779291553133515,0.35513169845594916,0.49065420560747663,0.18982742960944596,0.04150772025431426,0.0059037238873751174,-0.12383177570093462,2.096182154154531,ok
shallow_tree_top20,lightgbm_rejector_depth_3,lightgbm_rejector_depth_3,bad_side_vs_clean_winner,False,higher_is_worse,train,0.05,1615,284,0.17585139318885448,0.4848297213622291,0.3479876160990712,0.4346749226006192,0.6266666666666667,0.1721362229102167,0.006346749226006143,-0.0012074303405572862,-0.004444444444444362,2.4254055110416264,ok
shallow_tree_top20,lightgbm_rejector_depth_3,lightgbm_rejector_depth_3,bad_side_vs_clean_winner,False,higher_is_worse,train,0.1,1530,268,0.17516339869281045,0.4803921568627451,0.34444444444444444,0.42810457516339867,0.6044444444444445,0.17254901960784313,0.010784313725490158,-0.0018954248366013227,-0.026666666666666616,2.415916444097019,ok
shallow_tree_top20,lightgbm_rejector_depth_3,lightgbm_rejector_depth_3,bad_side_vs_clean_winner,False,higher_is_worse,train,0.15,1445,246,0.17024221453287197,0.473356401384083,0.3391003460207612,0.4207612456747405,0.5777777777777777,0.1750865051903114,0.017820069204152245,-0.006816608996539797,-0.053333333333333344,2.3480417064226518,ok
shallow_tree_top20,lightgbm_rejector_depth_3,lightgbm_rejector_depth_3,bad_side_vs_clean_winner,False,higher_is_worse,train,0.2,1360,230,0.16911764705882354,0.46838235294117647,0.3323529411764706,0.4161764705882353,0.5644444444444444,0.17279411764705882,0.022794117647058798,-0.00794117647058823,-0.06666666666666665,2.3325312683212824,ok
shallow_tree_top20,lightgbm_rejector_depth_3,lightgbm_rejector_depth_3,bad_side_vs_clean_winner,False,higher_is_worse,train,0.3,1190,205,0.1722689075630252,0.4647058823529412,0.32184873949579834,0.4126050420168067,0.5333333333333333,0.17394957983193277,0.02647058823529408,-0.00478991596638656,-0.09777777777777774,2.3759945838800642,ok
shallow_tree_top20,lightgbm_rejector_depth_3,lightgbm_rejector_depth_3,bad_side_vs_clean_winner,False,higher_is_worse,train,0.4,1020,173,0.1696078431372549,0.45588235294117646,0.3137254901960784,0.4019607843137255,0.49777777777777776,0.17352941176470588,0.03529411764705881,-0.0074509803921568585,-0.1333333333333333,2.3392922285193154,ok
shallow_tree_top20,lightgbm_rejector_depth_3,lightgbm_rejector_depth_3,bad_side_vs_clean_winner,False,higher_is_worse,validation,0.05,413,11,0.026634382566585957,0.3801452784503632,0.2469733656174334,0.35351089588377727,0.36363636363636365,0.08958837772397095,0.012958169825498855,-0.0009518243299657669,-0.04545454545454547,1.3323385325750323,ok
shallow_tree_top20,lightgbm_rejector_depth_3,lightgbm_rejector_depth_3,bad_side_vs_clean_winner,False,higher_is_worse,validation,0.1,391,11,0.028132992327365727,0.37851662404092073,0.24552429667519182,0.3554987212276215,0.36363636363636365,0.07672634271099744,0.014586824234941342,0.0005467854308140035,-0.04545454545454547,1.4073038720038065,ok
shallow_tree_top20,lightgbm_rejector_depth_3,lightgbm_rejector_depth_3,bad_side_vs_clean_winner,False,higher_is_worse,validation,0.15,369,9,0.024390243902439025,0.37398373983739835,0.24390243902439024,0.34959349593495936,0.3181818181818182,0.08130081300813008,0.019119708438463723,-0.0031959629941126985,-0.09090909090909094,1.2200794100964265,ok
shallow_tree_top20,lightgbm_rejector_depth_3,lightgbm_rejector_depth_3,bad_side_vs_clean_winner,False,higher_is_worse,validation,0.2,348,9,0.02586206896551724,0.3764367816091954,0.2471264367816092,0.3505747126436782,0.3181818181818182,0.07758620689655173,0.016666666666666663,-0.0017241379310344827,-0.09090909090909094,1.2937048917401763,ok
shallow_tree_top20,lightgbm_rejector_depth_3,lightgbm_rejector_depth_3,bad_side_vs_clean_winner,False,higher_is_worse,validation,0.3,304,9,0.029605263157894735,0.3618421052631579,0.23026315789473684,0.34210526315789475,0.3181818181818182,0.07894736842105263,0.03126134301270417,0.0020190562613430114,-0.09090909090909094,1.4809516523867807,ok
shallow_tree_top20,lightgbm_rejector_depth_3,lightgbm_rejector_depth_3,bad_side_vs_clean_winner,False,higher_is_worse,validation,0.4,261,8,0.03065134099616858,0.36015325670498083,0.21455938697318008,0.34099616858237547,0.2727272727272727,0.0842911877394636,0.03295019157088125,0.003065134099616857,-0.1363636363636364,1.5332798716920608,ok
shallow_tree_top20,lightgbm_rejector_depth_3,lightgbm_rejector_depth_3,bad_side_vs_clean_winner,False,higher_is_worse,robustness,0.05,1458,177,0.12139917695473251,0.3950617283950617,0.294238683127572,0.3395061728395062,0.6187845303867403,0.262002743484225,0.010801463787348697,0.002832401710432836,0.0,1.5286453119786463,ok
shallow_tree_top20,lightgbm_rejector_depth_3,lightgbm_rejector_depth_3,bad_side_vs_clean_winner,False,higher_is_worse,robustness,0.1,1381,172,0.12454742939898625,0.387400434467777,0.29036929761042723,0.33091962346125997,0.6022099447513812,0.2650253439536568,0.018462757714633404,0.005980654154686571,-0.016574585635359074,1.5682877664050738,ok
shallow_tree_top20,lightgbm_rejector_depth_3,lightgbm_rejector_depth_3,bad_side_vs_clean_winner,False,higher_is_worse,robustness,0.15,1304,162,0.12423312883435583,0.3811349693251534,0.28680981595092025,0.3243865030674847,0.585635359116022,0.2661042944785276,0.02472822285725701,0.005666353590056156,-0.03314917127071826,1.564330127673687,ok
shallow_tree_top20,lightgbm_rejector_depth_3,lightgbm_rejector_depth_3,bad_side_vs_clean_winner,False,higher_is_worse,robustness,0.2,1228,157,0.1278501628664495,0.3778501628664495,0.28257328990228014,0.32084690553745926,0.580110497237569,0.26384364820846906,0.02801302931596089,0.009283387622149836,-0.03867403314917128,1.6098754291751045,ok
shallow_tree_top20,lightgbm_rejector_depth_3,lightgbm_rejector_depth_3,bad_side_vs_clean_winner,False,higher_is_worse,robustness,0.3,1074,136,0.1266294227188082,0.3687150837988827,0.26908752327746743,0.31191806331471134,0.5414364640883977,0.25977653631284914,0.03714810838352772,0.008062647474508522,-0.07734806629834257,1.5945040012079128,ok
shallow_tree_top20,lightgbm_rejector_depth_3,lightgbm_rejector_depth_3,bad_side_vs_clean_winner,False,higher_is_worse,robustness,0.4,921,117,0.1270358306188925,0.36482084690553745,0.25950054288816504,0.30727470141150925,0.4972375690607735,0.256243213897937,0.04104234527687295,0.008469055374592832,-0.12154696132596682,1.5996214455497852,ok
shallow_tree_top20,lightgbm_rejector_depth_3,lightgbm_rejector_depth_3,bad_side_vs_all_non_bad,False,higher_is_worse,all,0.05,3486,469,0.13453815261044177,0.41910499139414803,0.29862306368330466,0.37119908204245555,0.6051401869158879,0.19965576592082615,0.02476421841511628,-0.00033923158574350465,-0.009345794392523366,2.0032266999030615,ok
shallow_tree_top20,lightgbm_rejector_depth_3,lightgbm_rejector_depth_3,bad_side_vs_all_non_bad,False,higher_is_worse,all,0.1,3303,451,0.13654253708749622,0.39721465334544354,0.2761126248864669,0.35149863760217986,0.5934579439252337,0.19981834695731154,0.04665455646382077,0.0016651528913109448,-0.0210280373831776,2.0330712935993414,ok
shallow_tree_top20,lightgbm_rejector_depth_3,lightgbm_rejector_depth_3,bad_side_vs_all_non_bad,False,higher_is_worse,all,0.15,3119,439,0.14075024046168644,0.3818531580634819,0.2635460083360051,0.3372875921769798,0.5794392523364486,0.1994228919525489,0.0620160517457824,0.0058728562655011585,-0.035046728971962704,2.0957225459088353,ok
shallow_tree_top20,lightgbm_rejector_depth_3,lightgbm_rejector_depth_3,bad_side_vs_all_non_bad,False,higher_is_worse,all,0.2,2936,407,0.13862397820163488,0.36580381471389645,0.25204359673024523,0.3194822888283379,0.5490654205607477,0.19822888283378748,0.07806539509536786,0.003746594005449605,-0.06542056074766356,2.0640632340505505,ok
shallow_tree_top20,lightgbm_rejector_depth_3,lightgbm_rejector_depth_3,bad_side_vs_all_non_bad,False,higher_is_worse,all,0.3,2569,354,0.1377968080965356,0.3394316854807318,0.22693655118723238,0.2958349552355002,0.5046728971962616,0.19268197742312185,0.10443752432853248,0.0029194239003503264,-0.10981308411214963,2.051746956416693,ok
shallow_tree_top20,lightgbm_rejector_depth_3,lightgbm_rejector_depth_3,bad_side_vs_all_non_bad,False,higher_is_worse,all,0.4,2202,292,0.13260672116257946,0.30744777475022705,0.19981834695731154,0.2656675749318801,0.4439252336448598,0.1907356948228883,0.13642143505903725,-0.0022706630336058187,-0.17056074766355145,1.9744683516552357,ok
shallow_tree_top20,lightgbm_rejector_depth_3,lightgbm_rejector_depth_3,bad_side_vs_all_non_bad,False,higher_is_worse,train,0.05,1615,289,0.17894736842105263,0.47678018575851394,0.339938080495356,0.4284829721362229,0.6222222222222222,0.16842105263157894,0.014396284829721329,0.0018885448916408643,-0.008888888888888835,2.468106312292359,ok
shallow_tree_top20,lightgbm_rejector_depth_3,lightgbm_rejector_depth_3,bad_side_vs_all_non_bad,False,higher_is_worse,train,0.1,1530,267,0.17450980392156862,0.46405228758169936,0.32287581699346407,0.41633986928104577,0.6044444444444445,0.16470588235294117,0.027124183006535907,-0.0025490196078431504,-0.026666666666666616,2.406901830499642,ok
shallow_tree_top20,lightgbm_rejector_depth_3,lightgbm_rejector_depth_3,bad_side_vs_all_non_bad,False,higher_is_worse,train,0.15,1445,255,0.17647058823529413,0.45259515570934256,0.31003460207612454,0.4055363321799308,0.6,0.16332179930795848,0.038581314878892714,-0.0005882352941176394,-0.03111111111111109,2.4339456712917733,ok
shallow_tree_top20,lightgbm_rejector_depth_3,lightgbm_rejector_depth_3,bad_side_vs_all_non_bad,False,higher_is_worse,train,0.2,1360,241,0.17720588235294119,0.43970588235294117,0.2977941176470588,0.39338235294117646,0.5733333333333334,0.16397058823529412,0.0514705882352941,0.0001470588235294168,-0.057777777777777706,2.4440871115888223,ok
shallow_tree_top20,lightgbm_rejector_depth_3,lightgbm_rejector_depth_3,bad_side_vs_all_non_bad,False,higher_is_worse,train,0.3,1190,210,0.17647058823529413,0.42773109243697477,0.28991596638655465,0.3798319327731092,0.5422222222222223,0.16218487394957984,0.0634453781512605,-0.0005882352941176394,-0.0888888888888888,2.4339456712917733,ok
shallow_tree_top20,lightgbm_rejector_depth_3,lightgbm_rejector_depth_3,bad_side_vs_all_non_bad,False,higher_is_worse,train,0.4,1020,173,0.1696078431372549,0.41862745098039217,0.27941176470588236,0.37058823529411766,0.49777777777777776,0.15784313725490196,0.0725490196078431,-0.0074509803921568585,-0.1333333333333333,2.3392922285193154,ok
shallow_tree_top20,lightgbm_rejector_depth_3,lightgbm_rejector_depth_3,bad_side_vs_all_non_bad,False,higher_is_worse,validation,0.05,413,12,0.029055690072639227,0.3704600484261501,0.23728813559322035,0.35108958837772397,0.4090909090909091,0.08232445520581114,0.022643399849711976,0.0014694831760875028,0.0,1.4534602173545808,ok
shallow_tree_top20,lightgbm_rejector_depth_3,lightgbm_rejector_depth_3,bad_side_vs_all_non_bad,False,higher_is_worse,validation,0.1,391,11,0.028132992327365727,0.3657289002557545,0.22762148337595908,0.34782608695652173,0.36363636363636365,0.08184143222506395,0.02737454802010758,0.0005467854308140035,-0.04545454545454547,1.4073038720038065,ok
shallow_tree_top20,lightgbm_rejector_depth_3,lightgbm_rejector_depth_3,bad_side_vs_all_non_bad,False,higher_is_worse,validation,0.15,369,9,0.024390243902439025,0.34688346883468835,0.21680216802168023,0.32791327913279134,0.2727272727272727,0.08130081300813008,0.04621997944117373,-0.0031959629941126985,-0.1363636363636364,1.2200794100964265,ok
shallow_tree_top20,lightgbm_rejector_depth_3,lightgbm_rejector_depth_3,bad_side_vs_all_non_bad,False,higher_is_worse,validation,0.2,348,9,0.02586206896551724,0.33620689655172414,0.20402298850574713,0.31896551724137934,0.2727272727272727,0.07471264367816093,0.056896551724137934,-0.0017241379310344827,-0.1363636363636364,1.2937048917401763,ok
shallow_tree_top20,lightgbm_rejector_depth_3,lightgbm_rejector_depth_3,bad_side_vs_all_non_bad,False,higher_is_worse,validation,0.3,304,8,0.02631578947368421,0.3190789473684211,0.19078947368421054,0.3026315789473684,0.2727272727272727,0.08223684210526316,0.074024500907441,-0.0012704174228675147,-0.1363636363636364,1.3164014687882495,ok
shallow_tree_top20,lightgbm_rejector_depth_3,lightgbm_rejector_depth_3,bad_side_vs_all_non_bad,False,higher_is_worse,validation,0.4,261,8,0.03065134099616858,0.32950191570881227,0.19540229885057472,0.3103448275862069,0.2727272727272727,0.07662835249042145,0.06360153256704981,0.003065134099616857,-0.1363636363636364,1.5332798716920608,ok
shallow_tree_top20,lightgbm_rejector_depth_3,lightgbm_rejector_depth_3,bad_side_vs_all_non_bad,False,higher_is_worse,robustness,0.05,1458,175,0.12002743484224966,0.38614540466392316,0.28600823045267487,0.33058984910836764,0.5966850828729282,0.26337448559670784,0.01971778751848724,0.0014606595979499842,-0.022099447513812098,1.5113724835947069,ok
shallow_tree_top20,lightgbm_rejector_depth_3,lightgbm_rejector_depth_3,bad_side_vs_all_non_bad,False,higher_is_worse,robustness,0.1,1381,167,0.12092686459087618,0.36784938450398263,0.26864590876176686,0.3120926864590876,0.585635359116022,0.26430123099203473,0.03801380767842777,0.0023600893465764994,-0.03314917127071826,1.5226980057537634,ok
shallow_tree_top20,lightgbm_rejector_depth_3,lightgbm_rejector_depth_3,bad_side_vs_all_non_bad,False,higher_is_worse,robustness,0.15,1304,164,0.12576687116564417,0.3535276073619632,0.25766871165644173,0.299079754601227,0.569060773480663,0.2630368098159509,0.0523355848204472,0.00720009592134449,-0.04972375690607733,1.583642845299288,ok
shallow_tree_top20,lightgbm_rejector_depth_3,lightgbm_rejector_depth_3,bad_side_vs_all_non_bad,False,higher_is_worse,robustness,0.2,1228,151,0.12296416938110749,0.34283387622149836,0.248371335504886,0.28501628664495116,0.5359116022099447,0.25895765472312704,0.06302931596091205,0.004397394136807814,-0.08287292817679559,1.5483515274231896,ok
shallow_tree_top20,lightgbm_rejector_depth_3,lightgbm_rejector_depth_3,bad_side_vs_all_non_bad,False,higher_is_worse,robustness,0.3,1074,132,0.12290502793296089,0.32774674115456237,0.23277467411545624,0.27001862197392923,0.49171270718232046,0.2532588454376164,0.07811645102784803,0.004338252688661212,-0.12707182320441984,1.5476068247017978,ok
shallow_tree_top20,lightgbm_rejector_depth_3,lightgbm_rejector_depth_3,bad_side_vs_all_non_bad,False,higher_is_worse,robustness,0.4,921,108,0.11726384364820847,0.31378935939196523,0.21498371335504887,0.251900108577633,0.430939226519337,0.24647122692725298,0.09207383279044518,-0.0013029315960912113,-0.18784530386740328,1.4765736420459556,ok
lightgbm_top20,logistic_regression_l2,logistic_regression_l2,bad_side_vs_clean_winner,True,higher_is_worse,all,0.05,3660,593,0.16202185792349727,0.4060109289617486,0.29617486338797816,0.3650273224043716,0.6985981308411215,0.1959016393442623,0.0037996082819575783,0.0021464361742110083,-0.011682242990654124,2.412449594874695,ok
lightgbm_top20,logistic_regression_l2,logistic_regression_l2,bad_side_vs_clean_winner,True,higher_is_worse,all,0.1,3467,564,0.16267666570522066,0.40323045860974904,0.2924718777040669,0.3642918950100952,0.6682242990654206,0.18921257571387368,0.006580078633957154,0.002801243955934396,-0.04205607476635509,2.4221994569487695,ok
lightgbm_top20,logistic_regression_l2,logistic_regression_l2,bad_side_vs_clean_winner,True,higher_is_worse,all,0.15,3275,531,0.16213740458015266,0.40396946564885494,0.2912977099236641,0.3648854961832061,0.647196261682243,0.18229007633587788,0.005841071594851255,0.002261982830866399,-0.06308411214953269,2.414170044748619,ok
lightgbm_top20,logistic_regression_l2,logistic_regression_l2,bad_side_vs_clean_winner,True,higher_is_worse,all,0.2,3082,512,0.16612589227774172,0.40103828682673587,0.2884490590525633,0.3614536015574302,0.6308411214953271,0.17845554834523036,0.008772250416970329,0.006250470528455454,-0.07943925233644855,2.4735572512251345,ok
lightgbm_top20,logistic_regression_l2,logistic_regression_l2,bad_side_vs_clean_winner,True,higher_is_worse,all,0.3,2697,466,0.1727845754542084,0.3982202447163515,0.28476084538375973,0.3589173155357805,0.5864485981308412,0.1735261401557286,0.011590292527354717,0.012909153704922127,-0.12383177570093451,2.5727027476250766,ok
lightgbm_top20,logistic_regression_l2,logistic_regression_l2,bad_side_vs_clean_winner,True,higher_is_worse,all,0.4,2311,409,0.17697966248377325,0.3920380787537862,0.27953266983989616,0.35352661185633927,0.5186915887850467,0.17005625270445696,0.017772458489919984,0.017104240734486992,-0.19158878504672894,2.635166146913563,ok
lightgbm_top20,logistic_regression_l2,logistic_regression_l2,bad_side_vs_clean_winner,True,higher_is_worse,train,0.05,1583,392,0.2476310802274163,0.4403032217308907,0.32533164876816173,0.39418825015792797,0.8044444444444444,0.1914087176247631,0.010206676289505223,0.001080390365388706,-0.004444444444444473,3.4154167095153456,ok
lightgbm_top20,logistic_regression_l2,logistic_regression_l2,bad_side_vs_clean_winner,True,higher_is_worse,train,0.1,1500,365,0.24333333333333335,0.43666666666666665,0.31933333333333336,0.392,0.8,0.19333333333333333,0.01384323135372928,-0.0032173565286942596,-0.008888888888888835,3.356140642303434,ok
lightgbm_top20,logistic_regression_l2,logistic_regression_l2,bad_side_vs_clean_winner,True,higher_is_worse,train,0.15,1416,347,0.24505649717514125,0.4286723163841808,0.3114406779661017,0.3848870056497175,0.7911111111111111,0.1942090395480226,0.02183758163621513,-0.0014941926868863586,-0.01777777777777778,3.3799071362877044,ok
lightgbm_top20,logistic_regression_l2,logistic_regression_l2,bad_side_vs_clean_winner,True,higher_is_worse,train,0.2,1333,328,0.24606151537884471,0.42685671417854465,0.31057764441110275,0.3818454613653413,0.7866666666666666,0.19504876219054765,0.023653183841851277,-0.0004891744831828915,-0.022222222222222254,3.393768707957721,ok
lightgbm_top20,logistic_regression_l2,logistic_regression_l2,bad_side_vs_clean_winner,True,higher_is_worse,train,0.3,1166,291,0.24957118353344768,0.40823327615780447,0.2950257289879931,0.36792452830188677,0.7422222222222222,0.20497427101200685,0.04227662186259146,0.0030204936714200714,-0.06666666666666665,3.4421753104289308,ok
lightgbm_top20,logistic_regression_l2,logistic_regression_l2,bad_side_vs_clean_winner,True,higher_is_worse,train,0.4,1000,246,0.246,0.395,0.285,0.356,0.6755555555555556,0.206,0.05550989802039591,-0.0005506898620276091,-0.1333333333333333,3.3929202657807314,ok
lightgbm_top20,logistic_regression_l2,logistic_regression_l2,bad_side_vs_clean_winner,True,higher_is_worse,validation,0.05,534,12,0.02247191011235955,0.38202247191011235,0.2565543071161049,0.35580524344569286,0.45454545454545453,0.06554307116104868,0.012293691500189607,-0.0006186760332887627,-0.04545454545454547,1.12411810817873,ok
lightgbm_top20,logistic_regression_l2,logistic_regression_l2,bad_side_vs_clean_winner,True,higher_is_worse,validation,0.1,506,12,0.023715415019762844,0.3695652173913043,0.2450592885375494,0.34782608695652173,0.45454545454545453,0.06719367588932806,0.024750946018997633,0.0006248288741145316,-0.04545454545454547,1.1863222722676714,ok
lightgbm_top20,logistic_regression_l2,logistic_regression_l2,bad_side_vs_clean_winner,True,higher_is_worse,validation,0.15,478,12,0.02510460251046025,0.3682008368200837,0.24476987447698745,0.34518828451882844,0.45454545454545453,0.06694560669456066,0.026115326590218257,0.002014016364811938,-0.04545454545454547,1.2558139534883719,ok
lightgbm_top20,logistic_regression_l2,logistic_regression_l2,bad_side_vs_clean_winner,True,higher_is_worse,validation,0.2,450,10,0.022222222222222223,0.36,0.24,0.3377777777777778,0.36363636363636365,0.06,0.03431616341030197,-0.0008683639234260895,-0.13636363636363635,1.111627906976744,ok
lightgbm_top20,logistic_regression_l2,logistic_regression_l2,bad_side_vs_clean_winner,True,higher_is_worse,validation,0.3,394,10,0.025380710659898477,0.3604060913705584,0.23857868020304568,0.3350253807106599,0.36363636363636365,0.06345177664974619,0.033910072039743555,0.0022901245142501643,-0.13636363636363635,1.2696257820800376,ok
lightgbm_top20,logistic_regression_l2,logistic_regression_l2,bad_side_vs_clean_winner,True,higher_is_worse,validation,0.4,337,10,0.02967359050445104,0.3560830860534125,0.24629080118694363,0.3323442136498516,0.36363636363636365,0.05934718100890208,0.03823307735688947,0.006583004358802727,-0.13636363636363635,1.4843696087226554,ok
lightgbm_top20,logistic_regression_l2,logistic_regression_l2,bad_side_vs_clean_winner,True,higher_is_worse,robustness,0.05,1541,180,0.11680726800778715,0.3685918234912395,0.2699545749513303,0.32706035042180404,0.5966850828729282,0.2602206359506814,0.004790801277706924,-0.0014921774635621998,-0.016574585635359074,1.470824490941299,ok
lightgbm_top20,logistic_regression_l2,logistic_regression_l2,bad_side_vs_clean_winner,True,higher_is_worse,robustness,0.1,1460,171,0.11712328767123288,0.36506849315068496,0.2671232876712329,0.3226027397260274,0.5911602209944752,0.2541095890410959,0.008314131618261444,-0.0011761578001164702,-0.022099447513812098,1.4748037763791197,ok
lightgbm_top20,logistic_regression_l2,logistic_regression_l2,bad_side_vs_clean_winner,True,higher_is_worse,robustness,0.15,1379,160,0.11602610587382162,0.3560551124002901,0.26033357505438726,0.31689630166787525,0.56353591160221,0.24655547498187091,0.017327512368656317,-0.002273339597527735,-0.04972375690607733,1.4609881818003656,ok
lightgbm_top20,logistic_regression_l2,logistic_regression_l2,bad_side_vs_clean_winner,True,higher_is_worse,robustness,0.2,1298,150,0.11556240369799692,0.349768875192604,0.25500770416024654,0.31124807395993837,0.5359116022099447,0.24268104776579352,0.02361374957634238,-0.0027370417733524333,-0.07734806629834257,1.4551492941323458,ok
lightgbm_top20,logistic_regression_l2,logistic_regression_l2,bad_side_vs_clean_winner,True,higher_is_worse,robustness,0.3,1136,128,0.11267605633802817,0.3503521126760563,0.2517605633802817,0.3125,0.49171270718232046,0.22799295774647887,0.023030512092890087,-0.00562338913332118,-0.12154696132596682,1.4188047202131717,ok
lightgbm_top20,logistic_regression_l2,logistic_regression_l2,bad_side_vs_clean_winner,True,higher_is_worse,robustness,0.4,973,107,0.10996916752312436,0.3391572456320658,0.24152106885919836,0.302158273381295,0.44751381215469616,0.22199383350462487,0.03422537913688062,-0.008330277948224996,-0.16574585635359113,1.3847198688925315,ok
lightgbm_top20,logistic_regression_l2,logistic_regression_l2,bad_side_vs_all_non_bad,False,higher_is_worse,all,0.05,3660,593,0.16202185792349727,0.39562841530054643,0.2860655737704918,0.3549180327868853,0.7009345794392523,0.2030054644808743,0.014182121943159764,0.0021464361742110083,-0.009345794392523366,2.412449594874695,ok
lightgbm_top20,logistic_regression_l2,logistic_regression_l2,bad_side_vs_all_non_bad,False,higher_is_worse,all,0.1,3467,568,0.16383040092298817,0.3870781655610038,0.27747331987308915,0.3472743005480242,0.6822429906542056,0.19642342082492067,0.022732371682702424,0.003954979173701911,-0.028037383177570097,2.4393781765015974,ok
lightgbm_top20,logistic_regression_l2,logistic_regression_l2,bad_side_vs_all_non_bad,False,higher_is_worse,all,0.15,3275,537,0.16396946564885495,0.3804580152671756,0.26931297709923663,0.3425954198473282,0.6518691588785047,0.18748091603053435,0.0293525219765306,0.004094043899568689,-0.05841121495327095,2.4414488023164,ok
lightgbm_top20,logistic_regression_l2,logistic_regression_l2,bad_side_vs_all_non_bad,False,higher_is_worse,all,0.2,3082,510,0.1654769630110318,0.3770279039584685,0.2654120700843608,0.33874107722258273,0.633177570093458,0.1852693056456846,0.03278263328523767,0.00560154126174553,-0.07710280373831768,2.4638949182125365,ok
lightgbm_top20,logistic_regression_l2,logistic_regression_l2,bad_side_vs_all_non_bad,False,higher_is_worse,all,0.3,2697,453,0.16796440489432704,0.3670745272525028,0.25546903967371154,0.3311086392287727,0.5794392523364486,0.17760474601408974,0.042736009991203416,0.008088983145040779,-0.13084112149532712,2.5009320701162223,ok
lightgbm_top20,logistic_regression_l2,logistic_regression_l2,bad_side_vs_all_non_bad,False,higher_is_worse,all,0.4,2311,396,0.17135439203807876,0.3569883167459974,0.24707918649935093,0.32237126784941583,0.5233644859813084,0.17568152315015145,0.052822220497708794,0.011478970288792495,-0.1869158878504673,2.5514078097256014,ok
lightgbm_top20,logistic_regression_l2,logistic_regression_l2,bad_side_vs_all_non_bad,False,higher_is_worse,train,0.05,1583,396,0.25015792798483893,0.4377763739734681,0.3202779532533165,0.392293114339861,0.8,0.18888186986734049,0.012733524046927847,0.0036072381228113293,-0.008888888888888835,3.4502679004287673,ok
lightgbm_top20,logistic_regression_l2,logistic_regression_l2,bad_side_vs_all_non_bad,False,higher_is_worse,train,0.1,1500,378,0.252,0.4266666666666667,0.30533333333333335,0.38333333333333336,0.7866666666666666,0.19,0.023843231353729233,0.005449310137972396,-0.022222222222222254,3.475674418604652,ok
lightgbm_top20,logistic_regression_l2,logistic_regression_l2,bad_side_vs_all_non_bad,False,higher_is_worse,train,0.15,1416,357,0.2521186440677966,0.4138418079096045,0.2930790960451977,0.3721751412429379,0.7777777777777778,0.1864406779661017,0.03666809011079142,0.005567954205768999,-0.03111111111111109,3.477310800157667,ok
lightgbm_top20,logistic_regression_l2,logistic_regression_l2,bad_side_vs_all_non_bad,False,higher_is_worse,train,0.2,1333,338,0.2535633908477119,0.4111027756939235,0.29182295573893474,0.3675918979744936,0.76,0.18604651162790697,0.03940712232647242,0.007012700985684295,-0.04888888888888887,3.497237266127163,ok
lightgbm_top20,logistic_regression_l2,logistic_regression_l2,bad_side_vs_all_non_bad,False,higher_is_worse,train,0.3,1166,300,0.25728987993138935,0.3876500857632933,0.274442538593482,0.3490566037735849,0.7155555555555555,0.18782161234991424,0.06285981225710263,0.010739190069361748,-0.09333333333333338,3.5486343406483822,ok
lightgbm_top20,logistic_regression_l2,logistic_regression_l2,bad_side_vs_all_non_bad,False,higher_is_worse,train,0.4,1000,259,0.259,0.369,0.257,0.333,0.68,0.194,0.08150989802039593,0.012449310137972402,-0.12888888888888883,3.5722209302325587,ok
lightgbm_top20,logistic_regression_l2,logistic_regression_l2,bad_side_vs_all_non_bad,False,higher_is_worse,validation,0.05,534,12,0.02247191011235955,0.3707865168539326,0.24719101123595505,0.3464419475655431,0.45454545454545453,0.06554307116104868,0.023529646556369355,-0.0006186760332887627,-0.04545454545454547,1.12411810817873,ok
lightgbm_top20,logistic_regression_l2,logistic_regression_l2,bad_side_vs_all_non_bad,False,higher_is_worse,validation,0.1,506,11,0.021739130434782608,0.35968379446640314,0.2391304347826087,0.3339920948616601,0.4090909090909091,0.06324110671936758,0.03463236894389882,-0.0013514557108657045,-0.09090909090909088,1.0874620829120323,ok
lightgbm_top20,logistic_regression_l2,logistic_regression_l2,bad_side_vs_all_non_bad,False,higher_is_worse,validation,0.15,478,9,0.01882845188284519,0.3619246861924686,0.2384937238493724,0.3368200836820084,0.3181818181818182,0.06694560669456066,0.032391477217833364,-0.004262134262803124,-0.18181818181818182,0.9418604651162791,ok
lightgbm_top20,logistic_regression_l2,logistic_regression_l2,bad_side_vs_all_non_bad,False,higher_is_worse,validation,0.2,450,9,0.02,0.35555555555555557,0.2311111111111111,0.33111111111111113,0.3181818181818182,0.06222222222222222,0.03876060785474639,-0.003090586145648312,-0.18181818181818182,1.0004651162790696,ok
lightgbm_top20,logistic_regression_l2,logistic_regression_l2,bad_side_vs_all_non_bad,False,higher_is_worse,validation,0.3,394,9,0.02284263959390863,0.3553299492385787,0.23604060913705585,0.3299492385786802,0.3181818181818182,0.0532994923857868,0.038986214171723266,-0.0002479465517396841,-0.18181818181818182,1.142663203872034,ok
lightgbm_top20,logistic_regression_l2,logistic_regression_l2,bad_side_vs_all_non_bad,False,higher_is_worse,validation,0.4,337,9,0.026706231454005934,0.3353115727002967,0.2195845697329377,0.3086053412462908,0.3181818181818182,0.05637982195845697,0.059004590710005245,0.0036156453083576214,-0.18181818181818182,1.3359326478503897,ok
lightgbm_top20,logistic_regression_l2,logistic_regression_l2,bad_side_vs_all_non_bad,False,higher_is_worse,robustness,0.05,1541,184,0.11940298507462686,0.3569110966904607,0.2582738481505516,0.31797534068786504,0.6077348066298343,0.2693056456846204,0.016471528078485675,0.0011035396032775119,-0.0055248618784530246,1.5035094796288835,ok
lightgbm_top20,logistic_regression_l2,logistic_regression_l2,bad_side_vs_all_non_bad,False,higher_is_worse,robustness,0.1,1460,173,0.1184931506849315,0.34794520547945207,0.25,0.30684931506849317,0.5911602209944752,0.26164383561643834,0.025437419289494334,0.0001937052135821543,-0.022099447513812098,1.4920529433543142,ok
lightgbm_top20,logistic_regression_l2,logistic_regression_l2,bad_side_vs_all_non_bad,False,higher_is_worse,robustness,0.15,1379,161,0.116751269035533,0.33792603335750543,0.24147933284989123,0.29876722262509064,0.56353591160221,0.25888324873096447,0.035456591411440974,-0.0015481764358163536,-0.04972375690607733,1.4701193579366179,ok
lightgbm_top20,logistic_regression_l2,logistic_regression_l2,bad_side_vs_all_non_bad,False,higher_is_worse,robustness,0.2,1298,152,0.11710323574730354,0.3320493066255778,0.2349768875192604,0.2935285053929122,0.5469613259668509,0.24499229583975346,0.0413333181433686,-0.001196209724045813,-0.0662983425414364,1.4745512847207771,ok
lightgbm_top20,logistic_regression_l2,logistic_regression_l2,bad_side_vs_all_non_bad,False,higher_is_worse,robustness,0.3,1136,125,0.11003521126760564,0.3283450704225352,0.2306338028169014,0.29225352112676056,0.4696132596685083,0.23503521126760563,0.04503755434641121,-0.008264234203743712,-0.14364640883977897,1.3855514845831756,ok
lightgbm_top20,logistic_regression_l2,logistic_regression_l2,bad_side_vs_all_non_bad,False,higher_is_worse,robustness,0.4,973,114,0.1171634121274409,0.31654676258992803,0.2261048304213772,0.27852004110996914,0.4419889502762431,0.2343268242548818,0.05683586217901837,-0.001136033343908452,-0.1712707182320442,1.4753090191939122,ok
lightgbm_top20,logistic_regression_l1,logistic_regression_l1,bad_side_vs_clean_winner,True,higher_is_worse,all,0.05,3660,587,0.16038251366120218,0.40710382513661203,0.2975409836065574,0.3653005464480874,0.6915887850467289,0.19672131147540983,0.002706712107094167,0.000507091911915919,-0.01869158878504673,2.388040324100246,ok
lightgbm_top20,logistic_regression_l1,logistic_regression_l1,bad_side_vs_clean_winner,True,higher_is_worse,all,0.1,3467,559,0.16123449668301124,0.4040957600230747,0.2936256129218344,0.36486876261897894,0.6635514018691588,0.18748197288722238,0.005714777220631517,0.0013590749337249741,-0.04672897196261683,2.400726057507734,ok
lightgbm_top20,logistic_regression_l1,logistic_regression_l1,bad_side_vs_clean_winner,True,higher_is_worse,all,0.15,3275,532,0.16244274809160306,0.40610687022900765,0.29404580152671755,0.36793893129770994,0.6425233644859814,0.18167938931297709,0.0037036670146985418,0.0025673263423167947,-0.06775700934579432,2.4187165043432493,ok
lightgbm_top20,logistic_regression_l1,logistic_regression_l1,bad_side_vs_clean_winner,True,higher_is_worse,all,0.2,3082,514,0.16677482154445167,0.4052563270603504,0.2936404931862427,0.36632057105775473,0.6308411214953271,0.17715768981181051,0.004554210183355778,0.006899399795165406,-0.07943925233644855,2.483219584237733,ok
lightgbm_top20,logistic_regression_l1,logistic_regression_l1,bad_side_vs_clean_winner,True,higher_is_worse,all,0.3,2697,465,0.1724137931034483,0.40266963292547275,0.28846866889136075,0.36447905079718207,0.5677570093457944,0.17055988134964775,0.007140904318233443,0.012538371354162026,-0.14252336448598124,2.5671819262782414,ok
lightgbm_top20,logistic_regression_l1,logistic_regression_l1,bad_side_vs_clean_winner,True,higher_is_worse,all,0.4,2311,419,0.18130679359584595,0.3954997836434444,0.2829943747295543,0.3574210298572047,0.514018691588785,0.1709216789268715,0.014310753600261794,0.021431371846559688,-0.19626168224299068,2.699595637058149,ok
lightgbm_top20,logistic_regression_l1,logistic_regression_l1,bad_side_vs_clean_winner,True,higher_is_worse,train,0.05,1583,392,0.2476310802274163,0.4396715097915351,0.32596336070751736,0.39355653821857234,0.8088888888888889,0.19204042956411876,0.010838388228860851,0.001080390365388706,0.0,3.4154167095153456,ok
lightgbm_top20,logistic_regression_l1,logistic_regression_l1,bad_side_vs_clean_winner,True,higher_is_worse,train,0.1,1500,362,0.24133333333333334,0.438,0.32133333333333336,0.392,0.8,0.19133333333333333,0.012509898020395926,-0.005217356528694261,-0.008888888888888835,3.3285559246954604,ok
lightgbm_top20,logistic_regression_l1,logistic_regression_l1,bad_side_vs_clean_winner,True,higher_is_worse,train,0.15,1416,348,0.2457627118644068,0.4286723163841808,0.3135593220338983,0.3834745762711864,0.7911111111111111,0.19350282485875706,0.02183758163621513,-0.0007879779976208146,-0.01777777777777778,3.389647502674701,ok
lightgbm_top20,logistic_regression_l1,logistic_regression_l1,bad_side_vs_clean_winner,True,higher_is_worse,train,0.2,1333,331,0.2483120780195049,0.42085521380345087,0.30682670667666917,0.37809452363090773,0.7822222222222223,0.1942985746436609,0.02965468421694506,0.0017613881574772838,-0.026666666666666616,3.424809275408554,ok
lightgbm_top20,logistic_regression_l1,logistic_regression_l1,bad_side_vs_clean_winner,True,higher_is_worse,train,0.3,1166,292,0.2504288164665523,0.4013722126929674,0.29245283018867924,0.36192109777015435,0.7422222222222222,0.20497427101200685,0.049137685327428515,0.00387812660452469,-0.06666666666666665,3.4540040915644252,ok
lightgbm_top20,logistic_regression_l1,logistic_regression_l1,bad_side_vs_clean_winner,True,higher_is_worse,train,0.4,1000,251,0.251,0.395,0.288,0.355,0.68,0.206,0.05550989802039591,0.004449310137972395,-0.12888888888888883,3.461882059800665,ok
lightgbm_top20,logistic_regression_l1,logistic_regression_l1,bad_side_vs_clean_winner,True,higher_is_worse,validation,0.05,534,12,0.02247191011235955,0.3782771535580524,0.2565543071161049,0.352059925093633,0.45454545454545453,0.06741573033707865,0.01603900985224954,-0.0006186760332887627,-0.04545454545454547,1.12411810817873,ok
lightgbm_top20,logistic_regression_l1,logistic_regression_l1,bad_side_vs_clean_winner,True,higher_is_worse,validation,0.1,506,12,0.023715415019762844,0.37549407114624506,0.2490118577075099,0.35177865612648224,0.45454545454545453,0.06719367588932806,0.0188220922640569,0.0006248288741145316,-0.04545454545454547,1.1863222722676714,ok
lightgbm_top20,logistic_regression_l1,logistic_regression_l1,bad_side_vs_clean_winner,True,higher_is_worse,validation,0.15,478,12,0.02510460251046025,0.3682008368200837,0.24476987447698745,0.3472803347280335,0.45454545454545453,0.06485355648535565,0.026115326590218257,0.002014016364811938,-0.04545454545454547,1.2558139534883719,ok
lightgbm_top20,logistic_regression_l1,logistic_regression_l1,bad_side_vs_clean_winner,True,higher_is_worse,validation,0.2,450,10,0.022222222222222223,0.35777777777777775,0.24222222222222223,0.33555555555555555,0.36363636363636365,0.06888888888888889,0.036538385632524206,-0.0008683639234260895,-0.13636363636363635,1.111627906976744,ok
lightgbm_top20,logistic_regression_l1,logistic_regression_l1,bad_side_vs_clean_winner,True,higher_is_worse,validation,0.3,394,9,0.02284263959390863,0.35786802030456855,0.24619289340101522,0.33248730964467005,0.3181818181818182,0.06852791878172589,0.03644814310573341,-0.0002479465517396841,-0.18181818181818182,1.142663203872034,ok
lightgbm_top20,logistic_regression_l1,logistic_regression_l1,bad_side_vs_clean_winner,True,higher_is_worse,validation,0.4,337,9,0.026706231454005934,0.35311572700296734,0.24629080118694363,0.3293768545994065,0.3181818181818182,0.06528189910979229,0.04120043640733462,0.0036156453083576214,-0.18181818181818182,1.3359326478503897,ok
lightgbm_top20,logistic_regression_l1,logistic_regression_l1,bad_side_vs_clean_winner,True,higher_is_worse,robustness,0.05,1541,180,0.11680726800778715,0.3679428942245295,0.2699545749513303,0.3264114211550941,0.5911602209944752,0.263465282284231,0.005439730544416876,-0.0014921774635621998,-0.022099447513812098,1.470824490941299,ok
lightgbm_top20,logistic_regression_l1,logistic_regression_l1,bad_side_vs_clean_winner,True,higher_is_worse,robustness,0.1,1460,167,0.11438356164383562,0.363013698630137,0.2671232876712329,0.32054794520547947,0.574585635359116,0.25273972602739725,0.010368926138809409,-0.003915883827513733,-0.03867403314917128,1.440305442428731,ok
lightgbm_top20,logistic_regression_l1,logistic_regression_l1,bad_side_vs_clean_winner,True,higher_is_worse,robustness,0.15,1379,155,0.11240029006526468,0.3582306018854242,0.2625090645395214,0.31907179115300943,0.5524861878453039,0.24583031182015955,0.015152022883522187,-0.005899155406084669,-0.06077348066298338,1.415332301119104,ok
lightgbm_top20,logistic_regression_l1,logistic_regression_l1,bad_side_vs_clean_winner,True,higher_is_worse,robustness,0.2,1298,145,0.11171032357473036,0.35130970724191063,0.2526964560862866,0.3135593220338983,0.5248618784530387,0.24345146379044685,0.022072917527035774,-0.006589121896618991,-0.08839779005524862,1.4066443176612677,ok
lightgbm_top20,logistic_regression_l1,logistic_regression_l1,bad_side_vs_clean_winner,True,higher_is_worse,robustness,0.3,1136,120,0.1056338028169014,0.3503521126760563,0.25264084507042256,0.31514084507042256,0.47513812154696133,0.22183098591549297,0.023030512092890087,-0.012665642654447945,-0.13812154696132595,1.3301294251998486,ok
lightgbm_top20,logistic_regression_l1,logistic_regression_l1,bad_side_vs_clean_winner,True,higher_is_worse,robustness,0.4,973,104,0.10688591983556012,0.34224049331963,0.24254881808838644,0.3062692702980473,0.4419889502762431,0.22199383350462487,0.03114213144931638,-0.011413525635789235,-0.1712707182320442,1.3458959473347971,ok
lightgbm_top20,logistic_regression_l1,logistic_regression_l1,bad_side_vs_all_non_bad,False,higher_is_worse,all,0.05,3660,595,0.16256830601092895,0.39617486338797814,0.2863387978142076,0.3551912568306011,0.7009345794392523,0.20327868852459016,0.013635673855728059,0.0026928842616426862,-0.009345794392523366,2.4205860184661776,ok
lightgbm_top20,logistic_regression_l1,logistic_regression_l1,bad_side_vs_all_non_bad,False,higher_is_worse,all,0.1,3467,567,0.1635419671185463,0.38650129795212,0.27689645226420534,0.34698586674358234,0.6799065420560748,0.19584655321603692,0.02330923929158618,0.0036665453692600325,-0.030373831775700855,2.4350834966133905,ok
lightgbm_top20,logistic_regression_l1,logistic_regression_l1,bad_side_vs_all_non_bad,False,higher_is_worse,all,0.15,3275,533,0.16274809160305342,0.3804580152671756,0.269618320610687,0.3425954198473282,0.647196261682243,0.18717557251908398,0.0293525219765306,0.0028726698537671624,-0.06308411214953269,2.423262963937879,ok
lightgbm_top20,logistic_regression_l1,logistic_regression_l1,bad_side_vs_all_non_bad,False,higher_is_worse,all,0.2,3082,508,0.16482803374432187,0.37637897469175857,0.2654120700843608,0.33971447112264763,0.633177570093458,0.18234912394548994,0.033431562551947624,0.004952611995035605,-0.07710280373831768,2.4542325851999385,ok
lightgbm_top20,logistic_regression_l1,logistic_regression_l1,bad_side_vs_all_non_bad,False,higher_is_worse,all,0.3,2697,449,0.1664812754912866,0.3667037449017427,0.25621060437523174,0.3296255098257323,0.5817757009345794,0.17760474601408974,0.04310679234196352,0.006605853742000345,-0.12850467289719625,2.4788487847288825,ok
lightgbm_top20,logistic_regression_l1,logistic_regression_l1,bad_side_vs_all_non_bad,False,higher_is_worse,all,0.4,2311,398,0.1722198182604933,0.35828645607961923,0.24664647338814366,0.3245348334054522,0.5186915887850467,0.1696235395932497,0.051524081164086966,0.012344396511207029,-0.19158878504672894,2.5642937077545183,ok
lightgbm_top20,logistic_regression_l1,logistic_regression_l1,bad_side_vs_all_non_bad,False,higher_is_worse,train,0.05,1583,394,0.2488945041061276,0.43651295009475677,0.31901452937460517,0.3910296904611497,0.8,0.18825015792798483,0.013996947925639158,0.00234381424409999,-0.008888888888888835,3.432842304972056,ok
lightgbm_top20,logistic_regression_l1,logistic_regression_l1,bad_side_vs_all_non_bad,False,higher_is_worse,train,0.1,1500,380,0.25333333333333335,0.42533333333333334,0.30466666666666664,0.38333333333333336,0.7866666666666666,0.19,0.025176564687062586,0.006782643471305749,-0.022222222222222254,3.494064230343301,ok
lightgbm_top20,logistic_regression_l1,logistic_regression_l1,bad_side_vs_all_non_bad,False,higher_is_worse,train,0.15,1416,359,0.2535310734463277,0.4145480225988701,0.2959039548022599,0.3714689265536723,0.7866666666666666,0.1885593220338983,0.035961875421525846,0.006980383584300087,-0.022222222222222254,3.4967915329316597,ok
lightgbm_top20,logistic_regression_l1,logistic_regression_l1,bad_side_vs_all_non_bad,False,higher_is_worse,train,0.2,1333,335,0.25131282820705175,0.40735183795948987,0.2895723930982746,0.36384096024006,0.7644444444444445,0.18604651162790697,0.043158060060906056,0.004762138345024147,-0.0444444444444444,3.4661966986763306,ok
lightgbm_top20,logistic_regression_l1,logistic_regression_l1,bad_side_vs_all_non_bad,False,higher_is_worse,train,0.3,1166,296,0.2538593481989708,0.3850771869639794,0.2718696397941681,0.346483704974271,0.72,0.19039451114922812,0.06543271105641651,0.007308658336943219,-0.0888888888888889,3.501319216106404,ok
lightgbm_top20,logistic_regression_l1,logistic_regression_l1,bad_side_vs_all_non_bad,False,higher_is_worse,train,0.4,1000,256,0.256,0.371,0.255,0.333,0.6622222222222223,0.195,0.07950989802039593,0.0094493101379724,-0.1466666666666666,3.5308438538205986,ok
lightgbm_top20,logistic_regression_l1,logistic_regression_l1,bad_side_vs_all_non_bad,False,higher_is_worse,validation,0.05,534,12,0.02247191011235955,0.3707865168539326,0.24906367041198502,0.3464419475655431,0.45454545454545453,0.06554307116104868,0.023529646556369355,-0.0006186760332887627,-0.04545454545454547,1.12411810817873,ok
lightgbm_top20,logistic_regression_l1,logistic_regression_l1,bad_side_vs_all_non_bad,False,higher_is_worse,validation,0.1,506,9,0.017786561264822136,0.3616600790513834,0.24110671936758893,0.3359683794466403,0.3181818181818182,0.06521739130434782,0.032656084358918536,-0.005304024880826177,-0.18181818181818182,0.8897417042007537,ok
lightgbm_top20,logistic_regression_l1,logistic_regression_l1,bad_side_vs_all_non_bad,False,higher_is_worse,validation,0.15,478,9,0.01882845188284519,0.3598326359832636,0.2384937238493724,0.33472803347280333,0.3181818181818182,0.06276150627615062,0.03448352742703836,-0.004262134262803124,-0.18181818181818182,0.9418604651162791,ok
lightgbm_top20,logistic_regression_l1,logistic_regression_l1,bad_side_vs_all_non_bad,False,higher_is_worse,validation,0.2,450,9,0.02,0.3511111111111111,0.23333333333333334,0.32666666666666666,0.3181818181818182,0.06222222222222222,0.04320505229919086,-0.003090586145648312,-0.18181818181818182,1.0004651162790696,ok
lightgbm_top20,logistic_regression_l1,logistic_regression_l1,bad_side_vs_all_non_bad,False,higher_is_worse,validation,0.3,394,9,0.02284263959390863,0.35786802030456855,0.233502538071066,0.33248730964467005,0.3181818181818182,0.0583756345177665,0.03644814310573341,-0.0002479465517396841,-0.18181818181818182,1.142663203872034,ok
lightgbm_top20,logistic_regression_l1,logistic_regression_l1,bad_side_vs_all_non_bad,False,higher_is_worse,validation,0.4,337,9,0.026706231454005934,0.3353115727002967,0.2166172106824926,0.3086053412462908,0.3181818181818182,0.05934718100890208,0.059004590710005245,0.0036156453083576214,-0.18181818181818182,1.3359326478503897,ok
lightgbm_top20,logistic_regression_l1,logistic_regression_l1,bad_side_vs_all_non_bad,False,higher_is_worse,robustness,0.05,1541,184,0.11940298507462686,0.35885788449059053,0.25957170668397145,0.31862426995457493,0.6077348066298343,0.26865671641791045,0.014524740278355874,0.0011035396032775119,-0.0055248618784530246,1.5035094796288835,ok
lightgbm_top20,logistic_regression_l1,logistic_regression_l1,bad_side_vs_all_non_bad,False,higher_is_worse,robustness,0.1,1460,175,0.11986301369863013,0.34863013698630135,0.25068493150684934,0.3082191780821918,0.5966850828729282,0.26438356164383564,0.02475248778264505,0.0015635682272807788,-0.016574585635359074,1.5093021103295083,ok
lightgbm_top20,logistic_regression_l1,logistic_regression_l1,bad_side_vs_all_non_bad,False,higher_is_worse,robustness,0.15,1379,162,0.11747643219724438,0.3401015228426396,0.242929659173314,0.29876722262509064,0.569060773480663,0.25525743292240755,0.03328110192630679,-0.0008230132741049723,-0.04419889502762431,1.47925053407287,ok
lightgbm_top20,logistic_regression_l1,logistic_regression_l1,bad_side_vs_all_non_bad,False,higher_is_worse,robustness,0.2,1298,154,0.11864406779661017,0.3320493066255778,0.23651771956856701,0.29275808936825887,0.5580110497237569,0.25115562403698,0.0413333181433686,0.00034462232526082104,-0.05524861878453036,1.4939532753092084,ok
lightgbm_top20,logistic_regression_l1,logistic_regression_l1,bad_side_vs_all_non_bad,False,higher_is_worse,robustness,0.3,1136,124,0.10915492957746478,0.3257042253521127,0.22975352112676056,0.2878521126760563,0.47513812154696133,0.23327464788732394,0.04767839941683372,-0.00914451589388457,-0.13812154696132595,1.37446707270651,ok
lightgbm_top20,logistic_regression_l1,logistic_regression_l1,bad_side_vs_all_non_bad,False,higher_is_worse,robustness,0.4,973,114,0.1171634121274409,0.3175745118191161,0.22404933196300103,0.2816032887975334,0.4419889502762431,0.2261048304213772,0.05580811294983029,-0.001136033343908452,-0.1712707182320442,1.4753090191939122,ok
lightgbm_top20,shallow_decision_tree_max_depth_3,shallow_decision_tree_max_depth_3,bad_side_vs_clean_winner,True,higher_is_worse,all,0.05,3660,595,0.16256830601092895,0.40737704918032785,0.2972677595628415,0.3674863387978142,0.7009345794392523,0.21311475409836064,0.0024334880633783418,0.0026928842616426862,-0.009345794392523366,2.4205860184661776,ok
lightgbm_top20,shallow_decision_tree_max_depth_3,shallow_decision_tree_max_depth_3,bad_side_vs_clean_winner,True,higher_is_worse,all,0.1,3467,567,0.1635419671185463,0.40524949524084225,0.29477934813960194,0.36631093164118833,0.6892523364485982,0.21228728006922412,0.0045610420028639465,0.0036665453692600325,-0.02102803738317749,2.4350834966133905,ok
lightgbm_top20,shallow_decision_tree_max_depth_3,shallow_decision_tree_max_depth_3,bad_side_vs_clean_winner,True,higher_is_worse,all,0.15,3275,543,0.16580152671755724,0.3981679389312977,0.2879389312977099,0.3606106870229008,0.6728971962616822,0.21557251908396946,0.011642598312408492,0.005926104968270979,-0.03738317757009346,2.468727559884181,ok
lightgbm_top20,shallow_decision_tree_max_depth_3,shallow_decision_tree_max_depth_3,bad_side_vs_clean_winner,True,higher_is_worse,all,0.2,3082,515,0.16709928617780662,0.3890330953926022,0.2790395846852693,0.35074626865671643,0.6565420560747663,0.2190136275146009,0.020777441851103973,0.007223864428520355,-0.053738317757009324,2.488050750744032,ok
lightgbm_top20,shallow_decision_tree_max_depth_3,shallow_decision_tree_max_depth_3,bad_side_vs_clean_winner,True,higher_is_worse,all,0.3,2697,466,0.1727845754542084,0.371523915461624,0.26436781609195403,0.3329625509825732,0.6261682242990654,0.2239525398591027,0.0382866217820822,0.012909153704922127,-0.08411214953271029,2.5727027476250766,ok
lightgbm_top20,shallow_decision_tree_max_depth_3,shallow_decision_tree_max_depth_3,bad_side_vs_clean_winner,True,higher_is_worse,all,0.4,2311,414,0.17914322803980962,0.3574210298572047,0.25270445694504545,0.32237126784941583,0.5817757009345794,0.2258762440501947,0.0523895073865015,0.019267806290523354,-0.12850467289719625,2.667380891985856,ok
lightgbm_top20,shallow_decision_tree_max_depth_3,shallow_decision_tree_max_depth_3,bad_side_vs_clean_winner,True,higher_is_worse,train,0.05,1583,392,0.2476310802274163,0.441566645609602,0.32785849652558435,0.3973468098547063,0.8044444444444444,0.19330385344283008,0.008943252410793912,0.001080390365388706,-0.004444444444444473,3.4154167095153456,ok
lightgbm_top20,shallow_decision_tree_max_depth_3,shallow_decision_tree_max_depth_3,bad_side_vs_clean_winner,True,higher_is_worse,train,0.1,1500,372,0.248,0.434,0.318,0.3893333333333333,0.7911111111111111,0.19466666666666665,0.01650989802039593,0.0014493101379723927,-0.01777777777777778,3.420504983388705,ok
lightgbm_top20,shallow_decision_tree_max_depth_3,shallow_decision_tree_max_depth_3,bad_side_vs_clean_winner,True,higher_is_worse,train,0.15,1416,353,0.24929378531073446,0.4244350282485876,0.3100282485875706,0.3771186440677966,0.7644444444444445,0.19491525423728814,0.02607486977180834,0.0027430954487068504,-0.0444444444444444,3.438349334609682,ok
lightgbm_top20,shallow_decision_tree_max_depth_3,shallow_decision_tree_max_depth_3,bad_side_vs_clean_winner,True,higher_is_worse,train,0.2,1333,330,0.24756189047261815,0.4163540885221305,0.3008252063015754,0.3690922730682671,0.7555555555555555,0.19879969992498125,0.03415580949826541,0.0010112006105905402,-0.053333333333333344,3.4144624195916093,ok
lightgbm_top20,shallow_decision_tree_max_depth_3,shallow_decision_tree_max_depth_3,bad_side_vs_clean_winner,True,higher_is_worse,train,0.3,1166,296,0.2538593481989708,0.3902229845626072,0.27615780445969124,0.34305317324185247,0.72,0.20840480274442538,0.06028691345778875,0.007308658336943219,-0.0888888888888889,3.501319216106404,ok
lightgbm_top20,shallow_decision_tree_max_depth_3,shallow_decision_tree_max_depth_3,bad_side_vs_clean_winner,True,higher_is_worse,train,0.4,1000,259,0.259,0.37,0.252,0.332,0.6711111111111111,0.212,0.08050989802039593,0.012449310137972402,-0.13777777777777778,3.5722209302325587,ok
lightgbm_top20,shallow_decision_tree_max_depth_3,shallow_decision_tree_max_depth_3,bad_side_vs_clean_winner,True,higher_is_worse,validation,0.05,534,11,0.020599250936329586,0.3895131086142322,0.2640449438202247,0.36329588014981273,0.4090909090909091,0.06928838951310862,0.004803054796069739,-0.0024913352093187263,-0.09090909090909088,1.0304415991638358,ok
lightgbm_top20,shallow_decision_tree_max_depth_3,shallow_decision_tree_max_depth_3,bad_side_vs_clean_winner,True,higher_is_worse,validation,0.1,506,11,0.021739130434782608,0.3893280632411067,0.2608695652173913,0.36561264822134387,0.4090909090909091,0.0691699604743083,0.004988100169195264,-0.0013514557108657045,-0.09090909090909088,1.0874620829120323,ok
lightgbm_top20,shallow_decision_tree_max_depth_3,shallow_decision_tree_max_depth_3,bad_side_vs_clean_winner,True,higher_is_worse,validation,0.15,478,11,0.02301255230125523,0.38284518828451886,0.2594142259414226,0.3598326359832636,0.4090909090909091,0.06694560669456066,0.0114709751257831,-7.803384439308142e-05,-0.09090909090909088,1.1511627906976745,ok
lightgbm_top20,shallow_decision_tree_max_depth_3,shallow_decision_tree_max_depth_3,bad_side_vs_clean_winner,True,higher_is_worse,validation,0.2,450,10,0.022222222222222223,0.37333333333333335,0.24666666666666667,0.3511111111111111,0.36363636363636365,0.06222222222222222,0.020982830076968606,-0.0008683639234260895,-0.13636363636363635,1.111627906976744,ok
lightgbm_top20,shallow_decision_tree_max_depth_3,shallow_decision_tree_max_depth_3,bad_side_vs_clean_winner,True,higher_is_worse,validation,0.3,394,9,0.02284263959390863,0.34517766497461927,0.22842639593908629,0.3248730964467005,0.36363636363636365,0.05583756345177665,0.04913849843568269,-0.0002479465517396841,-0.13636363636363635,1.142663203872034,ok
lightgbm_top20,shallow_decision_tree_max_depth_3,shallow_decision_tree_max_depth_3,bad_side_vs_clean_winner,True,higher_is_worse,validation,0.4,337,8,0.02373887240356083,0.34421364985163205,0.228486646884273,0.32344213649851633,0.3181818181818182,0.05637982195845697,0.0501025135586699,0.0006482862579125191,-0.18181818181818182,1.1874956869781244,ok
lightgbm_top20,shallow_decision_tree_max_depth_3,shallow_decision_tree_max_depth_3,bad_side_vs_clean_winner,True,higher_is_worse,robustness,0.05,1541,187,0.12134977287475665,0.373134328358209,0.27514600908500975,0.3348475016223232,0.6077348066298343,0.2790395846852693,0.00024829641073742525,0.003050327403407299,-0.0055248618784530246,1.528023221144572,ok
lightgbm_top20,shallow_decision_tree_max_depth_3,shallow_decision_tree_max_depth_3,bad_side_vs_clean_winner,True,higher_is_worse,robustness,0.1,1460,184,0.12602739726027398,0.3726027397260274,0.27465753424657535,0.33493150684931505,0.6022099447513812,0.27945205479452057,0.0007798850429189819,0.007727951788924631,-0.011049723756906049,1.5869233617178833,ok
lightgbm_top20,shallow_decision_tree_max_depth_3,shallow_decision_tree_max_depth_3,bad_side_vs_clean_winner,True,higher_is_worse,robustness,0.15,1379,174,0.126178390137781,0.369108049311095,0.271211022480058,0.3343002175489485,0.585635359116022,0.27918781725888325,0.004274575457851426,0.007878944666431659,-0.027624309392265234,1.5888246477078976,ok
lightgbm_top20,shallow_decision_tree_max_depth_3,shallow_decision_tree_max_depth_3,bad_side_vs_clean_winner,True,higher_is_worse,robustness,0.2,1298,165,0.1271186440677966,0.36517719568567025,0.2665639445300462,0.3305084745762712,0.5580110497237569,0.28582434514637906,0.00820542908327615,0.008819198596447253,-0.05524861878453036,1.6006642235455804,ok
lightgbm_top20,shallow_decision_tree_max_depth_3,shallow_decision_tree_max_depth_3,bad_side_vs_clean_winner,True,higher_is_worse,robustness,0.3,1136,150,0.13204225352112675,0.35827464788732394,0.2623239436619718,0.3221830985915493,0.5248618784530387,0.2869718309859155,0.015107976881622465,0.0137428080497774,-0.08839779005524862,1.6626617814998106,ok
lightgbm_top20,shallow_decision_tree_max_depth_3,shallow_decision_tree_max_depth_3,bad_side_vs_clean_winner,True,higher_is_worse,robustness,0.4,973,133,0.1366906474820144,0.3432682425488181,0.249743062692703,0.3052415210688592,0.49171270718232046,0.2949640287769784,0.0301143822201283,0.018391202010665048,-0.12154696132596682,1.721193855726231,ok
lightgbm_top20,shallow_decision_tree_max_depth_3,shallow_decision_tree_max_depth_3,bad_side_vs_all_non_bad,False,higher_is_worse,all,0.05,3660,587,0.16038251366120218,0.3882513661202186,0.2792349726775956,0.3489071038251366,0.7032710280373832,0.21065573770491802,0.021559171123487597,0.000507091911915919,-0.007009345794392496,2.388040324100246,ok
lightgbm_top20,shallow_decision_tree_max_depth_3,shallow_decision_tree_max_depth_3,bad_side_vs_all_non_bad,False,higher_is_worse,all,0.1,3467,551,0.1589270262474762,0.37352177675223536,0.26507066628208825,0.3371791173925584,0.6658878504672897,0.20421113354485146,0.03628876049147084,-0.0009483955018100565,-0.04439252336448596,2.3663686184020776,ok
lightgbm_top20,shallow_decision_tree_max_depth_3,shallow_decision_tree_max_depth_3,bad_side_vs_all_non_bad,False,higher_is_worse,all,0.15,3275,523,0.1596946564885496,0.3596946564885496,0.25190839694656486,0.32549618320610685,0.6425233644859814,0.19938931297709925,0.050115880755156605,-0.0001807652607366539,-0.06775700934579432,2.3777983679915775,ok
lightgbm_top20,shallow_decision_tree_max_depth_3,shallow_decision_tree_max_depth_3,bad_side_vs_all_non_bad,False,higher_is_worse,all,0.2,3082,487,0.15801427644386762,0.3504218040233614,0.24334847501622323,0.31765087605451003,0.6238317757009346,0.19759896171317326,0.05938873322034477,-0.0018611453054186433,-0.08644859813084105,2.3527780885676575,ok
lightgbm_top20,shallow_decision_tree_max_depth_3,shallow_decision_tree_max_depth_3,bad_side_vs_all_non_bad,False,higher_is_worse,all,0.3,2697,420,0.1557285873192436,0.332220986281053,0.22580645161290322,0.299962921764924,0.5630841121495327,0.19911012235817574,0.07758955096265319,-0.004146834430042656,-0.14719626168224298,2.31874496567067,ok
lightgbm_top20,shallow_decision_tree_max_depth_3,shallow_decision_tree_max_depth_3,bad_side_vs_all_non_bad,False,higher_is_worse,all,0.4,2311,362,0.1566421462570316,0.3124188662916486,0.21289485071397662,0.28126352228472523,0.5186915887850467,0.2033751622674167,0.09739167095205759,-0.0032332754922546614,-0.19158878504672894,2.3323475432340093,ok
lightgbm_top20,shallow_decision_tree_max_depth_3,shallow_decision_tree_max_depth_3,bad_side_vs_all_non_bad,False,higher_is_worse,train,0.05,1583,396,0.25015792798483893,0.43524952621604546,0.31964624131396085,0.3903979785217941,0.8,0.19519898926089704,0.01526037180435047,0.0036072381228113293,-0.008888888888888835,3.4502679004287673,ok
lightgbm_top20,shallow_decision_tree_max_depth_3,shallow_decision_tree_max_depth_3,bad_side_vs_all_non_bad,False,higher_is_worse,train,0.1,1500,382,0.25466666666666665,0.42,0.30533333333333335,0.37733333333333335,0.7955555555555556,0.198,0.030509898020395942,0.008115976804639047,-0.013333333333333308,3.5124540420819494,ok
lightgbm_top20,shallow_decision_tree_max_depth_3,shallow_decision_tree_max_depth_3,bad_side_vs_all_non_bad,False,higher_is_worse,train,0.15,1416,361,0.2549435028248588,0.4081920903954802,0.2944915254237288,0.3651129943502825,0.7822222222222223,0.1977401129943503,0.042317807624915715,0.008392812962831175,-0.026666666666666616,3.5162722657056524,ok
lightgbm_top20,shallow_decision_tree_max_depth_3,shallow_decision_tree_max_depth_3,bad_side_vs_all_non_bad,False,higher_is_worse,train,0.2,1333,340,0.2550637659414854,0.404351087771943,0.2880720180045011,0.36084021005251316,0.76,0.20330082520630158,0.04615881024845292,0.008513076079457782,-0.04888888888888887,3.5179309777610523,ok
lightgbm_top20,shallow_decision_tree_max_depth_3,shallow_decision_tree_max_depth_3,bad_side_vs_all_non_bad,False,higher_is_worse,train,0.3,1166,295,0.25300171526586623,0.3876500857632933,0.2701543739279588,0.34305317324185247,0.7111111111111111,0.20668953687821612,0.06285981225710263,0.006451025403838628,-0.09777777777777774,3.48949043497091,ok
lightgbm_top20,shallow_decision_tree_max_depth_3,shallow_decision_tree_max_depth_3,bad_side_vs_all_non_bad,False,higher_is_worse,train,0.4,1000,245,0.245,0.379,0.252,0.341,0.6355555555555555,0.199,0.07150989802039592,-0.00155068986202761,-0.17333333333333334,3.379127906976745,ok
lightgbm_top20,shallow_decision_tree_max_depth_3,shallow_decision_tree_max_depth_3,bad_side_vs_all_non_bad,False,higher_is_worse,validation,0.05,534,13,0.024344569288389514,0.37453183520599254,0.250936329588015,0.350187265917603,0.5,0.06179775280898876,0.01978432820430942,0.001253983142741201,0.0,1.2177946171936243,ok
lightgbm_top20,shallow_decision_tree_max_depth_3,shallow_decision_tree_max_depth_3,bad_side_vs_all_non_bad,False,higher_is_worse,validation,0.1,506,12,0.023715415019762844,0.36561264822134387,0.24703557312252963,0.33992094861660077,0.45454545454545453,0.05928853754940711,0.028703515188958084,0.0006248288741145316,-0.04545454545454547,1.1863222722676714,ok
lightgbm_top20,shallow_decision_tree_max_depth_3,shallow_decision_tree_max_depth_3,bad_side_vs_all_non_bad,False,higher_is_worse,validation,0.15,478,12,0.02510460251046025,0.3472803347280335,0.23640167364016737,0.3200836820083682,0.45454545454545453,0.058577405857740586,0.047035828682268466,0.002014016364811938,-0.04545454545454547,1.2558139534883719,ok
lightgbm_top20,shallow_decision_tree_max_depth_3,shallow_decision_tree_max_depth_3,bad_side_vs_all_non_bad,False,higher_is_worse,validation,0.2,450,11,0.024444444444444446,0.3377777777777778,0.23555555555555555,0.31333333333333335,0.4090909090909091,0.06,0.05653838563252417,0.0013538582987961331,-0.09090909090909088,1.2227906976744185,ok
lightgbm_top20,shallow_decision_tree_max_depth_3,shallow_decision_tree_max_depth_3,bad_side_vs_all_non_bad,False,higher_is_worse,validation,0.3,394,8,0.02030456852791878,0.34517766497461927,0.23604060913705585,0.31725888324873097,0.2727272727272727,0.05583756345177665,0.04913849843568269,-0.0027860176177295325,-0.2272727272727273,1.0157006256640302,ok
lightgbm_top20,shallow_decision_tree_max_depth_3,shallow_decision_tree_max_depth_3,bad_side_vs_all_non_bad,False,higher_is_worse,validation,0.4,337,7,0.020771513353115726,0.34718100890207715,0.2403560830860534,0.32344213649851633,0.22727272727272727,0.050445103857566766,0.04713515450822481,-0.0023190727925325866,-0.2727272727272727,1.0390587261058586,ok
lightgbm_top20,shallow_decision_tree_max_depth_3,shallow_decision_tree_max_depth_3,bad_side_vs_all_non_bad,False,higher_is_worse,robustness,0.05,1541,187,0.12134977287475665,0.3536664503569111,0.2582738481505516,0.31408176508760544,0.6077348066298343,0.2744970798182998,0.019716174412035326,0.003050327403407299,-0.0055248618784530246,1.528023221144572,ok
lightgbm_top20,shallow_decision_tree_max_depth_3,shallow_decision_tree_max_depth_3,bad_side_vs_all_non_bad,False,higher_is_worse,robustness,0.1,1460,168,0.11506849315068493,0.33424657534246577,0.23835616438356164,0.29726027397260274,0.5524861878453039,0.26575342465753427,0.039136049426480635,-0.003230952320664421,-0.06077348066298338,1.4489300259163282,ok
lightgbm_top20,shallow_decision_tree_max_depth_3,shallow_decision_tree_max_depth_3,bad_side_vs_all_non_bad,False,higher_is_worse,robustness,0.15,1379,162,0.11747643219724438,0.3205221174764322,0.22552574329224076,0.2857142857142857,0.5359116022099447,0.2654097171863669,0.05286050729251418,-0.0008230132741049723,-0.07734806629834257,1.47925053407287,ok
lightgbm_top20,shallow_decision_tree_max_depth_3,shallow_decision_tree_max_depth_3,bad_side_vs_all_non_bad,False,higher_is_worse,robustness,0.2,1298,152,0.11710323574730354,0.3135593220338983,0.21802773497688752,0.2796610169491525,0.5138121546961326,0.26194144838212635,0.0598233027350481,-0.001196209724045813,-0.09944751381215466,1.4745512847207771,ok
lightgbm_top20,shallow_decision_tree_max_depth_3,shallow_decision_tree_max_depth_3,bad_side_vs_all_non_bad,False,higher_is_worse,robustness,0.3,1136,134,0.11795774647887323,0.30721830985915494,0.20950704225352113,0.27024647887323944,0.47513812154696133,0.2640845070422535,0.06616431490979147,-0.00034169899247611657,-0.13812154696132595,1.4853111914731643,ok
lightgbm_top20,shallow_decision_tree_max_depth_3,shallow_decision_tree_max_depth_3,bad_side_vs_all_non_bad,False,higher_is_worse,robustness,0.4,973,114,0.1171634121274409,0.3001027749229188,0.2065775950668037,0.2672147995889003,0.425414364640884,0.2641315519013361,0.07327984984602759,-0.001136033343908452,-0.18784530386740328,1.4753090191939122,ok
lightgbm_top20,scorecard_quantile_binning,scorecard_quantile_binning,bad_side_vs_clean_winner,True,higher_is_worse,all,0.05,3660,589,0.1609289617486339,0.39726775956284155,0.285792349726776,0.35792349726775957,0.705607476635514,0.20245901639344263,0.012542777680864647,0.0010535399993476247,-0.004672897196261627,2.396176747691729,ok
lightgbm_top20,scorecard_quantile_binning,scorecard_quantile_binning,bad_side_vs_clean_winner,True,higher_is_worse,all,0.1,3467,560,0.16152293048745314,0.3844822613210268,0.27285837900201904,0.3461205653302567,0.6915887850467289,0.1990193250648976,0.02532827592267939,0.0016475087381668807,-0.01869158878504673,2.405020737395941,ok
lightgbm_top20,scorecard_quantile_binning,scorecard_quantile_binning,bad_side_vs_clean_winner,True,higher_is_worse,all,0.15,3275,534,0.16305343511450382,0.3719083969465649,0.26045801526717555,0.33404580152671753,0.6658878504672897,0.1966412213740458,0.037902140297141285,0.003178013365217558,-0.04439252336448596,2.42780942353251,ok
lightgbm_top20,scorecard_quantile_binning,scorecard_quantile_binning,bad_side_vs_clean_winner,True,higher_is_worse,all,0.2,3082,509,0.16515249837767684,0.36534717715768983,0.254380272550292,0.3303049967553537,0.6495327102803738,0.19500324464633356,0.04446336008601637,0.005277076628390581,-0.06074766355140182,2.4590637517062377,ok
lightgbm_top20,scorecard_quantile_binning,scorecard_quantile_binning,bad_side_vs_clean_winner,True,higher_is_worse,all,0.3,2697,435,0.16129032258064516,0.3515016685205784,0.2424916573971079,0.3170189098998888,0.5981308411214953,0.18761586948461254,0.058308868723127794,0.001414900831358895,-0.11214953271028039,2.4015572858731935,ok
lightgbm_top20,scorecard_quantile_binning,scorecard_quantile_binning,bad_side_vs_clean_winner,True,higher_is_worse,all,0.4,2311,375,0.1622674167027261,0.3340545218520121,0.22544353093898745,0.30246646473388145,0.5560747663551402,0.18736477715274774,0.07575601539169408,0.0023919949534398355,-0.15420560747663548,2.416105880421971,ok
lightgbm_top20,scorecard_quantile_binning,scorecard_quantile_binning,bad_side_vs_clean_winner,True,higher_is_worse,train,0.05,1583,395,0.24952621604548325,0.43651295009475677,0.31901452937460517,0.3910296904611497,0.8,0.18888186986734049,0.013996947925639158,0.0029755261834556457,-0.008888888888888835,3.4415551027004114,ok
lightgbm_top20,scorecard_quantile_binning,scorecard_quantile_binning,bad_side_vs_clean_winner,True,higher_is_worse,train,0.1,1500,379,0.25266666666666665,0.4226666666666667,0.30533333333333335,0.38133333333333336,0.7822222222222223,0.188,0.027843231353729236,0.006115976804639045,-0.026666666666666616,3.484869324473976,ok
lightgbm_top20,scorecard_quantile_binning,scorecard_quantile_binning,bad_side_vs_clean_winner,True,higher_is_worse,train,0.15,1416,357,0.2521186440677966,0.4145480225988701,0.2959039548022599,0.3742937853107345,0.7733333333333333,0.1906779661016949,0.035961875421525846,0.005567954205768999,-0.03555555555555556,3.477310800157667,ok
lightgbm_top20,scorecard_quantile_binning,scorecard_quantile_binning,bad_side_vs_clean_winner,True,higher_is_worse,train,0.2,1333,337,0.2528132033008252,0.40585146286571644,0.28507126781695424,0.36834208552138037,0.7511111111111111,0.18529632408102026,0.04465843515467949,0.006262513438797579,-0.05777777777777782,3.486890410310219,ok
lightgbm_top20,scorecard_quantile_binning,scorecard_quantile_binning,bad_side_vs_clean_winner,True,higher_is_worse,train,0.3,1166,299,0.2564322469982847,0.3876500857632933,0.2701543739279588,0.34991423670668953,0.7155555555555555,0.19210977701543738,0.06285981225710263,0.009881557136257102,-0.09333333333333338,3.5368055595128873,ok
lightgbm_top20,scorecard_quantile_binning,scorecard_quantile_binning,bad_side_vs_clean_winner,True,higher_is_worse,train,0.4,1000,246,0.246,0.378,0.267,0.342,0.6444444444444445,0.186,0.07250989802039592,-0.0005506898620276091,-0.1644444444444444,3.3929202657807314,ok
lightgbm_top20,scorecard_quantile_binning,scorecard_quantile_binning,bad_side_vs_clean_winner,True,higher_is_worse,validation,0.05,534,13,0.024344569288389514,0.37453183520599254,0.25280898876404495,0.3464419475655431,0.5,0.06554307116104868,0.01978432820430942,0.001253983142741201,0.0,1.2177946171936243,ok
lightgbm_top20,scorecard_quantile_binning,scorecard_quantile_binning,bad_side_vs_clean_winner,True,higher_is_worse,validation,0.1,506,11,0.021739130434782608,0.35968379446640314,0.24110671936758893,0.3359683794466403,0.4090909090909091,0.06324110671936758,0.03463236894389882,-0.0013514557108657045,-0.09090909090909088,1.0874620829120323,ok
lightgbm_top20,scorecard_quantile_binning,scorecard_quantile_binning,bad_side_vs_clean_winner,True,higher_is_worse,validation,0.15,478,11,0.02301255230125523,0.35355648535564854,0.2405857740585774,0.3305439330543933,0.4090909090909091,0.056485355648535567,0.040759678054653414,-7.803384439308142e-05,-0.09090909090909088,1.1511627906976745,ok
lightgbm_top20,scorecard_quantile_binning,scorecard_quantile_binning,bad_side_vs_clean_winner,True,higher_is_worse,validation,0.2,450,11,0.024444444444444446,0.3511111111111111,0.24222222222222223,0.32666666666666666,0.4090909090909091,0.05555555555555555,0.04320505229919086,0.0013538582987961331,-0.09090909090909088,1.2227906976744185,ok
lightgbm_top20,scorecard_quantile_binning,scorecard_quantile_binning,bad_side_vs_clean_winner,True,higher_is_worse,validation,0.3,394,10,0.025380710659898477,0.350253807106599,0.233502538071066,0.3248730964467005,0.4090909090909091,0.06345177664974619,0.044062356303702976,0.0022901245142501643,-0.09090909090909088,1.2696257820800376,ok
lightgbm_top20,scorecard_quantile_binning,scorecard_quantile_binning,bad_side_vs_clean_winner,True,higher_is_worse,validation,0.4,337,9,0.026706231454005934,0.34718100890207715,0.228486646884273,0.32047477744807124,0.36363636363636365,0.05934718100890208,0.04713515450822481,0.0036156453083576214,-0.13636363636363635,1.3359326478503897,ok
lightgbm_top20,scorecard_quantile_binning,scorecard_quantile_binning,bad_side_vs_clean_winner,True,higher_is_worse,robustness,0.05,1541,184,0.11940298507462686,0.3601557430240104,0.26151849448410125,0.3192731992212849,0.6077348066298343,0.2647631408176509,0.013226881744936025,0.0011035396032775119,-0.0055248618784530246,1.5035094796288835,ok
lightgbm_top20,scorecard_quantile_binning,scorecard_quantile_binning,bad_side_vs_clean_winner,True,higher_is_worse,robustness,0.1,1460,170,0.11643835616438356,0.3541095890410959,0.2547945205479452,0.31575342465753425,0.5911602209944752,0.2602739726027397,0.019273035727850496,-0.0018610893069657963,-0.022099447513812098,1.4661791928915224,ok
lightgbm_top20,scorecard_quantile_binning,scorecard_quantile_binning,bad_side_vs_clean_winner,True,higher_is_worse,robustness,0.15,1379,166,0.12037708484408992,0.3393763596809282,0.24002900652646847,0.30166787527193617,0.5911602209944752,0.25670775924583034,0.034006265088018184,0.0020776393727405668,-0.022099447513812098,1.515775238617879,ok
lightgbm_top20,scorecard_quantile_binning,scorecard_quantile_binning,bad_side_vs_clean_winner,True,higher_is_worse,robustness,0.2,1298,160,0.12326656394453005,0.33281972265023113,0.23420647149460708,0.2966101694915254,0.569060773480663,0.25192604006163327,0.04056290211871527,0.0049671184731806955,-0.04419889502762431,1.5521592470745023,ok
lightgbm_top20,scorecard_quantile_binning,scorecard_quantile_binning,bad_side_vs_clean_winner,True,higher_is_worse,robustness,0.3,1136,134,0.11795774647887323,0.31866197183098594,0.22007042253521128,0.28080985915492956,0.5027624309392266,0.24647887323943662,0.05472065293796047,-0.00034169899247611657,-0.11049723756906071,1.4853111914731643,ok
lightgbm_top20,scorecard_quantile_binning,scorecard_quantile_binning,bad_side_vs_clean_winner,True,higher_is_worse,robustness,0.4,973,119,0.1223021582733813,0.29804727646454265,0.20452209660842754,0.2641315519013361,0.46408839779005523,0.23741007194244604,0.07533534830440375,0.004002712802031946,-0.14917127071823205,1.5400155551234698,ok
lightgbm_top20,scorecard_quantile_binning,scorecard_quantile_binning,bad_side_vs_all_non_bad,False,higher_is_worse,all,0.05,3660,590,0.16120218579234974,0.3953551912568306,0.28387978142076503,0.3554644808743169,0.705607476635514,0.20355191256830601,0.01445534598687559,0.0013267640430634775,-0.004672897196261627,2.4002449594874706,ok
lightgbm_top20,scorecard_quantile_binning,scorecard_quantile_binning,bad_side_vs_all_non_bad,False,higher_is_worse,all,0.1,3467,564,0.16267666570522066,0.38246322468993366,0.2719930775886934,0.3446783963080473,0.6869158878504673,0.19959619267378137,0.02734731255377254,0.002801243955934396,-0.02336448598130836,2.4221994569487695,ok
lightgbm_top20,scorecard_quantile_binning,scorecard_quantile_binning,bad_side_vs_all_non_bad,False,higher_is_worse,all,0.15,3275,532,0.16244274809160306,0.37404580152671757,0.2629007633587786,0.3374045801526718,0.6682242990654206,0.19541984732824427,0.03576473571698863,0.0025673263423167947,-0.04205607476635509,2.4187165043432493,ok
lightgbm_top20,scorecard_quantile_binning,scorecard_quantile_binning,bad_side_vs_all_non_bad,False,higher_is_worse,all,0.2,3082,506,0.16417910447761194,0.36534717715768983,0.254380272550292,0.3293316028552888,0.647196261682243,0.19370538611291369,0.04446336008601637,0.004303682728325681,-0.06308411214953269,2.44457025218734,ok
lightgbm_top20,scorecard_quantile_binning,scorecard_quantile_binning,bad_side_vs_all_non_bad,False,higher_is_worse,all,0.3,2697,436,0.16166110493140526,0.3496477567667779,0.2410085279940675,0.3170189098998888,0.5981308411214953,0.18835743418613274,0.0601627804769283,0.0017856831821189967,-0.11214953271028039,2.4070781072200282,ok
lightgbm_top20,scorecard_quantile_binning,scorecard_quantile_binning,bad_side_vs_all_non_bad,False,higher_is_worse,all,0.4,2311,369,0.15967113803548247,0.330592816962354,0.22414539160536565,0.29684119428818695,0.5397196261682243,0.18823020337516227,0.07921772028135221,-0.0002042837138037934,-0.17056074766355134,2.3774481863352195,ok
lightgbm_top20,scorecard_quantile_binning,scorecard_quantile_binning,bad_side_vs_all_non_bad,False,higher_is_worse,train,0.05,1583,393,0.24826279216677194,0.43524952621604546,0.31775110549589386,0.3910296904611497,0.7955555555555556,0.19077700568540745,0.01526037180435047,0.001712102304744334,-0.013333333333333308,3.4241295072437006,ok
lightgbm_top20,scorecard_quantile_binning,scorecard_quantile_binning,bad_side_vs_all_non_bad,False,higher_is_worse,train,0.1,1500,379,0.25266666666666665,0.4246666666666667,0.306,0.384,0.7866666666666666,0.18533333333333332,0.025843231353729235,0.006115976804639045,-0.022222222222222254,3.484869324473976,ok
lightgbm_top20,scorecard_quantile_binning,scorecard_quantile_binning,bad_side_vs_all_non_bad,False,higher_is_worse,train,0.15,1416,359,0.2535310734463277,0.4117231638418079,0.2909604519774011,0.3721751412429379,0.7644444444444445,0.1906779661016949,0.03878673417858802,0.006980383584300087,-0.0444444444444444,3.4967915329316597,ok
lightgbm_top20,scorecard_quantile_binning,scorecard_quantile_binning,bad_side_vs_all_non_bad,False,higher_is_worse,train,0.2,1333,337,0.2528132033008252,0.4036009002250563,0.2820705176294073,0.36384096024006,0.7422222222222222,0.18604651162790697,0.046908997795339635,0.006262513438797579,-0.06666666666666665,3.486890410310219,ok
lightgbm_top20,scorecard_quantile_binning,scorecard_quantile_binning,bad_side_vs_all_non_bad,False,higher_is_worse,train,0.3,1166,300,0.25728987993138935,0.38421955403087477,0.26500857632933106,0.3481989708404803,0.6977777777777778,0.1895368782161235,0.06629034398952116,0.010739190069361748,-0.11111111111111105,3.5486343406483822,ok
lightgbm_top20,scorecard_quantile_binning,scorecard_quantile_binning,bad_side_vs_all_non_bad,False,higher_is_worse,train,0.4,1000,250,0.25,0.368,0.252,0.331,0.64,0.19,0.08250989802039593,0.0034493101379723945,-0.16888888888888887,3.4480897009966784,ok
lightgbm_top20,scorecard_quantile_binning,scorecard_quantile_binning,bad_side_vs_all_non_bad,False,higher_is_worse,validation,0.05,534,13,0.024344569288389514,0.3707865168539326,0.250936329588015,0.34269662921348315,0.5,0.06741573033707865,0.023529646556369355,0.001253983142741201,0.0,1.2177946171936243,ok
lightgbm_top20,scorecard_quantile_binning,scorecard_quantile_binning,bad_side_vs_all_non_bad,False,higher_is_worse,validation,0.1,506,11,0.021739130434782608,0.35968379446640314,0.2450592885375494,0.33201581027667987,0.4090909090909091,0.06126482213438735,0.03463236894389882,-0.0013514557108657045,-0.09090909090909088,1.0874620829120323,ok
lightgbm_top20,scorecard_quantile_binning,scorecard_quantile_binning,bad_side_vs_all_non_bad,False,higher_is_worse,validation,0.15,478,11,0.02301255230125523,0.3577405857740586,0.2405857740585774,0.33472803347280333,0.4090909090909091,0.05439330543933055,0.03657557763624336,-7.803384439308142e-05,-0.09090909090909088,1.1511627906976745,ok
lightgbm_top20,scorecard_quantile_binning,scorecard_quantile_binning,bad_side_vs_all_non_bad,False,higher_is_worse,validation,0.2,450,11,0.024444444444444446,0.3466666666666667,0.23777777777777778,0.3244444444444444,0.4090909090909091,0.05333333333333334,0.04764949674363528,0.0013538582987961331,-0.09090909090909088,1.2227906976744185,ok
lightgbm_top20,scorecard_quantile_binning,scorecard_quantile_binning,bad_side_vs_all_non_bad,False,higher_is_worse,validation,0.3,394,10,0.025380710659898477,0.34517766497461927,0.22842639593908629,0.3197969543147208,0.4090909090909091,0.06091370558375635,0.04913849843568269,0.0022901245142501643,-0.09090909090909088,1.2696257820800376,ok
lightgbm_top20,scorecard_quantile_binning,scorecard_quantile_binning,bad_side_vs_all_non_bad,False,higher_is_worse,validation,0.4,337,9,0.026706231454005934,0.35014836795252224,0.2314540059347181,0.3264094955489614,0.36363636363636365,0.05341246290801187,0.04416779545777971,0.0036156453083576214,-0.13636363636363635,1.3359326478503897,ok
lightgbm_top20,scorecard_quantile_binning,scorecard_quantile_binning,bad_side_vs_all_non_bad,False,higher_is_worse,robustness,0.05,1541,184,0.11940298507462686,0.3595068137573005,0.26151849448410125,0.3192731992212849,0.6077348066298343,0.2654120700843608,0.013875811011645922,0.0011035396032775119,-0.0055248618784530246,1.5035094796288835,ok
lightgbm_top20,scorecard_quantile_binning,scorecard_quantile_binning,bad_side_vs_all_non_bad,False,higher_is_worse,robustness,0.1,1460,176,0.12054794520547946,0.35,0.2513698630136986,0.3116438356164384,0.6022099447513812,0.2602739726027397,0.023382624768946425,0.002248499734130105,-0.011049723756906049,1.5179266938171059,ok
lightgbm_top20,scorecard_quantile_binning,scorecard_quantile_binning,bad_side_vs_all_non_bad,False,higher_is_worse,robustness,0.15,1379,166,0.12037708484408992,0.34590282813633066,0.24583031182015955,0.3074691805656273,0.585635359116022,0.25598259608411894,0.02747979663261574,0.0020776393727405668,-0.027624309392265234,1.515775238617879,ok
lightgbm_top20,scorecard_quantile_binning,scorecard_quantile_binning,bad_side_vs_all_non_bad,False,higher_is_worse,robustness,0.2,1298,160,0.12326656394453005,0.33436055469953774,0.2349768875192604,0.29583975346687214,0.574585635359116,0.2526964560862866,0.039022070069408665,0.0049671184731806955,-0.03867403314917128,1.5521592470745023,ok
lightgbm_top20,scorecard_quantile_binning,scorecard_quantile_binning,bad_side_vs_all_non_bad,False,higher_is_worse,robustness,0.3,1136,139,0.12235915492957747,0.3204225352112676,0.22007042253521128,0.28433098591549294,0.5193370165745856,0.2482394366197183,0.05296008955767878,0.004059709458228117,-0.09392265193370164,1.5407332508564913,ok
lightgbm_top20,scorecard_quantile_binning,scorecard_quantile_binning,bad_side_vs_all_non_bad,False,higher_is_worse,robustness,0.4,973,117,0.12024665981500514,0.3001027749229188,0.20863309352517986,0.2641315519013361,0.44751381215469616,0.24768756423432683,0.07327984984602759,0.001947214343655787,-0.16574585635359113,1.5141329407516466,ok
lightgbm_top20,lightgbm_rejector_depth_3,lightgbm_rejector_depth_3,bad_side_vs_clean_winner,False,higher_is_worse,all,0.05,3660,588,0.16065573770491803,0.4030054644808743,0.292896174863388,0.36311475409836064,0.7032710280373832,0.20546448087431693,0.006805072762831876,0.0007803159556317718,-0.007009345794392496,2.3921085358959875,ok
lightgbm_top20,lightgbm_rejector_depth_3,lightgbm_rejector_depth_3,bad_side_vs_clean_winner,False,higher_is_worse,all,0.1,3467,560,0.16152293048745314,0.39659648110758583,0.28641476781078745,0.3579463513123738,0.6892523364485982,0.20132679550043264,0.013214056136120367,0.0016475087381668807,-0.02102803738317749,2.405020737395941,ok
lightgbm_top20,lightgbm_rejector_depth_3,lightgbm_rejector_depth_3,bad_side_vs_clean_winner,False,higher_is_worse,all,0.15,3275,533,0.16274809160305342,0.39114503816793894,0.28061068702290076,0.35083969465648857,0.6799065420560748,0.1984732824427481,0.018665499075767256,0.0028726698537671624,-0.030373831775700855,2.423262963937879,ok
lightgbm_top20,lightgbm_rejector_depth_3,lightgbm_rejector_depth_3,bad_side_vs_clean_winner,False,higher_is_worse,all,0.2,3082,511,0.16580142764438677,0.38286826735885787,0.27676833225178454,0.3429591174561973,0.6612149532710281,0.19922128487994809,0.026942269884848324,0.005926005895100506,-0.049065420560747586,2.4687260847188357,ok
lightgbm_top20,lightgbm_rejector_depth_3,lightgbm_rejector_depth_3,bad_side_vs_clean_winner,False,higher_is_worse,all,0.3,2697,465,0.1724137931034483,0.37300704486466446,0.26622172784575454,0.3325917686318131,0.6214953271028038,0.19725621060437523,0.036803492379041736,0.012538371354162026,-0.08878504672897192,2.5671819262782414,ok
lightgbm_top20,lightgbm_rejector_depth_3,lightgbm_rejector_depth_3,bad_side_vs_clean_winner,False,higher_is_worse,all,0.4,2311,410,0.17741237559498052,0.3569883167459974,0.2505408913890091,0.31934227607096494,0.5771028037383178,0.19948074426655127,0.052822220497708794,0.01753695384569426,-0.13317757009345788,2.6416090959280214,ok
lightgbm_top20,lightgbm_rejector_depth_3,lightgbm_rejector_depth_3,bad_side_vs_clean_winner,False,higher_is_worse,train,0.05,1583,387,0.24447252053063803,0.4396715097915351,0.32533164876816173,0.39292482627921665,0.8044444444444444,0.1914087176247631,0.010838388228860851,-0.0020781693313895733,-0.004444444444444473,3.371852720873568,ok
lightgbm_top20,lightgbm_rejector_depth_3,lightgbm_rejector_depth_3,bad_side_vs_clean_winner,False,higher_is_worse,train,0.1,1500,367,0.24466666666666667,0.43133333333333335,0.31866666666666665,0.38533333333333336,0.7911111111111111,0.19666666666666666,0.01917656468706258,-0.0018840231953609343,-0.01777777777777778,3.3745304540420826,ok
lightgbm_top20,lightgbm_rejector_depth_3,lightgbm_rejector_depth_3,bad_side_vs_clean_winner,False,higher_is_worse,train,0.15,1416,345,0.24364406779661016,0.4293785310734463,0.3177966101694915,0.3827683615819209,0.7777777777777778,0.1998587570621469,0.021131366946949615,-0.002906622065417447,-0.03111111111111109,3.3604264035137117,ok
lightgbm_top20,lightgbm_rejector_depth_3,lightgbm_rejector_depth_3,bad_side_vs_clean_winner,False,higher_is_worse,train,0.2,1333,328,0.24606151537884471,0.4156039009752438,0.3038259564891223,0.36834208552138037,0.7688888888888888,0.2010502625656414,0.034905997045152126,-0.0004891744831828915,-0.040000000000000036,3.393768707957721,ok
lightgbm_top20,lightgbm_rejector_depth_3,lightgbm_rejector_depth_3,bad_side_vs_clean_winner,False,higher_is_worse,train,0.3,1166,292,0.2504288164665523,0.40308747855917665,0.29588336192109777,0.35334476843910806,0.7333333333333333,0.20497427101200685,0.04742241946121928,0.00387812660452469,-0.0755555555555556,3.4540040915644252,ok
lightgbm_top20,lightgbm_rejector_depth_3,lightgbm_rejector_depth_3,bad_side_vs_clean_winner,False,higher_is_worse,train,0.4,1000,244,0.244,0.389,0.282,0.341,0.6711111111111111,0.203,0.061509898020395914,-0.002550689862027611,-0.13777777777777778,3.365335548172758,ok
lightgbm_top20,lightgbm_rejector_depth_3,lightgbm_rejector_depth_3,bad_side_vs_clean_winner,False,higher_is_worse,validation,0.05,534,12,0.02247191011235955,0.3857677902621723,0.25842696629213485,0.36142322097378277,0.45454545454545453,0.06554307116104868,0.008548373148129673,-0.0006186760332887627,-0.04545454545454547,1.12411810817873,ok
lightgbm_top20,lightgbm_rejector_depth_3,lightgbm_rejector_depth_3,bad_side_vs_clean_winner,False,higher_is_worse,validation,0.1,506,11,0.021739130434782608,0.3774703557312253,0.2509881422924901,0.35177865612648224,0.4090909090909091,0.06719367588932806,0.016845807679076674,-0.0013514557108657045,-0.09090909090909088,1.0874620829120323,ok
lightgbm_top20,lightgbm_rejector_depth_3,lightgbm_rejector_depth_3,bad_side_vs_clean_winner,False,higher_is_worse,validation,0.15,478,11,0.02301255230125523,0.37447698744769875,0.2510460251046025,0.3493723849372385,0.4090909090909091,0.06694560669456066,0.019839175962603206,-7.803384439308142e-05,-0.09090909090909088,1.1511627906976745,ok
lightgbm_top20,lightgbm_rejector_depth_3,lightgbm_rejector_depth_3,bad_side_vs_clean_winner,False,higher_is_worse,validation,0.2,450,10,0.022222222222222223,0.37333333333333335,0.2511111111111111,0.3466666666666667,0.36363636363636365,0.07111111111111111,0.020982830076968606,-0.0008683639234260895,-0.13636363636363635,1.111627906976744,ok
lightgbm_top20,lightgbm_rejector_depth_3,lightgbm_rejector_depth_3,bad_side_vs_clean_winner,False,higher_is_worse,validation,0.3,394,9,0.02284263959390863,0.37055837563451777,0.2436548223350254,0.34517766497461927,0.3181818181818182,0.06345177664974619,0.02375778777578419,-0.0002479465517396841,-0.18181818181818182,1.142663203872034,ok
lightgbm_top20,lightgbm_rejector_depth_3,lightgbm_rejector_depth_3,bad_side_vs_clean_winner,False,higher_is_worse,validation,0.4,337,7,0.020771513353115726,0.3620178041543027,0.2344213649851632,0.3353115727002967,0.2727272727272727,0.0712166172106825,0.032298359255999276,-0.0023190727925325866,-0.2272727272727273,1.0390587261058586,ok
lightgbm_top20,lightgbm_rejector_depth_3,lightgbm_rejector_depth_3,bad_side_vs_clean_winner,False,higher_is_worse,robustness,0.05,1541,181,0.11745619727449708,0.36534717715768983,0.2680077871512005,0.3257624918883842,0.6022099447513812,0.2693056456846204,0.008035447611256574,-0.0008432481968522754,-0.011049723756906049,1.4789957381131953,ok
lightgbm_top20,lightgbm_rejector_depth_3,lightgbm_rejector_depth_3,bad_side_vs_clean_winner,False,higher_is_worse,robustness,0.1,1460,175,0.11986301369863013,0.3582191780821918,0.2602739726027397,0.32054794520547947,0.5966850828729282,0.2671232876712329,0.015163446686754622,0.0015635682272807788,-0.016574585635359074,1.5093021103295083,ok
lightgbm_top20,lightgbm_rejector_depth_3,lightgbm_rejector_depth_3,bad_side_vs_clean_winner,False,higher_is_worse,robustness,0.15,1379,169,0.12255257432922408,0.3509789702683104,0.252356780275562,0.3161711385061639,0.580110497237569,0.2610587382160986,0.022403654500636028,0.0042531288578747245,-0.03314917127071826,1.543168767026636,ok
lightgbm_top20,lightgbm_rejector_depth_3,lightgbm_rejector_depth_3,bad_side_vs_clean_winner,False,higher_is_worse,robustness,0.2,1298,161,0.12403697996918336,0.349768875192604,0.25115562403698,0.3135593220338983,0.569060773480663,0.26040061633281975,0.02361374957634238,0.005737534497834013,-0.04419889502762431,1.561860242368718,ok
lightgbm_top20,lightgbm_rejector_depth_3,lightgbm_rejector_depth_3,bad_side_vs_clean_winner,False,higher_is_worse,robustness,0.3,1136,142,0.125,0.3371478873239437,0.2420774647887324,0.3001760563380282,0.5414364640883977,0.25088028169014087,0.03623473744500272,0.0067005545286506485,-0.07182320441988954,1.5739864864864874,ok
lightgbm_top20,lightgbm_rejector_depth_3,lightgbm_rejector_depth_3,bad_side_vs_clean_winner,False,higher_is_worse,robustness,0.4,973,120,0.12332990750256938,0.33093525179856115,0.23227132579650564,0.2918807810894142,0.49171270718232046,0.24254881808838644,0.042447372970385255,0.005030462031220026,-0.12154696132596682,1.5529568623093812,ok
lightgbm_top20,lightgbm_rejector_depth_3,lightgbm_rejector_depth_3,bad_side_vs_all_non_bad,False,higher_is_worse,all,0.05,3660,593,0.16202185792349727,0.383879781420765,0.27650273224043714,0.3448087431693989,0.6985981308411215,0.2098360655737705,0.025930755822941187,0.0021464361742110083,-0.011682242990654124,2.412449594874695,ok
lightgbm_top20,lightgbm_rejector_depth_3,lightgbm_rejector_depth_3,bad_side_vs_all_non_bad,False,higher_is_worse,all,0.1,3467,561,0.16181136429189502,0.3668877992500721,0.25901355638880874,0.32766080184597635,0.6822429906542056,0.20911450822036343,0.04292273799363411,0.0019359425426087595,-0.028037383177570097,2.4093154172841484,ok
lightgbm_top20,lightgbm_rejector_depth_3,lightgbm_rejector_depth_3,bad_side_vs_all_non_bad,False,higher_is_worse,all,0.15,3275,536,0.16366412213740458,0.35053435114503817,0.2448854961832061,0.3132824427480916,0.6612149532710281,0.20763358778625954,0.05927618609866803,0.003788700388118321,-0.049065420560747586,2.43690234272177,ok
lightgbm_top20,lightgbm_rejector_depth_3,lightgbm_rejector_depth_3,bad_side_vs_all_non_bad,False,higher_is_worse,all,0.2,3082,504,0.16353017521090202,0.33874107722258273,0.23685918234912395,0.30240103828682674,0.6355140186915887,0.20506164828033743,0.07106946002112347,0.003654753461615756,-0.07476635514018692,2.434907919174742,ok
lightgbm_top20,lightgbm_rejector_depth_3,lightgbm_rejector_depth_3,bad_side_vs_all_non_bad,False,higher_is_worse,all,0.3,2697,460,0.17055988134964775,0.3096032628846867,0.21171672228401928,0.2732665925101965,0.6051401869158879,0.20578420467185762,0.1002072743590195,0.01068445960036149,-0.10514018691588778,2.5395778195440664,ok
lightgbm_top20,lightgbm_rejector_depth_3,lightgbm_rejector_depth_3,bad_side_vs_all_non_bad,False,higher_is_worse,all,0.4,2311,413,0.17871051492860235,0.2916486369536997,0.19558632626568584,0.2591951536131545,0.5654205607476636,0.19731717871051493,0.1181619002900065,0.018835093179316087,-0.1448598130841121,2.6609379429713975,ok
lightgbm_top20,lightgbm_rejector_depth_3,lightgbm_rejector_depth_3,bad_side_vs_all_non_bad,False,higher_is_worse,train,0.05,1583,395,0.24952621604548325,0.4333543903979785,0.31775110549589386,0.3891345546430828,0.8,0.19267214150347442,0.01715550762241741,0.0029755261834556457,-0.008888888888888835,3.4415551027004114,ok
lightgbm_top20,lightgbm_rejector_depth_3,lightgbm_rejector_depth_3,bad_side_vs_all_non_bad,False,higher_is_worse,train,0.1,1500,383,0.25533333333333336,0.41933333333333334,0.306,0.37533333333333335,0.7955555555555556,0.19133333333333333,0.03117656468706259,0.008782643471305751,-0.013333333333333308,3.5216489479512743,ok
lightgbm_top20,lightgbm_rejector_depth_3,lightgbm_rejector_depth_3,bad_side_vs_all_non_bad,False,higher_is_worse,train,0.15,1416,364,0.2570621468926554,0.403954802259887,0.2909604519774011,0.3608757062146893,0.7866666666666666,0.1942090395480226,0.046555095760508924,0.01051145703062778,-0.022222222222222254,3.5454933648666414,ok
lightgbm_top20,lightgbm_rejector_depth_3,lightgbm_rejector_depth_3,bad_side_vs_all_non_bad,False,higher_is_worse,train,0.2,1333,349,0.2618154538634659,0.3893473368342086,0.2745686421605401,0.34658664666166544,0.76,0.19579894973743436,0.06116256118618735,0.01526476400143828,-0.04888888888888887,3.6110526801135507,ok
lightgbm_top20,lightgbm_rejector_depth_3,lightgbm_rejector_depth_3,bad_side_vs_all_non_bad,False,higher_is_worse,train,0.3,1166,308,0.2641509433962264,0.36963979416809606,0.2538593481989708,0.33104631217838765,0.7244444444444444,0.19210977701543738,0.08087010385229987,0.017600253534198806,-0.08444444444444443,3.6432645897323392,ok
lightgbm_top20,lightgbm_rejector_depth_3,lightgbm_rejector_depth_3,bad_side_vs_all_non_bad,False,higher_is_worse,train,0.4,1000,262,0.262,0.356,0.238,0.318,0.6666666666666666,0.189,0.09450989802039594,0.015449310137972405,-0.14222222222222225,3.6135980066445192,ok
lightgbm_top20,lightgbm_rejector_depth_3,lightgbm_rejector_depth_3,bad_side_vs_all_non_bad,False,higher_is_worse,validation,0.05,534,13,0.024344569288389514,0.37453183520599254,0.250936329588015,0.350187265917603,0.5,0.06367041198501873,0.01978432820430942,0.001253983142741201,0.0,1.2177946171936243,ok
lightgbm_top20,lightgbm_rejector_depth_3,lightgbm_rejector_depth_3,bad_side_vs_all_non_bad,False,higher_is_worse,validation,0.1,506,12,0.023715415019762844,0.3675889328063241,0.2450592885375494,0.34189723320158105,0.45454545454545453,0.05928853754940711,0.02672723060397786,0.0006248288741145316,-0.04545454545454547,1.1863222722676714,ok
lightgbm_top20,lightgbm_rejector_depth_3,lightgbm_rejector_depth_3,bad_side_vs_all_non_bad,False,higher_is_worse,validation,0.15,478,12,0.02510460251046025,0.3577405857740586,0.23640167364016737,0.3305439330543933,0.45454545454545453,0.056485355648535567,0.03657557763624336,0.002014016364811938,-0.04545454545454547,1.2558139534883719,ok
lightgbm_top20,lightgbm_rejector_depth_3,lightgbm_rejector_depth_3,bad_side_vs_all_non_bad,False,higher_is_worse,validation,0.2,450,12,0.02666666666666667,0.3511111111111111,0.23555555555555555,0.32666666666666666,0.45454545454545453,0.05333333333333334,0.04320505229919086,0.0035760805210183558,-0.04545454545454547,1.333953488372093,ok
lightgbm_top20,lightgbm_rejector_depth_3,lightgbm_rejector_depth_3,bad_side_vs_all_non_bad,False,higher_is_worse,validation,0.3,394,11,0.027918781725888325,0.3477157360406091,0.23604060913705585,0.3248730964467005,0.45454545454545453,0.050761421319796954,0.04660042736969283,0.004828195580240013,-0.04545454545454547,1.3965883602880416,ok
lightgbm_top20,lightgbm_rejector_depth_3,lightgbm_rejector_depth_3,bad_side_vs_all_non_bad,False,higher_is_worse,validation,0.4,337,7,0.020771513353115726,0.3293768545994065,0.228486646884273,0.3115727002967359,0.2727272727272727,0.050445103857566766,0.06493930881089544,-0.0023190727925325866,-0.2272727272727273,1.0390587261058586,ok
lightgbm_top20,lightgbm_rejector_depth_3,lightgbm_rejector_depth_3,bad_side_vs_all_non_bad,False,higher_is_worse,robustness,0.05,1541,184,0.11940298507462686,0.34977287475665153,0.2563270603504218,0.3108371187540558,0.5911602209944752,0.2719013627514601,0.023609750012294872,0.0011035396032775119,-0.022099447513812098,1.5035094796288835,ok
lightgbm_top20,lightgbm_rejector_depth_3,lightgbm_rejector_depth_3,bad_side_vs_all_non_bad,False,higher_is_worse,robustness,0.1,1460,173,0.1184931506849315,0.3376712328767123,0.2410958904109589,0.29863013698630136,0.569060773480663,0.27123287671232876,0.0357113918922341,0.0001937052135821543,-0.04419889502762431,1.4920529433543142,ok
lightgbm_top20,lightgbm_rejector_depth_3,lightgbm_rejector_depth_3,bad_side_vs_all_non_bad,False,higher_is_worse,robustness,0.15,1379,165,0.11965192168237854,0.3255982596084119,0.22915155910079768,0.2857142857142857,0.5469613259668509,0.2683103698332125,0.047784365160534525,0.0013524762110291855,-0.0662983425414364,1.5066440624816269,ok
lightgbm_top20,lightgbm_rejector_depth_3,lightgbm_rejector_depth_3,bad_side_vs_all_non_bad,False,higher_is_worse,robustness,0.2,1298,154,0.11864406779661017,0.32126348228043144,0.2295839753466872,0.28197226502311246,0.5359116022099447,0.26733436055469956,0.05211914248851496,0.00034462232526082104,-0.07734806629834257,1.4939532753092084,ok
lightgbm_top20,lightgbm_rejector_depth_3,lightgbm_rejector_depth_3,bad_side_vs_all_non_bad,False,higher_is_worse,robustness,0.3,1136,143,0.12588028169014084,0.3028169014084507,0.21038732394366197,0.2640845070422535,0.4972375690607735,0.2676056338028169,0.07056572336049571,0.007580836218791492,-0.1160220994475138,1.585070898363153,ok
lightgbm_top20,lightgbm_rejector_depth_3,lightgbm_rejector_depth_3,bad_side_vs_all_non_bad,False,higher_is_worse,robustness,0.4,973,126,0.12949640287769784,0.28776978417266186,0.1963001027749229,0.24563206577595068,0.4530386740331492,0.2692702980472765,0.08561284059628455,0.01119695740634849,-0.1602209944751381,1.6306047054248503,ok
