split,grouping,J,K,skip_mode,calendar_month_min,calendar_month_max,month_count,monthly_mean_return,annualized_mean_return,monthly_volatility,annualized_sharpe,positive_month_share,t_stat_monthly_mean_newey_west,newey_west_lag_used,newey_west_alt_lag_used,t_stat_monthly_mean_newey_west_alt_lag,max_drawdown,loser_monthly_mean_return,winner_monthly_mean_return,after_cost_monthly_mean_return,after_cost_annualized_mean_return,after_cost_t_stat_newey_west,after_cost_positive_month_share,loser_long_only_after_cost_monthly_mean_return,loser_long_only_after_cost_t_stat_newey_west,active_vintage_count_median,mean_buy_turnover,mean_sell_turnover,mean_loser_long_only_buy_turnover,mean_loser_long_only_sell_turnover,terminal_settlement_months,months_requiring_short_exposure
robustness,quintile,1,1,no_skip,2024-01,2025-12,24,-0.0017030196892445307,-0.02043623627093437,0.04830698085336741,-0.1221238245882248,0.4583333333333333,-0.17642376966180334,0,2,-0.16435331488693056,-0.2859332398035157,0.01134162695318675,0.013044646642431282,-0.019508812891334118,-0.23410575469600942,-2.0241832518907055,0.2916666666666667,0.002536751360933063,0.20345563064098185,1.0,1.6187084729172352,1.618708472917235,0.8004432356594259,0.8004432356594258,1,24
robustness,quintile,1,1,skip1,2024-01,2025-12,24,-0.0010221914902375669,-0.012266297882850802,0.03751075079411377,-0.09439894209922552,0.4166666666666667,-0.13637156610011275,0,2,-0.17406548633426017,-0.09846262028303765,0.012655622578432538,0.013677814068670103,-0.01888171300535779,-0.22658055606429345,-2.4513079258048047,0.2916666666666667,0.0038263837525132926,0.35567592301549206,1.0,1.6235928650109297,1.6235928650109297,0.8026580750835676,0.8026580750835676,1,24
robustness,quintile,1,6,no_skip,2024-01,2026-04,28,0.0005809748887559649,0.0069716986650715795,0.02510719683203573,0.08015853239044504,0.5357142857142857,0.11189037432189317,5,3,0.10834947358623041,-0.13962036089236485,0.015413742247004342,0.014832767358248374,-0.0037594001495455305,-0.04511280179454637,-0.6829560072040752,0.4642857142857143,0.013185788531457602,2.001805382843568,6.0,0.3945795489364995,0.39457954893649944,0.20254124686788536,0.20254124686788538,1,28
robustness,quintile,1,12,no_skip,2024-01,2026-04,28,0.0024822718269094553,0.029787261922913463,0.02888932517597445,0.297647722555982,0.42857142857142855,1.122699434909081,11,3,0.6814555296900344,-0.08929448478007185,0.014461378277517837,0.011979106450608377,-0.0009228639296400212,-0.011074367155680255,-0.426615530983733,0.42857142857142855,0.012636736297507058,2.829250482168454,7.5,0.30955779604995254,0.3095577960499524,0.16587654363734364,0.16587654363734355,1,28
robustness,quintile,1,18,no_skip,2024-01,2026-04,28,0.003722776954230067,0.044673323450760805,0.027118230603535312,0.4755501141827729,0.5714285714285714,1.766244076020688,17,3,0.9020033240238287,-0.0589769704694586,0.013644254009250371,0.009921477055020304,0.0006250741197484332,0.007500889436981198,0.32829256345230046,0.5714285714285714,0.012002423456128893,3.1754202767697963,7.5,0.2816093485892393,0.28160934858923936,0.14925732301104339,0.14925732301104336,1,28
robustness,quintile,1,24,no_skip,2024-01,2026-04,28,-0.0032223197838547215,-0.03866783740625666,0.02019137232058457,-0.5528323182056163,0.32142857142857145,-1.1541031463225064,23,3,-0.8898954230271724,-0.15129770319980407,0.009139009216054853,0.012361328999909571,-0.005567492940051052,-0.06680991528061263,-1.9062451777433371,0.32142857142857145,0.007945737898687974,2.503534925580211,5.0,0.2131975596542119,0.21319755965421192,0.10847921066971603,0.10847921066971601,1,28
robustness,quintile,6,1,no_skip,2024-01,2025-12,24,0.003827510523422485,0.04593012628106982,0.06200674183212982,0.21382973841844843,0.5833333333333334,0.30890490569534146,0,2,0.3372374355440415,-0.21461263214752224,0.016360425236423618,0.012532914713001131,-0.005134759693839298,-0.06161711632607157,-0.4070702326687517,0.5416666666666666,0.011784248118108007,0.859563444589712,1.0,0.8147518379328891,0.8147518379328892,0.41601610166505526,0.41601610166505526,1,24
robustness,quintile,6,6,no_skip,2024-01,2026-04,28,-0.008288618457762407,-0.09946342149314888,0.05867378449236125,-0.4893602285111413,0.39285714285714285,-0.8237478834530106,5,3,-0.8642830076004058,-0.30882118537534964,0.01201416995346377,0.02030278841122618,-0.011997183506974254,-0.14396620208369104,-1.162493269761973,0.39285714285714285,0.010165097264274897,1.4021108737258063,6.0,0.3371422772010769,0.337142277201077,0.16809751719898852,0.16809751719898852,1,28
robustness,quintile,6,6,skip1,2024-01,2026-04,28,-0.008857752886666903,-0.10629303464000284,0.0514829787016835,-0.5960058422219954,0.39285714285714285,-1.037076211696024,5,3,-1.0343877339355998,-0.2948292353141907,0.010403114869798098,0.019260867756465,-0.012575341150184704,-0.15090409380221645,-1.4219113680201303,0.39285714285714285,0.008576813536047544,1.1470100966426295,6.0,0.3379625694107089,0.33796256941070896,0.16602739397732277,0.16602739397732277,1,28
robustness,quintile,6,12,no_skip,2024-01,2026-04,28,0.0017189145046513081,0.0206269740558157,0.044418531335767265,0.13405428619049262,0.42857142857142855,0.4130704783025417,11,3,0.22638312102592154,-0.14560721188073444,0.01505104104767213,0.013332126543020819,-0.0011392707767032193,-0.01367124932043863,-0.2660016223441406,0.39285714285714285,0.013608867843546221,3.0671505432211914,7.5,0.25983502557768434,0.2598350255776843,0.131106654920537,0.13110665492053694,1,28
robustness,quintile,6,18,no_skip,2024-01,2026-04,28,-0.0009322148125429453,-0.011186577750515344,0.04247879824195153,-0.07602114399263188,0.35714285714285715,-0.27047090066373214,17,3,-0.13450045557526105,-0.1384074603798049,0.013023063725808078,0.013955278538351022,-0.003443225890007295,-0.04131871068008754,-0.8718682866181525,0.35714285714285715,0.011768804780754965,2.6305405169548695,7.5,0.22827373431494094,0.22827373431494097,0.1140235404593741,0.1140235404593741,1,28
robustness,quintile,6,24,no_skip,2024-01,2026-04,28,-0.001697386938229182,-0.020368643258750183,0.04950601466310652,-0.11877184770874608,0.4642857142857143,-0.4254409317371535,23,3,-0.20153154379353314,-0.15896330759248722,0.011818825336134117,0.013516212274363299,-0.0034043112295844774,-0.04085173475501373,-0.7719396484248418,0.42857142857142855,0.010953492010433375,2.6641118216477713,5.0,0.15517493557775422,0.15517493557775422,0.07866666597279469,0.07866666597279469,1,28
robustness,quintile,12,1,no_skip,2024-01,2025-12,24,-0.004029296899058103,-0.04835156278869723,0.0636919247167311,-0.21914699481879762,0.4583333333333333,-0.31658637506932313,0,2,-0.3135071384542361,-0.2658359858486322,0.010916457297825685,0.014945754196883787,-0.011230544833454079,-0.13476653800144894,-0.871310953110074,0.4166666666666667,0.007439829376414482,0.5390030185967885,1.0,0.6546589031269069,0.654658903126907,0.31605708376465513,0.3160570837646552,1,24
robustness,quintile,12,6,no_skip,2024-01,2026-04,28,-0.01109364231860248,-0.13312370782322977,0.05586827886178827,-0.6878591046039129,0.35714285714285715,-1.2225188371949065,5,3,-1.2384383313995666,-0.30683972294913275,0.00800975608966451,0.019103398408266994,-0.014077431111789884,-0.1689291733414786,-1.4947945308715092,0.35714285714285715,0.006568194972694829,0.8656823167087914,6.0,0.27125352665340025,0.2712535266534002,0.13105101063360738,0.13105101063360736,1,28
robustness,quintile,12,12,no_skip,2024-01,2026-04,28,-0.0045242829383240635,-0.05429139525988876,0.04507852331290298,-0.34767278699882703,0.42857142857142855,-0.94692042909019,11,3,-0.57461319168331,-0.17467520063998543,0.010287636613271553,0.014811919551595618,-0.0069022230823997275,-0.08282667698879673,-1.3712870363154077,0.42857142857142855,0.00912105963516417,1.7917608933921543,7.5,0.21617637673415113,0.21617637673415116,0.10605245255521685,0.10605245255521686,1,28
robustness,quintile,12,12,skip1,2024-01,2026-04,28,-0.008567032831012933,-0.10280439397215518,0.045624532913511984,-0.650463037574704,0.42857142857142855,-1.5755044746197775,11,3,-1.0570959700047065,-0.197761819524089,0.00909108768345803,0.01765812051447096,-0.010870699490057558,-0.13044839388069068,-1.8777314774844986,0.42857142857142855,0.007985187866944807,1.445631140335901,7.5,0.20942424173132948,0.20942424173132945,0.10053634695574767,0.10053634695574765,1,28
robustness,quintile,12,18,no_skip,2024-01,2026-04,28,-0.008559751863781585,-0.10271702236537902,0.04601857011361774,-0.6443453193633599,0.32142857142857145,-1.532834448480405,17,3,-1.0589973370172832,-0.2356814905558251,0.008618274558782526,0.017178026422564108,-0.010639249901181301,-0.12767099881417562,-1.7183823786413257,0.32142857142857145,0.007612226097265841,1.3821847380501262,7.5,0.18904527612724703,0.18904527612724703,0.09145895104697103,0.09145895104697102,1,28
robustness,quintile,12,24,no_skip,2024-01,2026-04,28,-0.007862467728203067,-0.09434961273843681,0.0444134150710612,-0.613246855992917,0.32142857142857145,-2.064193100448424,23,3,-1.0149706323211023,-0.18696092451731572,0.007247424527506977,0.015109892255710045,-0.009368553107621842,-0.1124226372914621,-2.191199123778769,0.32142857142857145,0.0065134211162009336,1.528143462971435,5.0,0.13691685267443385,0.13691685267443385,0.06672758284600391,0.06672758284600391,1,28
robustness,quintile,18,1,no_skip,2024-01,2025-12,24,-0.00946643643860988,-0.11359723726331855,0.07007652715161662,-0.46795552076428587,0.375,-0.6760226948808473,0,2,-0.7761491692128138,-0.2485935419306201,0.006811037656801936,0.016277474095411814,-0.01558164266627087,-0.18697971199525043,-1.0904416993273767,0.375,0.003949624850325768,0.2902011189341245,1.0,0.5559278388782718,0.5559278388782718,0.26012843695237886,0.26012843695237886,1,24
robustness,quintile,18,6,no_skip,2024-01,2026-04,28,-0.014805945440358455,-0.17767134528430145,0.05668597758598329,-0.9047969479892938,0.39285714285714285,-1.7437467875456985,5,3,-1.730544095078979,-0.2996885780959412,0.0065669539243512366,0.02137289936470969,-0.0174263079219094,-0.20911569506291283,-1.9619393161350955,0.35714285714285715,0.005354724702845685,0.7740544501698466,6.0,0.23821477105008568,0.2382147710500857,0.11020265650050468,0.11020265650050466,1,28
robustness,quintile,18,12,no_skip,2024-01,2026-04,28,-0.011536064067241872,-0.13843276880690247,0.05025500046012686,-0.7951865048607802,0.35714285714285715,-1.9093755161091535,11,3,-1.4229264201473222,-0.2178791270858289,0.005393365697699306,0.01692942976494118,-0.013595028462499008,-0.1631403415499881,-2.0882089802549766,0.32142857142857145,0.00442759277689087,0.8499299271837628,7.5,0.1871785813870123,0.1871785813870123,0.08779753825531199,0.08779753825531197,1,28
robustness,quintile,18,18,no_skip,2024-01,2026-04,28,-0.010996827856096018,-0.13196193427315223,0.050032878023493335,-0.7613819280954948,0.39285714285714285,-1.9139757606674104,17,3,-1.361260137510296,-0.20568262841425877,0.006268976261449734,0.017265804117545754,-0.01287276968914064,-0.15447323626968767,-2.0404510288745663,0.35714285714285715,0.005385215576572949,0.9632540481986793,7.5,0.1705401666404198,0.17054016664041982,0.08034188044334413,0.08034188044334413,1,28
robustness,quintile,18,18,skip1,2024-01,2026-04,28,-0.009506637692252117,-0.11407965230702541,0.04395945320286374,-0.749143963012594,0.42857142857142855,-2.0447494293784927,17,3,-1.3401233108596031,-0.22590913387135203,0.007420615011454753,0.016927252703706867,-0.011312472593919116,-0.1357496711270294,-2.192088753173863,0.39285714285714285,0.006557190176738397,1.1853694318434853,7.5,0.16416680924245444,0.16416680924245447,0.07849316679239583,0.07849316679239582,1,28
robustness,quintile,18,24,no_skip,2024-01,2026-04,28,-0.009587408705836705,-0.11504890447004046,0.048203911119134614,-0.6889847153852884,0.39285714285714285,-1.8625537663001084,23,3,-1.1643038420730674,-0.16870558525471702,0.007596059623358807,0.01718346832919552,-0.010974435540014663,-0.13169322648017595,-1.9950810784974489,0.35714285714285715,0.006919909244296536,1.469184332666695,5.0,0.12609334856163198,0.12609334856163196,0.061468216278388534,0.06146821627838849,1,28
robustness,quintile,24,1,no_skip,2024-01,2025-12,24,-0.012412783383988596,-0.14895340060786316,0.060326417226579485,-0.7127746838889811,0.375,-1.0296958605349738,0,2,-1.2366134477859216,-0.2412050535025183,0.004561836974590514,0.01697462035857911,-0.017879338328833313,-0.21455205994599974,-1.445840895906104,0.3333333333333333,0.0019196269292412946,0.13717798077044607,1.0,0.49695954044042856,0.4969595404404286,0.2402009132135652,0.2402009132135652,1,24
robustness,quintile,24,6,no_skip,2024-01,2026-04,28,-0.015692606918009087,-0.18831128301610905,0.05162995117762985,-1.0528924341487764,0.35714285714285715,-1.7597288885074758,5,3,-1.7682487518581405,-0.3005798417946398,0.00395736876070934,0.019649975678718425,-0.018138612570551802,-0.21766335084662164,-1.9370668692347854,0.35714285714285715,0.0028218053169523165,0.3467868604776462,6.0,0.22236415023115594,0.22236415023115594,0.10323304034154766,0.10323304034154766,1,28
robustness,quintile,24,12,no_skip,2024-01,2026-04,28,-0.010509257078165019,-0.12611108493798023,0.05025752796324508,-0.7243717686431682,0.39285714285714285,-1.671523957763376,11,3,-1.2585951264528368,-0.19431249127494454,0.004736317134123749,0.01524557421228877,-0.01246909128969992,-0.14962909547639905,-1.850314096641026,0.35714285714285715,0.003789860958119273,0.6135031232151746,7.5,0.1781667465031728,0.1781667465031728,0.08604147054586145,0.08604147054586149,1,28
robustness,quintile,24,18,no_skip,2024-01,2026-04,28,-0.007584745748090695,-0.09101694897708834,0.04933750385180164,-0.5325427503444875,0.39285714285714285,-1.2611209638443996,17,3,-0.8975493960749865,-0.15134073436777595,0.007834202618805224,0.015418948366895922,-0.009411197450191365,-0.11293436940229637,-1.4671153519534903,0.35714285714285715,0.006939338803520442,1.0556923957087498,7.5,0.16604106382733358,0.16604106382733358,0.08135125593498045,0.08135125593498042,1,28
robustness,quintile,24,24,no_skip,2024-01,2026-04,28,-0.007709342450282436,-0.09251210940338922,0.05019843833846425,-0.532007498990465,0.42857142857142855,-1.3513780016117238,23,3,-0.8873223115285599,-0.15294948561400912,0.007313559358680658,0.015022901808963093,-0.009098113224263526,-0.10917735869116231,-1.5008513192414157,0.39285714285714285,0.006624808099726071,1.2079433980218672,5.0,0.12625188854373562,0.1262518885437356,0.06261375081405342,0.06261375081405338,1,28
robustness,quintile,24,24,skip1,2024-01,2026-04,28,-0.008817085556850108,-0.10580502668220129,0.05680647598702299,-0.537672506304908,0.39285714285714285,-1.2618012024471787,23,3,-0.8650778574333821,-0.16303556518353335,0.007590889664743012,0.01640797522159312,-0.010131434292055083,-0.121577211504661,-1.3765779861174414,0.39285714285714285,0.00692550804140476,1.2071514294505603,5.0,0.11948624865499756,0.11948624865499753,0.060489238485295714,0.06048923848529573,1,28
robustness,quintile,30,1,no_skip,2024-01,2025-12,24,-0.010702366589498358,-0.1284283990739803,0.06380981621741236,-0.58100912345773,0.375,-0.839343347736886,0,2,-0.9338939235858191,-0.22206390245956475,0.005867345503315101,0.016569712092813455,-0.015926703321397066,-0.1911204398567648,-1.2219350658941535,0.375,0.0034457849909777342,0.25166408882784114,1.0,0.4749397028998825,0.4749397028998826,0.22014186475794217,0.2201418647579422,1,24
robustness,quintile,30,6,no_skip,2024-01,2026-04,28,-0.015826338920835785,-0.18991606705002942,0.056150001916401425,-0.9763854736640825,0.32142857142857145,-1.6200885062121353,5,3,-1.6588758786772677,-0.31290263231842175,0.005201957929434398,0.021028296850270183,-0.01812126966458167,-0.21745523597498004,-1.7796333853055113,0.32142857142857145,0.004122256566300044,0.5058215196765575,6.0,0.20863006761326178,0.20863006761326183,0.09815466937585028,0.09815466937585028,1,28
robustness,quintile,30,12,no_skip,2024-01,2026-04,28,-0.008385263293538142,-0.1006231595224577,0.05359703239980013,-0.5419591872517391,0.35714285714285715,-1.1898066867351897,11,3,-0.9302867908272084,-0.16311419166241892,0.007404955312334175,0.015790218605872316,-0.010309823727212477,-0.12371788472654972,-1.3792582544929013,0.35714285714285715,0.00647610309199749,1.0677639522181526,7.5,0.1749600394249394,0.1749600394249394,0.08444111093969867,0.08444111093969868,1,28
robustness,quintile,30,18,no_skip,2024-01,2026-04,28,-0.008798683060438949,-0.10558419672526739,0.055143009035819104,-0.5527361080523053,0.39285714285714285,-1.2668115357128842,17,3,-0.9459068159918449,-0.16311419166241892,0.007137010382531503,0.015935693442970446,-0.010553533990721559,-0.12664240788865871,-1.405494521129555,0.35714285714285715,0.00629804884982144,1.0236384408582808,7.5,0.1595319027529645,0.1595319027529645,0.07626923024636922,0.07626923024636924,1,28
robustness,quintile,30,24,no_skip,2024-01,2026-04,28,-0.007133589817682366,-0.0856030778121884,0.05617199408524815,-0.43992527613780114,0.39285714285714285,-1.177358463948977,23,3,-0.7507273512152671,-0.16601711986644108,0.00776264945687633,0.014896239274558696,-0.008454743439596285,-0.10145692127515543,-1.309517392877369,0.35714285714285715,0.007099365814535631,1.4061497740740063,5.0,0.12010487471944713,0.12010487471944709,0.06029851294006348,0.06029851294006344,1,28
robustness,quintile,36,1,no_skip,2024-01,2025-12,24,-0.0026575897199797673,-0.03189107663975721,0.05590197818156452,-0.16468399045655657,0.4583333333333333,-0.23790747216817487,0,2,-0.26674333121653027,-0.13481381727825237,0.01025932982465396,0.012916919544633728,-0.007881171634071394,-0.09457405960885673,-0.6889272310397553,0.4166666666666667,0.00786218898238454,0.5775963900070454,1.0,0.47487108309923903,0.47487108309923903,0.21792189475176574,0.21792189475176574,1,24
robustness,quintile,36,6,no_skip,2024-01,2026-04,28,-0.006075174564384768,-0.07290209477261722,0.04802636230249574,-0.4381972943979447,0.42857142857142855,-0.7361292758285606,5,3,-0.7384946347082401,-0.17369331665260723,0.010955991451805718,0.017031166016190483,-0.008443823231228328,-0.10132587877473993,-0.9801517617730382,0.42857142857142855,0.009840857954022486,1.2849278391896275,6.0,0.2153316969857782,0.2153316969857782,0.10137577252574836,0.10137577252574835,1,28
robustness,quintile,36,12,no_skip,2024-01,2026-04,28,-0.004281863540815487,-0.05138236248978585,0.04472223364361701,-0.3316652411804438,0.35714285714285715,-0.6800488852935921,11,3,-0.5406497629356953,-0.12341381227911041,0.008899971151793475,0.01318183469260896,-0.006203863869863825,-0.0744463664383659,-0.9160091415417368,0.35714285714285715,0.007977757170821135,1.4066435150598622,7.5,0.17472730264075803,0.174727302640758,0.08383763463384863,0.08383763463384863,1,28
robustness,quintile,36,18,no_skip,2024-01,2026-04,28,-0.006673260465972952,-0.08007912559167543,0.046467537513517496,-0.49748391232668804,0.39285714285714285,-1.058319319544531,17,3,-0.8000981263772837,-0.19924434905979904,0.009017011783279244,0.015690272249252193,-0.008445942724516356,-0.10135131269419628,-1.22952283311446,0.39285714285714285,0.008154666392403519,1.5455484161407635,7.5,0.16115293259485505,0.1611529325948551,0.07839503553415672,0.07839503553415672,1,28
robustness,quintile,36,24,no_skip,2024-01,2026-04,28,-0.006285428487729308,-0.0754251418527517,0.042878745128915784,-0.5077891834454089,0.39285714285714285,-1.2702400001054268,23,3,-0.787189525962042,-0.17124168738876133,0.008220872363294971,0.014506300851024279,-0.007611072730729822,-0.09133287276875787,-1.4063104259710337,0.39285714285714285,0.007549890652521233,1.7577160443590671,5.0,0.12051311300004681,0.12051311300004684,0.06099833734306732,0.06099833734306733,1,28
robustness,quintile,42,1,no_skip,2024-01,2025-12,24,0.003615496434050375,0.0433859572086045,0.0555846337526741,0.22532211136708552,0.5,0.32550713515215957,0,2,0.32551469456043225,-0.12086452337823994,0.014622723963013978,0.011007227528963603,-0.0014941458219296041,-0.01792974986315525,-0.13107501201988317,0.4583333333333333,0.012182147185117065,0.9179567770389224,1.0,0.4645129323618163,0.46451293236181623,0.22187061617244672,0.22187061617244672,1,24
robustness,quintile,42,6,no_skip,2024-01,2026-04,28,-0.0018427293568725343,-0.02211275228247041,0.0441686383707099,-0.1445233988837882,0.35714285714285715,-0.20488258476906232,5,3,-0.20900254327617276,-0.16745697262892767,0.012246959136071494,0.014089688492944034,-0.004248100480806445,-0.05097720576967735,-0.452953914476456,0.32142857142857145,0.011086071222658627,1.360284173416873,6.0,0.21867010217581012,0.2186701021758101,0.10553526485571553,0.10553526485571549,1,28
robustness,quintile,42,12,no_skip,2024-01,2026-04,28,2.131787943708056e-05,0.00025581455324496675,0.041159058170585294,0.0017941931587268038,0.4642857142857143,0.0033741487741097737,11,3,0.0027660405482122052,-0.1253000396620917,0.01166870640100308,0.011647388521565997,-0.0019208542550986276,-0.02305025106118353,-0.2865900191579549,0.42857142857142855,0.01069326787427235,2.1608893786198218,7.5,0.17656110313960996,0.17656110313961,0.08867622970279378,0.08867622970279379,1,28
robustness,quintile,42,18,no_skip,2024-01,2026-04,28,-0.0047750758696683175,-0.057300910436019814,0.040252892057944356,-0.41093564180958564,0.35714285714285715,-0.5883198239585351,17,3,-0.5437324038388586,-0.22571869903950137,0.010276488401593013,0.015051564271261328,-0.006533874783459329,-0.07840649740151195,-0.7629691015886654,0.35714285714285715,0.009378212667426512,1.7337149020799016,7.5,0.15989081034463762,0.15989081034463762,0.08166143037877258,0.08166143037877258,1,28
robustness,quintile,42,24,no_skip,2024-01,2026-04,28,-0.004818126371116276,-0.05781751645339532,0.03824921426923723,-0.43636136488025545,0.42857142857142855,-0.7367153941456669,23,3,-0.5523781738600781,-0.2295891491278773,0.009486335056732886,0.014304461427849163,-0.006144389546336333,-0.073732674556036,-0.8953118494987521,0.42857142857142855,0.008818680578274835,1.943656107434529,5.0,0.12056937956545973,0.12056937956545974,0.06069586167800455,0.06069586167800456,1,28
robustness,quintile,48,1,no_skip,2024-01,2025-12,24,0.01109650936010211,0.13315811232122532,0.04832923986094957,0.7953660373578587,0.5,1.1490098270732831,0,2,1.1048381514582772,-0.10142497602407363,0.019118528797539627,0.00802201943743752,0.00593062483134003,0.07116749797608035,0.6102858323545988,0.4166666666666667,0.016595569519248045,1.296362177950208,1.0,0.46962586625109837,0.4696258662510983,0.22935993439014415,0.22935993439014415,1,24
robustness,quintile,48,6,no_skip,2024-01,2026-04,28,0.0007854161567744734,0.009424993881293682,0.039354686273901235,0.06913436835201156,0.35714285714285715,0.08443865080849805,5,3,0.0904628847060958,-0.22966292432608038,0.014625633805097469,0.013840217648322994,-0.0015960827966130917,-0.0191529935593571,-0.1679627332942504,0.32142857142857145,0.01347892476238179,1.8180519333719432,6.0,0.216499904853415,0.2164999048534149,0.1042462766105159,0.10424627661051587,1,28
robustness,quintile,48,12,no_skip,2024-01,2026-04,28,0.0011843142076240483,0.01421177049148858,0.036431336752261144,0.11261142536051535,0.39285714285714285,0.13999501149599078,11,3,0.15305489884771029,-0.19759336978423225,0.013355294550941397,0.012170980343317348,-0.0007366894353956964,-0.008840273224748356,-0.08514793124220942,0.35714285714285715,0.012384833565798312,2.2826701438234007,7.5,0.17463669481997698,0.17463669481997693,0.08822372592209886,0.08822372592209889,1,28
robustness,quintile,48,18,no_skip,2024-01,2026-04,28,0.0020830609870566654,0.024996731844679987,0.035849077818814114,0.20128648681463188,0.5,0.25262807463153464,17,3,0.2615312138215662,-0.20515325146353447,0.014137644862182688,0.012054583875126023,0.0002858225798746671,0.003429870958496005,0.03343274775485002,0.42857142857142855,0.013241133523871447,2.499480299153987,7.5,0.16338530974381804,0.16338530974381804,0.0815010307555674,0.08150103075556743,1,28
robustness,quintile,48,24,no_skip,2024-01,2026-04,28,0.0027475900220703163,0.0329710802648438,0.030900564653466543,0.30801802944149126,0.6071428571428571,0.4996540278659585,23,3,0.42510520767808313,-0.1737474511083943,0.012758245838356188,0.010010655816285876,0.00146452690254785,0.017574322830574203,0.2594330896678878,0.5714285714285714,0.012133268205208911,2.771685723193179,5.0,0.11664210177476961,0.11664210177476955,0.056816148467934195,0.0568161484679342,1,28
train,quintile,1,1,no_skip,2018-07,2021-12,41,-0.0035828477824797166,-0.0429941733897566,0.05684705780886391,-0.21832878021253477,0.4878048780487805,-0.4085772927395589,0,3,-0.4046212787713423,-0.4357984792883133,0.013016634954893136,0.016599482737372852,-0.020927098805432667,-0.251125185665192,-2.4028040415644276,0.3902439024390244,0.004303846538647266,0.4216523921901973,1.0,1.576750092995723,1.576750092995723,0.8098100334059434,0.7854197895035046,1,41
train,quintile,1,1,skip1,2018-07,2021-12,41,-0.0028806189533392207,-0.034567427440070644,0.06789836726397416,-0.14696607843401557,0.4634146341463415,-0.2750301741834782,0,3,-0.31505109173023244,-0.42794796866525764,0.015412314881884655,0.01829293383522388,-0.0202220443005085,-0.24266453160610202,-1.9426745676902906,0.34146341463414637,0.006703440549872472,0.7170439537792336,1.0,1.5764932133790253,1.5764932133790253,0.809454207566518,0.7850639636640789,1,41
train,quintile,1,6,no_skip,2018-07,2022-05,47,-0.006318924176819059,-0.0758270901218287,0.02660406597306304,-0.8227838357119999,0.46808510638297873,-2.0789544060548137,5,3,-1.8965499787403781,-0.3268210048088701,0.006963699833602126,0.013282624010421186,-0.010102024576203971,-0.12122429491444765,-3.325499071712449,0.3617021276595745,0.005042636590725304,0.6690727972691455,6.0,0.343918218125901,0.343918218125901,0.1746421129888022,0.17464211298880222,1,47
train,quintile,1,12,no_skip,2018-07,2022-11,53,-0.006214497344329913,-0.07457396813195896,0.02587502386435207,-0.8319857172159407,0.41509433962264153,-2.5637967328453963,11,3,-2.0608936847640136,-0.32472155112725987,0.00440572960592654,0.010620226950256453,-0.00875720673938271,-0.10508648087259251,-3.712649393774472,0.33962264150943394,0.0030620838982049576,0.4703387108947272,11.0,0.23115539955025408,0.23115539955025408,0.12214960979287089,0.1221496097928709,1,53
train,quintile,1,18,no_skip,2018-07,2023-05,59,-0.003487943522590061,-0.04185532227108073,0.024290181368793115,-0.49742694822512296,0.423728813559322,-1.1177171546311284,17,3,-1.1692006530474295,-0.2709193501168963,0.0037663474769076585,0.007254290999497724,-0.0055930358198860676,-0.06711642983863281,-1.9098100463565315,0.4067796610169492,0.002621187551811725,0.4855967897762129,15.0,0.19137202702690959,0.19137202702690956,0.10410544773599416,0.10410544773599419,1,59
train,quintile,1,24,no_skip,2018-07,2023-11,65,-0.00209557764978679,-0.02514693179744148,0.01973519431777068,-0.3678349351106374,0.47692307692307695,-0.8035253219698888,23,3,-0.8930198760072584,-0.22119101308737077,0.002973789030970768,0.005069366680757554,-0.003959858613193537,-0.04751830335832244,-1.5034640168297853,0.4461538461538462,0.0019369270258513854,0.357340108800992,16.0,0.1694800875824316,0.16948008758243158,0.09426018228358034,0.09426018228358035,1,65
train,quintile,1,30,no_skip,2018-07,2024-05,71,-0.0014161839230912951,-0.016994207077095543,0.017982500035953267,-0.27280995442815337,0.5070422535211268,-0.5546199274847164,29,3,-0.6837691913002009,-0.21353222519693926,0.0032929626601395914,0.004709146583230887,-0.0031092141617062984,-0.03731056994047558,-1.1539317494534804,0.4647887323943662,0.0023327148582661618,0.48260661215428224,18.0,0.15391183987409118,0.15391183987409118,0.0872952547157664,0.08729525471576642,1,71
train,quintile,1,36,no_skip,2018-07,2024-11,77,-0.001457374301174678,-0.017488491614096137,0.017639120651450707,-0.28620999710346967,0.4935064935064935,-0.602773453520901,35,3,-0.7275315678730606,-0.21356341032278714,0.004888805504490317,0.006346179805664992,-0.0030210975851256957,-0.03625317102150835,-1.1309888150927643,0.45454545454545453,0.003990597171514217,1.0228018376073962,19.0,0.14215666217736522,0.14215666217736525,0.08165530299782732,0.08165530299782733,1,77
train,quintile,1,42,no_skip,2018-07,2025-05,83,-0.0008523462437290787,-0.010228154924748944,0.016453662180633443,-0.17945026263112618,0.4939759036144578,-0.3642161153396077,41,3,-0.4704124469667944,-0.21356341032278714,0.00441801386378277,0.00527036010751185,-0.002310255739211132,-0.027723068870533586,-0.9140307857817467,0.4578313253012048,0.003573018059328994,1.091484880470219,21.0,0.1325372268620048,0.13253722686200486,0.07681780040488888,0.0768178004048889,1,83
train,quintile,1,48,no_skip,2018-07,2025-11,89,0.0001671275681220678,0.0020055308174648134,0.01760155176451172,0.03289180899566899,0.5393258426966292,0.06270130879317258,47,3,0.0864416162178219,-0.21356341032278714,0.007190724518195032,0.007023596950072961,-0.0011924958939567012,-0.014309950727480415,-0.43161402714941116,0.48314606741573035,0.006402694723030272,2.4036141514196427,22.0,0.12360213291625172,0.12360213291625172,0.07163907228770536,0.07163907228770539,1,89
train,quintile,6,1,no_skip,2018-07,2021-12,39,-0.015682744586224377,-0.18819293503469253,0.06478046639960532,-0.8386265778917535,0.46153846153846156,-1.531619220434017,0,3,-1.680454152750779,-0.6549219709757593,0.004439697806165018,0.020122442392389396,-0.023673414106971265,-0.28408096928365517,-2.3341100506478414,0.358974358974359,0.0005472246113542126,0.06256013283232299,1.0,0.7264245018860803,0.7264245018860803,0.37250921817627375,0.34686819253524814,1,39
train,quintile,6,6,no_skip,2018-07,2022-05,47,-0.008187818759713758,-0.09825382511656511,0.06408562435469366,-0.4425865625182489,0.46808510638297873,-0.9376707075414997,5,3,-0.9566092166490258,-0.5691092194141181,0.003685681039474946,0.011873499799188704,-0.01158123894507274,-0.1389748673408729,-1.3363906599761577,0.46808510638297873,0.0020192605104702725,0.2781823486769242,6.0,0.3084927441235438,0.3084927441235437,0.1514927753640612,0.15149277536406122,1,47
train,quintile,6,6,skip1,2018-07,2022-05,47,-0.0064122221726662775,-0.07694666607199532,0.0658484861892276,-0.3373287750476671,0.46808510638297873,-0.6734667539955933,5,3,-0.691971922078789,-0.5509691333895317,0.004179396480487773,0.01059161865315405,-0.009864900229987948,-0.11837880275985538,-1.0437994379737632,0.44680851063829785,0.0024834710056989137,0.3438068351872227,6.0,0.31387982339287906,0.3138798233928791,0.1541750431626238,0.15417504316262381,1,47
train,quintile,6,12,no_skip,2018-07,2022-11,53,-0.005285374157055088,-0.06342448988466107,0.05556491149134587,-0.32950782540009055,0.4528301886792453,-0.7142821924794013,11,3,-0.7231304583172554,-0.5319223070452941,0.004136077767306433,0.009421451924361522,-0.007404770403656944,-0.08885724484388333,-1.0355316497357518,0.4528301886792453,0.0030722286081831048,0.5421529371059876,10.0,0.19267238605471396,0.19267238605471387,0.09671355992030259,0.09671355992030262,1,53
train,quintile,6,18,no_skip,2018-07,2023-05,59,-9.701980730467178e-05,-0.0011642376876560613,0.04705339450353862,-0.007142661538673731,0.4915254237288136,-0.013588537351577341,17,3,-0.01567537570438826,-0.441671645981195,0.005173944941570373,0.005270964748875047,-0.0018506843218668574,-0.022208211862402287,-0.269862560403657,0.4745762711864407,0.004280362691451888,0.9853908587990817,14.0,0.1594240467783805,0.15942404677838048,0.08123475001077167,0.08123475001077171,1,59
train,quintile,6,24,no_skip,2018-07,2023-11,65,0.0034801577979554714,0.041761893575465656,0.041601012023803174,0.28979151377216117,0.5538461538461539,0.5437575160216678,23,3,0.6501191139963317,-0.38379354970127166,0.005509373384586041,0.0020292155866305714,0.0019174636950885973,0.023009564341063167,0.3113046616577826,0.5538461538461539,0.004705888856823326,1.1948872540869502,15.0,0.1420631002606251,0.14206310026062507,0.07304404797842894,0.07304404797842896,1,65
train,quintile,6,30,no_skip,2018-07,2024-05,71,0.0036176777782834877,0.04341213333940185,0.040113364183884226,0.312414670017495,0.5070422535211268,0.659616619009827,29,3,0.7419698719677023,-0.3824846498406663,0.005729222153096677,0.0021115443748131895,0.00219357584990632,0.026322910198875837,0.40962391866187614,0.5070422535211268,0.004990197014654438,1.4014100041297597,17.0,0.12946381167065166,0.12946381167065166,0.06718410349474875,0.06718410349474876,1,71
train,quintile,6,36,no_skip,2018-07,2024-11,77,0.0029262932160131374,0.03511551859215765,0.039042872953390324,0.2596370678986498,0.5064935064935064,0.6635130049717359,35,3,0.642993523288671,-0.3828146831736571,0.007431717956771925,0.00450542474075879,0.0016028678947992887,0.019234414737591465,0.36682600454861203,0.5064935064935064,0.006739779286087016,2.1296773700382223,18.0,0.12031139283762261,0.12031139283762261,0.06290351551681005,0.06290351551681006,1,77
train,quintile,6,42,no_skip,2018-07,2025-05,83,0.003982600931755825,0.047791211181069895,0.036756323902195194,0.37534042731951583,0.5542168674698795,0.9416001763380389,41,3,0.9667427632739515,-0.3828146831736571,0.0074757103255542814,0.0034931093937984586,0.00274490638475626,0.03293887661707512,0.6575510516954717,0.5421686746987951,0.006825369734333425,2.6976269367109937,20.0,0.11251768609086943,0.1125176860908694,0.059121871929168734,0.059121871929168755,1,83
train,quintile,6,48,no_skip,2018-07,2025-11,89,0.0010019629208945205,0.012023555050734245,0.03826175371068508,0.09071464415415849,0.5280898876404494,0.28250519604272956,47,3,0.221925154520092,-0.3828146831736571,0.008278785401825915,0.007276822480931394,-0.00015229154428484724,-0.0018274985314181667,-0.04100614914660938,0.5168539325842697,0.007672287996530061,3.915858606699795,21.0,0.10493222410721531,0.10493222410721528,0.05513612775416861,0.055136127754168616,1,89
train,quintile,12,1,no_skip,2018-07,2021-12,39,-0.013109516888686832,-0.15731420266424198,0.08311474310122212,-0.5463855981900758,0.358974358974359,-0.9978871478889328,0,3,-0.9578210372029557,-0.7185199082386845,0.006070265708179023,0.01917978259686585,-0.01935683517433345,-0.23228202209200138,-1.4897361760826435,0.358974358974359,0.0031729712896683823,0.34860927131696584,1.0,0.5679380259678739,0.5679380259678738,0.28203842033080395,0.2563973946897784,1,39
train,quintile,12,6,no_skip,2018-07,2022-05,47,-0.011309376501067963,-0.13571251801281556,0.0733112524965291,-0.5343903980552687,0.3617021276595745,-1.2084957964139702,5,3,-1.2004445560943269,-0.6365801218328464,0.0020069466812608883,0.013316323182328853,-0.013954945573324553,-0.16745934687989464,-1.4955010111878402,0.3617021276595745,0.0007389049674522991,0.10939025207825046,6.0,0.24050627929605392,0.24050627929605398,0.11527651943714455,0.1152765194371446,1,47
train,quintile,12,12,no_skip,2018-07,2022-11,53,-0.005586908788529747,-0.06704290546235697,0.06311056160761173,-0.3066621380792622,0.4339622641509434,-0.6591429000542388,11,3,-0.663474485957464,-0.5753172297901609,0.005131546904611423,0.01071845569314117,-0.00746215014083848,-0.08954580169006175,-0.8987432083518717,0.4339622641509434,0.004225345426539688,0.8552143970743286,10.0,0.17047648657352132,0.1704764865735214,0.0823819525519757,0.08238195255197571,1,53
train,quintile,12,12,skip1,2018-07,2022-11,53,-0.004605427577307758,-0.05526513092769309,0.061665475215852576,-0.25871314626389985,0.4339622641509434,-0.5444735946897606,11,3,-0.5435074413733242,-0.5596504377132872,0.00575123836644769,0.010356665943755453,-0.006493789519260527,-0.07792547423112632,-0.7841363217901237,0.41509433962264153,0.004827294360556437,1.0068689000127937,10.0,0.17166926745025166,0.17166926745025163,0.08399490962647756,0.08399490962647757,1,53
train,quintile,12,18,no_skip,2018-07,2023-05,59,0.0014268282051756564,0.017121938462107876,0.0581438736537116,0.0850077158517212,0.4576271186440678,0.1527279604633195,17,3,0.18294227543955688,-0.5096913918741794,0.007898786693754331,0.006471958488578674,-0.00010810484713195612,-0.0012972581655834735,-0.011817738087414362,0.4576271186440678,0.0071462098817832165,2.1034700181854347,14.0,0.13953936839160114,0.13953936839160117,0.06841607381555585,0.06841607381555588,1,59
train,quintile,12,24,no_skip,2018-07,2023-11,65,0.00430637160356577,0.05167645924278924,0.05349842567892466,0.278843884431767,0.47692307692307695,0.5054029372451383,23,3,0.6257997303198389,-0.46471566861361846,0.007934154689698696,0.0036277830861329245,0.002941113514145046,0.03529336216974055,0.3504787558941948,0.47692307692307695,0.007262595288857078,2.5433447785018766,15.0,0.12411437176552037,0.12411437176552037,0.061050854621965175,0.06105085462196519,1,65
train,quintile,12,30,no_skip,2018-07,2024-05,71,0.0035944756878390433,0.04313370825406852,0.05099428827549196,0.2441769354353538,0.4507042253521127,0.4857090051401998,29,3,0.5718116319194624,-0.4787605182657949,0.006923619921315036,0.003329144233475993,0.002351776332917694,0.02822131599501233,0.3197742182584798,0.43661971830985913,0.006310745872523191,2.0217974426943837,17.0,0.11297266862921355,0.11297266862921358,0.05571582261744016,0.05571582261744016,1,71
train,quintile,12,36,no_skip,2018-07,2024-11,77,0.004131628535922967,0.049579542431075596,0.048682419906479556,0.29399485711545387,0.4805194805194805,0.6210931722940152,35,3,0.7141692484006118,-0.4798537516852379,0.009769442160823313,0.005637813624900345,0.0029764974370305288,0.03571796924436635,0.44843807349202774,0.4805194805194805,0.00919920042867244,3.291959960775557,18.0,0.1050119180811308,0.10501191808113083,0.05184015746826085,0.051840157468260865,1,77
train,quintile,12,42,no_skip,2018-07,2025-05,83,0.004646323924015233,0.0557558870881828,0.04713292636639581,0.34148820051007467,0.4939759036144578,0.7507045884113595,41,3,0.8815347266715107,-0.4798537516852379,0.008851764742377831,0.004205440818362597,0.003562132364063739,0.04274558836876487,0.5745930491201943,0.4819277108433735,0.008314364235507191,4.126296118328421,20.0,0.09856286908649932,0.09856286908649932,0.04885459153369432,0.04885459153369434,1,83
train,quintile,12,48,no_skip,2018-07,2025-11,89,0.001835114126583523,0.022021369519002278,0.04804766006415337,0.1323065847821138,0.48314606741573035,0.3684018254616895,47,3,0.348400934425095,-0.4798537516852379,0.009816918410154505,0.007981804283570981,0.0008240141324714562,0.009888169589657474,0.1609573800090947,0.47191011235955055,0.009315747150938069,5.407327263421692,21.0,0.0919181812829151,0.0919181812829151,0.04556102356513066,0.045561023565130664,1,89
train,quintile,18,1,no_skip,2018-08,2021-12,37,-0.018442864239774488,-0.22131437087729386,0.08064656147565476,-0.7921968975708328,0.40540540540540543,-1.410239867196429,0,3,-1.6272518700305414,-0.6941125760275432,0.0007997974606896477,0.019242661700464136,-0.024095815835329777,-0.28914979002395735,-1.849671033087622,0.3783783783783784,-0.0020160465261213644,-0.2982546327348947,1.0,0.5139046905050265,0.5139046905050265,0.27564183663883884,0.2486148096118119,1,37
train,quintile,18,6,no_skip,2018-08,2022-05,46,-0.014052314779510492,-0.1686277773541259,0.07432645708024038,-0.654930266238502,0.43478260869565216,-1.495873686659567,5,3,-1.4756051487287207,-0.6596523306009313,0.0030592592985438038,0.017111574078054293,-0.0163697191588041,-0.1964366299056492,-1.7461280568083948,0.43478260869565216,0.0019368600794561965,0.3248948615976729,6.0,0.21067312539032806,0.21067312539032806,0.1020362926443279,0.10203629264432795,1,46
train,quintile,18,12,no_skip,2018-08,2022-11,52,-0.006858810607044116,-0.0823057272845294,0.065276955388703,-0.36398169553565585,0.46153846153846156,-0.7944524299981498,11,3,-0.7749570649176865,-0.5893056968479419,0.0055158931498124585,0.012374703756856576,-0.008540888878388967,-0.1024906665406676,-1.0048494289264038,0.46153846153846156,0.004700112878344442,1.0164539781390438,10.0,0.1529162064858955,0.15291620648589546,0.07416184286072885,0.07416184286072885,1,52
train,quintile,18,18,no_skip,2018-08,2023-05,58,0.0010766734843831868,0.012920081812598242,0.06357134439174605,0.058669615876678655,0.46551724137931033,0.09610709781948686,17,3,0.11860872151399052,-0.5460270842560149,0.0091187972329155,0.008042123748532318,-0.0003553512354026508,-0.004264214824831809,-0.0320929879759903,0.46551724137931033,0.008418686531130905,2.4539115040613884,13.0,0.13018406543507619,0.13018406543507619,0.06364642743496322,0.06364642743496325,1,58
train,quintile,18,18,skip1,2018-09,2023-05,57,0.0008489967332715416,0.010187960799258499,0.06269658364761431,0.04690863176058452,0.47368421052631576,0.07504595001552268,17,3,0.0946357010825613,-0.5337055407220983,0.009876336724049703,0.009027339990778158,-0.0006073737585190129,-0.0072884851022281556,-0.054230670231814146,0.45614035087719296,0.009157069738549701,2.5705253143314835,13.0,0.13239731743550504,0.13239731743550506,0.06538790777272713,0.06538790777272716,1,57
train,quintile,18,24,no_skip,2018-08,2023-11,64,0.0029549140051728477,0.03545896806207417,0.058609726488800216,0.17464886787807246,0.515625,0.2855927936883424,23,3,0.37332448972519827,-0.5367897802948525,0.007807619091885834,0.004852705086712986,0.0016900808654201505,0.020280970385041806,0.164166739662681,0.515625,0.007188369523981207,2.3948476554991327,14.5,0.11498483088660896,0.11498483088660896,0.05629541526405712,0.05629541526405713,1,64
train,quintile,18,30,no_skip,2018-08,2024-05,70,0.0034589705098635203,0.041507646118362246,0.05676414565740282,0.21108791810679595,0.5,0.3599600317804414,29,3,0.481147060921091,-0.5462928319891254,0.007634447078721453,0.004175476568857934,0.0023025473446764448,0.027630568136117337,0.23974378202870944,0.5,0.007069058434025184,2.7680166932071635,16.0,0.1051293786533704,0.10512937865337035,0.05139896769966076,0.05139896769966077,1,70
train,quintile,18,36,no_skip,2018-08,2024-11,76,0.0033858751392179766,0.040630501670615715,0.05497323737268968,0.2133586468430665,0.5131578947368421,0.3899124730192626,35,3,0.5005995029459342,-0.5462928319891254,0.009647054349452473,0.006261179210234499,0.002312287141079181,0.027747445692950172,0.26490363172086256,0.5131578947368421,0.009121483124972473,3.6582884608519373,17.5,0.09759890892170853,0.09759890892170853,0.047779202225454585,0.0477792022254546,1,76
train,quintile,18,42,no_skip,2018-08,2025-05,82,0.004161656573890262,0.04993987888668315,0.05407104757146513,0.26661960340620194,0.5365853658536586,0.5141763255352539,41,3,0.6793827772244669,-0.5462928319891254,0.008981278619228069,0.004819622045337809,0.0031572461855415798,0.03788695422649896,0.38748379734288374,0.5365853658536586,0.008488956414409913,4.711459715992395,19.0,0.09131003530442551,0.09131003530442551,0.04475656407437767,0.04475656407437768,1,82
train,quintile,18,48,no_skip,2018-08,2025-11,88,0.0009207650577347477,0.011049180692816973,0.053780181024409145,0.059308534536424797,0.5227272727272727,0.14015287799708948,47,3,0.1553500782437891,-0.5462928319891254,0.00983402374951309,0.00891325869177834,-1.516280413561454e-05,-0.00018195364962737446,-0.002254203388550974,0.5113636363636364,0.00937526896775072,5.659285929129302,20.5,0.08508435107912377,0.08508435107912377,0.04170498016021555,0.04170498016021556,1,88
train,quintile,24,1,no_skip,2019-03,2021-12,34,-0.0214420606344643,-0.2573047276135716,0.07975243663134612,-0.9313505644858907,0.3235294117647059,-1.5912723121712669,0,3,-1.7868277150373255,-0.6383328107164072,0.004844413135939747,0.02628647377040405,-0.026247544995649165,-0.31497053994779,-1.954124953970723,0.3235294117647059,0.002380945322038589,0.293172321255082,1.0,0.4368622146531699,0.43686221465316993,0.22395161944555966,0.2239516194455597,1,34
train,quintile,24,6,no_skip,2019-03,2022-05,39,-0.015601915174228593,-0.18722298209074312,0.07718484429122759,-0.700223211571992,0.4358974358974359,-1.4018809515869675,5,3,-1.41524322563408,-0.5776854718875615,0.0032841654286637875,0.018886080602892378,-0.017789066703166483,-0.2134688004379978,-1.5906110409186989,0.41025641025641024,0.0022161255401833926,0.3704307986996366,6.0,0.19883195717617208,0.1988319571761721,0.09709453531639965,0.0970945353163997,1,39
train,quintile,24,12,no_skip,2019-03,2022-11,45,-0.008254564703065006,-0.09905477643678007,0.07028450994869787,-0.40684143548867907,0.4666666666666667,-0.7026827249014975,11,3,-0.7687409337465876,-0.5352006895518799,0.005332967558960269,0.013587532262025278,-0.009897409032447986,-0.11876890838937584,-0.8435308193595382,0.4444444444444444,0.004528562552950911,0.8282458882726538,12.0,0.14934948448936206,0.14934948448936206,0.07312772781903262,0.07312772781903265,1,45
train,quintile,24,18,no_skip,2019-03,2023-05,51,-0.0022336074937048638,-0.026803289924458365,0.06712532008876242,-0.11526862466049008,0.49019607843137253,-0.159176437438451,17,3,-0.21469584734166047,-0.5355459104516704,0.007927914658717679,0.010161522152422548,-0.0036320867966138214,-0.04358504155936586,-0.25863959600903813,0.45098039215686275,0.007234411169150388,1.5741077939318697,13.0,0.12713448208263214,0.12713448208263214,0.06304577177884464,0.06304577177884467,1,51
train,quintile,24,24,no_skip,2019-03,2023-11,57,-1.733496461210553e-05,-0.00020801957534526637,0.0627863266855013,-0.000956419686915964,0.5087719298245614,-0.0012740340803959903,23,3,-0.0018534921032720179,-0.540165789350601,0.006354008023663063,0.006371342988275165,-0.0012587805420168697,-0.015105366504202435,-0.09202359706351262,0.49122807017543857,0.005739506397163832,1.510014455375471,15.0,0.11285868885497868,0.1128586888549787,0.055863784227202624,0.05586378422720265,1,57
train,quintile,24,24,skip1,2019-04,2023-11,56,0.0011361880567458365,0.013634256680950039,0.062051813636246,0.06342878075322587,0.5357142857142857,0.08701581606299544,23,3,0.12187482261593373,-0.5233232956257567,0.005620374944784136,0.004484186888038299,-0.00011463965600476213,-0.0013756758720571455,-0.008724723718793811,0.5357142857142857,0.0050051094853945715,1.1035772640467134,14.5,0.11371161025005452,0.11371161025005454,0.05593322358086953,0.05593322358086956,1,56
train,quintile,24,30,no_skip,2019-03,2024-05,63,0.0017528232093042277,0.021033878511650735,0.06275357048719667,0.09675876070893133,0.5396825396825397,0.13680460071741016,29,3,0.20518768353335876,-0.540165789350601,0.006739334410620196,0.0049865112013159725,0.0006186569623369686,0.007423883548043623,0.04791941331618159,0.5238095238095238,0.00617832301270994,2.1583910516716744,16.0,0.103106022451569,0.103106022451569,0.051001036173659704,0.051001036173659725,1,63
train,quintile,24,36,no_skip,2019-03,2024-11,69,0.0010922218770521672,0.013106662524626007,0.06056074286043417,0.06247558054406067,0.5362318840579711,0.09451012329587534,35,3,0.13640043996579407,-0.540165789350601,0.00852300556075805,0.007430783683705883,4.415527632995572e-05,0.0005298633159594687,0.003776382616586873,0.5217391304347826,0.008005322519133174,2.918840068913202,18.0,0.09527878188383737,0.09527878188383737,0.04706209469317045,0.04706209469317048,1,69
train,quintile,24,42,no_skip,2019-03,2025-05,75,0.0020401488586015816,0.02448178630321898,0.058813882904657264,0.12016351594503467,0.5733333333333334,0.1925553120213779,41,3,0.28725549900496783,-0.540165789350601,0.007947721586077029,0.005907572727475449,0.0010759275859371477,0.012911131031245773,0.10024347500071479,0.56,0.007471453187782145,3.433324083667023,19.0,0.08765647933313037,0.08765647933313038,0.04329712711771682,0.04329712711771684,1,75
train,quintile,24,48,no_skip,2019-03,2025-11,81,-0.0017812110658072704,-0.021374532789687244,0.05864915430182013,-0.10520690713135682,0.5308641975308642,-0.19870346888769022,47,3,-0.25648218415419,-0.540165789350601,0.008531674149211806,0.010312885215019078,-0.00267400854049656,-0.032088102485958725,-0.29124717826753316,0.5185185185185185,0.008090684891531356,4.007942533884738,21.0,0.08116340678993553,0.08116340678993553,0.04008993251640446,0.04008993251640448,1,81
train,quintile,30,1,no_skip,2019-08,2021-12,29,-0.01706185424240948,-0.20474225090891374,0.08419877507139996,-0.701957917894362,0.4482758620689655,-1.110553375110843,0,3,-1.238225830016457,-0.5149658373693542,0.007089883379745093,0.024151737622154574,-0.02175993623244688,-0.26111923478936255,-1.418766141395682,0.3448275862068966,0.004804175038703976,0.5476640051529178,1.0,0.4270983627306727,0.4270983627306727,0.20779166736737426,0.2077916673673742,1,29
train,quintile,30,6,no_skip,2019-08,2022-05,34,-0.012132343956258746,-0.14558812747510497,0.08241338190686325,-0.5099617479814004,0.47058823529411764,-0.9520780764670685,5,3,-0.9733321037096111,-0.4990943240560075,0.004031100018073333,0.01616344397433208,-0.014283422433305503,-0.17140106919966602,-1.1171760221792824,0.47058823529411764,0.0030272675129675566,0.47011015301486914,6.0,0.1955525888224322,0.19555258882243223,0.09125750046416142,0.09125750046416145,1,34
train,quintile,30,12,no_skip,2019-08,2022-11,40,-0.005423018320247966,-0.0650762198429756,0.07562085189201072,-0.24842204302220147,0.525,-0.39136021502400004,11,3,-0.44784495184629314,-0.482331585364308,0.005868370702651042,0.01129138902289901,-0.0070354953282651235,-0.08442594393918149,-0.5076507218663908,0.5,0.005117642582453489,0.9802641343839092,10.5,0.14658881891065062,0.14658881891065056,0.06824801092705032,0.06824801092705034,1,40
train,quintile,30,18,no_skip,2019-08,2023-05,46,0.0007175423080364475,0.00861050769643737,0.07392345703681785,0.03362450253051272,0.5434782608695652,0.047555610286951315,17,3,0.06108733038470758,-0.48386574114472924,0.008336546716932968,0.007619004408896525,-0.0006514044879335368,-0.007816853855202442,-0.043109886293153744,0.5,0.007693993213078828,1.7687739423830777,12.0,0.12444970872454379,0.1244497087245438,0.05841395489583115,0.05841395489583116,1,46
train,quintile,30,24,no_skip,2019-08,2023-11,52,0.002383992434380323,0.028607909212563877,0.06857551101436392,0.12042771421248688,0.5769230769230769,0.1746562130399879,23,3,0.23105362412061642,-0.48386574114472924,0.006252668299478302,0.0038686758650979813,0.0011632794014738615,0.013959352817686337,0.08461233981300502,0.5576923076923077,0.005679718091681004,1.5519559271907646,13.5,0.11097391208240544,0.11097391208240545,0.05208638252702705,0.05208638252702706,1,52
train,quintile,30,30,no_skip,2019-08,2024-05,58,0.004385896413963768,0.052630756967565216,0.06920352808992505,0.21954358788899178,0.5862068965517241,0.34174975874817537,29,3,0.4680100831327021,-0.48386574114472924,0.006701796138289904,0.0023158997243261396,0.003275721651073137,0.03930865981287764,0.25335800384138135,0.5689655172413793,0.006181892052130399,2.343486874947393,15.0,0.10092497844460273,0.10092497844460274,0.04726400783268201,0.047264007832682024,1,58
train,quintile,30,30,skip1,2019-09,2024-05,57,0.005762025248423681,0.06914430298108418,0.067789616859203,0.29444392658223484,0.6140350877192983,0.4918857097044425,29,3,0.6244435854447901,-0.4852901000914994,0.007288731695994739,0.001526706447571054,0.0046407526607288785,0.05568903192874654,0.3930300834890238,0.5789473684210527,0.0067587892563796695,2.661220569614442,15.0,0.10193387160861854,0.10193387160861858,0.04817658541955168,0.04817658541955169,1,57
train,quintile,30,36,no_skip,2019-08,2024-11,64,0.003587703196539448,0.043052438358473374,0.06525227707001449,0.19046336765277924,0.59375,0.31637627657395223,35,3,0.420759409773332,-0.48386574114472924,0.00918884484017993,0.005601141643640487,0.0025816073176698146,0.030979287812037775,0.22487921623232174,0.578125,0.008717681762097881,2.970600840064857,16.5,0.09146326171542124,0.09146326171542121,0.04283300709836808,0.042833007098368084,1,64
train,quintile,30,42,no_skip,2019-08,2025-05,70,0.0038438363562479285,0.04612603627497514,0.06376497889407498,0.20882057770493415,0.6285714285714286,0.3828696697618466,41,3,0.5019142323293372,-0.48386574114472924,0.008123064929993831,0.004279228573745902,0.0029239772669956924,0.03508772720394831,0.2869760529360419,0.6,0.007692287258604526,3.7798240344175005,18.0,0.08362355356838509,0.08362355356838513,0.03916160648993653,0.03916160648993654,1,70
train,quintile,30,48,no_skip,2019-08,2025-11,76,6.997593081493814e-05,0.0008397111697792576,0.0641312298878439,0.0037798079871651227,0.5921052631578947,0.008141387442335944,47,3,0.00918272756559315,-0.48386574114472924,0.008718457965156303,0.008648482034341367,-0.0007772627040226516,-0.009327152448271819,-0.08809425697499784,0.5789473684210527,0.008321689057297736,4.350912360742712,19.5,0.07702169407614419,0.0770216940761442,0.03606990071441522,0.03606990071441524,1,76
train,quintile,36,1,no_skip,2020-02,2021-12,23,-0.01738052432682335,-0.2085662919218802,0.08963981966793479,-0.671664697848861,0.391304347826087,-0.950776404608592,0,2,-1.0186765532489868,-0.46316202829382425,0.007695844749479181,0.025076369076302542,-0.02219780491887818,-0.26637365902653815,-1.2160209304601997,0.391304347826087,0.00533598650451944,0.5489219436485986,1.0,0.43793459927771217,0.43793459927771217,0.21453256772361265,0.21453256772361268,1,23
train,quintile,36,6,no_skip,2020-02,2022-05,28,-0.004536920017599097,-0.05444304021118917,0.08989419128630531,-0.17483167416969805,0.4642857142857143,-0.2914819869147782,5,3,-0.29874001344623646,-0.3853980725212184,0.008847582402418798,0.013384502420017898,-0.0067479482603355805,-0.08097537912402697,-0.42828106951474976,0.4642857142857143,0.00782731466112003,0.9770598510382695,6.0,0.20100256752149828,0.2010025675214983,0.09275161284534271,0.09275161284534275,1,28
train,quintile,36,12,no_skip,2020-02,2022-11,34,0.0013437259282085162,0.016124711138502196,0.08039249019296582,0.05790096994180291,0.5294117647058824,0.09058242492599063,11,3,0.09924905586929164,-0.3786699979786813,0.008854434573717256,0.007510708645508735,-0.00035503477719625955,-0.004260417326355115,-0.023693467218886363,0.5294117647058824,0.008073528503470392,1.5279379862393834,9.0,0.1544327914004342,0.15443279140043423,0.07099146093153298,0.07099146093153301,1,34
train,quintile,36,18,no_skip,2020-02,2023-05,40,0.006565631053353641,0.07878757264024369,0.07944255099323029,0.28629510069810166,0.575,0.4618335339454839,17,3,0.511492635118234,-0.3786699979786813,0.011110548502315427,0.004544917448961785,0.005126603993978101,0.061519247927737206,0.35717244838520407,0.575,0.010445771407969696,2.4529352173481143,10.5,0.13082064176141275,0.13082064176141278,0.06043428130415733,0.060434281304157365,1,40
train,quintile,36,24,no_skip,2020-02,2023-11,46,0.005898339021865612,0.07078006826238734,0.07260706282681578,0.28141126960349155,0.6086956521739131,0.498870429021059,23,3,0.5458567154112854,-0.3786699979786813,0.007750626248545889,0.001852287226680278,0.004626039830569445,0.05551247796683334,0.38519742333624934,0.6086956521739131,0.007163584724192044,2.038050377043202,12.0,0.11566356284510595,0.11566356284510597,0.053367411304894925,0.053367411304894946,1,46
train,quintile,36,30,no_skip,2020-02,2024-05,52,0.008007702620704422,0.09609243144845306,0.07317023641575793,0.3791090058026797,0.6346153846153846,0.7366007580918849,29,3,0.824195197874944,-0.3786699979786813,0.008287682535588864,0.0002799799148844405,0.0068822071822501225,0.08258648618700147,0.6235433203975913,0.6346153846153846,0.007768376571737385,3.1437000059841957,13.5,0.10231776713220911,0.10231776713220915,0.04720963307740706,0.047209633077407075,1,52
train,quintile,36,36,no_skip,2020-02,2024-11,58,0.0067093930773173905,0.08051271692780869,0.06982958592258454,0.33283914101246626,0.6206896551724138,0.7107020632635229,35,3,0.7561756920832562,-0.3786699979786813,0.010209434481396152,0.0035000414040787663,0.005700328201461813,0.06840393841754175,0.5902601716929359,0.6206896551724138,0.00974384982415,3.785931786786294,15.0,0.09173317053232541,0.09173317053232545,0.042325877931468386,0.042325877931468414,1,58
train,quintile,36,36,skip1,2020-03,2024-11,57,0.008931949434847425,0.10718339321816911,0.06823178624845236,0.45347164664453626,0.631578947368421,1.1870487958235485,35,3,1.0753045781375392,-0.3708048866179471,0.011474238146979867,0.0025422887121324474,0.00790641480646112,0.09487697767753345,1.0205391203333027,0.631578947368421,0.011000184468537802,3.982073069133494,15.0,0.09323042076239106,0.09323042076239112,0.04309578894927881,0.043095788949278825,1,57
train,quintile,36,42,no_skip,2020-02,2025-05,64,0.007043092553668264,0.08451711064401916,0.06878619505441602,0.35469309316245706,0.640625,0.8605713188068471,41,3,0.8820156744021365,-0.3786699979786813,0.009034936109011495,0.0019918435553432294,0.006128627509924143,0.07354353011908972,0.7297691234028336,0.640625,0.00861300001338217,5.128154506512411,16.5,0.0831331857949199,0.08313318579491993,0.03835782687539323,0.03835782687539324,1,64
train,quintile,36,48,no_skip,2020-02,2025-11,70,0.0034368838043728513,0.041242605652474215,0.06838710489797183,0.17409297784328162,0.6142857142857143,0.47636927671943,47,3,0.4347259444572637,-0.3786699979786813,0.009552405243281116,0.006115521438908263,0.0026008014786639403,0.031209617743967286,0.34722837935184736,0.6142857142857143,0.009166635098705732,6.058500989927231,18.0,0.07600748415535534,0.07600748415535535,0.035070013143216665,0.03507001314321668,1,70
train,quintile,42,1,no_skip,2020-08,2021-12,17,0.009085896846556238,0.10903076215867485,0.09342026911007893,0.3369126447713773,0.5294117647058824,0.41334778807330486,0,2,0.49919829022587214,-0.2764983210577857,0.011360779084343867,0.002274882237787629,0.00412315323791234,0.04947783885494808,0.18909311980056612,0.47058823529411764,0.009079371514216058,0.9252504600839669,1.0,0.4511585098767182,0.45115850987671813,0.20740068819343696,0.20740068819343696,1,17
train,quintile,42,6,no_skip,2020-08,2022-05,22,0.012062829534351017,0.1447539544122122,0.09108042142709245,0.45879088632155796,0.5,0.9574085455596892,5,2,0.7924410431903173,-0.2696634601250606,0.008380311018327079,-0.003682518516023936,0.009646944943272662,0.11576333931927195,0.7567031129523855,0.5,0.007238154488058832,1.1647166437070808,6.0,0.2196258719162144,0.21962587191621435,0.1038324118425678,0.10383241184256779,1,22
train,quintile,42,12,no_skip,2020-08,2022-11,28,0.014590552303692874,0.17508662764431449,0.0839009771665695,0.6024143878638089,0.5357142857142857,1.609435717877822,11,3,1.2065157959138246,-0.2696634601250606,0.007769385541517541,-0.006821166762175335,0.012758532598151146,0.15310239117781377,1.3873574711332541,0.5357142857142857,0.006909759977134001,1.3398305622156172,7.5,0.16654724595833872,0.16654724595833872,0.0781477785803218,0.0781477785803218,1,28
train,quintile,42,18,no_skip,2020-08,2023-05,34,0.01698242952645454,0.20378915431745448,0.08030632778844132,0.7325557421394336,0.5882352941176471,2.3069767495876707,17,3,1.5249252687560269,-0.2696634601250606,0.010455667323944986,-0.006526762202509554,0.015443614300890866,0.1853233716106904,2.102147362051355,0.5882352941176471,0.009731221209030319,2.95060407375496,9.0,0.13989229323306088,0.13989229323306088,0.06585873771951516,0.06585873771951517,1,34
train,quintile,42,24,no_skip,2020-08,2023-11,40,0.014804609802378282,0.17765531762853937,0.07317770795656822,0.7008237092960176,0.6,2.828090349683145,23,3,1.6338119835939204,-0.2696634601250606,0.006645589817324382,-0.008159019985053903,0.013496616860649163,0.16195940232778994,2.5153638988268114,0.6,0.0060298106196469145,1.915271211031578,10.5,0.11890844924810176,0.11890844924810176,0.05597992706158787,0.055979927061587886,1,40
train,quintile,42,30,no_skip,2020-08,2024-05,46,0.01634298746110112,0.19611584953321343,0.07411832352208297,0.7638295979982443,0.6304347826086957,3.2010540395945752,29,3,1.991055561215855,-0.2696634601250606,0.0074607101785015215,-0.008882277282599594,0.01520560229438014,0.18246722753256167,2.936936309971876,0.6086956521739131,0.006925250006608073,2.989828082064645,12.0,0.10339865152008848,0.10339865152008848,0.04867819744485904,0.04867819744485904,1,46
train,quintile,42,36,no_skip,2020-08,2024-11,52,0.014601080312854795,0.17521296375425754,0.07076060866260281,0.7147991919584469,0.6346153846153846,3.474817521564544,35,3,1.904062994728859,-0.2696634601250606,0.00965081116744949,-0.004950269145405305,0.01359493189614009,0.16313918275368108,3.0778593610895992,0.6153846153846154,0.009177134861543746,3.8498600569279624,13.5,0.09146803788315519,0.09146803788315519,0.04306148235506761,0.043061482355067605,1,52
train,quintile,42,42,no_skip,2020-08,2025-05,58,0.014614809602733812,0.17537771523280574,0.06929708967015145,0.7305816996174337,0.6551724137931034,4.313745750985736,41,3,2.139644261859113,-0.2696634601250606,0.00883820981890404,-0.005776599783829773,0.01371274550498959,0.16455294605987508,3.816917895263521,0.6551724137931034,0.00841353451016096,4.969272769006497,15.0,0.08200582706765638,0.08200582706765638,0.038606846249370955,0.03860684624937096,1,58
train,quintile,42,42,skip1,2020-09,2025-05,57,0.01489250989841586,0.17871011878099033,0.0696573586940953,0.7406133186748363,0.7192982456140351,4.953519745446863,41,3,2.149195644116064,-0.2682769173705908,0.008671693744511754,-0.006220816153904109,0.013997035588403636,0.16796442706084364,4.345499943864366,0.7192982456140351,0.008243083861531003,4.867403830366605,15.0,0.0814067554556567,0.08140675545565666,0.038964534816431716,0.0389645348164317,1,57
train,quintile,42,48,no_skip,2020-08,2025-11,64,0.010036293742761604,0.12043552491313925,0.06833346055054866,0.5087806337362241,0.625,2.2192334005337395,47,3,1.4181644255171575,-0.2696634601250606,0.009120256154488587,-0.0009160375882730169,0.009218798154180903,0.11062557785017083,1.9281821522281106,0.625,0.00873539415594017,5.683145966608526,16.5,0.0743177807800636,0.0743177807800636,0.03498745441349242,0.03498745441349243,1,64
train,quintile,48,1,no_skip,2021-02,2021-12,11,0.035899443242035194,0.4307933189044223,0.0772530378384076,1.6097660725964746,0.6363636363636364,1.616459515490578,0,2,1.6514096376460266,-0.16376438532926996,0.022436143709437174,-0.013463299532598021,0.030359759378599197,0.3643171125431904,1.3968611403216444,0.6363636363636364,0.01984033828746896,1.4381859870018667,1.0,0.5036076239487263,0.5036076239487263,0.23598231108801934,0.23598231108801943,1,11
train,quintile,48,6,no_skip,2021-02,2022-05,16,0.027954162022375745,0.33544994426850894,0.08053661634414198,1.2023854764116606,0.625,2.9372269058273153,5,2,1.6973548271671506,-0.13376277730610442,0.010044407680538945,-0.0179097543418368,0.025285639338702596,0.30342767206443116,2.5664471992521465,0.625,0.0088065693200407,0.8961671034840825,4.5,0.24259297124301354,0.24259297124301357,0.11253076004529496,0.11253076004529494,1,16
train,quintile,48,12,no_skip,2021-02,2022-11,22,0.02594046247654983,0.31128554971859795,0.07619430166510556,1.1793585084275355,0.6363636363636364,3.6086602717621967,11,2,1.6850001578499425,-0.21222743438228397,0.01045180556606073,-0.0154886569104891,0.02396322680072286,0.28755872160867435,3.4477298869411284,0.6363636363636364,0.009537162560847183,1.3247270507027546,6.0,0.1797486978024516,0.1797486978024515,0.08314936411032242,0.08314936411032244,1,22
train,quintile,48,18,no_skip,2021-02,2023-05,28,0.02632036787025539,0.31584441444306466,0.07440585640539399,1.2253931781069023,0.6785714285714286,3.9136796076271527,17,3,2.152093431917253,-0.20748052220994506,0.012014906682695916,-0.014305461187559475,0.024766825553534204,0.2972019066424104,3.92156335650504,0.6785714285714286,0.011296258607170987,2.4849547686197946,7.5,0.14123111970192623,0.14123111970192623,0.06533164322953906,0.06533164322953906,1,28
train,quintile,48,24,no_skip,2021-02,2023-11,34,0.022663063617200527,0.27195676340640634,0.06794354691469388,1.1554762570591615,0.6764705882352942,4.877214007066333,23,3,2.2448018902502342,-0.20748052220994506,0.007644762788284182,-0.015018300828916345,0.02138367582695955,0.2566041099235146,4.790170427188566,0.6764705882352942,0.007052934961381297,1.7062071850359646,9.0,0.11630798093099806,0.11630798093099806,0.053802529718443924,0.05380252971844393,1,34
train,quintile,48,30,no_skip,2021-02,2024-05,40,0.02390827572591129,0.2868993087109355,0.07110034877177183,1.1648423388630327,0.7,6.6064916392420905,29,3,2.6727825517914425,-0.20748052220994506,0.00818167968213385,-0.015726596043777435,0.022820796104206457,0.2738495532504775,6.722550684949378,0.7,0.0076786260292664,2.413056559587398,10.5,0.09886178379134836,0.09886178379134836,0.045732150260677354,0.04573215026067734,1,40
train,quintile,48,36,no_skip,2021-02,2024-11,46,0.02150869515819989,0.25810434189839865,0.06727036435692423,1.1075947982338614,0.6956521739130435,6.904339678609434,35,3,2.6312054910617597,-0.20748052220994506,0.011189518013619015,-0.010319177144580879,0.020563060704543522,0.24675672845452226,6.566376512714677,0.6739130434782609,0.010752080054603836,3.5780148048736597,11.0,0.08596676851421599,0.08596676851421595,0.03976708718319768,0.039767087183197686,1,46
train,quintile,48,42,no_skip,2021-02,2025-05,52,0.02044384857049314,0.24532618284591767,0.06583155904489019,1.0757692796609217,0.6923076923076923,6.433238563151012,41,3,2.749814047831974,-0.20748052220994506,0.00951660888077454,-0.0109272396897186,0.019607325784566348,0.23528790941479616,6.138594792096781,0.6923076923076923,0.009129644532414964,4.565710060338786,11.0,0.07604752599334488,0.07604752599334488,0.035178577123597954,0.035178577123597954,1,52
train,quintile,48,48,no_skip,2021-02,2025-11,58,0.015475653393295786,0.18570784071954943,0.06460683394909589,0.8297765520791042,0.6724137931034483,2.704730237803797,47,3,2.0614417677539056,-0.20748052220994506,0.009706991466638473,-0.005768661926657313,0.014725667447292454,0.17670800936750947,2.5320410537880704,0.6551724137931034,0.009360057912936783,5.560498261495153,11.0,0.06818054054575749,0.06818054054575749,0.03153941397288092,0.031539413972880924,1,58
train,quintile,48,48,skip1,2021-03,2025-11,57,0.012824055082903069,0.15388866099483683,0.06374153392003987,0.6969369450855579,0.6491228070175439,2.4555927398481256,47,3,1.692089240092574,-0.20698323272551944,0.008526058269171024,-0.004297996813732047,0.01208972073761745,0.1450766488514094,2.2496375754654143,0.6491228070175439,0.008182804736603438,5.368731914851093,10.0,0.06675766775323827,0.06675766775323821,0.031204866597053467,0.031204866597053453,1,57
validation,quintile,1,1,no_skip,2022-01,2023-12,24,0.007581330238208482,0.09097596285850179,0.04729937567951846,0.5552398513886276,0.4583333333333333,0.802116278119628,0,2,0.9295518568791973,-0.10258377156310916,-0.007522576996704878,-0.015103907234913366,-0.01022949053880721,-0.12275388646568652,-1.0789517290100727,0.375,-0.016312162875995368,-1.2810973525879679,1.0,1.619165525183245,1.6191655251832444,0.7990532617536806,0.7990532617536806,1,24
validation,quintile,1,1,skip1,2022-01,2023-12,24,0.014328414758821717,0.1719409771058606,0.04897519399517179,1.0134739785470008,0.625,1.4640951538513112,0,2,1.6727670352760027,-0.10357973810239396,-0.006358384110359681,-0.0206867988691814,-0.0035565752309199387,-0.042678902771039265,-0.36287657343063073,0.4166666666666667,-0.015180341508455797,-1.156387783244869,1.0,1.6259081808856053,1.625908180885605,0.8019961270996467,0.8019961270996468,1,24
validation,quintile,1,6,no_skip,2022-01,2024-05,29,0.001890407342636446,0.022684888111637352,0.03164216328212302,0.20695687176972968,0.5172413793103449,0.4057279322976287,5,3,0.38195252568132043,-0.1175128927205934,-0.006691130643913041,-0.008581537986549488,-0.0023482214180871722,-0.02817865701704607,-0.47709657784509596,0.3793103448275862,-0.00880253652272013,-1.1216144298484765,6.0,0.38532988733851065,0.3853298873385107,0.19194598898246237,0.19194598898246243,1,29
validation,quintile,1,12,no_skip,2022-01,2024-11,35,0.0028225080056315513,0.03387009606757861,0.028151089335710443,0.3473206462616182,0.45714285714285713,0.8714692207001518,11,3,0.6955165177414147,-0.09837507055127304,-0.00176608409789848,-0.004588592103530033,-0.0001907061242987116,-0.002288473491584539,-0.06509987413225575,0.42857142857142855,-0.003328147837519892,-0.42615976661400334,9.0,0.2739285572663877,0.2739285572663877,0.1420057945110374,0.14200579451103743,1,35
validation,quintile,1,18,no_skip,2022-01,2025-05,41,-0.00042462536485638966,-0.005095504378276676,0.02585720957379241,-0.05688724485252869,0.4878048780487805,-0.17708840322497402,17,3,-0.13809071814121476,-0.10111307769587119,-0.00392090426891145,-0.003496278904055059,-0.0029654155638560013,-0.03558498676627202,-1.1900019256779866,0.4878048780487805,-0.005282193583040416,-1.0844755637356593,11.0,0.2309809271817828,0.2309809271817828,0.12375357401172422,0.12375357401172427,1,41
validation,quintile,1,24,no_skip,2022-01,2025-11,47,0.0022488283837277094,0.026985940604732514,0.023232568458899837,0.3353124752444045,0.5531914893617021,0.9685797830415686,23,3,0.7624830906488788,-0.09466996776235981,0.0016200830159780264,-0.0006287453677496828,2.8854816442547063e-06,3.462577973105648e-05,0.0016743646646199747,0.5531914893617021,0.0003909332446177657,0.056316305986363016,12.0,0.20417662746213225,0.20417662746213225,0.11174088830547835,0.11174088830547839,1,47
validation,quintile,1,30,no_skip,2022-01,2026-04,52,-0.0015422359157471904,-0.018506830988966286,0.022596193314184592,-0.23643194463686967,0.46153846153846156,-0.6816189938659787,29,3,-0.5609267115120852,-0.15563199802589178,-0.00014549727062373674,0.0013967386451234536,-0.00354899756402802,-0.04258797076833624,-1.4092433880300654,0.4423076923076923,-0.0012415059083400748,-0.23344441636472407,13.5,0.18243287711643913,0.18243287711643916,0.0996371488833035,0.0996371488833035,1,52
validation,quintile,1,36,no_skip,2022-01,2026-04,52,0.002157394535381457,0.025888734424577484,0.021898880982120963,0.3412701270263924,0.5384615384615384,1.9235447179614125,35,3,0.9534462107541263,-0.07461705862715706,0.0016994724244744801,-0.0004579221109069768,0.0003029212368412284,0.0036350548420947407,0.35794969594236187,0.5384615384615384,0.000682249077274191,0.11293688235179833,13.5,0.1685884816854754,0.16858848168547544,0.0924748497454808,0.09247484974548084,1,52
validation,quintile,1,42,no_skip,2022-01,2026-04,52,0.002150033881664964,0.02580040657997957,0.021482227935840686,0.34670220725339446,0.5576923076923077,2.2502284917650552,41,3,0.9345173210998462,-0.0828815415568841,0.0025133719376126675,0.0003633380559477035,0.0004918202890554447,0.005901843468665337,0.47708524709274475,0.5192307692307693,0.001614730337203171,0.2576959360280201,11.0,0.15074669023722914,0.15074669023722914,0.08169469094631807,0.08169469094631808,1,52
validation,quintile,1,48,no_skip,2022-01,2026-04,52,0.0004516555327158695,0.005419866392590434,0.03582778522467518,0.04366947748948193,0.4423076923076923,0.23087436740777456,47,3,0.12225743723132891,-0.19849901606094766,0.002101049726807922,0.0016493941940920508,-0.0007658343671140913,-0.009190012405369095,-0.3903923957395238,0.4423076923076923,0.0014821940974835426,0.23181938833942511,5.0,0.11068089998454189,0.11068089998454189,0.05625960266585266,0.056259602665852684,1,52
validation,quintile,6,1,no_skip,2022-01,2023-12,24,0.016977112537906656,0.20372535045487988,0.06860427120772787,0.8572417129082951,0.5416666666666666,1.2383972989100538,0,2,1.1721478330550943,-0.1551958156183929,-0.004417501538272744,-0.021394614076179402,0.007530686588418126,0.09036823906101751,0.549222044176769,0.5,-0.009165314805821924,-0.5644703007294107,1.0,0.8587659954080484,0.8587659954080484,0.4316193879590167,0.4316193879590167,1,24
validation,quintile,6,6,no_skip,2022-01,2024-05,29,-0.002953416408334069,-0.035440996900008834,0.045482903080233936,-0.22494022714945336,0.4827586206896552,-0.44950846048410237,5,3,-0.3925430292290935,-0.2287956776896124,-0.009475692054945585,-0.006522275646611516,-0.006703743810821656,-0.08044492572985987,-1.0012441375066647,0.4827586206896552,-0.011286673407616066,-1.4266357276921193,6.0,0.34093885477159874,0.3409388547715988,0.16463466842458904,0.16463466842458904,1,29
validation,quintile,6,6,skip1,2022-01,2024-05,29,-0.006581759569706524,-0.07898111483647828,0.04189454300446602,-0.5442208536190081,0.5517241379310345,-1.2002441000538613,5,3,-1.0346221811417935,-0.24664932269645357,-0.011500102806645842,-0.004918343236939322,-0.010343640951411916,-0.12412369141694299,-1.8524783926903527,0.5172413793103449,-0.013318932739701868,-1.7918735445393876,6.0,0.34198921651867203,0.34198921651867203,0.16534817573236602,0.165348175732366,1,29
validation,quintile,6,12,no_skip,2022-01,2024-11,35,0.0001815327071427641,0.0021783924857131693,0.04160041105494993,0.015116382941094837,0.5142857142857142,0.03260144396983757,11,3,0.02707449630365279,-0.24116333230273101,-0.001551786245926678,-0.0017333189530694454,-0.0023895214169981013,-0.028674257003977216,-0.44793070899416787,0.4857142857142857,-0.0028233113667291147,-0.33501624153250764,9.0,0.23373219310371504,0.23373219310371504,0.11559319280022141,0.11559319280022144,1,35
validation,quintile,6,18,no_skip,2022-01,2025-05,41,-0.002958113551561667,-0.03549736261874001,0.03647514923542198,-0.28093664170054494,0.4634146341463415,-0.7290034133413957,17,3,-0.6208011487072473,-0.22392705593969398,-0.00491997094061978,-0.0019618573890581126,-0.005140552599780976,-0.061686631197371715,-1.311820564098736,0.4634146341463415,-0.006012181178684716,-1.3796070645477896,11.0,0.19840354983811892,0.19840354983811898,0.09929183982408503,0.09929183982408504,1,41
validation,quintile,6,24,no_skip,2022-01,2025-11,47,-0.0003385839556117871,-0.0040630074673414455,0.03292373622111614,-0.03562442669378062,0.46808510638297873,-0.10946161292439298,23,3,-0.07976601976253336,-0.20894324475933201,0.0005726433997551671,0.0009112273553669539,-0.002283996833656408,-0.0274079620038769,-0.854221264783269,0.44680851063829785,-0.0004148116785698697,-0.06832792472610522,12.0,0.17685571618587467,0.17685571618587467,0.08976864348409405,0.08976864348409408,1,47
validation,quintile,6,30,no_skip,2022-01,2026-04,52,-0.0009783197031051258,-0.01173983643726151,0.03121013164030353,-0.10858649693329506,0.40384615384615385,-0.4749699446500405,29,3,-0.271198401832303,-0.1723179938303825,0.0016279567092958207,0.002606276412400947,-0.002730034546878413,-0.03276041456254095,-1.4805360050634275,0.38461538461538464,0.0007380865939519919,0.12728710529717951,13.5,0.1592468039793897,0.1592468039793897,0.08089728321307542,0.08089728321307543,1,52
validation,quintile,6,36,no_skip,2022-01,2026-04,52,0.004671072302200014,0.056052867626400174,0.03260509720157502,0.4962742176917865,0.5,1.4635037433859301,35,3,1.0959909917268107,-0.1351860035547865,0.004881688000300879,0.00021061569810086725,0.003063027515288075,0.0367563301834569,1.0778869124152228,0.5,0.004047258086718555,0.5585818132367396,13.5,0.14618588971926702,0.14618588971926705,0.07585726487112057,0.07585726487112061,1,52
validation,quintile,6,42,no_skip,2022-01,2026-04,52,0.003046514672049127,0.036558176064589526,0.031581813934896646,0.3341618191324065,0.5,2.0207795381133535,41,3,0.796910193825957,-0.13449323458136297,0.003947222277425404,0.0009007076053762767,0.001684467047627759,0.02021360457153311,1.0251335449755883,0.5,0.003239221879469206,0.5364669564052622,11.0,0.12382251131103345,0.12382251131103347,0.06436367254147243,0.06436367254147246,1,52
validation,quintile,6,48,no_skip,2022-01,2026-04,52,0.0025258223073361006,0.030309867688033208,0.031802900399964286,0.2751228669195147,0.5384615384615384,1.6357417026938712,47,3,0.7676329567585648,-0.1363166138335561,0.0030919916922559423,0.0005661693849198404,0.0015281859758955255,0.018338231710746306,0.9961097238355591,0.5192307692307693,0.0025703933850984764,0.4486066080755534,5.0,0.0906942119491432,0.09069421194914325,0.047418027923405964,0.04741802792340599,1,52
validation,quintile,12,1,no_skip,2022-01,2023-12,24,0.002847737913232402,0.03417285495878882,0.05430115565887162,0.1816693104413825,0.5,0.2624449790038712,0,2,0.27395393422676245,-0.22484204722103385,-0.015245939800224257,-0.01809367771345666,-0.004462603209289275,-0.0535512385114713,-0.40874635123856573,0.4166666666666667,-0.018936168276408833,-1.4161201157267809,1.0,0.6645764656837888,0.6645764656837888,0.3354753160167796,0.3354753160167796,1,24
validation,quintile,12,6,no_skip,2022-01,2024-05,29,-0.006813480122821089,-0.08176176147385306,0.04706470051046429,-0.5014923550384807,0.5172413793103449,-0.8226451306552869,5,3,-0.7703056507274602,-0.2716804312540285,-0.012055306375202284,-0.005241826252381197,-0.009752387176114435,-0.11702864611337321,-1.1706169777403974,0.4827586206896552,-0.013503114890551962,-1.621208669736835,6.0,0.2671733684812137,0.2671733684812137,0.13161895594087958,0.13161895594087963,1,29
validation,quintile,12,12,no_skip,2022-01,2024-11,35,-0.0043947356503894084,-0.0527368278046729,0.043171719453776534,-0.3526338783174337,0.5142857142857142,-0.6676666507218626,11,3,-0.575477541672119,-0.2722508346075738,-0.004791640526971894,-0.00039690487658248586,-0.0066112063943628415,-0.0793344767323541,-1.001870954899118,0.5142857142857142,-0.005882994984157269,-0.6866280992138771,9.0,0.20149734036122113,0.20149734036122113,0.0992140415623067,0.09921404156230676,1,35
validation,quintile,12,12,skip1,2022-01,2024-11,35,-0.003922015406608102,-0.04706418487929723,0.043913758997092656,-0.3093850359183729,0.5142857142857142,-0.5778854664259935,11,3,-0.5090028596446052,-0.27877816937800715,-0.004677262236723771,-0.00075524683011567,-0.006177184881391922,-0.07412621857670307,-0.9108286644318789,0.4857142857142857,-0.0057938753647953254,-0.707628024937025,9.0,0.20501540679852917,0.20501540679852914,0.10151028437014153,0.10151028437014152,1,35
validation,quintile,12,18,no_skip,2022-01,2025-05,41,-0.005235809620755931,-0.06282971544907118,0.039707513782229364,-0.4567744196548409,0.5121951219512195,-1.1265316377463823,17,3,-0.8268659307594284,-0.26362761106806964,-0.006241567526425641,-0.0010057579056697108,-0.0070938451472680845,-0.08512614176721701,-1.4948136320788452,0.4634146341463415,-0.007164117412765238,-1.4694891973850568,11.0,0.16891232059201391,0.16891232059201391,0.08386817148541768,0.08386817148541773,1,41
validation,quintile,12,24,no_skip,2022-01,2025-11,47,-0.002030558628610094,-0.024366703543321128,0.03560194035693606,-0.19757522636346242,0.425531914893617,-0.7757341046352046,23,3,-0.38094458074658594,-0.20264506708215235,-2.8264174215278057e-05,0.0020022944543948164,-0.0036907212806739638,-0.044288655368087564,-1.4243478648372279,0.425531914893617,-0.0008574798825045559,-0.12374155700140535,12.0,0.1509238774603518,0.1509238774603518,0.07538324620811623,0.07538324620811626,1,47
validation,quintile,12,30,no_skip,2022-01,2026-04,52,0.0010527723062622107,0.012633267675146529,0.0347998340182148,0.10479677128880473,0.5384615384615384,0.4371776678108705,29,3,0.21199989718321627,-0.20264506708215235,0.0026288051298062015,0.0015760328235439906,-0.000423799614528312,-0.005085595374339744,-0.18228652522830283,0.5,0.001885825407170222,0.24889105313486043,13.5,0.13423381098095655,0.13423381098095655,0.06754361114872495,0.067543611148725,1,52
validation,quintile,12,36,no_skip,2022-01,2026-04,52,0.0035787194552953008,0.04294463346354361,0.03358097471418187,0.36916879127924335,0.5384615384615384,1.188693185113589,35,3,0.7130212436536356,-0.20264506708215235,0.0036156829546604356,3.6963499365134745e-05,0.0022380816702049127,0.026856980042458952,0.7318452326722689,0.5384615384615384,0.0029390797620938436,0.3787577902432556,13.5,0.12187616228094435,0.1218761622809444,0.06150938114241725,0.06150938114241729,1,52
validation,quintile,12,42,no_skip,2022-01,2026-04,52,0.0023204221480323155,0.027845065776387786,0.03301290315548966,0.2434859507187421,0.5192307692307693,1.068159083252511,41,3,0.48888689219255166,-0.20264506708215235,0.00352945580967957,0.001209033661647255,0.0012083813777168891,0.01450057653260267,0.48552494766274296,0.5192307692307693,0.0029582717521859847,0.4178666518766362,11.0,0.10109461548322053,0.10109461548322053,0.051925823408507855,0.05192582340850787,1,52
validation,quintile,12,48,no_skip,2022-01,2026-04,52,0.0010345734254527277,0.012414881105432733,0.03608459120404921,0.09931850007177667,0.5384615384615384,0.2571486271476435,47,3,0.18978374065063386,-0.22073114230678248,0.002146198291005454,0.0011116248655527257,0.00026952968225989166,0.0032343561871186997,0.06406450931816543,0.5384615384615384,0.0017546089494548981,0.3711184875379338,5.0,0.06954943119934874,0.06954943119934874,0.035599031050050536,0.035599031050050564,1,52
validation,quintile,18,1,no_skip,2022-01,2023-12,24,0.007491544736272862,0.08989853683527435,0.05713459443203211,0.45421644239851394,0.4583333333333333,0.6561748068447388,0,2,0.5955303122549445,-0.1264266533967725,-0.009020020698688003,-0.01651156543496087,0.001088805944630962,0.013065671335571544,0.0961266553044893,0.4166666666666667,-0.012286136746641163,-0.9586391315004745,1.0,0.5820671628765364,0.5820671628765365,0.29691964072301463,0.29691964072301474,1,24
validation,quintile,18,6,no_skip,2022-01,2024-05,29,-0.002152655419715877,-0.025831865036590525,0.052369613262283794,-0.14239206004683824,0.5517241379310345,-0.19128611671342202,5,3,-0.19928837240812944,-0.27270455642165636,-0.009374837095504365,-0.007222181675788485,-0.004879616278232101,-0.05855539533878522,-0.43267617129193475,0.5172413793103449,-0.010736238572786137,-1.2019142517152825,6.0,0.24790553259238404,0.24790553259238404,0.12376377066197937,0.1237637706619794,1,29
validation,quintile,18,12,no_skip,2022-01,2024-11,35,0.001032794978960124,0.012393539747521488,0.04984317051313569,0.07177927723877553,0.5142857142857142,0.1239188711557782,11,3,0.11815649097405588,-0.28152372269909776,-0.0019811688826107247,-0.0030139638615708487,-0.0010124536292480289,-0.012149443550976347,-0.12189897976428754,0.4857142857142857,-0.002998523588489959,-0.3625922051170343,9.0,0.1859316916552866,0.18593169165528659,0.09248679144356667,0.09248679144356668,1,35
validation,quintile,18,18,no_skip,2022-01,2025-05,41,0.0010985294128976945,0.013182352954772335,0.04421213186811313,0.08607179415928126,0.43902439024390244,0.1889254524698465,17,3,0.15693513270075912,-0.2247100958051983,-0.0029930091179991075,-0.004091538530896803,-0.0006494425998768579,-0.007793311198522295,-0.11133077094250825,0.43902439024390244,-0.0038669159388395914,-0.8856512259303989,11.0,0.15890654661586828,0.15890654661586828,0.07944607462186208,0.0794460746218621,1,41
validation,quintile,18,18,skip1,2022-01,2025-05,41,0.0017041580087494555,0.020449896104993467,0.045744276187203184,0.12905169788674847,0.4878048780487805,0.31610309818108556,17,3,0.24500917778644124,-0.21110463991994122,-0.0019042738054263608,-0.003608431814175817,-5.512271947954345e-05,-0.0006614726337545215,-0.010155856241366666,0.4634146341463415,-0.002781667766298501,-0.649547167949044,11.0,0.1599346116571819,0.15993461165718187,0.07976308735201271,0.07976308735201271,1,41
validation,quintile,18,24,no_skip,2022-01,2025-11,47,0.005035737113153521,0.06042884535784225,0.03881388029400243,0.4494347108547084,0.5106382978723404,1.486893343758097,23,3,0.8734698383652808,-0.16735474500008363,0.003301761105737492,-0.0017339760074160315,0.003480499584402679,0.04176599501283215,1.0804515773281875,0.48936170212765956,0.0025200034773487506,0.39379155444664415,12.0,0.14138522988644023,0.14138522988644023,0.0710688753080674,0.07106887530806741,1,47
validation,quintile,18,30,no_skip,2022-01,2026-04,52,0.0065882424670825075,0.0790589096049901,0.036079557001232894,0.6325560308392861,0.5192307692307693,2.8820975431980975,29,3,1.2815528117020085,-0.14261739260962603,0.005065378366218642,-0.0015228641008638681,0.005197612478324404,0.06237134973989285,2.3842895100874872,0.4807692307692308,0.004366349497002053,0.67799423694428,13.5,0.12642090806891865,0.12642090806891865,0.06354807901968972,0.06354807901968974,1,52
validation,quintile,18,36,no_skip,2022-01,2026-04,52,0.007065299513518003,0.08478359416221604,0.03402512788207866,0.719318838154929,0.5769230769230769,3.1964577771143365,35,3,1.5119088480586405,-0.14222542314865028,0.005351684779110104,-0.0017136147344078989,0.005770869696519434,0.0692504363582332,2.4299603446760814,0.5769230769230769,0.004696313695538209,0.7788471699473594,13.5,0.1176754379089605,0.11767543790896047,0.059579189415626906,0.059579189415626906,1,52
validation,quintile,18,42,no_skip,2022-01,2026-04,52,0.004173306527121405,0.05007967832545686,0.03869067372117327,0.3736496806762712,0.5576923076923077,0.7835835784011718,41,3,0.7105941976222684,-0.2200043931773762,0.004892147428436925,0.0007188409013155193,0.0031566498617555177,0.03787979834106621,0.5715738941441503,0.5576923076923077,0.004371714167192482,0.8757321987974632,11.0,0.09242333321508066,0.09242333321508069,0.04731211465858583,0.047312114658585834,1,52
validation,quintile,18,48,no_skip,2022-01,2026-04,52,0.004626196428359627,0.05551435714031552,0.038288235199760684,0.4185519242611961,0.5769230769230769,0.8948092417808962,47,3,0.7782154081392478,-0.226942813173181,0.005227576548692593,0.0006013801203329627,0.003887062048942285,0.04664474458730742,0.7347023113994456,0.5769230769230769,0.004847853139055448,1.069730618369275,5.0,0.06719403449248572,0.06719403449248572,0.034520309967013205,0.034520309967013225,1,52
validation,quintile,24,1,no_skip,2022-01,2023-12,24,0.015002730335050505,0.18003276402060606,0.056744616580162034,0.9158751176282287,0.5833333333333334,1.3231008882684425,0,2,1.3172517156280799,-0.1353175975946922,-0.004966021348838943,-0.01996875168388945,0.00915765464656538,0.10989185575878457,0.8118697722983448,0.5,-0.007908983003736412,-0.6875643425600995,1.0,0.5313705171350114,0.5313705171350114,0.26754196862704277,0.26754196862704277,1,24
validation,quintile,24,6,no_skip,2022-01,2024-05,29,0.0018076069246060749,0.0216912830952729,0.06083406034456418,0.10293138468146996,0.5172413793103449,0.14568765510055334,5,3,0.1506404494463499,-0.2771995044371096,-0.006415984099893368,-0.008223591024499443,-0.0007341100765061109,-0.00880932091807333,-0.05870725033857125,0.4827586206896552,-0.007680600333771028,-0.9770102024254107,6.0,0.23106518191928938,0.23106518191928932,0.1149651121706962,0.11496511217069622,1,29
validation,quintile,24,12,no_skip,2022-01,2024-11,35,0.007161686056537234,0.0859402326784468,0.05456677125924802,0.4546504706626847,0.5428571428571428,0.8173783448427624,11,3,0.7157566331607195,-0.26250071039348555,0.0015927355074679048,-0.005568950549069325,0.00521213934004278,0.06254567208051336,0.5972891560156185,0.5428571428571428,0.0006204083257136885,0.08248610964733821,9.0,0.17723151968131404,0.17723151968131404,0.08839338015947407,0.08839338015947407,1,35
validation,quintile,24,18,no_skip,2022-01,2025-05,41,0.005811296962119438,0.06973556354543325,0.048405135493697515,0.41588403765844584,0.5365853658536586,1.0207924970902158,17,3,0.7506923796628916,-0.17934769489969637,3.6098252022068917e-05,-0.005775198710097367,0.0041554491764713465,0.04986539011765616,0.7211447730708174,0.5365853658536586,-0.0007898460379930714,-0.21523495400250856,11.0,0.15053161687709907,0.15053161687709904,0.07508584454683112,0.07508584454683111,1,41
validation,quintile,24,24,no_skip,2022-01,2025-11,47,0.00988508714504698,0.11862104574056376,0.04269184913374041,0.8020956468215302,0.5957446808510638,3.0151262176043683,23,3,1.5762136658937338,-0.17139363056137547,0.006488119336596114,-0.003396967808450869,0.0084104858152087,0.10092582978250439,2.622214997069444,0.5957446808510638,0.005751695604311383,0.9719311665258218,12.0,0.134054666348935,0.13405466634893504,0.06694761202588452,0.06694761202588452,1,47
validation,quintile,24,24,skip1,2022-01,2025-11,47,0.010637256605215408,0.1276470792625849,0.043571843613262544,0.8456960902050369,0.6170212765957447,3.6000728984814137,23,3,1.7311323304425286,-0.19363374794045707,0.007058533710632167,-0.003578722894583241,0.009158833649213969,0.10990600379056763,3.1390435813805375,0.6170212765957447,0.006318217083603146,1.081196028107853,12.0,0.13440208690922165,0.1344020869092217,0.06730151154809266,0.06730151154809266,1,47
validation,quintile,24,30,no_skip,2022-01,2026-04,52,0.009291562575732349,0.11149875090878819,0.03894221822817287,0.8265301359351486,0.6153846153846154,2.9848877675063505,29,3,1.7524637925246376,-0.17139363056137547,0.006868232688316583,-0.0024233298874157647,0.007958269748161047,0.09549923697793257,2.526793706346448,0.6153846153846154,0.006199889976229227,1.22849387353257,13.5,0.12120843887011842,0.12120843887011847,0.06075842837157774,0.06075842837157774,1,52
validation,quintile,24,36,no_skip,2022-01,2026-04,52,0.006950080103480389,0.08340096124176467,0.04086354520522322,0.5891751092787171,0.6153846153846154,1.2460932846925719,35,3,1.178090494069366,-0.17848531356102804,0.006075098849959785,-0.0008749812535206046,0.005798576612727537,0.06958291935273045,1.0033180404795075,0.6153846153846154,0.005479883698195405,1.2878386361357754,13.5,0.10468213552298646,0.10468213552298646,0.05411046834221636,0.05411046834221635,1,52
validation,quintile,24,42,no_skip,2022-01,2026-04,52,0.006589038330151265,0.07906845996181518,0.046334207235804434,0.492618729948694,0.5769230769230769,0.9634550687874067,41,3,0.9431156878420611,-0.2542177633362662,0.0064713777448355695,-0.00011766058531569434,0.0056415451253001,0.06769854150360119,0.8062787924460555,0.5769230769230769,0.005986636965474959,1.508380291226449,11.0,0.08613574589556051,0.0861357458955605,0.04406734357823748,0.04406734357823746,1,52
validation,quintile,24,48,no_skip,2022-01,2026-04,52,0.00841947174606131,0.10103366095273572,0.05017811841017207,0.5812474958850825,0.5769230769230769,1.361255599987734,47,3,1.186994585832781,-0.22949441521457126,0.007270659728474863,-0.0011488120175864472,0.007716998373150042,0.09260398047780051,1.2301268196303523,0.5769230769230769,0.0069064974012491434,2.031347165086834,5.0,0.0638612157192061,0.06386121571920608,0.03310566611142904,0.033105666111429025,1,52
validation,quintile,30,1,no_skip,2022-01,2023-12,24,0.021336298104807843,0.2560355772576941,0.06060505227959203,1.2195535181612913,0.625,1.7618038880111784,0,2,1.7817635847782058,-0.16596820405854806,0.0020067399498218,-0.019329558154986038,0.01599585135874716,0.1919502163049659,1.3233644213930484,0.5833333333333334,-0.0006328515752351249,-0.06395143563819998,1.0,0.4854951587327893,0.4854951587327892,0.23996286591426566,0.23996286591426566,1,24
validation,quintile,30,6,no_skip,2022-01,2024-05,29,0.008887151652427087,0.10664581982912505,0.06122289840996142,0.5028510115120216,0.5172413793103449,0.708085705972321,5,3,0.7294594916405678,-0.22026529497538272,-0.0006058443966410689,-0.009492996049068154,0.006553240211856975,0.0786388825422837,0.5186531682539594,0.5172413793103449,-0.0017814273479823302,-0.2411060816854188,6.0,0.21217376732455562,0.2121737673245556,0.10687117739466014,0.10687117739466015,1,29
validation,quintile,30,12,no_skip,2022-01,2024-11,35,0.011767273652836956,0.14120728383404346,0.056942515733949796,0.7158628511781232,0.6,1.304522749351959,11,3,1.1782894793077539,-0.20906054844878785,0.004146094765397156,-0.007621178887439802,0.009969575528985955,0.11963490634783147,1.1092261557612473,0.5714285714285714,0.003231788919990392,0.49002454026429226,9.0,0.16342710216827308,0.16342710216827308,0.08311871321879657,0.08311871321879656,1,35
validation,quintile,30,18,no_skip,2022-01,2025-05,41,0.012816498536238246,0.15379798243485895,0.05132125253183243,0.8650929408290563,0.6097560975609756,2.3016939682421538,17,3,1.6534845184690283,-0.20313067738281276,0.004235330444415454,-0.00858116809182279,0.011284491478564264,0.13541389774277116,2.028880011339075,0.5609756097560976,0.0034579863183562165,1.0698696871247353,11.0,0.13927336887945277,0.13927336887945277,0.07066764782356702,0.07066764782356702,1,41
validation,quintile,30,24,no_skip,2022-01,2025-11,47,0.012394703366285748,0.148736440395429,0.04766140440700809,0.9008654378633978,0.6170212765957447,2.387479203963321,23,3,1.8662730465095294,-0.20313067738281276,0.007333955050234934,-0.005060748316050814,0.011035338166172956,0.13242405799407547,2.0947410456772286,0.5957446808510638,0.006644639372001033,1.7641192727581407,12.0,0.12357865455570848,0.12357865455570845,0.06266506165762714,0.06266506165762716,1,47
validation,quintile,30,30,no_skip,2022-01,2026-04,52,0.010721352555934597,0.12865623067121518,0.04626962323676307,0.8026833180687156,0.6153846153846154,1.7680397912145358,29,3,1.7074272341642158,-0.20313067738281276,0.0077913323553466165,-0.002930020200587984,0.009493714745919406,0.11392457695103288,1.5338472296525505,0.6153846153846154,0.007169298687276595,2.0876323701764874,13.5,0.1116034372741088,0.11160343727410879,0.056548515279092805,0.0565485152790928,1,52
validation,quintile,30,30,skip1,2022-01,2026-04,52,0.010012192226770507,0.12014630672124607,0.049806726989327706,0.6963567646446053,0.6153846153846154,1.4787847745360103,29,3,1.4940163262759958,-0.21664220178617977,0.007849884749857632,-0.002162307476912874,0.008819391968645838,0.10583270362375005,1.2729267973695593,0.5961538461538461,0.007251058009595226,2.0906086513167486,13.5,0.10843638710224256,0.10843638710224254,0.0544387945693096,0.05443879456930959,1,52
validation,quintile,30,36,no_skip,2022-01,2026-04,52,0.010339373988268908,0.1240724878592269,0.049939425501341235,0.7172017253445111,0.5961538461538461,1.3918939141287292,35,3,1.4874499408590263,-0.21548022114518917,0.008193373147962243,-0.0021460008403066644,0.009281592053159031,0.11137910463790837,1.2228893666857976,0.5961538461538461,0.007654535713252637,2.130421165155419,13.5,0.09616199410089801,0.09616199410089801,0.04898522133723694,0.048985221337236935,1,52
validation,quintile,30,42,no_skip,2022-01,2026-04,52,0.011303441241345248,0.135641294896143,0.05677546095272318,0.6896688887011262,0.5961538461538461,1.4675381393776281,41,3,1.4873910937903727,-0.23019825057197751,0.008658209732142333,-0.002645231509202917,0.010442931209719866,0.12531517451663837,1.3381760945802095,0.5769230769230769,0.008226893365827928,2.6056350126945707,11.0,0.07822818469321681,0.07822818469321681,0.03921057875585487,0.03921057875585486,1,52
validation,quintile,30,48,no_skip,2022-01,2026-04,52,0.00935754375776902,0.11229052509322825,0.06233579204306081,0.5200139660151851,0.5576923076923077,1.09860911170257,47,3,1.1271484664153921,-0.2994362692517154,0.007690823355703728,-0.0016667204020652927,0.00868355648225681,0.10420267778708171,1.0115198259450608,0.5576923076923077,0.007340531898262332,2.8041393810115403,5.0,0.06127157050111016,0.06127157050111016,0.0318446779492176,0.0318446779492176,1,52
validation,quintile,36,1,no_skip,2022-01,2023-12,24,0.02232197469086458,0.26786369629037493,0.06421808647210679,1.2041091976989151,0.625,1.7394925556808605,0,2,1.5590289668970947,-0.16660535541403076,0.0015559009045730428,-0.02076607378629154,0.017579378177838157,0.2109525381340579,1.3715106677761566,0.5833333333333334,-0.000792397205519379,-0.0828227654960675,1.0,0.43114513754785616,0.43114513754785616,0.2134816463720383,0.2134816463720383,1,24
validation,quintile,36,6,no_skip,2022-01,2024-05,29,0.011821880985177743,0.1418625718221329,0.0587353193969913,0.6972328989636565,0.5517241379310345,0.977914596891253,5,3,0.9812809497227125,-0.20818766854055182,1.1420066507980888e-05,-0.01181046091866976,0.009668572031268429,0.11602286437522115,0.7935199148302979,0.5172413793103449,-0.0010677060543229232,-0.14141329548489967,6.0,0.19575535944630132,0.19575535944630132,0.09810237462099133,0.09810237462099132,1,29
validation,quintile,36,12,no_skip,2022-01,2024-11,35,0.017192769697379158,0.2063132363685499,0.05432593748906831,1.0962995583714865,0.6285714285714286,2.1833697064353568,11,3,1.8333469927591843,-0.17742844785460876,0.006854892863365368,-0.01033787683401379,0.015527386898842128,0.18632864278610553,1.9896670186580836,0.6,0.006006177268704482,0.8499597120547994,9.0,0.15139843623063912,0.15139843623063912,0.07715596315098971,0.07715596315098971,1,35
validation,quintile,36,18,no_skip,2022-01,2025-05,41,0.015963331958026225,0.1915599834963147,0.049705661033910636,1.112521247450114,0.5853658536585366,3.0170928496133103,17,3,2.1482123251394283,-0.17742844785460876,0.005342906931734456,-0.010620425026291768,0.014537500075611923,0.17445000090734308,2.7217627824741695,0.5853658536585366,0.00461900336490786,1.4225940984844374,11.0,0.12962108021948196,0.12962108021948196,0.06580941516605435,0.06580941516605435,1,41
validation,quintile,36,24,no_skip,2022-01,2025-11,47,0.015449749446246509,0.1853969933549581,0.0473983487701906,1.129142752835205,0.6595744680851063,2.8806245212779307,23,3,2.363889324687013,-0.17742844785460876,0.009082153493359717,-0.006367595952886799,0.014186695523894446,0.17024034628673335,2.596858909985961,0.6595744680851063,0.008441226764751269,2.063592425999465,12.0,0.11482308385018763,0.11482308385018768,0.0582660662371316,0.05826606623713159,1,47
validation,quintile,36,30,no_skip,2022-01,2026-04,52,0.011068154689203098,0.13281785627043718,0.048079967992499105,0.7974467150528163,0.5576923076923077,1.3649280336590086,29,3,1.581812950783937,-0.21251447214508767,0.007768671645292503,-0.0032994830439105937,0.009951777712627858,0.1194213325515343,1.2070738928769735,0.5576923076923077,0.007207735382561731,2.1390388843000787,13.5,0.10148881605229405,0.10148881605229405,0.05099420570279738,0.05099420570279736,1,52
validation,quintile,36,36,no_skip,2022-01,2026-04,52,0.013169997396275087,0.15803996875530105,0.0525878605214033,0.867542600125903,0.6346153846153846,1.7390901300452386,35,3,1.8890089092675018,-0.17962931408863947,0.008663133292172203,-0.004506864104102885,0.012182537897062674,0.1461904547647521,1.5811233444758235,0.6153846153846154,0.008180057162831723,2.387330451734197,13.5,0.0897690453829466,0.08976904538294658,0.04391601175822561,0.043916011758225605,1,52
validation,quintile,36,36,skip1,2022-01,2026-04,52,0.012079637888907832,0.14495565466689397,0.05588150902473595,0.7488182379384584,0.6346153846153846,1.4302416783812244,35,3,1.6257580769264022,-0.22765103590212565,0.008094431215458827,-0.003985206673449003,0.011134135218245902,0.13360962261895082,1.2994374888830058,0.6346153846153846,0.007633490117234632,2.2733704478251724,13.5,0.08595478824199348,0.08595478824199347,0.0419037362021995,0.0419037362021995,1,52
validation,quintile,36,42,no_skip,2022-01,2026-04,52,0.010288005985909046,0.12345607183090856,0.06077123040707826,0.5864402927768175,0.5769230769230769,1.0497516067460506,41,3,1.220775323404128,-0.31798386597554795,0.0076683536390593785,-0.0026196523468496654,0.009462485648978681,0.11354982778774417,0.9562841238905737,0.5769230769230769,0.007278406901183538,2.4096516833703587,11.0,0.0750473033573061,0.07504730335730608,0.03544970344325844,0.035449703443258436,1,52
validation,quintile,36,48,no_skip,2022-01,2026-04,52,0.009768697863062493,0.11722437435674991,0.06314786683668051,0.535881316984901,0.5576923076923077,1.0649428079580268,47,3,1.1520930071454334,-0.3191309049362042,0.00734443964799906,-0.0024242582150634314,0.009118416221924051,0.1094209946630886,0.9872316468259507,0.5576923076923077,0.00702474530530472,2.7318063046948833,5.0,0.059116512830767395,0.0591165128307674,0.029063122063122063,0.029063122063122067,1,52
validation,quintile,42,1,no_skip,2022-01,2023-12,24,0.025241390977412136,0.3028966917289456,0.06037378438048848,1.448289918387744,0.625,2.0922434080875316,0,2,2.02868874040005,-0.1659470770443664,0.0018785153118637092,-0.023362875665548427,0.020710820216540193,0.24852984259848232,1.7187194333989175,0.5833333333333334,-0.0003290668394502116,-0.03440043807550902,1.0,0.4118700691701765,0.4118700691701765,0.2006892864830836,0.20068928648308357,1,24
validation,quintile,42,6,no_skip,2022-01,2024-05,29,0.016395504996759683,0.19674605996111622,0.05386821604562625,1.054345205940522,0.6206896551724138,1.7831347050546666,5,3,1.653224338693236,-0.1662957363262081,0.0033109562599250896,-0.013084548736834598,0.014347823234196078,0.17217387881035295,1.5425550853906016,0.6206896551724138,0.002267301132375684,0.299848008110337,6.0,0.18615288750578268,0.18615288750578263,0.09487773886812766,0.09487773886812764,1,29
validation,quintile,42,12,no_skip,2022-01,2024-11,35,0.018521631984048714,0.22225958380858457,0.05207888815475411,1.2319928006195966,0.6857142857142857,3.160522755162744,11,3,2.3294517867333204,-0.1662957363262081,0.008419021926426061,-0.010102610057622651,0.016937005232457312,0.20324406278948776,2.866791562858124,0.6571428571428571,0.00761423752968883,1.1282915757112368,9.0,0.14405697741740028,0.14405697741740026,0.07316221788520265,0.07316221788520264,1,35
validation,quintile,42,18,no_skip,2022-01,2025-05,41,0.01842890876465998,0.22114690517591973,0.050131119978054535,1.2734527504039699,0.6341463414634146,4.529055484339162,17,3,2.703320921784995,-0.1662957363262081,0.0076545083320001496,-0.010774400432659828,0.017077593383939427,0.20493112060727314,4.108503667970556,0.6341463414634146,0.006970284013635396,2.0174374899895486,11.0,0.12284685279277748,0.12284685279277748,0.06220221076043227,0.06220221076043227,1,41
validation,quintile,42,24,no_skip,2022-01,2025-11,47,0.015341790293551767,0.1841014835226212,0.05022559946609507,1.058136111862108,0.5957446808510638,2.673629108438414,23,3,2.2673742419798772,-0.1662957363262081,0.009470114581400782,-0.00587167571215098,0.014144007250417057,0.1697280870050047,2.3932255703480525,0.5957446808510638,0.008862987118359084,2.3627906231112195,12.0,0.10888936755770086,0.10888936755770083,0.055193405731063676,0.05519340573106367,1,47
validation,quintile,42,30,no_skip,2022-01,2026-04,52,0.011956843743469971,0.14348212492163964,0.05072356058353686,0.816577567647085,0.5384615384615384,1.5664252870226911,29,3,1.7368306480987368,-0.19025557283269268,0.008139270838805815,-0.0038175729046641587,0.01088988903565621,0.1306786684278745,1.4001960813244012,0.5384615384615384,0.007599229902301507,2.3340158306451384,13.5,0.09699588252852398,0.09699588252852398,0.049094630591300766,0.049094630591300745,1,52
validation,quintile,42,36,no_skip,2022-01,2026-04,52,0.010672194233343014,0.12806633080011617,0.0573200585629039,0.64496733268715,0.5769230769230769,1.1925719978727876,35,3,1.376888445903367,-0.2723693674194949,0.008021197937370748,-0.0026509962959722676,0.009765965189624927,0.11719158227549911,1.0772715671301885,0.5769230769230769,0.007580721507622481,2.2398568021348093,13.5,0.08238445851982629,0.08238445851982626,0.04004331179529674,0.04004331179529673,1,52
validation,quintile,42,42,no_skip,2022-01,2026-04,52,0.009820467875282384,0.11784561450338861,0.06084302506769579,0.5591289813470559,0.5769230769230769,1.0358861409548425,41,3,1.1773235780086595,-0.3139791908091534,0.007585360342036463,-0.002235107533245924,0.008985038903236589,0.10782046683883906,0.9360228752209819,0.5769230769230769,0.0071964505217839946,2.3319278918199604,11.0,0.07594808836779979,0.07594808836779977,0.03535543820476984,0.03535543820476983,1,52
validation,quintile,42,42,skip1,2022-01,2026-04,52,0.009774484414281257,0.11729381297137509,0.062188090619277554,0.544474141422737,0.5961538461538461,1.0763422778303509,41,3,1.1813625871497064,-0.30391577327873154,0.007711563435298948,-0.002062920978982307,0.00896827319835601,0.1076192783802721,0.9755515572868633,0.5961538461538461,0.007330970130235216,2.432347533750107,11.0,0.07329192872047724,0.07329192872047724,0.03459939136943047,0.03459939136943047,1,52
validation,quintile,42,48,no_skip,2022-01,2026-04,52,0.010262101172951978,0.12314521407542374,0.059292960749650944,0.5995477506685187,0.5961538461538461,1.3312824089526445,47,3,1.3306824459392415,-0.2587894540795157,0.008088234704361588,-0.0021738664685903917,0.009614196569276133,0.11537035883131361,1.237463493521163,0.5961538461538461,0.0077670225458680376,3.147715189119265,5.0,0.058900418515986076,0.05890041851598609,0.02920110531759555,0.029201105317595545,1,52
validation,quintile,48,1,no_skip,2022-01,2023-12,24,0.024169665660412582,0.290035987924951,0.05723428840173191,1.4628674556743715,0.6666666666666666,2.1133025592332144,0,2,2.085803897912381,-0.12944597920433998,0.0015034140245269133,-0.022666251635885672,0.019529231355448113,0.23435077626537737,1.7055659489699755,0.6666666666666666,-0.0007243077037629164,-0.071391599732914,1.0,0.4218576640876794,0.4218576640876794,0.20252015711725727,0.20252015711725724,1,24
validation,quintile,48,6,no_skip,2022-01,2024-05,29,0.01917546307407185,0.2301055568888622,0.058171497797613575,1.1418951741110526,0.6896551724137931,2.1789609021655076,5,3,1.9369063391056869,-0.16075062341453905,0.004075661724813281,-0.015099801349258566,0.017150904101694706,0.2058108492203365,1.94598159973293,0.6551724137931034,0.0030590067946501044,0.37029710004593225,6.0,0.18405081567064913,0.1840508156706492,0.09242317546937985,0.09242317546937982,1,29
validation,quintile,48,12,no_skip,2022-01,2024-11,35,0.02036329596837851,0.24435955162054213,0.054609857906153234,1.2917178172265464,0.6857142857142857,4.210178889289922,11,3,2.579263276188401,-0.16075062341453905,0.009269581709893011,-0.011093714258485501,0.018850458739272612,0.22620550487127133,3.881592284644526,0.6857142857142857,0.00851483254438082,1.1918464079277213,9.0,0.13753065719144536,0.13753065719144533,0.06861356050110834,0.06861356050110833,1,35
validation,quintile,48,18,no_skip,2022-01,2025-05,41,0.019460296096524977,0.23352355315829973,0.053130271420071484,1.2688142058608818,0.6341463414634146,5.175517577191474,17,3,2.7806879772460267,-0.16075062341453905,0.007860254335930007,-0.011600041760594973,0.018155808934999636,0.21786970721999563,4.77550535003662,0.6341463414634146,0.007212240299642596,1.9338837724409588,11.0,0.1185897419568494,0.11858974195684938,0.05891036693521929,0.05891036693521929,1,41
validation,quintile,48,24,no_skip,2022-01,2025-11,47,0.0145463693146438,0.1745564317757256,0.05467949229095277,0.9215539377929698,0.574468085106383,2.2534282210054166,23,3,1.9408736674389622,-0.16724145049006267,0.00897621129423686,-0.005570158020406936,0.013386861564506544,0.16064233877407852,2.0288033089335036,0.574468085106383,0.008398671099358292,2.216932881476912,12.0,0.10540979546702298,0.10540979546702295,0.05250365407986972,0.052503654079869705,1,47
validation,quintile,48,30,no_skip,2022-01,2026-04,52,0.009751335787255806,0.11701602944706967,0.055750691989006604,0.6059049106878238,0.5576923076923077,1.0487979856056056,29,3,1.2457170059070497,-0.2937591223971552,0.0068383416012994264,-0.0029129941859563817,0.00871763979487724,0.10461167753852688,0.9255792839627256,0.5576923076923077,0.006328342864693585,1.7807071758310082,13.5,0.09397236294350621,0.09397236294350622,0.04636352150962208,0.04636352150962206,1,52
validation,quintile,48,36,no_skip,2022-01,2026-04,52,0.010164998928999481,0.12197998714799377,0.05742381613313731,0.6132053140839707,0.5961538461538461,1.1169175906839426,35,3,1.2905155876551202,-0.29515292585033026,0.007099092523689974,-0.0030659064053095105,0.009205208768123514,0.11046250521748216,0.997166239466362,0.5961538461538461,0.006620250743853049,1.8719009532408033,13.5,0.08725365098872451,0.08725365098872451,0.04353107089426581,0.043531070894265826,1,52
validation,quintile,48,42,no_skip,2022-01,2026-04,52,0.009963607052345178,0.11956328462814214,0.057543274810473784,0.5998085336002563,0.6153846153846154,1.1681737646143362,41,3,1.2897307298118554,-0.2820672375117801,0.007541801211978786,-0.002421805840366393,0.00910648101475831,0.10927777217709972,1.0562906052313379,0.6153846153846154,0.007134337442949237,2.450216722049616,11.0,0.07792054887153409,0.07792054887153411,0.03704216082086837,0.03704216082086835,1,52
validation,quintile,48,48,no_skip,2022-01,2026-04,52,0.011114019795997014,0.13336823755196417,0.05630091932600844,0.6838270917576466,0.6153846153846154,1.6647796806108512,47,3,1.5560299451513122,-0.2139578152336089,0.006735104098727542,-0.00437891569726947,0.010424586330222255,0.12509503596266708,1.54458849268808,0.6153846153846154,0.006396546035131612,2.4640279802598855,5.0,0.06267576961588685,0.06267576961588685,0.03077800578144826,0.03077800578144824,1,52
validation,quintile,48,48,skip1,2022-01,2026-04,52,0.012484167063157721,0.14981000475789266,0.05948798593739224,0.7269774325970397,0.6538461538461539,2.0059154677836912,47,3,1.7269068600851298,-0.1843898090825874,0.007492823467951983,-0.004991343595205742,0.011815563112655424,0.14178675735186508,1.8792153264568212,0.6538461538461539,0.007168486276692552,2.9259498011030733,5.0,0.0607821773183907,0.060782177318390675,0.029485199205402705,0.029485199205402705,1,52
