threshold_id,cluster_split_bucket,episode_cluster_id,cluster_anchor_n,cluster_mean_membership_vector,cluster_top1_prototype,cluster_top2_prototype,cluster_membership_entropy,cluster_within_membership_dispersion,cluster_sharp_anchor_share,cluster_out_of_prototype_residual_share
up100pct,train,up100pct::SH600004::000000,1,"{""choppy_reversal_winner"": 0.12285866582688162, ""jump_repricing_winner"": 0.11217668029481705, ""late_rescue_winner"": 0.07071345920398706, ""slow_grind_winner"": 0.0, ""smooth_trend_winner"": 0.10992451783649809, ""stair_step_winner"": 0.5843266768378163}",stair_step_winner,choppy_reversal_winner,0.6959641314545286,0.0,0.0,0.0
up100pct,train,up100pct::SH600009::000000,5,"{""choppy_reversal_winner"": 0.3329080565947848, ""jump_repricing_winner"": 0.03462938644581447, ""late_rescue_winner"": 0.24776716210382227, ""slow_grind_winner"": 0.0, ""smooth_trend_winner"": 0.026095832658026896, ""stair_step_winner"": 0.3585995621975516}",stair_step_winner,choppy_reversal_winner,0.7206489993198081,0.0015200898230114245,0.0,1.0
up100pct,train,up100pct::SH600010::000000,370,"{""choppy_reversal_winner"": 0.2708553173779607, ""jump_repricing_winner"": 0.08451560134442088, ""late_rescue_winner"": 0.19518089256261117, ""slow_grind_winner"": 0.0, ""smooth_trend_winner"": 0.07820814493611598, ""stair_step_winner"": 0.3712400437788912}",stair_step_winner,choppy_reversal_winner,0.8085161212930917,0.10125748336296973,0.0,0.024324324324324326
up100pct,train,up100pct::SH600019::000000,216,"{""choppy_reversal_winner"": 0.25175851308212593, ""jump_repricing_winner"": 0.049435768787179445, ""late_rescue_winner"": 0.1722111373903685, ""slow_grind_winner"": 0.0, ""smooth_trend_winner"": 0.0398909466401362, ""stair_step_winner"": 0.4867036341001899}",stair_step_winner,choppy_reversal_winner,0.7131635141270055,0.03615311744071715,0.0,0.49074074074074076
up100pct,train,up100pct::SH600031::000000,39,"{""choppy_reversal_winner"": 0.05594660723218219, ""jump_repricing_winner"": 0.28492040438624155, ""late_rescue_winner"": 0.03385054178610027, ""slow_grind_winner"": 0.0, ""smooth_trend_winner"": 0.38865485495580554, ""stair_step_winner"": 0.23662759163967031}",smooth_trend_winner,jump_repricing_winner,0.7489861425502031,0.027331242041696374,0.0,0.0
up100pct,train,up100pct::SH600036::000000,28,"{""choppy_reversal_winner"": 0.3328942208365036, ""jump_repricing_winner"": 0.026363826292816122, ""late_rescue_winner"": 0.2471736497216091, ""slow_grind_winner"": 0.0, ""smooth_trend_winner"": 0.019648019854810135, ""stair_step_winner"": 0.373920283294261}",stair_step_winner,choppy_reversal_winner,0.6990454738821037,0.01144563974829096,0.0,0.4642857142857143
up100pct,train,up100pct::SH600037::000000,1,"{""choppy_reversal_winner"": 0.5075400586980405, ""jump_repricing_winner"": 0.016921045191673107, ""late_rescue_winner"": 0.2638875429386526, ""slow_grind_winner"": 0.0, ""smooth_trend_winner"": 0.009562227758790018, ""stair_step_winner"": 0.20208912541284385}",choppy_reversal_winner,late_rescue_winner,0.6320048863451027,0.0,0.0,0.0
up100pct,train,up100pct::SH600038::000000,61,"{""choppy_reversal_winner"": 0.361538925049812, ""jump_repricing_winner"": 0.023537479747671404, ""late_rescue_winner"": 0.3119000814610714, ""slow_grind_winner"": 0.0, ""smooth_trend_winner"": 0.01688531467054515, ""stair_step_winner"": 0.2861381990709}",choppy_reversal_winner,late_rescue_winner,0.695634553297857,0.009081726018172552,0.0,0.7049180327868853
up100pct,train,up100pct::SH600056::000000,106,"{""choppy_reversal_winner"": 0.35175840256637664, ""jump_repricing_winner"": 0.02894897715150065, ""late_rescue_winner"": 0.4108161945851973, ""slow_grind_winner"": 0.0, ""smooth_trend_winner"": 0.023561136606619428, ""stair_step_winner"": 0.18491528909030608}",late_rescue_winner,choppy_reversal_winner,0.6897979560993455,0.04250953324392597,0.12264150943396226,0.1320754716981132
up100pct,train,up100pct::SH600062::000000,22,"{""choppy_reversal_winner"": 0.3517050530581389, ""jump_repricing_winner"": 0.019681236403486287, ""late_rescue_winner"": 0.409943956766161, ""slow_grind_winner"": 0.0, ""smooth_trend_winner"": 0.01355263072710448, ""stair_step_winner"": 0.2051171230451092}",late_rescue_winner,choppy_reversal_winner,0.6661736677446756,0.034856164624993115,0.0,0.045454545454545456
up100pct,train,up100pct::SH600095::000000,1,"{""choppy_reversal_winner"": 0.07440322905483614, ""jump_repricing_winner"": 0.32484627603204136, ""late_rescue_winner"": 0.03882294064626044, ""slow_grind_winner"": 0.0, ""smooth_trend_winner"": 0.2539226721321699, ""stair_step_winner"": 0.3080048821346922}",jump_repricing_winner,stair_step_winner,0.7788320278162726,0.0,0.0,0.0
up100pct,train,up100pct::SH600132::000000,255,"{""choppy_reversal_winner"": 0.20210236132306195, ""jump_repricing_winner"": 0.0928126703367874, ""late_rescue_winner"": 0.12435651378587202, ""slow_grind_winner"": 0.0, ""smooth_trend_winner"": 0.09076195512159409, ""stair_step_winner"": 0.4899664994326845}",stair_step_winner,choppy_reversal_winner,0.7648120184093148,0.06158952554277131,0.0,0.23529411764705882
up100pct,train,up100pct::SH600143::000000,209,"{""choppy_reversal_winner"": 0.22541961869633806, ""jump_repricing_winner"": 0.07620196412377905, ""late_rescue_winner"": 0.14569981919973107, ""slow_grind_winner"": 0.0, ""smooth_trend_winner"": 0.06127259050983097, ""stair_step_winner"": 0.4914060074703208}",stair_step_winner,choppy_reversal_winner,0.743896454746946,0.06537648306422199,0.0,0.03827751196172249
up100pct,train,up100pct::SH600161::000000,151,"{""choppy_reversal_winner"": 0.1926631510168233, ""jump_repricing_winner"": 0.06477976082892409, ""late_rescue_winner"": 0.11247173646175046, ""slow_grind_winner"": 0.0, ""smooth_trend_winner"": 0.050503550257654725, ""stair_step_winner"": 0.5795818014348475}",stair_step_winner,choppy_reversal_winner,0.6737760149191967,0.04191855554446694,0.0,0.013245033112582781
up100pct,train,up100pct::SH600166::000000,37,"{""choppy_reversal_winner"": 0.38705321803988013, ""jump_repricing_winner"": 0.01703330252545266, ""late_rescue_winner"": 0.34528962813671893, ""slow_grind_winner"": 0.0, ""smooth_trend_winner"": 0.011756520364852509, ""stair_step_winner"": 0.2388673309330959}",choppy_reversal_winner,late_rescue_winner,0.668721901614015,0.033351253179782804,0.0,0.21621621621621623
up100pct,train,up100pct::SH600185::000000,2,"{""choppy_reversal_winner"": 0.3506785641803135, ""jump_repricing_winner"": 0.03395567944032847, ""late_rescue_winner"": 0.4012555893008517, ""slow_grind_winner"": 0.0, ""smooth_trend_winner"": 0.021552393632469198, ""stair_step_winner"": 0.19255777344603703}",late_rescue_winner,choppy_reversal_winner,0.6968882220261399,0.0009693527954550612,0.0,0.0
up100pct,train,up100pct::SH600196::000000,232,"{""choppy_reversal_winner"": 0.2155275195091163, ""jump_repricing_winner"": 0.10204661086286591, ""late_rescue_winner"": 0.15566853737956043, ""slow_grind_winner"": 0.0, ""smooth_trend_winner"": 0.15978955010708776, ""stair_step_winner"": 0.36696778214136966}",stair_step_winner,choppy_reversal_winner,0.8450520746400271,0.1307152322615556,0.12931034482758622,0.15086206896551724
up100pct,train,up100pct::SH600201::000000,11,"{""choppy_reversal_winner"": 0.2645198009173917, ""jump_repricing_winner"": 0.04272028634864671, ""late_rescue_winner"": 0.19036937880847676, ""slow_grind_winner"": 0.0, ""smooth_trend_winner"": 0.03601176608424659, ""stair_step_winner"": 0.4663787678412383}",stair_step_winner,choppy_reversal_winner,0.7130898907438797,0.008473682789345167,0.0,1.0
up100pct,train,up100pct::SH600211::000000,1,"{""choppy_reversal_winner"": 0.018924373391002593, ""jump_repricing_winner"": 0.26632415930370873, ""late_rescue_winner"": 0.0178423381811535, ""slow_grind_winner"": 0.0, ""smooth_trend_winner"": 0.642267677425605, ""stair_step_winner"": 0.05464145169853034}",smooth_trend_winner,jump_repricing_winner,0.5260068642115392,0.0,0.0,1.0
up100pct,train,up100pct::SH600221::000000,2,"{""choppy_reversal_winner"": 0.11610293073156058, ""jump_repricing_winner"": 0.18151683425251428, ""late_rescue_winner"": 0.07232709158207389, ""slow_grind_winner"": 0.0, ""smooth_trend_winner"": 0.19536946560115487, ""stair_step_winner"": 0.43468367783269657}",stair_step_winner,smooth_trend_winner,0.7985877303986165,0.061160191306828864,0.0,0.0
up100pct,robustness,up100pct::SH600221::000001,10,"{""choppy_reversal_winner"": 0.011006268353433941, ""jump_repricing_winner"": 0.2820320557795616, ""late_rescue_winner"": 0.008459014073943949, ""slow_grind_winner"": 0.0, ""smooth_trend_winner"": 0.6618899053685452, ""stair_step_winner"": 0.03661275642451541}",smooth_trend_winner,jump_repricing_winner,0.46948455279777185,0.009725980294024042,0.4,0.6
up100pct,train,up100pct::SH600273::000000,1,"{""choppy_reversal_winner"": 0.009426465276542655, ""jump_repricing_winner"": 0.3120921857752763, ""late_rescue_winner"": 0.005456351830383539, ""slow_grind_winner"": 0.0, ""smooth_trend_winner"": 0.6336873610046401, ""stair_step_winner"": 0.03933763611315744}",smooth_trend_winner,jump_repricing_winner,0.47561389211801935,0.0,1.0,0.0
up100pct,train,up100pct::SH600276::000000,27,"{""choppy_reversal_winner"": 0.234240885172834, ""jump_repricing_winner"": 0.037058522550200715, ""late_rescue_winner"": 0.15187226946173307, ""slow_grind_winner"": 0.0, ""smooth_trend_winner"": 0.03010166060219033, ""stair_step_winner"": 0.5467266622130418}",stair_step_winner,choppy_reversal_winner,0.6607472872023318,0.015088332751136512,0.0,0.0
up100pct,train,up100pct::SH600298::000000,173,"{""choppy_reversal_winner"": 0.18757998159936537, ""jump_repricing_winner"": 0.11183963104329517, ""late_rescue_winner"": 0.12558165262513682, ""slow_grind_winner"": 0.0, ""smooth_trend_winner"": 0.13058553867954728, ""stair_step_winner"": 0.44441319605265533}",stair_step_winner,choppy_reversal_winner,0.8068844598241204,0.10022792122837508,0.0,0.028901734104046242
up100pct,train,up100pct::SH600305::000000,1,"{""choppy_reversal_winner"": 0.23946792664937872, ""jump_repricing_winner"": 0.0494077093467766, ""late_rescue_winner"": 0.1885488941277337, ""slow_grind_winner"": 0.0, ""smooth_trend_winner"": 0.043826410183495146, ""stair_step_winner"": 0.4787490596926158}",stair_step_winner,choppy_reversal_winner,0.7228425458163258,0.0,0.0,0.0
up100pct,train,up100pct::SH600309::000000,241,"{""choppy_reversal_winner"": 0.22257099810443734, ""jump_repricing_winner"": 0.0746056407504932, ""late_rescue_winner"": 0.14245026536966354, ""slow_grind_winner"": 0.0, ""smooth_trend_winner"": 0.06905844929268366, ""stair_step_winner"": 0.4913146464827223}",stair_step_winner,choppy_reversal_winner,0.747533897058174,0.05948087458679868,0.0,0.02074688796680498
up100pct,train,up100pct::SH600315::000000,117,"{""choppy_reversal_winner"": 0.34732987933416126, ""jump_repricing_winner"": 0.032731168329930525, ""late_rescue_winner"": 0.25313546850815943, ""slow_grind_winner"": 0.0, ""smooth_trend_winner"": 0.02867081500188006, ""stair_step_winner"": 0.3381326688258688}",choppy_reversal_winner,stair_step_winner,0.723009843335748,0.046660047431748765,0.0,0.39316239316239315
up100pct,train,up100pct::SH600316::000000,9,"{""choppy_reversal_winner"": 0.12038744825334399, ""jump_repricing_winner"": 0.1860560653961224, ""late_rescue_winner"": 0.06462574329731868, ""slow_grind_winner"": 0.0, ""smooth_trend_winner"": 0.3116803054929596, ""stair_step_winner"": 0.3172504375602554}",stair_step_winner,smooth_trend_winner,0.8217339289374336,0.12495304265254914,0.2222222222222222,0.0
up100pct,train,up100pct::SH600323::000000,2,"{""choppy_reversal_winner"": 0.3937993548545785, ""jump_repricing_winner"": 0.011160224441318738, ""late_rescue_winner"": 0.4420808402068199, ""slow_grind_winner"": 0.0, ""smooth_trend_winner"": 0.0071080720713214696, ""stair_step_winner"": 0.14585150842596145}",late_rescue_winner,choppy_reversal_winner,0.6105503485149949,0.00010741376314150767,0.0,0.0
up100pct,train,up100pct::SH600325::000000,66,"{""choppy_reversal_winner"": 0.40144348140198877, ""jump_repricing_winner"": 0.017388426214425445, ""late_rescue_winner"": 0.34568975172249705, ""slow_grind_winner"": 0.0, ""smooth_trend_winner"": 0.011909822277646635, ""stair_step_winner"": 0.223568518383442}",choppy_reversal_winner,late_rescue_winner,0.6651146186743032,0.02974180841976001,0.0,0.5909090909090909
up100pct,train,up100pct::SH600338::000000,64,"{""choppy_reversal_winner"": 0.3791887320792733, ""jump_repricing_winner"": 0.010579676624183403, ""late_rescue_winner"": 0.5157489871406353, ""slow_grind_winner"": 0.0, ""smooth_trend_winner"": 0.006352821192333452, ""stair_step_winner"": 0.08812978296357454}",late_rescue_winner,choppy_reversal_winner,0.5600798057609873,0.009284407235055171,0.0625,0.0
up100pct,train,up100pct::SH600339::000000,16,"{""choppy_reversal_winner"": 0.3396924753949363, ""jump_repricing_winner"": 0.016730746739778958, ""late_rescue_winner"": 0.4207530765121196, ""slow_grind_winner"": 0.0, ""smooth_trend_winner"": 0.012615424710409563, ""stair_step_winner"": 0.21020827664275563}",late_rescue_winner,choppy_reversal_winner,0.6599523068101112,0.011235501795367635,0.0,0.0625
up100pct,train,up100pct::SH600346::000000,283,"{""choppy_reversal_winner"": 0.22041539943690777, ""jump_repricing_winner"": 0.10529140938352512, ""late_rescue_winner"": 0.13970393813360193, ""slow_grind_winner"": 0.0, ""smooth_trend_winner"": 0.1185790558194123, ""stair_step_winner"": 0.4160101972265528}",stair_step_winner,choppy_reversal_winner,0.8165132717808828,0.10017746938831555,0.02120141342756184,0.06007067137809187
up100pct,train,up100pct::SH600352::000000,50,"{""choppy_reversal_winner"": 0.1746978655265583, ""jump_repricing_winner"": 0.18205224283763197, ""late_rescue_winner"": 0.10820337801281144, ""slow_grind_winner"": 0.0, ""smooth_trend_winner"": 0.401661736981885, ""stair_step_winner"": 0.1333847766411133}",smooth_trend_winner,jump_repricing_winner,0.8319253051445261,0.14217604840156978,0.36,0.26
up100pct,train,up100pct::SH600399::000000,46,"{""choppy_reversal_winner"": 0.23167070237180976, ""jump_repricing_winner"": 0.1043359395813311, ""late_rescue_winner"": 0.12834557503350882, ""slow_grind_winner"": 0.0, ""smooth_trend_winner"": 0.12069528807506696, ""stair_step_winner"": 0.4149524949382833}",stair_step_winner,choppy_reversal_winner,0.813899503118779,0.0905044711823687,0.0,0.17391304347826086
up100pct,train,up100pct::SH600409::000000,31,"{""choppy_reversal_winner"": 0.42360227535664385, ""jump_repricing_winner"": 0.016898214037604373, ""late_rescue_winner"": 0.37028843713855336, ""slow_grind_winner"": 0.0, ""smooth_trend_winner"": 0.012160091907711239, ""stair_step_winner"": 0.17705098155948726}",choppy_reversal_winner,late_rescue_winner,0.6478747016962993,0.031930123637140116,0.0,0.0
up100pct,train,up100pct::SH600410::000000,13,"{""choppy_reversal_winner"": 0.2907802272541063, ""jump_repricing_winner"": 0.009916398964968912, ""late_rescue_winner"": 0.6102621663064254, ""slow_grind_winner"": 0.0, ""smooth_trend_winner"": 0.006699105207618141, ""stair_step_winner"": 0.08234210226688125}",late_rescue_winner,choppy_reversal_winner,0.5276591023144152,0.007138452251239714,0.7692307692307693,0.0
up100pct,train,up100pct::SH600435::000000,37,"{""choppy_reversal_winner"": 0.3499218055572469, ""jump_repricing_winner"": 0.010665771321877774, ""late_rescue_winner"": 0.47810599432585976, ""slow_grind_winner"": 0.0, ""smooth_trend_winner"": 0.007494162018515138, ""stair_step_winner"": 0.15381226677650053}",late_rescue_winner,choppy_reversal_winner,0.6101729058908577,0.011617962419683476,0.0,0.0
up100pct,train,up100pct::SH600436::000000,290,"{""choppy_reversal_winner"": 0.18702091414539587, ""jump_repricing_winner"": 0.11663508709478364, ""late_rescue_winner"": 0.11727259148673817, ""slow_grind_winner"": 0.0, ""smooth_trend_winner"": 0.11657845394635376, ""stair_step_winner"": 0.4624929533267285}",stair_step_winner,choppy_reversal_winner,0.7940213097323171,0.08692261255945881,0.006896551724137931,0.0
up100pct,train,up100pct::SH600446::000000,4,"{""choppy_reversal_winner"": 0.47453173275280025, ""jump_repricing_winner"": 0.017974091853491136, ""late_rescue_winner"": 0.3305834335137835, ""slow_grind_winner"": 0.0, ""smooth_trend_winner"": 0.010430494282811315, ""stair_step_winner"": 0.16648024759711388}",choppy_reversal_winner,late_rescue_winner,0.6351066580945156,0.02031832451357057,0.0,0.0
up100pct,train,up100pct::SH600460::000000,339,"{""choppy_reversal_winner"": 0.287359532271074, ""jump_repricing_winner"": 0.05695153123878261, ""late_rescue_winner"": 0.20015356891031252, ""slow_grind_winner"": 0.0, ""smooth_trend_winner"": 0.052943488627808656, ""stair_step_winner"": 0.40259187895202214}",stair_step_winner,choppy_reversal_winner,0.762038242752981,0.08575445933633152,0.0058997050147492625,0.06784660766961652
up100pct,robustness,up100pct::SH600460::000001,29,"{""choppy_reversal_winner"": 0.3666054087914851, ""jump_repricing_winner"": 0.022725790972543205, ""late_rescue_winner"": 0.29703891708285957, ""slow_grind_winner"": 0.0, ""smooth_trend_winner"": 0.015993575112306802, ""stair_step_winner"": 0.2976363080408053}",choppy_reversal_winner,stair_step_winner,0.6927791001327966,0.002347519096369475,0.0,1.0
up100pct,train,up100pct::SH600486::000000,216,"{""choppy_reversal_winner"": 0.21969068796248778, ""jump_repricing_winner"": 0.061284614918675547, ""late_rescue_winner"": 0.16351088456648047, ""slow_grind_winner"": 0.0, ""smooth_trend_winner"": 0.05814890702252226, ""stair_step_winner"": 0.4973649055298339}",stair_step_winner,choppy_reversal_winner,0.732777759700788,0.05960242819683934,0.0,0.20833333333333334
up100pct,robustness,up100pct::SH600498::000000,32,"{""choppy_reversal_winner"": 0.21532895961292953, ""jump_repricing_winner"": 0.08999255133661455, ""late_rescue_winner"": 0.131869276272197, ""slow_grind_winner"": 0.0, ""smooth_trend_winner"": 0.06249743547636544, ""stair_step_winner"": 0.5003117773018935}",stair_step_winner,choppy_reversal_winner,0.7446764772382461,0.037366338481710275,0.0,0.0
up100pct,train,up100pct::SH600499::000000,24,"{""choppy_reversal_winner"": 0.3640299072596382, ""jump_repricing_winner"": 0.018992238062138036, ""late_rescue_winner"": 0.4097732631278604, ""slow_grind_winner"": 0.0, ""smooth_trend_winner"": 0.012527857257342088, ""stair_step_winner"": 0.1946767342930212}",late_rescue_winner,choppy_reversal_winner,0.6597762815422702,0.05867635004562766,0.0,0.0
up100pct,train,up100pct::SH600500::000000,87,"{""choppy_reversal_winner"": 0.3775262044145603, ""jump_repricing_winner"": 0.029480886915980564, ""late_rescue_winner"": 0.28699708124352985, ""slow_grind_winner"": 0.0, ""smooth_trend_winner"": 0.024299518103103622, ""stair_step_winner"": 0.28169630932282574}",choppy_reversal_winner,late_rescue_winner,0.7127717830558943,0.03503433710222121,0.0,0.22988505747126436
up100pct,train,up100pct::SH600511::000000,194,"{""choppy_reversal_winner"": 0.2874935922669487, ""jump_repricing_winner"": 0.038102003604752174, ""late_rescue_winner"": 0.16162014550783907, ""slow_grind_winner"": 0.0, ""smooth_trend_winner"": 0.025901003303459482, ""stair_step_winner"": 0.48688325531700066}",stair_step_winner,choppy_reversal_winner,0.6822800084854685,0.049006590783772674,0.0,0.0
up100pct,train,up100pct::SH600515::000000,173,"{""choppy_reversal_winner"": 0.26349126864557276, ""jump_repricing_winner"": 0.09188428356521204, ""late_rescue_winner"": 0.18131851852265296, ""slow_grind_winner"": 0.0, ""smooth_trend_winner"": 0.07149955510503339, ""stair_step_winner"": 0.3918063741615288}",stair_step_winner,choppy_reversal_winner,0.8015113113964893,0.09289679396593888,0.0,0.005780346820809248
up100pct,train,up100pct::SH600516::000000,156,"{""choppy_reversal_winner"": 0.2942086366031778, ""jump_repricing_winner"": 0.03909010776749527, ""late_rescue_winner"": 0.19478373404548718, ""slow_grind_winner"": 0.0, ""smooth_trend_winner"": 0.028578881728797408, ""stair_step_winner"": 0.44333863985504235}",stair_step_winner,choppy_reversal_winner,0.7074283687593385,0.019458612853378607,0.0,0.32051282051282054
up100pct,train,up100pct::SH600519::000000,182,"{""choppy_reversal_winner"": 0.21557578606836514, ""jump_repricing_winner"": 0.04967236327037905, ""late_rescue_winner"": 0.1437778701447026, ""slow_grind_winner"": 0.0, ""smooth_trend_winner"": 0.04393309889780264, ""stair_step_winner"": 0.5470408816187506}",stair_step_winner,choppy_reversal_winner,0.6842786143880188,0.0378527750522272,0.0,0.08791208791208792
up100pct,train,up100pct::SH600529::000000,75,"{""choppy_reversal_winner"": 0.1274563262311606, ""jump_repricing_winner"": 0.1242128123080165, ""late_rescue_winner"": 0.07109523388697805, ""slow_grind_winner"": 0.0, ""smooth_trend_winner"": 0.11999065180007923, ""stair_step_winner"": 0.5572449757737657}",stair_step_winner,choppy_reversal_winner,0.7198862186691938,0.030393301112773132,0.0,0.013333333333333334
up100pct,train,up100pct::SH600536::000000,49,"{""choppy_reversal_winner"": 0.2482708177803069, ""jump_repricing_winner"": 0.08001347341085156, ""late_rescue_winner"": 0.18391423443192656, ""slow_grind_winner"": 0.0, ""smooth_trend_winner"": 0.14312338822888893, ""stair_step_winner"": 0.3446780861480261}",stair_step_winner,choppy_reversal_winner,0.8398272954823434,0.11421258852635023,0.10204081632653061,0.08163265306122448
up100pct,train,up100pct::SH600556::000000,3,"{""choppy_reversal_winner"": 0.20385393934826038, ""jump_repricing_winner"": 0.059409100291236826, ""late_rescue_winner"": 0.12096669901117602, ""slow_grind_winner"": 0.0, ""smooth_trend_winner"": 0.04549270794928678, ""stair_step_winner"": 0.5702775534000399}",stair_step_winner,choppy_reversal_winner,0.6743696439563014,0.017831090085336277,0.0,0.0
up100pct,train,up100pct::SH600559::000000,6,"{""choppy_reversal_winner"": 0.4377359153130695, ""jump_repricing_winner"": 0.007052753105872178, ""late_rescue_winner"": 0.46483015900284624, ""slow_grind_winner"": 0.0, ""smooth_trend_winner"": 0.004087821241008295, ""stair_step_winner"": 0.08629335133720388}",late_rescue_winner,choppy_reversal_winner,0.5506163862092431,0.0025164320386255943,0.0,0.0
up100pct,train,up100pct::SH600563::000000,79,"{""choppy_reversal_winner"": 0.15740828640971213, ""jump_repricing_winner"": 0.09692317447318521, ""late_rescue_winner"": 0.08980507763785067, ""slow_grind_winner"": 0.0, ""smooth_trend_winner"": 0.08515292448839118, ""stair_step_winner"": 0.5707105369908608}",stair_step_winner,choppy_reversal_winner,0.705190295573872,0.030626486782554557,0.0,0.0379746835443038
up100pct,train,up100pct::SH600570::000000,123,"{""choppy_reversal_winner"": 0.23094034631460766, ""jump_repricing_winner"": 0.061651475027090084, ""late_rescue_winner"": 0.15911550064338187, ""slow_grind_winner"": 0.0, ""smooth_trend_winner"": 0.05415498169284627, ""stair_step_winner"": 0.4941376963220741}",stair_step_winner,choppy_reversal_winner,0.7305473061497195,0.05413101057014522,0.0,0.17886178861788618
up100pct,robustness,up100pct::SH600570::000001,3,"{""choppy_reversal_winner"": 0.35378043316954777, ""jump_repricing_winner"": 0.027364618225043758, ""late_rescue_winner"": 0.2216135502351028, ""slow_grind_winner"": 0.0, ""smooth_trend_winner"": 0.01817047613806671, ""stair_step_winner"": 0.379070922232239}",stair_step_winner,choppy_reversal_winner,0.6923622505741357,0.008662998659207362,0.0,0.0
up100pct,train,up100pct::SH600585::000000,21,"{""choppy_reversal_winner"": 0.2900466399826576, ""jump_repricing_winner"": 0.030020424364118416, ""late_rescue_winner"": 0.24419391454849051, ""slow_grind_winner"": 0.0, ""smooth_trend_winner"": 0.023922523824743684, ""stair_step_winner"": 0.41181649727998987}",stair_step_winner,choppy_reversal_winner,0.7049835121373231,0.026541027214737115,0.0,0.19047619047619047
up100pct,robustness,up100pct::SH600588::000000,1,"{""choppy_reversal_winner"": 0.24055571038803583, ""jump_repricing_winner"": 0.10271271538058013, ""late_rescue_winner"": 0.12588412510167188, ""slow_grind_winner"": 0.0, ""smooth_trend_winner"": 0.05849461427582068, ""stair_step_winner"": 0.4723528348538915}",stair_step_winner,choppy_reversal_winner,0.7577555687364987,0.0,0.0,0.0
up100pct,train,up100pct::SH600596::000000,1,"{""choppy_reversal_winner"": 0.32217753936109594, ""jump_repricing_winner"": 0.00838830475073425, ""late_rescue_winner"": 0.5732726209278475, ""slow_grind_winner"": 0.0, ""smooth_trend_winner"": 0.005400966670020328, ""stair_step_winner"": 0.09076056829030206}",late_rescue_winner,choppy_reversal_winner,0.5413486226898934,0.0,0.0,0.0
up100pct,train,up100pct::SH600597::000000,2,"{""choppy_reversal_winner"": 0.3480922382606817, ""jump_repricing_winner"": 0.026044764386504084, ""late_rescue_winner"": 0.3163453706876989, ""slow_grind_winner"": 0.0, ""smooth_trend_winner"": 0.019418281048118963, ""stair_step_winner"": 0.29009934561699635}",choppy_reversal_winner,late_rescue_winner,0.7043248625734693,0.0003471256815546561,0.0,1.0
up100pct,train,up100pct::SH600598::000000,156,"{""choppy_reversal_winner"": 0.27175071946398743, ""jump_repricing_winner"": 0.051590207703371825, ""late_rescue_winner"": 0.18868550008227336, ""slow_grind_winner"": 0.0, ""smooth_trend_winner"": 0.042509942247834935, ""stair_step_winner"": 0.4454636305025325}",stair_step_winner,choppy_reversal_winner,0.7345425922117034,0.05083020880929654,0.0,0.4807692307692308
up100pct,train,up100pct::SH600604::000000,22,"{""choppy_reversal_winner"": 0.2644327967689479, ""jump_repricing_winner"": 0.12983849459761732, ""late_rescue_winner"": 0.21100176977386642, ""slow_grind_winner"": 0.0, ""smooth_trend_winner"": 0.29920525622861915, ""stair_step_winner"": 0.0955216826309493}",smooth_trend_winner,choppy_reversal_winner,0.8541592706911495,0.14766026344056785,0.18181818181818182,0.2727272727272727
up100pct,train,up100pct::SH600621::000000,40,"{""choppy_reversal_winner"": 0.3178383823850143, ""jump_repricing_winner"": 0.036348134866857215, ""late_rescue_winner"": 0.26252582089215737, ""slow_grind_winner"": 0.0, ""smooth_trend_winner"": 0.02765367009600781, ""stair_step_winner"": 0.35563399175996324}",stair_step_winner,choppy_reversal_winner,0.7271000558492663,0.0615103846979714,0.0,0.3
up100pct,train,up100pct::SH600623::000000,26,"{""choppy_reversal_winner"": 0.4046168958283442, ""jump_repricing_winner"": 0.01658416374953397, ""late_rescue_winner"": 0.36087564016897855, ""slow_grind_winner"": 0.0, ""smooth_trend_winner"": 0.010884513095697419, ""stair_step_winner"": 0.20703878715744584}",choppy_reversal_winner,late_rescue_winner,0.6569835839180602,0.03676358605718377,0.0,0.5769230769230769
up100pct,train,up100pct::SH600633::000000,4,"{""choppy_reversal_winner"": 0.3613280774441038, ""jump_repricing_winner"": 0.011204518882709093, ""late_rescue_winner"": 0.48335771586028076, ""slow_grind_winner"": 0.0, ""smooth_trend_winner"": 0.007576212086815388, ""stair_step_winner"": 0.13653347572609098}",late_rescue_winner,choppy_reversal_winner,0.6018673649191154,0.006395093314829439,0.0,0.0
up100pct,train,up100pct::SH600635::000000,11,"{""choppy_reversal_winner"": 0.30526374626450564, ""jump_repricing_winner"": 0.03034848693407971, ""late_rescue_winner"": 0.5062838711141536, ""slow_grind_winner"": 0.0, ""smooth_trend_winner"": 0.06538218675012719, ""stair_step_winner"": 0.09272170893713384}",late_rescue_winner,choppy_reversal_winner,0.6762796721117097,0.08698345731069286,0.09090909090909091,0.0
up100pct,train,up100pct::SH600640::000000,1,"{""choppy_reversal_winner"": 0.22398278375464262, ""jump_repricing_winner"": 0.08350246585547182, ""late_rescue_winner"": 0.18586582834450227, ""slow_grind_winner"": 0.0, ""smooth_trend_winner"": 0.07011996995257685, ""stair_step_winner"": 0.4365289520928065}",stair_step_winner,choppy_reversal_winner,0.7832495296908524,0.0,0.0,0.0
up100pct,train,up100pct::SH600641::000000,50,"{""choppy_reversal_winner"": 0.4023119675517009, ""jump_repricing_winner"": 0.013511746772457721, ""late_rescue_winner"": 0.4305152633626711, ""slow_grind_winner"": 0.0, ""smooth_trend_winner"": 0.008759891849747806, ""stair_step_winner"": 0.14490113046342243}",late_rescue_winner,choppy_reversal_winner,0.6187808099930182,0.015388030912128611,0.0,0.0
up100pct,train,up100pct::SH600667::000000,98,"{""choppy_reversal_winner"": 0.2214011145937751, ""jump_repricing_winner"": 0.1201779310849565, ""late_rescue_winner"": 0.14650628356948736, ""slow_grind_winner"": 0.0, ""smooth_trend_winner"": 0.1583374190235082, ""stair_step_winner"": 0.3535772517282729}",stair_step_winner,choppy_reversal_winner,0.8534992785028983,0.11305147802558284,0.04081632653061224,0.21428571428571427
up100pct,train,up100pct::SH600685::000000,188,"{""choppy_reversal_winner"": 0.21075029323788436, ""jump_repricing_winner"": 0.1557531100414341, ""late_rescue_winner"": 0.16437268115338413, ""slow_grind_winner"": 0.0, ""smooth_trend_winner"": 0.189391517399358, ""stair_step_winner"": 0.2797323981679394}",stair_step_winner,choppy_reversal_winner,0.8851987161924454,0.1321368580922543,0.11170212765957446,0.1276595744680851
up100pct,train,up100pct::SH600702::000000,60,"{""choppy_reversal_winner"": 0.18586348999157457, ""jump_repricing_winner"": 0.12975050859341353, ""late_rescue_winner"": 0.12267595383213728, ""slow_grind_winner"": 0.0, ""smooth_trend_winner"": 0.1646019059884566, ""stair_step_winner"": 0.397108141594418}",stair_step_winner,choppy_reversal_winner,0.8365274629839894,0.06958528719178227,0.016666666666666666,0.18333333333333332
up100pct,train,up100pct::SH600703::000000,146,"{""choppy_reversal_winner"": 0.3207432306631676, ""jump_repricing_winner"": 0.0675799344230624, ""late_rescue_winner"": 0.21000722855248777, ""slow_grind_winner"": 0.0, ""smooth_trend_winner"": 0.06656532002482081, ""stair_step_winner"": 0.33510428633646133}",stair_step_winner,choppy_reversal_winner,0.7932368936702603,0.09861497384481971,0.0,0.0
up100pct,train,up100pct::SH600704::000000,336,"{""choppy_reversal_winner"": 0.24598485652571217, ""jump_repricing_winner"": 0.12642205033315346, ""late_rescue_winner"": 0.15945563388517808, ""slow_grind_winner"": 0.0, ""smooth_trend_winner"": 0.11267547999626061, ""stair_step_winner"": 0.3554619792596957}",stair_step_winner,choppy_reversal_winner,0.8443497469923451,0.10148548077271456,0.02976190476190476,0.08333333333333333
up100pct,train,up100pct::SH600707::000000,102,"{""choppy_reversal_winner"": 0.41172748992881525, ""jump_repricing_winner"": 0.02949248178530595, ""late_rescue_winner"": 0.311881485679704, ""slow_grind_winner"": 0.0, ""smooth_trend_winner"": 0.021739124531683876, ""stair_step_winner"": 0.22515941807449102}",choppy_reversal_winner,late_rescue_winner,0.6985311035327347,0.06841368361957896,0.0,0.058823529411764705
up100pct,train,up100pct::SH600733::000000,263,"{""choppy_reversal_winner"": 0.25316358292839625, ""jump_repricing_winner"": 0.06681055647890317, ""late_rescue_winner"": 0.14994842278901635, ""slow_grind_winner"": 0.0, ""smooth_trend_winner"": 0.053922924405318644, ""stair_step_winner"": 0.47615451339836545}",stair_step_winner,choppy_reversal_winner,0.7388593426539242,0.07562675703843269,0.011406844106463879,0.034220532319391636
up100pct,train,up100pct::SH600739::000000,116,"{""choppy_reversal_winner"": 0.2184493635060498, ""jump_repricing_winner"": 0.05434580258538695, ""late_rescue_winner"": 0.14511648324899554, ""slow_grind_winner"": 0.0, ""smooth_trend_winner"": 0.04049757658220895, ""stair_step_winner"": 0.5415907740773589}",stair_step_winner,choppy_reversal_winner,0.6879671220713844,0.0372804005796715,0.0,0.1896551724137931
up100pct,train,up100pct::SH600740::000000,30,"{""choppy_reversal_winner"": 0.4228161668377479, ""jump_repricing_winner"": 0.01528483247892984, ""late_rescue_winner"": 0.42835356391927143, ""slow_grind_winner"": 0.0, ""smooth_trend_winner"": 0.008944202079972347, ""stair_step_winner"": 0.12460123468407856}",late_rescue_winner,choppy_reversal_winner,0.6098583586291594,0.008961404070355077,0.0,0.0
up100pct,train,up100pct::SH600763::000000,245,"{""choppy_reversal_winner"": 0.18718501216441022, ""jump_repricing_winner"": 0.08461864101467229, ""late_rescue_winner"": 0.114758384023636, ""slow_grind_winner"": 0.0, ""smooth_trend_winner"": 0.08492694778964135, ""stair_step_winner"": 0.5285110150076402}",stair_step_winner,choppy_reversal_winner,0.7353272490434906,0.03802092317875688,0.0,0.04081632653061224
up100pct,train,up100pct::SH600765::000000,22,"{""choppy_reversal_winner"": 0.18689477981502697, ""jump_repricing_winner"": 0.1121254967941581, ""late_rescue_winner"": 0.12090051242388072, ""slow_grind_winner"": 0.0, ""smooth_trend_winner"": 0.09998650385419583, ""stair_step_winner"": 0.4800927071127383}",stair_step_winner,choppy_reversal_winner,0.7795500145831197,0.050913245793649066,0.0,0.0
up100pct,train,up100pct::SH600776::000000,1,"{""choppy_reversal_winner"": 0.026003593745687496, ""jump_repricing_winner"": 0.28416961002697577, ""late_rescue_winner"": 0.02399457583361873, ""slow_grind_winner"": 0.0, ""smooth_trend_winner"": 0.5946367677938748, ""stair_step_winner"": 0.07119545259984321}",smooth_trend_winner,jump_repricing_winner,0.5799622431304673,0.0,0.0,1.0
up100pct,train,up100pct::SH600779::000000,313,"{""choppy_reversal_winner"": 0.31554070339418094, ""jump_repricing_winner"": 0.04718049997191463, ""late_rescue_winner"": 0.20431112754495218, ""slow_grind_winner"": 0.0, ""smooth_trend_winner"": 0.03430169992019172, ""stair_step_winner"": 0.39866596916876057}",stair_step_winner,choppy_reversal_winner,0.7338170741796415,0.06220454831374712,0.0,0.025559105431309903
up100pct,train,up100pct::SH600782::000000,107,"{""choppy_reversal_winner"": 0.3431840672816109, ""jump_repricing_winner"": 0.030316630190384223, ""late_rescue_winner"": 0.29262418264777545, ""slow_grind_winner"": 0.0, ""smooth_trend_winner"": 0.022132927055407977, ""stair_step_winner"": 0.3117421928248214}",choppy_reversal_winner,stair_step_winner,0.7145589712135711,0.02646403863935071,0.0,0.9626168224299065
up100pct,train,up100pct::SH600783::000000,9,"{""choppy_reversal_winner"": 0.2813603871389166, ""jump_repricing_winner"": 0.017926085016166098, ""late_rescue_winner"": 0.569341858728958, ""slow_grind_winner"": 0.0, ""smooth_trend_winner"": 0.01370301498265513, ""stair_step_winner"": 0.11766865413330413}",late_rescue_winner,choppy_reversal_winner,0.5916914138441798,0.010017581665002093,0.1111111111111111,0.1111111111111111
up100pct,train,up100pct::SH600808::000000,268,"{""choppy_reversal_winner"": 0.2921263978003677, ""jump_repricing_winner"": 0.034222924446339675, ""late_rescue_winner"": 0.19071727507773498, ""slow_grind_winner"": 0.0, ""smooth_trend_winner"": 0.025743022282083274, ""stair_step_winner"": 0.4571903803934744}",stair_step_winner,choppy_reversal_winner,0.6937438613422598,0.06552699640646821,0.0,0.018656716417910446
up100pct,train,up100pct::SH600809::000000,283,"{""choppy_reversal_winner"": 0.15070453375070153, ""jump_repricing_winner"": 0.14212758953466295, ""late_rescue_winner"": 0.09553977885681077, ""slow_grind_winner"": 0.0, ""smooth_trend_winner"": 0.17025943028273632, ""stair_step_winner"": 0.44136866757508847}",stair_step_winner,smooth_trend_winner,0.8088464840713601,0.09171826813380683,0.0,0.11307420494699646
up100pct,train,up100pct::SH600812::000000,8,"{""choppy_reversal_winner"": 0.2847780121461281, ""jump_repricing_winner"": 0.0441968578780122, ""late_rescue_winner"": 0.17408608020995642, ""slow_grind_winner"": 0.0, ""smooth_trend_winner"": 0.03191165603718997, ""stair_step_winner"": 0.46502739372871327}",stair_step_winner,choppy_reversal_winner,0.7064943553668515,0.026353121120967132,0.0,0.125
up100pct,train,up100pct::SH600816::000000,5,"{""choppy_reversal_winner"": 0.02041383278872949, ""jump_repricing_winner"": 0.27283271820028504, ""late_rescue_winner"": 0.01967240432544722, ""slow_grind_winner"": 0.0, ""smooth_trend_winner"": 0.6294910488279599, ""stair_step_winner"": 0.0575899958575784}",smooth_trend_winner,jump_repricing_winner,0.5396079879197243,0.004329591724934166,0.0,1.0
up100pct,train,up100pct::SH600816::000001,5,"{""choppy_reversal_winner"": 0.4151341499760301, ""jump_repricing_winner"": 0.018836267918160298, ""late_rescue_winner"": 0.4215784497135423, ""slow_grind_winner"": 0.0, ""smooth_trend_winner"": 0.01140599490787714, ""stair_step_winner"": 0.13304513748439012}",late_rescue_winner,choppy_reversal_winner,0.6269306265590588,0.005809334803870332,0.0,0.0
up100pct,train,up100pct::SH600827::000000,85,"{""choppy_reversal_winner"": 0.3077781604477839, ""jump_repricing_winner"": 0.08559549409514215, ""late_rescue_winner"": 0.22877241961409023, ""slow_grind_winner"": 0.0, ""smooth_trend_winner"": 0.12410197540959109, ""stair_step_winner"": 0.25375195043339266}",choppy_reversal_winner,stair_step_winner,0.8469221472001166,0.11113601909006578,0.11764705882352941,0.17647058823529413
up100pct,train,up100pct::SH600835::000000,132,"{""choppy_reversal_winner"": 0.3723523760407667, ""jump_repricing_winner"": 0.014494771505415466, ""late_rescue_winner"": 0.4433369738339958, ""slow_grind_winner"": 0.0, ""smooth_trend_winner"": 0.009662877510350816, ""stair_step_winner"": 0.16015300110947128}",late_rescue_winner,choppy_reversal_winner,0.6295572150663192,0.009689049062567774,0.0,0.3560606060606061
up100pct,train,up100pct::SH600859::000000,32,"{""choppy_reversal_winner"": 0.22352969218004476, ""jump_repricing_winner"": 0.1119337194561276, ""late_rescue_winner"": 0.3057571313360168, ""slow_grind_winner"": 0.0, ""smooth_trend_winner"": 0.2513624566347551, ""stair_step_winner"": 0.10741700039305582}",late_rescue_winner,smooth_trend_winner,0.8533909119537648,0.1451780737816575,0.3125,0.0625
up100pct,train,up100pct::SH600862::000000,114,"{""choppy_reversal_winner"": 0.1624126233519077, ""jump_repricing_winner"": 0.1157840944486956, ""late_rescue_winner"": 0.0945047812124293, ""slow_grind_winner"": 0.0, ""smooth_trend_winner"": 0.10894878908252574, ""stair_step_winner"": 0.5183497119044417}",stair_step_winner,choppy_reversal_winner,0.7534049483354627,0.060275320403580496,0.008771929824561403,0.05263157894736842
up100pct,train,up100pct::SH600869::000000,2,"{""choppy_reversal_winner"": 0.32656731835002095, ""jump_repricing_winner"": 0.010842695676647727, ""late_rescue_winner"": 0.539245736081062, ""slow_grind_winner"": 0.0, ""smooth_trend_winner"": 0.007463354867720442, ""stair_step_winner"": 0.11588089502454883}",late_rescue_winner,choppy_reversal_winner,0.577003628729813,0.00013109078846845336,0.0,0.0
up100pct,train,up100pct::SH600872::000000,140,"{""choppy_reversal_winner"": 0.252747624344727, ""jump_repricing_winner"": 0.06544842112540533, ""late_rescue_winner"": 0.17888314587538146, ""slow_grind_winner"": 0.0, ""smooth_trend_winner"": 0.05889321499603762, ""stair_step_winner"": 0.44402759365844857}",stair_step_winner,choppy_reversal_winner,0.759703465055046,0.04411743229460063,0.0,0.9642857142857143
up100pct,train,up100pct::SH600884::000000,233,"{""choppy_reversal_winner"": 0.2773747266694023, ""jump_repricing_winner"": 0.06868442431213481, ""late_rescue_winner"": 0.20900608661302436, ""slow_grind_winner"": 0.0, ""smooth_trend_winner"": 0.07583343121709722, ""stair_step_winner"": 0.36910133118834126}",stair_step_winner,choppy_reversal_winner,0.7982650520359592,0.10196071153355579,0.06866952789699571,0.09871244635193133
up100pct,robustness,up100pct::SH600885::000000,25,"{""choppy_reversal_winner"": 0.2886070570495565, ""jump_repricing_winner"": 0.03592378213684513, ""late_rescue_winner"": 0.24284892186418333, ""slow_grind_winner"": 0.0, ""smooth_trend_winner"": 0.03020843726945329, ""stair_step_winner"": 0.40241180167996177}",stair_step_winner,choppy_reversal_winner,0.7221268776414634,0.021112245483958184,0.0,0.8
up100pct,train,up100pct::SH600893::000000,248,"{""choppy_reversal_winner"": 0.22438934906315985, ""jump_repricing_winner"": 0.12052635315769591, ""late_rescue_winner"": 0.12843726211077253, ""slow_grind_winner"": 0.0, ""smooth_trend_winner"": 0.16061820837551544, ""stair_step_winner"": 0.36602882729285635}",stair_step_winner,choppy_reversal_winner,0.8458369851577929,0.12719905927411532,0.09274193548387097,0.028225806451612902
up100pct,robustness,up100pct::SH600893::000001,3,"{""choppy_reversal_winner"": 0.375236891770492, ""jump_repricing_winner"": 0.026928923407292044, ""late_rescue_winner"": 0.292770586825511, ""slow_grind_winner"": 0.0, ""smooth_trend_winner"": 0.01786679394887973, ""stair_step_winner"": 0.28719680404782516}",choppy_reversal_winner,late_rescue_winner,0.7004207276951468,0.00040594422877284533,0.0,1.0
up100pct,train,up100pct::SH600956::000000,73,"{""choppy_reversal_winner"": 0.2334367339406002, ""jump_repricing_winner"": 0.14171642305367743, ""late_rescue_winner"": 0.13723306387272208, ""slow_grind_winner"": 0.0, ""smooth_trend_winner"": 0.2434697176691699, ""stair_step_winner"": 0.24414406146383044}",stair_step_winner,smooth_trend_winner,0.8802967528885264,0.137340699013878,0.2465753424657534,0.0
up100pct,train,up100pct::SH600958::000000,126,"{""choppy_reversal_winner"": 0.2838574475425525, ""jump_repricing_winner"": 0.10868097666670855, ""late_rescue_winner"": 0.19105143170550493, ""slow_grind_winner"": 0.0, ""smooth_trend_winner"": 0.13268718468210539, ""stair_step_winner"": 0.28372295940312875}",choppy_reversal_winner,stair_step_winner,0.8596610813915625,0.1230846274216612,0.0,0.0
up100pct,train,up100pct::SH600999::000000,82,"{""choppy_reversal_winner"": 0.24766740442995744, ""jump_repricing_winner"": 0.07421889608576847, ""late_rescue_winner"": 0.15416381950196487, ""slow_grind_winner"": 0.0, ""smooth_trend_winner"": 0.048447513304578034, ""stair_step_winner"": 0.47550236667773127}",stair_step_winner,choppy_reversal_winner,0.740655252945555,0.047980405032749356,0.0,0.06097560975609756
up100pct,train,up100pct::SH601021::000000,24,"{""choppy_reversal_winner"": 0.34100185315535575, ""jump_repricing_winner"": 0.033437634419919655, ""late_rescue_winner"": 0.26328181089521835, ""slow_grind_winner"": 0.0, ""smooth_trend_winner"": 0.028104352557461913, ""stair_step_winner"": 0.33417434897204434}",choppy_reversal_winner,stair_step_winner,0.7247199387753466,0.06046963613503756,0.0,0.4166666666666667
up100pct,train,up100pct::SH601066::000000,99,"{""choppy_reversal_winner"": 0.2278834321182765, ""jump_repricing_winner"": 0.0671456022916696, ""late_rescue_winner"": 0.1679137194238824, ""slow_grind_winner"": 0.0, ""smooth_trend_winner"": 0.09392793919408621, ""stair_step_winner"": 0.4431293069720854}",stair_step_winner,choppy_reversal_winner,0.7818041410187252,0.10348307411692603,0.010101010101010102,0.20202020202020202
up100pct,train,up100pct::SH601098::000000,1,"{""choppy_reversal_winner"": 0.3640064806127293, ""jump_repricing_winner"": 0.017985197773426605, ""late_rescue_winner"": 0.32723895928882407, ""slow_grind_winner"": 0.0, ""smooth_trend_winner"": 0.013160976695770732, ""stair_step_winner"": 0.2776083856292494}",choppy_reversal_winner,late_rescue_winner,0.6800216287736136,0.0,0.0,1.0
up100pct,train,up100pct::SH601100::000000,260,"{""choppy_reversal_winner"": 0.17027881214286567, ""jump_repricing_winner"": 0.10093191789886961, ""late_rescue_winner"": 0.10678138765958474, ""slow_grind_winner"": 0.0, ""smooth_trend_winner"": 0.11891884594756445, ""stair_step_winner"": 0.5030890363511156}",stair_step_winner,choppy_reversal_winner,0.7649544806470169,0.0658564928127312,0.0,0.17692307692307693
up100pct,train,up100pct::SH601106::000000,130,"{""choppy_reversal_winner"": 0.34409639252873864, ""jump_repricing_winner"": 0.010152239781162689, ""late_rescue_winner"": 0.5353373475595377, ""slow_grind_winner"": 0.0, ""smooth_trend_winner"": 0.00696765282866206, ""stair_step_winner"": 0.10344636730189889}",late_rescue_winner,choppy_reversal_winner,0.5678756228428467,0.020146636629861027,0.46923076923076923,0.0
up100pct,train,up100pct::SH601117::000000,372,"{""choppy_reversal_winner"": 0.27068557222552847, ""jump_repricing_winner"": 0.06834870429422929, ""late_rescue_winner"": 0.18883430946663204, ""slow_grind_winner"": 0.0, ""smooth_trend_winner"": 0.0645801935433102, ""stair_step_winner"": 0.4075512204703}",stair_step_winner,choppy_reversal_winner,0.7783624070789186,0.0887743695768591,0.0,0.21774193548387097
up100pct,train,up100pct::SH601118::000000,6,"{""choppy_reversal_winner"": 0.32701863273966086, ""jump_repricing_winner"": 0.027602855334875512, ""late_rescue_winner"": 0.3922951193495654, ""slow_grind_winner"": 0.0, ""smooth_trend_winner"": 0.02152546291530909, ""stair_step_winner"": 0.2315579296605891}",late_rescue_winner,choppy_reversal_winner,0.6993546509808267,0.007616286667081991,0.0,1.0
up100pct,validation,up100pct::SH601136::000000,14,"{""choppy_reversal_winner"": 0.1360664678895303, ""jump_repricing_winner"": 0.15825532407312062, ""late_rescue_winner"": 0.0691367505609277, ""slow_grind_winner"": 0.0, ""smooth_trend_winner"": 0.1148505147355839, ""stair_step_winner"": 0.5216909427408375}",stair_step_winner,jump_repricing_winner,0.7455608711080638,0.02147837430869548,0.0,0.0
up100pct,robustness,up100pct::SH601138::000000,206,"{""choppy_reversal_winner"": 0.21693070885566598, ""jump_repricing_winner"": 0.14804047634794085, ""late_rescue_winner"": 0.1752759298302573, ""slow_grind_winner"": 0.0, ""smooth_trend_winner"": 0.2390769696262937, ""stair_step_winner"": 0.22067591533984213}",smooth_trend_winner,stair_step_winner,0.8902404149657418,0.13565742846009185,0.25728155339805825,0.11650485436893204
up100pct,train,up100pct::SH601139::000000,109,"{""choppy_reversal_winner"": 0.36959371406988584, ""jump_repricing_winner"": 0.02688886262853431, ""late_rescue_winner"": 0.26625698829610794, ""slow_grind_winner"": 0.0, ""smooth_trend_winner"": 0.018009100328155267, ""stair_step_winner"": 0.3192513346773165}",choppy_reversal_winner,stair_step_winner,0.7000364271236192,0.013762576024553457,0.0,0.5412844036697247
up100pct,train,up100pct::SH601155::000000,16,"{""choppy_reversal_winner"": 0.3867646055791655, ""jump_repricing_winner"": 0.02409131988863858, ""late_rescue_winner"": 0.19902532155322972, ""slow_grind_winner"": 0.0, ""smooth_trend_winner"": 0.015190009776424691, ""stair_step_winner"": 0.37492874320254155}",choppy_reversal_winner,stair_step_winner,0.6752416439298505,0.024134275127430604,0.0,0.0
up100pct,train,up100pct::SH601216::000000,206,"{""choppy_reversal_winner"": 0.20470871164815965, ""jump_repricing_winner"": 0.15792764901614476, ""late_rescue_winner"": 0.15629680616864694, ""slow_grind_winner"": 0.0, ""smooth_trend_winner"": 0.20648913800715066, ""stair_step_winner"": 0.274577695159898}",stair_step_winner,smooth_trend_winner,0.8856649924691373,0.12148191568956505,0.13592233009708737,0.22815533980582525
up100pct,robustness,up100pct::SH601231::000000,266,"{""choppy_reversal_winner"": 0.24903198794367393, ""jump_repricing_winner"": 0.07299578769918413, ""late_rescue_winner"": 0.16717753451636386, ""slow_grind_winner"": 0.0, ""smooth_trend_winner"": 0.06407066032033094, ""stair_step_winner"": 0.4467240295204471}",stair_step_winner,choppy_reversal_winner,0.7659017930724935,0.07551086257766891,0.0,0.2932330827067669
up100pct,train,up100pct::SH601233::000000,206,"{""choppy_reversal_winner"": 0.26696694832667467, ""jump_repricing_winner"": 0.050949374796588245, ""late_rescue_winner"": 0.1864283598484234, ""slow_grind_winner"": 0.0, ""smooth_trend_winner"": 0.040413184046239434, ""stair_step_winner"": 0.4552421329820743}",stair_step_winner,choppy_reversal_winner,0.7284983343986644,0.0607138028092656,0.0,0.33980582524271846
up100pct,robustness,up100pct::SH601233::000001,70,"{""choppy_reversal_winner"": 0.2413952153038292, ""jump_repricing_winner"": 0.04375564164101816, ""late_rescue_winner"": 0.1567516691143638, ""slow_grind_winner"": 0.0, ""smooth_trend_winner"": 0.03549443396869715, ""stair_step_winner"": 0.5226030399720916}",stair_step_winner,choppy_reversal_winner,0.68542723088121,0.03365127998835829,0.0,0.2
up100pct,train,up100pct::SH601236::000000,3,"{""choppy_reversal_winner"": 0.09324079405744208, ""jump_repricing_winner"": 0.22789649755445107, ""late_rescue_winner"": 0.051673357928631834, ""slow_grind_winner"": 0.0, ""smooth_trend_winner"": 0.22152385621672654, ""stair_step_winner"": 0.40566549424274845}",stair_step_winner,jump_repricing_winner,0.7876252817911614,0.02272563579954436,0.0,0.0
up100pct,train,up100pct::SH601319::000000,3,"{""choppy_reversal_winner"": 0.028954660978395014, ""jump_repricing_winner"": 0.2706629965283587, ""late_rescue_winner"": 0.03033496669937653, ""slow_grind_winner"": 0.0, ""smooth_trend_winner"": 0.5962441051130807, ""stair_step_winner"": 0.07380327068078919}",smooth_trend_winner,jump_repricing_winner,0.5932688414748929,0.004113959275361879,0.0,1.0
up100pct,validation,up100pct::SH601360::000000,72,"{""choppy_reversal_winner"": 0.10512501108948127, ""jump_repricing_winner"": 0.19714066750192, ""late_rescue_winner"": 0.05697495961902775, ""slow_grind_winner"": 0.0, ""smooth_trend_winner"": 0.2987866920843556, ""stair_step_winner"": 0.3419726697052153}",stair_step_winner,smooth_trend_winner,0.8081765365802711,0.10730710312536873,0.013888888888888888,0.041666666666666664
up100pct,train,up100pct::SH601377::000000,42,"{""choppy_reversal_winner"": 0.3206353477465179, ""jump_repricing_winner"": 0.036961810282980394, ""late_rescue_winner"": 0.17850450124047235, ""slow_grind_winner"": 0.0, ""smooth_trend_winner"": 0.022530065718084427, ""stair_step_winner"": 0.44136827501194487}",stair_step_winner,choppy_reversal_winner,0.6924084761863532,0.03502532881730527,0.0,0.0
up100pct,robustness,up100pct::SH601611::000000,1,"{""choppy_reversal_winner"": 0.1589282897736864, ""jump_repricing_winner"": 0.09580444163243698, ""late_rescue_winner"": 0.0861536551403986, ""slow_grind_winner"": 0.0, ""smooth_trend_winner"": 0.06693438250752594, ""stair_step_winner"": 0.5921792309459522}",stair_step_winner,choppy_reversal_winner,0.6806164150151685,0.0,0.0,0.0
up100pct,train,up100pct::SH601618::000000,323,"{""choppy_reversal_winner"": 0.22516730674408697, ""jump_repricing_winner"": 0.08189155971861363, ""late_rescue_winner"": 0.14544808510771232, ""slow_grind_winner"": 0.0, ""smooth_trend_winner"": 0.10110167892265633, ""stair_step_winner"": 0.44639136950693076}",stair_step_winner,choppy_reversal_winner,0.7884818497175097,0.10271402671766955,0.04024767801857585,0.23219814241486067
up100pct,train,up100pct::SH601669::000000,326,"{""choppy_reversal_winner"": 0.23917275707174795, ""jump_repricing_winner"": 0.11501632447213495, ""late_rescue_winner"": 0.15043378853234643, ""slow_grind_winner"": 0.0, ""smooth_trend_winner"": 0.1420124138626223, ""stair_step_winner"": 0.3533647160611483}",stair_step_winner,choppy_reversal_winner,0.848678772680025,0.11628244953463972,0.0705521472392638,0.10122699386503067
up100pct,train,up100pct::SH601788::000000,209,"{""choppy_reversal_winner"": 0.21896702690468212, ""jump_repricing_winner"": 0.17685398252395723, ""late_rescue_winner"": 0.15900271384641362, ""slow_grind_winner"": 0.0, ""smooth_trend_winner"": 0.1749353126728119, ""stair_step_winner"": 0.2702409640521351}",stair_step_winner,choppy_reversal_winner,0.8873442525620869,0.11527436772851174,0.10047846889952153,0.22488038277511962
up100pct,train,up100pct::SH601799::000000,181,"{""choppy_reversal_winner"": 0.19579766223721448, ""jump_repricing_winner"": 0.07174121012710596, ""late_rescue_winner"": 0.12390299929095575, ""slow_grind_winner"": 0.0, ""smooth_trend_winner"": 0.06424126802118749, ""stair_step_winner"": 0.5443168603235363}",stair_step_winner,choppy_reversal_winner,0.7112868042492558,0.035418217743242726,0.0,0.27071823204419887
up100pct,train,up100pct::SH601811::000000,18,"{""choppy_reversal_winner"": 0.2606027718479991, ""jump_repricing_winner"": 0.05916174263321353, ""late_rescue_winner"": 0.4117630125839675, ""slow_grind_winner"": 0.0, ""smooth_trend_winner"": 0.05436700539822893, ""stair_step_winner"": 0.21410546753659088}",late_rescue_winner,choppy_reversal_winner,0.7653935381795934,0.0074365964247102324,0.0,0.9444444444444444
up100pct,train,up100pct::SH601866::000000,130,"{""choppy_reversal_winner"": 0.2944787758895858, ""jump_repricing_winner"": 0.038340686468238204, ""late_rescue_winner"": 0.20584671493727014, ""slow_grind_winner"": 0.0, ""smooth_trend_winner"": 0.03127922908092717, ""stair_step_winner"": 0.4300545936239786}",stair_step_winner,choppy_reversal_winner,0.715327000232539,0.03158776439715952,0.0,0.2076923076923077
up100pct,train,up100pct::SH601877::000000,320,"{""choppy_reversal_winner"": 0.29740623043739234, ""jump_repricing_winner"": 0.05879926237407349, ""late_rescue_winner"": 0.20398168292092808, ""slow_grind_winner"": 0.0, ""smooth_trend_winner"": 0.07203741342213583, ""stair_step_winner"": 0.36777541084547033}",stair_step_winner,choppy_reversal_winner,0.7863333982606805,0.07689033765573973,0.009375,0.296875
up100pct,robustness,up100pct::SH601877::000001,60,"{""choppy_reversal_winner"": 0.2908739366972144, ""jump_repricing_winner"": 0.03671704339636978, ""late_rescue_winner"": 0.21413609763806926, ""slow_grind_winner"": 0.0, ""smooth_trend_winner"": 0.02948793046335135, ""stair_step_winner"": 0.4287849918049952}",stair_step_winner,choppy_reversal_winner,0.713008862382494,0.01672591933488728,0.0,0.6
up100pct,train,up100pct::SH601888::000000,253,"{""choppy_reversal_winner"": 0.22324380395444526, ""jump_repricing_winner"": 0.14146414965080012, ""late_rescue_winner"": 0.13018880956555745, ""slow_grind_winner"": 0.0, ""smooth_trend_winner"": 0.18128035342912804, ""stair_step_winner"": 0.32382288340006915}",stair_step_winner,choppy_reversal_winner,0.8659328296931962,0.11315052950983702,0.09486166007905138,0.007905138339920948
up100pct,train,up100pct::SH601949::000000,7,"{""choppy_reversal_winner"": 0.2876748379461219, ""jump_repricing_winner"": 0.0073723891400796415, ""late_rescue_winner"": 0.6216989847914354, ""slow_grind_winner"": 0.0, ""smooth_trend_winner"": 0.004718234342846266, ""stair_step_winner"": 0.0785355537795168}",late_rescue_winner,choppy_reversal_winner,0.5107803593539285,0.003575751909566934,1.0,0.0
up100pct,train,up100pct::SH601966::000000,117,"{""choppy_reversal_winner"": 0.14021146238873722, ""jump_repricing_winner"": 0.14134281436736917, ""late_rescue_winner"": 0.08768139646860107, ""slow_grind_winner"": 0.0, ""smooth_trend_winner"": 0.15873190040623583, ""stair_step_winner"": 0.47203242636905673}",stair_step_winner,smooth_trend_winner,0.7880174154263571,0.0577556014878688,0.0,0.18803418803418803
up100pct,train,up100pct::SH601969::000000,6,"{""choppy_reversal_winner"": 0.14334148262486987, ""jump_repricing_winner"": 0.22450087041240926, ""late_rescue_winner"": 0.1677128040537872, ""slow_grind_winner"": 0.0, ""smooth_trend_winner"": 0.3316429113504837, ""stair_step_winner"": 0.13280193155844996}",smooth_trend_winner,jump_repricing_winner,0.8636309493590617,0.13616313868777233,0.0,0.0
up100pct,train,up100pct::SH601975::000000,31,"{""choppy_reversal_winner"": 0.39180233441911244, ""jump_repricing_winner"": 0.016348322817821608, ""late_rescue_winner"": 0.3962922645189276, ""slow_grind_winner"": 0.0, ""smooth_trend_winner"": 0.010861455295743774, ""stair_step_winner"": 0.18469562294839467}",late_rescue_winner,choppy_reversal_winner,0.648669121217888,0.014243755312833728,0.0,0.03225806451612903
up100pct,train,up100pct::SH601990::000000,60,"{""choppy_reversal_winner"": 0.1863122862402317, ""jump_repricing_winner"": 0.14536119336627568, ""late_rescue_winner"": 0.10728564273508792, ""slow_grind_winner"": 0.0, ""smooth_trend_winner"": 0.13458825774391997, ""stair_step_winner"": 0.4264526199144847}",stair_step_winner,choppy_reversal_winner,0.8183337241753902,0.10085073775698755,0.0,0.0
up100pct,train,up100pct::SH603005::000000,1,"{""choppy_reversal_winner"": 0.3081126061774406, ""jump_repricing_winner"": 0.09053162590338923, ""late_rescue_winner"": 0.20038623643394954, ""slow_grind_winner"": 0.0, ""smooth_trend_winner"": 0.056538824124939754, ""stair_step_winner"": 0.34443070736028086}",stair_step_winner,choppy_reversal_winner,0.7991388135201533,0.0,0.0,0.0
up100pct,train,up100pct::SH603025::000000,1,"{""choppy_reversal_winner"": 0.43399663211300865, ""jump_repricing_winner"": 0.01397840746689743, ""late_rescue_winner"": 0.4185704704305155, ""slow_grind_winner"": 0.0, ""smooth_trend_winner"": 0.0082225129981341, ""stair_step_winner"": 0.12523197699144445}",choppy_reversal_winner,late_rescue_winner,0.6061913470720769,0.0,0.0,0.0
up100pct,train,up100pct::SH603025::000001,6,"{""choppy_reversal_winner"": 0.09454758760769527, ""jump_repricing_winner"": 0.2741407721116598, ""late_rescue_winner"": 0.06025597847780531, ""slow_grind_winner"": 0.0, ""smooth_trend_winner"": 0.24539302488146905, ""stair_step_winner"": 0.3256626369213705}",stair_step_winner,jump_repricing_winner,0.813252233320285,0.03605598477346152,0.0,0.0
up100pct,train,up100pct::SH603026::000000,11,"{""choppy_reversal_winner"": 0.02446040985666761, ""jump_repricing_winner"": 0.3089608868843415, ""late_rescue_winner"": 0.015287221584034161, ""slow_grind_winner"": 0.0, ""smooth_trend_winner"": 0.5588170300389713, ""stair_step_winner"": 0.09247445163598526}",smooth_trend_winner,jump_repricing_winner,0.5932289881080605,0.045647967943311656,0.2727272727272727,0.2727272727272727
up100pct,train,up100pct::SH603027::000000,3,"{""choppy_reversal_winner"": 0.17938964430691215, ""jump_repricing_winner"": 0.06757476332763518, ""late_rescue_winner"": 0.09863554280789887, ""slow_grind_winner"": 0.0, ""smooth_trend_winner"": 0.04954714652322049, ""stair_step_winner"": 0.6048529030343333}",stair_step_winner,choppy_reversal_winner,0.65397310414374,0.0027028339460948396,0.0,0.0
up100pct,train,up100pct::SH603077::000000,80,"{""choppy_reversal_winner"": 0.4342753973802173, ""jump_repricing_winner"": 0.015009919941055406, ""late_rescue_winner"": 0.38129161537133693, ""slow_grind_winner"": 0.0, ""smooth_trend_winner"": 0.009521293563100707, ""stair_step_winner"": 0.15990177374428965}",choppy_reversal_winner,late_rescue_winner,0.6308489048415009,0.030270484729028903,0.0,0.0
up100pct,robustness,up100pct::SH603083::000000,6,"{""choppy_reversal_winner"": 0.24983306778889539, ""jump_repricing_winner"": 0.05532510843756865, ""late_rescue_winner"": 0.14119301152122127, ""slow_grind_winner"": 0.0, ""smooth_trend_winner"": 0.038254662386983135, ""stair_step_winner"": 0.5153941498653316}",stair_step_winner,choppy_reversal_winner,0.6973656088339847,0.00942378197412447,0.0,0.0
up100pct,train,up100pct::SH603218::000000,3,"{""choppy_reversal_winner"": 0.04188968831047687, ""jump_repricing_winner"": 0.2811431177152343, ""late_rescue_winner"": 0.024028733700449455, ""slow_grind_winner"": 0.0, ""smooth_trend_winner"": 0.4715539784112308, ""stair_step_winner"": 0.18138448186260867}",smooth_trend_winner,jump_repricing_winner,0.6939328753078612,0.03436433619847467,0.0,0.0
up100pct,robustness,up100pct::SH603228::000000,60,"{""choppy_reversal_winner"": 0.154595588129777, ""jump_repricing_winner"": 0.15213326220038775, ""late_rescue_winner"": 0.0859843916659092, ""slow_grind_winner"": 0.0, ""smooth_trend_winner"": 0.23689826676121645, ""stair_step_winner"": 0.3703884912427095}",stair_step_winner,smooth_trend_winner,0.8344267842142858,0.12196223685042197,0.23333333333333334,0.0
up100pct,train,up100pct::SH603256::000000,8,"{""choppy_reversal_winner"": 0.28371188098654165, ""jump_repricing_winner"": 0.01379758863593216, ""late_rescue_winner"": 0.593776685072877, ""slow_grind_winner"": 0.0, ""smooth_trend_winner"": 0.009790067902645402, ""stair_step_winner"": 0.09892377740200381}",late_rescue_winner,choppy_reversal_winner,0.5582046849206335,0.003237350840041874,0.125,0.0
up100pct,robustness,up100pct::SH603256::000001,11,"{""choppy_reversal_winner"": 0.22013272214073665, ""jump_repricing_winner"": 0.08617174775778937, ""late_rescue_winner"": 0.13113198724928124, ""slow_grind_winner"": 0.0, ""smooth_trend_winner"": 0.0640456343989929, ""stair_step_winner"": 0.4985179084531998}",stair_step_winner,choppy_reversal_winner,0.7444380529740623,0.027640198546258862,0.0,0.0
up100pct,robustness,up100pct::SH603259::000000,70,"{""choppy_reversal_winner"": 0.18800282545181385, ""jump_repricing_winner"": 0.08183579211285595, ""late_rescue_winner"": 0.12529993567439196, ""slow_grind_winner"": 0.0, ""smooth_trend_winner"": 0.06991879758858209, ""stair_step_winner"": 0.534942649172356}",stair_step_winner,choppy_reversal_winner,0.7255281674185399,0.03524792296587343,0.0,0.21428571428571427
up100pct,train,up100pct::SH603260::000000,398,"{""choppy_reversal_winner"": 0.23288599909081528, ""jump_repricing_winner"": 0.07899393200520485, ""late_rescue_winner"": 0.17251796384664272, ""slow_grind_winner"": 0.0, ""smooth_trend_winner"": 0.12428568698619767, ""stair_step_winner"": 0.3913164180711395}",stair_step_winner,choppy_reversal_winner,0.8200559854363826,0.12530558356926377,0.09045226130653267,0.30402010050251255
up100pct,train,up100pct::SH603267::000000,10,"{""choppy_reversal_winner"": 0.33106101752155176, ""jump_repricing_winner"": 0.03351247946407017, ""late_rescue_winner"": 0.17682204210171695, ""slow_grind_winner"": 0.0, ""smooth_trend_winner"": 0.021822838225594814, ""stair_step_winner"": 0.4367816226870662}",stair_step_winner,choppy_reversal_winner,0.6872590061357453,0.005126737029209664,0.0,0.0
up100pct,robustness,up100pct::SH603268::000000,85,"{""choppy_reversal_winner"": 0.1548580624911518, ""jump_repricing_winner"": 0.10252420503519659, ""late_rescue_winner"": 0.08738897880385876, ""slow_grind_winner"": 0.0, ""smooth_trend_winner"": 0.11264778229540369, ""stair_step_winner"": 0.5425809713743891}",stair_step_winner,choppy_reversal_winner,0.7328399899615835,0.03935047258738278,0.0,0.03529411764705882
up100pct,train,up100pct::SH603288::000000,180,"{""choppy_reversal_winner"": 0.18144111285307754, ""jump_repricing_winner"": 0.10993804638607847, ""late_rescue_winner"": 0.11079387574559468, ""slow_grind_winner"": 0.0, ""smooth_trend_winner"": 0.10939438901068434, ""stair_step_winner"": 0.4884325760045649}",stair_step_winner,choppy_reversal_winner,0.7747831103221948,0.06722960395166287,0.0,0.1
up100pct,robustness,up100pct::SH603296::000000,88,"{""choppy_reversal_winner"": 0.33486012279380717, ""jump_repricing_winner"": 0.03031096294922978, ""late_rescue_winner"": 0.23797297833762457, ""slow_grind_winner"": 0.0, ""smooth_trend_winner"": 0.021627207966934982, ""stair_step_winner"": 0.37522872795240353}",stair_step_winner,choppy_reversal_winner,0.7058315048098788,0.0460012771681034,0.0,0.23863636363636365
up100pct,train,up100pct::SH603338::000000,179,"{""choppy_reversal_winner"": 0.19806315841059607, ""jump_repricing_winner"": 0.09360662927840585, ""late_rescue_winner"": 0.1176622787999476, ""slow_grind_winner"": 0.0, ""smooth_trend_winner"": 0.08104343245090355, ""stair_step_winner"": 0.5096245010601469}",stair_step_winner,choppy_reversal_winner,0.7486390500347178,0.04784455181495654,0.0,0.08379888268156424
up100pct,train,up100pct::SH603345::000000,69,"{""choppy_reversal_winner"": 0.12629593506343936, ""jump_repricing_winner"": 0.1177334149574446, ""late_rescue_winner"": 0.0722803510978347, ""slow_grind_winner"": 0.0, ""smooth_trend_winner"": 0.12033230200603959, ""stair_step_winner"": 0.5633579968752419}",stair_step_winner,choppy_reversal_winner,0.7150341548524567,0.04426635935238254,0.0,0.07246376811594203
up100pct,train,up100pct::SH603369::000000,171,"{""choppy_reversal_winner"": 0.290587923574876, ""jump_repricing_winner"": 0.035352409580686445, ""late_rescue_winner"": 0.20277249270724146, ""slow_grind_winner"": 0.0, ""smooth_trend_winner"": 0.027805851370006997, ""stair_step_winner"": 0.4434813227671891}",stair_step_winner,choppy_reversal_winner,0.7038063099858035,0.040978555014949306,0.0,0.29239766081871343
up100pct,train,up100pct::SH603392::000000,57,"{""choppy_reversal_winner"": 0.2540594035840865, ""jump_repricing_winner"": 0.07018520098483048, ""late_rescue_winner"": 0.15623366859305915, ""slow_grind_winner"": 0.0, ""smooth_trend_winner"": 0.09493601138248739, ""stair_step_winner"": 0.42458571545553647}",stair_step_winner,choppy_reversal_winner,0.7879663934770725,0.08339520325368675,0.03508771929824561,0.017543859649122806
up100pct,robustness,up100pct::SH603486::000000,67,"{""choppy_reversal_winner"": 0.15558815253886596, ""jump_repricing_winner"": 0.14885748045744143, ""late_rescue_winner"": 0.11042560281238827, ""slow_grind_winner"": 0.0, ""smooth_trend_winner"": 0.20843983125663815, ""stair_step_winner"": 0.3766889329346662}",stair_step_winner,smooth_trend_winner,0.8432831788706375,0.11565690486677865,0.029850746268656716,0.04477611940298507
up100pct,train,up100pct::SH603517::000000,163,"{""choppy_reversal_winner"": 0.20460122877656328, ""jump_repricing_winner"": 0.08176539398871611, ""late_rescue_winner"": 0.12754059601337614, ""slow_grind_winner"": 0.0, ""smooth_trend_winner"": 0.08397902951815985, ""stair_step_winner"": 0.5021137517031847}",stair_step_winner,choppy_reversal_winner,0.7512007366303138,0.06397776118534503,0.0,0.15337423312883436
up100pct,train,up100pct::SH603565::000000,2,"{""choppy_reversal_winner"": 0.15028050183209143, ""jump_repricing_winner"": 0.09823989009598683, ""late_rescue_winner"": 0.09055257354107732, ""slow_grind_winner"": 0.0, ""smooth_trend_winner"": 0.07981273837247854, ""stair_step_winner"": 0.5811142961583659}",stair_step_winner,choppy_reversal_winner,0.6962244576227976,0.008184816229426557,0.0,0.0
up100pct,train,up100pct::SH603589::000000,45,"{""choppy_reversal_winner"": 0.3939392307895599, ""jump_repricing_winner"": 0.018861307629063833, ""late_rescue_winner"": 0.333564635011738, ""slow_grind_winner"": 0.0, ""smooth_trend_winner"": 0.012991036719939356, ""stair_step_winner"": 0.24064378984969895}",choppy_reversal_winner,late_rescue_winner,0.6738093988029895,0.034778915722791535,0.0,0.7333333333333333
up100pct,train,up100pct::SH603658::000000,82,"{""choppy_reversal_winner"": 0.190384541094686, ""jump_repricing_winner"": 0.05987756686649406, ""late_rescue_winner"": 0.12024744891650735, ""slow_grind_winner"": 0.0, ""smooth_trend_winner"": 0.049432182387685805, ""stair_step_winner"": 0.5800582607346269}",stair_step_winner,choppy_reversal_winner,0.6717693489741303,0.04456949431323461,0.0,0.036585365853658534
up100pct,train,up100pct::SH603659::000000,13,"{""choppy_reversal_winner"": 0.09197647689108106, ""jump_repricing_winner"": 0.20703215165486563, ""late_rescue_winner"": 0.048666185162384176, ""slow_grind_winner"": 0.0, ""smooth_trend_winner"": 0.3366711636547886, ""stair_step_winner"": 0.3156540226368806}",smooth_trend_winner,stair_step_winner,0.7942662264934117,0.10226087412749003,0.38461538461538464,0.0
up100pct,robustness,up100pct::SH603659::000001,178,"{""choppy_reversal_winner"": 0.22925756530334251, ""jump_repricing_winner"": 0.053895583142442215, ""late_rescue_winner"": 0.17543403853155914, ""slow_grind_winner"": 0.0, ""smooth_trend_winner"": 0.04204548997193904, ""stair_step_winner"": 0.4993673230507171}",stair_step_winner,choppy_reversal_winner,0.7146271427284471,0.06707381306659475,0.0,0.15730337078651685
up100pct,train,up100pct::SH603699::000000,4,"{""choppy_reversal_winner"": 0.33929295181301655, ""jump_repricing_winner"": 0.011585914230644645, ""late_rescue_winner"": 0.5068479354314757, ""slow_grind_winner"": 0.0, ""smooth_trend_winner"": 0.008251041219700342, ""stair_step_winner"": 0.1340221573051629}",late_rescue_winner,choppy_reversal_winner,0.5981543693999859,0.009558133438454334,0.0,0.0
up100pct,train,up100pct::SH603708::000000,8,"{""choppy_reversal_winner"": 0.12342102156899183, ""jump_repricing_winner"": 0.13167754224188827, ""late_rescue_winner"": 0.06783203508990895, ""slow_grind_winner"": 0.0, ""smooth_trend_winner"": 0.13771330774902785, ""stair_step_winner"": 0.5393560933501831}",stair_step_winner,smooth_trend_winner,0.7331959911073425,0.050206144147211106,0.0,0.0
up100pct,train,up100pct::SH603712::000000,147,"{""choppy_reversal_winner"": 0.22000225147943103, ""jump_repricing_winner"": 0.07491979070439325, ""late_rescue_winner"": 0.1449665561368074, ""slow_grind_winner"": 0.0, ""smooth_trend_winner"": 0.0770905841454337, ""stair_step_winner"": 0.4830208175339346}",stair_step_winner,choppy_reversal_winner,0.7569523403464143,0.06529705168027654,0.006802721088435374,0.5034013605442177
up100pct,train,up100pct::SH603730::000000,3,"{""choppy_reversal_winner"": 0.28820945070578846, ""jump_repricing_winner"": 0.020829267360259508, ""late_rescue_winner"": 0.511263281734704, ""slow_grind_winner"": 0.0, ""smooth_trend_winner"": 0.017317790104577745, ""stair_step_winner"": 0.1623802100946703}",late_rescue_winner,choppy_reversal_winner,0.6404879791166163,0.000717002963225043,0.0,0.0
up100pct,train,up100pct::SH603737::000000,105,"{""choppy_reversal_winner"": 0.14039341839276645, ""jump_repricing_winner"": 0.1534907853889694, ""late_rescue_winner"": 0.08293686043409836, ""slow_grind_winner"": 0.0, ""smooth_trend_winner"": 0.22581253061021955, ""stair_step_winner"": 0.39736640517394617}",stair_step_winner,smooth_trend_winner,0.8218340767331894,0.10251594598018186,0.10476190476190476,0.09523809523809523
up100pct,train,up100pct::SH603766::000000,16,"{""choppy_reversal_winner"": 0.3753531436181766, ""jump_repricing_winner"": 0.013718345596145494, ""late_rescue_winner"": 0.43378705023562253, ""slow_grind_winner"": 0.0, ""smooth_trend_winner"": 0.00933916397899311, ""stair_step_winner"": 0.16780229657106221}",late_rescue_winner,choppy_reversal_winner,0.6318430261762223,0.005955735380443327,0.0,0.25
up100pct,robustness,up100pct::SH603799::000000,192,"{""choppy_reversal_winner"": 0.1900964714648645, ""jump_repricing_winner"": 0.09840367660039472, ""late_rescue_winner"": 0.13820891936653998, ""slow_grind_winner"": 0.0, ""smooth_trend_winner"": 0.1008930096507616, ""stair_step_winner"": 0.47239792291743926}",stair_step_winner,choppy_reversal_winner,0.7830112002931497,0.07825624748652239,0.0,0.140625
up100pct,train,up100pct::SH603816::000000,75,"{""choppy_reversal_winner"": 0.18710369706914198, ""jump_repricing_winner"": 0.07630693545723555, ""late_rescue_winner"": 0.10989699865942228, ""slow_grind_winner"": 0.0, ""smooth_trend_winner"": 0.06426820934307584, ""stair_step_winner"": 0.5624241594711243}",stair_step_winner,choppy_reversal_winner,0.6991378433492467,0.03542945363389927,0.0,0.05333333333333334
up100pct,train,up100pct::SH603866::000000,1,"{""choppy_reversal_winner"": 0.15069146258703858, ""jump_repricing_winner"": 0.1177600454718287, ""late_rescue_winner"": 0.1179801451416008, ""slow_grind_winner"": 0.0, ""smooth_trend_winner"": 0.13807938916680304, ""stair_step_winner"": 0.4754889576327289}",stair_step_winner,choppy_reversal_winner,0.7903464819117604,0.0,0.0,1.0
up100pct,train,up100pct::SH603882::000000,179,"{""choppy_reversal_winner"": 0.2327815257476392, ""jump_repricing_winner"": 0.07242089644697143, ""late_rescue_winner"": 0.15543189965080442, ""slow_grind_winner"": 0.0, ""smooth_trend_winner"": 0.08940340937856354, ""stair_step_winner"": 0.4499622687760214}",stair_step_winner,choppy_reversal_winner,0.7780017185693003,0.08691442669670436,0.0670391061452514,0.4134078212290503
up100pct,robustness,up100pct::SH603893::000000,55,"{""choppy_reversal_winner"": 0.10086558533765758, ""jump_repricing_winner"": 0.21729614461982774, ""late_rescue_winner"": 0.06599718827387233, ""slow_grind_winner"": 0.0, ""smooth_trend_winner"": 0.31556025408256033, ""stair_step_winner"": 0.300280827686082}",smooth_trend_winner,stair_step_winner,0.8191341297971202,0.08285129691085316,0.0,0.34545454545454546
up100pct,train,up100pct::SH603899::000000,172,"{""choppy_reversal_winner"": 0.262399107546026, ""jump_repricing_winner"": 0.050608093061183294, ""late_rescue_winner"": 0.18126629662981908, ""slow_grind_winner"": 0.0, ""smooth_trend_winner"": 0.04383798349286769, ""stair_step_winner"": 0.461888519270104}",stair_step_winner,choppy_reversal_winner,0.7286087358010753,0.026818301900615654,0.0,0.7325581395348837
up100pct,robustness,up100pct::SH603979::000000,5,"{""choppy_reversal_winner"": 0.3831282892118525, ""jump_repricing_winner"": 0.025279240038277778, ""late_rescue_winner"": 0.30281519342492225, ""slow_grind_winner"": 0.0, ""smooth_trend_winner"": 0.02041338436311322, ""stair_step_winner"": 0.26836389296183427}",choppy_reversal_winner,late_rescue_winner,0.7002841643416956,0.047051938673542015,0.0,0.4
up100pct,robustness,up100pct::SH605117::000000,218,"{""choppy_reversal_winner"": 0.21061554951903907, ""jump_repricing_winner"": 0.07622672640748869, ""late_rescue_winner"": 0.14643787281273987, ""slow_grind_winner"": 0.0, ""smooth_trend_winner"": 0.06708556984548067, ""stair_step_winner"": 0.4996342814152516}",stair_step_winner,choppy_reversal_winner,0.7442725418551973,0.05069294886238294,0.0,0.38073394495412843
up100pct,train,up100pct::SZ000001::000000,41,"{""choppy_reversal_winner"": 0.3539749062410488, ""jump_repricing_winner"": 0.026607319571046308, ""late_rescue_winner"": 0.2480062578257204, ""slow_grind_winner"": 0.0, ""smooth_trend_winner"": 0.019934552630262725, ""stair_step_winner"": 0.3514769637319217}",choppy_reversal_winner,stair_step_winner,0.7006855713691784,0.03231630377469772,0.0,0.17073170731707318
up100pct,train,up100pct::SZ000009::000000,174,"{""choppy_reversal_winner"": 0.280580652079312, ""jump_repricing_winner"": 0.08210996756730553, ""late_rescue_winner"": 0.22300823652239124, ""slow_grind_winner"": 0.0, ""smooth_trend_winner"": 0.11545002508977104, ""stair_step_winner"": 0.2988511187412202}",stair_step_winner,choppy_reversal_winner,0.8408912487473594,0.11138199608968614,0.10344827586206896,0.05747126436781609
up100pct,train,up100pct::SZ000012::000000,18,"{""choppy_reversal_winner"": 0.2801722548598873, ""jump_repricing_winner"": 0.040966724225120245, ""late_rescue_winner"": 0.23658344604125592, ""slow_grind_winner"": 0.0, ""smooth_trend_winner"": 0.03646726185714027, ""stair_step_winner"": 0.40581031301659626}",stair_step_winner,choppy_reversal_winner,0.7339899818831322,0.01768534779570846,0.0,0.6111111111111112
up100pct,train,up100pct::SZ000016::000000,19,"{""choppy_reversal_winner"": 0.4602802306440335, ""jump_repricing_winner"": 0.010374925328856791, ""late_rescue_winner"": 0.4206712189295353, ""slow_grind_winner"": 0.0, ""smooth_trend_winner"": 0.005927519824674268, ""stair_step_winner"": 0.10274610527290007}",choppy_reversal_winner,late_rescue_winner,0.5765244358381293,0.018129314582050235,0.0,0.0
up100pct,train,up100pct::SZ000027::000000,231,"{""choppy_reversal_winner"": 0.16803217148412886, ""jump_repricing_winner"": 0.13766458117101954, ""late_rescue_winner"": 0.11236435836906643, ""slow_grind_winner"": 0.0, ""smooth_trend_winner"": 0.1467239243141816, ""stair_step_winner"": 0.43521496466160364}",stair_step_winner,choppy_reversal_winner,0.8159389806691503,0.10240484690037516,0.03463203463203463,0.1038961038961039
up100pct,train,up100pct::SZ000062::000000,109,"{""choppy_reversal_winner"": 0.343994021331055, ""jump_repricing_winner"": 0.008234320994955016, ""late_rescue_winner"": 0.5567156118208647, ""slow_grind_winner"": 0.0, ""smooth_trend_winner"": 0.005122973963239353, ""stair_step_winner"": 0.08593307188988582}",late_rescue_winner,choppy_reversal_winner,0.5416966213981647,0.01470046268539399,0.6513761467889908,0.0
up100pct,train,up100pct::SZ000155::000000,2,"{""choppy_reversal_winner"": 0.17113264255206864, ""jump_repricing_winner"": 0.15215330708448258, ""late_rescue_winner"": 0.10083914893957048, ""slow_grind_winner"": 0.0, ""smooth_trend_winner"": 0.2859969270877695, ""stair_step_winner"": 0.28987797433610873}",stair_step_winner,smooth_trend_winner,0.8577567559993408,0.12511461148994477,0.0,0.0
up100pct,train,up100pct::SZ000429::000000,44,"{""choppy_reversal_winner"": 0.33007041570940304, ""jump_repricing_winner"": 0.032543257225315876, ""late_rescue_winner"": 0.3155539758567871, ""slow_grind_winner"": 0.0, ""smooth_trend_winner"": 0.026093462453330538, ""stair_step_winner"": 0.2957388887551634}",choppy_reversal_winner,late_rescue_winner,0.7237198470800503,0.003514139770017415,0.0,1.0
up100pct,train,up100pct::SZ000488::000000,59,"{""choppy_reversal_winner"": 0.3787133596051343, ""jump_repricing_winner"": 0.02525524615809075, ""late_rescue_winner"": 0.2923491015935041, ""slow_grind_winner"": 0.0, ""smooth_trend_winner"": 0.017990475188690968, ""stair_step_winner"": 0.28569181745457983}",choppy_reversal_winner,late_rescue_winner,0.6978459528180881,0.04544891532012085,0.0,0.2033898305084746
up100pct,train,up100pct::SZ000503::000000,7,"{""choppy_reversal_winner"": 0.008957117350231483, ""jump_repricing_winner"": 0.2748106407452563, ""late_rescue_winner"": 0.005603347534170845, ""slow_grind_winner"": 0.0, ""smooth_trend_winner"": 0.6767079738927605, ""stair_step_winner"": 0.0339209204775809}",smooth_trend_winner,jump_repricing_winner,0.4494436502816903,0.0027689532526338143,1.0,0.0
up100pct,train,up100pct::SZ000519::000000,3,"{""choppy_reversal_winner"": 0.37311540703335533, ""jump_repricing_winner"": 0.01713038356572158, ""late_rescue_winner"": 0.3376810152246061, ""slow_grind_winner"": 0.0, ""smooth_trend_winner"": 0.012112081707809625, ""stair_step_winner"": 0.25996111246850745}",choppy_reversal_winner,late_rescue_winner,0.6740846130791122,0.011766873954676372,0.0,0.3333333333333333
up100pct,train,up100pct::SZ000537::000000,73,"{""choppy_reversal_winner"": 0.340599843168001, ""jump_repricing_winner"": 0.020286097450135456, ""late_rescue_winner"": 0.4855349500622137, ""slow_grind_winner"": 0.0, ""smooth_trend_winner"": 0.013815033719416269, ""stair_step_winner"": 0.1397640756002336}",late_rescue_winner,choppy_reversal_winner,0.6311662685550187,0.024758165693308475,0.0684931506849315,0.0
up100pct,train,up100pct::SZ000547::000000,329,"{""choppy_reversal_winner"": 0.2728611996374667, ""jump_repricing_winner"": 0.03538744753656198, ""late_rescue_winner"": 0.3250001016652688, ""slow_grind_winner"": 0.0, ""smooth_trend_winner"": 0.028009710971542964, ""stair_step_winner"": 0.33874154018915953}",stair_step_winner,late_rescue_winner,0.7281920513560776,0.08585006947426378,0.07598784194528875,0.20972644376899696
up100pct,train,up100pct::SZ000598::000000,11,"{""choppy_reversal_winner"": 0.3677013041530399, ""jump_repricing_winner"": 0.018433452899818698, ""late_rescue_winner"": 0.3141340337338155, ""slow_grind_winner"": 0.0, ""smooth_trend_winner"": 0.013167999746827759, ""stair_step_winner"": 0.28656320946649816}",choppy_reversal_winner,late_rescue_winner,0.6811207506930494,0.0028764688670769242,0.0,1.0
up100pct,train,up100pct::SZ000600::000000,1,"{""choppy_reversal_winner"": 0.32598126642826153, ""jump_repricing_winner"": 0.014832424398693072, ""late_rescue_winner"": 0.4834731367796928, ""slow_grind_winner"": 0.0, ""smooth_trend_winner"": 0.011050534526564992, ""stair_step_winner"": 0.16466263786678773}",late_rescue_winner,choppy_reversal_winner,0.6284538001117883,0.0,0.0,0.0
up100pct,validation,up100pct::SZ000629::000000,1,"{""choppy_reversal_winner"": 0.03654170003526194, ""jump_repricing_winner"": 0.2687861032732159, ""late_rescue_winner"": 0.03734829578342537, ""slow_grind_winner"": 0.0, ""smooth_trend_winner"": 0.5639437955842085, ""stair_step_winner"": 0.09338010532388838}",smooth_trend_winner,jump_repricing_winner,0.6369657382198594,0.0,0.0,1.0
up100pct,train,up100pct::SZ000636::000000,71,"{""choppy_reversal_winner"": 0.31067428094469934, ""jump_repricing_winner"": 0.020199182607761546, ""late_rescue_winner"": 0.5039006921046104, ""slow_grind_winner"": 0.0, ""smooth_trend_winner"": 0.014872552440680161, ""stair_step_winner"": 0.15035329190224866}",late_rescue_winner,choppy_reversal_winner,0.6333630010213538,0.04953170439795157,0.23943661971830985,0.09859154929577464
up100pct,train,up100pct::SZ000656::000000,23,"{""choppy_reversal_winner"": 0.30866586844051414, ""jump_repricing_winner"": 0.02932930645741119, ""late_rescue_winner"": 0.19284022174794155, ""slow_grind_winner"": 0.0, ""smooth_trend_winner"": 0.02099409380413831, ""stair_step_winner"": 0.4481705095499946}",stair_step_winner,choppy_reversal_winner,0.6834300670564126,0.004280423589084582,0.0,0.0
up100pct,robustness,up100pct::SZ000657::000000,82,"{""choppy_reversal_winner"": 0.10021669626209999, ""jump_repricing_winner"": 0.20428996227880278, ""late_rescue_winner"": 0.055943095402623884, ""slow_grind_winner"": 0.0, ""smooth_trend_winner"": 0.22927363844011495, ""stair_step_winner"": 0.4102766076163584}",stair_step_winner,smooth_trend_winner,0.792245111230752,0.08277549141064207,0.0,0.0
up100pct,robustness,up100pct::SZ000703::000000,16,"{""choppy_reversal_winner"": 0.39266245783463705, ""jump_repricing_winner"": 0.020364557051803497, ""late_rescue_winner"": 0.2477497865376718, ""slow_grind_winner"": 0.0, ""smooth_trend_winner"": 0.01307796004529478, ""stair_step_winner"": 0.32614523853059285}",choppy_reversal_winner,stair_step_winner,0.6776522227417409,0.0023148101823172993,0.0,0.0
up100pct,train,up100pct::SZ000710::000000,51,"{""choppy_reversal_winner"": 0.3204191867858112, ""jump_repricing_winner"": 0.07711498209896255, ""late_rescue_winner"": 0.26342727798070703, ""slow_grind_winner"": 0.0, ""smooth_trend_winner"": 0.06172344713914438, ""stair_step_winner"": 0.2773151059953748}",choppy_reversal_winner,stair_step_winner,0.8043921400739137,0.09997302098855555,0.0,0.0
up100pct,train,up100pct::SZ000718::000000,15,"{""choppy_reversal_winner"": 0.28143522610983773, ""jump_repricing_winner"": 0.03779871917484498, ""late_rescue_winner"": 0.43610227773629795, ""slow_grind_winner"": 0.0, ""smooth_trend_winner"": 0.03231396367405392, ""stair_step_winner"": 0.21234981330496552}",late_rescue_winner,choppy_reversal_winner,0.7157710007728909,0.012257867232099961,0.0,0.26666666666666666
up100pct,train,up100pct::SZ000738::000000,124,"{""choppy_reversal_winner"": 0.35956842435289155, ""jump_repricing_winner"": 0.0248401844273414, ""late_rescue_winner"": 0.2796683614822013, ""slow_grind_winner"": 0.0, ""smooth_trend_winner"": 0.018531888567266338, ""stair_step_winner"": 0.31739114117029943}",choppy_reversal_winner,stair_step_winner,0.6999102612630995,0.03398626624276318,0.0,0.6451612903225806
up100pct,train,up100pct::SZ000739::000000,103,"{""choppy_reversal_winner"": 0.26188096137332045, ""jump_repricing_winner"": 0.05562083574957149, ""late_rescue_winner"": 0.18068510355224437, ""slow_grind_winner"": 0.0, ""smooth_trend_winner"": 0.04830346780502279, ""stair_step_winner"": 0.453509631519841}",stair_step_winner,choppy_reversal_winner,0.7398963092253712,0.03944062667818779,0.0,0.6407766990291263
up100pct,train,up100pct::SZ000768::000000,214,"{""choppy_reversal_winner"": 0.255820013052917, ""jump_repricing_winner"": 0.04324133447161848, ""late_rescue_winner"": 0.16858239338796396, ""slow_grind_winner"": 0.0, ""smooth_trend_winner"": 0.03280629180121453, ""stair_step_winner"": 0.499549967286286}",stair_step_winner,choppy_reversal_winner,0.6940224238809126,0.04488325250737433,0.0,0.14953271028037382
up100pct,train,up100pct::SZ000786::000000,219,"{""choppy_reversal_winner"": 0.2807729708072043, ""jump_repricing_winner"": 0.0497922601946344, ""late_rescue_winner"": 0.20647343410116703, ""slow_grind_winner"": 0.0, ""smooth_trend_winner"": 0.04010176464389334, ""stair_step_winner"": 0.422859570253101}",stair_step_winner,choppy_reversal_winner,0.7393198460666915,0.04294916319651479,0.0,0.6210045662100456
up100pct,train,up100pct::SZ000792::000000,55,"{""choppy_reversal_winner"": 0.06565313327416124, ""jump_repricing_winner"": 0.48003199139501607, ""late_rescue_winner"": 0.046715282052773276, ""slow_grind_winner"": 0.0, ""smooth_trend_winner"": 0.27304927715831073, ""stair_step_winner"": 0.13455031611973875}",jump_repricing_winner,smooth_trend_winner,0.724731610211727,0.0063630416679024,0.0,1.0
up100pct,train,up100pct::SZ000799::000000,106,"{""choppy_reversal_winner"": 0.07994066323628576, ""jump_repricing_winner"": 0.22390699424323662, ""late_rescue_winner"": 0.05161811613431222, ""slow_grind_winner"": 0.0, ""smooth_trend_winner"": 0.40500498045766514, ""stair_step_winner"": 0.23952924592850036}",smooth_trend_winner,stair_step_winner,0.7804689452672304,0.09808152278515937,0.32075471698113206,0.1792452830188679
up100pct,train,up100pct::SZ000825::000000,311,"{""choppy_reversal_winner"": 0.27427000221067194, ""jump_repricing_winner"": 0.06894989333750376, ""late_rescue_winner"": 0.18369446292100286, ""slow_grind_winner"": 0.0, ""smooth_trend_winner"": 0.06344016593472009, ""stair_step_winner"": 0.40964547559610137}",stair_step_winner,choppy_reversal_winner,0.7763384660667144,0.09661794789540751,0.003215434083601286,0.05787781350482315
up100pct,train,up100pct::SZ000839::000000,3,"{""choppy_reversal_winner"": 0.01007838413378632, ""jump_repricing_winner"": 0.2464070821820934, ""late_rescue_winner"": 0.0064575137331953185, ""slow_grind_winner"": 0.0, ""smooth_trend_winner"": 0.6973116126623274, ""stair_step_winner"": 0.03974540728859748}",smooth_trend_winner,jump_repricing_winner,0.44852108476599967,0.0017715548694991435,1.0,0.0
up100pct,train,up100pct::SZ000858::000000,211,"{""choppy_reversal_winner"": 0.20436652529731192, ""jump_repricing_winner"": 0.09402702383334763, ""late_rescue_winner"": 0.14335080802721142, ""slow_grind_winner"": 0.0, ""smooth_trend_winner"": 0.09280592017251145, ""stair_step_winner"": 0.4654497226696176}",stair_step_winner,choppy_reversal_winner,0.7823742346077833,0.06975973577718686,0.0,0.018957345971563982
up100pct,train,up100pct::SZ000860::000000,29,"{""choppy_reversal_winner"": 0.2792145580090508, ""jump_repricing_winner"": 0.033696239611312566, ""late_rescue_winner"": 0.16301414512815487, ""slow_grind_winner"": 0.0, ""smooth_trend_winner"": 0.02346355638878097, ""stair_step_winner"": 0.5006115008627008}",stair_step_winner,choppy_reversal_winner,0.6700564312685556,0.0298632457296862,0.0,0.0
up100pct,train,up100pct::SZ000869::000000,26,"{""choppy_reversal_winner"": 0.1932009983802519, ""jump_repricing_winner"": 0.05644577301270085, ""late_rescue_winner"": 0.10524091034739899, ""slow_grind_winner"": 0.0, ""smooth_trend_winner"": 0.04251982055939813, ""stair_step_winner"": 0.6025924977002501}",stair_step_winner,choppy_reversal_winner,0.6453541234538486,0.006479510845506666,0.0,0.0
up100pct,train,up100pct::SZ000887::000000,38,"{""choppy_reversal_winner"": 0.42100646947349585, ""jump_repricing_winner"": 0.012316144906555321, ""late_rescue_winner"": 0.36626955946047945, ""slow_grind_winner"": 0.0, ""smooth_trend_winner"": 0.008090286193794207, ""stair_step_winner"": 0.19231753996567522}",choppy_reversal_winner,late_rescue_winner,0.637513879903247,0.009439073510665348,0.0,0.0
up100pct,train,up100pct::SZ000895::000000,158,"{""choppy_reversal_winner"": 0.20437265382290457, ""jump_repricing_winner"": 0.06329055496590684, ""late_rescue_winner"": 0.12631998886811435, ""slow_grind_winner"": 0.0, ""smooth_trend_winner"": 0.05536366547919655, ""stair_step_winner"": 0.5506531368638777}",stair_step_winner,choppy_reversal_winner,0.6972457417061934,0.051536661690636705,0.0,0.06329113924050633
up100pct,train,up100pct::SZ000898::000000,15,"{""choppy_reversal_winner"": 0.18668597793969124, ""jump_repricing_winner"": 0.11830438292043753, ""late_rescue_winner"": 0.11580720604470618, ""slow_grind_winner"": 0.0, ""smooth_trend_winner"": 0.0938919476867908, ""stair_step_winner"": 0.4853104854083743}",stair_step_winner,choppy_reversal_winner,0.7749230305171395,0.026659827385764567,0.0,0.2
up100pct,train,up100pct::SZ000902::000000,11,"{""choppy_reversal_winner"": 0.36624949841998683, ""jump_repricing_winner"": 0.025098541793710103, ""late_rescue_winner"": 0.2942860689650899, ""slow_grind_winner"": 0.0, ""smooth_trend_winner"": 0.018215018379227885, ""stair_step_winner"": 0.2961508724419853}",choppy_reversal_winner,stair_step_winner,0.6996901864814558,0.017185424369241666,0.0,1.0
up100pct,train,up100pct::SZ000932::000000,184,"{""choppy_reversal_winner"": 0.26754162224013, ""jump_repricing_winner"": 0.05113257604313244, ""late_rescue_winner"": 0.178871433931448, ""slow_grind_winner"": 0.0, ""smooth_trend_winner"": 0.039708687794250366, ""stair_step_winner"": 0.4627456799910391}",stair_step_winner,choppy_reversal_winner,0.7240508998981106,0.02278167774115032,0.0,0.5054347826086957
up100pct,train,up100pct::SZ000935::000000,7,"{""choppy_reversal_winner"": 0.2815481718859655, ""jump_repricing_winner"": 0.012321390764295429, ""late_rescue_winner"": 0.5869882145431076, ""slow_grind_winner"": 0.0, ""smooth_trend_winner"": 0.009070411934138383, ""stair_step_winner"": 0.11007181087249326}",late_rescue_winner,choppy_reversal_winner,0.5632897092643213,0.004934421362928313,0.14285714285714285,0.0
up100pct,train,up100pct::SZ000937::000000,52,"{""choppy_reversal_winner"": 0.4276619429044967, ""jump_repricing_winner"": 0.016123361759250873, ""late_rescue_winner"": 0.3882387244676187, ""slow_grind_winner"": 0.0, ""smooth_trend_winner"": 0.0099077918972329, ""stair_step_winner"": 0.15806817897140074}",choppy_reversal_winner,late_rescue_winner,0.6331499878447447,0.029235918190053983,0.0,0.0
up100pct,train,up100pct::SZ000951::000000,9,"{""choppy_reversal_winner"": 0.19450382412870432, ""jump_repricing_winner"": 0.0630573876888731, ""late_rescue_winner"": 0.10628097176914361, ""slow_grind_winner"": 0.0, ""smooth_trend_winner"": 0.046887309740916136, ""stair_step_winner"": 0.5892705066723628}",stair_step_winner,choppy_reversal_winner,0.661977184846974,0.032431844661746555,0.0,0.0
up100pct,train,up100pct::SZ000959::000000,81,"{""choppy_reversal_winner"": 0.2508673068790844, ""jump_repricing_winner"": 0.043437962109340936, ""late_rescue_winner"": 0.1814968318856493, ""slow_grind_winner"": 0.0, ""smooth_trend_winner"": 0.03389501068847477, ""stair_step_winner"": 0.49030288843745057}",stair_step_winner,choppy_reversal_winner,0.7015707825071942,0.043357363119277605,0.0,0.06172839506172839
up100pct,train,up100pct::SZ000987::000000,126,"{""choppy_reversal_winner"": 0.13332029099209394, ""jump_repricing_winner"": 0.1614052285307697, ""late_rescue_winner"": 0.07489182140458546, ""slow_grind_winner"": 0.0, ""smooth_trend_winner"": 0.21261213169882734, ""stair_step_winner"": 0.41777052737372355}",stair_step_winner,smooth_trend_winner,0.8097846542598122,0.11955687662704416,0.12698412698412698,0.05555555555555555
up100pct,train,up100pct::SZ000990::000000,23,"{""choppy_reversal_winner"": 0.25532587379429644, ""jump_repricing_winner"": 0.13126109727135415, ""late_rescue_winner"": 0.15388349821498118, ""slow_grind_winner"": 0.0, ""smooth_trend_winner"": 0.2699263415796414, ""stair_step_winner"": 0.18960318913972687}",smooth_trend_winner,choppy_reversal_winner,0.8772855508786639,0.13708226852223648,0.13043478260869565,0.2608695652173913
up100pct,train,up100pct::SZ000998::000000,58,"{""choppy_reversal_winner"": 0.3949079854107049, ""jump_repricing_winner"": 0.018281854566684037, ""late_rescue_winner"": 0.3000367134974522, ""slow_grind_winner"": 0.0, ""smooth_trend_winner"": 0.01188237747225074, ""stair_step_winner"": 0.27489106905290817}",choppy_reversal_winner,late_rescue_winner,0.6747169161692711,0.040411387825593385,0.0,0.0
up100pct,robustness,up100pct::SZ001203::000000,3,"{""choppy_reversal_winner"": 0.17749100449683683, ""jump_repricing_winner"": 0.06925206187117995, ""late_rescue_winner"": 0.09499242744469572, ""slow_grind_winner"": 0.0, ""smooth_trend_winner"": 0.04902632967751771, ""stair_step_winner"": 0.6092381765097697}",stair_step_winner,choppy_reversal_winner,0.6502566493934633,0.0008990460822580762,0.0,0.0
up100pct,robustness,up100pct::SZ001309::000000,32,"{""choppy_reversal_winner"": 0.2130130483275785, ""jump_repricing_winner"": 0.07979033244095449, ""late_rescue_winner"": 0.12398949805233647, ""slow_grind_winner"": 0.0, ""smooth_trend_winner"": 0.059666281471164775, ""stair_step_winner"": 0.5235408397079658}",stair_step_winner,choppy_reversal_winner,0.7238583772786955,0.017252243840134424,0.0,0.0
up100pct,robustness,up100pct::SZ001389::000000,6,"{""choppy_reversal_winner"": 0.17471340019688533, ""jump_repricing_winner"": 0.08393946957644201, ""late_rescue_winner"": 0.11873612250452947, ""slow_grind_winner"": 0.0, ""smooth_trend_winner"": 0.0786529933827079, ""stair_step_winner"": 0.5439580143394352}",stair_step_winner,choppy_reversal_winner,0.7238625418217178,0.0064145926823398315,0.0,0.0
up100pct,train,up100pct::SZ001914::000000,15,"{""choppy_reversal_winner"": 0.17355581043726953, ""jump_repricing_winner"": 0.07560376905653572, ""late_rescue_winner"": 0.09049609645315851, ""slow_grind_winner"": 0.0, ""smooth_trend_winner"": 0.057594906357859056, ""stair_step_winner"": 0.6027494176951772}",stair_step_winner,choppy_reversal_winner,0.6619857007436621,0.031277685663585374,0.0,0.0
up100pct,train,up100pct::SZ002019::000000,5,"{""choppy_reversal_winner"": 0.18373869643663426, ""jump_repricing_winner"": 0.08394198990702569, ""late_rescue_winner"": 0.09731141264001669, ""slow_grind_winner"": 0.0, ""smooth_trend_winner"": 0.06320721379335685, ""stair_step_winner"": 0.5718006872229664}",stair_step_winner,choppy_reversal_winner,0.6921394943417126,0.009575483646187141,0.0,0.0
up100pct,train,up100pct::SZ002027::000000,195,"{""choppy_reversal_winner"": 0.2755636493379732, ""jump_repricing_winner"": 0.06550628273770508, ""late_rescue_winner"": 0.2064962267084148, ""slow_grind_winner"": 0.0, ""smooth_trend_winner"": 0.058727811765803994, ""stair_step_winner"": 0.39370602945010297}",stair_step_winner,choppy_reversal_winner,0.7774192494127316,0.07153932527974714,0.0,0.5128205128205128
up100pct,train,up100pct::SZ002030::000000,27,"{""choppy_reversal_winner"": 0.05327004013701425, ""jump_repricing_winner"": 0.28436875294077874, ""late_rescue_winner"": 0.03983088238527097, ""slow_grind_winner"": 0.0, ""smooth_trend_winner"": 0.45138369890465707, ""stair_step_winner"": 0.17114662563227898}",smooth_trend_winner,jump_repricing_winner,0.7274067737488382,0.07735315976425544,0.037037037037037035,0.0
up100pct,train,up100pct::SZ002064::000000,146,"{""choppy_reversal_winner"": 0.16609857066696543, ""jump_repricing_winner"": 0.11949827279048393, ""late_rescue_winner"": 0.10249445184192926, ""slow_grind_winner"": 0.0, ""smooth_trend_winner"": 0.10973504968900269, ""stair_step_winner"": 0.5021736550116186}",stair_step_winner,choppy_reversal_winner,0.7667899441704209,0.060103874224442466,0.0,0.0136986301369863
up100pct,train,up100pct::SZ002065::000000,91,"{""choppy_reversal_winner"": 0.1999412977200302, ""jump_repricing_winner"": 0.15123089911552912, ""late_rescue_winner"": 0.1136375323709537, ""slow_grind_winner"": 0.0, ""smooth_trend_winner"": 0.20422882782342686, ""stair_step_winner"": 0.3309614429700601}",stair_step_winner,smooth_trend_winner,0.8622995638472176,0.12987450847518303,0.06593406593406594,0.0
up100pct,robustness,up100pct::SZ002074::000000,100,"{""choppy_reversal_winner"": 0.14569554992063907, ""jump_repricing_winner"": 0.1563713695503001, ""late_rescue_winner"": 0.10095630375165049, ""slow_grind_winner"": 0.0, ""smooth_trend_winner"": 0.12699623656277648, ""stair_step_winner"": 0.46998054021463387}",stair_step_winner,jump_repricing_winner,0.792086579306241,0.05985250359071783,0.0,0.15
up100pct,train,up100pct::SZ002075::000000,46,"{""choppy_reversal_winner"": 0.2694845030204236, ""jump_repricing_winner"": 0.04289441150688979, ""late_rescue_winner"": 0.1668621311458746, ""slow_grind_winner"": 0.0, ""smooth_trend_winner"": 0.03075945093093482, ""stair_step_winner"": 0.4899995033958773}",stair_step_winner,choppy_reversal_winner,0.6942052097852686,0.055265482793150945,0.0,0.043478260869565216
up100pct,train,up100pct::SZ002127::000000,156,"{""choppy_reversal_winner"": 0.23287479291342691, ""jump_repricing_winner"": 0.0827686864864878, ""late_rescue_winner"": 0.14511440968588213, ""slow_grind_winner"": 0.0, ""smooth_trend_winner"": 0.08345968212604449, ""stair_step_winner"": 0.4557824287881586}",stair_step_winner,choppy_reversal_winner,0.7763804463630015,0.08237100928702427,0.0,0.15384615384615385
up100pct,robustness,up100pct::SZ002155::000000,10,"{""choppy_reversal_winner"": 0.15309545268164343, ""jump_repricing_winner"": 0.13008919020634188, ""late_rescue_winner"": 0.08217890335723514, ""slow_grind_winner"": 0.0, ""smooth_trend_winner"": 0.08867885095332306, ""stair_step_winner"": 0.5459576028014566}",stair_step_winner,choppy_reversal_winner,0.7273601509423763,0.03376063104855997,0.0,0.0
up100pct,train,up100pct::SZ002176::000000,20,"{""choppy_reversal_winner"": 0.35549510237207216, ""jump_repricing_winner"": 0.01216574358926776, ""late_rescue_winner"": 0.5391546184042048, ""slow_grind_winner"": 0.0, ""smooth_trend_winner"": 0.007385839668235865, ""stair_step_winner"": 0.08579869596621946}",late_rescue_winner,choppy_reversal_winner,0.5588499405452618,0.0033821542693845707,0.0,0.0
up100pct,train,up100pct::SZ002221::000000,4,"{""choppy_reversal_winner"": 0.37805442904325537, ""jump_repricing_winner"": 0.01666507627815, ""late_rescue_winner"": 0.38483293828578435, ""slow_grind_winner"": 0.0, ""smooth_trend_winner"": 0.011419926915458742, ""stair_step_winner"": 0.20902762947735148}",late_rescue_winner,choppy_reversal_winner,0.6595371141190066,0.0065554899459983815,0.0,0.0
up100pct,train,up100pct::SZ002242::000000,42,"{""choppy_reversal_winner"": 0.23353542050463774, ""jump_repricing_winner"": 0.0543510544366575, ""late_rescue_winner"": 0.14567489296214736, ""slow_grind_winner"": 0.0, ""smooth_trend_winner"": 0.04562353922756505, ""stair_step_winner"": 0.5208150928689923}",stair_step_winner,choppy_reversal_winner,0.7027639534951282,0.016737914821295243,0.0,0.5
up100pct,robustness,up100pct::SZ002261::000000,4,"{""choppy_reversal_winner"": 0.2231651927742189, ""jump_repricing_winner"": 0.17384266482354405, ""late_rescue_winner"": 0.19276560732052384, ""slow_grind_winner"": 0.0, ""smooth_trend_winner"": 0.138126331483995, ""stair_step_winner"": 0.2721002035977182}",stair_step_winner,choppy_reversal_winner,0.883940882403288,0.0823644074384716,0.0,0.5
up100pct,train,up100pct::SZ002266::000000,10,"{""choppy_reversal_winner"": 0.3533050399818654, ""jump_repricing_winner"": 0.02980650988436499, ""late_rescue_winner"": 0.20129559386152743, ""slow_grind_winner"": 0.0, ""smooth_trend_winner"": 0.019063189739488052, ""stair_step_winner"": 0.3965296665327541}",stair_step_winner,choppy_reversal_winner,0.6905239345337603,0.003383674419364277,0.0,0.0
up100pct,train,up100pct::SZ002268::000000,5,"{""choppy_reversal_winner"": 0.10651746345658848, ""jump_repricing_winner"": 0.2693700874696538, ""late_rescue_winner"": 0.056410699790140996, ""slow_grind_winner"": 0.0, ""smooth_trend_winner"": 0.1968669689133117, ""stair_step_winner"": 0.37083478037030504}",stair_step_winner,jump_repricing_winner,0.8047240183187462,0.028039436929002973,0.0,0.0
up100pct,robustness,up100pct::SZ002281::000000,259,"{""choppy_reversal_winner"": 0.2593202680785745, ""jump_repricing_winner"": 0.043712754367488435, ""late_rescue_winner"": 0.1774576600848874, ""slow_grind_winner"": 0.0, ""smooth_trend_winner"": 0.033963605479662595, ""stair_step_winner"": 0.485545711989387}",stair_step_winner,choppy_reversal_winner,0.7028484778044487,0.050420901766574044,0.0,0.05019305019305019
up100pct,train,up100pct::SZ002304::000000,247,"{""choppy_reversal_winner"": 0.24345007189712572, ""jump_repricing_winner"": 0.08979766461974543, ""late_rescue_winner"": 0.17988234375446216, ""slow_grind_winner"": 0.0, ""smooth_trend_winner"": 0.09553123881327909, ""stair_step_winner"": 0.39133868091538765}",stair_step_winner,choppy_reversal_winner,0.8150923691362053,0.10580049430300394,0.004048582995951417,0.0
up100pct,train,up100pct::SZ002311::000000,3,"{""choppy_reversal_winner"": 0.2180573681852721, ""jump_repricing_winner"": 0.10381490191135949, ""late_rescue_winner"": 0.1402090941079043, ""slow_grind_winner"": 0.0, ""smooth_trend_winner"": 0.07398651085403042, ""stair_step_winner"": 0.4639321249414337}",stair_step_winner,choppy_reversal_winner,0.7767077594982708,0.010380366620339235,0.0,0.0
up100pct,train,up100pct::SZ002320::000000,26,"{""choppy_reversal_winner"": 0.29586034806322875, ""jump_repricing_winner"": 0.021610784437699312, ""late_rescue_winner"": 0.5115387991055375, ""slow_grind_winner"": 0.0, ""smooth_trend_winner"": 0.016404922694612863, ""stair_step_winner"": 0.15458514569892165}",late_rescue_winner,choppy_reversal_winner,0.6374329699042287,0.008587103858801662,0.0,0.038461538461538464
up100pct,robustness,up100pct::SZ002371::000000,215,"{""choppy_reversal_winner"": 0.2252505635926263, ""jump_repricing_winner"": 0.0446911626972469, ""late_rescue_winner"": 0.15363089961316254, ""slow_grind_winner"": 0.0, ""smooth_trend_winner"": 0.03594123705630716, ""stair_step_winner"": 0.5404861370406572}",stair_step_winner,choppy_reversal_winner,0.6778342654593933,0.03218404556019878,0.0,0.19069767441860466
up100pct,train,up100pct::SZ002396::000000,5,"{""choppy_reversal_winner"": 0.2999657731566929, ""jump_repricing_winner"": 0.039933443268079835, ""late_rescue_winner"": 0.24100910791053445, ""slow_grind_winner"": 0.0, ""smooth_trend_winner"": 0.03460198856868255, ""stair_step_winner"": 0.3844896870960103}",stair_step_winner,choppy_reversal_winner,0.7348277823601788,0.051391922923194104,0.0,0.8
up100pct,train,up100pct::SZ002414::000000,91,"{""choppy_reversal_winner"": 0.11174124232912296, ""jump_repricing_winner"": 0.2546328026977596, ""late_rescue_winner"": 0.07283710156839238, ""slow_grind_winner"": 0.0, ""smooth_trend_winner"": 0.29754836525438105, ""stair_step_winner"": 0.2632404881503439}",smooth_trend_winner,stair_step_winner,0.8349522817283992,0.11993638844587674,0.25274725274725274,0.04395604395604396
up100pct,train,up100pct::SZ002434::000000,3,"{""choppy_reversal_winner"": 0.41255762953111513, ""jump_repricing_winner"": 0.012636556173832428, ""late_rescue_winner"": 0.38722164325149455, ""slow_grind_winner"": 0.0, ""smooth_trend_winner"": 0.008119027650570182, ""stair_step_winner"": 0.1794651433929876}",choppy_reversal_winner,late_rescue_winner,0.6335939704766935,0.0029149779606084344,0.0,0.6666666666666666
up100pct,train,up100pct::SZ002444::000000,25,"{""choppy_reversal_winner"": 0.3364177509867519, ""jump_repricing_winner"": 0.07080474928439126, ""late_rescue_winner"": 0.25106407755001786, ""slow_grind_winner"": 0.0, ""smooth_trend_winner"": 0.06991240062798817, ""stair_step_winner"": 0.27180102155085084}",choppy_reversal_winner,stair_step_winner,0.8042537132337518,0.10812586910416659,0.0,0.0
up100pct,train,up100pct::SZ002461::000000,18,"{""choppy_reversal_winner"": 0.2824970980810927, ""jump_repricing_winner"": 0.049840168851792224, ""late_rescue_winner"": 0.18933173922434243, ""slow_grind_winner"": 0.0, ""smooth_trend_winner"": 0.03819167225048992, ""stair_step_winner"": 0.4401393215922827}",stair_step_winner,choppy_reversal_winner,0.7297698567103347,0.05006145622552712,0.0,0.2222222222222222
up100pct,robustness,up100pct::SZ002463::000000,247,"{""choppy_reversal_winner"": 0.2815674578306588, ""jump_repricing_winner"": 0.05810439485872594, ""late_rescue_winner"": 0.19760325763921935, ""slow_grind_winner"": 0.0, ""smooth_trend_winner"": 0.05060029327451714, ""stair_step_winner"": 0.4121245963968788}",stair_step_winner,choppy_reversal_winner,0.7584186012909191,0.08174337733218592,0.0,0.3076923076923077
up100pct,robustness,up100pct::SZ002466::000001,167,"{""choppy_reversal_winner"": 0.23971699285773646, ""jump_repricing_winner"": 0.06659005052995587, ""late_rescue_winner"": 0.1828825363204656, ""slow_grind_winner"": 0.0, ""smooth_trend_winner"": 0.05908924382748884, ""stair_step_winner"": 0.45172117646435334}",stair_step_winner,choppy_reversal_winner,0.7588174418818037,0.06088619030978001,0.0,0.4491017964071856
up100pct,robustness,up100pct::SZ002475::000000,109,"{""choppy_reversal_winner"": 0.25424412680371555, ""jump_repricing_winner"": 0.12331876933560569, ""late_rescue_winner"": 0.14829819654779336, ""slow_grind_winner"": 0.0, ""smooth_trend_winner"": 0.19524468047034904, ""stair_step_winner"": 0.2788942268425364}",stair_step_winner,choppy_reversal_winner,0.8730925082968642,0.131058157067405,0.07339449541284404,0.0
up100pct,train,up100pct::SZ002491::000000,19,"{""choppy_reversal_winner"": 0.3259355946965484, ""jump_repricing_winner"": 0.007139558016833597, ""late_rescue_winner"": 0.5905448749736127, ""slow_grind_winner"": 0.0, ""smooth_trend_winner"": 0.004421156085241726, ""stair_step_winner"": 0.07195881622776347}",late_rescue_winner,choppy_reversal_winner,0.5162868746763831,0.0061344174540541516,1.0,0.0
up100pct,train,up100pct::SZ002493::000000,259,"{""choppy_reversal_winner"": 0.18397511676836947, ""jump_repricing_winner"": 0.12054225105764647, ""late_rescue_winner"": 0.12519100703834077, ""slow_grind_winner"": 0.0, ""smooth_trend_winner"": 0.1289067016147126, ""stair_step_winner"": 0.44138492352093067}",stair_step_winner,choppy_reversal_winner,0.8102113210990652,0.08802917138192552,0.0,0.10038610038610038
up100pct,robustness,up100pct::SZ002493::000001,3,"{""choppy_reversal_winner"": 0.1467374656135144, ""jump_repricing_winner"": 0.10129716912218818, ""late_rescue_winner"": 0.09324685241135937, ""slow_grind_winner"": 0.0, ""smooth_trend_winner"": 0.10203061599784935, ""stair_step_winner"": 0.5566878968550888}",stair_step_winner,choppy_reversal_winner,0.7220484276237408,0.0045980995372442305,0.0,0.0
up100pct,train,up100pct::SZ002497::000000,25,"{""choppy_reversal_winner"": 0.17121304020320013, ""jump_repricing_winner"": 0.10284324465196792, ""late_rescue_winner"": 0.10125941752257997, ""slow_grind_winner"": 0.0, ""smooth_trend_winner"": 0.08975415487809972, ""stair_step_winner"": 0.5349301427441523}",stair_step_winner,choppy_reversal_winner,0.7361529728753238,0.04635930440118063,0.0,0.0
up100pct,train,up100pct::SZ002498::000000,18,"{""choppy_reversal_winner"": 0.263968688829623, ""jump_repricing_winner"": 0.04656607378683206, ""late_rescue_winner"": 0.4545698189777838, ""slow_grind_winner"": 0.0, ""smooth_trend_winner"": 0.04355453023654368, ""stair_step_winner"": 0.19134088816921752}",late_rescue_winner,choppy_reversal_winner,0.7287208661585739,0.011216974777889995,0.0,0.8333333333333334
up100pct,train,up100pct::SZ002507::000000,127,"{""choppy_reversal_winner"": 0.2259174404192301, ""jump_repricing_winner"": 0.06675911031160639, ""late_rescue_winner"": 0.13035173367282335, ""slow_grind_winner"": 0.0, ""smooth_trend_winner"": 0.05748983993541339, ""stair_step_winner"": 0.5194818756609269}",stair_step_winner,choppy_reversal_winner,0.7181658270807932,0.061998506874508925,0.0,0.015748031496062992
up100pct,train,up100pct::SZ002508::000000,15,"{""choppy_reversal_winner"": 0.3550119904922638, ""jump_repricing_winner"": 0.021771412368396453, ""late_rescue_winner"": 0.28909019857072515, ""slow_grind_winner"": 0.0, ""smooth_trend_winner"": 0.015960475387535526, ""stair_step_winner"": 0.31816592318107906}",choppy_reversal_winner,stair_step_winner,0.692133497435602,0.0029461709532400803,0.0,0.9333333333333333
up100pct,train,up100pct::SZ002555::000000,45,"{""choppy_reversal_winner"": 0.0808395163539661, ""jump_repricing_winner"": 0.21906097037519448, ""late_rescue_winner"": 0.04347266571568555, ""slow_grind_winner"": 0.0, ""smooth_trend_winner"": 0.29016870901606795, ""stair_step_winner"": 0.3664581385390858}",stair_step_winner,smooth_trend_winner,0.7808929366284911,0.07946795937857444,0.0,0.08888888888888889
up100pct,robustness,up100pct::SZ002555::000002,113,"{""choppy_reversal_winner"": 0.20861769910156014, ""jump_repricing_winner"": 0.07834051322937163, ""late_rescue_winner"": 0.13154371709274076, ""slow_grind_winner"": 0.0, ""smooth_trend_winner"": 0.06511744797757824, ""stair_step_winner"": 0.5163806225987492}",stair_step_winner,choppy_reversal_winner,0.7324895040990543,0.058544123847226535,0.0,0.07964601769911504
up100pct,train,up100pct::SZ002572::000000,79,"{""choppy_reversal_winner"": 0.2891976089730205, ""jump_repricing_winner"": 0.03356189455015502, ""late_rescue_winner"": 0.22200100866115902, ""slow_grind_winner"": 0.0, ""smooth_trend_winner"": 0.02634486514868615, ""stair_step_winner"": 0.4288946226669794}",stair_step_winner,choppy_reversal_winner,0.7064126063753983,0.03252134154565605,0.0,0.22784810126582278
up100pct,train,up100pct::SZ002603::000000,90,"{""choppy_reversal_winner"": 0.2284142439356366, ""jump_repricing_winner"": 0.12561976597860688, ""late_rescue_winner"": 0.11949051244827069, ""slow_grind_winner"": 0.0, ""smooth_trend_winner"": 0.18262440574135977, ""stair_step_winner"": 0.343851071896126}",stair_step_winner,choppy_reversal_winner,0.8535354920862961,0.12602930352155675,0.08888888888888889,0.011111111111111112
up100pct,train,up100pct::SZ002607::000000,149,"{""choppy_reversal_winner"": 0.18122978354569258, ""jump_repricing_winner"": 0.08688348952783062, ""late_rescue_winner"": 0.12683586382793174, ""slow_grind_winner"": 0.0, ""smooth_trend_winner"": 0.08803772744838564, ""stair_step_winner"": 0.5170131356501594}",stair_step_winner,choppy_reversal_winner,0.7471467798635988,0.041709543513362264,0.0,0.3288590604026846
up100pct,train,up100pct::SZ002624::000000,90,"{""choppy_reversal_winner"": 0.2005665654508539, ""jump_repricing_winner"": 0.12755498847907332, ""late_rescue_winner"": 0.1185761760169109, ""slow_grind_winner"": 0.0, ""smooth_trend_winner"": 0.15021972395566893, ""stair_step_winner"": 0.40308254609749294}",stair_step_winner,choppy_reversal_winner,0.8308781170693159,0.11542416855949333,0.0,0.0
up100pct,train,up100pct::SZ002647::000000,11,"{""choppy_reversal_winner"": 0.03766128009127446, ""jump_repricing_winner"": 0.287272214438791, ""late_rescue_winner"": 0.023502877069530578, ""slow_grind_winner"": 0.0, ""smooth_trend_winner"": 0.5081668951802305, ""stair_step_winner"": 0.14339673322017346}",smooth_trend_winner,jump_repricing_winner,0.665528061096149,0.014855006056598745,0.0,0.0
up100pct,train,up100pct::SZ002705::000000,20,"{""choppy_reversal_winner"": 0.1302192643439869, ""jump_repricing_winner"": 0.1467238587193901, ""late_rescue_winner"": 0.07247795019103359, ""slow_grind_winner"": 0.0, ""smooth_trend_winner"": 0.16229018633676656, ""stair_step_winner"": 0.48828874040882286}",stair_step_winner,smooth_trend_winner,0.7715312159840131,0.057921919249150744,0.0,0.0
up100pct,robustness,up100pct::SZ002709::000000,237,"{""choppy_reversal_winner"": 0.19095222293210598, ""jump_repricing_winner"": 0.15669843338854963, ""late_rescue_winner"": 0.1683438708140935, ""slow_grind_winner"": 0.0, ""smooth_trend_winner"": 0.2192370983759689, ""stair_step_winner"": 0.264768374489282}",stair_step_winner,smooth_trend_winner,0.8880136931962914,0.13615994622720995,0.14767932489451477,0.1729957805907173
up100pct,train,up100pct::SZ002755::000000,13,"{""choppy_reversal_winner"": 0.31384668154085, ""jump_repricing_winner"": 0.010456323971244545, ""late_rescue_winner"": 0.5601726920736216, ""slow_grind_winner"": 0.0, ""smooth_trend_winner"": 0.007274465953236822, ""stair_step_winner"": 0.10824983646104704}",late_rescue_winner,choppy_reversal_winner,0.5650881770760885,0.006863368916808995,0.07692307692307693,0.0
up100pct,robustness,up100pct::SZ002756::000001,5,"{""choppy_reversal_winner"": 0.4014457278541731, ""jump_repricing_winner"": 0.017607632617454363, ""late_rescue_winner"": 0.334619056296132, ""slow_grind_winner"": 0.0, ""smooth_trend_winner"": 0.011616868061910552, ""stair_step_winner"": 0.23471071517033}",choppy_reversal_winner,late_rescue_winner,0.6673844507931017,0.0025593388788558557,0.0,1.0
up100pct,train,up100pct::SZ002791::000000,64,"{""choppy_reversal_winner"": 0.10525554493244438, ""jump_repricing_winner"": 0.20464183814782666, ""late_rescue_winner"": 0.06396128561982585, ""slow_grind_winner"": 0.0, ""smooth_trend_winner"": 0.32839930108740045, ""stair_step_winner"": 0.2977420302125027}",smooth_trend_winner,stair_step_winner,0.8170155228493743,0.11459288781697563,0.140625,0.015625
up100pct,train,up100pct::SZ002797::000000,10,"{""choppy_reversal_winner"": 0.4625838646989792, ""jump_repricing_winner"": 0.027454840718994605, ""late_rescue_winner"": 0.25712539241086807, ""slow_grind_winner"": 0.0, ""smooth_trend_winner"": 0.015064102290487633, ""stair_step_winner"": 0.23777179988067046}",choppy_reversal_winner,late_rescue_winner,0.6749212102271022,0.03072574988529671,0.0,0.0
up100pct,robustness,up100pct::SZ002812::000000,100,"{""choppy_reversal_winner"": 0.228257187422099, ""jump_repricing_winner"": 0.057252065761830534, ""late_rescue_winner"": 0.15120656125485799, ""slow_grind_winner"": 0.0, ""smooth_trend_winner"": 0.042307973714487045, ""stair_step_winner"": 0.5209762118467254}",stair_step_winner,choppy_reversal_winner,0.7032848510748075,0.04487729248033053,0.0,0.1
up100pct,robustness,up100pct::SZ002837::000000,60,"{""choppy_reversal_winner"": 0.18019947423224633, ""jump_repricing_winner"": 0.16327128081256204, ""late_rescue_winner"": 0.11590943497446853, ""slow_grind_winner"": 0.0, ""smooth_trend_winner"": 0.2416982225570666, ""stair_step_winner"": 0.29892158742365643}",stair_step_winner,smooth_trend_winner,0.8699188896870585,0.11566334289005621,0.25,0.16666666666666666
up100pct,robustness,up100pct::SZ002850::000000,27,"{""choppy_reversal_winner"": 0.3220832335130395, ""jump_repricing_winner"": 0.02542823346625957, ""late_rescue_winner"": 0.20948414918351763, ""slow_grind_winner"": 0.0, ""smooth_trend_winner"": 0.017976452608547248, ""stair_step_winner"": 0.425027931228636}",stair_step_winner,choppy_reversal_winner,0.6817960727138958,0.025614667048802026,0.0,0.037037037037037035
up100pct,robustness,up100pct::SZ002851::000000,65,"{""choppy_reversal_winner"": 0.26975897306203783, ""jump_repricing_winner"": 0.053270648742824896, ""late_rescue_winner"": 0.16760007448812833, ""slow_grind_winner"": 0.0, ""smooth_trend_winner"": 0.037232717172375224, ""stair_step_winner"": 0.47213758653463367}",stair_step_winner,choppy_reversal_winner,0.7176557254792169,0.04906112505444621,0.0,0.0
up100pct,train,up100pct::SZ002867::000000,6,"{""choppy_reversal_winner"": 0.3297793571289684, ""jump_repricing_winner"": 0.028707938271908606, ""late_rescue_winner"": 0.19175641873507007, ""slow_grind_winner"": 0.0, ""smooth_trend_winner"": 0.01932640231004498, ""stair_step_winner"": 0.4304298835540081}",stair_step_winner,choppy_reversal_winner,0.6828835943017124,0.004427838222350795,0.0,0.0
up100pct,robustness,up100pct::SZ002939::000000,6,"{""choppy_reversal_winner"": 0.3110140915866248, ""jump_repricing_winner"": 0.054810589551051364, ""late_rescue_winner"": 0.1781975907224768, ""slow_grind_winner"": 0.0, ""smooth_trend_winner"": 0.03243222218614392, ""stair_step_winner"": 0.42354550595370305}",stair_step_winner,choppy_reversal_winner,0.7282398469678651,0.0018161551819366052,0.0,0.0
up100pct,train,up100pct::SZ003022::000000,56,"{""choppy_reversal_winner"": 0.048675687702099686, ""jump_repricing_winner"": 0.2954192778075008, ""late_rescue_winner"": 0.02645075424632194, ""slow_grind_winner"": 0.0, ""smooth_trend_winner"": 0.40965126394138707, ""stair_step_winner"": 0.21980301630269064}",smooth_trend_winner,jump_repricing_winner,0.7266765017524955,0.06883268765809279,0.25,0.0
up100pct,validation,up100pct::SZ003031::000000,6,"{""choppy_reversal_winner"": 0.4060091546860683, ""jump_repricing_winner"": 0.014555436404138547, ""late_rescue_winner"": 0.3797173325226453, ""slow_grind_winner"": 0.0, ""smooth_trend_winner"": 0.009552921781519244, ""stair_step_winner"": 0.19016515460562852}",choppy_reversal_winner,late_rescue_winner,0.6447871815289782,0.0014068947688422372,0.0,1.0
up100pct,train,up100pct::SZ300001::000000,129,"{""choppy_reversal_winner"": 0.3163272904680777, ""jump_repricing_winner"": 0.09179862019197338, ""late_rescue_winner"": 0.17683469193111645, ""slow_grind_winner"": 0.0, ""smooth_trend_winner"": 0.07443565730554597, ""stair_step_winner"": 0.3406037401032865}",stair_step_winner,choppy_reversal_winner,0.8092053057090318,0.09254893698234525,0.0,0.007751937984496124
up100pct,robustness,up100pct::SZ300003::000000,1,"{""choppy_reversal_winner"": 0.2531772033666022, ""jump_repricing_winner"": 0.0988847221557975, ""late_rescue_winner"": 0.15004807756112123, ""slow_grind_winner"": 0.0, ""smooth_trend_winner"": 0.051117131110920026, ""stair_step_winner"": 0.4467728658055592}",stair_step_winner,choppy_reversal_winner,0.7663764675638024,0.0,0.0,0.0
up100pct,train,up100pct::SZ300006::000000,5,"{""choppy_reversal_winner"": 0.3811135276932293, ""jump_repricing_winner"": 0.019366100963739624, ""late_rescue_winner"": 0.4112315297410468, ""slow_grind_winner"": 0.0, ""smooth_trend_winner"": 0.01471101184245037, ""stair_step_winner"": 0.1735778297595339}",late_rescue_winner,choppy_reversal_winner,0.6560443997528576,0.030183546915957312,0.0,0.0
up100pct,train,up100pct::SZ300008::000000,5,"{""choppy_reversal_winner"": 0.39490111738079925, ""jump_repricing_winner"": 0.01755193283976834, ""late_rescue_winner"": 0.4584972055751383, ""slow_grind_winner"": 0.0, ""smooth_trend_winner"": 0.010175332244058833, ""stair_step_winner"": 0.11887441196023527}",late_rescue_winner,choppy_reversal_winner,0.6112706834759809,0.014642067100280742,0.0,0.0
up100pct,train,up100pct::SZ300008::000001,12,"{""choppy_reversal_winner"": 0.3028595318882411, ""jump_repricing_winner"": 0.023053184352398476, ""late_rescue_winner"": 0.48625198175662726, ""slow_grind_winner"": 0.0, ""smooth_trend_winner"": 0.018396530006301714, ""stair_step_winner"": 0.16943877199643145}",late_rescue_winner,choppy_reversal_winner,0.6549851770517732,0.013032451087565636,0.0,0.25
up100pct,train,up100pct::SZ300010::000000,28,"{""choppy_reversal_winner"": 0.23479454509127215, ""jump_repricing_winner"": 0.10294615029914665, ""late_rescue_winner"": 0.11768981112417144, ""slow_grind_winner"": 0.0, ""smooth_trend_winner"": 0.09832906321024913, ""stair_step_winner"": 0.4462404302751607}",stair_step_winner,choppy_reversal_winner,0.7893025191603424,0.07381613575339689,0.0,0.0
up100pct,train,up100pct::SZ300012::000000,106,"{""choppy_reversal_winner"": 0.25350794268836846, ""jump_repricing_winner"": 0.05900979814720575, ""late_rescue_winner"": 0.1797049095713162, ""slow_grind_winner"": 0.0, ""smooth_trend_winner"": 0.05045948944833131, ""stair_step_winner"": 0.4573178601447784}",stair_step_winner,choppy_reversal_winner,0.7433217794896754,0.02156899850049195,0.0,0.839622641509434
up100pct,train,up100pct::SZ300020::000000,1,"{""choppy_reversal_winner"": 0.37656691501839795, ""jump_repricing_winner"": 0.01984460905784024, ""late_rescue_winner"": 0.20520854158948618, ""slow_grind_winner"": 0.0, ""smooth_trend_winner"": 0.012885089034419128, ""stair_step_winner"": 0.3854948452998566}",stair_step_winner,choppy_reversal_winner,0.6664375287169847,0.0,0.0,0.0
up100pct,train,up100pct::SZ300026::000000,196,"{""choppy_reversal_winner"": 0.13550634515120216, ""jump_repricing_winner"": 0.3219227324021598, ""late_rescue_winner"": 0.11106667371474714, ""slow_grind_winner"": 0.0, ""smooth_trend_winner"": 0.18709673625978987, ""stair_step_winner"": 0.24440751247210102}",jump_repricing_winner,stair_step_winner,0.8582369890697811,0.10606535252760026,0.07653061224489796,0.10714285714285714
up100pct,train,up100pct::SZ300031::000000,85,"{""choppy_reversal_winner"": 0.32596762031647347, ""jump_repricing_winner"": 0.017377301780094917, ""late_rescue_winner"": 0.43237472782977215, ""slow_grind_winner"": 0.0, ""smooth_trend_winner"": 0.011747384919519573, ""stair_step_winner"": 0.21253296515413994}",late_rescue_winner,choppy_reversal_winner,0.6584012413094604,0.06765750679333198,0.4,0.0
up100pct,train,up100pct::SZ300035::000000,13,"{""choppy_reversal_winner"": 0.17972829549547642, ""jump_repricing_winner"": 0.24230641244398785, ""late_rescue_winner"": 0.09871645255683911, ""slow_grind_winner"": 0.0, ""smooth_trend_winner"": 0.12448502318209917, ""stair_step_winner"": 0.35476381632159754}",stair_step_winner,jump_repricing_winner,0.8413772448151795,0.030789445865180676,0.0,0.0
up100pct,train,up100pct::SZ300036::000000,10,"{""choppy_reversal_winner"": 0.43528897460305593, ""jump_repricing_winner"": 0.019262051610016602, ""late_rescue_winner"": 0.34034136273019394, ""slow_grind_winner"": 0.0, ""smooth_trend_winner"": 0.01259899039600021, ""stair_step_winner"": 0.19250862066073324}",choppy_reversal_winner,late_rescue_winner,0.6570295741718785,0.05509771067883179,0.0,0.0
up100pct,robustness,up100pct::SZ300037::000000,138,"{""choppy_reversal_winner"": 0.21264037569974772, ""jump_repricing_winner"": 0.10406756739924934, ""late_rescue_winner"": 0.1541359216676982, ""slow_grind_winner"": 0.0, ""smooth_trend_winner"": 0.09002901892547345, ""stair_step_winner"": 0.4391271163078312}",stair_step_winner,choppy_reversal_winner,0.7986784991789945,0.07864309568045295,0.0,0.3333333333333333
up100pct,train,up100pct::SZ300039::000000,45,"{""choppy_reversal_winner"": 0.40402826743713816, ""jump_repricing_winner"": 0.011669755770354714, ""late_rescue_winner"": 0.43526429208191897, ""slow_grind_winner"": 0.0, ""smooth_trend_winner"": 0.007279968104467293, ""stair_step_winner"": 0.14175771660612085}",late_rescue_winner,choppy_reversal_winner,0.6099765665242745,0.012337267826145174,0.0,0.0
up100pct,train,up100pct::SZ300043::000000,5,"{""choppy_reversal_winner"": 0.3514011305611187, ""jump_repricing_winner"": 0.013643939495146574, ""late_rescue_winner"": 0.5316997248898477, ""slow_grind_winner"": 0.0, ""smooth_trend_winner"": 0.008225837485742682, ""stair_step_winner"": 0.09502936756814417}",late_rescue_winner,choppy_reversal_winner,0.5721227677370712,0.0007247215558521076,0.0,0.0
up100pct,train,up100pct::SZ300045::000000,102,"{""choppy_reversal_winner"": 0.34291244297919476, ""jump_repricing_winner"": 0.013802305429769124, ""late_rescue_winner"": 0.5222287091816656, ""slow_grind_winner"": 0.0, ""smooth_trend_winner"": 0.009115580616193273, ""stair_step_winner"": 0.11194096179317727}",late_rescue_winner,choppy_reversal_winner,0.587881156952942,0.02226808844491329,0.09803921568627451,0.0
up100pct,train,up100pct::SZ300047::000000,57,"{""choppy_reversal_winner"": 0.34914149366607367, ""jump_repricing_winner"": 0.007550542355067054, ""late_rescue_winner"": 0.5444707126963285, ""slow_grind_winner"": 0.0, ""smooth_trend_winner"": 0.004750717892216523, ""stair_step_winner"": 0.09408653339031417}",late_rescue_winner,choppy_reversal_winner,0.548669695538056,0.011454137874004587,0.45614035087719296,0.0
up100pct,train,up100pct::SZ300053::000000,182,"{""choppy_reversal_winner"": 0.37853305543201066, ""jump_repricing_winner"": 0.01373134895993033, ""late_rescue_winner"": 0.4392844264089371, ""slow_grind_winner"": 0.0, ""smooth_trend_winner"": 0.00903794456401672, ""stair_step_winner"": 0.1594132246351052}",late_rescue_winner,choppy_reversal_winner,0.6268841194095228,0.008812814992208077,0.0,0.13186813186813187
up100pct,robustness,up100pct::SZ300054::000000,271,"{""choppy_reversal_winner"": 0.19656394324740786, ""jump_repricing_winner"": 0.07630357371904975, ""late_rescue_winner"": 0.13138568589745342, ""slow_grind_winner"": 0.0, ""smooth_trend_winner"": 0.05929292835747895, ""stair_step_winner"": 0.5364538687786101}",stair_step_winner,choppy_reversal_winner,0.7168186223379938,0.04939615046682804,0.0,0.22509225092250923
up100pct,train,up100pct::SZ300055::000000,60,"{""choppy_reversal_winner"": 0.4100233714573814, ""jump_repricing_winner"": 0.012733903722713115, ""late_rescue_winner"": 0.42584537837097974, ""slow_grind_winner"": 0.0, ""smooth_trend_winner"": 0.007818183195839296, ""stair_step_winner"": 0.14357916325308648}",late_rescue_winner,choppy_reversal_winner,0.6146186836662128,0.021662272502604236,0.0,0.03333333333333333
up100pct,train,up100pct::SZ300066::000000,21,"{""choppy_reversal_winner"": 0.31608949937910774, ""jump_repricing_winner"": 0.013825121324508553, ""late_rescue_winner"": 0.5296268998193131, ""slow_grind_winner"": 0.0, ""smooth_trend_winner"": 0.009960411875975066, ""stair_step_winner"": 0.13049806760109567}",late_rescue_winner,choppy_reversal_winner,0.5980239674844776,0.00902050226266377,0.0,0.09523809523809523
up100pct,train,up100pct::SZ300072::000000,38,"{""choppy_reversal_winner"": 0.1311767291300001, ""jump_repricing_winner"": 0.26034731427694074, ""late_rescue_winner"": 0.08192917004477113, ""slow_grind_winner"": 0.0, ""smooth_trend_winner"": 0.21721294729827806, ""stair_step_winner"": 0.30933383925000996}",stair_step_winner,jump_repricing_winner,0.8463161445388409,0.09272909755731845,0.0,0.0
up100pct,robustness,up100pct::SZ300073::000001,21,"{""choppy_reversal_winner"": 0.3981111972964824, ""jump_repricing_winner"": 0.027894650821343542, ""late_rescue_winner"": 0.3414033257270642, ""slow_grind_winner"": 0.0, ""smooth_trend_winner"": 0.017250607701391994, ""stair_step_winner"": 0.21534021845371773}",choppy_reversal_winner,late_rescue_winner,0.6887729032665609,0.027986291744438316,0.0,0.047619047619047616
up100pct,train,up100pct::SZ300079::000000,113,"{""choppy_reversal_winner"": 0.38859820216338503, ""jump_repricing_winner"": 0.05769977943911985, ""late_rescue_winner"": 0.27552505094598595, ""slow_grind_winner"": 0.0, ""smooth_trend_winner"": 0.09792860557280963, ""stair_step_winner"": 0.18024836187869964}",choppy_reversal_winner,late_rescue_winner,0.79444153162738,0.10813281793355047,0.10619469026548672,0.02654867256637168
up100pct,train,up100pct::SZ300081::000000,1,"{""choppy_reversal_winner"": 0.35577233966376265, ""jump_repricing_winner"": 0.01783702347865781, ""late_rescue_winner"": 0.4589555990412014, ""slow_grind_winner"": 0.0, ""smooth_trend_winner"": 0.011297738858416834, ""stair_step_winner"": 0.1561372989579613}",late_rescue_winner,choppy_reversal_winner,0.634869449112186,0.0,0.0,0.0
up100pct,train,up100pct::SZ300082::000000,2,"{""choppy_reversal_winner"": 0.20011833446355487, ""jump_repricing_winner"": 0.07782046153967911, ""late_rescue_winner"": 0.11118237942464901, ""slow_grind_winner"": 0.0, ""smooth_trend_winner"": 0.047737830317699445, ""stair_step_winner"": 0.5631409942544177}",stair_step_winner,choppy_reversal_winner,0.688414788782239,0.013097488560474851,0.0,0.0
up100pct,train,up100pct::SZ300085::000000,375,"{""choppy_reversal_winner"": 0.3004866662629023, ""jump_repricing_winner"": 0.047400736468726515, ""late_rescue_winner"": 0.46253542326657454, ""slow_grind_winner"": 0.0, ""smooth_trend_winner"": 0.08263554471969005, ""stair_step_winner"": 0.10694162928210653}",late_rescue_winner,choppy_reversal_winner,0.7297588374810355,0.10486922895701982,0.13066666666666665,0.05333333333333334
up100pct,train,up100pct::SZ300087::000000,15,"{""choppy_reversal_winner"": 0.29262363611291003, ""jump_repricing_winner"": 0.06901874976996987, ""late_rescue_winner"": 0.20491260713863033, ""slow_grind_winner"": 0.0, ""smooth_trend_winner"": 0.048050774847253765, ""stair_step_winner"": 0.38539423213123586}",stair_step_winner,choppy_reversal_winner,0.7714526457569785,0.07926389389876713,0.0,0.13333333333333333
up100pct,train,up100pct::SZ300088::000000,3,"{""choppy_reversal_winner"": 0.031277026540111906, ""jump_repricing_winner"": 0.5291292868245413, ""late_rescue_winner"": 0.017081423980769703, ""slow_grind_winner"": 0.0, ""smooth_trend_winner"": 0.303316358776128, ""stair_step_winner"": 0.11919590387844896}",jump_repricing_winner,smooth_trend_winner,0.6307035567526827,0.002218628128544182,0.0,0.0
up100pct,train,up100pct::SZ300101::000000,161,"{""choppy_reversal_winner"": 0.26078647542366523, ""jump_repricing_winner"": 0.11749771961565542, ""late_rescue_winner"": 0.19289859275195861, ""slow_grind_winner"": 0.0, ""smooth_trend_winner"": 0.1110514437177597, ""stair_step_winner"": 0.31776576849096105}",stair_step_winner,choppy_reversal_winner,0.8527424848586135,0.11168630400926076,0.018633540372670808,0.36024844720496896
up100pct,train,up100pct::SZ300110::000000,2,"{""choppy_reversal_winner"": 0.012754846946094349, ""jump_repricing_winner"": 0.2753755910004035, ""late_rescue_winner"": 0.009246286324725295, ""slow_grind_winner"": 0.0, ""smooth_trend_winner"": 0.6585109130024207, ""stair_step_winner"": 0.044112362726356144}",smooth_trend_winner,jump_repricing_winner,0.48380034028905844,0.005637071844881276,1.0,0.0
up100pct,train,up100pct::SZ300113::000000,28,"{""choppy_reversal_winner"": 0.3031845885162426, ""jump_repricing_winner"": 0.0520296191472288, ""late_rescue_winner"": 0.1806772561374103, ""slow_grind_winner"": 0.0, ""smooth_trend_winner"": 0.039724149377401576, ""stair_step_winner"": 0.42438438682171686}",stair_step_winner,choppy_reversal_winner,0.7348397958345583,0.047445659546439874,0.0,0.03571428571428571
up100pct,train,up100pct::SZ300113::000001,49,"{""choppy_reversal_winner"": 0.37558106347531867, ""jump_repricing_winner"": 0.01358673192259252, ""late_rescue_winner"": 0.44304887552647454, ""slow_grind_winner"": 0.0, ""smooth_trend_winner"": 0.008934202139048527, ""stair_step_winner"": 0.15884912693656567}",late_rescue_winner,choppy_reversal_winner,0.6257984610858469,0.009823208739434444,0.0,0.0
up100pct,robustness,up100pct::SZ300115::000000,103,"{""choppy_reversal_winner"": 0.17969518477498955, ""jump_repricing_winner"": 0.25318005177642455, ""late_rescue_winner"": 0.11235470349747635, ""slow_grind_winner"": 0.0, ""smooth_trend_winner"": 0.19525110787685523, ""stair_step_winner"": 0.2595189520742542}",stair_step_winner,jump_repricing_winner,0.8767101949825461,0.13685714994371942,0.11650485436893204,0.009708737864077669
up100pct,train,up100pct::SZ300118::000000,324,"{""choppy_reversal_winner"": 0.3098105115513385, ""jump_repricing_winner"": 0.06510913108611799, ""late_rescue_winner"": 0.24290437851714883, ""slow_grind_winner"": 0.0, ""smooth_trend_winner"": 0.04717692635682112, ""stair_step_winner"": 0.33499905248857353}",stair_step_winner,choppy_reversal_winner,0.7785970443722043,0.09025015688487349,0.006172839506172839,0.14506172839506173
up100pct,robustness,up100pct::SZ300118::000001,5,"{""choppy_reversal_winner"": 0.4797159078054449, ""jump_repricing_winner"": 0.013076134278130713, ""late_rescue_winner"": 0.35385316434564357, ""slow_grind_winner"": 0.0, ""smooth_trend_winner"": 0.007379891604806728, ""stair_step_winner"": 0.1459749019659742}",choppy_reversal_winner,late_rescue_winner,0.6104783732869222,0.00953224775429904,0.0,0.0
up100pct,train,up100pct::SZ300122::000000,219,"{""choppy_reversal_winner"": 0.18185462451167153, ""jump_repricing_winner"": 0.11955026616127445, ""late_rescue_winner"": 0.12170133443775834, ""slow_grind_winner"": 0.0, ""smooth_trend_winner"": 0.17994390658560494, ""stair_step_winner"": 0.39694986830369083}",stair_step_winner,choppy_reversal_winner,0.8347191674023658,0.11097263568453232,0.1004566210045662,0.182648401826484
up100pct,train,up100pct::SZ300123::000000,175,"{""choppy_reversal_winner"": 0.20006135770774072, ""jump_repricing_winner"": 0.18362794867652502, ""late_rescue_winner"": 0.1077048787743697, ""slow_grind_winner"": 0.0, ""smooth_trend_winner"": 0.288243815009716, ""stair_step_winner"": 0.22036199983164864}",smooth_trend_winner,stair_step_winner,0.873446091576721,0.13833070417435245,0.28,0.02857142857142857
up100pct,train,up100pct::SZ300127::000000,61,"{""choppy_reversal_winner"": 0.37950738976425574, ""jump_repricing_winner"": 0.015639495528017487, ""late_rescue_winner"": 0.42625724656488595, ""slow_grind_winner"": 0.0, ""smooth_trend_winner"": 0.010395052455806825, ""stair_step_winner"": 0.16820081568703402}",late_rescue_winner,choppy_reversal_winner,0.6382012496983718,0.013801664520614829,0.0,0.32786885245901637
up100pct,train,up100pct::SZ300128::000000,1,"{""choppy_reversal_winner"": 0.2958596067279462, ""jump_repricing_winner"": 0.013692790621693115, ""late_rescue_winner"": 0.5509644356595752, ""slow_grind_winner"": 0.0, ""smooth_trend_winner"": 0.010024162078386889, ""stair_step_winner"": 0.1294590049123986}",late_rescue_winner,choppy_reversal_winner,0.5906473951071156,0.0,0.0,0.0
up100pct,train,up100pct::SZ300131::000000,172,"{""choppy_reversal_winner"": 0.3578692939815068, ""jump_repricing_winner"": 0.019821885576569966, ""late_rescue_winner"": 0.4021073184845706, ""slow_grind_winner"": 0.0, ""smooth_trend_winner"": 0.013097386939115541, ""stair_step_winner"": 0.20710411501823717}",late_rescue_winner,choppy_reversal_winner,0.6667588005238413,0.046586436146593656,0.0,0.3313953488372093
up100pct,train,up100pct::SZ300132::000000,42,"{""choppy_reversal_winner"": 0.3146849812287149, ""jump_repricing_winner"": 0.05326054426547838, ""late_rescue_winner"": 0.2036989225588417, ""slow_grind_winner"": 0.0, ""smooth_trend_winner"": 0.041969374942925235, ""stair_step_winner"": 0.38638617700403965}",stair_step_winner,choppy_reversal_winner,0.7504521421816879,0.08848679065578953,0.0,0.07142857142857142
up100pct,train,up100pct::SZ300134::000000,4,"{""choppy_reversal_winner"": 0.32146459636886177, ""jump_repricing_winner"": 0.07545472518876162, ""late_rescue_winner"": 0.17295914750831898, ""slow_grind_winner"": 0.0, ""smooth_trend_winner"": 0.041510955140516975, ""stair_step_winner"": 0.38861057579354075}",stair_step_winner,choppy_reversal_winner,0.7605309210522928,0.001965342187815701,0.0,0.0
up100pct,train,up100pct::SZ300137::000000,51,"{""choppy_reversal_winner"": 0.32241619294078305, ""jump_repricing_winner"": 0.0074743651422670195, ""late_rescue_winner"": 0.5838297538725749, ""slow_grind_winner"": 0.0, ""smooth_trend_winner"": 0.00471890157873506, ""stair_step_winner"": 0.08156078646564002}",late_rescue_winner,choppy_reversal_winner,0.527653789191396,0.012805839608736219,0.7843137254901961,0.0
up100pct,train,up100pct::SZ300143::000000,21,"{""choppy_reversal_winner"": 0.02682998989166473, ""jump_repricing_winner"": 0.2846296372823889, ""late_rescue_winner"": 0.01531753467517771, ""slow_grind_winner"": 0.0, ""smooth_trend_winner"": 0.5594849468786756, ""stair_step_winner"": 0.11373789127209312}",smooth_trend_winner,jump_repricing_winner,0.6088463197171939,0.031167525680630567,0.19047619047619047,0.0
up100pct,train,up100pct::SZ300147::000000,29,"{""choppy_reversal_winner"": 0.32960869573517537, ""jump_repricing_winner"": 0.008316052775188583, ""late_rescue_winner"": 0.5726022525670807, ""slow_grind_winner"": 0.0, ""smooth_trend_winner"": 0.0053210185634427086, ""stair_step_winner"": 0.08415198035911248}",late_rescue_winner,choppy_reversal_winner,0.5363761696679541,0.0054847263847694555,0.6206896551724138,0.0
up100pct,train,up100pct::SZ300149::000000,1,"{""choppy_reversal_winner"": 0.23256690590765056, ""jump_repricing_winner"": 0.05304391792224874, ""late_rescue_winner"": 0.13950139383613597, ""slow_grind_winner"": 0.0, ""smooth_trend_winner"": 0.03946827641461715, ""stair_step_winner"": 0.5354195059193476}",stair_step_winner,choppy_reversal_winner,0.6874870276840184,0.0,0.0,0.0
up100pct,train,up100pct::SZ300158::000000,43,"{""choppy_reversal_winner"": 0.3401638034470784, ""jump_repricing_winner"": 0.023143868795027188, ""late_rescue_winner"": 0.36163297298489483, ""slow_grind_winner"": 0.0, ""smooth_trend_winner"": 0.017269327877361344, ""stair_step_winner"": 0.2577900268956382}",late_rescue_winner,choppy_reversal_winner,0.6928109139739229,0.00917688250798251,0.0,0.2558139534883721
up100pct,train,up100pct::SZ300159::000000,2,"{""choppy_reversal_winner"": 0.4161434653486066, ""jump_repricing_winner"": 0.016943392679127395, ""late_rescue_winner"": 0.39166856597551825, ""slow_grind_winner"": 0.0, ""smooth_trend_winner"": 0.010288306481088593, ""stair_step_winner"": 0.16495626951565917}",choppy_reversal_winner,late_rescue_winner,0.6392673946375967,0.010881142891098787,0.0,0.0
up100pct,train,up100pct::SZ300171::000000,217,"{""choppy_reversal_winner"": 0.21872967939961108, ""jump_repricing_winner"": 0.13825219050542226, ""late_rescue_winner"": 0.17935074763045006, ""slow_grind_winner"": 0.0, ""smooth_trend_winner"": 0.16589171788189766, ""stair_step_winner"": 0.29777566458261895}",stair_step_winner,choppy_reversal_winner,0.8778784993533066,0.12195298361387374,0.041474654377880185,0.12903225806451613
up100pct,train,up100pct::SZ300177::000000,7,"{""choppy_reversal_winner"": 0.3703917544488076, ""jump_repricing_winner"": 0.010140617659423682, ""late_rescue_winner"": 0.4978403047681121, ""slow_grind_winner"": 0.0, ""smooth_trend_winner"": 0.006504230300391657, ""stair_step_winner"": 0.11512309282326494}",late_rescue_winner,choppy_reversal_winner,0.582264916131521,0.0067054043825492855,0.0,0.0
up100pct,train,up100pct::SZ300180::000000,23,"{""choppy_reversal_winner"": 0.40079724707740916, ""jump_repricing_winner"": 0.010161573013867687, ""late_rescue_winner"": 0.47919027634325084, ""slow_grind_winner"": 0.0, ""smooth_trend_winner"": 0.006139644898935885, ""stair_step_winner"": 0.10371125866653638}",late_rescue_winner,choppy_reversal_winner,0.575911813102506,0.013878557869111274,0.043478260869565216,0.0
up100pct,train,up100pct::SZ300181::000000,19,"{""choppy_reversal_winner"": 0.3577837970630982, ""jump_repricing_winner"": 0.016249263532714414, ""late_rescue_winner"": 0.4224232206181476, ""slow_grind_winner"": 0.0, ""smooth_trend_winner"": 0.011743600918133855, ""stair_step_winner"": 0.19180011786790588}",late_rescue_winner,choppy_reversal_winner,0.6516598260294049,0.011569611064231822,0.0,0.0
up100pct,train,up100pct::SZ300183::000000,127,"{""choppy_reversal_winner"": 0.4467466819265514, ""jump_repricing_winner"": 0.022432293767305732, ""late_rescue_winner"": 0.33275003136916725, ""slow_grind_winner"": 0.0, ""smooth_trend_winner"": 0.012829817917376241, ""stair_step_winner"": 0.1852411750195991}",choppy_reversal_winner,late_rescue_winner,0.6583028504618864,0.04272413432295632,0.0,0.0
up100pct,train,up100pct::SZ300184::000000,136,"{""choppy_reversal_winner"": 0.35721348034617073, ""jump_repricing_winner"": 0.009236117413704285, ""late_rescue_winner"": 0.5172982420490974, ""slow_grind_winner"": 0.0, ""smooth_trend_winner"": 0.005981456710605992, ""stair_step_winner"": 0.11027070348042167}",late_rescue_winner,choppy_reversal_winner,0.5724580959647004,0.017272797498360498,0.15441176470588236,0.007352941176470588
up100pct,train,up100pct::SZ300191::000000,133,"{""choppy_reversal_winner"": 0.2875522671661695, ""jump_repricing_winner"": 0.037450512733768794, ""late_rescue_winner"": 0.505436626898238, ""slow_grind_winner"": 0.0, ""smooth_trend_winner"": 0.021745206758139405, ""stair_step_winner"": 0.14781538644368428}",late_rescue_winner,choppy_reversal_winner,0.6653362492328653,0.08648270349553723,0.6992481203007519,0.0
up100pct,train,up100pct::SZ300194::000000,3,"{""choppy_reversal_winner"": 0.0241864448727378, ""jump_repricing_winner"": 0.27983789065958237, ""late_rescue_winner"": 0.02377996524935336, ""slow_grind_winner"": 0.0, ""smooth_trend_winner"": 0.6058691017127521, ""stair_step_winner"": 0.06632659750557443}",smooth_trend_winner,jump_repricing_winner,0.5686416389010411,0.0037943194364656093,0.0,1.0
up100pct,train,up100pct::SZ300199::000000,85,"{""choppy_reversal_winner"": 0.40598492889115884, ""jump_repricing_winner"": 0.009030189703933595, ""late_rescue_winner"": 0.4848768807383211, ""slow_grind_winner"": 0.0, ""smooth_trend_winner"": 0.005279968202853774, ""stair_step_winner"": 0.09482803246373284}",late_rescue_winner,choppy_reversal_winner,0.5639894037673373,0.015987737168494463,0.011764705882352941,0.0
up100pct,train,up100pct::SZ300203::000000,111,"{""choppy_reversal_winner"": 0.43751149451064714, ""jump_repricing_winner"": 0.013945962076145945, ""late_rescue_winner"": 0.36759466147707165, ""slow_grind_winner"": 0.0, ""smooth_trend_winner"": 0.008748477096597903, ""stair_step_winner"": 0.17219940483953744}",choppy_reversal_winner,late_rescue_winner,0.632623158456869,0.01964023438777107,0.0,0.18018018018018017
up100pct,train,up100pct::SZ300205::000000,5,"{""choppy_reversal_winner"": 0.41676995602331335, ""jump_repricing_winner"": 0.008837290816051896, ""late_rescue_winner"": 0.4654882688644021, ""slow_grind_winner"": 0.0, ""smooth_trend_winner"": 0.005161669840485935, ""stair_step_winner"": 0.10374281445574685}",late_rescue_winner,choppy_reversal_winner,0.5719227782920288,0.008916486366458434,0.0,0.0
up100pct,train,up100pct::SZ300206::000000,13,"{""choppy_reversal_winner"": 0.04431282330159973, ""jump_repricing_winner"": 0.25871377875359686, ""late_rescue_winner"": 0.024047037756676572, ""slow_grind_winner"": 0.0, ""smooth_trend_winner"": 0.46968932113652223, ""stair_step_winner"": 0.20323703905160473}",smooth_trend_winner,jump_repricing_winner,0.7011553500964192,0.09488551473318789,0.5384615384615384,0.0
up100pct,train,up100pct::SZ300209::000000,6,"{""choppy_reversal_winner"": 0.3114232391941682, ""jump_repricing_winner"": 0.016527090301947187, ""late_rescue_winner"": 0.5733043525119879, ""slow_grind_winner"": 0.0, ""smooth_trend_winner"": 0.010693835939873497, ""stair_step_winner"": 0.08805148205202322}",late_rescue_winner,choppy_reversal_winner,0.5651121335696422,0.0023207856863866907,0.0,0.0
up100pct,train,up100pct::SZ300215::000000,5,"{""choppy_reversal_winner"": 0.3571219574378905, ""jump_repricing_winner"": 0.02355317187188797, ""late_rescue_winner"": 0.35168776166693616, ""slow_grind_winner"": 0.0, ""smooth_trend_winner"": 0.017064131339078813, ""stair_step_winner"": 0.2505729776842066}",choppy_reversal_winner,late_rescue_winner,0.6919376575507001,0.008495674146247039,0.0,0.6
up100pct,train,up100pct::SZ300219::000000,40,"{""choppy_reversal_winner"": 0.3510329489864103, ""jump_repricing_winner"": 0.026619575482179896, ""late_rescue_winner"": 0.3079416661504886, ""slow_grind_winner"": 0.0, ""smooth_trend_winner"": 0.01947171040406844, ""stair_step_winner"": 0.2949340989768527}",choppy_reversal_winner,late_rescue_winner,0.7051902033170745,0.0052195177440158115,0.0,1.0
up100pct,train,up100pct::SZ300222::000000,2,"{""choppy_reversal_winner"": 0.3578768804132699, ""jump_repricing_winner"": 0.008247247918325484, ""late_rescue_winner"": 0.5390604244963759, ""slow_grind_winner"": 0.0, ""smooth_trend_winner"": 0.005034775716365267, ""stair_step_winner"": 0.0897806714556634}",late_rescue_winner,choppy_reversal_winner,0.548878793614048,0.0011285769052514114,0.0,0.0
up100pct,train,up100pct::SZ300223::000000,114,"{""choppy_reversal_winner"": 0.20421953661459882, ""jump_repricing_winner"": 0.17080042257441677, ""late_rescue_winner"": 0.12356185426717503, ""slow_grind_winner"": 0.0, ""smooth_trend_winner"": 0.2090506435640601, ""stair_step_winner"": 0.2923675429797492}",stair_step_winner,smooth_trend_winner,0.8769993109695478,0.12623177430212826,0.24561403508771928,0.017543859649122806
up100pct,train,up100pct::SZ300233::000000,22,"{""choppy_reversal_winner"": 0.1563214906762147, ""jump_repricing_winner"": 0.2599603364151986, ""late_rescue_winner"": 0.09126482476477232, ""slow_grind_winner"": 0.0, ""smooth_trend_winner"": 0.13185647633071618, ""stair_step_winner"": 0.36059687181309824}",stair_step_winner,jump_repricing_winner,0.8336909988906895,0.04978616123748647,0.0,0.13636363636363635
up100pct,train,up100pct::SZ300236::000000,274,"{""choppy_reversal_winner"": 0.298752778697115, ""jump_repricing_winner"": 0.04658546657847366, ""late_rescue_winner"": 0.4447341350537319, ""slow_grind_winner"": 0.0, ""smooth_trend_winner"": 0.09489213725116849, ""stair_step_winner"": 0.11503548241951095}",late_rescue_winner,choppy_reversal_winner,0.7458503674544529,0.1088506266786453,0.23722627737226276,0.09124087591240876
up100pct,train,up100pct::SZ300238::000000,1,"{""choppy_reversal_winner"": 0.36037841602008036, ""jump_repricing_winner"": 0.0294997760682117, ""late_rescue_winner"": 0.3968307048306944, ""slow_grind_winner"": 0.0, ""smooth_trend_winner"": 0.01928760163806481, ""stair_step_winner"": 0.1940035014429487}",late_rescue_winner,choppy_reversal_winner,0.6880418667533663,0.0,0.0,0.0
up100pct,train,up100pct::SZ300244::000000,147,"{""choppy_reversal_winner"": 0.2599112203788831, ""jump_repricing_winner"": 0.044118542610214175, ""late_rescue_winner"": 0.15971335059481773, ""slow_grind_winner"": 0.0, ""smooth_trend_winner"": 0.03256916565487563, ""stair_step_winner"": 0.5036877207612094}",stair_step_winner,choppy_reversal_winner,0.69084542879332,0.03452165938923681,0.0,0.06802721088435375
up100pct,train,up100pct::SZ300245::000000,7,"{""choppy_reversal_winner"": 0.3405422821092485, ""jump_repricing_winner"": 0.006331817258344354, ""late_rescue_winner"": 0.5770722228438894, ""slow_grind_winner"": 0.0, ""smooth_trend_winner"": 0.0037983219874179364, ""stair_step_winner"": 0.07225535580109997}",late_rescue_winner,choppy_reversal_winner,0.5174695003675771,0.006020315355400342,1.0,0.0
up100pct,robustness,up100pct::SZ300253::000000,16,"{""choppy_reversal_winner"": 0.2613999376157745, ""jump_repricing_winner"": 0.08952247666698109, ""late_rescue_winner"": 0.1386440377204943, ""slow_grind_winner"": 0.0, ""smooth_trend_winner"": 0.04407580912448362, ""stair_step_winner"": 0.4663577388722665}",stair_step_winner,choppy_reversal_winner,0.7445410751977877,0.02632965981893858,0.0,0.0
up100pct,train,up100pct::SZ300255::000000,55,"{""choppy_reversal_winner"": 0.32236574211996777, ""jump_repricing_winner"": 0.02231891264511518, ""late_rescue_winner"": 0.5055360609722399, ""slow_grind_winner"": 0.0, ""smooth_trend_winner"": 0.01611351882736652, ""stair_step_winner"": 0.13366576543531067}",late_rescue_winner,choppy_reversal_winner,0.6307526038367797,0.02349036494415949,0.09090909090909091,0.0
up100pct,robustness,up100pct::SZ300255::000001,15,"{""choppy_reversal_winner"": 0.05207493390489501, ""jump_repricing_winner"": 0.3558686705252036, ""late_rescue_winner"": 0.031126001503401095, ""slow_grind_winner"": 0.0, ""smooth_trend_winner"": 0.38129990239331124, ""stair_step_winner"": 0.17963049167318915}",smooth_trend_winner,jump_repricing_winner,0.728670014543518,0.08857390186943119,0.2,0.2
up100pct,train,up100pct::SZ300256::000000,2,"{""choppy_reversal_winner"": 0.31355207415835545, ""jump_repricing_winner"": 0.027079900816293998, ""late_rescue_winner"": 0.34815147252240536, ""slow_grind_winner"": 0.0, ""smooth_trend_winner"": 0.021755265636540587, ""stair_step_winner"": 0.28946128686640465}",late_rescue_winner,choppy_reversal_winner,0.7092790873638637,0.045495469174422924,0.0,0.5
up100pct,train,up100pct::SZ300259::000000,8,"{""choppy_reversal_winner"": 0.3045280262630691, ""jump_repricing_winner"": 0.032131487367427485, ""late_rescue_winner"": 0.4055141439810946, ""slow_grind_winner"": 0.0, ""smooth_trend_winner"": 0.023539151674097848, ""stair_step_winner"": 0.234287190714311}",late_rescue_winner,choppy_reversal_winner,0.7070220816029328,0.04812196268791239,0.0,0.5
up100pct,validation,up100pct::SZ300260::000000,5,"{""choppy_reversal_winner"": 0.3499588842927414, ""jump_repricing_winner"": 0.010026700052077082, ""late_rescue_winner"": 0.5472319858905526, ""slow_grind_winner"": 0.0, ""smooth_trend_winner"": 0.006226618645466713, ""stair_step_winner"": 0.08655581111916227}",late_rescue_winner,choppy_reversal_winner,0.5508126645271999,0.012967528477833884,0.0,0.0
up100pct,train,up100pct::SZ300261::000000,37,"{""choppy_reversal_winner"": 0.452423862513528, ""jump_repricing_winner"": 0.009350494857993902, ""late_rescue_winner"": 0.4072368937573372, ""slow_grind_winner"": 0.0, ""smooth_trend_winner"": 0.005674452570870713, ""stair_step_winner"": 0.12531429630027016}",choppy_reversal_winner,late_rescue_winner,0.5904719068269123,0.015104708885718693,0.0,0.02702702702702703
up100pct,train,up100pct::SZ300267::000000,26,"{""choppy_reversal_winner"": 0.013426196804118716, ""jump_repricing_winner"": 0.266865851218741, ""late_rescue_winner"": 0.009365776434918923, ""slow_grind_winner"": 0.0, ""smooth_trend_winner"": 0.6611111638306449, ""stair_step_winner"": 0.04923101171157641}",smooth_trend_winner,jump_repricing_winner,0.4888976195092626,0.011401036323465107,0.8461538461538461,0.0
up100pct,train,up100pct::SZ300276::000000,72,"{""choppy_reversal_winner"": 0.3336144472927361, ""jump_repricing_winner"": 0.011712235409401327, ""late_rescue_winner"": 0.5396061856610174, ""slow_grind_winner"": 0.0, ""smooth_trend_winner"": 0.007969219331279228, ""stair_step_winner"": 0.10709791230556598}",late_rescue_winner,choppy_reversal_winner,0.574282197028762,0.016924030925350577,0.2222222222222222,0.0
up100pct,train,up100pct::SZ300284::000000,69,"{""choppy_reversal_winner"": 0.3703488116744226, ""jump_repricing_winner"": 0.007515875568265193, ""late_rescue_winner"": 0.5359037738537438, ""slow_grind_winner"": 0.0, ""smooth_trend_winner"": 0.0044453092107025515, ""stair_step_winner"": 0.08178622969286599}",late_rescue_winner,choppy_reversal_winner,0.5401202939859215,0.016667690093064333,0.463768115942029,0.0
up100pct,train,up100pct::SZ300285::000000,145,"{""choppy_reversal_winner"": 0.2667050057006084, ""jump_repricing_winner"": 0.05069809568057907, ""late_rescue_winner"": 0.17886502711292093, ""slow_grind_winner"": 0.0, ""smooth_trend_winner"": 0.042833256846092085, ""stair_step_winner"": 0.46089861465979953}",stair_step_winner,choppy_reversal_winner,0.7274690521925478,0.033671648552634915,0.0,0.5379310344827586
up100pct,train,up100pct::SZ300287::000000,53,"{""choppy_reversal_winner"": 0.33876093823160525, ""jump_repricing_winner"": 0.0201666141378452, ""late_rescue_winner"": 0.49389781644265646, ""slow_grind_winner"": 0.0, ""smooth_trend_winner"": 0.02173491216262438, ""stair_step_winner"": 0.12543971902526888}",late_rescue_winner,choppy_reversal_winner,0.6348243126589349,0.07463033415290317,0.5471698113207547,0.0
up100pct,train,up100pct::SZ300292::000000,40,"{""choppy_reversal_winner"": 0.05039941210876481, ""jump_repricing_winner"": 0.2994772285527953, ""late_rescue_winner"": 0.02894721273952744, ""slow_grind_winner"": 0.0, ""smooth_trend_winner"": 0.4279057720819516, ""stair_step_winner"": 0.19327037451696089}",smooth_trend_winner,jump_repricing_winner,0.72281277570395,0.05479278086543485,0.075,0.0
up100pct,train,up100pct::SZ300294::000000,7,"{""choppy_reversal_winner"": 0.342933774818286, ""jump_repricing_winner"": 0.03573651227405465, ""late_rescue_winner"": 0.1728740860039679, ""slow_grind_winner"": 0.0, ""smooth_trend_winner"": 0.021148949837274174, ""stair_step_winner"": 0.42730667706641723}",stair_step_winner,choppy_reversal_winner,0.6889166543140772,0.007989353066022326,0.0,0.0
up100pct,train,up100pct::SZ300294::000001,18,"{""choppy_reversal_winner"": 0.09812097636126349, ""jump_repricing_winner"": 0.2488826932005917, ""late_rescue_winner"": 0.05335427016614134, ""slow_grind_winner"": 0.0, ""smooth_trend_winner"": 0.19497796559694788, ""stair_step_winner"": 0.40466409467505565}",stair_step_winner,jump_repricing_winner,0.78981893412367,0.02036847506712419,0.0,0.0
up100pct,train,up100pct::SZ300296::000000,1,"{""choppy_reversal_winner"": 0.13014782332435576, ""jump_repricing_winner"": 0.18544337492111912, ""late_rescue_winner"": 0.07213677202010976, ""slow_grind_winner"": 0.0, ""smooth_trend_winner"": 0.12422907187269641, ""stair_step_winner"": 0.4880429578617189}",stair_step_winner,jump_repricing_winner,0.768357077902528,0.0,0.0,0.0
up100pct,train,up100pct::SZ300299::000000,20,"{""choppy_reversal_winner"": 0.44720306685409367, ""jump_repricing_winner"": 0.012181036495939223, ""late_rescue_winner"": 0.3954913035203712, ""slow_grind_winner"": 0.0, ""smooth_trend_winner"": 0.007336611127239688, ""stair_step_winner"": 0.13778798200235617}",choppy_reversal_winner,late_rescue_winner,0.608119419546432,0.004796563050166561,0.0,0.0
up100pct,train,up100pct::SZ300300::000000,16,"{""choppy_reversal_winner"": 0.3223569949533161, ""jump_repricing_winner"": 0.010174217795507048, ""late_rescue_winner"": 0.5796545964591638, ""slow_grind_winner"": 0.0, ""smooth_trend_winner"": 0.006540903712553267, ""stair_step_winner"": 0.08127328707945979}",late_rescue_winner,choppy_reversal_winner,0.5383566925596021,0.006225319598234319,0.6875,0.0
up100pct,validation,up100pct::SZ300308::000000,55,"{""choppy_reversal_winner"": 0.010830994535562438, ""jump_repricing_winner"": 0.40559128616901013, ""late_rescue_winner"": 0.00689687330788748, ""slow_grind_winner"": 0.0, ""smooth_trend_winner"": 0.5362172437163921, ""stair_step_winner"": 0.040463602271147786}",smooth_trend_winner,jump_repricing_winner,0.5097263670510518,0.026563277715116435,0.7090909090909091,0.05454545454545454
up100pct,train,up100pct::SZ300310::000000,15,"{""choppy_reversal_winner"": 0.29878256746672754, ""jump_repricing_winner"": 0.01234228402243734, ""late_rescue_winner"": 0.555667876862863, ""slow_grind_winner"": 0.0, ""smooth_trend_winner"": 0.009099280031145159, ""stair_step_winner"": 0.12410799161682697}",late_rescue_winner,choppy_reversal_winner,0.5823385202749137,0.00625922892542309,0.0,0.0
up100pct,train,up100pct::SZ300311::000000,6,"{""choppy_reversal_winner"": 0.4236482034124616, ""jump_repricing_winner"": 0.024646698869793676, ""late_rescue_winner"": 0.3381864101794567, ""slow_grind_winner"": 0.0, ""smooth_trend_winner"": 0.014462712695465863, ""stair_step_winner"": 0.19905597484282214}",choppy_reversal_winner,late_rescue_winner,0.6721576094418874,0.03826621217007401,0.0,0.0
up100pct,train,up100pct::SZ300315::000000,99,"{""choppy_reversal_winner"": 0.2805393454766438, ""jump_repricing_winner"": 0.06100471584074553, ""late_rescue_winner"": 0.18666067031651307, ""slow_grind_winner"": 0.0, ""smooth_trend_winner"": 0.05175078745606563, ""stair_step_winner"": 0.4200444809100321}",stair_step_winner,choppy_reversal_winner,0.7579661923309151,0.05080333860526531,0.0,0.42424242424242425
up100pct,robustness,up100pct::SZ300316::000001,137,"{""choppy_reversal_winner"": 0.22188840444378022, ""jump_repricing_winner"": 0.1492743704589946, ""late_rescue_winner"": 0.14333653702621932, ""slow_grind_winner"": 0.0, ""smooth_trend_winner"": 0.09343326535847585, ""stair_step_winner"": 0.39206742271253}",stair_step_winner,choppy_reversal_winner,0.8288006521011745,0.07769559167723154,0.0,0.0072992700729927005
up100pct,train,up100pct::SZ300317::000000,3,"{""choppy_reversal_winner"": 0.31237780630580764, ""jump_repricing_winner"": 0.02688602096091472, ""late_rescue_winner"": 0.46452680841822946, ""slow_grind_winner"": 0.0, ""smooth_trend_winner"": 0.019624413238973765, ""stair_step_winner"": 0.17658495107607441}",late_rescue_winner,choppy_reversal_winner,0.669839455680345,0.0009025958413346934,0.0,0.0
up100pct,train,up100pct::SZ300318::000000,2,"{""choppy_reversal_winner"": 0.047824620104659134, ""jump_repricing_winner"": 0.4352923724945163, ""late_rescue_winner"": 0.025960421928211273, ""slow_grind_winner"": 0.0, ""smooth_trend_winner"": 0.37342207492269947, ""stair_step_winner"": 0.11750051054991388}",jump_repricing_winner,smooth_trend_winner,0.681830071504991,0.06462010201080502,0.5,0.0
up100pct,train,up100pct::SZ300322::000000,75,"{""choppy_reversal_winner"": 0.31311202215990513, ""jump_repricing_winner"": 0.017557237954683124, ""late_rescue_winner"": 0.48541362165013635, ""slow_grind_winner"": 0.0, ""smooth_trend_winner"": 0.01265639994383317, ""stair_step_winner"": 0.17126071829144224}",late_rescue_winner,choppy_reversal_winner,0.637861530683026,0.06996765617181826,0.44,0.013333333333333334
up100pct,train,up100pct::SZ300326::000000,108,"{""choppy_reversal_winner"": 0.19206254543042114, ""jump_repricing_winner"": 0.09993572407299324, ""late_rescue_winner"": 0.11481639893065483, ""slow_grind_winner"": 0.0, ""smooth_trend_winner"": 0.09947179405541176, ""stair_step_winner"": 0.493713537510519}",stair_step_winner,choppy_reversal_winner,0.7666254157319569,0.06181881028927303,0.0,0.018518518518518517
up100pct,train,up100pct::SZ300328::000000,102,"{""choppy_reversal_winner"": 0.3384727119378875, ""jump_repricing_winner"": 0.012674545846290627, ""late_rescue_winner"": 0.5144602249948508, ""slow_grind_winner"": 0.0, ""smooth_trend_winner"": 0.008346873620030337, ""stair_step_winner"": 0.12604564360094084}",late_rescue_winner,choppy_reversal_winner,0.5943692998297485,0.03862860084428379,0.37254901960784315,0.029411764705882353
up100pct,train,up100pct::SZ300331::000000,17,"{""choppy_reversal_winner"": 0.35427332252500443, ""jump_repricing_winner"": 0.010727574997701618, ""late_rescue_winner"": 0.4994514443890919, ""slow_grind_winner"": 0.0, ""smooth_trend_winner"": 0.007047756286533458, ""stair_step_winner"": 0.12849990180166865}",late_rescue_winner,choppy_reversal_winner,0.5924884048033671,0.03394132847262461,0.23529411764705882,0.11764705882352941
up100pct,train,up100pct::SZ300339::000000,260,"{""choppy_reversal_winner"": 0.40976176832106476, ""jump_repricing_winner"": 0.031304555172083845, ""late_rescue_winner"": 0.33714718148205547, ""slow_grind_winner"": 0.0, ""smooth_trend_winner"": 0.01815050026016119, ""stair_step_winner"": 0.20363599476463473}",choppy_reversal_winner,late_rescue_winner,0.6906145677776339,0.04064940009702494,0.0,0.057692307692307696
up100pct,train,up100pct::SZ300341::000000,24,"{""choppy_reversal_winner"": 0.2929821567733662, ""jump_repricing_winner"": 0.010806645142190348, ""late_rescue_winner"": 0.5924932071391321, ""slow_grind_winner"": 0.0, ""smooth_trend_winner"": 0.007368004135762861, ""stair_step_winner"": 0.09634998680954847}",late_rescue_winner,choppy_reversal_winner,0.5471404666778692,0.013442709341959716,0.5416666666666666,0.0
up100pct,train,up100pct::SZ300342::000000,67,"{""choppy_reversal_winner"": 0.30791230815480247, ""jump_repricing_winner"": 0.010549717664039358, ""late_rescue_winner"": 0.5751698665270507, ""slow_grind_winner"": 0.0, ""smooth_trend_winner"": 0.007295005006523391, ""stair_step_winner"": 0.09907310264758395}",late_rescue_winner,choppy_reversal_winner,0.554641409688504,0.010842683195065822,0.2835820895522388,0.0
up100pct,robustness,up100pct::SZ300347::000000,2,"{""choppy_reversal_winner"": 0.199375815169212, ""jump_repricing_winner"": 0.1820682393316699, ""late_rescue_winner"": 0.1136123721698711, ""slow_grind_winner"": 0.0, ""smooth_trend_winner"": 0.08670625256351615, ""stair_step_winner"": 0.41823732076573084}",stair_step_winner,choppy_reversal_winner,0.8122384347232885,0.0008594942337063934,0.0,0.0
up100pct,train,up100pct::SZ300352::000000,39,"{""choppy_reversal_winner"": 0.3780752723334691, ""jump_repricing_winner"": 0.020497063058749588, ""late_rescue_winner"": 0.27035735129040683, ""slow_grind_winner"": 0.0, ""smooth_trend_winner"": 0.013818926776899878, ""stair_step_winner"": 0.3172513865404746}",choppy_reversal_winner,stair_step_winner,0.6833752836964185,0.044212840118065644,0.0,0.05128205128205128
up100pct,train,up100pct::SZ300353::000000,69,"{""choppy_reversal_winner"": 0.3474152162064247, ""jump_repricing_winner"": 0.007506190261035371, ""late_rescue_winner"": 0.5540991452865929, ""slow_grind_winner"": 0.0, ""smooth_trend_winner"": 0.004646889689005745, ""stair_step_winner"": 0.08633255855694145}",late_rescue_winner,choppy_reversal_winner,0.5400296799559913,0.014214850845344957,0.463768115942029,0.0
up100pct,train,up100pct::SZ300355::000000,29,"{""choppy_reversal_winner"": 0.36832319094634614, ""jump_repricing_winner"": 0.007822545140110269, ""late_rescue_winner"": 0.5274292225773239, ""slow_grind_winner"": 0.0, ""smooth_trend_winner"": 0.004711278323694688, ""stair_step_winner"": 0.09171376301252492}",late_rescue_winner,choppy_reversal_winner,0.5511878658989829,0.010258784464504908,0.5517241379310345,0.0
up100pct,train,up100pct::SZ300357::000000,168,"{""choppy_reversal_winner"": 0.2419558332329765, ""jump_repricing_winner"": 0.059570044896835164, ""late_rescue_winner"": 0.14650387394894776, ""slow_grind_winner"": 0.0, ""smooth_trend_winner"": 0.0522566887123673, ""stair_step_winner"": 0.4997135592088733}",stair_step_winner,choppy_reversal_winner,0.7220002785635178,0.04399002548222806,0.0,0.18452380952380953
up100pct,robustness,up100pct::SZ300364::000000,3,"{""choppy_reversal_winner"": 0.4850800180381216, ""jump_repricing_winner"": 0.017590627967793978, ""late_rescue_winner"": 0.30322673103697156, ""slow_grind_winner"": 0.0, ""smooth_trend_winner"": 0.009690103366186165, ""stair_step_winner"": 0.18441251959092675}",choppy_reversal_winner,late_rescue_winner,0.6365399158997243,0.01488975880430197,0.0,0.0
up100pct,train,up100pct::SZ300366::000000,14,"{""choppy_reversal_winner"": 0.35374253411811757, ""jump_repricing_winner"": 0.02760744501395007, ""late_rescue_winner"": 0.3493878735477379, ""slow_grind_winner"": 0.0, ""smooth_trend_winner"": 0.01990357619774456, ""stair_step_winner"": 0.24935857112244983}",choppy_reversal_winner,late_rescue_winner,0.702324745657276,0.021512011947673246,0.0,0.7857142857142857
up100pct,train,up100pct::SZ300368::000000,17,"{""choppy_reversal_winner"": 0.3773785085407089, ""jump_repricing_winner"": 0.0228519155534541, ""late_rescue_winner"": 0.32619845375903767, ""slow_grind_winner"": 0.0, ""smooth_trend_winner"": 0.015021217273148391, ""stair_step_winner"": 0.2585499048736509}",choppy_reversal_winner,late_rescue_winner,0.6877751843893395,0.02224935202550742,0.0,0.0
up100pct,train,up100pct::SZ300369::000000,7,"{""choppy_reversal_winner"": 0.15005243256364684, ""jump_repricing_winner"": 0.1819348203441609, ""late_rescue_winner"": 0.07659753165004139, ""slow_grind_winner"": 0.0, ""smooth_trend_winner"": 0.09932016523995049, ""stair_step_winner"": 0.4920950502022004}",stair_step_winner,jump_repricing_winner,0.7644732086894063,0.007986126043788051,0.0,0.0
up100pct,train,up100pct::SZ300376::000000,106,"{""choppy_reversal_winner"": 0.073151458263799, ""jump_repricing_winner"": 0.41287769387515055, ""late_rescue_winner"": 0.04054622789844053, ""slow_grind_winner"": 0.0, ""smooth_trend_winner"": 0.306033145128547, ""stair_step_winner"": 0.1673914748340629}",jump_repricing_winner,smooth_trend_winner,0.7523693934830357,0.11109233784688365,0.4339622641509434,0.0660377358490566
up100pct,train,up100pct::SZ300376::000001,54,"{""choppy_reversal_winner"": 0.08745974868487177, ""jump_repricing_winner"": 0.2622370051949102, ""late_rescue_winner"": 0.04655469662482103, ""slow_grind_winner"": 0.0, ""smooth_trend_winner"": 0.2720320844184918, ""stair_step_winner"": 0.3317164650769051}",stair_step_winner,smooth_trend_winner,0.7964680698164813,0.10612730759962015,0.0,0.0
up100pct,train,up100pct::SZ300386::000000,110,"{""choppy_reversal_winner"": 0.30518984083034545, ""jump_repricing_winner"": 0.04582568838551858, ""late_rescue_winner"": 0.2209955436481531, ""slow_grind_winner"": 0.0, ""smooth_trend_winner"": 0.03535470501143125, ""stair_step_winner"": 0.39263422212455146}",stair_step_winner,choppy_reversal_winner,0.738007254427914,0.06334976104373131,0.0,0.39090909090909093
up100pct,train,up100pct::SZ300397::000000,56,"{""choppy_reversal_winner"": 0.21309731763186793, ""jump_repricing_winner"": 0.13304277456576452, ""late_rescue_winner"": 0.14205410577671843, ""slow_grind_winner"": 0.0, ""smooth_trend_winner"": 0.18906001171097755, ""stair_step_winner"": 0.32274579031467165}",stair_step_winner,choppy_reversal_winner,0.867828110967236,0.12056259603467882,0.16071428571428573,0.0
up100pct,train,up100pct::SZ300411::000000,3,"{""choppy_reversal_winner"": 0.35205761372353256, ""jump_repricing_winner"": 0.012420707005439272, ""late_rescue_winner"": 0.5006043463492614, ""slow_grind_winner"": 0.0, ""smooth_trend_winner"": 0.008312036748858142, ""stair_step_winner"": 0.12660529617290847}",late_rescue_winner,choppy_reversal_winner,0.597120740020217,3.305425744203731e-05,0.0,0.0
up100pct,train,up100pct::SZ300413::000000,161,"{""choppy_reversal_winner"": 0.22089947816523223, ""jump_repricing_winner"": 0.06359803161498974, ""late_rescue_winner"": 0.14502273442108268, ""slow_grind_winner"": 0.0, ""smooth_trend_winner"": 0.055184656139754915, ""stair_step_winner"": 0.5152950996589404}",stair_step_winner,choppy_reversal_winner,0.7201491442745389,0.06860356226544805,0.0,0.043478260869565216
up100pct,validation,up100pct::SZ300418::000000,76,"{""choppy_reversal_winner"": 0.03285286847270237, ""jump_repricing_winner"": 0.3158749173293874, ""late_rescue_winner"": 0.018031552475495302, ""slow_grind_winner"": 0.0, ""smooth_trend_winner"": 0.5042368238914922, ""stair_step_winner"": 0.12900383783092273}",smooth_trend_winner,jump_repricing_winner,0.6463398286558926,0.08895009296190533,0.6052631578947368,0.013157894736842105
up100pct,train,up100pct::SZ300436::000000,11,"{""choppy_reversal_winner"": 0.3503217122005288, ""jump_repricing_winner"": 0.013455418861331737, ""late_rescue_winner"": 0.475667214829927, ""slow_grind_winner"": 0.0, ""smooth_trend_winner"": 0.009063774785073723, ""stair_step_winner"": 0.15149187932313865}",late_rescue_winner,choppy_reversal_winner,0.6180478142565856,0.029809660008961823,0.0,0.36363636363636365
up100pct,train,up100pct::SZ300443::000000,37,"{""choppy_reversal_winner"": 0.31412134996585866, ""jump_repricing_winner"": 0.06641381460050767, ""late_rescue_winner"": 0.21842124609366992, ""slow_grind_winner"": 0.0, ""smooth_trend_winner"": 0.045566682488257904, ""stair_step_winner"": 0.3554769068517059}",stair_step_winner,choppy_reversal_winner,0.7727288703687868,0.037438341949185015,0.0,0.32432432432432434
up100pct,train,up100pct::SZ300444::000000,2,"{""choppy_reversal_winner"": 0.33744823342819397, ""jump_repricing_winner"": 0.007887265177321212, ""late_rescue_winner"": 0.5466689071606565, ""slow_grind_winner"": 0.0, ""smooth_trend_winner"": 0.005184381189414387, ""stair_step_winner"": 0.10281121304441397}",late_rescue_winner,choppy_reversal_winner,0.5559231425133694,0.005972058805000544,0.0,0.0
up100pct,robustness,up100pct::SZ300454::000000,128,"{""choppy_reversal_winner"": 0.19006649345871968, ""jump_repricing_winner"": 0.23041813446899106, ""late_rescue_winner"": 0.12487931098294441, ""slow_grind_winner"": 0.0, ""smooth_trend_winner"": 0.13465235794579736, ""stair_step_winner"": 0.31998370314354746}",stair_step_winner,jump_repricing_winner,0.8640706692402212,0.11916785840952591,0.03125,0.1171875
up100pct,train,up100pct::SZ300455::000000,173,"{""choppy_reversal_winner"": 0.3311783444837329, ""jump_repricing_winner"": 0.021434492630133566, ""late_rescue_winner"": 0.4888654173175834, ""slow_grind_winner"": 0.0, ""smooth_trend_winner"": 0.02938866511300438, ""stair_step_winner"": 0.12913308045554575}",late_rescue_winner,choppy_reversal_winner,0.6508683819568889,0.06077045456906278,0.12716763005780346,0.06936416184971098
up100pct,train,up100pct::SZ300457::000000,4,"{""choppy_reversal_winner"": 0.10411857112275087, ""jump_repricing_winner"": 0.2710854601740251, ""late_rescue_winner"": 0.05935123225754829, ""slow_grind_winner"": 0.0, ""smooth_trend_winner"": 0.20671653082025312, ""stair_step_winner"": 0.3587282056254226}",stair_step_winner,jump_repricing_winner,0.8096242244094015,0.0030427681662411298,0.0,0.0
up100pct,robustness,up100pct::SZ300458::000000,18,"{""choppy_reversal_winner"": 0.22133392730906676, ""jump_repricing_winner"": 0.09238201224939444, ""late_rescue_winner"": 0.13969872498626307, ""slow_grind_winner"": 0.0, ""smooth_trend_winner"": 0.07601539630110637, ""stair_step_winner"": 0.4705699391541694}",stair_step_winner,choppy_reversal_winner,0.7698524839574997,0.0705956194478848,0.05555555555555555,0.05555555555555555
up100pct,robustness,up100pct::SZ300459::000001,3,"{""choppy_reversal_winner"": 0.15133960162422216, ""jump_repricing_winner"": 0.18917819687709034, ""late_rescue_winner"": 0.09536304647368825, ""slow_grind_winner"": 0.0, ""smooth_trend_winner"": 0.1919474720749933, ""stair_step_winner"": 0.3721716829500059}",stair_step_winner,smooth_trend_winner,0.8424889124218489,0.09728923158416085,0.0,0.0
up100pct,train,up100pct::SZ300465::000000,26,"{""choppy_reversal_winner"": 0.353242786918471, ""jump_repricing_winner"": 0.012695357011532394, ""late_rescue_winner"": 0.4751626867296179, ""slow_grind_winner"": 0.0, ""smooth_trend_winner"": 0.008702010713120987, ""stair_step_winner"": 0.15019715862725766}",late_rescue_winner,choppy_reversal_winner,0.6153813164230801,0.026318209026301536,0.038461538461538464,0.0
up100pct,train,up100pct::SZ300467::000000,8,"{""choppy_reversal_winner"": 0.32277546129984014, ""jump_repricing_winner"": 0.007462375983164633, ""late_rescue_winner"": 0.5984282110402499, ""slow_grind_winner"": 0.0, ""smooth_trend_winner"": 0.004439566997690486, ""stair_step_winner"": 0.06689438467905481}",late_rescue_winner,choppy_reversal_winner,0.5099910256957313,0.0007208977116025649,1.0,0.0
up100pct,train,up100pct::SZ300468::000000,2,"{""choppy_reversal_winner"": 0.3068822634688665, ""jump_repricing_winner"": 0.009177035016304493, ""late_rescue_winner"": 0.5904519696438465, ""slow_grind_winner"": 0.0, ""smooth_trend_winner"": 0.005855895149210467, ""stair_step_winner"": 0.08763283672177206}",late_rescue_winner,choppy_reversal_winner,0.5358469437926747,0.0018916892673562086,0.5,0.0
up100pct,train,up100pct::SZ300470::000000,21,"{""choppy_reversal_winner"": 0.3572259517051454, ""jump_repricing_winner"": 0.024891795910313604, ""late_rescue_winner"": 0.2433657285158804, ""slow_grind_winner"": 0.0, ""smooth_trend_winner"": 0.017866637261143275, ""stair_step_winner"": 0.3566498866075174}",choppy_reversal_winner,stair_step_winner,0.693839083801789,0.011785850143403394,0.0,0.3333333333333333
up100pct,validation,up100pct::SZ300474::000000,21,"{""choppy_reversal_winner"": 0.011108337571829283, ""jump_repricing_winner"": 0.5070716802788292, ""late_rescue_winner"": 0.007043201650766616, ""slow_grind_winner"": 0.0, ""smooth_trend_winner"": 0.43723285945076074, ""stair_step_winner"": 0.03754392104781424}",jump_repricing_winner,smooth_trend_winner,0.5102204749720236,0.018486725188638156,0.6666666666666666,0.0
up100pct,train,up100pct::SZ300475::000000,5,"{""choppy_reversal_winner"": 0.3369768482674211, ""jump_repricing_winner"": 0.026703419121600826, ""late_rescue_winner"": 0.41054945677506477, ""slow_grind_winner"": 0.0, ""smooth_trend_winner"": 0.01774066039574419, ""stair_step_winner"": 0.20802961544016912}",late_rescue_winner,choppy_reversal_winner,0.6847654216807707,0.0014565753453560613,0.0,0.0
up100pct,train,up100pct::SZ300477::000000,7,"{""choppy_reversal_winner"": 0.4252779148848179, ""jump_repricing_winner"": 0.015407247326669397, ""late_rescue_winner"": 0.41414120253526276, ""slow_grind_winner"": 0.0, ""smooth_trend_winner"": 0.009107177754820232, ""stair_step_winner"": 0.13606645749842977}",choppy_reversal_winner,late_rescue_winner,0.617933460266401,0.012114815333765882,0.0,0.0
up100pct,train,up100pct::SZ300485::000000,32,"{""choppy_reversal_winner"": 0.44629854241753875, ""jump_repricing_winner"": 0.020695630511420142, ""late_rescue_winner"": 0.2404643783793216, ""slow_grind_winner"": 0.0, ""smooth_trend_winner"": 0.012660275658046193, ""stair_step_winner"": 0.27988117303367327}",choppy_reversal_winner,stair_step_winner,0.666793362123676,0.01779110566553915,0.0,0.0
up100pct,train,up100pct::SZ300493::000000,11,"{""choppy_reversal_winner"": 0.32515806480807996, ""jump_repricing_winner"": 0.006348732509264241, ""late_rescue_winner"": 0.6000028967793213, ""slow_grind_winner"": 0.0, ""smooth_trend_winner"": 0.003745779148586702, ""stair_step_winner"": 0.06474452675474783}",late_rescue_winner,choppy_reversal_winner,0.5034525810063757,0.006284425307375473,1.0,0.0
up100pct,robustness,up100pct::SZ300496::000000,4,"{""choppy_reversal_winner"": 0.360626359252081, ""jump_repricing_winner"": 0.03328234731024018, ""late_rescue_winner"": 0.29149241184855057, ""slow_grind_winner"": 0.0, ""smooth_trend_winner"": 0.021316602010182418, ""stair_step_winner"": 0.2932822795789458}",choppy_reversal_winner,stair_step_winner,0.715593165413377,0.013028312459306352,0.0,0.75
up100pct,train,up100pct::SZ300516::000000,19,"{""choppy_reversal_winner"": 0.3398685474428808, ""jump_repricing_winner"": 0.0063773544784268546, ""late_rescue_winner"": 0.5727500373605118, ""slow_grind_winner"": 0.0, ""smooth_trend_winner"": 0.00385922192908386, ""stair_step_winner"": 0.07714483878909674}",late_rescue_winner,choppy_reversal_winner,0.5231264371093353,0.01447264059093705,0.7368421052631579,0.0
up100pct,train,up100pct::SZ300528::000000,10,"{""choppy_reversal_winner"": 0.3143247988442509, ""jump_repricing_winner"": 0.006288546172792212, ""late_rescue_winner"": 0.6050002753947484, ""slow_grind_winner"": 0.0, ""smooth_trend_winner"": 0.003839157800971041, ""stair_step_winner"": 0.07054722178723753}",late_rescue_winner,choppy_reversal_winner,0.5068156801829733,0.011278860934497993,1.0,0.0
up100pct,robustness,up100pct::SZ300548::000000,71,"{""choppy_reversal_winner"": 0.2544948248772937, ""jump_repricing_winner"": 0.08472766233128581, ""late_rescue_winner"": 0.1479810206360687, ""slow_grind_winner"": 0.0, ""smooth_trend_winner"": 0.08718356140149024, ""stair_step_winner"": 0.42561293075386153}",stair_step_winner,choppy_reversal_winner,0.790519945697627,0.08217948216043917,0.04225352112676056,0.29577464788732394
up100pct,robustness,up100pct::SZ300558::000000,19,"{""choppy_reversal_winner"": 0.3066464954610783, ""jump_repricing_winner"": 0.04061166752193495, ""late_rescue_winner"": 0.21700596533400016, ""slow_grind_winner"": 0.0, ""smooth_trend_winner"": 0.030570775630526535, ""stair_step_winner"": 0.4051650960524601}",stair_step_winner,choppy_reversal_winner,0.7237595986557247,0.012016741498046218,0.0,0.8421052631578947
up100pct,train,up100pct::SZ300559::000000,2,"{""choppy_reversal_winner"": 0.3027150906451693, ""jump_repricing_winner"": 0.03912703066636481, ""late_rescue_winner"": 0.2777169673968908, ""slow_grind_winner"": 0.0, ""smooth_trend_winner"": 0.033284430244538143, ""stair_step_winner"": 0.3471564810470369}",stair_step_winner,choppy_reversal_winner,0.7394295874611868,0.0010866240244796256,0.0,1.0
up100pct,robustness,up100pct::SZ300567::000000,31,"{""choppy_reversal_winner"": 0.22656515515373069, ""jump_repricing_winner"": 0.07944569915271633, ""late_rescue_winner"": 0.19861727925599967, ""slow_grind_winner"": 0.0, ""smooth_trend_winner"": 0.06613468874338749, ""stair_step_winner"": 0.42923717769416575}",stair_step_winner,choppy_reversal_winner,0.7820740466562707,0.04346046127466371,0.0,0.5806451612903226
up100pct,train,up100pct::SZ300570::000000,154,"{""choppy_reversal_winner"": 0.3477902171365024, ""jump_repricing_winner"": 0.009180810344836997, ""late_rescue_winner"": 0.5510389833814494, ""slow_grind_winner"": 0.0, ""smooth_trend_winner"": 0.005612762575506566, ""stair_step_winner"": 0.08637722656170464}",late_rescue_winner,choppy_reversal_winner,0.5466168506115531,0.012721375293172668,0.525974025974026,0.0
up100pct,robustness,up100pct::SZ300570::000001,39,"{""choppy_reversal_winner"": 0.35296318358401085, ""jump_repricing_winner"": 0.031405756361465066, ""late_rescue_winner"": 0.2617355790911697, ""slow_grind_winner"": 0.0, ""smooth_trend_winner"": 0.02196916983904933, ""stair_step_winner"": 0.33192631112430504}",choppy_reversal_winner,stair_step_winner,0.7127294365122295,0.01647555723645978,0.0,0.8461538461538461
up100pct,train,up100pct::SZ300579::000000,23,"{""choppy_reversal_winner"": 0.3637395440954481, ""jump_repricing_winner"": 0.023033610925968583, ""late_rescue_winner"": 0.27847640040374616, ""slow_grind_winner"": 0.0, ""smooth_trend_winner"": 0.016069646340983904, ""stair_step_winner"": 0.3186807982338533}",choppy_reversal_winner,stair_step_winner,0.6929137291963627,0.02380425431368632,0.0,0.043478260869565216
up100pct,train,up100pct::SZ300584::000000,4,"{""choppy_reversal_winner"": 0.3167779096502559, ""jump_repricing_winner"": 0.01777010612717487, ""late_rescue_winner"": 0.5473116867849794, ""slow_grind_winner"": 0.0, ""smooth_trend_winner"": 0.011579708491785138, ""stair_step_winner"": 0.10656058894580468}",late_rescue_winner,choppy_reversal_winner,0.5892966275320788,0.006016866609591061,0.0,0.0
up100pct,train,up100pct::SZ300596::000000,8,"{""choppy_reversal_winner"": 0.3532209601344053, ""jump_repricing_winner"": 0.022988818085622146, ""late_rescue_winner"": 0.3200695621490491, ""slow_grind_winner"": 0.0, ""smooth_trend_winner"": 0.017304870209858412, ""stair_step_winner"": 0.28641578942106505}",choppy_reversal_winner,late_rescue_winner,0.6961055272595683,0.009652827330559428,0.0,1.0
up100pct,train,up100pct::SZ300598::000000,2,"{""choppy_reversal_winner"": 0.09016222544630596, ""jump_repricing_winner"": 0.4092716632896146, ""late_rescue_winner"": 0.04704317055926903, ""slow_grind_winner"": 0.0, ""smooth_trend_winner"": 0.1806644403511714, ""stair_step_winner"": 0.272858500353639}",jump_repricing_winner,stair_step_winner,0.7757178747653012,0.025273192305305895,0.0,0.0
up100pct,train,up100pct::SZ300602::000000,30,"{""choppy_reversal_winner"": 0.3504297506348684, ""jump_repricing_winner"": 0.010636586842244613, ""late_rescue_winner"": 0.5296858134894298, ""slow_grind_winner"": 0.0, ""smooth_trend_winner"": 0.006365289864331827, ""stair_step_winner"": 0.10288255916912534}",late_rescue_winner,choppy_reversal_winner,0.5684616812771025,0.036894972771639445,0.5333333333333333,0.0
up100pct,train,up100pct::SZ300618::000000,27,"{""choppy_reversal_winner"": 0.21348081740656663, ""jump_repricing_winner"": 0.10369531185918045, ""late_rescue_winner"": 0.11107102918431025, ""slow_grind_winner"": 0.0, ""smooth_trend_winner"": 0.05818065842901635, ""stair_step_winner"": 0.5135721831209263}",stair_step_winner,choppy_reversal_winner,0.7347277298270545,0.018844172532954142,0.0,0.0
up100pct,robustness,up100pct::SZ300620::000000,27,"{""choppy_reversal_winner"": 0.15336043921047904, ""jump_repricing_winner"": 0.1372598665858147, ""late_rescue_winner"": 0.0826221598358061, ""slow_grind_winner"": 0.0, ""smooth_trend_winner"": 0.08802390949532034, ""stair_step_winner"": 0.5387336248725797}",stair_step_winner,choppy_reversal_winner,0.7329552273087364,0.03691850613923354,0.0,0.0
up100pct,robustness,up100pct::SZ300627::000000,2,"{""choppy_reversal_winner"": 0.27655269296731944, ""jump_repricing_winner"": 0.04378486136959833, ""late_rescue_winner"": 0.16035992103538052, ""slow_grind_winner"": 0.0, ""smooth_trend_winner"": 0.028941602037125647, ""stair_step_winner"": 0.4903609225905762}",stair_step_winner,choppy_reversal_winner,0.690897779574436,0.0009558930690434378,0.0,0.0
up100pct,robustness,up100pct::SZ300628::000000,6,"{""choppy_reversal_winner"": 0.14528352657794222, ""jump_repricing_winner"": 0.28208355781474415, ""late_rescue_winner"": 0.07696018995176665, ""slow_grind_winner"": 0.0, ""smooth_trend_winner"": 0.13406547384455475, ""stair_step_winner"": 0.3616072518109923}",stair_step_winner,jump_repricing_winner,0.8214470474512312,0.0039057668114687977,0.0,0.0
up100pct,train,up100pct::SZ300634::000000,9,"{""choppy_reversal_winner"": 0.32576508037015034, ""jump_repricing_winner"": 0.013437006960826428, ""late_rescue_winner"": 0.5014025507064759, ""slow_grind_winner"": 0.0, ""smooth_trend_winner"": 0.008998241821370411, ""stair_step_winner"": 0.15039712014117695}",late_rescue_winner,choppy_reversal_winner,0.612099166611729,0.051240084499734516,0.3333333333333333,0.0
up100pct,train,up100pct::SZ300653::000000,15,"{""choppy_reversal_winner"": 0.27279900586890016, ""jump_repricing_winner"": 0.030141764127170238, ""late_rescue_winner"": 0.20031729803757747, ""slow_grind_winner"": 0.0, ""smooth_trend_winner"": 0.022773737225248513, ""stair_step_winner"": 0.4739681947411036}",stair_step_winner,choppy_reversal_winner,0.6820163374922485,0.03304597175058038,0.0,0.0
up100pct,robustness,up100pct::SZ300661::000000,1,"{""choppy_reversal_winner"": 0.426983208636139, ""jump_repricing_winner"": 0.03349576262656698, ""late_rescue_winner"": 0.2833671600734761, ""slow_grind_winner"": 0.0, ""smooth_trend_winner"": 0.01775482484184822, ""stair_step_winner"": 0.23839904382196966}",choppy_reversal_winner,late_rescue_winner,0.6964381605944184,0.0,0.0,0.0
up100pct,train,up100pct::SZ300671::000000,32,"{""choppy_reversal_winner"": 0.02421533272594602, ""jump_repricing_winner"": 0.2983283371302492, ""late_rescue_winner"": 0.021842739799851324, ""slow_grind_winner"": 0.0, ""smooth_trend_winner"": 0.6159809418417208, ""stair_step_winner"": 0.039632648502232734}",smooth_trend_winner,jump_repricing_winner,0.5362746649398388,0.06662661491016421,0.71875,0.28125
up100pct,train,up100pct::SZ300672::000000,113,"{""choppy_reversal_winner"": 0.24613233066168563, ""jump_repricing_winner"": 0.18633705998558364, ""late_rescue_winner"": 0.14990804881892314, ""slow_grind_winner"": 0.0, ""smooth_trend_winner"": 0.12889287726280432, ""stair_step_winner"": 0.28872968327100323}",stair_step_winner,choppy_reversal_winner,0.8736490949460316,0.10354271398113175,0.09734513274336283,0.23008849557522124
up100pct,train,up100pct::SZ300676::000000,41,"{""choppy_reversal_winner"": 0.11427901454261645, ""jump_repricing_winner"": 0.183910392906321, ""late_rescue_winner"": 0.06317135476221587, ""slow_grind_winner"": 0.0, ""smooth_trend_winner"": 0.16723478194088953, ""stair_step_winner"": 0.4714044558479572}",stair_step_winner,jump_repricing_winner,0.7743024939739089,0.03357273391771346,0.0,0.0
up100pct,robustness,up100pct::SZ300677::000000,6,"{""choppy_reversal_winner"": 0.15676514736276526, ""jump_repricing_winner"": 0.14449387477411083, ""late_rescue_winner"": 0.07908935625609355, ""slow_grind_winner"": 0.0, ""smooth_trend_winner"": 0.08156560361461862, ""stair_step_winner"": 0.5380860179924117}",stair_step_winner,choppy_reversal_winner,0.7303324262198989,0.02225502638873496,0.0,0.0
up100pct,train,up100pct::SZ300695::000000,15,"{""choppy_reversal_winner"": 0.354881623342577, ""jump_repricing_winner"": 0.008582175805777859, ""late_rescue_winner"": 0.5293481149302626, ""slow_grind_winner"": 0.0, ""smooth_trend_winner"": 0.00537190626012633, ""stair_step_winner"": 0.10181617966125629}",late_rescue_winner,choppy_reversal_winner,0.5613974779163107,0.008125429439343234,0.13333333333333333,0.0
up100pct,train,up100pct::SZ300697::000000,12,"{""choppy_reversal_winner"": 0.32425696667642295, ""jump_repricing_winner"": 0.010692841652860578, ""late_rescue_winner"": 0.5256921044189237, ""slow_grind_winner"": 0.0, ""smooth_trend_winner"": 0.00763480398334632, ""stair_step_winner"": 0.1317232832684465}",late_rescue_winner,choppy_reversal_winner,0.5893542854797288,0.0072917154116714155,0.0,0.0
up100pct,train,up100pct::SZ300698::000000,3,"{""choppy_reversal_winner"": 0.3126406575391592, ""jump_repricing_winner"": 0.018921021670851416, ""late_rescue_winner"": 0.47310748101632033, ""slow_grind_winner"": 0.0, ""smooth_trend_winner"": 0.01527447743577553, ""stair_step_winner"": 0.18005636233789343}",late_rescue_winner,choppy_reversal_winner,0.6503332600962612,0.0004665503794434765,0.0,1.0
up100pct,train,up100pct::SZ300699::000000,170,"{""choppy_reversal_winner"": 0.23311284836955073, ""jump_repricing_winner"": 0.05514745105820218, ""late_rescue_winner"": 0.16395347652064793, ""slow_grind_winner"": 0.0, ""smooth_trend_winner"": 0.04754739440469667, ""stair_step_winner"": 0.5002388296469026}",stair_step_winner,choppy_reversal_winner,0.7183201356365956,0.056966944051511766,0.0,0.1
up100pct,train,up100pct::SZ300712::000000,1,"{""choppy_reversal_winner"": 0.0066319214167970195, ""jump_repricing_winner"": 0.30094609417870266, ""late_rescue_winner"": 0.004461396691972961, ""slow_grind_winner"": 0.0, ""smooth_trend_winner"": 0.6624059038252266, ""stair_step_winner"": 0.025554683887300794}",smooth_trend_winner,jump_repricing_winner,0.43830183655837524,0.0,1.0,0.0
up100pct,train,up100pct::SZ300735::000000,43,"{""choppy_reversal_winner"": 0.42917692422421133, ""jump_repricing_winner"": 0.011425775050264755, ""late_rescue_winner"": 0.41963373271588145, ""slow_grind_winner"": 0.0, ""smooth_trend_winner"": 0.006803786170623428, ""stair_step_winner"": 0.132959781839019}",choppy_reversal_winner,late_rescue_winner,0.6031808363286284,0.013028148489279273,0.0,0.0
up100pct,robustness,up100pct::SZ300735::000001,14,"{""choppy_reversal_winner"": 0.17843023838935515, ""jump_repricing_winner"": 0.16858562462374152, ""late_rescue_winner"": 0.1031822364065128, ""slow_grind_winner"": 0.0, ""smooth_trend_winner"": 0.12202582057686169, ""stair_step_winner"": 0.42777608000352885}",stair_step_winner,choppy_reversal_winner,0.815933008507423,0.06488570080563172,0.07142857142857142,0.0
up100pct,train,up100pct::SZ300741::000000,113,"{""choppy_reversal_winner"": 0.17470870264947755, ""jump_repricing_winner"": 0.18354980407867785, ""late_rescue_winner"": 0.14578864404910186, ""slow_grind_winner"": 0.0, ""smooth_trend_winner"": 0.28197643101170455, ""stair_step_winner"": 0.2139764182110382}",smooth_trend_winner,stair_step_winner,0.8838186507653655,0.13396773316456836,0.22123893805309736,0.17699115044247787
up100pct,train,up100pct::SZ300749::000000,2,"{""choppy_reversal_winner"": 0.2801198226033643, ""jump_repricing_winner"": 0.014182853819188768, ""late_rescue_winner"": 0.5962201971659622, ""slow_grind_winner"": 0.0, ""smooth_trend_winner"": 0.010264213925327679, ""stair_step_winner"": 0.09921291248615702}",late_rescue_winner,choppy_reversal_winner,0.5588834459425777,0.0012415103783149028,0.0,0.0
up100pct,train,up100pct::SZ300755::000000,149,"{""choppy_reversal_winner"": 0.3557347502138325, ""jump_repricing_winner"": 0.09463602640899145, ""late_rescue_winner"": 0.22055776220019283, ""slow_grind_winner"": 0.0, ""smooth_trend_winner"": 0.10912971494429832, ""stair_step_winner"": 0.21994174623268492}",choppy_reversal_winner,late_rescue_winner,0.8366190588998861,0.11484743558070985,0.04697986577181208,0.013422818791946308
up100pct,robustness,up100pct::SZ300757::000000,184,"{""choppy_reversal_winner"": 0.21686001075540978, ""jump_repricing_winner"": 0.16531360164030695, ""late_rescue_winner"": 0.14079496338535225, ""slow_grind_winner"": 0.0, ""smooth_trend_winner"": 0.15829025002709485, ""stair_step_winner"": 0.3187411741918361}",stair_step_winner,choppy_reversal_winner,0.8713579727027548,0.12409533523814444,0.11413043478260869,0.11956521739130435
up100pct,robustness,up100pct::SZ300759::000000,9,"{""choppy_reversal_winner"": 0.25970653363999746, ""jump_repricing_winner"": 0.2503015094550644, ""late_rescue_winner"": 0.1489301234305438, ""slow_grind_winner"": 0.0, ""smooth_trend_winner"": 0.0939758088002811, ""stair_step_winner"": 0.24708602467411322}",choppy_reversal_winner,jump_repricing_winner,0.8640046642478513,0.1111476509862146,0.0,0.0
up100pct,train,up100pct::SZ300760::000000,147,"{""choppy_reversal_winner"": 0.19487860212051106, ""jump_repricing_winner"": 0.0769813179605094, ""late_rescue_winner"": 0.12684775180579053, ""slow_grind_winner"": 0.0, ""smooth_trend_winner"": 0.07076167200339871, ""stair_step_winner"": 0.5305306561097903}",stair_step_winner,choppy_reversal_winner,0.7264957736415019,0.02950444091343941,0.0,0.5170068027210885
up100pct,train,up100pct::SZ300762::000000,304,"{""choppy_reversal_winner"": 0.33701066154774667, ""jump_repricing_winner"": 0.010084873114821312, ""late_rescue_winner"": 0.5458923959564108, ""slow_grind_winner"": 0.0, ""smooth_trend_winner"": 0.006414572710279823, ""stair_step_winner"": 0.1005974966707414}",late_rescue_winner,choppy_reversal_winner,0.5618913290671165,0.035753829485475196,0.5098684210526315,0.0
up100pct,robustness,up100pct::SZ300763::000000,124,"{""choppy_reversal_winner"": 0.26857126180185664, ""jump_repricing_winner"": 0.0613991876005278, ""late_rescue_winner"": 0.19690491997221152, ""slow_grind_winner"": 0.0, ""smooth_trend_winner"": 0.037865512438812816, ""stair_step_winner"": 0.43525911818659124}",stair_step_winner,choppy_reversal_winner,0.7425062797301447,0.07728972726119308,0.0,0.0
up100pct,train,up100pct::SZ300765::000000,195,"{""choppy_reversal_winner"": 0.3878262045181449, ""jump_repricing_winner"": 0.013453249591014165, ""late_rescue_winner"": 0.4195309120086469, ""slow_grind_winner"": 0.0, ""smooth_trend_winner"": 0.008902700646889904, ""stair_step_winner"": 0.17028693323530408}",late_rescue_winner,choppy_reversal_winner,0.6324572413925418,0.030236140263702794,0.005128205128205128,0.15384615384615385
up100pct,train,up100pct::SZ300766::000000,106,"{""choppy_reversal_winner"": 0.35175501077580273, ""jump_repricing_winner"": 0.01205749029358511, ""late_rescue_winner"": 0.5426344199853392, ""slow_grind_winner"": 0.0, ""smooth_trend_winner"": 0.007139997648319878, ""stair_step_winner"": 0.08641308129695308}",late_rescue_winner,choppy_reversal_winner,0.5577719842346173,0.009783646283898507,0.18867924528301888,0.0
up100pct,train,up100pct::SZ300770::000000,51,"{""choppy_reversal_winner"": 0.14366600447047462, ""jump_repricing_winner"": 0.1799152528020747, ""late_rescue_winner"": 0.07619426853169248, ""slow_grind_winner"": 0.0, ""smooth_trend_winner"": 0.19195723668065984, ""stair_step_winner"": 0.40826723751509847}",stair_step_winner,smooth_trend_winner,0.8182316913019804,0.08689865928314046,0.0,0.0
up100pct,train,up100pct::SZ300777::000000,84,"{""choppy_reversal_winner"": 0.3624913938687794, ""jump_repricing_winner"": 0.02655254865617868, ""late_rescue_winner"": 0.2731967174292456, ""slow_grind_winner"": 0.0, ""smooth_trend_winner"": 0.018969332060886034, ""stair_step_winner"": 0.3187900079849103}",choppy_reversal_winner,stair_step_winner,0.7022924915578312,0.05124440563273861,0.0,0.5833333333333334
up100pct,robustness,up100pct::SZ300782::000000,43,"{""choppy_reversal_winner"": 0.21464648812580858, ""jump_repricing_winner"": 0.08263557831208837, ""late_rescue_winner"": 0.11959509997030007, ""slow_grind_winner"": 0.0, ""smooth_trend_winner"": 0.05617000718389961, ""stair_step_winner"": 0.5269528264079034}",stair_step_winner,choppy_reversal_winner,0.7197548526205952,0.0345175500417536,0.0,0.0
up100pct,train,up100pct::SZ300821::000000,201,"{""choppy_reversal_winner"": 0.2341815074954677, ""jump_repricing_winner"": 0.17557395204480816, ""late_rescue_winner"": 0.15130764881082318, ""slow_grind_winner"": 0.0, ""smooth_trend_winner"": 0.17317337221241566, ""stair_step_winner"": 0.2657635194364853}",stair_step_winner,choppy_reversal_winner,0.8856999246811883,0.1410475577466831,0.0845771144278607,0.0945273631840796
up100pct,robustness,up100pct::SZ300857::000000,200,"{""choppy_reversal_winner"": 0.16003041422854114, ""jump_repricing_winner"": 0.17472110884971329, ""late_rescue_winner"": 0.10337793320839651, ""slow_grind_winner"": 0.0, ""smooth_trend_winner"": 0.20440592556816398, ""stair_step_winner"": 0.3574646181451851}",stair_step_winner,smooth_trend_winner,0.8510672671981636,0.11709780548365957,0.135,0.065
up100pct,robustness,up100pct::SZ300870::000000,10,"{""choppy_reversal_winner"": 0.2483006792983146, ""jump_repricing_winner"": 0.06395237591566003, ""late_rescue_winner"": 0.14996919179265217, ""slow_grind_winner"": 0.0, ""smooth_trend_winner"": 0.04861213495119478, ""stair_step_winner"": 0.4891656180421785}",stair_step_winner,choppy_reversal_winner,0.7272591720766646,0.012269434022132314,0.0,0.6
up100pct,robustness,up100pct::SZ300888::000000,1,"{""choppy_reversal_winner"": 0.15376481767693942, ""jump_repricing_winner"": 0.0861580814634589, ""late_rescue_winner"": 0.07683968542639939, ""slow_grind_winner"": 0.0, ""smooth_trend_winner"": 0.05322724207935725, ""stair_step_winner"": 0.630010173353845}",stair_step_winner,choppy_reversal_winner,0.6381977116036377,0.0,0.0,0.0
up100pct,train,up100pct::SZ300896::000000,15,"{""choppy_reversal_winner"": 0.19861723989685062, ""jump_repricing_winner"": 0.1786839151168941, ""late_rescue_winner"": 0.11333724401113285, ""slow_grind_winner"": 0.0, ""smooth_trend_winner"": 0.1767118807985336, ""stair_step_winner"": 0.3326497201765887}",stair_step_winner,choppy_reversal_winner,0.8639309582402537,0.10236453596071211,0.2,0.0
up100pct,robustness,up100pct::SZ300919::000000,40,"{""choppy_reversal_winner"": 0.21375053495464913, ""jump_repricing_winner"": 0.054140498261418604, ""late_rescue_winner"": 0.14829530882434636, ""slow_grind_winner"": 0.0, ""smooth_trend_winner"": 0.04609289524892591, ""stair_step_winner"": 0.5377207627106599}",stair_step_winner,choppy_reversal_winner,0.6954952821770152,0.046278848019667175,0.0,0.0
up100pct,robustness,up100pct::SZ300953::000000,5,"{""choppy_reversal_winner"": 0.21047250420585253, ""jump_repricing_winner"": 0.041921903875654996, ""late_rescue_winner"": 0.13238901614448548, ""slow_grind_winner"": 0.0, ""smooth_trend_winner"": 0.030431496953938975, ""stair_step_winner"": 0.5847850788200679}",stair_step_winner,choppy_reversal_winner,0.6410934330313078,0.008174602375455127,0.0,0.0
up100pct,validation,up100pct::SZ301205::000000,3,"{""choppy_reversal_winner"": 0.37493950936400533, ""jump_repricing_winner"": 0.014840511609456918, ""late_rescue_winner"": 0.4452362973659529, ""slow_grind_winner"": 0.0, ""smooth_trend_winner"": 0.009751761757713166, ""stair_step_winner"": 0.15523191990287166}",late_rescue_winner,choppy_reversal_winner,0.6278100790235952,0.00857124481189468,0.0,0.0
up100pct,robustness,up100pct::SZ301217::000000,42,"{""choppy_reversal_winner"": 0.18914251088299716, ""jump_repricing_winner"": 0.09583273172795555, ""late_rescue_winner"": 0.10943898404283252, ""slow_grind_winner"": 0.0, ""smooth_trend_winner"": 0.0625068753932231, ""stair_step_winner"": 0.5430788979529917}",stair_step_winner,choppy_reversal_winner,0.7181115482257726,0.019960370480312243,0.0,0.0
up100pct,robustness,up100pct::SZ301269::000000,9,"{""choppy_reversal_winner"": 0.13626902948791744, ""jump_repricing_winner"": 0.3056480380562204, ""late_rescue_winner"": 0.07754580273283546, ""slow_grind_winner"": 0.0, ""smooth_trend_winner"": 0.131114272657204, ""stair_step_winner"": 0.34942285706582266}",stair_step_winner,jump_repricing_winner,0.8181675836610854,0.0324082393782984,0.0,0.0
up100pct,robustness,up100pct::SZ301377::000000,37,"{""choppy_reversal_winner"": 0.07400475735849679, ""jump_repricing_winner"": 0.33799044607951456, ""late_rescue_winner"": 0.04403138291473048, ""slow_grind_winner"": 0.0, ""smooth_trend_winner"": 0.2924295156320996, ""stair_step_winner"": 0.2515438980151586}",jump_repricing_winner,smooth_trend_winner,0.7833259855492168,0.07993284205727737,0.0,0.08108108108108109
up100pct,robustness,up100pct::SZ301511::000000,5,"{""choppy_reversal_winner"": 0.3157461481822112, ""jump_repricing_winner"": 0.0671212430870407, ""late_rescue_winner"": 0.20453980168485786, ""slow_grind_winner"": 0.0, ""smooth_trend_winner"": 0.03898146231506148, ""stair_step_winner"": 0.3736113447308287}",stair_step_winner,choppy_reversal_winner,0.7613907823050163,0.009354934010826873,0.0,0.0
up100pct,robustness,up100pct::SZ301526::000000,59,"{""choppy_reversal_winner"": 0.2699515061785836, ""jump_repricing_winner"": 0.11473696139072077, ""late_rescue_winner"": 0.1884363358866621, ""slow_grind_winner"": 0.0, ""smooth_trend_winner"": 0.08008600726034773, ""stair_step_winner"": 0.34678918928368585}",stair_step_winner,choppy_reversal_winner,0.8292827785556027,0.07261741942453036,0.0,0.2033898305084746
up100pct,robustness,up100pct::SZ301536::000000,10,"{""choppy_reversal_winner"": 0.03684852044917621, ""jump_repricing_winner"": 0.41001667664126396, ""late_rescue_winner"": 0.020986827841542946, ""slow_grind_winner"": 0.0, ""smooth_trend_winner"": 0.40101905588598524, ""stair_step_winner"": 0.1311289191820317}",jump_repricing_winner,smooth_trend_winner,0.6703501205400835,0.07069173810783852,0.2,0.2
up100pct,robustness,up100pct::SZ301611::000000,174,"{""choppy_reversal_winner"": 0.14677321543803232, ""jump_repricing_winner"": 0.30027424966046273, ""late_rescue_winner"": 0.09958143084486874, ""slow_grind_winner"": 0.0, ""smooth_trend_winner"": 0.16930124608464397, ""stair_step_winner"": 0.28406985797199213}",jump_repricing_winner,stair_step_winner,0.8543568599135324,0.10275415314873211,0.07471264367816093,0.1206896551724138
up150pct,train,up150pct::SH600010::000000,305,"{""choppy_reversal_winner"": 0.2630769032242781, ""jump_repricing_winner"": 0.06953772570081627, ""late_rescue_winner"": 0.17212901321022095, ""slow_grind_winner"": 0.0, ""smooth_trend_winner"": 0.0790330887694493, ""stair_step_winner"": 0.4162232690952353}",stair_step_winner,choppy_reversal_winner,0.7841132051020648,0.0886349327917888,0.0,0.02622950819672131
up150pct,train,up150pct::SH600019::000000,90,"{""choppy_reversal_winner"": 0.24919238690244194, ""jump_repricing_winner"": 0.048400655524456125, ""late_rescue_winner"": 0.1772314328832272, ""slow_grind_winner"": 0.0, ""smooth_trend_winner"": 0.041824047012119454, ""stair_step_winner"": 0.4833514776777552}",stair_step_winner,choppy_reversal_winner,0.7164219875471284,0.013469308759042418,0.0,0.6444444444444445
up150pct,train,up150pct::SH600056::000000,88,"{""choppy_reversal_winner"": 0.3524739304553986, ""jump_repricing_winner"": 0.033171736615888285, ""late_rescue_winner"": 0.3839709740341053, ""slow_grind_winner"": 0.0, ""smooth_trend_winner"": 0.026807218172858114, ""stair_step_winner"": 0.20357614072174962}",late_rescue_winner,choppy_reversal_winner,0.7083107246431364,0.03368482874977477,0.0,0.14772727272727273
up150pct,train,up150pct::SH600062::000000,14,"{""choppy_reversal_winner"": 0.34919809168719035, ""jump_repricing_winner"": 0.026340110128142795, ""late_rescue_winner"": 0.3394896435612666, ""slow_grind_winner"": 0.0, ""smooth_trend_winner"": 0.018647086817322554, ""stair_step_winner"": 0.2663250678060778}",choppy_reversal_winner,late_rescue_winner,0.7012959461015429,0.013648319632245094,0.0,0.2857142857142857
up150pct,train,up150pct::SH600132::000000,233,"{""choppy_reversal_winner"": 0.2490986668547684, ""jump_repricing_winner"": 0.06223568870722784, ""late_rescue_winner"": 0.171293699295754, ""slow_grind_winner"": 0.0, ""smooth_trend_winner"": 0.05678221053613821, ""stair_step_winner"": 0.46058973460611147}",stair_step_winner,choppy_reversal_winner,0.7485494764794323,0.03723193502118944,0.0,0.7124463519313304
up150pct,train,up150pct::SH600143::000000,163,"{""choppy_reversal_winner"": 0.273753010456751, ""jump_repricing_winner"": 0.04779400870951653, ""late_rescue_winner"": 0.19605771068447586, ""slow_grind_winner"": 0.0, ""smooth_trend_winner"": 0.03991942284540577, ""stair_step_winner"": 0.4424758473038508}",stair_step_winner,choppy_reversal_winner,0.7304512423886302,0.04008808291805975,0.0,0.39263803680981596
up150pct,train,up150pct::SH600161::000000,80,"{""choppy_reversal_winner"": 0.2654987530303522, ""jump_repricing_winner"": 0.042312184673278554, ""late_rescue_winner"": 0.17722768027450703, ""slow_grind_winner"": 0.0, ""smooth_trend_winner"": 0.03432937229695342, ""stair_step_winner"": 0.48063200972490894}",stair_step_winner,choppy_reversal_winner,0.7034745832853816,0.025675170011644235,0.0,0.575
up150pct,train,up150pct::SH600166::000000,3,"{""choppy_reversal_winner"": 0.4238598231124487, ""jump_repricing_winner"": 0.015013113627405796, ""late_rescue_winner"": 0.3494865622220626, ""slow_grind_winner"": 0.0, ""smooth_trend_winner"": 0.009733935617663829, ""stair_step_winner"": 0.20190656542041915}",choppy_reversal_winner,late_rescue_winner,0.6487476967065461,0.0005119920824666662,0.0,0.0
up150pct,train,up150pct::SH600185::000000,2,"{""choppy_reversal_winner"": 0.3628691615100183, ""jump_repricing_winner"": 0.024962468170203915, ""late_rescue_winner"": 0.4099428588150683, ""slow_grind_winner"": 0.0, ""smooth_trend_winner"": 0.01607708007293819, ""stair_step_winner"": 0.1861484314317712}",late_rescue_winner,choppy_reversal_winner,0.6724599800111773,0.0018457508894794644,0.0,0.0
up150pct,train,up150pct::SH600196::000000,199,"{""choppy_reversal_winner"": 0.2660384485462103, ""jump_repricing_winner"": 0.07413279214821393, ""late_rescue_winner"": 0.16762795036596764, ""slow_grind_winner"": 0.0, ""smooth_trend_winner"": 0.08668575486831706, ""stair_step_winner"": 0.405515054071291}",stair_step_winner,choppy_reversal_winner,0.7939346941354261,0.09133064307036938,0.05527638190954774,0.24623115577889448
up150pct,train,up150pct::SH600298::000000,96,"{""choppy_reversal_winner"": 0.2102094197069058, ""jump_repricing_winner"": 0.07642119852856982, ""late_rescue_winner"": 0.13244635262114016, ""slow_grind_winner"": 0.0, ""smooth_trend_winner"": 0.07737156151832415, ""stair_step_winner"": 0.50355146762506}",stair_step_winner,choppy_reversal_winner,0.7454104497156658,0.04845959935522746,0.0,0.125
up150pct,train,up150pct::SH600309::000000,203,"{""choppy_reversal_winner"": 0.24692161984438238, ""jump_repricing_winner"": 0.05371144273148081, ""late_rescue_winner"": 0.17033960232527248, ""slow_grind_winner"": 0.0, ""smooth_trend_winner"": 0.0487027040360063, ""stair_step_winner"": 0.480324631062858}",stair_step_winner,choppy_reversal_winner,0.7273958449084807,0.04386420914213778,0.0,0.09852216748768473
up150pct,train,up150pct::SH600315::000000,1,"{""choppy_reversal_winner"": 0.3492672901947015, ""jump_repricing_winner"": 0.02696318484930605, ""late_rescue_winner"": 0.22860614597053905, ""slow_grind_winner"": 0.0, ""smooth_trend_winner"": 0.019088957251845177, ""stair_step_winner"": 0.3760744217336084}",stair_step_winner,choppy_reversal_winner,0.695153525021321,0.0,0.0,0.0
up150pct,train,up150pct::SH600338::000000,60,"{""choppy_reversal_winner"": 0.3804491567047385, ""jump_repricing_winner"": 0.00961536095020016, ""late_rescue_winner"": 0.5144648230245294, ""slow_grind_winner"": 0.0, ""smooth_trend_winner"": 0.005838488008886055, ""stair_step_winner"": 0.0896321713116457}",late_rescue_winner,choppy_reversal_winner,0.5583773295540533,0.008376672620006019,0.0,0.0
up150pct,train,up150pct::SH600346::000000,254,"{""choppy_reversal_winner"": 0.2370122970469158, ""jump_repricing_winner"": 0.07566773924042931, ""late_rescue_winner"": 0.15855637783886942, ""slow_grind_winner"": 0.0, ""smooth_trend_winner"": 0.0715847546601545, ""stair_step_winner"": 0.457178831213631}",stair_step_winner,choppy_reversal_winner,0.7674755714672805,0.06444714702278016,0.0,0.14173228346456693
up150pct,train,up150pct::SH600352::000000,12,"{""choppy_reversal_winner"": 0.012515216352402587, ""jump_repricing_winner"": 0.26671992179308707, ""late_rescue_winner"": 0.008735075359939035, ""slow_grind_winner"": 0.0, ""smooth_trend_winner"": 0.6701340876733246, ""stair_step_winner"": 0.04189569882124675}",smooth_trend_winner,jump_repricing_winner,0.4743251953092052,0.00235690976336023,1.0,0.0
up150pct,train,up150pct::SH600399::000000,11,"{""choppy_reversal_winner"": 0.3022945255294973, ""jump_repricing_winner"": 0.047829962938836235, ""late_rescue_winner"": 0.19739616554314884, ""slow_grind_winner"": 0.0, ""smooth_trend_winner"": 0.0368987644443412, ""stair_step_winner"": 0.41558058154417643}",stair_step_winner,choppy_reversal_winner,0.7333604910070203,0.004378026232192328,0.0,0.9090909090909091
up150pct,train,up150pct::SH600409::000000,19,"{""choppy_reversal_winner"": 0.4077944465262008, ""jump_repricing_winner"": 0.017010207045148548, ""late_rescue_winner"": 0.3632508969735229, ""slow_grind_winner"": 0.0, ""smooth_trend_winner"": 0.011775665967943435, ""stair_step_winner"": 0.20016878348718437}",choppy_reversal_winner,late_rescue_winner,0.6570255502154903,0.014690310158549297,0.0,0.15789473684210525
up150pct,train,up150pct::SH600410::000000,1,"{""choppy_reversal_winner"": 0.3535711635504454, ""jump_repricing_winner"": 0.00909996134991779, ""late_rescue_winner"": 0.5352906679760199, ""slow_grind_winner"": 0.0, ""smooth_trend_winner"": 0.005737783594214681, ""stair_step_winner"": 0.09630042352940225}",late_rescue_winner,choppy_reversal_winner,0.5580387136879594,0.0,0.0,0.0
up150pct,train,up150pct::SH600435::000000,2,"{""choppy_reversal_winner"": 0.3607411813656334, ""jump_repricing_winner"": 0.01029287648199752, ""late_rescue_winner"": 0.4663186852484761, ""slow_grind_winner"": 0.0, ""smooth_trend_winner"": 0.0071094032863389285, ""stair_step_winner"": 0.15553785361755412}",late_rescue_winner,choppy_reversal_winner,0.61127718641887,0.00023509783559765357,0.0,0.0
up150pct,train,up150pct::SH600436::000000,229,"{""choppy_reversal_winner"": 0.20551782653730846, ""jump_repricing_winner"": 0.08107139356357668, ""late_rescue_winner"": 0.13291590786732996, ""slow_grind_winner"": 0.0, ""smooth_trend_winner"": 0.07285413412540767, ""stair_step_winner"": 0.5076407379063772}",stair_step_winner,choppy_reversal_winner,0.743452264483701,0.06259068522659571,0.0,0.0
up150pct,train,up150pct::SH600460::000000,331,"{""choppy_reversal_winner"": 0.2934261632184345, ""jump_repricing_winner"": 0.047927914947634175, ""late_rescue_winner"": 0.22181081173905887, ""slow_grind_winner"": 0.0, ""smooth_trend_winner"": 0.04225595203421318, ""stair_step_winner"": 0.39457915806065924}",stair_step_winner,choppy_reversal_winner,0.7478957147796123,0.057468546323365115,0.0,0.6525679758308157
up150pct,train,up150pct::SH600486::000000,152,"{""choppy_reversal_winner"": 0.2569496766764424, ""jump_repricing_winner"": 0.043782762253759544, ""late_rescue_winner"": 0.20256563565214497, ""slow_grind_winner"": 0.0, ""smooth_trend_winner"": 0.039571959324696045, ""stair_step_winner"": 0.45712996609295703}",stair_step_winner,choppy_reversal_winner,0.7228709830871933,0.043190295390206086,0.0,0.26973684210526316
up150pct,robustness,up150pct::SH600498::000000,6,"{""choppy_reversal_winner"": 0.2650798593483403, ""jump_repricing_winner"": 0.039691609716120464, ""late_rescue_winner"": 0.18637861986536608, ""slow_grind_winner"": 0.0, ""smooth_trend_winner"": 0.030926236927274628, ""stair_step_winner"": 0.4779236741428985}",stair_step_winner,choppy_reversal_winner,0.6995867874687363,0.012205348154744252,0.0,0.0
up150pct,train,up150pct::SH600499::000000,17,"{""choppy_reversal_winner"": 0.3732150339755847, ""jump_repricing_winner"": 0.017656822159931737, ""late_rescue_winner"": 0.4161377243765138, ""slow_grind_winner"": 0.0, ""smooth_trend_winner"": 0.012121948244103462, ""stair_step_winner"": 0.18086847124386626}",late_rescue_winner,choppy_reversal_winner,0.651165864649965,0.005274696565580067,0.0,0.7647058823529411
up150pct,train,up150pct::SH600511::000000,51,"{""choppy_reversal_winner"": 0.31150613427029555, ""jump_repricing_winner"": 0.026779506445694937, ""late_rescue_winner"": 0.1911973559528542, ""slow_grind_winner"": 0.0, ""smooth_trend_winner"": 0.019596447624204243, ""stair_step_winner"": 0.45092055570695116}",stair_step_winner,choppy_reversal_winner,0.6768740110346071,0.019977663013285213,0.0,0.0
up150pct,train,up150pct::SH600515::000000,79,"{""choppy_reversal_winner"": 0.41205216170627085, ""jump_repricing_winner"": 0.023389220840893475, ""late_rescue_winner"": 0.2609395458285507, ""slow_grind_winner"": 0.0, ""smooth_trend_winner"": 0.015420723836609593, ""stair_step_winner"": 0.2881983477876753}",choppy_reversal_winner,stair_step_winner,0.6845864476458884,0.015343694827434765,0.0,0.0
up150pct,train,up150pct::SH600519::000000,87,"{""choppy_reversal_winner"": 0.26101890226979446, ""jump_repricing_winner"": 0.040984407325542316, ""late_rescue_winner"": 0.2015713626403044, ""slow_grind_winner"": 0.0, ""smooth_trend_winner"": 0.03704746787789023, ""stair_step_winner"": 0.4593778598864685}",stair_step_winner,choppy_reversal_winner,0.7164973930526106,0.031631964340771236,0.0,0.42528735632183906
up150pct,train,up150pct::SH600529::000000,44,"{""choppy_reversal_winner"": 0.15500848190850158, ""jump_repricing_winner"": 0.09894341317356661, ""late_rescue_winner"": 0.09046505571953091, ""slow_grind_winner"": 0.0, ""smooth_trend_winner"": 0.09806649741056493, ""stair_step_winner"": 0.557516551787836}",stair_step_winner,choppy_reversal_winner,0.7192267184174231,0.01574845484947036,0.0,0.0
up150pct,train,up150pct::SH600536::000000,23,"{""choppy_reversal_winner"": 0.2824436228769009, ""jump_repricing_winner"": 0.060966857913585464, ""late_rescue_winner"": 0.1762086559969804, ""slow_grind_winner"": 0.0, ""smooth_trend_winner"": 0.08520787424762764, ""stair_step_winner"": 0.3951729889649056}",stair_step_winner,choppy_reversal_winner,0.7870920904946589,0.08495905897788035,0.08695652173913043,0.0
up150pct,train,up150pct::SH600563::000000,41,"{""choppy_reversal_winner"": 0.2107596030829584, ""jump_repricing_winner"": 0.04894458839484182, ""late_rescue_winner"": 0.12642102510567663, ""slow_grind_winner"": 0.0, ""smooth_trend_winner"": 0.042231537071897515, ""stair_step_winner"": 0.5716432463446256}",stair_step_winner,choppy_reversal_winner,0.6644959703702952,0.014586527821096236,0.0,0.04878048780487805
up150pct,train,up150pct::SH600570::000000,36,"{""choppy_reversal_winner"": 0.3004615904266626, ""jump_repricing_winner"": 0.03489266981126855, ""late_rescue_winner"": 0.23419394285145373, ""slow_grind_winner"": 0.0, ""smooth_trend_winner"": 0.029326639977764222, ""stair_step_winner"": 0.4011251569328509}",stair_step_winner,choppy_reversal_winner,0.7189839690651203,0.028177860551832527,0.0,0.6388888888888888
up150pct,train,up150pct::SH600596::000000,1,"{""choppy_reversal_winner"": 0.3239249142637288, ""jump_repricing_winner"": 0.008585783729771472, ""late_rescue_winner"": 0.5694920353461037, ""slow_grind_winner"": 0.0, ""smooth_trend_winner"": 0.0055649916938118014, ""stair_step_winner"": 0.09243227496658424}",late_rescue_winner,choppy_reversal_winner,0.5445020712915342,0.0,0.0,0.0
up150pct,train,up150pct::SH600598::000000,37,"{""choppy_reversal_winner"": 0.31485667421886915, ""jump_repricing_winner"": 0.03736403743877401, ""late_rescue_winner"": 0.22874344278044037, ""slow_grind_winner"": 0.0, ""smooth_trend_winner"": 0.028634017783849164, ""stair_step_winner"": 0.3904018277780672}",stair_step_winner,choppy_reversal_winner,0.7216673743067776,0.01934173161317097,0.0,0.9459459459459459
up150pct,train,up150pct::SH600604::000000,19,"{""choppy_reversal_winner"": 0.30904573189250195, ""jump_repricing_winner"": 0.10120120873227377, ""late_rescue_winner"": 0.23980394561103105, ""slow_grind_winner"": 0.0, ""smooth_trend_winner"": 0.2392044098296894, ""stair_step_winner"": 0.1107447039345038}",choppy_reversal_winner,late_rescue_winner,0.8500056041644349,0.1385972145148988,0.05263157894736842,0.2631578947368421
up150pct,train,up150pct::SH600641::000000,3,"{""choppy_reversal_winner"": 0.3938995187974021, ""jump_repricing_winner"": 0.012423652042105585, ""late_rescue_winner"": 0.44215108260129954, ""slow_grind_winner"": 0.0, ""smooth_trend_winner"": 0.008095692431298672, ""stair_step_winner"": 0.14343005412789414}",late_rescue_winner,choppy_reversal_winner,0.6138426705441469,0.007701598822896249,0.0,0.0
up150pct,train,up150pct::SH600667::000000,11,"{""choppy_reversal_winner"": 0.3244685743243265, ""jump_repricing_winner"": 0.03203402267478249, ""late_rescue_winner"": 0.16814245758066376, ""slow_grind_winner"": 0.0, ""smooth_trend_winner"": 0.0208180034111839, ""stair_step_winner"": 0.45453694200904327}",stair_step_winner,choppy_reversal_winner,0.6776717181805332,0.002736899712331302,0.0,0.0
up150pct,train,up150pct::SH600685::000000,157,"{""choppy_reversal_winner"": 0.19677903337556052, ""jump_repricing_winner"": 0.15847698451611375, ""late_rescue_winner"": 0.14070844896650267, ""slow_grind_winner"": 0.0, ""smooth_trend_winner"": 0.2139679398290997, ""stair_step_winner"": 0.2900675933127234}",stair_step_winner,smooth_trend_winner,0.8799717585445543,0.12812006188071723,0.12101910828025478,0.06369426751592357
up150pct,train,up150pct::SH600702::000000,59,"{""choppy_reversal_winner"": 0.16475983520487, ""jump_repricing_winner"": 0.14419865993324513, ""late_rescue_winner"": 0.10907740632665519, ""slow_grind_winner"": 0.0, ""smooth_trend_winner"": 0.18560136687383003, ""stair_step_winner"": 0.3963627316613996}",stair_step_winner,smooth_trend_winner,0.8357280976281162,0.06471147133118373,0.0,0.2542372881355932
up150pct,train,up150pct::SH600703::000000,100,"{""choppy_reversal_winner"": 0.35730586558621413, ""jump_repricing_winner"": 0.026113253500060097, ""late_rescue_winner"": 0.26903915551780533, ""slow_grind_winner"": 0.0, ""smooth_trend_winner"": 0.02051561179730098, ""stair_step_winner"": 0.32702611359861933}",choppy_reversal_winner,stair_step_winner,0.7039982093330316,0.04299325898212721,0.0,0.23
up150pct,train,up150pct::SH600704::000000,173,"{""choppy_reversal_winner"": 0.166770757191903, ""jump_repricing_winner"": 0.16355315445665067, ""late_rescue_winner"": 0.10132270336602434, ""slow_grind_winner"": 0.0, ""smooth_trend_winner"": 0.15286829021159226, ""stair_step_winner"": 0.4154850947738297}",stair_step_winner,choppy_reversal_winner,0.8253629653419751,0.07574758830851332,0.005780346820809248,0.14450867052023122
up150pct,train,up150pct::SH600707::000000,55,"{""choppy_reversal_winner"": 0.3902825559060127, ""jump_repricing_winner"": 0.021220107819117602, ""late_rescue_winner"": 0.2642390866837914, ""slow_grind_winner"": 0.0, ""smooth_trend_winner"": 0.01526757747780411, ""stair_step_winner"": 0.3089906721132742}",choppy_reversal_winner,stair_step_winner,0.6850168426167875,0.029401976890882975,0.0,0.01818181818181818
up150pct,train,up150pct::SH600733::000000,204,"{""choppy_reversal_winner"": 0.28128990752005995, ""jump_repricing_winner"": 0.03677875380604031, ""late_rescue_winner"": 0.17686476831756973, ""slow_grind_winner"": 0.0, ""smooth_trend_winner"": 0.02767055464697503, ""stair_step_winner"": 0.477396015709355}",stair_step_winner,choppy_reversal_winner,0.6903296630631832,0.045544295073167956,0.0,0.09803921568627451
up150pct,train,up150pct::SH600739::000000,10,"{""choppy_reversal_winner"": 0.30520132731755695, ""jump_repricing_winner"": 0.034661397254650075, ""late_rescue_winner"": 0.189445250640185, ""slow_grind_winner"": 0.0, ""smooth_trend_winner"": 0.024802385078226744, ""stair_step_winner"": 0.4458896397093812}",stair_step_winner,choppy_reversal_winner,0.6952625601257679,0.005949492071234644,0.0,0.4
up150pct,train,up150pct::SH600740::000000,8,"{""choppy_reversal_winner"": 0.4216176302789048, ""jump_repricing_winner"": 0.014059111271925658, ""late_rescue_winner"": 0.4391861410172148, ""slow_grind_winner"": 0.0, ""smooth_trend_winner"": 0.008218562856383399, ""stair_step_winner"": 0.11691855457557129}",late_rescue_winner,choppy_reversal_winner,0.600451135003066,0.0007494304615524792,0.0,0.0
up150pct,train,up150pct::SH600763::000000,212,"{""choppy_reversal_winner"": 0.23703817160669619, ""jump_repricing_winner"": 0.05843742550784725, ""late_rescue_winner"": 0.16080752746709767, ""slow_grind_winner"": 0.0, ""smooth_trend_winner"": 0.05626123541707289, ""stair_step_winner"": 0.487455640001286}",stair_step_winner,choppy_reversal_winner,0.7329266694458251,0.0244083350923016,0.0,0.5707547169811321
up150pct,train,up150pct::SH600765::000000,1,"{""choppy_reversal_winner"": 0.25143951392071534, ""jump_repricing_winner"": 0.05169239922217218, ""late_rescue_winner"": 0.18975266165392848, ""slow_grind_winner"": 0.0, ""smooth_trend_winner"": 0.046257250174521765, ""stair_step_winner"": 0.46085817502866233}",stair_step_winner,choppy_reversal_winner,0.7338154481200261,0.0,0.0,1.0
up150pct,train,up150pct::SH600776::000000,3,"{""choppy_reversal_winner"": 0.026993718316904627, ""jump_repricing_winner"": 0.2628880060955237, ""late_rescue_winner"": 0.02661583843432565, ""slow_grind_winner"": 0.0, ""smooth_trend_winner"": 0.611289141910934, ""stair_step_winner"": 0.07221329524231203}",smooth_trend_winner,jump_repricing_winner,0.5781468198742881,0.004005774872470379,0.0,1.0
up150pct,train,up150pct::SH600779::000000,229,"{""choppy_reversal_winner"": 0.364262509208895, ""jump_repricing_winner"": 0.023753386317809624, ""late_rescue_winner"": 0.2558674195573387, ""slow_grind_winner"": 0.0, ""smooth_trend_winner"": 0.016897600145306335, ""stair_step_winner"": 0.33921908477065027}",choppy_reversal_winner,stair_step_winner,0.6927027541945661,0.02702146219830656,0.0,0.013100436681222707
up150pct,train,up150pct::SH600782::000000,35,"{""choppy_reversal_winner"": 0.3219156504687856, ""jump_repricing_winner"": 0.03902634241809421, ""late_rescue_winner"": 0.26130446901314586, ""slow_grind_winner"": 0.0, ""smooth_trend_winner"": 0.03015938660539438, ""stair_step_winner"": 0.34759415149457984}",stair_step_winner,choppy_reversal_winner,0.7339473205225254,0.003212220596439245,0.0,1.0
up150pct,train,up150pct::SH600783::000000,1,"{""choppy_reversal_winner"": 0.2817717049766302, ""jump_repricing_winner"": 0.014080364241661045, ""late_rescue_winner"": 0.590873516897547, ""slow_grind_winner"": 0.0, ""smooth_trend_winner"": 0.010080478500734421, ""stair_step_winner"": 0.10319393538342737}",late_rescue_winner,choppy_reversal_winner,0.5628727705198954,0.0,0.0,0.0
up150pct,train,up150pct::SH600808::000000,167,"{""choppy_reversal_winner"": 0.24523904877216487, ""jump_repricing_winner"": 0.042627804064601676, ""late_rescue_winner"": 0.15422595349147522, ""slow_grind_winner"": 0.0, ""smooth_trend_winner"": 0.034365892680886606, ""stair_step_winner"": 0.5235413009908715}",stair_step_winner,choppy_reversal_winner,0.6820844872095514,0.03179710292642429,0.0,0.005988023952095809
up150pct,train,up150pct::SH600809::000000,256,"{""choppy_reversal_winner"": 0.18333053087632564, ""jump_repricing_winner"": 0.10231764264388854, ""late_rescue_winner"": 0.12239024570997734, ""slow_grind_winner"": 0.0, ""smooth_trend_winner"": 0.12161542278672464, ""stair_step_winner"": 0.4703461579830838}",stair_step_winner,choppy_reversal_winner,0.7882511157588487,0.06923797146447454,0.0,0.39453125
up150pct,train,up150pct::SH600827::000000,67,"{""choppy_reversal_winner"": 0.28152884547398666, ""jump_repricing_winner"": 0.09516802395940734, ""late_rescue_winner"": 0.20681555155394502, ""slow_grind_winner"": 0.0, ""smooth_trend_winner"": 0.1287216131457448, ""stair_step_winner"": 0.28776596586691633}",stair_step_winner,choppy_reversal_winner,0.8533242731001653,0.09954065815874191,0.04477611940298507,0.16417910447761194
up150pct,train,up150pct::SH600835::000000,16,"{""choppy_reversal_winner"": 0.3652708583746137, ""jump_repricing_winner"": 0.019276617920426474, ""late_rescue_winner"": 0.4111798539947076, ""slow_grind_winner"": 0.0, ""smooth_trend_winner"": 0.01340641698342066, ""stair_step_winner"": 0.19086625272683155}",late_rescue_winner,choppy_reversal_winner,0.6604316136504453,0.003659131280885387,0.0,1.0
up150pct,train,up150pct::SH600859::000000,30,"{""choppy_reversal_winner"": 0.2431435464921611, ""jump_repricing_winner"": 0.09555856044766887, ""late_rescue_winner"": 0.3351504585811709, ""slow_grind_winner"": 0.0, ""smooth_trend_winner"": 0.21939877606079825, ""stair_step_winner"": 0.10674865841820097}",late_rescue_winner,choppy_reversal_winner,0.840629619206675,0.1383084420939262,0.16666666666666666,0.1
up150pct,train,up150pct::SH600862::000000,97,"{""choppy_reversal_winner"": 0.18887565229714987, ""jump_repricing_winner"": 0.07961190170100785, ""late_rescue_winner"": 0.11855363441223356, ""slow_grind_winner"": 0.0, ""smooth_trend_winner"": 0.06837985011222425, ""stair_step_winner"": 0.5445789614773845}",stair_step_winner,choppy_reversal_winner,0.71631558177543,0.029380107975017347,0.0,0.15463917525773196
up150pct,train,up150pct::SH600869::000000,2,"{""choppy_reversal_winner"": 0.33444756961724953, ""jump_repricing_winner"": 0.01259257519523287, ""late_rescue_winner"": 0.5127557636945448, ""slow_grind_winner"": 0.0, ""smooth_trend_winner"": 0.008825725424523999, ""stair_step_winner"": 0.13137836606844883}",late_rescue_winner,choppy_reversal_winner,0.5984620020745486,0.00012878020488933098,0.0,0.0
up150pct,train,up150pct::SH600872::000000,50,"{""choppy_reversal_winner"": 0.30349689849830397, ""jump_repricing_winner"": 0.045436361171981875, ""late_rescue_winner"": 0.24718964801787852, ""slow_grind_winner"": 0.0, ""smooth_trend_winner"": 0.03816901973381708, ""stair_step_winner"": 0.36570807257801863}",stair_step_winner,choppy_reversal_winner,0.748060006456587,0.013234376554799593,0.0,1.0
up150pct,train,up150pct::SH600884::000000,206,"{""choppy_reversal_winner"": 0.2970679102843557, ""jump_repricing_winner"": 0.039160881526803734, ""late_rescue_winner"": 0.2357192339413923, ""slow_grind_winner"": 0.0, ""smooth_trend_winner"": 0.032173869383448316, ""stair_step_winner"": 0.395878104864}",stair_step_winner,choppy_reversal_winner,0.7286209946495932,0.06304430400477054,0.0048543689320388345,0.3883495145631068
up150pct,train,up150pct::SH600893::000000,220,"{""choppy_reversal_winner"": 0.27670041013332053, ""jump_repricing_winner"": 0.05485467330488765, ""late_rescue_winner"": 0.177542886685896, ""slow_grind_winner"": 0.0, ""smooth_trend_winner"": 0.042598275584927, ""stair_step_winner"": 0.44830375429096886}",stair_step_winner,choppy_reversal_winner,0.7343353263922735,0.05513278263150492,0.0,0.04090909090909091
up150pct,train,up150pct::SH600956::000000,48,"{""choppy_reversal_winner"": 0.30400956314310795, ""jump_repricing_winner"": 0.0542657540822234, ""late_rescue_winner"": 0.18976158680999125, ""slow_grind_winner"": 0.0, ""smooth_trend_winner"": 0.07772443303956954, ""stair_step_winner"": 0.3742386629251078}",stair_step_winner,choppy_reversal_winner,0.7823961361638085,0.08518691675062613,0.08333333333333333,0.22916666666666666
up150pct,robustness,up150pct::SH601061::000000,14,"{""choppy_reversal_winner"": 0.10942649193471199, ""jump_repricing_winner"": 0.1857366124618834, ""late_rescue_winner"": 0.07256110661776054, ""slow_grind_winner"": 0.0, ""smooth_trend_winner"": 0.2075091830720389, ""stair_step_winner"": 0.4247666059136052}",stair_step_winner,smooth_trend_winner,0.800971372378446,0.008598241155153643,0.0,0.0
up150pct,train,up150pct::SH601066::000000,56,"{""choppy_reversal_winner"": 0.2535227786654413, ""jump_repricing_winner"": 0.05801125345600135, ""late_rescue_winner"": 0.18248771411762968, ""slow_grind_winner"": 0.0, ""smooth_trend_winner"": 0.07705302056102156, ""stair_step_winner"": 0.42892523319990605}",stair_step_winner,choppy_reversal_winner,0.7724697323879677,0.09853597028471266,0.0,0.21428571428571427
up150pct,train,up150pct::SH601100::000000,217,"{""choppy_reversal_winner"": 0.2212895157203429, ""jump_repricing_winner"": 0.07419765797581797, ""late_rescue_winner"": 0.1527948903479473, ""slow_grind_winner"": 0.0, ""smooth_trend_winner"": 0.0755862121620038, ""stair_step_winner"": 0.47613172379388796}",stair_step_winner,choppy_reversal_winner,0.760328177191972,0.03561800509004384,0.0,0.8525345622119815
up150pct,train,up150pct::SH601106::000000,2,"{""choppy_reversal_winner"": 0.3660726760465809, ""jump_repricing_winner"": 0.010466621021792254, ""late_rescue_winner"": 0.48956390117508214, ""slow_grind_winner"": 0.0, ""smooth_trend_winner"": 0.006814689717585096, ""stair_step_winner"": 0.1270821120389596}",late_rescue_winner,choppy_reversal_winner,0.5923904625534921,0.011239948035164335,0.0,0.0
up150pct,train,up150pct::SH601117::000000,268,"{""choppy_reversal_winner"": 0.2748590677477056, ""jump_repricing_winner"": 0.05542950727872728, ""late_rescue_winner"": 0.18897691151117813, ""slow_grind_winner"": 0.0, ""smooth_trend_winner"": 0.048490342468466056, ""stair_step_winner"": 0.432244170993923}",stair_step_winner,choppy_reversal_winner,0.7475776982597562,0.06042504140289443,0.0,0.5223880597014925
up150pct,robustness,up150pct::SH601138::000000,199,"{""choppy_reversal_winner"": 0.2279413436639767, ""jump_repricing_winner"": 0.12526189013721295, ""late_rescue_winner"": 0.1769174699446553, ""slow_grind_winner"": 0.0, ""smooth_trend_winner"": 0.20100305397144244, ""stair_step_winner"": 0.26887624228271256}",stair_step_winner,choppy_reversal_winner,0.8814587918019526,0.12835246143082116,0.09045226130653267,0.005025125628140704
up150pct,train,up150pct::SH601139::000000,5,"{""choppy_reversal_winner"": 0.35002706948981877, ""jump_repricing_winner"": 0.02905423050566524, ""late_rescue_winner"": 0.2798343215518963, ""slow_grind_winner"": 0.0, ""smooth_trend_winner"": 0.020799279226603764, ""stair_step_winner"": 0.32028509922601583}",choppy_reversal_winner,stair_step_winner,0.7098308035972063,0.0026536601583987767,0.0,1.0
up150pct,train,up150pct::SH601216::000000,212,"{""choppy_reversal_winner"": 0.19755661267602836, ""jump_repricing_winner"": 0.16097269566024447, ""late_rescue_winner"": 0.15394586142634284, ""slow_grind_winner"": 0.0, ""smooth_trend_winner"": 0.22163086530469467, ""stair_step_winner"": 0.2658939649326897}",stair_step_winner,smooth_trend_winner,0.8866251008335001,0.11775884157098959,0.0660377358490566,0.2971698113207547
up150pct,robustness,up150pct::SH601231::000000,235,"{""choppy_reversal_winner"": 0.2675363436105763, ""jump_repricing_winner"": 0.051605391348474285, ""late_rescue_winner"": 0.19577057600374603, ""slow_grind_winner"": 0.0, ""smooth_trend_winner"": 0.0432320848210345, ""stair_step_winner"": 0.4418556042161687}",stair_step_winner,choppy_reversal_winner,0.7376388661233773,0.05303596523951617,0.0,0.49361702127659574
up150pct,train,up150pct::SH601233::000000,39,"{""choppy_reversal_winner"": 0.27881268049313485, ""jump_repricing_winner"": 0.05361493783154421, ""late_rescue_winner"": 0.19142844290271127, ""slow_grind_winner"": 0.0, ""smooth_trend_winner"": 0.04803086128196283, ""stair_step_winner"": 0.4281130774906469}",stair_step_winner,choppy_reversal_winner,0.7470140127371949,0.06793089166693599,0.0,0.05128205128205128
up150pct,validation,up150pct::SH601360::000000,63,"{""choppy_reversal_winner"": 0.11344719251246087, ""jump_repricing_winner"": 0.1807399965364917, ""late_rescue_winner"": 0.0651220889374157, ""slow_grind_winner"": 0.0, ""smooth_trend_winner"": 0.29624065755001927, ""stair_step_winner"": 0.34445006446361237}",stair_step_winner,smooth_trend_winner,0.815677815353261,0.10300473619403738,0.0,0.07936507936507936
up150pct,train,up150pct::SH601615::000000,2,"{""choppy_reversal_winner"": 0.11960254669411995, ""jump_repricing_winner"": 0.1731000187016066, ""late_rescue_winner"": 0.06793488352681935, ""slow_grind_winner"": 0.0, ""smooth_trend_winner"": 0.20235368811527255, ""stair_step_winner"": 0.4370088629621816}",stair_step_winner,smooth_trend_winner,0.7954969379249718,0.001174745282378815,0.0,1.0
up150pct,train,up150pct::SH601618::000000,53,"{""choppy_reversal_winner"": 0.249680056011276, ""jump_repricing_winner"": 0.041195351655907486, ""late_rescue_winner"": 0.16873054604498797, ""slow_grind_winner"": 0.0, ""smooth_trend_winner"": 0.031677226012365896, ""stair_step_winner"": 0.5087168202754627}",stair_step_winner,choppy_reversal_winner,0.6871823349242812,0.01323194357750293,0.0,0.03773584905660377
up150pct,train,up150pct::SH601669::000000,189,"{""choppy_reversal_winner"": 0.17946546519218923, ""jump_repricing_winner"": 0.1383071659812775, ""late_rescue_winner"": 0.10664594927683232, ""slow_grind_winner"": 0.0, ""smooth_trend_winner"": 0.19085624455791808, ""stair_step_winner"": 0.38472517499178277}",stair_step_winner,smooth_trend_winner,0.8395057972912601,0.11083693653191219,0.07936507936507936,0.010582010582010581
up150pct,train,up150pct::SH601788::000000,112,"{""choppy_reversal_winner"": 0.18059397000242533, ""jump_repricing_winner"": 0.1934244088277764, ""late_rescue_winner"": 0.10781031462612353, ""slow_grind_winner"": 0.0, ""smooth_trend_winner"": 0.24338351410122158, ""stair_step_winner"": 0.27478779244245316}",stair_step_winner,smooth_trend_winner,0.8739348716497141,0.11548233651690892,0.14285714285714285,0.13392857142857142
up150pct,train,up150pct::SH601799::000000,128,"{""choppy_reversal_winner"": 0.24139754139020925, ""jump_repricing_winner"": 0.05088968805514903, ""late_rescue_winner"": 0.16566916810204874, ""slow_grind_winner"": 0.0, ""smooth_trend_winner"": 0.045520888470345036, ""stair_step_winner"": 0.4965227139822479}",stair_step_winner,choppy_reversal_winner,0.7148046510952967,0.023240240829277226,0.0,0.453125
up150pct,train,up150pct::SH601866::000000,26,"{""choppy_reversal_winner"": 0.28872786846493753, ""jump_repricing_winner"": 0.03892101627149939, ""late_rescue_winner"": 0.22714104222704468, ""slow_grind_winner"": 0.0, ""smooth_trend_winner"": 0.03279437761606246, ""stair_step_winner"": 0.412415695420456}",stair_step_winner,choppy_reversal_winner,0.7250137274059547,0.01254706650366901,0.0,0.6538461538461539
up150pct,train,up150pct::SH601877::000000,152,"{""choppy_reversal_winner"": 0.32574739483954995, ""jump_repricing_winner"": 0.03098633040408465, ""late_rescue_winner"": 0.2490289812758901, ""slow_grind_winner"": 0.0, ""smooth_trend_winner"": 0.023441000507159002, ""stair_step_winner"": 0.37079629297331634}",stair_step_winner,choppy_reversal_winner,0.7116283988492209,0.015314125031878179,0.0,0.6513157894736842
up150pct,train,up150pct::SH601888::000000,211,"{""choppy_reversal_winner"": 0.24905206902266452, ""jump_repricing_winner"": 0.10452319125680765, ""late_rescue_winner"": 0.14552979278809317, ""slow_grind_winner"": 0.0, ""smooth_trend_winner"": 0.1135089109620561, ""stair_step_winner"": 0.3873860359703786}",stair_step_winner,choppy_reversal_winner,0.8243840024889587,0.0910440399367748,0.004739336492890996,0.09004739336492891
up150pct,train,up150pct::SH601949::000000,3,"{""choppy_reversal_winner"": 0.29910842837296686, ""jump_repricing_winner"": 0.0070371926653595, ""late_rescue_winner"": 0.6084756915186254, ""slow_grind_winner"": 0.0, ""smooth_trend_winner"": 0.004519837901616371, ""stair_step_winner"": 0.08085884954143197}",late_rescue_winner,choppy_reversal_winner,0.5167805600267368,0.0007387582301475968,1.0,0.0
up150pct,train,up150pct::SH601966::000000,79,"{""choppy_reversal_winner"": 0.19154075056111994, ""jump_repricing_winner"": 0.09328098692316872, ""late_rescue_winner"": 0.12492495243458124, ""slow_grind_winner"": 0.0, ""smooth_trend_winner"": 0.09441424255265381, ""stair_step_winner"": 0.49583906752847623}",stair_step_winner,choppy_reversal_winner,0.7636806085996624,0.030391158536309578,0.0,0.8987341772151899
up150pct,train,up150pct::SH601969::000000,2,"{""choppy_reversal_winner"": 0.3689186311940432, ""jump_repricing_winner"": 0.013595384294244003, ""late_rescue_winner"": 0.4391496645640356, ""slow_grind_winner"": 0.0, ""smooth_trend_winner"": 0.009365139962950908, ""stair_step_winner"": 0.16897117998472633}",late_rescue_winner,choppy_reversal_winner,0.6317096751631915,0.003438953014635648,0.0,0.0
up150pct,train,up150pct::SH601990::000000,25,"{""choppy_reversal_winner"": 0.3421622049234782, ""jump_repricing_winner"": 0.04942233139257888, ""late_rescue_winner"": 0.20939484911518652, ""slow_grind_winner"": 0.0, ""smooth_trend_winner"": 0.05532801879285019, ""stair_step_winner"": 0.3436925957759063}",stair_step_winner,choppy_reversal_winner,0.7647215213105829,0.08471432671589252,0.0,0.0
up150pct,train,up150pct::SH603025::000000,1,"{""choppy_reversal_winner"": 0.4393733669800665, ""jump_repricing_winner"": 0.008988214452914242, ""late_rescue_winner"": 0.4566711695436057, ""slow_grind_winner"": 0.0, ""smooth_trend_winner"": 0.005152745096303833, ""stair_step_winner"": 0.08981450392710975}",late_rescue_winner,choppy_reversal_winner,0.5610289033958632,0.0,0.0,0.0
up150pct,train,up150pct::SH603026::000000,7,"{""choppy_reversal_winner"": 0.04684506264499483, ""jump_repricing_winner"": 0.29291355896477356, ""late_rescue_winner"": 0.028131637652914387, ""slow_grind_winner"": 0.0, ""smooth_trend_winner"": 0.45774610440820823, ""stair_step_winner"": 0.17436363632910898}",smooth_trend_winner,jump_repricing_winner,0.7064295069257028,0.013886910908346685,0.0,0.0
up150pct,train,up150pct::SH603077::000000,42,"{""choppy_reversal_winner"": 0.4350299483374704, ""jump_repricing_winner"": 0.016711681929004487, ""late_rescue_winner"": 0.35747880392422227, ""slow_grind_winner"": 0.0, ""smooth_trend_winner"": 0.010738348655856282, ""stair_step_winner"": 0.18004121715344668}",choppy_reversal_winner,late_rescue_winner,0.6449428517341882,0.03312082671351017,0.0,0.11904761904761904
up150pct,robustness,up150pct::SH603228::000000,45,"{""choppy_reversal_winner"": 0.23645047320977897, ""jump_repricing_winner"": 0.09261844604271202, ""late_rescue_winner"": 0.14614734431655216, ""slow_grind_winner"": 0.0, ""smooth_trend_winner"": 0.08630489038192156, ""stair_step_winner"": 0.4384788460490354}",stair_step_winner,choppy_reversal_winner,0.7899096499189913,0.07365085423049403,0.0,0.0
up150pct,train,up150pct::SH603256::000000,8,"{""choppy_reversal_winner"": 0.28392022716136434, ""jump_repricing_winner"": 0.013871225135431672, ""late_rescue_winner"": 0.5941024287380596, ""slow_grind_winner"": 0.0, ""smooth_trend_winner"": 0.00982667054431509, ""stair_step_winner"": 0.09827944842082934}",late_rescue_winner,choppy_reversal_winner,0.5578831479118153,0.003232512632384551,0.125,0.0
up150pct,robustness,up150pct::SH603256::000001,11,"{""choppy_reversal_winner"": 0.22565499534100217, ""jump_repricing_winner"": 0.05294585576361099, ""late_rescue_winner"": 0.13657673516081414, ""slow_grind_winner"": 0.0, ""smooth_trend_winner"": 0.04256404423834116, ""stair_step_winner"": 0.5422583694962315}",stair_step_winner,choppy_reversal_winner,0.6862881290114792,0.015702064362817836,0.0,0.0
up150pct,robustness,up150pct::SH603259::000000,10,"{""choppy_reversal_winner"": 0.2671276382507732, ""jump_repricing_winner"": 0.03942022475200313, ""late_rescue_winner"": 0.1769717802336766, ""slow_grind_winner"": 0.0, ""smooth_trend_winner"": 0.031342742841607985, ""stair_step_winner"": 0.485137613921939}",stair_step_winner,choppy_reversal_winner,0.6954046537209655,0.010742586016033282,0.0,0.2
up150pct,train,up150pct::SH603260::000000,393,"{""choppy_reversal_winner"": 0.24965987839328363, ""jump_repricing_winner"": 0.07614817154969328, ""late_rescue_winner"": 0.19552946896155024, ""slow_grind_winner"": 0.0, ""smooth_trend_winner"": 0.11909845796764099, ""stair_step_winner"": 0.35956402312783187}",stair_step_winner,choppy_reversal_winner,0.827591499263654,0.11095039676396888,0.07124681933842239,0.6005089058524173
up150pct,robustness,up150pct::SH603268::000000,77,"{""choppy_reversal_winner"": 0.17099896764506417, ""jump_repricing_winner"": 0.09429011248515567, ""late_rescue_winner"": 0.10265890215681593, ""slow_grind_winner"": 0.0, ""smooth_trend_winner"": 0.10294827822319293, ""stair_step_winner"": 0.5291037394897713}",stair_step_winner,choppy_reversal_winner,0.7418464035481026,0.0271138502920585,0.0,0.18181818181818182
up150pct,train,up150pct::SH603288::000000,115,"{""choppy_reversal_winner"": 0.23509032798541765, ""jump_repricing_winner"": 0.05655751627278797, ""late_rescue_winner"": 0.15939803760702703, ""slow_grind_winner"": 0.0, ""smooth_trend_winner"": 0.05001484632571031, ""stair_step_winner"": 0.498939271809057}",stair_step_winner,choppy_reversal_winner,0.7212165458484276,0.03828800234346021,0.0,0.391304347826087
up150pct,robustness,up150pct::SH603296::000000,5,"{""choppy_reversal_winner"": 0.34790546968331004, ""jump_repricing_winner"": 0.023803303590073203, ""late_rescue_winner"": 0.3130056551771897, ""slow_grind_winner"": 0.0, ""smooth_trend_winner"": 0.01830715678146118, ""stair_step_winner"": 0.2969784147679658}",choppy_reversal_winner,late_rescue_winner,0.6996844788916711,0.006305609470156684,0.0,1.0
up150pct,train,up150pct::SH603338::000000,156,"{""choppy_reversal_winner"": 0.25082706102953256, ""jump_repricing_winner"": 0.05072997127766945, ""late_rescue_winner"": 0.1621498564124888, ""slow_grind_winner"": 0.0, ""smooth_trend_winner"": 0.043259303691775025, ""stair_step_winner"": 0.4930338075885342}",stair_step_winner,choppy_reversal_winner,0.7130636623558,0.02487223697500505,0.0,0.2948717948717949
up150pct,train,up150pct::SH603345::000000,36,"{""choppy_reversal_winner"": 0.14177805349141945, ""jump_repricing_winner"": 0.10836074755671697, ""late_rescue_winner"": 0.08874900976338376, ""slow_grind_winner"": 0.0, ""smooth_trend_winner"": 0.12359065208145033, ""stair_step_winner"": 0.5375215371070294}",stair_step_winner,choppy_reversal_winner,0.7393868183834446,0.038098754187557655,0.0,0.2777777777777778
up150pct,train,up150pct::SH603369::000000,70,"{""choppy_reversal_winner"": 0.3232728171401428, ""jump_repricing_winner"": 0.03283389642921239, ""late_rescue_winner"": 0.2668425672347003, ""slow_grind_winner"": 0.0, ""smooth_trend_winner"": 0.026505091532535132, ""stair_step_winner"": 0.35054562766340935}",stair_step_winner,choppy_reversal_winner,0.721884122178708,0.021608197280812664,0.0,0.8
up150pct,train,up150pct::SH603517::000000,115,"{""choppy_reversal_winner"": 0.27130639593144096, ""jump_repricing_winner"": 0.0464662622030245, ""late_rescue_winner"": 0.1885608299351934, ""slow_grind_winner"": 0.0, ""smooth_trend_winner"": 0.04084258471685949, ""stair_step_winner"": 0.4528239272134817}",stair_step_winner,choppy_reversal_winner,0.7258096099786068,0.03062428976787113,0.0,0.48695652173913045
up150pct,train,up150pct::SH603658::000000,69,"{""choppy_reversal_winner"": 0.2726891781402576, ""jump_repricing_winner"": 0.04728147035467742, ""late_rescue_winner"": 0.19726336553777457, ""slow_grind_winner"": 0.0, ""smooth_trend_winner"": 0.04007404625513726, ""stair_step_winner"": 0.44269193971215315}",stair_step_winner,choppy_reversal_winner,0.7302798968731274,0.02528276203897649,0.0,0.9420289855072463
up150pct,train,up150pct::SH603659::000000,4,"{""choppy_reversal_winner"": 0.13609830311223076, ""jump_repricing_winner"": 0.16226254575219093, ""late_rescue_winner"": 0.07702392600893725, ""slow_grind_winner"": 0.0, ""smooth_trend_winner"": 0.15021147260582005, ""stair_step_winner"": 0.47440375252082106}",stair_step_winner,jump_repricing_winner,0.7827460528910851,0.013332153853054701,0.0,0.0
up150pct,robustness,up150pct::SH603659::000001,11,"{""choppy_reversal_winner"": 0.2561401491120978, ""jump_repricing_winner"": 0.053215251134940765, ""late_rescue_winner"": 0.2621752946215902, ""slow_grind_winner"": 0.0, ""smooth_trend_winner"": 0.05103291825242737, ""stair_step_winner"": 0.37743638687894376}",stair_step_winner,late_rescue_winner,0.7677100418459444,0.024697318780278126,0.0,0.7272727272727273
up150pct,train,up150pct::SH603699::000000,4,"{""choppy_reversal_winner"": 0.34301934626522, ""jump_repricing_winner"": 0.014163761399553583, ""late_rescue_winner"": 0.4725868065664157, ""slow_grind_winner"": 0.0, ""smooth_trend_winner"": 0.010523909710377897, ""stair_step_winner"": 0.1597061760584328}",late_rescue_winner,choppy_reversal_winner,0.626440613943264,0.007341356584189436,0.0,0.0
up150pct,train,up150pct::SH603712::000000,83,"{""choppy_reversal_winner"": 0.2625997224123153, ""jump_repricing_winner"": 0.055343850097067555, ""late_rescue_winner"": 0.18997024612720934, ""slow_grind_winner"": 0.0, ""smooth_trend_winner"": 0.049089819080603246, ""stair_step_winner"": 0.44299636228280465}",stair_step_winner,choppy_reversal_winner,0.7453400082719648,0.030844801011150447,0.0,0.9397590361445783
up150pct,train,up150pct::SH603737::000000,94,"{""choppy_reversal_winner"": 0.20760154933001376, ""jump_repricing_winner"": 0.09090548487874191, ""late_rescue_winner"": 0.12923388656172216, ""slow_grind_winner"": 0.0, ""smooth_trend_winner"": 0.09175370465295175, ""stair_step_winner"": 0.4805053745765705}",stair_step_winner,choppy_reversal_winner,0.7702653817486544,0.0366380870715484,0.0,0.574468085106383
up150pct,robustness,up150pct::SH603799::000000,113,"{""choppy_reversal_winner"": 0.2565813484043195, ""jump_repricing_winner"": 0.04275258073207175, ""late_rescue_winner"": 0.19539402432633926, ""slow_grind_winner"": 0.0, ""smooth_trend_winner"": 0.03715760886734098, ""stair_step_winner"": 0.46811443766992844}",stair_step_winner,choppy_reversal_winner,0.7146554017940744,0.03144078473645682,0.0,0.30973451327433627
up150pct,train,up150pct::SH603882::000000,129,"{""choppy_reversal_winner"": 0.29020803176947974, ""jump_repricing_winner"": 0.045568460614988995, ""late_rescue_winner"": 0.22317117713413312, ""slow_grind_winner"": 0.0, ""smooth_trend_winner"": 0.038180256276796824, ""stair_step_winner"": 0.4028720742046014}",stair_step_winner,choppy_reversal_winner,0.7397362923377381,0.02719902443629069,0.0,0.9224806201550387
up150pct,robustness,up150pct::SH603893::000000,47,"{""choppy_reversal_winner"": 0.27003363116666435, ""jump_repricing_winner"": 0.058965228780893046, ""late_rescue_winner"": 0.1816595319205295, ""slow_grind_winner"": 0.0, ""smooth_trend_winner"": 0.04851231631924727, ""stair_step_winner"": 0.4408292918126659}",stair_step_winner,choppy_reversal_winner,0.7468465426300855,0.029357555833712027,0.0,0.2765957446808511
up150pct,train,up150pct::SH603899::000000,79,"{""choppy_reversal_winner"": 0.29332897492819576, ""jump_repricing_winner"": 0.04920009125871843, ""late_rescue_winner"": 0.2356100588155194, ""slow_grind_winner"": 0.0, ""smooth_trend_winner"": 0.04295537214952219, ""stair_step_winner"": 0.3789055028480442}",stair_step_winner,choppy_reversal_winner,0.754261163158845,0.009384191729741169,0.0,1.0
up150pct,robustness,up150pct::SH605117::000000,180,"{""choppy_reversal_winner"": 0.24307310718917247, ""jump_repricing_winner"": 0.07038922573138304, ""late_rescue_winner"": 0.18601197324980173, ""slow_grind_winner"": 0.0, ""smooth_trend_winner"": 0.0640550600768051, ""stair_step_winner"": 0.4364706337528377}",stair_step_winner,choppy_reversal_winner,0.7709342755366674,0.04390677029579768,0.0,0.7333333333333333
up150pct,train,up150pct::SZ000009::000000,170,"{""choppy_reversal_winner"": 0.2907777604442765, ""jump_repricing_winner"": 0.06761621135827275, ""late_rescue_winner"": 0.22659884783591785, ""slow_grind_winner"": 0.0, ""smooth_trend_winner"": 0.08809245401232352, ""stair_step_winner"": 0.3269147263492094}",stair_step_winner,choppy_reversal_winner,0.8133011741705409,0.09491427626746096,0.0058823529411764705,0.10588235294117647
up150pct,train,up150pct::SZ000012::000000,12,"{""choppy_reversal_winner"": 0.2938870712227, ""jump_repricing_winner"": 0.0407958336834237, ""late_rescue_winner"": 0.2499015596078807, ""slow_grind_winner"": 0.0, ""smooth_trend_winner"": 0.036132980125146964, ""stair_step_winner"": 0.37928255536084854}",stair_step_winner,choppy_reversal_winner,0.7392826452969832,0.011593233398336981,0.0,1.0
up150pct,train,up150pct::SZ000027::000000,54,"{""choppy_reversal_winner"": 0.22302061670583437, ""jump_repricing_winner"": 0.0497864886283449, ""late_rescue_winner"": 0.13593801196242336, ""slow_grind_winner"": 0.0, ""smooth_trend_winner"": 0.0365075152436187, ""stair_step_winner"": 0.5547473674597787}",stair_step_winner,choppy_reversal_winner,0.6714080214462457,0.029595477872350017,0.0,0.14814814814814814
up150pct,train,up150pct::SZ000062::000000,109,"{""choppy_reversal_winner"": 0.3446323052100337, ""jump_repricing_winner"": 0.008298588241304344, ""late_rescue_winner"": 0.5569665331443573, ""slow_grind_winner"": 0.0, ""smooth_trend_winner"": 0.005146801080502319, ""stair_step_winner"": 0.0849557723238023}",late_rescue_winner,choppy_reversal_winner,0.5410588133283494,0.01471813670442095,0.6605504587155964,0.0
up150pct,train,up150pct::SZ000488::000000,9,"{""choppy_reversal_winner"": 0.288259566325245, ""jump_repricing_winner"": 0.0416958114679577, ""late_rescue_winner"": 0.18811921405806858, ""slow_grind_winner"": 0.0, ""smooth_trend_winner"": 0.0311652402819035, ""stair_step_winner"": 0.45076016786682516}",stair_step_winner,choppy_reversal_winner,0.7102534753765958,0.010589034352580724,0.0,1.0
up150pct,train,up150pct::SZ000519::000000,3,"{""choppy_reversal_winner"": 0.3583803512207812, ""jump_repricing_winner"": 0.021504859636873704, ""late_rescue_winner"": 0.33116610554949094, ""slow_grind_winner"": 0.0, ""smooth_trend_winner"": 0.01576930564959415, ""stair_step_winner"": 0.27317937794326}",choppy_reversal_winner,late_rescue_winner,0.6899525523670372,0.00979925797010525,0.0,0.6666666666666666
up150pct,train,up150pct::SZ000537::000000,64,"{""choppy_reversal_winner"": 0.355591062727156, ""jump_repricing_winner"": 0.013734725351581146, ""late_rescue_winner"": 0.5009539018952834, ""slow_grind_winner"": 0.0, ""smooth_trend_winner"": 0.00906070726992877, ""stair_step_winner"": 0.12065960275605062}",late_rescue_winner,choppy_reversal_winner,0.5975314120702995,0.01999115085592148,0.046875,0.0
up150pct,train,up150pct::SZ000547::000000,205,"{""choppy_reversal_winner"": 0.3026024519752284, ""jump_repricing_winner"": 0.033909958168529555, ""late_rescue_winner"": 0.33755934953833333, ""slow_grind_winner"": 0.0, ""smooth_trend_winner"": 0.02836154670685945, ""stair_step_winner"": 0.29756669361104915}",late_rescue_winner,choppy_reversal_winner,0.7282162416218906,0.05808232547580683,0.024390243902439025,0.7414634146341463
up150pct,train,up150pct::SZ000636::000000,17,"{""choppy_reversal_winner"": 0.31256564824683475, ""jump_repricing_winner"": 0.020783248335515807, ""late_rescue_winner"": 0.464171307356781, ""slow_grind_winner"": 0.0, ""smooth_trend_winner"": 0.015861273261225543, ""stair_step_winner"": 0.1866185227996428}",late_rescue_winner,choppy_reversal_winner,0.6581548864884172,0.05060408844173111,0.058823529411764705,0.17647058823529413
up150pct,robustness,up150pct::SZ000657::000000,82,"{""choppy_reversal_winner"": 0.1160682636842094, ""jump_repricing_winner"": 0.17471858113416472, ""late_rescue_winner"": 0.06731812026435577, ""slow_grind_winner"": 0.0, ""smooth_trend_winner"": 0.2028858282869126, ""stair_step_winner"": 0.4390092066303576}",stair_step_winner,smooth_trend_winner,0.7933273267292498,0.05825791130630009,0.0,0.06097560975609756
up150pct,robustness,up150pct::SZ000703::000000,5,"{""choppy_reversal_winner"": 0.3645979942092357, ""jump_repricing_winner"": 0.0240739919668312, ""late_rescue_winner"": 0.249909579559041, ""slow_grind_winner"": 0.0, ""smooth_trend_winner"": 0.016381888537789078, ""stair_step_winner"": 0.3450365457271031}",choppy_reversal_winner,stair_step_winner,0.6912917972482882,0.0007722382477376075,0.0,0.0
up150pct,train,up150pct::SZ000710::000000,5,"{""choppy_reversal_winner"": 0.38201444245200183, ""jump_repricing_winner"": 0.02222966215770829, ""late_rescue_winner"": 0.27891378579487236, ""slow_grind_winner"": 0.0, ""smooth_trend_winner"": 0.015125535849486265, ""stair_step_winner"": 0.30171657374593125}",choppy_reversal_winner,stair_step_winner,0.6883124020301868,0.0008852822657745662,0.0,0.0
up150pct,train,up150pct::SZ000718::000000,14,"{""choppy_reversal_winner"": 0.28200968719441366, ""jump_repricing_winner"": 0.03626103319171101, ""late_rescue_winner"": 0.433595261963367, ""slow_grind_winner"": 0.0, ""smooth_trend_winner"": 0.03119462502483078, ""stair_step_winner"": 0.2169393926256776}",late_rescue_winner,choppy_reversal_winner,0.7139697371341271,0.010496112301908228,0.0,0.14285714285714285
up150pct,train,up150pct::SZ000738::000000,1,"{""choppy_reversal_winner"": 0.3799590261324507, ""jump_repricing_winner"": 0.018383365372009387, ""late_rescue_winner"": 0.31647900689941827, ""slow_grind_winner"": 0.0, ""smooth_trend_winner"": 0.013044382162249313, ""stair_step_winner"": 0.2721342194338723}",choppy_reversal_winner,late_rescue_winner,0.6786814853773205,0.0,0.0,1.0
up150pct,train,up150pct::SZ000739::000000,66,"{""choppy_reversal_winner"": 0.3078760574543478, ""jump_repricing_winner"": 0.04213294263148162, ""late_rescue_winner"": 0.26516847756654677, ""slow_grind_winner"": 0.0, ""smooth_trend_winner"": 0.035455833876144656, ""stair_step_winner"": 0.3493666884714792}",stair_step_winner,choppy_reversal_winner,0.7444743191552565,0.005916689888538136,0.0,1.0
up150pct,train,up150pct::SZ000768::000000,117,"{""choppy_reversal_winner"": 0.2791755912000872, ""jump_repricing_winner"": 0.03951356192797042, ""late_rescue_winner"": 0.19714660241160029, ""slow_grind_winner"": 0.0, ""smooth_trend_winner"": 0.03167221522487557, ""stair_step_winner"": 0.45249202923546644}",stair_step_winner,choppy_reversal_winner,0.7100098923916771,0.03660316416808012,0.0,0.5982905982905983
up150pct,train,up150pct::SZ000786::000000,127,"{""choppy_reversal_winner"": 0.28516814574474997, ""jump_repricing_winner"": 0.04976690078707197, ""late_rescue_winner"": 0.2284109882499827, ""slow_grind_winner"": 0.0, ""smooth_trend_winner"": 0.04275219714670781, ""stair_step_winner"": 0.39390176807148763}",stair_step_winner,choppy_reversal_winner,0.7512936485027774,0.03575660974180097,0.0,0.905511811023622
up150pct,train,up150pct::SZ000792::000000,55,"{""choppy_reversal_winner"": 0.06565313327416124, ""jump_repricing_winner"": 0.48003199139501607, ""late_rescue_winner"": 0.046715282052773276, ""slow_grind_winner"": 0.0, ""smooth_trend_winner"": 0.27304927715831073, ""stair_step_winner"": 0.13455031611973875}",jump_repricing_winner,smooth_trend_winner,0.724731610211727,0.0063630416679024,0.0,1.0
up150pct,train,up150pct::SZ000799::000000,80,"{""choppy_reversal_winner"": 0.1359481972222812, ""jump_repricing_winner"": 0.17300867723470104, ""late_rescue_winner"": 0.08623722263911635, ""slow_grind_winner"": 0.0, ""smooth_trend_winner"": 0.25930583196800583, ""stair_step_winner"": 0.3455000709358956}",stair_step_winner,smooth_trend_winner,0.8390245531805063,0.08569691964418784,0.0,0.2625
up150pct,train,up150pct::SZ000825::000000,294,"{""choppy_reversal_winner"": 0.29712451490748115, ""jump_repricing_winner"": 0.043211380224925384, ""late_rescue_winner"": 0.20630284134685806, ""slow_grind_winner"": 0.0, ""smooth_trend_winner"": 0.03578445185229354, ""stair_step_winner"": 0.41757681166844196}",stair_step_winner,choppy_reversal_winner,0.7287876965748044,0.06800148495675072,0.0,0.13945578231292516
up150pct,train,up150pct::SZ000858::000000,181,"{""choppy_reversal_winner"": 0.24089808543996963, ""jump_repricing_winner"": 0.05355474849091555, ""late_rescue_winner"": 0.17531351119358551, ""slow_grind_winner"": 0.0, ""smooth_trend_winner"": 0.05027988564506323, ""stair_step_winner"": 0.4799537692304661}",stair_step_winner,choppy_reversal_winner,0.7297639625997759,0.04719965577188534,0.0,0.022099447513812154
up150pct,train,up150pct::SZ000860::000000,10,"{""choppy_reversal_winner"": 0.31121458385129425, ""jump_repricing_winner"": 0.03159031803071581, ""late_rescue_winner"": 0.24182025646725008, ""slow_grind_winner"": 0.0, ""smooth_trend_winner"": 0.024496808883602183, ""stair_step_winner"": 0.3908780327671377}",stair_step_winner,choppy_reversal_winner,0.7108829411713141,0.015838873165205283,0.0,1.0
up150pct,train,up150pct::SZ000895::000000,107,"{""choppy_reversal_winner"": 0.2549449980062271, ""jump_repricing_winner"": 0.04647407217532009, ""late_rescue_winner"": 0.17361229899048322, ""slow_grind_winner"": 0.0, ""smooth_trend_winner"": 0.038654270946784475, ""stair_step_winner"": 0.48631435988118515}",stair_step_winner,choppy_reversal_winner,0.7095656346673412,0.039750600747008924,0.0,0.411214953271028
up150pct,train,up150pct::SZ000902::000000,3,"{""choppy_reversal_winner"": 0.3874706231382004, ""jump_repricing_winner"": 0.023459199398430036, ""late_rescue_winner"": 0.3219456899363227, ""slow_grind_winner"": 0.0, ""smooth_trend_winner"": 0.01604677455306998, ""stair_step_winner"": 0.2510777129739768}",choppy_reversal_winner,late_rescue_winner,0.6884732510149837,0.00014096076649720978,0.0,1.0
up150pct,train,up150pct::SZ000932::000000,14,"{""choppy_reversal_winner"": 0.2866190525457418, ""jump_repricing_winner"": 0.04945189126916235, ""late_rescue_winner"": 0.25879765365172197, ""slow_grind_winner"": 0.0, ""smooth_trend_winner"": 0.045024160406254746, ""stair_step_winner"": 0.36010724212711903}",stair_step_winner,choppy_reversal_winner,0.7612991751913062,0.009790375459298888,0.0,1.0
up150pct,train,up150pct::SZ000937::000000,36,"{""choppy_reversal_winner"": 0.4343120171409238, ""jump_repricing_winner"": 0.018999255297763078, ""late_rescue_winner"": 0.34485703624175157, ""slow_grind_winner"": 0.0, ""smooth_trend_winner"": 0.011914093273977537, ""stair_step_winner"": 0.18991759804558403}",choppy_reversal_winner,late_rescue_winner,0.6546199054628223,0.02058990440808664,0.0,0.0
up150pct,train,up150pct::SZ000959::000000,17,"{""choppy_reversal_winner"": 0.20953051742208703, ""jump_repricing_winner"": 0.05541471705853726, ""late_rescue_winner"": 0.1299225165219421, ""slow_grind_winner"": 0.0, ""smooth_trend_winner"": 0.04719125588855999, ""stair_step_winner"": 0.5579409931088736}",stair_step_winner,choppy_reversal_winner,0.6823408008181922,0.02478226400316726,0.0,0.058823529411764705
up150pct,train,up150pct::SZ000987::000000,94,"{""choppy_reversal_winner"": 0.1745520191443296, ""jump_repricing_winner"": 0.11152451126530562, ""late_rescue_winner"": 0.09945508985506483, ""slow_grind_winner"": 0.0, ""smooth_trend_winner"": 0.09968061379421819, ""stair_step_winner"": 0.5147877659410817}",stair_step_winner,choppy_reversal_winner,0.7537423637414832,0.05496884511594158,0.0,0.0
up150pct,train,up150pct::SZ000990::000000,8,"{""choppy_reversal_winner"": 0.023448526018104612, ""jump_repricing_winner"": 0.25200417954927334, ""late_rescue_winner"": 0.019816011370475922, ""slow_grind_winner"": 0.0, ""smooth_trend_winner"": 0.6332030875571006, ""stair_step_winner"": 0.07152819550504558}",smooth_trend_winner,jump_repricing_winner,0.5531228377499551,0.006970041805496339,0.25,0.375
up150pct,robustness,up150pct::SZ001309::000000,32,"{""choppy_reversal_winner"": 0.20740999600318655, ""jump_repricing_winner"": 0.07416377197244667, ""late_rescue_winner"": 0.12644699270235324, ""slow_grind_winner"": 0.0, ""smooth_trend_winner"": 0.06303336725143355, ""stair_step_winner"": 0.52894587207058}",stair_step_winner,choppy_reversal_winner,0.7209597853085703,0.013690985512349091,0.0,0.0
up150pct,train,up150pct::SZ002027::000000,40,"{""choppy_reversal_winner"": 0.24345239582632927, ""jump_repricing_winner"": 0.07277081868572702, ""late_rescue_winner"": 0.17524660302288814, ""slow_grind_winner"": 0.0, ""smooth_trend_winner"": 0.06769370905414081, ""stair_step_winner"": 0.44083647341091475}",stair_step_winner,choppy_reversal_winner,0.7719875454772596,0.03857786295359885,0.0,1.0
up150pct,train,up150pct::SZ002030::000000,11,"{""choppy_reversal_winner"": 0.06630858218247565, ""jump_repricing_winner"": 0.2613490434572844, ""late_rescue_winner"": 0.06102452885658536, ""slow_grind_winner"": 0.0, ""smooth_trend_winner"": 0.4751475917683006, ""stair_step_winner"": 0.13617025373535407}",smooth_trend_winner,jump_repricing_winner,0.7402535177259222,0.08642227297671312,0.0,0.0
up150pct,robustness,up150pct::SZ002050::000000,85,"{""choppy_reversal_winner"": 0.34253091705072836, ""jump_repricing_winner"": 0.026540163119648047, ""late_rescue_winner"": 0.24956430118040868, ""slow_grind_winner"": 0.0, ""smooth_trend_winner"": 0.019550138036515605, ""stair_step_winner"": 0.36181448061269933}",stair_step_winner,choppy_reversal_winner,0.7001283371344911,0.017289371738843703,0.0,0.38823529411764707
up150pct,train,up150pct::SZ002064::000000,110,"{""choppy_reversal_winner"": 0.2084576514802547, ""jump_repricing_winner"": 0.07344482446171774, ""late_rescue_winner"": 0.13717170389812855, ""slow_grind_winner"": 0.0, ""smooth_trend_winner"": 0.06650113201802146, ""stair_step_winner"": 0.5144246881418775}",stair_step_winner,choppy_reversal_winner,0.7329866901437688,0.03788810609942507,0.0,0.13636363636363635
up150pct,train,up150pct::SZ002065::000000,13,"{""choppy_reversal_winner"": 0.17150776012670305, ""jump_repricing_winner"": 0.13340136579050402, ""late_rescue_winner"": 0.09872545329805213, ""slow_grind_winner"": 0.0, ""smooth_trend_winner"": 0.17597432784628161, ""stair_step_winner"": 0.4203910929384591}",stair_step_winner,smooth_trend_winner,0.8202785657487847,0.0666188046333916,0.0,0.3076923076923077
up150pct,robustness,up150pct::SZ002074::000000,1,"{""choppy_reversal_winner"": 0.2520587879804392, ""jump_repricing_winner"": 0.0528319816001197, ""late_rescue_winner"": 0.128122744229934, ""slow_grind_winner"": 0.0, ""smooth_trend_winner"": 0.03267515221806535, ""stair_step_winner"": 0.5343113339714418}",stair_step_winner,choppy_reversal_winner,0.676799906120335,0.0,0.0,0.0
up150pct,train,up150pct::SZ002075::000000,5,"{""choppy_reversal_winner"": 0.28675558831434567, ""jump_repricing_winner"": 0.04015965425922896, ""late_rescue_winner"": 0.21402555740945634, ""slow_grind_winner"": 0.0, ""smooth_trend_winner"": 0.032778956587812366, ""stair_step_winner"": 0.4262802434291567}",stair_step_winner,choppy_reversal_winner,0.721506436461386,0.008336470523610558,0.0,0.8
up150pct,train,up150pct::SZ002127::000000,17,"{""choppy_reversal_winner"": 0.2973067046788033, ""jump_repricing_winner"": 0.04804521197497645, ""late_rescue_winner"": 0.2155349637438423, ""slow_grind_winner"": 0.0, ""smooth_trend_winner"": 0.04072747174760132, ""stair_step_winner"": 0.39838564785477665}",stair_step_winner,choppy_reversal_winner,0.7446617224584338,0.043940054705738,0.0,0.7058823529411765
up150pct,train,up150pct::SZ002176::000000,20,"{""choppy_reversal_winner"": 0.3539318533453118, ""jump_repricing_winner"": 0.011049404883344228, ""late_rescue_winner"": 0.5454428319639775, ""slow_grind_winner"": 0.0, ""smooth_trend_winner"": 0.006714480090640328, ""stair_step_winner"": 0.08286142971672608}",late_rescue_winner,choppy_reversal_winner,0.5514059539413685,0.004690310480211238,0.1,0.0
up150pct,robustness,up150pct::SZ002241::000000,26,"{""choppy_reversal_winner"": 0.3412786083083094, ""jump_repricing_winner"": 0.03678928981808629, ""late_rescue_winner"": 0.2766556858842671, ""slow_grind_winner"": 0.0, ""smooth_trend_winner"": 0.027885568834389026, ""stair_step_winner"": 0.31739084715494814}",choppy_reversal_winner,stair_step_winner,0.7299832955592195,0.0021816102142239884,0.0,1.0
up150pct,robustness,up150pct::SZ002281::000000,259,"{""choppy_reversal_winner"": 0.2646475477372147, ""jump_repricing_winner"": 0.04500875612668006, ""late_rescue_winner"": 0.19006584793629286, ""slow_grind_winner"": 0.0, ""smooth_trend_winner"": 0.03780573570285739, ""stair_step_winner"": 0.46247211249695497}",stair_step_winner,choppy_reversal_winner,0.7185283514580092,0.04609175397677345,0.0,0.20077220077220076
up150pct,train,up150pct::SZ002304::000000,133,"{""choppy_reversal_winner"": 0.22748238929493367, ""jump_repricing_winner"": 0.07850737202270361, ""late_rescue_winner"": 0.14856194349564092, ""slow_grind_winner"": 0.0, ""smooth_trend_winner"": 0.07513254705969079, ""stair_step_winner"": 0.470315748127031}",stair_step_winner,choppy_reversal_winner,0.7641265337458948,0.06819125845236156,0.0,0.0
up150pct,train,up150pct::SZ002320::000000,3,"{""choppy_reversal_winner"": 0.2821823179320487, ""jump_repricing_winner"": 0.026085485386567367, ""late_rescue_winner"": 0.49658153188165105, ""slow_grind_winner"": 0.0, ""smooth_trend_winner"": 0.022353182726176757, ""stair_step_winner"": 0.17279748207355616}",late_rescue_winner,choppy_reversal_winner,0.6630772412422663,0.014824833500321563,0.0,0.6666666666666666
up150pct,robustness,up150pct::SZ002371::000000,69,"{""choppy_reversal_winner"": 0.2857399602626826, ""jump_repricing_winner"": 0.040123775833642766, ""late_rescue_winner"": 0.2279295110534186, ""slow_grind_winner"": 0.0, ""smooth_trend_winner"": 0.03450842429555028, ""stair_step_winner"": 0.4116983285547057}",stair_step_winner,choppy_reversal_winner,0.7286435213265735,0.018172341075264904,0.0,0.8840579710144928
up150pct,train,up150pct::SZ002414::000000,74,"{""choppy_reversal_winner"": 0.16464934532742181, ""jump_repricing_winner"": 0.16130474309575016, ""late_rescue_winner"": 0.09191482008155431, ""slow_grind_winner"": 0.0, ""smooth_trend_winner"": 0.22267374896902475, ""stair_step_winner"": 0.359457342526249}",stair_step_winner,smooth_trend_winner,0.8443939295890137,0.11386415705657742,0.10810810810810811,0.0
up150pct,robustness,up150pct::SZ002414::000001,53,"{""choppy_reversal_winner"": 0.2696293124453129, ""jump_repricing_winner"": 0.04387536736649074, ""late_rescue_winner"": 0.23455701727980674, ""slow_grind_winner"": 0.0, ""smooth_trend_winner"": 0.03883430707422087, ""stair_step_winner"": 0.41310399583416874}",stair_step_winner,choppy_reversal_winner,0.7378537532741688,0.03371664316540291,0.0,0.8301886792452831
up150pct,train,up150pct::SZ002444::000000,16,"{""choppy_reversal_winner"": 0.40104473650349737, ""jump_repricing_winner"": 0.015535323049013651, ""late_rescue_winner"": 0.3522242113567179, ""slow_grind_winner"": 0.0, ""smooth_trend_winner"": 0.010457235293216082, ""stair_step_winner"": 0.2207384937975551}",choppy_reversal_winner,late_rescue_winner,0.6584836703169216,0.00473481308044566,0.0,0.8125
up150pct,robustness,up150pct::SZ002460::000000,133,"{""choppy_reversal_winner"": 0.2632826808909104, ""jump_repricing_winner"": 0.04308221122723113, ""late_rescue_winner"": 0.19532054201822355, ""slow_grind_winner"": 0.0, ""smooth_trend_winner"": 0.03596450539840549, ""stair_step_winner"": 0.46235006046522953}",stair_step_winner,choppy_reversal_winner,0.715541773875074,0.04474806650672004,0.0,0.3684210526315789
up150pct,robustness,up150pct::SZ002463::000000,210,"{""choppy_reversal_winner"": 0.30489687302345586, ""jump_repricing_winner"": 0.042447221443535556, ""late_rescue_winner"": 0.23849409201983704, ""slow_grind_winner"": 0.0, ""smooth_trend_winner"": 0.03616092173901797, ""stair_step_winner"": 0.3780008917741535}",stair_step_winner,choppy_reversal_winner,0.7400046181676208,0.05491155027282174,0.0,0.7095238095238096
up150pct,robustness,up150pct::SZ002466::000001,57,"{""choppy_reversal_winner"": 0.25239605976852714, ""jump_repricing_winner"": 0.047092958238911596, ""late_rescue_winner"": 0.16973672625310546, ""slow_grind_winner"": 0.0, ""smooth_trend_winner"": 0.03958343494961677, ""stair_step_winner"": 0.49119082078983906}",stair_step_winner,choppy_reversal_winner,0.7084895685232944,0.015180693840945106,0.0,0.49122807017543857
up150pct,robustness,up150pct::SZ002475::000000,17,"{""choppy_reversal_winner"": 0.2937507809903921, ""jump_repricing_winner"": 0.04279764531831848, ""late_rescue_winner"": 0.15264513945100933, ""slow_grind_winner"": 0.0, ""smooth_trend_winner"": 0.028791025345185076, ""stair_step_winner"": 0.48201540889509503}",stair_step_winner,choppy_reversal_winner,0.6895696609722094,0.0045159652422646105,0.0,0.0
up150pct,train,up150pct::SZ002493::000000,223,"{""choppy_reversal_winner"": 0.21109163407951145, ""jump_repricing_winner"": 0.07992257510776288, ""late_rescue_winner"": 0.14920097800709878, ""slow_grind_winner"": 0.0, ""smooth_trend_winner"": 0.08084743545667718, ""stair_step_winner"": 0.4789373773489498}",stair_step_winner,choppy_reversal_winner,0.7646494438302934,0.059010044280979924,0.0,0.13004484304932734
up150pct,train,up150pct::SZ002507::000000,16,"{""choppy_reversal_winner"": 0.18498323915490406, ""jump_repricing_winner"": 0.07203290228793557, ""late_rescue_winner"": 0.10834530883314805, ""slow_grind_winner"": 0.0, ""smooth_trend_winner"": 0.06461474253770709, ""stair_step_winner"": 0.5700238071863051}",stair_step_winner,choppy_reversal_winner,0.6919661279490585,0.015533099485445845,0.0,0.0
up150pct,train,up150pct::SZ002531::000000,1,"{""choppy_reversal_winner"": 0.35007072633178066, ""jump_repricing_winner"": 0.022754865366747087, ""late_rescue_winner"": 0.38523422257491746, ""slow_grind_winner"": 0.0, ""smooth_trend_winner"": 0.017239545941363035, ""stair_step_winner"": 0.22470063978519167}",late_rescue_winner,choppy_reversal_winner,0.684509145260271,0.0,0.0,1.0
up150pct,train,up150pct::SZ002555::000000,37,"{""choppy_reversal_winner"": 0.17761525687175073, ""jump_repricing_winner"": 0.06308751822955778, ""late_rescue_winner"": 0.09952300630316437, ""slow_grind_winner"": 0.0, ""smooth_trend_winner"": 0.05331401589665182, ""stair_step_winner"": 0.6064602026988754}",stair_step_winner,choppy_reversal_winner,0.6532675580068684,0.010269454904045872,0.0,0.0
up150pct,train,up150pct::SZ002572::000000,1,"{""choppy_reversal_winner"": 0.3153035008560822, ""jump_repricing_winner"": 0.026336022144383152, ""late_rescue_winner"": 0.34433379059195557, ""slow_grind_winner"": 0.0, ""smooth_trend_winner"": 0.021286829823980433, ""stair_step_winner"": 0.2927398565835986}",late_rescue_winner,choppy_reversal_winner,0.7079006659552134,0.0,0.0,0.0
up150pct,train,up150pct::SZ002607::000000,93,"{""choppy_reversal_winner"": 0.2173115508738807, ""jump_repricing_winner"": 0.06692042439963614, ""late_rescue_winner"": 0.17079519983505712, ""slow_grind_winner"": 0.0, ""smooth_trend_winner"": 0.06808602616350186, ""stair_step_winner"": 0.4768867987279243}",stair_step_winner,choppy_reversal_winner,0.7537803074431031,0.027333474222727232,0.0,0.4838709677419355
up150pct,train,up150pct::SZ002624::000000,4,"{""choppy_reversal_winner"": 0.2981958883290858, ""jump_repricing_winner"": 0.03525283656788288, ""late_rescue_winner"": 0.17820324157588757, ""slow_grind_winner"": 0.0, ""smooth_trend_winner"": 0.027473054282846857, ""stair_step_winner"": 0.4608749792442969}",stair_step_winner,choppy_reversal_winner,0.6931047877335131,0.024160461449257282,0.0,0.0
up150pct,train,up150pct::SZ002705::000000,17,"{""choppy_reversal_winner"": 0.15613954987018652, ""jump_repricing_winner"": 0.11449252745610469, ""late_rescue_winner"": 0.0933738417656993, ""slow_grind_winner"": 0.0, ""smooth_trend_winner"": 0.12236817105581628, ""stair_step_winner"": 0.5136259098521933}",stair_step_winner,choppy_reversal_winner,0.7583372992615591,0.04088339192332293,0.0,0.058823529411764705
up150pct,robustness,up150pct::SZ002709::000000,223,"{""choppy_reversal_winner"": 0.21347844223357637, ""jump_repricing_winner"": 0.10938947767739735, ""late_rescue_winner"": 0.18506225987289557, ""slow_grind_winner"": 0.0, ""smooth_trend_winner"": 0.13455421970171008, ""stair_step_winner"": 0.35751560051442066}",stair_step_winner,choppy_reversal_winner,0.8491932400177497,0.11032630946352946,0.0,0.24663677130044842
up150pct,train,up150pct::SZ002791::000000,57,"{""choppy_reversal_winner"": 0.22408169691160817, ""jump_repricing_winner"": 0.07772640346907042, ""late_rescue_winner"": 0.1344657420977285, ""slow_grind_winner"": 0.0, ""smooth_trend_winner"": 0.08581471397088651, ""stair_step_winner"": 0.47791144355070636}",stair_step_winner,choppy_reversal_winner,0.7629951890746317,0.06724360954675947,0.0,0.10526315789473684
up150pct,robustness,up150pct::SZ002812::000000,50,"{""choppy_reversal_winner"": 0.2892976641043403, ""jump_repricing_winner"": 0.042658776005902385, ""late_rescue_winner"": 0.19765900934583466, ""slow_grind_winner"": 0.0, ""smooth_trend_winner"": 0.03379803781709334, ""stair_step_winner"": 0.4365865127268293}",stair_step_winner,choppy_reversal_winner,0.7200441699426685,0.013195400206152327,0.0,0.96
up150pct,robustness,up150pct::SZ002837::000000,56,"{""choppy_reversal_winner"": 0.20803326384100254, ""jump_repricing_winner"": 0.11192698800331034, ""late_rescue_winner"": 0.1283201996334924, ""slow_grind_winner"": 0.0, ""smooth_trend_winner"": 0.15899062373942913, ""stair_step_winner"": 0.3927289247827656}",stair_step_winner,choppy_reversal_winner,0.8341702061424745,0.10332071863013048,0.125,0.0
up150pct,robustness,up150pct::SZ002851::000000,11,"{""choppy_reversal_winner"": 0.28819264209681117, ""jump_repricing_winner"": 0.03426241835731768, ""late_rescue_winner"": 0.19389087264206764, ""slow_grind_winner"": 0.0, ""smooth_trend_winner"": 0.02601760195396672, ""stair_step_winner"": 0.4576364649498368}",stair_step_winner,choppy_reversal_winner,0.6947766335518095,0.038109018605603374,0.0,0.09090909090909091
up150pct,train,up150pct::SZ003022::000000,35,"{""choppy_reversal_winner"": 0.06877319903790874, ""jump_repricing_winner"": 0.26195897313835975, ""late_rescue_winner"": 0.03826432735589066, ""slow_grind_winner"": 0.0, ""smooth_trend_winner"": 0.3379926378430584, ""stair_step_winner"": 0.2930108626247824}",smooth_trend_winner,stair_step_winner,0.7736498370128387,0.044530227686155305,0.0,0.05714285714285714
up150pct,validation,up150pct::SZ003031::000000,6,"{""choppy_reversal_winner"": 0.40350794914185634, ""jump_repricing_winner"": 0.015165022873654158, ""late_rescue_winner"": 0.3753081007072805, ""slow_grind_winner"": 0.0, ""smooth_trend_winner"": 0.010108799303891988, ""stair_step_winner"": 0.19591012797331697}",choppy_reversal_winner,late_rescue_winner,0.6492675308886592,0.001292968514128777,0.0,1.0
up150pct,train,up150pct::SZ300001::000000,14,"{""choppy_reversal_winner"": 0.38372888233046076, ""jump_repricing_winner"": 0.027258105904531812, ""late_rescue_winner"": 0.2158249307621233, ""slow_grind_winner"": 0.0, ""smooth_trend_winner"": 0.017191630046135213, ""stair_step_winner"": 0.35599645095674887}",choppy_reversal_winner,stair_step_winner,0.6888201267312491,0.004638668412197656,0.0,0.0
up150pct,train,up150pct::SZ300010::000000,6,"{""choppy_reversal_winner"": 0.25877396577479084, ""jump_repricing_winner"": 0.0429578417074343, ""late_rescue_winner"": 0.14828248200507302, ""slow_grind_winner"": 0.0, ""smooth_trend_winner"": 0.03227999619090832, ""stair_step_winner"": 0.5177057143217935}",stair_step_winner,choppy_reversal_winner,0.6807259870658957,0.006154980521466219,0.0,0.0
up150pct,train,up150pct::SZ300012::000000,31,"{""choppy_reversal_winner"": 0.2797104368830235, ""jump_repricing_winner"": 0.05751512163972245, ""late_rescue_winner"": 0.21796723854176528, ""slow_grind_winner"": 0.0, ""smooth_trend_winner"": 0.05089693249132539, ""stair_step_winner"": 0.3939102704441633}",stair_step_winner,choppy_reversal_winner,0.7652808770184233,0.009451455943345295,0.0,1.0
up150pct,train,up150pct::SZ300026::000000,35,"{""choppy_reversal_winner"": 0.37344842674950984, ""jump_repricing_winner"": 0.04131608300424405, ""late_rescue_winner"": 0.3567070502825964, ""slow_grind_winner"": 0.0, ""smooth_trend_winner"": 0.02324959924679702, ""stair_step_winner"": 0.2052788407168526}",choppy_reversal_winner,late_rescue_winner,0.7142072727303346,0.07053898840521275,0.0,0.0
up150pct,train,up150pct::SZ300031::000000,41,"{""choppy_reversal_winner"": 0.33128000437929234, ""jump_repricing_winner"": 0.00645057109967295, ""late_rescue_winner"": 0.5844336649662535, ""slow_grind_winner"": 0.0, ""smooth_trend_winner"": 0.0039408874496123375, ""stair_step_winner"": 0.07389487210516887}",late_rescue_winner,choppy_reversal_winner,0.5172335757676246,0.015109830904477458,0.9024390243902439,0.0
up150pct,robustness,up150pct::SZ300037::000000,11,"{""choppy_reversal_winner"": 0.26762887311459016, ""jump_repricing_winner"": 0.054604751288314275, ""late_rescue_winner"": 0.1984961460490317, ""slow_grind_winner"": 0.0, ""smooth_trend_winner"": 0.045736289743441454, ""stair_step_winner"": 0.43353393980462235}",stair_step_winner,choppy_reversal_winner,0.7456043150652177,0.018227264971793347,0.0,1.0
up150pct,train,up150pct::SZ300039::000000,35,"{""choppy_reversal_winner"": 0.38862076121223216, ""jump_repricing_winner"": 0.012600112458050972, ""late_rescue_winner"": 0.42829626226375966, ""slow_grind_winner"": 0.0, ""smooth_trend_winner"": 0.008223015455059664, ""stair_step_winner"": 0.1622598486108976}",late_rescue_winner,choppy_reversal_winner,0.6251644851271816,0.007561079831203345,0.0,0.0
up150pct,train,up150pct::SZ300047::000000,14,"{""choppy_reversal_winner"": 0.3825974763563032, ""jump_repricing_winner"": 0.010730632338352506, ""late_rescue_winner"": 0.4665146306286557, ""slow_grind_winner"": 0.0, ""smooth_trend_winner"": 0.006865495824287713, ""stair_step_winner"": 0.1332917648524009}",late_rescue_winner,choppy_reversal_winner,0.5998351629436539,0.0055347741174518504,0.0,0.0
up150pct,train,up150pct::SZ300053::000000,35,"{""choppy_reversal_winner"": 0.3756957969914489, ""jump_repricing_winner"": 0.016057520847624608, ""late_rescue_winner"": 0.4250535746795583, ""slow_grind_winner"": 0.0, ""smooth_trend_winner"": 0.010732476724799073, ""stair_step_winner"": 0.17246063075656906}",late_rescue_winner,choppy_reversal_winner,0.641587734080405,0.007428636815512558,0.0,0.6571428571428571
up150pct,robustness,up150pct::SZ300054::000000,231,"{""choppy_reversal_winner"": 0.22393708711580218, ""jump_repricing_winner"": 0.06266921132718209, ""late_rescue_winner"": 0.157784604460505, ""slow_grind_winner"": 0.0, ""smooth_trend_winner"": 0.05230484227480147, ""stair_step_winner"": 0.5033042548217092}",stair_step_winner,choppy_reversal_winner,0.725499051809534,0.03849593173079354,0.0,0.49783549783549785
up150pct,train,up150pct::SZ300055::000000,18,"{""choppy_reversal_winner"": 0.4027840466735728, ""jump_repricing_winner"": 0.017369001841276203, ""late_rescue_winner"": 0.3684580502186049, ""slow_grind_winner"": 0.0, ""smooth_trend_winner"": 0.011129756553406886, ""stair_step_winner"": 0.20025914471313924}",choppy_reversal_winner,late_rescue_winner,0.6567057707128543,0.021031655045910303,0.0,0.2222222222222222
up150pct,train,up150pct::SZ300079::000000,36,"{""choppy_reversal_winner"": 0.42140053127457267, ""jump_repricing_winner"": 0.017771772899437804, ""late_rescue_winner"": 0.3753613498768169, ""slow_grind_winner"": 0.0, ""smooth_trend_winner"": 0.010791245859862734, ""stair_step_winner"": 0.17467510008930995}",choppy_reversal_winner,late_rescue_winner,0.6458683383899155,0.028319952898412725,0.0,0.3333333333333333
up150pct,train,up150pct::SZ300085::000000,368,"{""choppy_reversal_winner"": 0.328644780036885, ""jump_repricing_winner"": 0.017046012853723744, ""late_rescue_winner"": 0.532283109341535, ""slow_grind_winner"": 0.0, ""smooth_trend_winner"": 0.020983000881438497, ""stair_step_winner"": 0.10104309688641772}",late_rescue_winner,choppy_reversal_winner,0.604687870907459,0.048207787269610856,0.15489130434782608,0.021739130434782608
up150pct,train,up150pct::SZ300087::000000,5,"{""choppy_reversal_winner"": 0.3226830879956091, ""jump_repricing_winner"": 0.027873348188021552, ""late_rescue_winner"": 0.23466318821367088, ""slow_grind_winner"": 0.0, ""smooth_trend_winner"": 0.02077940879650913, ""stair_step_winner"": 0.39400096680618935}",stair_step_winner,choppy_reversal_winner,0.6989821506462406,0.0401776606095437,0.0,0.2
up150pct,train,up150pct::SZ300101::000000,73,"{""choppy_reversal_winner"": 0.35479555036673793, ""jump_repricing_winner"": 0.02439041471372089, ""late_rescue_winner"": 0.2983039126288285, ""slow_grind_winner"": 0.0, ""smooth_trend_winner"": 0.017988311724063136, ""stair_step_winner"": 0.3045218105666495}",choppy_reversal_winner,stair_step_winner,0.6995460889512706,0.02025707070308468,0.0,0.6712328767123288
up150pct,train,up150pct::SZ300113::000000,10,"{""choppy_reversal_winner"": 0.31373161123299115, ""jump_repricing_winner"": 0.03456298382320057, ""late_rescue_winner"": 0.1997950231077119, ""slow_grind_winner"": 0.0, ""smooth_trend_winner"": 0.024798994530560375, ""stair_step_winner"": 0.427111387305536}",stair_step_winner,choppy_reversal_winner,0.7014211485758816,0.006648895154034597,0.0,0.0
up150pct,train,up150pct::SZ300113::000001,1,"{""choppy_reversal_winner"": 0.372158511496072, ""jump_repricing_winner"": 0.018383453234779308, ""late_rescue_winner"": 0.39888576063296044, ""slow_grind_winner"": 0.0, ""smooth_trend_winner"": 0.012682015663348678, ""stair_step_winner"": 0.19789025897283966}",late_rescue_winner,choppy_reversal_winner,0.6607520770208335,0.0,0.0,1.0
up150pct,robustness,up150pct::SZ300115::000000,41,"{""choppy_reversal_winner"": 0.30094293262261, ""jump_repricing_winner"": 0.05690085867769857, ""late_rescue_winner"": 0.20503469504073216, ""slow_grind_winner"": 0.0, ""smooth_trend_winner"": 0.03820822928262432, ""stair_step_winner"": 0.39891328437633494}",stair_step_winner,choppy_reversal_winner,0.7482719177351624,0.029461614539962298,0.0,0.2682926829268293
up150pct,train,up150pct::SZ300118::000000,217,"{""choppy_reversal_winner"": 0.3305764110459694, ""jump_repricing_winner"": 0.04336452731864448, ""late_rescue_winner"": 0.28733270353547563, ""slow_grind_winner"": 0.0, ""smooth_trend_winner"": 0.032874129911235984, ""stair_step_winner"": 0.3058522281886746}",choppy_reversal_winner,stair_step_winner,0.7450423234110806,0.06861968778870636,0.0,0.3778801843317972
up150pct,train,up150pct::SZ300122::000000,203,"{""choppy_reversal_winner"": 0.2223031961232355, ""jump_repricing_winner"": 0.0879376311807541, ""late_rescue_winner"": 0.15237175264731978, ""slow_grind_winner"": 0.0, ""smooth_trend_winner"": 0.09416179108375689, ""stair_step_winner"": 0.4432256289649337}",stair_step_winner,choppy_reversal_winner,0.7913266441263812,0.0605960207173258,0.0,0.6847290640394089
up150pct,train,up150pct::SZ300123::000000,137,"{""choppy_reversal_winner"": 0.3725224252035987, ""jump_repricing_winner"": 0.0453146911381887, ""late_rescue_winner"": 0.22175072929072653, ""slow_grind_winner"": 0.0, ""smooth_trend_winner"": 0.04231824796230025, ""stair_step_winner"": 0.31809390640518587}",choppy_reversal_winner,stair_step_winner,0.7480029213528767,0.05885355046277942,0.0,0.0072992700729927005
up150pct,train,up150pct::SZ300127::000000,49,"{""choppy_reversal_winner"": 0.3657246068449614, ""jump_repricing_winner"": 0.0187150325644365, ""late_rescue_winner"": 0.427113030772398, ""slow_grind_winner"": 0.0, ""smooth_trend_winner"": 0.013131707301298798, ""stair_step_winner"": 0.17531562251690536}",late_rescue_winner,choppy_reversal_winner,0.651776841520355,0.017185041004613735,0.0,0.673469387755102
up150pct,train,up150pct::SZ300131::000000,157,"{""choppy_reversal_winner"": 0.36275668900818375, ""jump_repricing_winner"": 0.016498072092269344, ""late_rescue_winner"": 0.4494713564012295, ""slow_grind_winner"": 0.0, ""smooth_trend_winner"": 0.011172696200423868, ""stair_step_winner"": 0.1601011862978935}",late_rescue_winner,choppy_reversal_winner,0.6354119102641798,0.011952909775837628,0.0,0.7643312101910829
up150pct,train,up150pct::SZ300132::000000,1,"{""choppy_reversal_winner"": 0.2955100446762874, ""jump_repricing_winner"": 0.045425467281972144, ""late_rescue_winner"": 0.2108235120096602, ""slow_grind_winner"": 0.0, ""smooth_trend_winner"": 0.035227261739948265, ""stair_step_winner"": 0.41301371429213185}",stair_step_winner,choppy_reversal_winner,0.7322216592474321,0.0,0.0,1.0
up150pct,train,up150pct::SZ300137::000000,11,"{""choppy_reversal_winner"": 0.3720682422799749, ""jump_repricing_winner"": 0.009046819575647149, ""late_rescue_winner"": 0.5103396231998562, ""slow_grind_winner"": 0.0, ""smooth_trend_winner"": 0.005573633236585351, ""stair_step_winner"": 0.10297168170793651}",late_rescue_winner,choppy_reversal_winner,0.5674477710825854,0.0054523047573179426,0.09090909090909091,0.0
up150pct,train,up150pct::SZ300143::000000,1,"{""choppy_reversal_winner"": 0.03929265630093242, ""jump_repricing_winner"": 0.2701944130007038, ""late_rescue_winner"": 0.02327326311038649, ""slow_grind_winner"": 0.0, ""smooth_trend_winner"": 0.5167659110911994, ""stair_step_winner"": 0.15047375649677786}",smooth_trend_winner,jump_repricing_winner,0.6666187330281208,0.0,0.0,0.0
up150pct,train,up150pct::SZ300158::000000,42,"{""choppy_reversal_winner"": 0.34005270288883704, ""jump_repricing_winner"": 0.023811805523451475, ""late_rescue_winner"": 0.35590199209491985, ""slow_grind_winner"": 0.0, ""smooth_trend_winner"": 0.017933838290433612, ""stair_step_winner"": 0.262299661202358}",late_rescue_winner,choppy_reversal_winner,0.695752108993567,0.008201346494586976,0.0,0.23809523809523808
up150pct,train,up150pct::SZ300171::000000,213,"{""choppy_reversal_winner"": 0.24953262305465473, ""jump_repricing_winner"": 0.10116412822114423, ""late_rescue_winner"": 0.20073810791868493, ""slow_grind_winner"": 0.0, ""smooth_trend_winner"": 0.10781828940216467, ""stair_step_winner"": 0.3407468514033514}",stair_step_winner,choppy_reversal_winner,0.8413487874019949,0.09429000140435688,0.004694835680751174,0.3755868544600939
up150pct,train,up150pct::SZ300181::000000,19,"{""choppy_reversal_winner"": 0.33809869602656195, ""jump_repricing_winner"": 0.022271338521183914, ""late_rescue_winner"": 0.39188251706069804, ""slow_grind_winner"": 0.0, ""smooth_trend_winner"": 0.01764122992065995, ""stair_step_winner"": 0.23010621847089602}",late_rescue_winner,choppy_reversal_winner,0.6852400685200551,0.0077317999606316785,0.0,0.8947368421052632
up150pct,train,up150pct::SZ300184::000000,82,"{""choppy_reversal_winner"": 0.36181362267319733, ""jump_repricing_winner"": 0.015815812663370832, ""late_rescue_winner"": 0.4373619220982711, ""slow_grind_winner"": 0.0, ""smooth_trend_winner"": 0.011046726895228561, ""stair_step_winner"": 0.17396191566993227}",late_rescue_winner,choppy_reversal_winner,0.6413398384312162,0.01077682953752611,0.0,0.5
up150pct,train,up150pct::SZ300191::000000,96,"{""choppy_reversal_winner"": 0.31704205003017016, ""jump_repricing_winner"": 0.00766078991279763, ""late_rescue_winner"": 0.5954529074903694, ""slow_grind_winner"": 0.0, ""smooth_trend_winner"": 0.004774026255924636, ""stair_step_winner"": 0.07507022631073818}",late_rescue_winner,choppy_reversal_winner,0.5191057422488835,0.010670445889835156,0.875,0.0
up150pct,train,up150pct::SZ300203::000000,79,"{""choppy_reversal_winner"": 0.405188495150291, ""jump_repricing_winner"": 0.01392714678478371, ""late_rescue_winner"": 0.3830579326596814, ""slow_grind_winner"": 0.0, ""smooth_trend_winner"": 0.009428657402672892, ""stair_step_winner"": 0.1883977680025711}",choppy_reversal_winner,late_rescue_winner,0.6427152994053775,0.01396011143296874,0.0,0.31645569620253167
up150pct,train,up150pct::SZ300206::000000,1,"{""choppy_reversal_winner"": 0.1354101668715784, ""jump_repricing_winner"": 0.10283522560375535, ""late_rescue_winner"": 0.07221897285044279, ""slow_grind_winner"": 0.0, ""smooth_trend_winner"": 0.08931649226214196, ""stair_step_winner"": 0.6002191424120816}",stair_step_winner,choppy_reversal_winner,0.6789922485372223,0.0,0.0,0.0
up150pct,robustness,up150pct::SZ300207::000000,50,"{""choppy_reversal_winner"": 0.3237186017185219, ""jump_repricing_winner"": 0.03795604138012589, ""late_rescue_winner"": 0.25370882334107026, ""slow_grind_winner"": 0.0, ""smooth_trend_winner"": 0.02654837202001562, ""stair_step_winner"": 0.3580681615402663}",stair_step_winner,choppy_reversal_winner,0.7262957463202623,0.005500761604681663,0.0,0.68
up150pct,train,up150pct::SZ300219::000000,2,"{""choppy_reversal_winner"": 0.3308541935362236, ""jump_repricing_winner"": 0.036941950957930125, ""late_rescue_winner"": 0.28738862648220964, ""slow_grind_winner"": 0.0, ""smooth_trend_winner"": 0.028602789390527038, ""stair_step_winner"": 0.31621243963310974}",choppy_reversal_winner,stair_step_winner,0.7321744056825414,0.00030649554906058584,0.0,1.0
up150pct,train,up150pct::SZ300223::000000,47,"{""choppy_reversal_winner"": 0.17691520166679414, ""jump_repricing_winner"": 0.1683789873587226, ""late_rescue_winner"": 0.10115829278410014, ""slow_grind_winner"": 0.0, ""smooth_trend_winner"": 0.20818360225291027, ""stair_step_winner"": 0.345363915937473}",stair_step_winner,smooth_trend_winner,0.8550544987585986,0.11354900290990604,0.19148936170212766,0.0
up150pct,train,up150pct::SZ300236::000000,129,"{""choppy_reversal_winner"": 0.28781150559985785, ""jump_repricing_winner"": 0.06833059097967895, ""late_rescue_winner"": 0.3465061003229263, ""slow_grind_winner"": 0.0, ""smooth_trend_winner"": 0.1337557784160542, ""stair_step_winner"": 0.1635960246814827}",late_rescue_winner,choppy_reversal_winner,0.8228268151458052,0.12823151811095732,0.20930232558139536,0.21705426356589147
up150pct,train,up150pct::SZ300244::000000,41,"{""choppy_reversal_winner"": 0.30638122741617835, ""jump_repricing_winner"": 0.03339475750367281, ""late_rescue_winner"": 0.21569135637594294, ""slow_grind_winner"": 0.0, ""smooth_trend_winner"": 0.025507631471062824, ""stair_step_winner"": 0.419025027233143}",stair_step_winner,choppy_reversal_winner,0.7059302905738675,0.02265345523782389,0.0,0.7804878048780488
up150pct,robustness,up150pct::SZ300253::000000,1,"{""choppy_reversal_winner"": 0.4123253070935261, ""jump_repricing_winner"": 0.02017302588849023, ""late_rescue_winner"": 0.26819231762839635, ""slow_grind_winner"": 0.0, ""smooth_trend_winner"": 0.01255215914169202, ""stair_step_winner"": 0.28675719024789526}",choppy_reversal_winner,stair_step_winner,0.6753922811343377,0.0,0.0,0.0
up150pct,train,up150pct::SZ300255::000000,55,"{""choppy_reversal_winner"": 0.32312947974860123, ""jump_repricing_winner"": 0.015691251159822495, ""late_rescue_winner"": 0.5281109120640568, ""slow_grind_winner"": 0.0, ""smooth_trend_winner"": 0.011178626668719039, ""stair_step_winner"": 0.12188973035880037}",late_rescue_winner,choppy_reversal_winner,0.5995064804984331,0.020675934025790432,0.07272727272727272,0.0
up150pct,robustness,up150pct::SZ300255::000001,15,"{""choppy_reversal_winner"": 0.10451573995797027, ""jump_repricing_winner"": 0.327403568459485, ""late_rescue_winner"": 0.07248771035043534, ""slow_grind_winner"": 0.0, ""smooth_trend_winner"": 0.2136341952732151, ""stair_step_winner"": 0.28195878595889445}",jump_repricing_winner,stair_step_winner,0.8251884648706562,0.04600888994760952,0.0,0.26666666666666666
up150pct,train,up150pct::SZ300259::000000,3,"{""choppy_reversal_winner"": 0.2929391985239676, ""jump_repricing_winner"": 0.010137677720150153, ""late_rescue_winner"": 0.5970494396292635, ""slow_grind_winner"": 0.0, ""smooth_trend_winner"": 0.0069786751156069955, ""stair_step_winner"": 0.0928950090110117}",late_rescue_winner,choppy_reversal_winner,0.5411105110236029,0.010734640172234989,0.6666666666666666,0.0
up150pct,train,up150pct::SZ300261::000000,37,"{""choppy_reversal_winner"": 0.4535922857732798, ""jump_repricing_winner"": 0.00953456994894448, ""late_rescue_winner"": 0.40357622197663123, ""slow_grind_winner"": 0.0, ""smooth_trend_winner"": 0.005812736282576517, ""stair_step_winner"": 0.12748418601856804}",choppy_reversal_winner,late_rescue_winner,0.5925256968218452,0.014708412813518422,0.0,0.02702702702702703
up150pct,train,up150pct::SZ300276::000000,70,"{""choppy_reversal_winner"": 0.33828515760057004, ""jump_repricing_winner"": 0.010868173948610718, ""late_rescue_winner"": 0.5374299221997165, ""slow_grind_winner"": 0.0, ""smooth_trend_winner"": 0.0072166554958220264, ""stair_step_winner"": 0.10620009075528067}",late_rescue_winner,choppy_reversal_winner,0.5710899689293407,0.016895357377167023,0.1,0.0
up150pct,train,up150pct::SZ300284::000000,2,"{""choppy_reversal_winner"": 0.3347555947052242, ""jump_repricing_winner"": 0.006147693104492631, ""late_rescue_winner"": 0.5898944640436614, ""slow_grind_winner"": 0.0, ""smooth_trend_winner"": 0.003579562191910276, ""stair_step_winner"": 0.06562268595471148}",late_rescue_winner,choppy_reversal_winner,0.5067107492952846,0.011776002722537931,1.0,0.0
up150pct,train,up150pct::SZ300285::000000,60,"{""choppy_reversal_winner"": 0.29668241427888337, ""jump_repricing_winner"": 0.045658122577539755, ""late_rescue_winner"": 0.23322613342710108, ""slow_grind_winner"": 0.0, ""smooth_trend_winner"": 0.03875431339586697, ""stair_step_winner"": 0.3856790163206089}",stair_step_winner,choppy_reversal_winner,0.744725577554426,0.010991880052485992,0.0,0.9666666666666667
up150pct,robustness,up150pct::SZ300285::000001,89,"{""choppy_reversal_winner"": 0.3002681389681516, ""jump_repricing_winner"": 0.05004804177901543, ""late_rescue_winner"": 0.2674314514592174, ""slow_grind_winner"": 0.0, ""smooth_trend_winner"": 0.04273068463047091, ""stair_step_winner"": 0.3395216831631447}",stair_step_winner,choppy_reversal_winner,0.7620008646942681,0.018613966594904774,0.0,1.0
up150pct,train,up150pct::SZ300287::000000,2,"{""choppy_reversal_winner"": 0.35086060679787084, ""jump_repricing_winner"": 0.010987772590564972, ""late_rescue_winner"": 0.5504809579773862, ""slow_grind_winner"": 0.0, ""smooth_trend_winner"": 0.0065165124150514744, ""stair_step_winner"": 0.08115415021912653}",late_rescue_winner,choppy_reversal_winner,0.548217033287981,0.0003383162701353678,0.0,0.0
up150pct,train,up150pct::SZ300292::000000,1,"{""choppy_reversal_winner"": 0.07937579158812648, ""jump_repricing_winner"": 0.268587791789601, ""late_rescue_winner"": 0.045485419507481493, ""slow_grind_winner"": 0.0, ""smooth_trend_winner"": 0.2995944514842172, ""stair_step_winner"": 0.3069565456305738}",stair_step_winner,smooth_trend_winner,0.7916179752609929,0.0,0.0,0.0
up150pct,train,up150pct::SZ300299::000000,3,"{""choppy_reversal_winner"": 0.43338544691598124, ""jump_repricing_winner"": 0.013216680436351352, ""late_rescue_winner"": 0.4014351371450074, ""slow_grind_winner"": 0.0, ""smooth_trend_winner"": 0.008179439444025426, ""stair_step_winner"": 0.14378329605863452}",choppy_reversal_winner,late_rescue_winner,0.6162154596014036,0.0043642349311122895,0.0,0.0
up150pct,train,up150pct::SZ300310::000000,2,"{""choppy_reversal_winner"": 0.3092131140004036, ""jump_repricing_winner"": 0.012360827963961703, ""late_rescue_winner"": 0.542737151546355, ""slow_grind_winner"": 0.0, ""smooth_trend_winner"": 0.008958946350121656, ""stair_step_winner"": 0.126729960139158}",late_rescue_winner,choppy_reversal_winner,0.5876603223670225,0.0012124045355301298,0.0,0.0
up150pct,train,up150pct::SZ300315::000000,39,"{""choppy_reversal_winner"": 0.31054975857006933, ""jump_repricing_winner"": 0.04060301581172811, ""late_rescue_winner"": 0.2273259574225626, ""slow_grind_winner"": 0.0, ""smooth_trend_winner"": 0.03163704829886046, ""stair_step_winner"": 0.38988421989677957}",stair_step_winner,choppy_reversal_winner,0.7291676831970114,0.013036984069216157,0.0,0.9487179487179487
up150pct,train,up150pct::SZ300316::000000,109,"{""choppy_reversal_winner"": 0.26619316508279617, ""jump_repricing_winner"": 0.049094813848329005, ""late_rescue_winner"": 0.16888040957835376, ""slow_grind_winner"": 0.0, ""smooth_trend_winner"": 0.03707588648801067, ""stair_step_winner"": 0.4787557250025104}",stair_step_winner,choppy_reversal_winner,0.7118387463534834,0.022079410653143016,0.0,0.3486238532110092
up150pct,robustness,up150pct::SZ300316::000001,3,"{""choppy_reversal_winner"": 0.2316987648512254, ""jump_repricing_winner"": 0.16192513554652968, ""late_rescue_winner"": 0.13913192763774462, ""slow_grind_winner"": 0.0, ""smooth_trend_winner"": 0.13169318091723814, ""stair_step_winner"": 0.3355509910472622}",stair_step_winner,choppy_reversal_winner,0.8602886287524633,0.0702600030587478,0.0,0.0
up150pct,train,up150pct::SZ300322::000000,21,"{""choppy_reversal_winner"": 0.3320244680008165, ""jump_repricing_winner"": 0.017701091289268445, ""late_rescue_winner"": 0.45709370015740436, ""slow_grind_winner"": 0.0, ""smooth_trend_winner"": 0.012535423499187067, ""stair_step_winner"": 0.18064531705332373}",late_rescue_winner,choppy_reversal_winner,0.6470418572788031,0.058928308519010514,0.0,0.14285714285714285
up150pct,train,up150pct::SZ300326::000000,64,"{""choppy_reversal_winner"": 0.2297825197641127, ""jump_repricing_winner"": 0.043596422692262084, ""late_rescue_winner"": 0.13709871430420445, ""slow_grind_winner"": 0.0, ""smooth_trend_winner"": 0.034111364054841345, ""stair_step_winner"": 0.5554109791845794}",stair_step_winner,choppy_reversal_winner,0.6634617975056083,0.008539017038813481,0.0,0.0
up150pct,train,up150pct::SZ300328::000000,32,"{""choppy_reversal_winner"": 0.34855173228705216, ""jump_repricing_winner"": 0.016016916579046393, ""late_rescue_winner"": 0.4621526385138181, ""slow_grind_winner"": 0.0, ""smooth_trend_winner"": 0.011110772854442041, ""stair_step_winner"": 0.16216793976564128}",late_rescue_winner,choppy_reversal_winner,0.6336205060177877,0.025888030887318447,0.0,0.78125
up150pct,train,up150pct::SZ300331::000000,5,"{""choppy_reversal_winner"": 0.3705984378710737, ""jump_repricing_winner"": 0.012703729970999675, ""late_rescue_winner"": 0.47270270105625534, ""slow_grind_winner"": 0.0, ""smooth_trend_winner"": 0.00827956415329965, ""stair_step_winner"": 0.1357155669483717}",late_rescue_winner,choppy_reversal_winner,0.6073723359412448,0.005029596516140507,0.0,0.4
up150pct,train,up150pct::SZ300339::000000,260,"{""choppy_reversal_winner"": 0.4093847005416048, ""jump_repricing_winner"": 0.030953166271240964, ""late_rescue_winner"": 0.34223233312862417, ""slow_grind_winner"": 0.0, ""smooth_trend_winner"": 0.018280237415607702, ""stair_step_winner"": 0.19914956264292238}",choppy_reversal_winner,late_rescue_winner,0.6890880772471071,0.03799117468917389,0.0,0.09230769230769231
up150pct,train,up150pct::SZ300341::000000,7,"{""choppy_reversal_winner"": 0.2909746397998391, ""jump_repricing_winner"": 0.008309981291848236, ""late_rescue_winner"": 0.6088225634361021, ""slow_grind_winner"": 0.0, ""smooth_trend_winner"": 0.005394547115746625, ""stair_step_winner"": 0.08649826835646393}",late_rescue_winner,choppy_reversal_winner,0.5251956305947121,0.007478526278769152,0.7142857142857143,0.0
up150pct,train,up150pct::SZ300342::000000,67,"{""choppy_reversal_winner"": 0.3116459839338472, ""jump_repricing_winner"": 0.01068520170418022, ""late_rescue_winner"": 0.5681183857733751, ""slow_grind_winner"": 0.0, ""smooth_trend_winner"": 0.0074163492215951156, ""stair_step_winner"": 0.10213407936700261}",late_rescue_winner,choppy_reversal_winner,0.5594823172965939,0.010509762490729463,0.16417910447761194,0.0
up150pct,train,up150pct::SZ300352::000000,18,"{""choppy_reversal_winner"": 0.38142394112040556, ""jump_repricing_winner"": 0.018155522495824784, ""late_rescue_winner"": 0.3282062359633565, ""slow_grind_winner"": 0.0, ""smooth_trend_winner"": 0.012686271423759641, ""stair_step_winner"": 0.2595280289966535}",choppy_reversal_winner,late_rescue_winner,0.6761802223803614,0.030555819381159977,0.0,0.7222222222222222
up150pct,train,up150pct::SZ300355::000000,6,"{""choppy_reversal_winner"": 0.3919571181140489, ""jump_repricing_winner"": 0.01090211821306588, ""late_rescue_winner"": 0.4658163726389981, ""slow_grind_winner"": 0.0, ""smooth_trend_winner"": 0.006630183211530932, ""stair_step_winner"": 0.1246942078223562}",late_rescue_winner,choppy_reversal_winner,0.5944419548161126,8.79541376098616e-05,0.0,0.0
up150pct,train,up150pct::SZ300357::000000,96,"{""choppy_reversal_winner"": 0.27353404486620436, ""jump_repricing_winner"": 0.05134518624957912, ""late_rescue_winner"": 0.1977120649730237, ""slow_grind_winner"": 0.0, ""smooth_trend_winner"": 0.04589455975877765, ""stair_step_winner"": 0.4315141441524151}",stair_step_winner,choppy_reversal_winner,0.7431866281559061,0.037153117695719017,0.0,0.7083333333333334
up150pct,train,up150pct::SZ300366::000000,1,"{""choppy_reversal_winner"": 0.3683419245593716, ""jump_repricing_winner"": 0.02911557201117518, ""late_rescue_winner"": 0.3110281633197484, ""slow_grind_winner"": 0.0, ""smooth_trend_winner"": 0.020129748969015912, ""stair_step_winner"": 0.2713845911406889}",choppy_reversal_winner,late_rescue_winner,0.7069305462816,0.0,0.0,1.0
up150pct,train,up150pct::SZ300368::000000,15,"{""choppy_reversal_winner"": 0.3716172010694458, ""jump_repricing_winner"": 0.02270977617162817, ""late_rescue_winner"": 0.32990124010596716, ""slow_grind_winner"": 0.0, ""smooth_trend_winner"": 0.015292403751390694, ""stair_step_winner"": 0.2604793789015683}",choppy_reversal_winner,late_rescue_winner,0.6887070971689114,0.012401679179296243,0.0,0.0
up150pct,train,up150pct::SZ300376::000000,100,"{""choppy_reversal_winner"": 0.14187417370874633, ""jump_repricing_winner"": 0.2487275055041907, ""late_rescue_winner"": 0.08765223284401098, ""slow_grind_winner"": 0.0, ""smooth_trend_winner"": 0.23622153533166204, ""stair_step_winner"": 0.2855245526113899}",stair_step_winner,jump_repricing_winner,0.8568448557735263,0.12588176660235426,0.07,0.0
up150pct,train,up150pct::SZ300386::000000,13,"{""choppy_reversal_winner"": 0.3341425887621133, ""jump_repricing_winner"": 0.034970541748368306, ""late_rescue_winner"": 0.25728431977952754, ""slow_grind_winner"": 0.0, ""smooth_trend_winner"": 0.0263577492379646, ""stair_step_winner"": 0.34724480047202627}",stair_step_winner,choppy_reversal_winner,0.7232870529811151,0.010186152031724967,0.0,1.0
up150pct,train,up150pct::SZ300397::000000,22,"{""choppy_reversal_winner"": 0.2882291555757226, ""jump_repricing_winner"": 0.05870632892542109, ""late_rescue_winner"": 0.19694958841023213, ""slow_grind_winner"": 0.0, ""smooth_trend_winner"": 0.054205226999371366, ""stair_step_winner"": 0.40190970008925275}",stair_step_winner,choppy_reversal_winner,0.7642575107945486,0.06245170510035277,0.0,0.0
up150pct,train,up150pct::SZ300413::000000,135,"{""choppy_reversal_winner"": 0.26310449603426384, ""jump_repricing_winner"": 0.04425195809878136, ""late_rescue_winner"": 0.18607817609187163, ""slow_grind_winner"": 0.0, ""smooth_trend_winner"": 0.03681765175186232, ""stair_step_winner"": 0.4697477180232208}",stair_step_winner,choppy_reversal_winner,0.7136350472482615,0.03991401306164529,0.0,0.3111111111111111
up150pct,validation,up150pct::SZ300418::000000,74,"{""choppy_reversal_winner"": 0.032251272616666514, ""jump_repricing_winner"": 0.29764070216120714, ""late_rescue_winner"": 0.01880059024007629, ""slow_grind_winner"": 0.0, ""smooth_trend_winner"": 0.5305203508380271, ""stair_step_winner"": 0.12078708414402298}",smooth_trend_winner,jump_repricing_winner,0.6350046693074272,0.06853391736848756,0.5540540540540541,0.0
up150pct,train,up150pct::SZ300436::000000,11,"{""choppy_reversal_winner"": 0.35021326949203085, ""jump_repricing_winner"": 0.01141202279107587, ""late_rescue_winner"": 0.5152882414093106, ""slow_grind_winner"": 0.0, ""smooth_trend_winner"": 0.007482246577957874, ""stair_step_winner"": 0.11560421972962467}",late_rescue_winner,choppy_reversal_winner,0.5838948848605148,0.012299246612406568,0.0,0.36363636363636365
up150pct,robustness,up150pct::SZ300454::000000,92,"{""choppy_reversal_winner"": 0.2991962284240401, ""jump_repricing_winner"": 0.04590829687693832, ""late_rescue_winner"": 0.21021902579026136, ""slow_grind_winner"": 0.0, ""smooth_trend_winner"": 0.030004382889417907, ""stair_step_winner"": 0.41467206601934237}",stair_step_winner,choppy_reversal_winner,0.7258585792653205,0.0323509387749869,0.0,0.22826086956521738
up150pct,train,up150pct::SZ300455::000000,146,"{""choppy_reversal_winner"": 0.35097131011340565, ""jump_repricing_winner"": 0.015596291555241287, ""late_rescue_winner"": 0.46184775389706634, ""slow_grind_winner"": 0.0, ""smooth_trend_winner"": 0.01099619527919675, ""stair_step_winner"": 0.16058844915509005}",late_rescue_winner,choppy_reversal_winner,0.6320380900978275,0.021670719290849377,0.0547945205479452,0.3698630136986301
up150pct,robustness,up150pct::SZ300458::000000,2,"{""choppy_reversal_winner"": 0.15723089722125305, ""jump_repricing_winner"": 0.16037383035784686, ""late_rescue_winner"": 0.08915755157716687, ""slow_grind_winner"": 0.0, ""smooth_trend_winner"": 0.11161267781179751, ""stair_step_winner"": 0.48162504303193565}",stair_step_winner,jump_repricing_winner,0.7794226230736507,0.007783188381756159,0.0,0.0
up150pct,train,up150pct::SZ300465::000000,20,"{""choppy_reversal_winner"": 0.34802426174494516, ""jump_repricing_winner"": 0.013357426175449386, ""late_rescue_winner"": 0.49344391441544894, ""slow_grind_winner"": 0.0, ""smooth_trend_winner"": 0.00914357186460135, ""stair_step_winner"": 0.13603082579955514}",late_rescue_winner,choppy_reversal_winner,0.607119993467916,0.0056578981435834825,0.0,0.15
up150pct,train,up150pct::SZ300468::000000,2,"{""choppy_reversal_winner"": 0.3198939170570245, ""jump_repricing_winner"": 0.007016035985575306, ""late_rescue_winner"": 0.5867427112707823, ""slow_grind_winner"": 0.0, ""smooth_trend_winner"": 0.004400100840556538, ""stair_step_winner"": 0.08194723484606135}",late_rescue_winner,choppy_reversal_winner,0.52524616075179,0.009610347396861433,0.5,0.0
up150pct,validation,up150pct::SZ300474::000000,10,"{""choppy_reversal_winner"": 0.01371933927667456, ""jump_repricing_winner"": 0.400237088996359, ""late_rescue_winner"": 0.008471469428022453, ""slow_grind_winner"": 0.0, ""smooth_trend_winner"": 0.5254874748974447, ""stair_step_winner"": 0.05208462740149914}",smooth_trend_winner,jump_repricing_winner,0.5345436698950025,0.023200983173008897,0.7,0.0
up150pct,train,up150pct::SZ300485::000000,3,"{""choppy_reversal_winner"": 0.4002223219519254, ""jump_repricing_winner"": 0.02575438963415348, ""late_rescue_winner"": 0.2236654509111983, ""slow_grind_winner"": 0.0, ""smooth_trend_winner"": 0.016470675437092124, ""stair_step_winner"": 0.33388716206563074}",choppy_reversal_winner,stair_step_winner,0.6862465475998528,0.023898181356820286,0.0,0.0
up150pct,train,up150pct::SZ300493::000000,11,"{""choppy_reversal_winner"": 0.3326293557697489, ""jump_repricing_winner"": 0.0061514875370463264, ""late_rescue_winner"": 0.5882615894997308, ""slow_grind_winner"": 0.0, ""smooth_trend_winner"": 0.0036890300336513177, ""stair_step_winner"": 0.0692685371598226}",late_rescue_winner,choppy_reversal_winner,0.5107669538456499,0.0071235731466282905,1.0,0.0
up150pct,train,up150pct::SZ300516::000000,19,"{""choppy_reversal_winner"": 0.3579445076950441, ""jump_repricing_winner"": 0.00721219280944509, ""late_rescue_winner"": 0.5390302474597234, ""slow_grind_winner"": 0.0, ""smooth_trend_winner"": 0.004454459643396458, ""stair_step_winner"": 0.09135859239239096}",late_rescue_winner,choppy_reversal_winner,0.54647950131049,0.013014941514228209,0.5263157894736842,0.0
up150pct,train,up150pct::SZ300528::000000,3,"{""choppy_reversal_winner"": 0.3338764485726832, ""jump_repricing_winner"": 0.007718076425004877, ""late_rescue_winner"": 0.5645820912318726, ""slow_grind_winner"": 0.0, ""smooth_trend_winner"": 0.004820462517438568, ""stair_step_winner"": 0.08900292125300073}",late_rescue_winner,choppy_reversal_winner,0.540014502678088,0.01731877486385069,0.3333333333333333,0.0
up150pct,robustness,up150pct::SZ300548::000000,68,"{""choppy_reversal_winner"": 0.2691030482716877, ""jump_repricing_winner"": 0.06304085910371049, ""late_rescue_winner"": 0.16363307388447582, ""slow_grind_winner"": 0.0, ""smooth_trend_winner"": 0.053773470670959986, ""stair_step_winner"": 0.4504495480691661}",stair_step_winner,choppy_reversal_winner,0.747922558607517,0.0468722897384694,0.0,0.5294117647058824
up150pct,robustness,up150pct::SZ300567::000000,31,"{""choppy_reversal_winner"": 0.25876365362509834, ""jump_repricing_winner"": 0.04605561295230571, ""late_rescue_winner"": 0.217582018577368, ""slow_grind_winner"": 0.0, ""smooth_trend_winner"": 0.0393399633019901, ""stair_step_winner"": 0.4382587515432378}",stair_step_winner,choppy_reversal_winner,0.732374124625036,0.024321441967304718,0.0,0.5806451612903226
up150pct,train,up150pct::SZ300570::000000,154,"{""choppy_reversal_winner"": 0.3478177612340541, ""jump_repricing_winner"": 0.008266418655531575, ""late_rescue_winner"": 0.5519841446814774, ""slow_grind_winner"": 0.0, ""smooth_trend_winner"": 0.005129085334383812, ""stair_step_winner"": 0.08680259009455298}",late_rescue_winner,choppy_reversal_winner,0.543696701556484,0.012240823147676197,0.461038961038961,0.0
up150pct,train,up150pct::SZ300579::000000,8,"{""choppy_reversal_winner"": 0.35565161378862464, ""jump_repricing_winner"": 0.02265923491856628, ""late_rescue_winner"": 0.30720187935546084, ""slow_grind_winner"": 0.0, ""smooth_trend_winner"": 0.017079755607477022, ""stair_step_winner"": 0.29740751632987117}",choppy_reversal_winner,late_rescue_winner,0.6955329934563008,0.014953032971944452,0.0,0.5
up150pct,train,up150pct::SZ300602::000000,22,"{""choppy_reversal_winner"": 0.3745291586891483, ""jump_repricing_winner"": 0.012292421352758999, ""late_rescue_winner"": 0.46534626106797194, ""slow_grind_winner"": 0.0, ""smooth_trend_winner"": 0.008112209399878847, ""stair_step_winner"": 0.1397199494902418}",late_rescue_winner,choppy_reversal_winner,0.6094060618143169,0.00713731689038358,0.0,0.0
up150pct,train,up150pct::SZ300618::000000,1,"{""choppy_reversal_winner"": 0.19556214260422536, ""jump_repricing_winner"": 0.12548585927644318, ""late_rescue_winner"": 0.10611238723676114, ""slow_grind_winner"": 0.0, ""smooth_trend_winner"": 0.07690134949961115, ""stair_step_winner"": 0.4959382613829592}",stair_step_winner,choppy_reversal_winner,0.760536001230292,0.0,0.0,0.0
up150pct,robustness,up150pct::SZ300620::000000,27,"{""choppy_reversal_winner"": 0.15406262976639815, ""jump_repricing_winner"": 0.11478728241475357, ""late_rescue_winner"": 0.08592402053364027, ""slow_grind_winner"": 0.0, ""smooth_trend_winner"": 0.08802239284199252, ""stair_step_winner"": 0.5572036744432155}",stair_step_winner,choppy_reversal_winner,0.7184519337223996,0.011915590308713682,0.0,0.0
up150pct,train,up150pct::SZ300653::000000,5,"{""choppy_reversal_winner"": 0.38613783768631016, ""jump_repricing_winner"": 0.014544210863380438, ""late_rescue_winner"": 0.40227476535989154, ""slow_grind_winner"": 0.0, ""smooth_trend_winner"": 0.009929439223516431, ""stair_step_winner"": 0.18711374686690144}",late_rescue_winner,choppy_reversal_winner,0.6444448679292297,0.004293713507195602,0.0,0.0
up150pct,train,up150pct::SZ300671::000000,26,"{""choppy_reversal_winner"": 0.028007428732586152, ""jump_repricing_winner"": 0.27722946476932697, ""late_rescue_winner"": 0.024758758667635224, ""slow_grind_winner"": 0.0, ""smooth_trend_winner"": 0.6251094535375792, ""stair_step_winner"": 0.04489489429287242}",smooth_trend_winner,jump_repricing_winner,0.5471658225633684,0.07026915380382748,0.9230769230769231,0.07692307692307693
up150pct,train,up150pct::SZ300676::000000,21,"{""choppy_reversal_winner"": 0.12707833376747843, ""jump_repricing_winner"": 0.15221501662074188, ""late_rescue_winner"": 0.07278851700783562, ""slow_grind_winner"": 0.0, ""smooth_trend_winner"": 0.15150241503917966, ""stair_step_winner"": 0.4964157175647643}",stair_step_winner,jump_repricing_winner,0.7662772240456163,0.024066975898152692,0.0,0.0
up150pct,train,up150pct::SZ300697::000000,12,"{""choppy_reversal_winner"": 0.3361164361003057, ""jump_repricing_winner"": 0.017856734310368893, ""late_rescue_winner"": 0.4449325605281738, ""slow_grind_winner"": 0.0, ""smooth_trend_winner"": 0.013624367471398955, ""stair_step_winner"": 0.18746990158975255}",late_rescue_winner,choppy_reversal_winner,0.6535737894314875,0.006723369436005137,0.0,0.75
up150pct,train,up150pct::SZ300699::000000,117,"{""choppy_reversal_winner"": 0.27935018393618166, ""jump_repricing_winner"": 0.034914997297519894, ""late_rescue_winner"": 0.19982442651997256, ""slow_grind_winner"": 0.0, ""smooth_trend_winner"": 0.02842294737861475, ""stair_step_winner"": 0.4574874448677111}",stair_step_winner,choppy_reversal_winner,0.6999412529025009,0.03575298024729034,0.0,0.1623931623931624
up150pct,robustness,up150pct::SZ300724::000000,36,"{""choppy_reversal_winner"": 0.3190290206727502, ""jump_repricing_winner"": 0.058412499278537505, ""late_rescue_winner"": 0.20895846425729678, ""slow_grind_winner"": 0.0, ""smooth_trend_winner"": 0.035957506587321525, ""stair_step_winner"": 0.37764250920409403}",stair_step_winner,choppy_reversal_winner,0.7505812250704376,0.07260519427105783,0.0,0.1388888888888889
up150pct,train,up150pct::SZ300735::000000,43,"{""choppy_reversal_winner"": 0.42224560406696887, ""jump_repricing_winner"": 0.012920447971176623, ""late_rescue_winner"": 0.41030566009859387, ""slow_grind_winner"": 0.0, ""smooth_trend_winner"": 0.007809213807625558, ""stair_step_winner"": 0.14671907405563517}",choppy_reversal_winner,late_rescue_winner,0.6168469067173514,0.011753420429786126,0.0,0.0
up150pct,train,up150pct::SZ300741::000000,73,"{""choppy_reversal_winner"": 0.291548838807198, ""jump_repricing_winner"": 0.12648838229821546, ""late_rescue_winner"": 0.19736214108823272, ""slow_grind_winner"": 0.0, ""smooth_trend_winner"": 0.1298258368783569, ""stair_step_winner"": 0.2547748009279968}",choppy_reversal_winner,stair_step_winner,0.8676156364566227,0.11352842156981667,0.0547945205479452,0.0
up150pct,train,up150pct::SZ300755::000000,33,"{""choppy_reversal_winner"": 0.4076879492787481, ""jump_repricing_winner"": 0.02094937667204504, ""late_rescue_winner"": 0.2985332121770439, ""slow_grind_winner"": 0.0, ""smooth_trend_winner"": 0.013725598915103688, ""stair_step_winner"": 0.25910386295705923}",choppy_reversal_winner,late_rescue_winner,0.678919242875129,0.009012533014722502,0.0,0.030303030303030304
up150pct,robustness,up150pct::SZ300757::000000,175,"{""choppy_reversal_winner"": 0.27039867883876473, ""jump_repricing_winner"": 0.07336226043919311, ""late_rescue_winner"": 0.18949323063429846, ""slow_grind_winner"": 0.0, ""smooth_trend_winner"": 0.055431754184421214, ""stair_step_winner"": 0.41131407590332253}",stair_step_winner,choppy_reversal_winner,0.7736790363856438,0.054973110511812195,0.005714285714285714,0.5828571428571429
up150pct,train,up150pct::SZ300760::000000,131,"{""choppy_reversal_winner"": 0.25504884143708917, ""jump_repricing_winner"": 0.06061263511313302, ""late_rescue_winner"": 0.18739188984631655, ""slow_grind_winner"": 0.0, ""smooth_trend_winner"": 0.05561307399434551, ""stair_step_winner"": 0.4413335596091158}",stair_step_winner,choppy_reversal_winner,0.7556031282648208,0.015035760664957576,0.0,1.0
up150pct,train,up150pct::SZ300762::000000,304,"{""choppy_reversal_winner"": 0.35269050858628986, ""jump_repricing_winner"": 0.00942890134760819, ""late_rescue_winner"": 0.5253297383410319, ""slow_grind_winner"": 0.0, ""smooth_trend_winner"": 0.0062640907093006945, ""stair_step_winner"": 0.10628676101576928}",late_rescue_winner,choppy_reversal_winner,0.5691271137704331,0.015113955878344368,0.20723684210526316,0.0
up150pct,train,up150pct::SZ300765::000000,195,"{""choppy_reversal_winner"": 0.3799546504222493, ""jump_repricing_winner"": 0.014954743411746881, ""late_rescue_winner"": 0.40098031526285655, ""slow_grind_winner"": 0.0, ""smooth_trend_winner"": 0.010174466621099705, ""stair_step_winner"": 0.1939358242820476}",late_rescue_winner,choppy_reversal_winner,0.6483823770481958,0.024460386810055443,0.0,0.2512820512820513
up150pct,robustness,up150pct::SZ300765::000001,1,"{""choppy_reversal_winner"": 0.13201437666930682, ""jump_repricing_winner"": 0.15795294239089047, ""late_rescue_winner"": 0.06864422178730521, ""slow_grind_winner"": 0.0, ""smooth_trend_winner"": 0.10720604567740727, ""stair_step_winner"": 0.5341824134750902}",stair_step_winner,jump_repricing_winner,0.7350444395559298,0.0,0.0,0.0
up150pct,train,up150pct::SZ300766::000000,28,"{""choppy_reversal_winner"": 0.3571209037850795, ""jump_repricing_winner"": 0.010309685914964924, ""late_rescue_winner"": 0.5463342133654338, ""slow_grind_winner"": 0.0, ""smooth_trend_winner"": 0.005985274695236888, ""stair_step_winner"": 0.08024992223928493}",late_rescue_winner,choppy_reversal_winner,0.5459610652065614,0.009287047352555212,0.32142857142857145,0.0
up150pct,train,up150pct::SZ300770::000000,26,"{""choppy_reversal_winner"": 0.21411841839831044, ""jump_repricing_winner"": 0.049360115227006625, ""late_rescue_winner"": 0.1184953953087804, ""slow_grind_winner"": 0.0, ""smooth_trend_winner"": 0.03893897959376265, ""stair_step_winner"": 0.5790870914721399}",stair_step_winner,choppy_reversal_winner,0.6552163922349328,0.005622064804682046,0.0,0.0
up150pct,train,up150pct::SZ300821::000000,165,"{""choppy_reversal_winner"": 0.2419645708852879, ""jump_repricing_winner"": 0.15588769471091857, ""late_rescue_winner"": 0.15081225407189833, ""slow_grind_winner"": 0.0, ""smooth_trend_winner"": 0.17340234108211378, ""stair_step_winner"": 0.27793313924978147}",stair_step_winner,choppy_reversal_winner,0.8807282934663332,0.13782154226534957,0.07878787878787878,0.07272727272727272
up150pct,robustness,up150pct::SZ300857::000000,194,"{""choppy_reversal_winner"": 0.2148074659554866, ""jump_repricing_winner"": 0.08518631506262307, ""late_rescue_winner"": 0.14003404150421428, ""slow_grind_winner"": 0.0, ""smooth_trend_winner"": 0.06556808836419831, ""stair_step_winner"": 0.4944040891134777}",stair_step_winner,choppy_reversal_winner,0.749197900726649,0.04182855692668494,0.0,0.04639175257731959
up150pct,train,up150pct::SZ300896::000000,1,"{""choppy_reversal_winner"": 0.23824582728388613, ""jump_repricing_winner"": 0.11560866617837746, ""late_rescue_winner"": 0.13674268621329191, ""slow_grind_winner"": 0.0, ""smooth_trend_winner"": 0.07650011713614344, ""stair_step_winner"": 0.4329027031883009}",stair_step_winner,choppy_reversal_winner,0.7938224729186324,0.0,0.0,0.0
up150pct,robustness,up150pct::SZ300953::000000,2,"{""choppy_reversal_winner"": 0.24176270216199186, ""jump_repricing_winner"": 0.03924501469788273, ""late_rescue_winner"": 0.1487612525536825, ""slow_grind_winner"": 0.0, ""smooth_trend_winner"": 0.029649470204194762, ""stair_step_winner"": 0.5405815603822482}",stair_step_winner,choppy_reversal_winner,0.6644929880721229,0.003800277344836216,0.0,0.0
up150pct,validation,up150pct::SZ301205::000000,2,"{""choppy_reversal_winner"": 0.36800522743593966, ""jump_repricing_winner"": 0.02239658147346219, ""late_rescue_winner"": 0.3904297822661328, ""slow_grind_winner"": 0.0, ""smooth_trend_winner"": 0.015686410402762325, ""stair_step_winner"": 0.203481998421703}",late_rescue_winner,choppy_reversal_winner,0.674933520722768,0.004645926064701918,0.0,1.0
up150pct,robustness,up150pct::SZ301217::000000,42,"{""choppy_reversal_winner"": 0.18488394913682513, ""jump_repricing_winner"": 0.10120084723204625, ""late_rescue_winner"": 0.1071371750287398, ""slow_grind_winner"": 0.0, ""smooth_trend_winner"": 0.0675536677595361, ""stair_step_winner"": 0.5392243608428527}",stair_step_winner,choppy_reversal_winner,0.7245919971618393,0.018283331877647985,0.0,0.0
up150pct,robustness,up150pct::SZ301377::000000,37,"{""choppy_reversal_winner"": 0.11219436163731582, ""jump_repricing_winner"": 0.21939028300707383, ""late_rescue_winner"": 0.06812452557635722, ""slow_grind_winner"": 0.0, ""smooth_trend_winner"": 0.19768443980449982, ""stair_step_winner"": 0.4026063899747533}",stair_step_winner,jump_repricing_winner,0.8081358185875409,0.07505723848166726,0.0,0.02702702702702703
up150pct,robustness,up150pct::SZ301511::000000,5,"{""choppy_reversal_winner"": 0.29064282967582644, ""jump_repricing_winner"": 0.07518800788593741, ""late_rescue_winner"": 0.1824208881108253, ""slow_grind_winner"": 0.0, ""smooth_trend_winner"": 0.04457198297162047, ""stair_step_winner"": 0.40717629135579037}",stair_step_winner,choppy_reversal_winner,0.7638201094150083,0.006010889522881625,0.0,0.0
up150pct,robustness,up150pct::SZ301526::000000,59,"{""choppy_reversal_winner"": 0.2717856858287516, ""jump_repricing_winner"": 0.07587488596068076, ""late_rescue_winner"": 0.20891410745570108, ""slow_grind_winner"": 0.0, ""smooth_trend_winner"": 0.05627357589426967, ""stair_step_winner"": 0.38715174486059684}",stair_step_winner,choppy_reversal_winner,0.7847924351302893,0.05966636002401282,0.0,0.5932203389830508
up150pct,robustness,up150pct::SZ301536::000000,2,"{""choppy_reversal_winner"": 0.06898941564607326, ""jump_repricing_winner"": 0.4381187156568398, ""late_rescue_winner"": 0.03764642115572959, ""slow_grind_winner"": 0.0, ""smooth_trend_winner"": 0.21440871482102403, ""stair_step_winner"": 0.2408367327203332}",jump_repricing_winner,stair_step_winner,0.7492724464326622,0.01789835114619635,0.0,0.0
up150pct,robustness,up150pct::SZ301611::000000,110,"{""choppy_reversal_winner"": 0.11568963582538777, ""jump_repricing_winner"": 0.28686236252611025, ""late_rescue_winner"": 0.06361462137087655, ""slow_grind_winner"": 0.0, ""smooth_trend_winner"": 0.2115860401559056, ""stair_step_winner"": 0.32224734012172}",stair_step_winner,jump_repricing_winner,0.82407326951877,0.09184692730615159,0.09090909090909091,0.00909090909090909
up50pct,train,up50pct::SH600004::000000,69,"{""choppy_reversal_winner"": 0.17038030333469772, ""jump_repricing_winner"": 0.17054220403909517, ""late_rescue_winner"": 0.09918653914213538, ""slow_grind_winner"": 0.0, ""smooth_trend_winner"": 0.15338858874537056, ""stair_step_winner"": 0.40650236473870116}",stair_step_winner,jump_repricing_winner,0.8292749024422098,0.10172510134204964,0.0,0.0
up50pct,train,up50pct::SH600008::000000,117,"{""choppy_reversal_winner"": 0.2206886078547166, ""jump_repricing_winner"": 0.1173640777654824, ""late_rescue_winner"": 0.14295804540620713, ""slow_grind_winner"": 0.0, ""smooth_trend_winner"": 0.08300336844869655, ""stair_step_winner"": 0.43598590052489733}",stair_step_winner,choppy_reversal_winner,0.7989408168636161,0.0520052700071408,0.0,0.13675213675213677
up50pct,train,up50pct::SH600009::000000,54,"{""choppy_reversal_winner"": 0.20546340706382724, ""jump_repricing_winner"": 0.15374465578436872, ""late_rescue_winner"": 0.10470643471939954, ""slow_grind_winner"": 0.0, ""smooth_trend_winner"": 0.16673364718223105, ""stair_step_winner"": 0.36935185525017333}",stair_step_winner,choppy_reversal_winner,0.8460177785926933,0.09834795664013556,0.0,0.0
up50pct,train,up50pct::SH600010::000000,393,"{""choppy_reversal_winner"": 0.19570607938647117, ""jump_repricing_winner"": 0.23805945761768893, ""late_rescue_winner"": 0.16251850628863032, ""slow_grind_winner"": 0.0, ""smooth_trend_winner"": 0.19107918899273282, ""stair_step_winner"": 0.21263676771447676}",jump_repricing_winner,stair_step_winner,0.8938880845674171,0.15007858074764713,0.22137404580152673,0.05089058524173028
up50pct,train,up50pct::SH600018::000000,13,"{""choppy_reversal_winner"": 0.006654388397439927, ""jump_repricing_winner"": 0.39718459492364755, ""late_rescue_winner"": 0.003992662337179125, ""slow_grind_winner"": 0.0, ""smooth_trend_winner"": 0.5664547231561758, ""stair_step_winner"": 0.02571363118555748}",smooth_trend_winner,jump_repricing_winner,0.46782483970965394,0.022168252504051467,0.6923076923076923,0.0
up50pct,train,up50pct::SH600019::000000,317,"{""choppy_reversal_winner"": 0.15257839377898377, ""jump_repricing_winner"": 0.18207755014407126, ""late_rescue_winner"": 0.0872840821161215, ""slow_grind_winner"": 0.0, ""smooth_trend_winner"": 0.15937143266564677, ""stair_step_winner"": 0.4186885412951767}",stair_step_winner,jump_repricing_winner,0.8187796316270196,0.1091979989108831,0.0473186119873817,0.0
up50pct,train,up50pct::SH600022::000000,69,"{""choppy_reversal_winner"": 0.34623431583238806, ""jump_repricing_winner"": 0.02845528196702879, ""late_rescue_winner"": 0.24584551628034648, ""slow_grind_winner"": 0.0, ""smooth_trend_winner"": 0.02047967540015661, ""stair_step_winner"": 0.35898521052008014}",stair_step_winner,choppy_reversal_winner,0.7036942242721793,0.04608777746074035,0.0,0.15942028985507245
up50pct,robustness,up50pct::SH600029::000000,1,"{""choppy_reversal_winner"": 0.14721999992697024, ""jump_repricing_winner"": 0.050872027301849664, ""late_rescue_winner"": 0.08128839504591925, ""slow_grind_winner"": 0.0, ""smooth_trend_winner"": 0.03732088235557976, ""stair_step_winner"": 0.683298695369681}",stair_step_winner,choppy_reversal_winner,0.5695607001747555,0.0,0.0,0.0
up50pct,train,up50pct::SH600031::000000,83,"{""choppy_reversal_winner"": 0.03403928092638787, ""jump_repricing_winner"": 0.33618524156664875, ""late_rescue_winner"": 0.019572450997460213, ""slow_grind_winner"": 0.0, ""smooth_trend_winner"": 0.4586075127634624, ""stair_step_winner"": 0.15159551374604088}",smooth_trend_winner,jump_repricing_winner,0.6708646865279605,0.062423087189822084,0.43373493975903615,0.0
up50pct,train,up50pct::SH600032::000000,5,"{""choppy_reversal_winner"": 0.011846426551643923, ""jump_repricing_winner"": 0.3771964918986802, ""late_rescue_winner"": 0.008786466530083489, ""slow_grind_winner"": 0.0, ""smooth_trend_winner"": 0.5638051308690016, ""stair_step_winner"": 0.03836548415059072}",smooth_trend_winner,jump_repricing_winner,0.5079313902391843,0.014418893596262255,0.8,0.0
up50pct,train,up50pct::SH600036::000000,264,"{""choppy_reversal_winner"": 0.23274221107599, ""jump_repricing_winner"": 0.07922409372991537, ""late_rescue_winner"": 0.13967482269673162, ""slow_grind_winner"": 0.0, ""smooth_trend_winner"": 0.068322418737752, ""stair_step_winner"": 0.48003645375961107}",stair_step_winner,choppy_reversal_winner,0.753867369951875,0.07093181119505283,0.0,0.05303030303030303
up50pct,train,up50pct::SH600037::000000,54,"{""choppy_reversal_winner"": 0.33097764594360324, ""jump_repricing_winner"": 0.07255946434059378, ""late_rescue_winner"": 0.2509339300607843, ""slow_grind_winner"": 0.0, ""smooth_trend_winner"": 0.09366545263236252, ""stair_step_winner"": 0.2518635070226561}",choppy_reversal_winner,stair_step_winner,0.8217250274133102,0.10213052836396679,0.1111111111111111,0.037037037037037035
up50pct,train,up50pct::SH600038::000000,351,"{""choppy_reversal_winner"": 0.2697509903876916, ""jump_repricing_winner"": 0.1044563392657748, ""late_rescue_winner"": 0.17089619086550373, ""slow_grind_winner"": 0.0, ""smooth_trend_winner"": 0.08730223528932271, ""stair_step_winner"": 0.3675942441917071}",stair_step_winner,choppy_reversal_winner,0.8215866640463788,0.11399460615480896,0.05128205128205128,0.005698005698005698
up50pct,robustness,up50pct::SH600048::000001,11,"{""choppy_reversal_winner"": 0.1898291790435208, ""jump_repricing_winner"": 0.2270720694414557, ""late_rescue_winner"": 0.10510312871650229, ""slow_grind_winner"": 0.0, ""smooth_trend_winner"": 0.18045119550394936, ""stair_step_winner"": 0.2975444272945719}",stair_step_winner,jump_repricing_winner,0.8698164401851093,0.0885066672414939,0.18181818181818182,0.0
up50pct,train,up50pct::SH600056::000000,108,"{""choppy_reversal_winner"": 0.3487176447211321, ""jump_repricing_winner"": 0.029461774208808487, ""late_rescue_winner"": 0.4050178911386302, ""slow_grind_winner"": 0.0, ""smooth_trend_winner"": 0.023984332544825775, ""stair_step_winner"": 0.19281835738660347}",late_rescue_winner,choppy_reversal_winner,0.694361928610834,0.04272939340345803,0.0,0.12962962962962962
up50pct,robustness,up50pct::SH600061::000000,1,"{""choppy_reversal_winner"": 0.09023742682579994, ""jump_repricing_winner"": 0.4751974529542518, ""late_rescue_winner"": 0.051738369898724955, ""slow_grind_winner"": 0.0, ""smooth_trend_winner"": 0.18518455303136233, ""stair_step_winner"": 0.19764219728986104}",jump_repricing_winner,stair_step_winner,0.7571140245445586,0.0,0.0,0.0
up50pct,train,up50pct::SH600062::000000,34,"{""choppy_reversal_winner"": 0.3439978149150589, ""jump_repricing_winner"": 0.015390575502156537, ""late_rescue_winner"": 0.46837089151522104, ""slow_grind_winner"": 0.0, ""smooth_trend_winner"": 0.010416697966408399, ""stair_step_winner"": 0.1618240201011552}",late_rescue_winner,choppy_reversal_winner,0.6300236329051432,0.0376200617829586,0.029411764705882353,0.029411764705882353
up50pct,train,up50pct::SH600064::000000,3,"{""choppy_reversal_winner"": 0.24122006929654735, ""jump_repricing_winner"": 0.06706152793933072, ""late_rescue_winner"": 0.38138573577415497, ""slow_grind_winner"": 0.0, ""smooth_trend_winner"": 0.07099561948050453, ""stair_step_winner"": 0.23933704750946247}",late_rescue_winner,choppy_reversal_winner,0.7935704573146636,0.008543605933521348,0.0,1.0
up50pct,train,up50pct::SH600095::000000,23,"{""choppy_reversal_winner"": 0.01543371915620592, ""jump_repricing_winner"": 0.4306240764571048, ""late_rescue_winner"": 0.00915304919400402, ""slow_grind_winner"": 0.0, ""smooth_trend_winner"": 0.4938013181355462, ""stair_step_winner"": 0.050987837057139204}",smooth_trend_winner,jump_repricing_winner,0.5415533176308703,0.05584101491065633,0.6521739130434783,0.08695652173913043
up50pct,train,up50pct::SH600095::000001,14,"{""choppy_reversal_winner"": 0.09896276857507405, ""jump_repricing_winner"": 0.3517233392878841, ""late_rescue_winner"": 0.07512539815886014, ""slow_grind_winner"": 0.0, ""smooth_trend_winner"": 0.25369378602446546, ""stair_step_winner"": 0.22049470795371626}",jump_repricing_winner,smooth_trend_winner,0.8216649526028829,0.018536206385827533,0.0,0.07142857142857142
up50pct,train,up50pct::SH600100::000000,2,"{""choppy_reversal_winner"": 0.00626665613571999, ""jump_repricing_winner"": 0.2990493298596134, ""late_rescue_winner"": 0.003985579397724544, ""slow_grind_winner"": 0.0, ""smooth_trend_winner"": 0.6661030878874743, ""stair_step_winner"": 0.024595346719467715}",smooth_trend_winner,jump_repricing_winner,0.43341769527203666,0.006401637929039559,1.0,0.0
up50pct,train,up50pct::SH600104::000000,73,"{""choppy_reversal_winner"": 0.05515142612203213, ""jump_repricing_winner"": 0.30763663941787556, ""late_rescue_winner"": 0.029837859835841776, ""slow_grind_winner"": 0.0, ""smooth_trend_winner"": 0.3700337242862133, ""stair_step_winner"": 0.2373403503380373}",smooth_trend_winner,jump_repricing_winner,0.7459059726239806,0.08505201276100953,0.3013698630136986,0.0
up50pct,train,up50pct::SH600110::000000,1,"{""choppy_reversal_winner"": 0.06362786335361557, ""jump_repricing_winner"": 0.5157682779041077, ""late_rescue_winner"": 0.035705586033044565, ""slow_grind_winner"": 0.0, ""smooth_trend_winner"": 0.22303228172603815, ""stair_step_winner"": 0.161865990983194}",jump_repricing_winner,smooth_trend_winner,0.7060958800366883,0.0,0.0,0.0
up50pct,train,up50pct::SH600120::000000,63,"{""choppy_reversal_winner"": 0.32134188793296775, ""jump_repricing_winner"": 0.01614082897813513, ""late_rescue_winner"": 0.5139955102599749, ""slow_grind_winner"": 0.0, ""smooth_trend_winner"": 0.012236869308379101, ""stair_step_winner"": 0.13628490352054315}",late_rescue_winner,choppy_reversal_winner,0.6133587139173055,0.0299928576979078,0.20634920634920634,0.047619047619047616
up50pct,train,up50pct::SH600132::000000,323,"{""choppy_reversal_winner"": 0.1475917336879444, ""jump_repricing_winner"": 0.2127485792626263, ""late_rescue_winner"": 0.0791802551002007, ""slow_grind_winner"": 0.0, ""smooth_trend_winner"": 0.20043841840525928, ""stair_step_winner"": 0.3600410135439693}",stair_step_winner,jump_repricing_winner,0.8385054915439916,0.12094728370271306,0.11764705882352941,0.015479876160990712
up50pct,train,up50pct::SH600143::000000,287,"{""choppy_reversal_winner"": 0.1372561471106439, ""jump_repricing_winner"": 0.22835116270243436, ""late_rescue_winner"": 0.08391293028418895, ""slow_grind_winner"": 0.0, ""smooth_trend_winner"": 0.23847063120714204, ""stair_step_winner"": 0.3120091286955907}",stair_step_winner,smooth_trend_winner,0.8500087142680414,0.12178039951408308,0.156794425087108,0.010452961672473868
up50pct,train,up50pct::SH600161::000000,203,"{""choppy_reversal_winner"": 0.1412513778719248, ""jump_repricing_winner"": 0.18108360369178084, ""late_rescue_winner"": 0.07863283626241738, ""slow_grind_winner"": 0.0, ""smooth_trend_winner"": 0.16937370769734328, ""stair_step_winner"": 0.4296584744765338}",stair_step_winner,jump_repricing_winner,0.8090166022486568,0.10131557872377228,0.10344827586206896,0.059113300492610835
up50pct,train,up50pct::SH600166::000000,86,"{""choppy_reversal_winner"": 0.32954822130348377, ""jump_repricing_winner"": 0.0582679940393146, ""late_rescue_winner"": 0.3183662243427921, ""slow_grind_winner"": 0.0, ""smooth_trend_winner"": 0.07024739394151919, ""stair_step_winner"": 0.22357016637289032}",choppy_reversal_winner,late_rescue_winner,0.7910145902578829,0.11382395980853821,0.09302325581395349,0.0
up50pct,train,up50pct::SH600171::000000,2,"{""choppy_reversal_winner"": 0.3447376818568816, ""jump_repricing_winner"": 0.03167715208506581, ""late_rescue_winner"": 0.39275927551152, ""slow_grind_winner"": 0.0, ""smooth_trend_winner"": 0.020571580993699892, ""stair_step_winner"": 0.21025430955283275}",late_rescue_winner,choppy_reversal_winner,0.698376184040819,0.006261925262150819,0.0,0.0
up50pct,train,up50pct::SH600185::000000,2,"{""choppy_reversal_winner"": 0.3506962854990284, ""jump_repricing_winner"": 0.03297255014178708, ""late_rescue_winner"": 0.4062428084285016, ""slow_grind_winner"": 0.0, ""smooth_trend_winner"": 0.02073574468875955, ""stair_step_winner"": 0.18935261124192337}",late_rescue_winner,choppy_reversal_winner,0.6928394442436768,0.0009057916344642434,0.0,0.0
up50pct,train,up50pct::SH600185::000001,9,"{""choppy_reversal_winner"": 0.006727640266180382, ""jump_repricing_winner"": 0.4220096670199362, ""late_rescue_winner"": 0.0040849823978915895, ""slow_grind_winner"": 0.0, ""smooth_trend_winner"": 0.5439080613392401, ""stair_step_winner"": 0.02326964897675175}",smooth_trend_winner,jump_repricing_winner,0.4682164495638812,0.017964451282396928,0.7777777777777778,0.0
up50pct,train,up50pct::SH600196::000000,332,"{""choppy_reversal_winner"": 0.21771386685331864, ""jump_repricing_winner"": 0.13612818683805478, ""late_rescue_winner"": 0.14636049039948276, ""slow_grind_winner"": 0.0, ""smooth_trend_winner"": 0.1392463316555698, ""stair_step_winner"": 0.3605511242535741}",stair_step_winner,choppy_reversal_winner,0.852219285119163,0.13486764522251515,0.10542168674698796,0.015060240963855422
up50pct,robustness,up50pct::SH600196::000001,3,"{""choppy_reversal_winner"": 0.27481627382550616, ""jump_repricing_winner"": 0.042852879758564916, ""late_rescue_winner"": 0.1587626174003434, ""slow_grind_winner"": 0.0, ""smooth_trend_winner"": 0.02594750933399966, ""stair_step_winner"": 0.49762071968158583}",stair_step_winner,choppy_reversal_winner,0.6832284035688525,0.001462387970951894,0.0,0.0
up50pct,train,up50pct::SH600201::000000,130,"{""choppy_reversal_winner"": 0.18333522536191915, ""jump_repricing_winner"": 0.06880553041173124, ""late_rescue_winner"": 0.11167314800098953, ""slow_grind_winner"": 0.0, ""smooth_trend_winner"": 0.05075237541960884, ""stair_step_winner"": 0.5854337208057512}",stair_step_winner,choppy_reversal_winner,0.6723590257966657,0.04208027814518864,0.007692307692307693,0.0
up50pct,train,up50pct::SH600211::000000,1,"{""choppy_reversal_winner"": 0.0142854798704069, ""jump_repricing_winner"": 0.2774376382490482, ""late_rescue_winner"": 0.012275665070902338, ""slow_grind_winner"": 0.0, ""smooth_trend_winner"": 0.6508991062823148, ""stair_step_winner"": 0.04510211052732764}",smooth_trend_winner,jump_repricing_winner,0.49654316146127475,0.0,0.0,1.0
up50pct,train,up50pct::SH600216::000000,12,"{""choppy_reversal_winner"": 0.3384388086173818, ""jump_repricing_winner"": 0.011500728046621736, ""late_rescue_winner"": 0.533097569093656, ""slow_grind_winner"": 0.0, ""smooth_trend_winner"": 0.007353058282917226, ""stair_step_winner"": 0.1096098359594231}",late_rescue_winner,choppy_reversal_winner,0.5758698569641302,0.003025258198582475,0.0,0.0
up50pct,train,up50pct::SH600221::000000,198,"{""choppy_reversal_winner"": 0.30009686770784233, ""jump_repricing_winner"": 0.09451346583378226, ""late_rescue_winner"": 0.19144485010902482, ""slow_grind_winner"": 0.0, ""smooth_trend_winner"": 0.09077509840760016, ""stair_step_winner"": 0.3231697179417505}",stair_step_winner,choppy_reversal_winner,0.8279607677733898,0.08912355309306343,0.005050505050505051,0.08585858585858586
up50pct,train,up50pct::SH600226::000000,2,"{""choppy_reversal_winner"": 0.28061288806807644, ""jump_repricing_winner"": 0.011693675094919392, ""late_rescue_winner"": 0.6116958852376502, ""slow_grind_winner"": 0.0, ""smooth_trend_winner"": 0.008140140812740141, ""stair_step_winner"": 0.08785741078661391}",late_rescue_winner,choppy_reversal_winner,0.5369660908328484,0.0027318250219335784,0.5,0.0
up50pct,robustness,up50pct::SH600256::000001,2,"{""choppy_reversal_winner"": 0.10112867863896932, ""jump_repricing_winner"": 0.33736497237368746, ""late_rescue_winner"": 0.05156192077694481, ""slow_grind_winner"": 0.0, ""smooth_trend_winner"": 0.15914962086104084, ""stair_step_winner"": 0.35079480734935753}",stair_step_winner,jump_repricing_winner,0.7875826049546886,0.0034025009110393374,0.0,0.0
up50pct,train,up50pct::SH600258::000000,115,"{""choppy_reversal_winner"": 0.38214355962254204, ""jump_repricing_winner"": 0.03125176267537314, ""late_rescue_winner"": 0.2518983013344338, ""slow_grind_winner"": 0.0, ""smooth_trend_winner"": 0.03444727055294083, ""stair_step_winner"": 0.3002591058147102}",choppy_reversal_winner,stair_step_winner,0.725816679164966,0.08126546240627455,0.02608695652173913,0.12173913043478261
up50pct,train,up50pct::SH600266::000000,9,"{""choppy_reversal_winner"": 0.3881348590712357, ""jump_repricing_winner"": 0.013025444659910007, ""late_rescue_winner"": 0.45949345024967925, ""slow_grind_winner"": 0.0, ""smooth_trend_winner"": 0.008189796115488484, ""stair_step_winner"": 0.1311564499036865}",late_rescue_winner,choppy_reversal_winner,0.6066477560908601,0.004519668703366374,0.0,0.0
up50pct,train,up50pct::SH600271::000000,12,"{""choppy_reversal_winner"": 0.17960081235334724, ""jump_repricing_winner"": 0.05092693568962417, ""late_rescue_winner"": 0.09200694840916777, ""slow_grind_winner"": 0.0, ""smooth_trend_winner"": 0.03511455936192161, ""stair_step_winner"": 0.6423507441859392}",stair_step_winner,choppy_reversal_winner,0.6035664173670426,0.010935789174542779,0.0,0.0
up50pct,train,up50pct::SH600273::000000,17,"{""choppy_reversal_winner"": 0.006521552826206707, ""jump_repricing_winner"": 0.3737749720795784, ""late_rescue_winner"": 0.004135963219265424, ""slow_grind_winner"": 0.0, ""smooth_trend_winner"": 0.5921158999584296, ""stair_step_winner"": 0.02345161191651981}",smooth_trend_winner,jump_repricing_winner,0.4585777579249258,0.010761240669119468,0.9411764705882353,0.0
up50pct,train,up50pct::SH600273::000001,15,"{""choppy_reversal_winner"": 0.43107422645237015, ""jump_repricing_winner"": 0.01132611793327439, ""late_rescue_winner"": 0.42625564514685244, ""slow_grind_winner"": 0.0, ""smooth_trend_winner"": 0.006952482806803097, ""stair_step_winner"": 0.12439152766069995}",choppy_reversal_winner,late_rescue_winner,0.5976125181743822,0.04142846694806935,0.0,0.0
up50pct,train,up50pct::SH600276::000000,121,"{""choppy_reversal_winner"": 0.17806588668445886, ""jump_repricing_winner"": 0.06024820668867077, ""late_rescue_winner"": 0.09555840330629246, ""slow_grind_winner"": 0.0, ""smooth_trend_winner"": 0.04573236883815905, ""stair_step_winner"": 0.6203951344824188}",stair_step_winner,choppy_reversal_winner,0.6352167824341534,0.02951450985548301,0.0,0.0
up50pct,train,up50pct::SH600295::000000,83,"{""choppy_reversal_winner"": 0.13719208195646812, ""jump_repricing_winner"": 0.24203123047674915, ""late_rescue_winner"": 0.12320939635061466, ""slow_grind_winner"": 0.0, ""smooth_trend_winner"": 0.25765602069844784, ""stair_step_winner"": 0.23991127051772032}",smooth_trend_winner,jump_repricing_winner,0.8738623238173542,0.14460351349916217,0.1566265060240964,0.012048192771084338
up50pct,train,up50pct::SH600298::000000,211,"{""choppy_reversal_winner"": 0.17015347342512263, ""jump_repricing_winner"": 0.16081419552064094, ""late_rescue_winner"": 0.111226935061816, ""slow_grind_winner"": 0.0, ""smooth_trend_winner"": 0.19922186295949945, ""stair_step_winner"": 0.358583533032921}",stair_step_winner,smooth_trend_winner,0.8531766943961993,0.13954496342020947,0.16587677725118483,0.014218009478672985
up50pct,train,up50pct::SH600298::000001,10,"{""choppy_reversal_winner"": 0.036418112503068256, ""jump_repricing_winner"": 0.4318890803829262, ""late_rescue_winner"": 0.020556998744172682, ""slow_grind_winner"": 0.0, ""smooth_trend_winner"": 0.34464040533442436, ""stair_step_winner"": 0.16649540303540855}",jump_repricing_winner,smooth_trend_winner,0.6857646158940177,0.021379578029312164,0.0,0.0
up50pct,robustness,up50pct::SH600298::000002,13,"{""choppy_reversal_winner"": 0.24177503678739937, ""jump_repricing_winner"": 0.039802536791761836, ""late_rescue_winner"": 0.17056473544334613, ""slow_grind_winner"": 0.0, ""smooth_trend_winner"": 0.03143285774221077, ""stair_step_winner"": 0.5164248332352819}",stair_step_winner,choppy_reversal_winner,0.6827171440861239,0.02002705895239831,0.0,0.15384615384615385
up50pct,train,up50pct::SH600305::000000,26,"{""choppy_reversal_winner"": 0.060480784513332726, ""jump_repricing_winner"": 0.2455618509278081, ""late_rescue_winner"": 0.04045665391919996, ""slow_grind_winner"": 0.0, ""smooth_trend_winner"": 0.48680600423408854, ""stair_step_winner"": 0.16669470640557063}",smooth_trend_winner,jump_repricing_winner,0.7218352549816077,0.09714976483379885,0.3076923076923077,0.0
up50pct,train,up50pct::SH600307::000000,22,"{""choppy_reversal_winner"": 0.4536931606939783, ""jump_repricing_winner"": 0.01168058971864604, ""late_rescue_winner"": 0.4110279856097882, ""slow_grind_winner"": 0.0, ""smooth_trend_winner"": 0.00691636417130797, ""stair_step_winner"": 0.11668189980627956}",choppy_reversal_winner,late_rescue_winner,0.5921874940830425,0.020873032506995903,0.0,0.0
up50pct,train,up50pct::SH600309::000000,292,"{""choppy_reversal_winner"": 0.16858475884705806, ""jump_repricing_winner"": 0.18064725963482323, ""late_rescue_winner"": 0.10563158251720138, ""slow_grind_winner"": 0.0, ""smooth_trend_winner"": 0.21507988956717786, ""stair_step_winner"": 0.33005650943373954}",stair_step_winner,smooth_trend_winner,0.8612125928450619,0.12722390385620017,0.1541095890410959,0.03424657534246575
up50pct,robustness,up50pct::SH600309::000001,84,"{""choppy_reversal_winner"": 0.10750932456943196, ""jump_repricing_winner"": 0.192142377227351, ""late_rescue_winner"": 0.059952666589468254, ""slow_grind_winner"": 0.0, ""smooth_trend_winner"": 0.16025798116343623, ""stair_step_winner"": 0.4801376504503126}",stair_step_winner,jump_repricing_winner,0.7652379261214731,0.05292030914337104,0.0,0.0
up50pct,train,up50pct::SH600315::000000,288,"{""choppy_reversal_winner"": 0.25002086586291344, ""jump_repricing_winner"": 0.1545386102481451, ""late_rescue_winner"": 0.15659723873641904, ""slow_grind_winner"": 0.0, ""smooth_trend_winner"": 0.10613979683745824, ""stair_step_winner"": 0.33270348831506413}",stair_step_winner,choppy_reversal_winner,0.8537471972199485,0.12078308252554913,0.041666666666666664,0.0
up50pct,train,up50pct::SH600316::000000,64,"{""choppy_reversal_winner"": 0.08830019058418617, ""jump_repricing_winner"": 0.27710887346429935, ""late_rescue_winner"": 0.05170381212032134, ""slow_grind_winner"": 0.0, ""smooth_trend_winner"": 0.36420492573966085, ""stair_step_winner"": 0.21868219809153228}",smooth_trend_winner,jump_repricing_winner,0.7944023105355954,0.11755011755632627,0.359375,0.078125
up50pct,train,up50pct::SH600316::000001,4,"{""choppy_reversal_winner"": 0.0203554379116164, ""jump_repricing_winner"": 0.3641904388515066, ""late_rescue_winner"": 0.01170122157313161, ""slow_grind_winner"": 0.0, ""smooth_trend_winner"": 0.5248377157155997, ""stair_step_winner"": 0.07891518594814567}",smooth_trend_winner,jump_repricing_winner,0.5792752423442497,0.04799677841210694,0.75,0.0
up50pct,train,up50pct::SH600320::000000,22,"{""choppy_reversal_winner"": 0.28572192364316396, ""jump_repricing_winner"": 0.039104815017151844, ""late_rescue_winner"": 0.43919779258197394, ""slow_grind_winner"": 0.0, ""smooth_trend_winner"": 0.03367494772041971, ""stair_step_winner"": 0.20230052103729051}",late_rescue_winner,choppy_reversal_winner,0.7163547334562731,0.016175148247252222,0.0,0.5
up50pct,train,up50pct::SH600323::000000,40,"{""choppy_reversal_winner"": 0.27323409606852705, ""jump_repricing_winner"": 0.03277192073702452, ""late_rescue_winner"": 0.38817530753056395, ""slow_grind_winner"": 0.0, ""smooth_trend_winner"": 0.02417132308145636, ""stair_step_winner"": 0.2816473525824281}",late_rescue_winner,stair_step_winner,0.7147757718119417,0.11002144811144365,0.2,0.0
up50pct,train,up50pct::SH600325::000000,145,"{""choppy_reversal_winner"": 0.3902059888658139, ""jump_repricing_winner"": 0.024521354818340585, ""late_rescue_winner"": 0.36561466906744233, ""slow_grind_winner"": 0.0, ""smooth_trend_winner"": 0.037947985346616635, ""stair_step_winner"": 0.18171000190178652}",choppy_reversal_winner,late_rescue_winner,0.703244110945342,0.07324516613055457,0.041379310344827586,0.006896551724137931
up50pct,train,up50pct::SH600329::000000,4,"{""choppy_reversal_winner"": 0.31710216137740815, ""jump_repricing_winner"": 0.018476348093282455, ""late_rescue_winner"": 0.46790166050292786, ""slow_grind_winner"": 0.0, ""smooth_trend_winner"": 0.013617625616980406, ""stair_step_winner"": 0.18290220440940114}",late_rescue_winner,choppy_reversal_winner,0.6488244055307937,0.0016811563832673465,0.0,0.0
up50pct,robustness,up50pct::SH600329::000002,16,"{""choppy_reversal_winner"": 0.3688235693729714, ""jump_repricing_winner"": 0.04381486278433579, ""late_rescue_winner"": 0.2310345822918427, ""slow_grind_winner"": 0.0, ""smooth_trend_winner"": 0.024891044428955407, ""stair_step_winner"": 0.33143594112189473}",choppy_reversal_winner,stair_step_winner,0.7263089875164145,0.011462986304115455,0.0,0.0
up50pct,train,up50pct::SH600332::000000,16,"{""choppy_reversal_winner"": 0.053089037894670316, ""jump_repricing_winner"": 0.4467942646947626, ""late_rescue_winner"": 0.029261381118211704, ""slow_grind_winner"": 0.0, ""smooth_trend_winner"": 0.26783443958775877, ""stair_step_winner"": 0.20302087670459665}",jump_repricing_winner,smooth_trend_winner,0.7231464196781665,0.03674546528975494,0.0625,0.0
up50pct,train,up50pct::SH600338::000000,77,"{""choppy_reversal_winner"": 0.2174314816478025, ""jump_repricing_winner"": 0.2318139244646926, ""late_rescue_winner"": 0.2890624476448111, ""slow_grind_winner"": 0.0, ""smooth_trend_winner"": 0.1551646088183727, ""stair_step_winner"": 0.10652753742432122}",late_rescue_winner,jump_repricing_winner,0.8690160948017923,0.1455238942827007,0.24675324675324675,0.012987012987012988
up50pct,train,up50pct::SH600339::000000,76,"{""choppy_reversal_winner"": 0.4194559152428403, ""jump_repricing_winner"": 0.01073399641522766, ""late_rescue_winner"": 0.39900554805195676, ""slow_grind_winner"": 0.0, ""smooth_trend_winner"": 0.006907204456590235, ""stair_step_winner"": 0.16389733583338498}",choppy_reversal_winner,late_rescue_winner,0.6197636084628498,0.0332281760323998,0.06578947368421052,0.0
up50pct,train,up50pct::SH600346::000000,315,"{""choppy_reversal_winner"": 0.1738450738995683, ""jump_repricing_winner"": 0.19486352769734208, ""late_rescue_winner"": 0.1015973798613977, ""slow_grind_winner"": 0.0, ""smooth_trend_winner"": 0.22029091288804153, ""stair_step_winner"": 0.30940310565365037}",stair_step_winner,smooth_trend_winner,0.8658508244429846,0.1344707495807729,0.20952380952380953,0.015873015873015872
up50pct,train,up50pct::SH600348::000000,47,"{""choppy_reversal_winner"": 0.4304552803777184, ""jump_repricing_winner"": 0.017242378321453835, ""late_rescue_winner"": 0.3585904284250676, ""slow_grind_winner"": 0.0, ""smooth_trend_winner"": 0.010547986793607907, ""stair_step_winner"": 0.18316392608215226}",choppy_reversal_winner,late_rescue_winner,0.6471392592075558,0.030962942828090298,0.0,0.10638297872340426
up50pct,train,up50pct::SH600352::000000,45,"{""choppy_reversal_winner"": 0.1880828012018461, ""jump_repricing_winner"": 0.20987657092583348, ""late_rescue_winner"": 0.11310263507715068, ""slow_grind_winner"": 0.0, ""smooth_trend_winner"": 0.3528592049276534, ""stair_step_winner"": 0.13607878786751637}",smooth_trend_winner,jump_repricing_winner,0.8524651282131865,0.1509680838271928,0.4444444444444444,0.13333333333333333
up50pct,train,up50pct::SH600369::000000,10,"{""choppy_reversal_winner"": 0.02090868734928104, ""jump_repricing_winner"": 0.37783368747822205, ""late_rescue_winner"": 0.01363753063651749, ""slow_grind_winner"": 0.0, ""smooth_trend_winner"": 0.5152468223183212, ""stair_step_winner"": 0.07237327221765828}",smooth_trend_winner,jump_repricing_winner,0.5798187070063056,0.05547402476291754,0.6,0.0
up50pct,train,up50pct::SH600372::000000,166,"{""choppy_reversal_winner"": 0.21716770272356817, ""jump_repricing_winner"": 0.16679976195737561, ""late_rescue_winner"": 0.12351639781536297, ""slow_grind_winner"": 0.0, ""smooth_trend_winner"": 0.17240335647382346, ""stair_step_winner"": 0.3201127810298698}",stair_step_winner,choppy_reversal_winner,0.8686384354829595,0.1341000590881626,0.12650602409638553,0.06626506024096386
up50pct,train,up50pct::SH600372::000001,10,"{""choppy_reversal_winner"": 0.1484570461032791, ""jump_repricing_winner"": 0.09165987758743968, ""late_rescue_winner"": 0.07585119111044182, ""slow_grind_winner"": 0.0, ""smooth_trend_winner"": 0.0573986240424017, ""stair_step_winner"": 0.6266332611564378}",stair_step_winner,choppy_reversal_winner,0.6444760932739585,0.011614600819499854,0.0,0.0
up50pct,robustness,up50pct::SH600372::000002,15,"{""choppy_reversal_winner"": 0.2771309346695397, ""jump_repricing_winner"": 0.0852473893643248, ""late_rescue_winner"": 0.21760370350292466, ""slow_grind_winner"": 0.0, ""smooth_trend_winner"": 0.05384315105840852, ""stair_step_winner"": 0.36617482140480223}",stair_step_winner,choppy_reversal_winner,0.7939566602808471,0.08298939328786982,0.0,0.06666666666666667
up50pct,train,up50pct::SH600373::000000,162,"{""choppy_reversal_winner"": 0.3191959397265811, ""jump_repricing_winner"": 0.05922608297617829, ""late_rescue_winner"": 0.41522913714289716, ""slow_grind_winner"": 0.0, ""smooth_trend_winner"": 0.08678785917662239, ""stair_step_winner"": 0.11956098097772107}",late_rescue_winner,choppy_reversal_winner,0.7606661598340422,0.1110972889069231,0.18518518518518517,0.06790123456790123
up50pct,train,up50pct::SH600376::000000,35,"{""choppy_reversal_winner"": 0.3503848148214041, ""jump_repricing_winner"": 0.010693232776821387, ""late_rescue_winner"": 0.506123054284519, ""slow_grind_winner"": 0.0, ""smooth_trend_winner"": 0.00741036683466632, ""stair_step_winner"": 0.1253885312825894}",late_rescue_winner,choppy_reversal_winner,0.5901112513678178,0.007107653693178867,0.0,0.0
up50pct,robustness,up50pct::SH600378::000001,104,"{""choppy_reversal_winner"": 0.1913535360990148, ""jump_repricing_winner"": 0.08337374984228149, ""late_rescue_winner"": 0.10993465949266822, ""slow_grind_winner"": 0.0, ""smooth_trend_winner"": 0.061472319996960983, ""stair_step_winner"": 0.5538657345690745}",stair_step_winner,choppy_reversal_winner,0.7060010831520067,0.045510266060075,0.0,0.009615384615384616
up50pct,train,up50pct::SH600383::000000,43,"{""choppy_reversal_winner"": 0.29710825548720704, ""jump_repricing_winner"": 0.03371114897506301, ""late_rescue_winner"": 0.1736440661794625, ""slow_grind_winner"": 0.0, ""smooth_trend_winner"": 0.02188311984520299, ""stair_step_winner"": 0.47365340951306445}",stair_step_winner,choppy_reversal_winner,0.6789208667545584,0.025363424046739535,0.0,0.0
up50pct,robustness,up50pct::SH600398::000001,5,"{""choppy_reversal_winner"": 0.014800123448783866, ""jump_repricing_winner"": 0.32782701982815154, ""late_rescue_winner"": 0.009470586650114413, ""slow_grind_winner"": 0.0, ""smooth_trend_winner"": 0.5868050861697205, ""stair_step_winner"": 0.06109718390322964}",smooth_trend_winner,jump_repricing_winner,0.53337907972605,0.019609135561476795,0.6,0.0
up50pct,train,up50pct::SH600399::000000,112,"{""choppy_reversal_winner"": 0.16348549111537286, ""jump_repricing_winner"": 0.1792873835267438, ""late_rescue_winner"": 0.0770798888127746, ""slow_grind_winner"": 0.0, ""smooth_trend_winner"": 0.2804373327459637, ""stair_step_winner"": 0.29970990379914497}",stair_step_winner,smooth_trend_winner,0.848027452813354,0.1467299486837437,0.3392857142857143,0.0
up50pct,train,up50pct::SH600409::000000,61,"{""choppy_reversal_winner"": 0.37289901459444186, ""jump_repricing_winner"": 0.04192946259218132, ""late_rescue_winner"": 0.3735343382944788, ""slow_grind_winner"": 0.0, ""smooth_trend_winner"": 0.05020743167237591, ""stair_step_winner"": 0.1614297528465221}",late_rescue_winner,choppy_reversal_winner,0.7329495125890952,0.09976437733306037,0.09836065573770492,0.0
up50pct,train,up50pct::SH600410::000000,13,"{""choppy_reversal_winner"": 0.2929430483898264, ""jump_repricing_winner"": 0.014174409733745123, ""late_rescue_winner"": 0.589192952755228, ""slow_grind_winner"": 0.0, ""smooth_trend_winner"": 0.009826622357838495, ""stair_step_winner"": 0.09386296676336205}",late_rescue_winner,choppy_reversal_winner,0.5576534616818182,0.005808086223027573,0.15384615384615385,0.0
up50pct,train,up50pct::SH600435::000000,48,"{""choppy_reversal_winner"": 0.3442958282159325, ""jump_repricing_winner"": 0.008896583354108164, ""late_rescue_winner"": 0.5279296147242535, ""slow_grind_winner"": 0.0, ""smooth_trend_winner"": 0.005839518650649809, ""stair_step_winner"": 0.11303845505505605}",late_rescue_winner,choppy_reversal_winner,0.5708438178978471,0.020122351001170477,0.020833333333333332,0.0
up50pct,train,up50pct::SH600436::000000,338,"{""choppy_reversal_winner"": 0.12271736740858286, ""jump_repricing_winner"": 0.2195639444253107, ""late_rescue_winner"": 0.07372684517871218, ""slow_grind_winner"": 0.0, ""smooth_trend_winner"": 0.2549594832739977, ""stair_step_winner"": 0.32903235971339656}",stair_step_winner,smooth_trend_winner,0.8353553663873695,0.1164426024250572,0.15384615384615385,0.047337278106508875
up50pct,robustness,up50pct::SH600438::000000,14,"{""choppy_reversal_winner"": 0.22663830957262363, ""jump_repricing_winner"": 0.14568711706180504, ""late_rescue_winner"": 0.11329603332994352, ""slow_grind_winner"": 0.0, ""smooth_trend_winner"": 0.1298402878230202, ""stair_step_winner"": 0.38453825221260757}",stair_step_winner,choppy_reversal_winner,0.8351338373571493,0.09467927202586345,0.07142857142857142,0.07142857142857142
up50pct,robustness,up50pct::SH600438::000001,30,"{""choppy_reversal_winner"": 0.062462109196769554, ""jump_repricing_winner"": 0.3339677080148228, ""late_rescue_winner"": 0.03284094407637885, ""slow_grind_winner"": 0.0, ""smooth_trend_winner"": 0.27553713353833004, ""stair_step_winner"": 0.2951921051736988}",jump_repricing_winner,stair_step_winner,0.7629493860844223,0.09967935846697244,0.06666666666666667,0.0
up50pct,train,up50pct::SH600446::000000,22,"{""choppy_reversal_winner"": 0.28607451451959953, ""jump_repricing_winner"": 0.20179196642594366, ""late_rescue_winner"": 0.24434251134206175, ""slow_grind_winner"": 0.0, ""smooth_trend_winner"": 0.13054033567253748, ""stair_step_winner"": 0.13725067203985758}",choppy_reversal_winner,late_rescue_winner,0.8727067169125324,0.13555831734294052,0.0,0.0
up50pct,train,up50pct::SH600456::000000,13,"{""choppy_reversal_winner"": 0.28178831138040356, ""jump_repricing_winner"": 0.076814934601239, ""late_rescue_winner"": 0.2174424827028726, ""slow_grind_winner"": 0.0, ""smooth_trend_winner"": 0.05206683382710712, ""stair_step_winner"": 0.3718874374883777}",stair_step_winner,choppy_reversal_winner,0.7855700716840175,0.06203317755415124,0.0,0.07692307692307693
up50pct,train,up50pct::SH600460::000000,354,"{""choppy_reversal_winner"": 0.24208153714215308, ""jump_repricing_winner"": 0.1569552329868022, ""late_rescue_winner"": 0.16498219828646157, ""slow_grind_winner"": 0.0, ""smooth_trend_winner"": 0.16252080255685283, ""stair_step_winner"": 0.2734602290277303}",stair_step_winner,choppy_reversal_winner,0.8824742108048717,0.1402271184619542,0.1694915254237288,0.03389830508474576
up50pct,train,up50pct::SH600486::000000,276,"{""choppy_reversal_winner"": 0.14994465148272607, ""jump_repricing_winner"": 0.18675329202468974, ""late_rescue_winner"": 0.10678051546410733, ""slow_grind_winner"": 0.0, ""smooth_trend_winner"": 0.18399472188389493, ""stair_step_winner"": 0.37252681914458186}",stair_step_winner,jump_repricing_winner,0.8461377709505555,0.12371285986734525,0.09782608695652174,0.10869565217391304
up50pct,robustness,up50pct::SH600498::000000,32,"{""choppy_reversal_winner"": 0.19334275809673163, ""jump_repricing_winner"": 0.2235802940074897, ""late_rescue_winner"": 0.13264115450107541, ""slow_grind_winner"": 0.0, ""smooth_trend_winner"": 0.11208371208674864, ""stair_step_winner"": 0.33835208130795463}",stair_step_winner,jump_repricing_winner,0.8553298227495495,0.07504107573197817,0.0,0.0
up50pct,train,up50pct::SH600499::000000,67,"{""choppy_reversal_winner"": 0.2166053880289182, ""jump_repricing_winner"": 0.16805353808628284, ""late_rescue_winner"": 0.2206636636861915, ""slow_grind_winner"": 0.0, ""smooth_trend_winner"": 0.1445242509509668, ""stair_step_winner"": 0.2501531592476407}",stair_step_winner,late_rescue_winner,0.887781455832309,0.15104650937256084,0.2537313432835821,0.014925373134328358
up50pct,validation,up50pct::SH600499::000001,44,"{""choppy_reversal_winner"": 0.4106973298515184, ""jump_repricing_winner"": 0.007554683790417358, ""late_rescue_winner"": 0.48389969706724983, ""slow_grind_winner"": 0.0, ""smooth_trend_winner"": 0.004474123670588585, ""stair_step_winner"": 0.09337416562022592}",late_rescue_winner,choppy_reversal_winner,0.5576897422259962,0.011890252838437454,0.0,0.0
up50pct,train,up50pct::SH600500::000000,94,"{""choppy_reversal_winner"": 0.4012304638133316, ""jump_repricing_winner"": 0.029028375100831016, ""late_rescue_winner"": 0.2903111369716018, ""slow_grind_winner"": 0.0, ""smooth_trend_winner"": 0.023076284065887735, ""stair_step_winner"": 0.25635374004834777}",choppy_reversal_winner,late_rescue_winner,0.7055274569686152,0.03760632720637963,0.0,0.20212765957446807
up50pct,train,up50pct::SH600507::000000,23,"{""choppy_reversal_winner"": 0.38711793611784945, ""jump_repricing_winner"": 0.014223858023211541, ""late_rescue_winner"": 0.40045215330035633, ""slow_grind_winner"": 0.0, ""smooth_trend_winner"": 0.009423780772814106, ""stair_step_winner"": 0.18878227178576856}",late_rescue_winner,choppy_reversal_winner,0.6435253711777494,0.044830360996592995,0.0,0.0
up50pct,train,up50pct::SH600511::000000,229,"{""choppy_reversal_winner"": 0.19778144013338284, ""jump_repricing_winner"": 0.18962757475640069, ""late_rescue_winner"": 0.1141841881353582, ""slow_grind_winner"": 0.0, ""smooth_trend_winner"": 0.16394937061600695, ""stair_step_winner"": 0.33445742635885123}",stair_step_winner,choppy_reversal_winner,0.8630369784059307,0.1235288356232454,0.13973799126637554,0.021834061135371178
up50pct,train,up50pct::SH600515::000000,256,"{""choppy_reversal_winner"": 0.20605710246191544, ""jump_repricing_winner"": 0.188270136147003, ""late_rescue_winner"": 0.1441995466825794, ""slow_grind_winner"": 0.0, ""smooth_trend_winner"": 0.1596862823098722, ""stair_step_winner"": 0.3017869323986299}",stair_step_winner,choppy_reversal_winner,0.8782593312894725,0.14357475193739808,0.12109375,0.0703125
up50pct,train,up50pct::SH600516::000000,9,"{""choppy_reversal_winner"": 0.0063986087345582025, ""jump_repricing_winner"": 0.36119849965237616, ""late_rescue_winner"": 0.003957971251705001, ""slow_grind_winner"": 0.0, ""smooth_trend_winner"": 0.6045213803076362, ""stair_step_winner"": 0.02392354005372442}",smooth_trend_winner,jump_repricing_winner,0.45519967256518623,0.008186795930014269,1.0,0.0
up50pct,train,up50pct::SH600516::000001,330,"{""choppy_reversal_winner"": 0.26023952526532584, ""jump_repricing_winner"": 0.12069608799927377, ""late_rescue_winner"": 0.15772926750822805, ""slow_grind_winner"": 0.0, ""smooth_trend_winner"": 0.14314664022380663, ""stair_step_winner"": 0.3181884790033656}",stair_step_winner,choppy_reversal_winner,0.8591888800238875,0.12958346205421226,0.11515151515151516,0.03939393939393939
up50pct,train,up50pct::SH600517::000000,13,"{""choppy_reversal_winner"": 0.24946747110316192, ""jump_repricing_winner"": 0.08462935164502694, ""late_rescue_winner"": 0.13472573577094699, ""slow_grind_winner"": 0.0, ""smooth_trend_winner"": 0.05280670681388048, ""stair_step_winner"": 0.4783707346669837}",stair_step_winner,choppy_reversal_winner,0.7442201638968647,0.04670687162269652,0.0,0.0
up50pct,train,up50pct::SH600518::000000,2,"{""choppy_reversal_winner"": 0.006593609650772455, ""jump_repricing_winner"": 0.37157823546840824, ""late_rescue_winner"": 0.004464435344889635, ""slow_grind_winner"": 0.0, ""smooth_trend_winner"": 0.5939966365797127, ""stair_step_winner"": 0.023367082956216964}",smooth_trend_winner,jump_repricing_winner,0.45894006276580884,0.004536654481087899,1.0,0.0
up50pct,train,up50pct::SH600518::000001,22,"{""choppy_reversal_winner"": 0.40912799487180307, ""jump_repricing_winner"": 0.014188419064421552, ""late_rescue_winner"": 0.45871654529627476, ""slow_grind_winner"": 0.0, ""smooth_trend_winner"": 0.008291459227678584, ""stair_step_winner"": 0.10967558153982195}",late_rescue_winner,choppy_reversal_winner,0.5947554161574738,0.013184418085954245,0.0,0.0
up50pct,train,up50pct::SH600519::000000,278,"{""choppy_reversal_winner"": 0.15446511006148658, ""jump_repricing_winner"": 0.15949156040672405, ""late_rescue_winner"": 0.09235878627588753, ""slow_grind_winner"": 0.0, ""smooth_trend_winner"": 0.16290493745770362, ""stair_step_winner"": 0.4307796057981982}",stair_step_winner,smooth_trend_winner,0.8146699192779526,0.08530554360960148,0.0035971223021582736,0.07194244604316546
up50pct,train,up50pct::SH600529::000000,106,"{""choppy_reversal_winner"": 0.07725541769713593, ""jump_repricing_winner"": 0.24150374950408915, ""late_rescue_winner"": 0.04154460985632048, ""slow_grind_winner"": 0.0, ""smooth_trend_winner"": 0.3024494201025966, ""stair_step_winner"": 0.33724680283985786}",stair_step_winner,smooth_trend_winner,0.7821195857539087,0.10212090683070058,0.2830188679245283,0.0
up50pct,train,up50pct::SH600536::000000,150,"{""choppy_reversal_winner"": 0.20477917729241743, ""jump_repricing_winner"": 0.17530033616489005, ""late_rescue_winner"": 0.11786613047098086, ""slow_grind_winner"": 0.0, ""smooth_trend_winner"": 0.18340213720038137, ""stair_step_winner"": 0.3186522188713304}",stair_step_winner,choppy_reversal_winner,0.869257248366308,0.12186386546684753,0.11333333333333333,0.11333333333333333
up50pct,train,up50pct::SH600546::000000,129,"{""choppy_reversal_winner"": 0.33644573701785774, ""jump_repricing_winner"": 0.06542237778530295, ""late_rescue_winner"": 0.35059101260282616, ""slow_grind_winner"": 0.0, ""smooth_trend_winner"": 0.05540818264875743, ""stair_step_winner"": 0.19213268994525576}",late_rescue_winner,choppy_reversal_winner,0.7755485578797481,0.11278462186033887,0.007751937984496124,0.0
up50pct,validation,up50pct::SH600546::000001,26,"{""choppy_reversal_winner"": 0.28036054701810903, ""jump_repricing_winner"": 0.07290329569014233, ""late_rescue_winner"": 0.1871167599843462, ""slow_grind_winner"": 0.0, ""smooth_trend_winner"": 0.04585163968756242, ""stair_step_winner"": 0.41376775761983997}",stair_step_winner,choppy_reversal_winner,0.7632200099770473,0.05801788855392345,0.0,0.07692307692307693
up50pct,train,up50pct::SH600556::000000,42,"{""choppy_reversal_winner"": 0.10679129578147084, ""jump_repricing_winner"": 0.32358818460553385, ""late_rescue_winner"": 0.06063244142204923, ""slow_grind_winner"": 0.0, ""smooth_trend_winner"": 0.25400003066089943, ""stair_step_winner"": 0.25498804753004667}",jump_repricing_winner,stair_step_winner,0.8206819152445233,0.09895519436949225,0.11904761904761904,0.023809523809523808
up50pct,train,up50pct::SH600559::000000,6,"{""choppy_reversal_winner"": 0.4356134142562645, ""jump_repricing_winner"": 0.0065165436093320645, ""late_rescue_winner"": 0.477345842568409, ""slow_grind_winner"": 0.0, ""smooth_trend_winner"": 0.003725609738913156, ""stair_step_winner"": 0.07679858982708127}",late_rescue_winner,choppy_reversal_winner,0.5389917746434378,0.003363408572789685,0.0,0.0
up50pct,train,up50pct::SH600563::000000,115,"{""choppy_reversal_winner"": 0.11067738171566062, ""jump_repricing_winner"": 0.19154263799261684, ""late_rescue_winner"": 0.060059605594759986, ""slow_grind_winner"": 0.0, ""smooth_trend_winner"": 0.27476981243489507, ""stair_step_winner"": 0.3629505622620674}",stair_step_winner,smooth_trend_winner,0.8103099060270964,0.1127597533362225,0.22608695652173913,0.0
up50pct,train,up50pct::SH600570::000000,188,"{""choppy_reversal_winner"": 0.17564338090112863, ""jump_repricing_winner"": 0.13069379367353873, ""late_rescue_winner"": 0.1107528785642248, ""slow_grind_winner"": 0.0, ""smooth_trend_winner"": 0.13385781578213055, ""stair_step_winner"": 0.44905213107897735}",stair_step_winner,choppy_reversal_winner,0.8058308612327898,0.11131650889719541,0.10106382978723404,0.11170212765957446
up50pct,robustness,up50pct::SH600570::000002,74,"{""choppy_reversal_winner"": 0.2534137282683835, ""jump_repricing_winner"": 0.14102597326985825, ""late_rescue_winner"": 0.16532697030244917, ""slow_grind_winner"": 0.0, ""smooth_trend_winner"": 0.10080874602199359, ""stair_step_winner"": 0.3394245821373155}",stair_step_winner,choppy_reversal_winner,0.8481780025711047,0.0951713574184362,0.04054054054054054,0.13513513513513514
up50pct,train,up50pct::SH600578::000000,8,"{""choppy_reversal_winner"": 0.3466003587258435, ""jump_repricing_winner"": 0.011542682792744455, ""late_rescue_winner"": 0.453469803487954, ""slow_grind_winner"": 0.0, ""smooth_trend_winner"": 0.00818191718416623, ""stair_step_winner"": 0.18020523780929182}",late_rescue_winner,choppy_reversal_winner,0.6281529571680846,0.00047311412203218016,0.0,0.0
up50pct,robustness,up50pct::SH600578::000001,38,"{""choppy_reversal_winner"": 0.17758499354060894, ""jump_repricing_winner"": 0.0513392382476149, ""late_rescue_winner"": 0.10084070446305946, ""slow_grind_winner"": 0.0, ""smooth_trend_winner"": 0.03654526491249052, ""stair_step_winner"": 0.6336897988362263}",stair_step_winner,choppy_reversal_winner,0.6143319956947024,0.01753030846573359,0.0,0.0
up50pct,train,up50pct::SH600582::000000,67,"{""choppy_reversal_winner"": 0.3778524566528672, ""jump_repricing_winner"": 0.01670765694517693, ""late_rescue_winner"": 0.37890291958018485, ""slow_grind_winner"": 0.0, ""smooth_trend_winner"": 0.011167507386172818, ""stair_step_winner"": 0.21536945943559824}",late_rescue_winner,choppy_reversal_winner,0.6611940441460773,0.014896125321269134,0.0,0.05970149253731343
up50pct,train,up50pct::SH600585::000000,116,"{""choppy_reversal_winner"": 0.19171696221738277, ""jump_repricing_winner"": 0.07355833292519093, ""late_rescue_winner"": 0.12222072451889553, ""slow_grind_winner"": 0.0, ""smooth_trend_winner"": 0.05487950708644505, ""stair_step_winner"": 0.5576244732520858}",stair_step_winner,choppy_reversal_winner,0.6979249618630748,0.05779726255087744,0.0,0.034482758620689655
up50pct,robustness,up50pct::SH600588::000000,107,"{""choppy_reversal_winner"": 0.24106149488937387, ""jump_repricing_winner"": 0.23467948145085735, ""late_rescue_winner"": 0.1332018441696605, ""slow_grind_winner"": 0.0, ""smooth_trend_winner"": 0.1251109595145686, ""stair_step_winner"": 0.2659462199755397}",stair_step_winner,choppy_reversal_winner,0.8728518540704703,0.11586402996250346,0.07476635514018691,0.018691588785046728
up50pct,robustness,up50pct::SH600588::000001,1,"{""choppy_reversal_winner"": 0.2751634701808532, ""jump_repricing_winner"": 0.11339285462409597, ""late_rescue_winner"": 0.15574842572813735, ""slow_grind_winner"": 0.0, ""smooth_trend_winner"": 0.060553196513650084, ""stair_step_winner"": 0.3951420529532634}",stair_step_winner,choppy_reversal_winner,0.7971089904163956,0.0,0.0,0.0
up50pct,train,up50pct::SH600597::000000,41,"{""choppy_reversal_winner"": 0.2192875531775711, ""jump_repricing_winner"": 0.18526908953461488, ""late_rescue_winner"": 0.20274916676901755, ""slow_grind_winner"": 0.0, ""smooth_trend_winner"": 0.17614392448612368, ""stair_step_winner"": 0.2165502660326728}",choppy_reversal_winner,stair_step_winner,0.8962205514200556,0.14191038907731926,0.0,0.0
up50pct,train,up50pct::SH600598::000000,195,"{""choppy_reversal_winner"": 0.20677117236858902, ""jump_repricing_winner"": 0.18196786446913435, ""late_rescue_winner"": 0.1250916762816607, ""slow_grind_winner"": 0.0, ""smooth_trend_winner"": 0.15254519529333682, ""stair_step_winner"": 0.3336240915872791}",stair_step_winner,choppy_reversal_winner,0.864542437206513,0.12388290889277893,0.03076923076923077,0.015384615384615385
up50pct,robustness,up50pct::SH600601::000000,14,"{""choppy_reversal_winner"": 0.11419487850499203, ""jump_repricing_winner"": 0.35662081000287654, ""late_rescue_winner"": 0.10093833019790074, ""slow_grind_winner"": 0.0, ""smooth_trend_winner"": 0.2479504999355098, ""stair_step_winner"": 0.18029548135872098}",jump_repricing_winner,smooth_trend_winner,0.8380675760903018,0.1171510189088198,0.14285714285714285,0.35714285714285715
up50pct,train,up50pct::SH600604::000000,17,"{""choppy_reversal_winner"": 0.2881359997521427, ""jump_repricing_winner"": 0.11310216513797698, ""late_rescue_winner"": 0.2387994332433499, ""slow_grind_winner"": 0.0, ""smooth_trend_winner"": 0.20037196491536446, ""stair_step_winner"": 0.15959043695116581}",choppy_reversal_winner,late_rescue_winner,0.8717765052450333,0.13182579863102614,0.0,0.7647058823529411
up50pct,train,up50pct::SH600606::000000,69,"{""choppy_reversal_winner"": 0.10934071088126861, ""jump_repricing_winner"": 0.3592979769139131, ""late_rescue_winner"": 0.06700946306306703, ""slow_grind_winner"": 0.0, ""smooth_trend_winner"": 0.30481766896289814, ""stair_step_winner"": 0.15953418017885315}",jump_repricing_winner,smooth_trend_winner,0.8069513682121483,0.12254714047066062,0.2608695652173913,0.07246376811594203
up50pct,robustness,up50pct::SH600606::000001,13,"{""choppy_reversal_winner"": 0.32901287877829277, ""jump_repricing_winner"": 0.10249296597020939, ""late_rescue_winner"": 0.19873235025735175, ""slow_grind_winner"": 0.0, ""smooth_trend_winner"": 0.1094360171341918, ""stair_step_winner"": 0.2603257878599542}",choppy_reversal_winner,stair_step_winner,0.8443130178786149,0.10819641444135181,0.15384615384615385,0.0
up50pct,train,up50pct::SH600621::000000,125,"{""choppy_reversal_winner"": 0.23002331344070753, ""jump_repricing_winner"": 0.11010497643952043, ""late_rescue_winner"": 0.1820503789499492, ""slow_grind_winner"": 0.0, ""smooth_trend_winner"": 0.14612859494942235, ""stair_step_winner"": 0.3316927362204004}",stair_step_winner,choppy_reversal_winner,0.8584655597937807,0.14213655137976144,0.12,0.088
up50pct,train,up50pct::SH600623::000000,78,"{""choppy_reversal_winner"": 0.37251579022334413, ""jump_repricing_winner"": 0.017365665705769223, ""late_rescue_winner"": 0.445881869390077, ""slow_grind_winner"": 0.0, ""smooth_trend_winner"": 0.011451150338481318, ""stair_step_winner"": 0.1527855243423283}",late_rescue_winner,choppy_reversal_winner,0.6343492597092624,0.0361773978011533,0.02564102564102564,0.0
up50pct,train,up50pct::SH600633::000000,11,"{""choppy_reversal_winner"": 0.29499690154025004, ""jump_repricing_winner"": 0.009023029247034202, ""late_rescue_winner"": 0.6005194638038763, ""slow_grind_winner"": 0.0, ""smooth_trend_winner"": 0.005995373991265027, ""stair_step_winner"": 0.08946523141757437}",late_rescue_winner,choppy_reversal_winner,0.5332680911678429,0.014927162865296424,0.6363636363636364,0.0
up50pct,train,up50pct::SH600635::000000,65,"{""choppy_reversal_winner"": 0.32250248419362565, ""jump_repricing_winner"": 0.059940226262015, ""late_rescue_winner"": 0.401198848641362, ""slow_grind_winner"": 0.0, ""smooth_trend_winner"": 0.10387620398633762, ""stair_step_winner"": 0.11248223691665982}",late_rescue_winner,choppy_reversal_winner,0.7707904635421744,0.12241728350557797,0.23076923076923078,0.07692307692307693
up50pct,train,up50pct::SH600640::000000,1,"{""choppy_reversal_winner"": 0.23846527617549843, ""jump_repricing_winner"": 0.07997064859845572, ""late_rescue_winner"": 0.20052863806594223, ""slow_grind_winner"": 0.0, ""smooth_trend_winner"": 0.06181635364287018, ""stair_step_winner"": 0.41921908351723347}",stair_step_winner,choppy_reversal_winner,0.7828027635992899,0.0,0.0,0.0
up50pct,train,up50pct::SH600641::000000,94,"{""choppy_reversal_winner"": 0.3091253101844139, ""jump_repricing_winner"": 0.08461483318709363, ""late_rescue_winner"": 0.3361265850639238, ""slow_grind_winner"": 0.0, ""smooth_trend_winner"": 0.10190183583348145, ""stair_step_winner"": 0.1682314357310873}",late_rescue_winner,choppy_reversal_winner,0.8209407191358749,0.12407182633822204,0.07446808510638298,0.0425531914893617
up50pct,train,up50pct::SH600643::000000,3,"{""choppy_reversal_winner"": 0.010352235051967489, ""jump_repricing_winner"": 0.30558352381057613, ""late_rescue_winner"": 0.00872903241056157, ""slow_grind_winner"": 0.0, ""smooth_trend_winner"": 0.6417646792635869, ""stair_step_winner"": 0.03357052946330788}",smooth_trend_winner,jump_repricing_winner,0.474151754356836,0.0037064863455760866,0.0,1.0
up50pct,train,up50pct::SH600648::000000,16,"{""choppy_reversal_winner"": 0.006680780040064916, ""jump_repricing_winner"": 0.3266927473252216, ""late_rescue_winner"": 0.004422022955425275, ""slow_grind_winner"": 0.0, ""smooth_trend_winner"": 0.6379905008248576, ""stair_step_winner"": 0.02421394885443068}",smooth_trend_winner,jump_repricing_winner,0.44634626444864856,0.006621753824369363,1.0,0.0
up50pct,train,up50pct::SH600649::000000,1,"{""choppy_reversal_winner"": 0.006171093805342899, ""jump_repricing_winner"": 0.3247593593289897, ""late_rescue_winner"": 0.004211031050800981, ""slow_grind_winner"": 0.0, ""smooth_trend_winner"": 0.6421063779344991, ""stair_step_winner"": 0.022752137880367545}",smooth_trend_winner,jump_repricing_winner,0.4410230190084132,0.0,1.0,0.0
up50pct,train,up50pct::SH600657::000000,18,"{""choppy_reversal_winner"": 0.3264338162390805, ""jump_repricing_winner"": 0.025707140398767623, ""late_rescue_winner"": 0.46574925303825787, ""slow_grind_winner"": 0.0, ""smooth_trend_winner"": 0.017333729606103333, ""stair_step_winner"": 0.16477606071779077}",late_rescue_winner,choppy_reversal_winner,0.6601650135350527,0.0060924625722561165,0.0,0.0
up50pct,train,up50pct::SH600663::000000,57,"{""choppy_reversal_winner"": 0.2734958978158085, ""jump_repricing_winner"": 0.12028771810024466, ""late_rescue_winner"": 0.17882892623664606, ""slow_grind_winner"": 0.0, ""smooth_trend_winner"": 0.11243998112354525, ""stair_step_winner"": 0.3149474767237555}",stair_step_winner,choppy_reversal_winner,0.8520947059109577,0.1169208054116488,0.017543859649122806,0.05263157894736842
up50pct,train,up50pct::SH600667::000000,135,"{""choppy_reversal_winner"": 0.19865142195401256, ""jump_repricing_winner"": 0.15539660439225658, ""late_rescue_winner"": 0.13255723606421183, ""slow_grind_winner"": 0.0, ""smooth_trend_winner"": 0.22010356497479802, ""stair_step_winner"": 0.293291172614721}",stair_step_winner,smooth_trend_winner,0.8768741668106186,0.1425838905506007,0.1925925925925926,0.16296296296296298
up50pct,train,up50pct::SH600667::000001,8,"{""choppy_reversal_winner"": 0.40122006121087184, ""jump_repricing_winner"": 0.008652522437985552, ""late_rescue_winner"": 0.4705377894685573, ""slow_grind_winner"": 0.0, ""smooth_trend_winner"": 0.0052169953290944066, ""stair_step_winner"": 0.1143726315534909}",late_rescue_winner,choppy_reversal_winner,0.5791249469632632,0.006166941634168108,0.0,0.0
up50pct,train,up50pct::SH600682::000000,34,"{""choppy_reversal_winner"": 0.2871545510110897, ""jump_repricing_winner"": 0.12988239295633505, ""late_rescue_winner"": 0.15624513755519084, ""slow_grind_winner"": 0.0, ""smooth_trend_winner"": 0.22162180255601802, ""stair_step_winner"": 0.20509611592136637}",choppy_reversal_winner,smooth_trend_winner,0.8775208719370086,0.14431570932388257,0.17647058823529413,0.14705882352941177
up50pct,train,up50pct::SH600685::000000,181,"{""choppy_reversal_winner"": 0.20244623159541592, ""jump_repricing_winner"": 0.17754658720636202, ""late_rescue_winner"": 0.16165175895690148, ""slow_grind_winner"": 0.0, ""smooth_trend_winner"": 0.17561193246222048, ""stair_step_winner"": 0.28274348977910013}",stair_step_winner,choppy_reversal_winner,0.8859869867244559,0.137379150925281,0.16574585635359115,0.11602209944751381
up50pct,train,up50pct::SH600688::000000,58,"{""choppy_reversal_winner"": 0.19011626037941728, ""jump_repricing_winner"": 0.16529825257036043, ""late_rescue_winner"": 0.09938224461628697, ""slow_grind_winner"": 0.0, ""smooth_trend_winner"": 0.2148610252251197, ""stair_step_winner"": 0.3303422172088156}",stair_step_winner,smooth_trend_winner,0.8588799661924579,0.12839639575871828,0.1896551724137931,0.10344827586206896
up50pct,robustness,up50pct::SH600688::000001,1,"{""choppy_reversal_winner"": 0.39490559855449925, ""jump_repricing_winner"": 0.024494027400236717, ""late_rescue_winner"": 0.24265110490388772, ""slow_grind_winner"": 0.0, ""smooth_trend_winner"": 0.014657674644844328, ""stair_step_winner"": 0.323291594496532}",choppy_reversal_winner,stair_step_winner,0.6855549205302469,0.0,0.0,0.0
up50pct,train,up50pct::SH600702::000000,64,"{""choppy_reversal_winner"": 0.20673997448867212, ""jump_repricing_winner"": 0.14932451280458003, ""late_rescue_winner"": 0.12561100041753887, ""slow_grind_winner"": 0.0, ""smooth_trend_winner"": 0.17990732162821396, ""stair_step_winner"": 0.33841719066099507}",stair_step_winner,choppy_reversal_winner,0.862669300837504,0.09779440274698309,0.0625,0.109375
up50pct,train,up50pct::SH600702::000001,1,"{""choppy_reversal_winner"": 0.05214587741655486, ""jump_repricing_winner"": 0.4833448671042387, ""late_rescue_winner"": 0.030020266692346233, ""slow_grind_winner"": 0.0, ""smooth_trend_winner"": 0.287029300712878, ""stair_step_winner"": 0.14745968807398221}",jump_repricing_winner,smooth_trend_winner,0.6983103145251853,0.0,0.0,0.0
up50pct,validation,up50pct::SH600702::000002,1,"{""choppy_reversal_winner"": 0.02091937861357276, ""jump_repricing_winner"": 0.3431351887309865, ""late_rescue_winner"": 0.01300755208603949, ""slow_grind_winner"": 0.0, ""smooth_trend_winner"": 0.5291994730877593, ""stair_step_winner"": 0.09373840748164212}",smooth_trend_winner,jump_repricing_winner,0.5933194445703105,0.0,0.0,0.0
up50pct,train,up50pct::SH600703::000000,347,"{""choppy_reversal_winner"": 0.2845392144702003, ""jump_repricing_winner"": 0.1304666396198076, ""late_rescue_winner"": 0.18513257800820093, ""slow_grind_winner"": 0.0, ""smooth_trend_winner"": 0.1415737066267268, ""stair_step_winner"": 0.25828786127506437}",choppy_reversal_winner,stair_step_winner,0.8717759057604622,0.13457274942483408,0.10662824207492795,0.0345821325648415
up50pct,robustness,up50pct::SH600703::000001,96,"{""choppy_reversal_winner"": 0.2615362390287559, ""jump_repricing_winner"": 0.03986381904162472, ""late_rescue_winner"": 0.1605623688928559, ""slow_grind_winner"": 0.0, ""smooth_trend_winner"": 0.025481423547761575, ""stair_step_winner"": 0.512556149489002}",stair_step_winner,choppy_reversal_winner,0.6747428671050505,0.0527554796244413,0.0,0.10416666666666667
up50pct,train,up50pct::SH600704::000000,353,"{""choppy_reversal_winner"": 0.23641267443369815, ""jump_repricing_winner"": 0.187211706499851, ""late_rescue_winner"": 0.16745749482384484, ""slow_grind_winner"": 0.0, ""smooth_trend_winner"": 0.13007688594493108, ""stair_step_winner"": 0.2788412382976749}",stair_step_winner,choppy_reversal_winner,0.8791894552095998,0.11490101371526538,0.0169971671388102,0.15864022662889518
up50pct,train,up50pct::SH600707::000000,136,"{""choppy_reversal_winner"": 0.33600286534692714, ""jump_repricing_winner"": 0.10481766802195433, ""late_rescue_winner"": 0.270564264433764, ""slow_grind_winner"": 0.0, ""smooth_trend_winner"": 0.09784548102816831, ""stair_step_winner"": 0.19076972116918625}",choppy_reversal_winner,late_rescue_winner,0.8371910418000887,0.1272638740868465,0.10294117647058823,0.16176470588235295
up50pct,train,up50pct::SH600718::000000,11,"{""choppy_reversal_winner"": 0.00719125921973525, ""jump_repricing_winner"": 0.3000796242571528, ""late_rescue_winner"": 0.005203272793802255, ""slow_grind_winner"": 0.0, ""smooth_trend_winner"": 0.6621080634758836, ""stair_step_winner"": 0.025417780253426073}",smooth_trend_winner,jump_repricing_winner,0.44113284575173833,0.0047859885933707255,0.6363636363636364,0.36363636363636365
up50pct,train,up50pct::SH600729::000000,1,"{""choppy_reversal_winner"": 0.46915105757039977, ""jump_repricing_winner"": 0.011227691934052632, ""late_rescue_winner"": 0.3821069103903855, ""slow_grind_winner"": 0.0, ""smooth_trend_winner"": 0.006373477438015022, ""stair_step_winner"": 0.13114086266714703}",choppy_reversal_winner,late_rescue_winner,0.5981345198852107,0.0,0.0,0.0
up50pct,train,up50pct::SH600733::000000,269,"{""choppy_reversal_winner"": 0.23712413141033103, ""jump_repricing_winner"": 0.17461753094788446, ""late_rescue_winner"": 0.12992532808525836, ""slow_grind_winner"": 0.0, ""smooth_trend_winner"": 0.12170521647816865, ""stair_step_winner"": 0.33662779307835744}",stair_step_winner,choppy_reversal_winner,0.8561366527894615,0.11246258963030482,0.055762081784386616,0.03345724907063197
up50pct,train,up50pct::SH600737::000000,225,"{""choppy_reversal_winner"": 0.32079759326001384, ""jump_repricing_winner"": 0.048139012907589276, ""late_rescue_winner"": 0.3771900680495065, ""slow_grind_winner"": 0.0, ""smooth_trend_winner"": 0.03790513341544165, ""stair_step_winner"": 0.2159681923674487}",late_rescue_winner,choppy_reversal_winner,0.7442842273222428,0.07967828724049093,0.04888888888888889,0.5377777777777778
up50pct,train,up50pct::SH600739::000000,214,"{""choppy_reversal_winner"": 0.16921258541807926, ""jump_repricing_winner"": 0.18177595091260804, ""late_rescue_winner"": 0.12731826727211668, ""slow_grind_winner"": 0.0, ""smooth_trend_winner"": 0.1956798864169677, ""stair_step_winner"": 0.3260133099802283}",stair_step_winner,smooth_trend_winner,0.8692950880009866,0.13439868349679382,0.17757009345794392,0.1308411214953271
up50pct,train,up50pct::SH600740::000000,34,"{""choppy_reversal_winner"": 0.4207006807042052, ""jump_repricing_winner"": 0.014409193802155837, ""late_rescue_winner"": 0.43827952092911354, ""slow_grind_winner"": 0.0, ""smooth_trend_winner"": 0.008293767331013406, ""stair_step_winner"": 0.11831683723351205}",late_rescue_winner,choppy_reversal_winner,0.6022941582576911,0.009652770731480943,0.0,0.0
up50pct,train,up50pct::SH600741::000000,173,"{""choppy_reversal_winner"": 0.2567310630285281, ""jump_repricing_winner"": 0.13980360306712195, ""late_rescue_winner"": 0.16158286402030575, ""slow_grind_winner"": 0.0, ""smooth_trend_winner"": 0.12719245600255794, ""stair_step_winner"": 0.31469001388148626}",stair_step_winner,choppy_reversal_winner,0.8621608926809161,0.12555282823241787,0.011560693641618497,0.04046242774566474
up50pct,robustness,up50pct::SH600745::000000,30,"{""choppy_reversal_winner"": 0.039100258479975225, ""jump_repricing_winner"": 0.3309197058022924, ""late_rescue_winner"": 0.020893878566290134, ""slow_grind_winner"": 0.0, ""smooth_trend_winner"": 0.4171006043551539, ""stair_step_winner"": 0.1919855527962885}",smooth_trend_winner,jump_repricing_winner,0.7004815216395791,0.09249030441125704,0.2,0.0
up50pct,train,up50pct::SH600748::000000,9,"{""choppy_reversal_winner"": 0.0067313039641104825, ""jump_repricing_winner"": 0.3994994640047904, ""late_rescue_winner"": 0.00425395326624834, ""slow_grind_winner"": 0.0, ""smooth_trend_winner"": 0.5644230426969773, ""stair_step_winner"": 0.02509223606787361}",smooth_trend_winner,jump_repricing_winner,0.46810943292450863,0.01432790278412504,0.8888888888888888,0.0
up50pct,train,up50pct::SH600763::000000,299,"{""choppy_reversal_winner"": 0.1107674042048385, ""jump_repricing_winner"": 0.20955827100028718, ""late_rescue_winner"": 0.06325929990506099, ""slow_grind_winner"": 0.0, ""smooth_trend_winner"": 0.2634608421275882, ""stair_step_winner"": 0.3529541827622251}",stair_step_winner,smooth_trend_winner,0.8175371621262852,0.0967171696367372,0.0903010033444816,0.016722408026755852
up50pct,train,up50pct::SH600764::000000,91,"{""choppy_reversal_winner"": 0.11992213704065538, ""jump_repricing_winner"": 0.2522233977640508, ""late_rescue_winner"": 0.06355260909884503, ""slow_grind_winner"": 0.0, ""smooth_trend_winner"": 0.2708948554566768, ""stair_step_winner"": 0.2934070006397721}",stair_step_winner,smooth_trend_winner,0.8318528404767264,0.12474937549574096,0.24175824175824176,0.01098901098901099
up50pct,train,up50pct::SH600765::000000,54,"{""choppy_reversal_winner"": 0.08321970289954833, ""jump_repricing_winner"": 0.3059235613890005, ""late_rescue_winner"": 0.05261706952532122, ""slow_grind_winner"": 0.0, ""smooth_trend_winner"": 0.34663116216783363, ""stair_step_winner"": 0.21160850401829628}",smooth_trend_winner,jump_repricing_winner,0.7925596809760355,0.11268255505816627,0.24074074074074073,0.0
up50pct,train,up50pct::SH600771::000000,16,"{""choppy_reversal_winner"": 0.33162266572325916, ""jump_repricing_winner"": 0.008704593578188414, ""late_rescue_winner"": 0.5672254502542046, ""slow_grind_winner"": 0.0, ""smooth_trend_winner"": 0.00563507363780696, ""stair_step_winner"": 0.08681221680654091}",late_rescue_winner,choppy_reversal_winner,0.5415308697397898,0.00585415141563832,0.25,0.0
up50pct,train,up50pct::SH600776::000001,58,"{""choppy_reversal_winner"": 0.368215984545177, ""jump_repricing_winner"": 0.013024184766326701, ""late_rescue_winner"": 0.511240947608509, ""slow_grind_winner"": 0.0, ""smooth_trend_winner"": 0.007862828897790114, ""stair_step_winner"": 0.09965605418219722}",late_rescue_winner,choppy_reversal_winner,0.5778261800289488,0.011915296413555926,0.034482758620689655,0.0
up50pct,train,up50pct::SH600779::000000,350,"{""choppy_reversal_winner"": 0.2194926042847445, ""jump_repricing_winner"": 0.17400481752933983, ""late_rescue_winner"": 0.14784352119295066, ""slow_grind_winner"": 0.0, ""smooth_trend_winner"": 0.16080897218183504, ""stair_step_winner"": 0.29785008481112996}",stair_step_winner,choppy_reversal_winner,0.8786737304239929,0.12348182122049857,0.13714285714285715,0.054285714285714284
up50pct,train,up50pct::SH600779::000001,1,"{""choppy_reversal_winner"": 0.02862331392709238, ""jump_repricing_winner"": 0.4884119474930444, ""late_rescue_winner"": 0.018117948082454892, ""slow_grind_winner"": 0.0, ""smooth_trend_winner"": 0.36317988983493027, ""stair_step_winner"": 0.10166690066247802}",jump_repricing_winner,smooth_trend_winner,0.627674470332725,0.0,0.0,0.0
up50pct,train,up50pct::SH600782::000000,147,"{""choppy_reversal_winner"": 0.3732525440982624, ""jump_repricing_winner"": 0.022910372001772643, ""late_rescue_winner"": 0.3234924497824638, ""slow_grind_winner"": 0.0, ""smooth_trend_winner"": 0.01748591489946476, ""stair_step_winner"": 0.2628587192180364}",choppy_reversal_winner,late_rescue_winner,0.6928444887753604,0.06063878317781545,0.006802721088435374,0.0
up50pct,train,up50pct::SH600783::000000,34,"{""choppy_reversal_winner"": 0.23985990785286648, ""jump_repricing_winner"": 0.08135079104644954, ""late_rescue_winner"": 0.4498170847220266, ""slow_grind_winner"": 0.0, ""smooth_trend_winner"": 0.09687636301217717, ""stair_step_winner"": 0.1320958533664803}",late_rescue_winner,choppy_reversal_winner,0.7810499707174371,0.10173256674266612,0.058823529411764705,0.47058823529411764
up50pct,train,up50pct::SH600801::000000,20,"{""choppy_reversal_winner"": 0.12689284480436616, ""jump_repricing_winner"": 0.19057627537160876, ""late_rescue_winner"": 0.07123900476447435, ""slow_grind_winner"": 0.0, ""smooth_trend_winner"": 0.15428892720651227, ""stair_step_winner"": 0.4570029478530384}",stair_step_winner,jump_repricing_winner,0.7882136401983818,0.09581456330644113,0.05,0.0
up50pct,train,up50pct::SH600808::000000,339,"{""choppy_reversal_winner"": 0.2470528274895121, ""jump_repricing_winner"": 0.13551947103598927, ""late_rescue_winner"": 0.16944895667697457, ""slow_grind_winner"": 0.0, ""smooth_trend_winner"": 0.11605711083119341, ""stair_step_winner"": 0.3319216339663307}",stair_step_winner,choppy_reversal_winner,0.8556336158863218,0.11567150088375798,0.02359882005899705,0.05604719764011799
up50pct,train,up50pct::SH600809::000000,305,"{""choppy_reversal_winner"": 0.1066132043299576, ""jump_repricing_winner"": 0.22752459258612287, ""late_rescue_winner"": 0.062399987363507624, ""slow_grind_winner"": 0.0, ""smooth_trend_winner"": 0.2802683086772644, ""stair_step_winner"": 0.32319390704314754}",stair_step_winner,smooth_trend_winner,0.8205172699544341,0.12639093360149797,0.17704918032786884,0.0
up50pct,train,up50pct::SH600812::000000,33,"{""choppy_reversal_winner"": 0.09533495253174233, ""jump_repricing_winner"": 0.31516803920237185, ""late_rescue_winner"": 0.051925676710888866, ""slow_grind_winner"": 0.0, ""smooth_trend_winner"": 0.3788506804814977, ""stair_step_winner"": 0.15872065107349925}",smooth_trend_winner,jump_repricing_winner,0.7821547776227632,0.1321137192442335,0.45454545454545453,0.0
up50pct,train,up50pct::SH600816::000000,2,"{""choppy_reversal_winner"": 0.009733443184398775, ""jump_repricing_winner"": 0.33278516312529394, ""late_rescue_winner"": 0.007834826915886184, ""slow_grind_winner"": 0.0, ""smooth_trend_winner"": 0.6180481572720123, ""stair_step_winner"": 0.03159840950240864}",smooth_trend_winner,jump_repricing_winner,0.47762465190027664,0.014543573002428081,0.5,0.5
up50pct,train,up50pct::SH600816::000001,29,"{""choppy_reversal_winner"": 0.4044183774094762, ""jump_repricing_winner"": 0.017080928157033624, ""late_rescue_winner"": 0.44657535910680357, ""slow_grind_winner"": 0.0, ""smooth_trend_winner"": 0.010189557219652317, ""stair_step_winner"": 0.12173577810703427}",late_rescue_winner,choppy_reversal_winner,0.6132186694126314,0.008302391726712372,0.0,0.0
up50pct,robustness,up50pct::SH600816::000002,31,"{""choppy_reversal_winner"": 0.2726256080762748, ""jump_repricing_winner"": 0.09591879530440263, ""late_rescue_winner"": 0.15053742101907913, ""slow_grind_winner"": 0.0, ""smooth_trend_winner"": 0.05026756756434077, ""stair_step_winner"": 0.4306506080359027}",stair_step_winner,choppy_reversal_winner,0.7687145632713116,0.02523647642303338,0.0,0.06451612903225806
up50pct,train,up50pct::SH600820::000000,137,"{""choppy_reversal_winner"": 0.3411408038063768, ""jump_repricing_winner"": 0.022891095927772668, ""late_rescue_winner"": 0.3209022599604692, ""slow_grind_winner"": 0.0, ""smooth_trend_winner"": 0.017438680764015963, ""stair_step_winner"": 0.29762715954136537}",choppy_reversal_winner,late_rescue_winner,0.6973008505691181,0.018878950900368383,0.0,0.4306569343065693
up50pct,train,up50pct::SH600827::000000,85,"{""choppy_reversal_winner"": 0.28530022123411625, ""jump_repricing_winner"": 0.10858025016736995, ""late_rescue_winner"": 0.2199170181403452, ""slow_grind_winner"": 0.0, ""smooth_trend_winner"": 0.12916936590521538, ""stair_step_winner"": 0.2570331445529533}",choppy_reversal_winner,stair_step_winner,0.8625734758738058,0.11415136327876836,0.11764705882352941,0.24705882352941178
up50pct,train,up50pct::SH600827::000001,68,"{""choppy_reversal_winner"": 0.15582452322429038, ""jump_repricing_winner"": 0.1571469806880778, ""late_rescue_winner"": 0.08045415969357583, ""slow_grind_winner"": 0.0, ""smooth_trend_winner"": 0.17533724045050492, ""stair_step_winner"": 0.43123709594355103}",stair_step_winner,smooth_trend_winner,0.8099445633533139,0.11679793633558082,0.17647058823529413,0.0
up50pct,train,up50pct::SH600835::000000,184,"{""choppy_reversal_winner"": 0.3350140118248057, ""jump_repricing_winner"": 0.014799431561066927, ""late_rescue_winner"": 0.4988364096943454, ""slow_grind_winner"": 0.0, ""smooth_trend_winner"": 0.010216730309120492, ""stair_step_winner"": 0.14113341661066145}",late_rescue_winner,choppy_reversal_winner,0.6132655240041627,0.05745549918484772,0.29891304347826086,0.0
up50pct,train,up50pct::SH600839::000000,63,"{""choppy_reversal_winner"": 0.32585299182348637, ""jump_repricing_winner"": 0.03451825992884149, ""late_rescue_winner"": 0.4440288939134371, ""slow_grind_winner"": 0.0, ""smooth_trend_winner"": 0.03499933372854689, ""stair_step_winner"": 0.16060052060568805}",late_rescue_winner,choppy_reversal_winner,0.6993773151065396,0.052354122922547826,0.0,0.3333333333333333
up50pct,validation,up50pct::SH600845::000000,18,"{""choppy_reversal_winner"": 0.07279699188181925, ""jump_repricing_winner"": 0.310494992350922, ""late_rescue_winner"": 0.03847528290916116, ""slow_grind_winner"": 0.0, ""smooth_trend_winner"": 0.25227179819411166, ""stair_step_winner"": 0.32596093466398596}",stair_step_winner,jump_repricing_winner,0.7769253346071225,0.07452072789657181,0.0,0.0
up50pct,train,up50pct::SH600848::000000,38,"{""choppy_reversal_winner"": 0.2436254998349194, ""jump_repricing_winner"": 0.15033070691448475, ""late_rescue_winner"": 0.13079603617592434, ""slow_grind_winner"": 0.0, ""smooth_trend_winner"": 0.3142788341780476, ""stair_step_winner"": 0.16096892289662382}",smooth_trend_winner,choppy_reversal_winner,0.8665975919423105,0.15500331653001756,0.4473684210526316,0.0
up50pct,robustness,up50pct::SH600848::000001,1,"{""choppy_reversal_winner"": 0.3856035352910109, ""jump_repricing_winner"": 0.02518812574313156, ""late_rescue_winner"": 0.28177352247409104, ""slow_grind_winner"": 0.0, ""smooth_trend_winner"": 0.015384055680755477, ""stair_step_winner"": 0.292050760811011}",choppy_reversal_winner,stair_step_winner,0.6924918968499514,0.0,0.0,0.0
up50pct,train,up50pct::SH600859::000000,25,"{""choppy_reversal_winner"": 0.2770328696318522, ""jump_repricing_winner"": 0.08220852951973166, ""late_rescue_winner"": 0.3793225244634707, ""slow_grind_winner"": 0.0, ""smooth_trend_winner"": 0.13280016781367251, ""stair_step_winner"": 0.12863590857127283}",late_rescue_winner,choppy_reversal_winner,0.8151874323327017,0.1239362457434497,0.2,0.0
up50pct,train,up50pct::SH600862::000000,192,"{""choppy_reversal_winner"": 0.08301217923959141, ""jump_repricing_winner"": 0.2706009147374608, ""late_rescue_winner"": 0.05344314190048254, ""slow_grind_winner"": 0.0, ""smooth_trend_winner"": 0.3384546230485859, ""stair_step_winner"": 0.25448914107387927}",smooth_trend_winner,jump_repricing_winner,0.7990934050327185,0.11477803472086338,0.3229166666666667,0.15625
up50pct,train,up50pct::SH600862::000001,3,"{""choppy_reversal_winner"": 0.07250294541464854, ""jump_repricing_winner"": 0.3234725286385274, ""late_rescue_winner"": 0.03783369791965472, ""slow_grind_winner"": 0.0, ""smooth_trend_winner"": 0.2658733774162751, ""stair_step_winner"": 0.3003174506108943}",jump_repricing_winner,stair_step_winner,0.7772796386327201,0.010933040275517012,0.0,0.0
up50pct,robustness,up50pct::SH600862::000002,22,"{""choppy_reversal_winner"": 0.1538910491836879, ""jump_repricing_winner"": 0.21463861626957506, ""late_rescue_winner"": 0.10848692816683557, ""slow_grind_winner"": 0.0, ""smooth_trend_winner"": 0.1639033946737172, ""stair_step_winner"": 0.3590800117061843}",stair_step_winner,jump_repricing_winner,0.8502517595959472,0.05676599694008704,0.045454545454545456,0.36363636363636365
up50pct,train,up50pct::SH600863::000000,37,"{""choppy_reversal_winner"": 0.40772572277464825, ""jump_repricing_winner"": 0.039542399408195227, ""late_rescue_winner"": 0.2659569975426438, ""slow_grind_winner"": 0.0, ""smooth_trend_winner"": 0.027114010401925463, ""stair_step_winner"": 0.2596608698725873}",choppy_reversal_winner,late_rescue_winner,0.7220344134355071,0.03598929244103938,0.0,0.13513513513513514
up50pct,train,up50pct::SH600867::000000,10,"{""choppy_reversal_winner"": 0.006137256328176152, ""jump_repricing_winner"": 0.3092928851660727, ""late_rescue_winner"": 0.0038074581515619723, ""slow_grind_winner"": 0.0, ""smooth_trend_winner"": 0.657514082164741, ""stair_step_winner"": 0.023248318189448048}",smooth_trend_winner,jump_repricing_winner,0.43451834267332895,0.006406430527454883,1.0,0.0
up50pct,train,up50pct::SH600867::000001,32,"{""choppy_reversal_winner"": 0.09427441081338497, ""jump_repricing_winner"": 0.26660234490901635, ""late_rescue_winner"": 0.05830499264443879, ""slow_grind_winner"": 0.0, ""smooth_trend_winner"": 0.23859996797231375, ""stair_step_winner"": 0.34221828366084617}",stair_step_winner,jump_repricing_winner,0.8090685863798877,0.061188716463521524,0.03125,0.0
up50pct,train,up50pct::SH600869::000000,2,"{""choppy_reversal_winner"": 0.3218046573190484, ""jump_repricing_winner"": 0.016209753480284694, ""late_rescue_winner"": 0.5107750850124767, ""slow_grind_winner"": 0.0, ""smooth_trend_winner"": 0.010936708540278773, ""stair_step_winner"": 0.14027379564791148}",late_rescue_winner,choppy_reversal_winner,0.6137780101331203,0.0005137934995124107,0.0,0.0
up50pct,train,up50pct::SH600872::000000,206,"{""choppy_reversal_winner"": 0.18884074327414335, ""jump_repricing_winner"": 0.11206925442393915, ""late_rescue_winner"": 0.11067677922503684, ""slow_grind_winner"": 0.0, ""smooth_trend_winner"": 0.12272137374040992, ""stair_step_winner"": 0.4656918493364708}",stair_step_winner,choppy_reversal_winner,0.790848098410211,0.09284169188463991,0.0,0.06310679611650485
up50pct,train,up50pct::SH600873::000000,84,"{""choppy_reversal_winner"": 0.3478074704011325, ""jump_repricing_winner"": 0.03798183817032321, ""late_rescue_winner"": 0.26794676049810323, ""slow_grind_winner"": 0.0, ""smooth_trend_winner"": 0.026303163891049322, ""stair_step_winner"": 0.3199607670393917}",choppy_reversal_winner,stair_step_winner,0.7281836758019835,0.041994928528915905,0.0,0.2261904761904762
up50pct,train,up50pct::SH600882::000000,8,"{""choppy_reversal_winner"": 0.09467702433844424, ""jump_repricing_winner"": 0.25132640713158383, ""late_rescue_winner"": 0.04940673515856895, ""slow_grind_winner"": 0.0, ""smooth_trend_winner"": 0.3067135585140438, ""stair_step_winner"": 0.2978762748573593}",smooth_trend_winner,stair_step_winner,0.8048513090824914,0.11105875184527662,0.25,0.0
up50pct,train,up50pct::SH600884::000000,245,"{""choppy_reversal_winner"": 0.2688371596561956, ""jump_repricing_winner"": 0.12046412174995715, ""late_rescue_winner"": 0.18388615753337614, ""slow_grind_winner"": 0.0, ""smooth_trend_winner"": 0.14160328699745706, ""stair_step_winner"": 0.28520927406301405}",stair_step_winner,choppy_reversal_winner,0.8673642604137635,0.13670364735814236,0.17959183673469387,0.02040816326530612
up50pct,robustness,up50pct::SH600884::000001,28,"{""choppy_reversal_winner"": 0.46416552774335973, ""jump_repricing_winner"": 0.01165660555840317, ""late_rescue_winner"": 0.3730490837095118, ""slow_grind_winner"": 0.0, ""smooth_trend_winner"": 0.007175155953386944, ""stair_step_winner"": 0.14395362703533837}",choppy_reversal_winner,late_rescue_winner,0.6085836467573937,0.01441743560462762,0.0,0.0
up50pct,train,up50pct::SH600893::000000,301,"{""choppy_reversal_winner"": 0.19250139648348538, ""jump_repricing_winner"": 0.20138867210256933, ""late_rescue_winner"": 0.11165596519771354, ""slow_grind_winner"": 0.0, ""smooth_trend_winner"": 0.21766887403392995, ""stair_step_winner"": 0.2767850921823018}",stair_step_winner,smooth_trend_winner,0.8774185100639635,0.14169981062966575,0.21926910299003322,0.132890365448505
up50pct,train,up50pct::SH600893::000001,11,"{""choppy_reversal_winner"": 0.05111987243351328, ""jump_repricing_winner"": 0.38815705048620913, ""late_rescue_winner"": 0.026820281031077097, ""slow_grind_winner"": 0.0, ""smooth_trend_winner"": 0.35392037881212457, ""stair_step_winner"": 0.1799824172370759}",jump_repricing_winner,smooth_trend_winner,0.7214438430823722,0.07401284139906643,0.2727272727272727,0.0
up50pct,robustness,up50pct::SH600901::000000,37,"{""choppy_reversal_winner"": 0.19647919369532094, ""jump_repricing_winner"": 0.06519113666489312, ""late_rescue_winner"": 0.14952400964578447, ""slow_grind_winner"": 0.0, ""smooth_trend_winner"": 0.0644449674039283, ""stair_step_winner"": 0.5243606925900732}",stair_step_winner,choppy_reversal_winner,0.7239084080696825,0.036154986175156056,0.0,0.21621621621621623
up50pct,train,up50pct::SH600917::000000,2,"{""choppy_reversal_winner"": 0.2937412908939377, ""jump_repricing_winner"": 0.0415261310984545, ""late_rescue_winner"": 0.40085465041190077, ""slow_grind_winner"": 0.0, ""smooth_trend_winner"": 0.031548135403677104, ""stair_step_winner"": 0.23232979219202993}",late_rescue_winner,choppy_reversal_winner,0.7292004546613396,0.002431604813162755,0.0,0.0
up50pct,train,up50pct::SH600956::000000,75,"{""choppy_reversal_winner"": 0.18484283543792832, ""jump_repricing_winner"": 0.23164160231656486, ""late_rescue_winner"": 0.10549646772721374, ""slow_grind_winner"": 0.0, ""smooth_trend_winner"": 0.25319893239008046, ""stair_step_winner"": 0.22482016212821254}",smooth_trend_winner,jump_repricing_winner,0.8770396004289549,0.12520435967891613,0.26666666666666666,0.10666666666666667
up50pct,train,up50pct::SH600956::000001,69,"{""choppy_reversal_winner"": 0.07694124506638227, ""jump_repricing_winner"": 0.29211335701369845, ""late_rescue_winner"": 0.041670955588381735, ""slow_grind_winner"": 0.0, ""smooth_trend_winner"": 0.2947445237661884, ""stair_step_winner"": 0.2945299185653491}",smooth_trend_winner,stair_step_winner,0.7865668227960356,0.0954921637388222,0.18840579710144928,0.0
up50pct,robustness,up50pct::SH600956::000002,23,"{""choppy_reversal_winner"": 0.2300960015356551, ""jump_repricing_winner"": 0.09910292286617095, ""late_rescue_winner"": 0.1666162844035237, ""slow_grind_winner"": 0.0, ""smooth_trend_winner"": 0.06990506171738252, ""stair_step_winner"": 0.4342797294772676}",stair_step_winner,choppy_reversal_winner,0.7891415945378154,0.0429693898113804,0.0,0.2608695652173913
up50pct,train,up50pct::SH600958::000000,389,"{""choppy_reversal_winner"": 0.2990244847051379, ""jump_repricing_winner"": 0.12068257637793947, ""late_rescue_winner"": 0.21509444955902354, ""slow_grind_winner"": 0.0, ""smooth_trend_winner"": 0.12268637386766446, ""stair_step_winner"": 0.2425121154902346}",choppy_reversal_winner,stair_step_winner,0.8637853380147483,0.12994759388186058,0.10796915167095116,0.07197943444730077
up50pct,train,up50pct::SH600959::000000,2,"{""choppy_reversal_winner"": 0.007869424906580247, ""jump_repricing_winner"": 0.2738111453328299, ""late_rescue_winner"": 0.005556901432550497, ""slow_grind_winner"": 0.0, ""smooth_trend_winner"": 0.6836683827507961, ""stair_step_winner"": 0.029094145577243317}",smooth_trend_winner,jump_repricing_winner,0.4378670465198575,0.003241835244313613,1.0,0.0
up50pct,robustness,up50pct::SH600967::000001,15,"{""choppy_reversal_winner"": 0.007733314648858026, ""jump_repricing_winner"": 0.34422398820323197, ""late_rescue_winner"": 0.004447678332760627, ""slow_grind_winner"": 0.0, ""smooth_trend_winner"": 0.6115612459482106, ""stair_step_winner"": 0.0320337728669388}",smooth_trend_winner,jump_repricing_winner,0.46867074806732856,0.031312415080526776,0.9333333333333333,0.0
up50pct,train,up50pct::SH600984::000000,19,"{""choppy_reversal_winner"": 0.017330548070028543, ""jump_repricing_winner"": 0.3708394616838185, ""late_rescue_winner"": 0.010193774652682152, ""slow_grind_winner"": 0.0, ""smooth_trend_winner"": 0.5317322037444425, ""stair_step_winner"": 0.06990401184902813}",smooth_trend_winner,jump_repricing_winner,0.5618696994389816,0.028713259468128416,0.42105263157894735,0.0
up50pct,train,up50pct::SH600998::000000,34,"{""choppy_reversal_winner"": 0.11306646936575004, ""jump_repricing_winner"": 0.19546799802304285, ""late_rescue_winner"": 0.05867970054438987, ""slow_grind_winner"": 0.0, ""smooth_trend_winner"": 0.1347119062782657, ""stair_step_winner"": 0.4980739257885516}",stair_step_winner,jump_repricing_winner,0.7529672736920607,0.062264869389620704,0.0,0.0
up50pct,train,up50pct::SH600999::000000,206,"{""choppy_reversal_winner"": 0.18740065771694153, ""jump_repricing_winner"": 0.21391107954479435, ""late_rescue_winner"": 0.1347249754009619, ""slow_grind_winner"": 0.0, ""smooth_trend_winner"": 0.16784459842359295, ""stair_step_winner"": 0.29611868891370924}",stair_step_winner,jump_repricing_winner,0.8782903529446796,0.11466607517596321,0.0825242718446602,0.24757281553398058
up50pct,train,up50pct::SH601000::000000,120,"{""choppy_reversal_winner"": 0.32724268079681, ""jump_repricing_winner"": 0.02986435804129782, ""late_rescue_winner"": 0.33363898883069126, ""slow_grind_winner"": 0.0, ""smooth_trend_winner"": 0.024878819728706654, ""stair_step_winner"": 0.2843751526024943}",late_rescue_winner,choppy_reversal_winner,0.717799769032143,0.0381334922859728,0.0,0.6833333333333333
up50pct,train,up50pct::SH601003::000000,13,"{""choppy_reversal_winner"": 0.20485086477335124, ""jump_repricing_winner"": 0.18069731684475474, ""late_rescue_winner"": 0.09871667662637135, ""slow_grind_winner"": 0.0, ""smooth_trend_winner"": 0.1350602502290046, ""stair_step_winner"": 0.3806748915265181}",stair_step_winner,choppy_reversal_winner,0.8374894453532575,0.11264132573895907,0.0,0.0
up50pct,train,up50pct::SH601003::000001,7,"{""choppy_reversal_winner"": 0.3223117698859241, ""jump_repricing_winner"": 0.0178333327718482, ""late_rescue_winner"": 0.467334412627456, ""slow_grind_winner"": 0.0, ""smooth_trend_winner"": 0.013957038584680365, ""stair_step_winner"": 0.1785634461300913}",late_rescue_winner,choppy_reversal_winner,0.6471296403812222,0.037855509746192256,0.0,0.0
up50pct,train,up50pct::SH601005::000000,46,"{""choppy_reversal_winner"": 0.4343443568385364, ""jump_repricing_winner"": 0.015712507881638152, ""late_rescue_winner"": 0.39438129356980095, ""slow_grind_winner"": 0.0, ""smooth_trend_winner"": 0.00948805647797438, ""stair_step_winner"": 0.1460737852320501}",choppy_reversal_winner,late_rescue_winner,0.6248605009138998,0.029474224052983684,0.0,0.0
up50pct,robustness,up50pct::SH601012::000000,36,"{""choppy_reversal_winner"": 0.0931615121818648, ""jump_repricing_winner"": 0.2763088746996496, ""late_rescue_winner"": 0.05199655339511163, ""slow_grind_winner"": 0.0, ""smooth_trend_winner"": 0.2074113532274418, ""stair_step_winner"": 0.3711217064959322}",stair_step_winner,jump_repricing_winner,0.794959155391519,0.0745605060751046,0.0,0.0
up50pct,train,up50pct::SH601018::000000,1,"{""choppy_reversal_winner"": 0.0067994952600473535, ""jump_repricing_winner"": 0.25359673542359346, ""late_rescue_winner"": 0.004287028781048384, ""slow_grind_winner"": 0.0, ""smooth_trend_winner"": 0.7071969252554711, ""stair_step_winner"": 0.028119815279839675}",smooth_trend_winner,jump_repricing_winner,0.41896016512074014,0.0,1.0,0.0
up50pct,train,up50pct::SH601019::000000,62,"{""choppy_reversal_winner"": 0.3409737080197488, ""jump_repricing_winner"": 0.026200997993542346, ""late_rescue_winner"": 0.44000331425044836, ""slow_grind_winner"": 0.0, ""smooth_trend_winner"": 0.01764851244764238, ""stair_step_winner"": 0.17517346728861827}",late_rescue_winner,choppy_reversal_winner,0.66968905578721,0.017419712918827147,0.0,0.0
up50pct,train,up50pct::SH601021::000000,263,"{""choppy_reversal_winner"": 0.28997261381223255, ""jump_repricing_winner"": 0.07177597463539932, ""late_rescue_winner"": 0.17711369122960405, ""slow_grind_winner"": 0.0, ""smooth_trend_winner"": 0.05638473876286475, ""stair_step_winner"": 0.4047529815598993}",stair_step_winner,choppy_reversal_winner,0.7717859855565193,0.09409147217599327,0.0,0.0
up50pct,validation,up50pct::SH601059::000000,1,"{""choppy_reversal_winner"": 0.01691166139414514, ""jump_repricing_winner"": 0.31140023608015327, ""late_rescue_winner"": 0.013901230513923106, ""slow_grind_winner"": 0.0, ""smooth_trend_winner"": 0.6045697100394412, ""stair_step_winner"": 0.05321716197233741}",smooth_trend_winner,jump_repricing_winner,0.5313691514109649,0.0,1.0,0.0
up50pct,robustness,up50pct::SH601059::000001,9,"{""choppy_reversal_winner"": 0.3177485094193551, ""jump_repricing_winner"": 0.09124372900517873, ""late_rescue_winner"": 0.17463554874583676, ""slow_grind_winner"": 0.0, ""smooth_trend_winner"": 0.04464079060126728, ""stair_step_winner"": 0.3717314222283621}",stair_step_winner,choppy_reversal_winner,0.7780930400278737,0.050968098828221925,0.0,0.0
up50pct,train,up50pct::SH601066::000000,167,"{""choppy_reversal_winner"": 0.1427726433316776, ""jump_repricing_winner"": 0.24456946909053973, ""late_rescue_winner"": 0.09814773656780325, ""slow_grind_winner"": 0.0, ""smooth_trend_winner"": 0.23745467082992408, ""stair_step_winner"": 0.27705548018005544}",stair_step_winner,jump_repricing_winner,0.8634922686011524,0.13322387986104955,0.19760479041916168,0.07784431137724551
up50pct,robustness,up50pct::SH601066::000001,26,"{""choppy_reversal_winner"": 0.19229611615369163, ""jump_repricing_winner"": 0.21382495953257535, ""late_rescue_winner"": 0.0986720337452629, ""slow_grind_winner"": 0.0, ""smooth_trend_winner"": 0.09347697502486402, ""stair_step_winner"": 0.4017299155436061}",stair_step_winner,jump_repricing_winner,0.8166943733060823,0.03658981446472304,0.0,0.0
up50pct,train,up50pct::SH601068::000000,15,"{""choppy_reversal_winner"": 0.05371090909708077, ""jump_repricing_winner"": 0.3197170100431552, ""late_rescue_winner"": 0.03184244541792679, ""slow_grind_winner"": 0.0, ""smooth_trend_winner"": 0.4976699162546973, ""stair_step_winner"": 0.09705971918713983}",smooth_trend_winner,jump_repricing_winner,0.6725596221250896,0.1016986995914768,0.5333333333333333,0.26666666666666666
up50pct,train,up50pct::SH601098::000000,218,"{""choppy_reversal_winner"": 0.4150992988506358, ""jump_repricing_winner"": 0.020696312607930558, ""late_rescue_winner"": 0.3395176304223771, ""slow_grind_winner"": 0.0, ""smooth_trend_winner"": 0.01498941575202862, ""stair_step_winner"": 0.20969734236702786}",choppy_reversal_winner,late_rescue_winner,0.671134607621333,0.03291529694650902,0.0,0.0779816513761468
up50pct,train,up50pct::SH601100::000000,286,"{""choppy_reversal_winner"": 0.11443696458674842, ""jump_repricing_winner"": 0.19639930139244882, ""late_rescue_winner"": 0.06661726207232845, ""slow_grind_winner"": 0.0, ""smooth_trend_winner"": 0.2182255988332093, ""stair_step_winner"": 0.404320873115265}",stair_step_winner,smooth_trend_winner,0.8073078126407834,0.09874338323268171,0.06643356643356643,0.0
up50pct,train,up50pct::SH601106::000000,239,"{""choppy_reversal_winner"": 0.3199600890026318, ""jump_repricing_winner"": 0.031127046420800837, ""late_rescue_winner"": 0.41653461326832336, ""slow_grind_winner"": 0.0, ""smooth_trend_winner"": 0.023230610517518756, ""stair_step_winner"": 0.2091476407907253}",late_rescue_winner,choppy_reversal_winner,0.6987912770955661,0.06011056437817026,0.20920502092050208,0.2301255230125523
up50pct,train,up50pct::SH601111::000000,2,"{""choppy_reversal_winner"": 0.012460691131071136, ""jump_repricing_winner"": 0.39727859928246634, ""late_rescue_winner"": 0.007976920616826332, ""slow_grind_winner"": 0.0, ""smooth_trend_winner"": 0.5361188575815177, ""stair_step_winner"": 0.0461649313881185}",smooth_trend_winner,jump_repricing_winner,0.5224547772834922,0.007908688593143165,1.0,0.0
up50pct,train,up50pct::SH601117::000000,406,"{""choppy_reversal_winner"": 0.2424602808602473, ""jump_repricing_winner"": 0.1319680504055207, ""late_rescue_winner"": 0.1597775445034739, ""slow_grind_winner"": 0.0, ""smooth_trend_winner"": 0.11118522788051166, ""stair_step_winner"": 0.35460889635024645}",stair_step_winner,choppy_reversal_winner,0.8459265312785773,0.1361756552745185,0.10344827586206896,0.046798029556650245
up50pct,train,up50pct::SH601118::000000,299,"{""choppy_reversal_winner"": 0.36171829172359105, ""jump_repricing_winner"": 0.019489825607082643, ""late_rescue_winner"": 0.41450045670284846, ""slow_grind_winner"": 0.0, ""smooth_trend_winner"": 0.013390030841796607, ""stair_step_winner"": 0.19090139512468124}",late_rescue_winner,choppy_reversal_winner,0.6605269580455033,0.027692357075407334,0.0,0.31438127090301005
up50pct,validation,up50pct::SH601127::000000,3,"{""choppy_reversal_winner"": 0.3332436404893584, ""jump_repricing_winner"": 0.04585317046584325, ""late_rescue_winner"": 0.17759840486361014, ""slow_grind_winner"": 0.0, ""smooth_trend_winner"": 0.026743107418834258, ""stair_step_winner"": 0.41656167676235395}",stair_step_winner,choppy_reversal_winner,0.7122056548922112,0.007582477710962561,0.0,0.0
up50pct,validation,up50pct::SH601136::000000,21,"{""choppy_reversal_winner"": 0.08266415020919797, ""jump_repricing_winner"": 0.32273444277116664, ""late_rescue_winner"": 0.04330455967656046, ""slow_grind_winner"": 0.0, ""smooth_trend_winner"": 0.2710181738121693, ""stair_step_winner"": 0.2802786735309057}",jump_repricing_winner,stair_step_winner,0.7910446177956668,0.07163532584690029,0.047619047619047616,0.19047619047619047
up50pct,robustness,up50pct::SH601136::000001,3,"{""choppy_reversal_winner"": 0.32446791195563685, ""jump_repricing_winner"": 0.07361389092883981, ""late_rescue_winner"": 0.15694421754620183, ""slow_grind_winner"": 0.0, ""smooth_trend_winner"": 0.03611739237314903, ""stair_step_winner"": 0.40885658719617246}",stair_step_winner,choppy_reversal_winner,0.7442550276065715,0.0011732461710104462,0.0,0.0
up50pct,robustness,up50pct::SH601138::000000,225,"{""choppy_reversal_winner"": 0.201373277009779, ""jump_repricing_winner"": 0.19380795896148445, ""late_rescue_winner"": 0.16545983491017258, ""slow_grind_winner"": 0.0, ""smooth_trend_winner"": 0.25085795090634605, ""stair_step_winner"": 0.18850097821221795}",smooth_trend_winner,choppy_reversal_winner,0.892893081820721,0.1434474406169525,0.30666666666666664,0.14222222222222222
up50pct,train,up50pct::SH601139::000000,252,"{""choppy_reversal_winner"": 0.33403081325195244, ""jump_repricing_winner"": 0.059577736718638155, ""late_rescue_winner"": 0.21696320567653402, ""slow_grind_winner"": 0.0, ""smooth_trend_winner"": 0.033968529900098986, ""stair_step_winner"": 0.35545971445277635}",stair_step_winner,choppy_reversal_winner,0.7525536715800659,0.05409222770432126,0.0,0.09523809523809523
up50pct,train,up50pct::SH601155::000000,240,"{""choppy_reversal_winner"": 0.18974882671101218, ""jump_repricing_winner"": 0.1914372066276794, ""late_rescue_winner"": 0.13806262424968507, ""slow_grind_winner"": 0.0, ""smooth_trend_winner"": 0.188048044008574, ""stair_step_winner"": 0.29270329840304926}",stair_step_winner,jump_repricing_winner,0.8813011754642744,0.14308533664566894,0.14166666666666666,0.0625
up50pct,robustness,up50pct::SH601155::000001,1,"{""choppy_reversal_winner"": 0.26936638492137005, ""jump_repricing_winner"": 0.047813736584842566, ""late_rescue_winner"": 0.3261064648519809, ""slow_grind_winner"": 0.0, ""smooth_trend_winner"": 0.041246691381496094, ""stair_step_winner"": 0.3154667222603104}",late_rescue_winner,stair_step_winner,0.7587889890510154,0.0,0.0,0.0
up50pct,train,up50pct::SH601162::000000,10,"{""choppy_reversal_winner"": 0.012459375268348394, ""jump_repricing_winner"": 0.3144827792958985, ""late_rescue_winner"": 0.0105911115674517, ""slow_grind_winner"": 0.0, ""smooth_trend_winner"": 0.6229258017017613, ""stair_step_winner"": 0.039540932166539935}",smooth_trend_winner,jump_repricing_winner,0.4962648552870571,0.010593427948559367,0.7,0.3
up50pct,train,up50pct::SH601162::000001,35,"{""choppy_reversal_winner"": 0.2047896964189998, ""jump_repricing_winner"": 0.1684965163301294, ""late_rescue_winner"": 0.10878138706019781, ""slow_grind_winner"": 0.0, ""smooth_trend_winner"": 0.12261648268402196, ""stair_step_winner"": 0.39531591750665107}",stair_step_winner,choppy_reversal_winner,0.8317816538226073,0.10134344586097467,0.14285714285714285,0.0
up50pct,robustness,up50pct::SH601162::000003,15,"{""choppy_reversal_winner"": 0.01804062183576591, ""jump_repricing_winner"": 0.5125223790171943, ""late_rescue_winner"": 0.009881675330700813, ""slow_grind_winner"": 0.0, ""smooth_trend_winner"": 0.3796575488115144, ""stair_step_winner"": 0.0798977750048246}",jump_repricing_winner,smooth_trend_winner,0.5749826058998371,0.023161010721721196,0.26666666666666666,0.0
up50pct,train,up50pct::SH601179::000000,53,"{""choppy_reversal_winner"": 0.27401751508809524, ""jump_repricing_winner"": 0.11896887098390758, ""late_rescue_winner"": 0.22275147537931456, ""slow_grind_winner"": 0.0, ""smooth_trend_winner"": 0.10035323124691567, ""stair_step_winner"": 0.283908907301767}",stair_step_winner,choppy_reversal_winner,0.8542992967813677,0.09044254841417326,0.03773584905660377,0.39622641509433965
up50pct,train,up50pct::SH601198::000000,6,"{""choppy_reversal_winner"": 0.012893633399204338, ""jump_repricing_winner"": 0.4730803389184141, ""late_rescue_winner"": 0.007832143094715624, ""slow_grind_winner"": 0.0, ""smooth_trend_winner"": 0.45944622917635813, ""stair_step_winner"": 0.046747655411307855}",jump_repricing_winner,smooth_trend_winner,0.5294755619538312,0.048834577012887764,0.0,0.5
up50pct,train,up50pct::SH601216::000000,202,"{""choppy_reversal_winner"": 0.18812446962388132, ""jump_repricing_winner"": 0.1781218497147801, ""late_rescue_winner"": 0.14617100514114403, ""slow_grind_winner"": 0.0, ""smooth_trend_winner"": 0.21971503767405642, ""stair_step_winner"": 0.26786763784613815}",stair_step_winner,smooth_trend_winner,0.8865580586003864,0.12733265318881967,0.18811881188118812,0.22772277227722773
up50pct,robustness,up50pct::SH601225::000001,18,"{""choppy_reversal_winner"": 0.19737187815298515, ""jump_repricing_winner"": 0.04779073116830476, ""late_rescue_winner"": 0.10825789996231543, ""slow_grind_winner"": 0.0, ""smooth_trend_winner"": 0.03440459319244398, ""stair_step_winner"": 0.6121748975239507}",stair_step_winner,choppy_reversal_winner,0.6265490820459512,0.01202741953910954,0.0,0.0
up50pct,robustness,up50pct::SH601231::000000,271,"{""choppy_reversal_winner"": 0.22500013648100756, ""jump_repricing_winner"": 0.18501179068891285, ""late_rescue_winner"": 0.13540338277863798, ""slow_grind_winner"": 0.0, ""smooth_trend_winner"": 0.15061043196225143, ""stair_step_winner"": 0.30397425808919015}",stair_step_winner,choppy_reversal_winner,0.8737940301119759,0.12703732098806728,0.02952029520295203,0.07380073800738007
up50pct,train,up50pct::SH601233::000000,286,"{""choppy_reversal_winner"": 0.19842209609135528, ""jump_repricing_winner"": 0.15958470837206784, ""late_rescue_winner"": 0.1348211370696912, ""slow_grind_winner"": 0.0, ""smooth_trend_winner"": 0.1485861140935317, ""stair_step_winner"": 0.358585944373354}",stair_step_winner,choppy_reversal_winner,0.8566974790150739,0.13024038571165822,0.08741258741258741,0.0034965034965034965
up50pct,train,up50pct::SH601236::000000,57,"{""choppy_reversal_winner"": 0.05621134086760408, ""jump_repricing_winner"": 0.37034329081702655, ""late_rescue_winner"": 0.030266712147524643, ""slow_grind_winner"": 0.0, ""smooth_trend_winner"": 0.31233572389984415, ""stair_step_winner"": 0.23084293226800062}",jump_repricing_winner,smooth_trend_winner,0.7464310729027327,0.0888601254365955,0.22807017543859648,0.017543859649122806
up50pct,robustness,up50pct::SH601236::000001,3,"{""choppy_reversal_winner"": 0.3255177477284297, ""jump_repricing_winner"": 0.04626589293294318, ""late_rescue_winner"": 0.1804920770765246, ""slow_grind_winner"": 0.0, ""smooth_trend_winner"": 0.026938363670509353, ""stair_step_winner"": 0.4207859185915932}",stair_step_winner,choppy_reversal_winner,0.7133508919373154,0.0006538747106340641,0.0,0.0
up50pct,train,up50pct::SH601318::000000,14,"{""choppy_reversal_winner"": 0.3853412467900212, ""jump_repricing_winner"": 0.03065502524674809, ""late_rescue_winner"": 0.20584604944152401, ""slow_grind_winner"": 0.0, ""smooth_trend_winner"": 0.01989666210170665, ""stair_step_winner"": 0.3582610164200001}",choppy_reversal_winner,stair_step_winner,0.6950489562152037,0.06115163182151829,0.0,0.0
up50pct,train,up50pct::SH601333::000000,26,"{""choppy_reversal_winner"": 0.34153316842593606, ""jump_repricing_winner"": 0.033815806655590794, ""late_rescue_winner"": 0.3738613852389122, ""slow_grind_winner"": 0.0, ""smooth_trend_winner"": 0.024157907441716236, ""stair_step_winner"": 0.22663173223784477}",late_rescue_winner,choppy_reversal_winner,0.711944927048028,0.020862753586276598,0.0,0.0
up50pct,robustness,up50pct::SH601360::000002,3,"{""choppy_reversal_winner"": 0.23424174549766652, ""jump_repricing_winner"": 0.07306248196583641, ""late_rescue_winner"": 0.1254688892309351, ""slow_grind_winner"": 0.0, ""smooth_trend_winner"": 0.0458317972417999, ""stair_step_winner"": 0.5213950860637622}",stair_step_winner,choppy_reversal_winner,0.710153482281727,0.005319806092602661,0.0,0.0
up50pct,train,up50pct::SH601375::000000,173,"{""choppy_reversal_winner"": 0.23851932464610545, ""jump_repricing_winner"": 0.1997974916871837, ""late_rescue_winner"": 0.13754241654298396, ""slow_grind_winner"": 0.0, ""smooth_trend_winner"": 0.16063395494091118, ""stair_step_winner"": 0.26350681218281574}",stair_step_winner,choppy_reversal_winner,0.8827452253158785,0.13434160963743272,0.23699421965317918,0.046242774566473986
up50pct,train,up50pct::SH601377::000000,227,"{""choppy_reversal_winner"": 0.2255653350878745, ""jump_repricing_winner"": 0.1474413109142137, ""late_rescue_winner"": 0.1731854706279041, ""slow_grind_winner"": 0.0, ""smooth_trend_winner"": 0.14638802833425782, ""stair_step_winner"": 0.3074198550357499}",stair_step_winner,choppy_reversal_winner,0.8738395562678234,0.12520347753073977,0.12334801762114538,0.19383259911894274
up50pct,robustness,up50pct::SH601377::000001,22,"{""choppy_reversal_winner"": 0.31971328361471224, ""jump_repricing_winner"": 0.04138273608620808, ""late_rescue_winner"": 0.19243044082612765, ""slow_grind_winner"": 0.0, ""smooth_trend_winner"": 0.024981325584413846, ""stair_step_winner"": 0.4214922138885381}",stair_step_winner,choppy_reversal_winner,0.7087052517529877,0.0073220695680127805,0.0,0.0
up50pct,robustness,up50pct::SH601567::000001,35,"{""choppy_reversal_winner"": 0.21510399089332602, ""jump_repricing_winner"": 0.05722553471368906, ""late_rescue_winner"": 0.10261128692057289, ""slow_grind_winner"": 0.0, ""smooth_trend_winner"": 0.032183683570910455, ""stair_step_winner"": 0.5928755039015016}",stair_step_winner,choppy_reversal_winner,0.640934851841744,0.014001205187800932,0.0,0.0
up50pct,robustness,up50pct::SH601606::000000,2,"{""choppy_reversal_winner"": 0.00969084865450014, ""jump_repricing_winner"": 0.5075498122309932, ""late_rescue_winner"": 0.005685509047896471, ""slow_grind_winner"": 0.0, ""smooth_trend_winner"": 0.44324111111194275, ""stair_step_winner"": 0.03383271895466738}",jump_repricing_winner,smooth_trend_winner,0.49880223382687894,0.017002008045087044,0.5,0.0
up50pct,robustness,up50pct::SH601611::000000,16,"{""choppy_reversal_winner"": 0.051368634458044814, ""jump_repricing_winner"": 0.4182118595177079, ""late_rescue_winner"": 0.03229556391793531, ""slow_grind_winner"": 0.0, ""smooth_trend_winner"": 0.3561023961530834, ""stair_step_winner"": 0.14202154595322863}",jump_repricing_winner,smooth_trend_winner,0.7103805439438909,0.05386262208021402,0.0625,0.0
up50pct,train,up50pct::SH601618::000000,409,"{""choppy_reversal_winner"": 0.23143643445082332, ""jump_repricing_winner"": 0.11227525634687592, ""late_rescue_winner"": 0.16557544245036218, ""slow_grind_winner"": 0.0, ""smooth_trend_winner"": 0.10813189305789202, ""stair_step_winner"": 0.38258097369404653}",stair_step_winner,choppy_reversal_winner,0.8316389061214982,0.12435196396570099,0.10024449877750612,0.05134474327628362
up50pct,validation,up50pct::SH601618::000001,2,"{""choppy_reversal_winner"": 0.12215083773916835, ""jump_repricing_winner"": 0.16492145830080765, ""late_rescue_winner"": 0.06353240724501193, ""slow_grind_winner"": 0.0, ""smooth_trend_winner"": 0.11387816882366647, ""stair_step_winner"": 0.5355171278913456}",stair_step_winner,jump_repricing_winner,0.7316959047462245,0.0423924683468502,0.0,0.0
up50pct,robustness,up50pct::SH601618::000002,1,"{""choppy_reversal_winner"": 0.009185703476937762, ""jump_repricing_winner"": 0.36211587743625623, ""late_rescue_winner"": 0.00551267456751666, ""slow_grind_winner"": 0.0, ""smooth_trend_winner"": 0.5844780579413525, ""stair_step_winner"": 0.038707686577936856}",smooth_trend_winner,jump_repricing_winner,0.4907678873179673,0.0,1.0,0.0
up50pct,train,up50pct::SH601669::000000,392,"{""choppy_reversal_winner"": 0.25228254130797656, ""jump_repricing_winner"": 0.1641631671717747, ""late_rescue_winner"": 0.18364573906159545, ""slow_grind_winner"": 0.0, ""smooth_trend_winner"": 0.149611989150749, ""stair_step_winner"": 0.2502965633079043}",choppy_reversal_winner,stair_step_winner,0.8852811236454672,0.1308245557672873,0.12755102040816327,0.1683673469387755
up50pct,train,up50pct::SH601696::000000,20,"{""choppy_reversal_winner"": 0.00794591512168118, ""jump_repricing_winner"": 0.39457761768613125, ""late_rescue_winner"": 0.005161120895716053, ""slow_grind_winner"": 0.0, ""smooth_trend_winner"": 0.5651425303317895, ""stair_step_winner"": 0.02717281596468198}",smooth_trend_winner,jump_repricing_winner,0.4760799528766191,0.023312737002287833,0.85,0.05
up50pct,robustness,up50pct::SH601699::000001,37,"{""choppy_reversal_winner"": 0.054372958311641906, ""jump_repricing_winner"": 0.42193393955547276, ""late_rescue_winner"": 0.030583809122698636, ""slow_grind_winner"": 0.0, ""smooth_trend_winner"": 0.2674588889519132, ""stair_step_winner"": 0.22565040405827344}",jump_repricing_winner,smooth_trend_winner,0.7354419663529449,0.041366057840102076,0.0,0.0
up50pct,train,up50pct::SH601718::000000,10,"{""choppy_reversal_winner"": 0.005916605321696801, ""jump_repricing_winner"": 0.31289508470775934, ""late_rescue_winner"": 0.0038334306089298554, ""slow_grind_winner"": 0.0, ""smooth_trend_winner"": 0.6552790807815785, ""stair_step_winner"": 0.022075798580035437}",smooth_trend_winner,jump_repricing_winner,0.4333136268251033,0.0044264057195507744,1.0,0.0
up50pct,train,up50pct::SH601718::000001,14,"{""choppy_reversal_winner"": 0.20986602260617018, ""jump_repricing_winner"": 0.16341418119920834, ""late_rescue_winner"": 0.26910514392697, ""slow_grind_winner"": 0.0, ""smooth_trend_winner"": 0.08363362741412919, ""stair_step_winner"": 0.27398102485352227}",stair_step_winner,late_rescue_winner,0.8590244526558963,0.1232929823229727,0.35714285714285715,0.0
up50pct,robustness,up50pct::SH601727::000001,34,"{""choppy_reversal_winner"": 0.04418504743183462, ""jump_repricing_winner"": 0.4431839749838766, ""late_rescue_winner"": 0.024466446115206073, ""slow_grind_winner"": 0.0, ""smooth_trend_winner"": 0.3047534031493523, ""stair_step_winner"": 0.18341112831973044}",jump_repricing_winner,smooth_trend_winner,0.704589450197784,0.048927776348627265,0.0,0.0
up50pct,train,up50pct::SH601788::000000,202,"{""choppy_reversal_winner"": 0.21736902094195715, ""jump_repricing_winner"": 0.19625108723543555, ""late_rescue_winner"": 0.16062592566191677, ""slow_grind_winner"": 0.0, ""smooth_trend_winner"": 0.16076189499266116, ""stair_step_winner"": 0.2649920711680294}",stair_step_winner,choppy_reversal_winner,0.8878478512107182,0.11942954817046302,0.12376237623762376,0.11386138613861387
up50pct,train,up50pct::SH601799::000000,227,"{""choppy_reversal_winner"": 0.1305576189258109, ""jump_repricing_winner"": 0.1901387289070267, ""late_rescue_winner"": 0.07563482932900935, ""slow_grind_winner"": 0.0, ""smooth_trend_winner"": 0.17189438528119205, ""stair_step_winner"": 0.431774437556961}",stair_step_winner,jump_repricing_winner,0.8048101166669208,0.08603398832787212,0.01762114537444934,0.07929515418502203
up50pct,train,up50pct::SH601801::000000,34,"{""choppy_reversal_winner"": 0.351458768141804, ""jump_repricing_winner"": 0.01642813593331028, ""late_rescue_winner"": 0.4909787899013864, ""slow_grind_winner"": 0.0, ""smooth_trend_winner"": 0.010750689419663204, ""stair_step_winner"": 0.13038361660383604}",late_rescue_winner,choppy_reversal_winner,0.6131538994733859,0.018490839624022978,0.0,0.0
up50pct,train,up50pct::SH601811::000000,87,"{""choppy_reversal_winner"": 0.28169059964442156, ""jump_repricing_winner"": 0.05055219538842311, ""late_rescue_winner"": 0.4324888687446127, ""slow_grind_winner"": 0.0, ""smooth_trend_winner"": 0.05626441507399672, ""stair_step_winner"": 0.17900392114854596}",late_rescue_winner,choppy_reversal_winner,0.7479489748753558,0.06325733598120103,0.034482758620689655,0.5632183908045977
up50pct,train,up50pct::SH601828::000000,23,"{""choppy_reversal_winner"": 0.19247749670307843, ""jump_repricing_winner"": 0.22636955471325412, ""late_rescue_winner"": 0.13839907623480635, ""slow_grind_winner"": 0.0, ""smooth_trend_winner"": 0.15103314087880917, ""stair_step_winner"": 0.291720731470052}",stair_step_winner,jump_repricing_winner,0.8773668521926282,0.10267040554739502,0.0,0.17391304347826086
up50pct,robustness,up50pct::SH601865::000000,5,"{""choppy_reversal_winner"": 0.008168872610883452, ""jump_repricing_winner"": 0.4035440971858166, ""late_rescue_winner"": 0.005504342007265289, ""slow_grind_winner"": 0.0, ""smooth_trend_winner"": 0.5551182661707086, ""stair_step_winner"": 0.027664422025326162}",smooth_trend_winner,jump_repricing_winner,0.48002387576708844,0.027368456488436266,1.0,0.0
up50pct,train,up50pct::SH601866::000000,281,"{""choppy_reversal_winner"": 0.2160693058902877, ""jump_repricing_winner"": 0.19253786931586528, ""late_rescue_winner"": 0.18486136606219, ""slow_grind_winner"": 0.0, ""smooth_trend_winner"": 0.12033838900625667, ""stair_step_winner"": 0.2861930697254004}",stair_step_winner,choppy_reversal_winner,0.8780126492924165,0.12992577377289558,0.03558718861209965,0.1103202846975089
up50pct,train,up50pct::SH601877::000000,398,"{""choppy_reversal_winner"": 0.24542373471273438, ""jump_repricing_winner"": 0.10137525806162904, ""late_rescue_winner"": 0.1506328873390501, ""slow_grind_winner"": 0.0, ""smooth_trend_winner"": 0.09537031065299972, ""stair_step_winner"": 0.4071978092335867}",stair_step_winner,choppy_reversal_winner,0.8103247614854908,0.10593333199225362,0.04522613065326633,0.04773869346733668
up50pct,train,up50pct::SH601888::000000,302,"{""choppy_reversal_winner"": 0.16630057208597512, ""jump_repricing_winner"": 0.18864702545145012, ""late_rescue_winner"": 0.09516546055562315, ""slow_grind_winner"": 0.0, ""smooth_trend_winner"": 0.23599931408898286, ""stair_step_winner"": 0.3138876278179687}",stair_step_winner,smooth_trend_winner,0.8602116453584717,0.12427548727144128,0.2119205298013245,0.052980132450331126
up50pct,robustness,up50pct::SH601888::000001,107,"{""choppy_reversal_winner"": 0.1083815273671693, ""jump_repricing_winner"": 0.24225529713912833, ""late_rescue_winner"": 0.06580733378562208, ""slow_grind_winner"": 0.0, ""smooth_trend_winner"": 0.16971779358157155, ""stair_step_winner"": 0.41383804812650876}",stair_step_winner,jump_repricing_winner,0.7978158758261773,0.0924560178757991,0.0,0.04672897196261682
up50pct,train,up50pct::SH601901::000000,182,"{""choppy_reversal_winner"": 0.27875577999558854, ""jump_repricing_winner"": 0.049992415256588825, ""late_rescue_winner"": 0.20476355219047163, ""slow_grind_winner"": 0.0, ""smooth_trend_winner"": 0.03296370143083169, ""stair_step_winner"": 0.4335245511265194}",stair_step_winner,choppy_reversal_winner,0.7285689275041767,0.05046955692617868,0.0,0.5
up50pct,train,up50pct::SH601908::000000,2,"{""choppy_reversal_winner"": 0.20900519861237138, ""jump_repricing_winner"": 0.07166334092256982, ""late_rescue_winner"": 0.1521270588350645, ""slow_grind_winner"": 0.0, ""smooth_trend_winner"": 0.05616474023212552, ""stair_step_winner"": 0.5110396613978688}",stair_step_winner,choppy_reversal_winner,0.7296264925683067,0.0043080497622368895,0.0,0.0
up50pct,robustness,up50pct::SH601919::000000,41,"{""choppy_reversal_winner"": 0.04138683172125502, ""jump_repricing_winner"": 0.28257600248214865, ""late_rescue_winner"": 0.02561444342677637, ""slow_grind_winner"": 0.0, ""smooth_trend_winner"": 0.5948833980437066, ""stair_step_winner"": 0.05553932432611339}",smooth_trend_winner,jump_repricing_winner,0.5873103041073305,0.08783868534301348,0.9024390243902439,0.0
up50pct,train,up50pct::SH601933::000000,1,"{""choppy_reversal_winner"": 0.015859412046436618, ""jump_repricing_winner"": 0.6355334570386753, ""late_rescue_winner"": 0.008447595437854621, ""slow_grind_winner"": 0.0, ""smooth_trend_winner"": 0.27946144103145953, ""stair_step_winner"": 0.06069809444557408}",jump_repricing_winner,smooth_trend_winner,0.513729517954254,0.0,1.0,0.0
up50pct,train,up50pct::SH601949::000000,7,"{""choppy_reversal_winner"": 0.2893004622302549, ""jump_repricing_winner"": 0.007548409103554871, ""late_rescue_winner"": 0.6191064621621758, ""slow_grind_winner"": 0.0, ""smooth_trend_winner"": 0.0048014924091446054, ""stair_step_winner"": 0.07924317409486963}",late_rescue_winner,choppy_reversal_winner,0.5129501470650168,0.0037382722368176913,1.0,0.0
up50pct,train,up50pct::SH601952::000000,15,"{""choppy_reversal_winner"": 0.5021116121834592, ""jump_repricing_winner"": 0.008473515735031752, ""late_rescue_winner"": 0.36971678574358396, ""slow_grind_winner"": 0.0, ""smooth_trend_winner"": 0.00494207289889892, ""stair_step_winner"": 0.11475601343902604}",choppy_reversal_winner,late_rescue_winner,0.5742425500834165,0.011444641651190754,0.0,0.0
up50pct,train,up50pct::SH601966::000000,162,"{""choppy_reversal_winner"": 0.07910194919894574, ""jump_repricing_winner"": 0.25791637178947485, ""late_rescue_winner"": 0.04720161542910343, ""slow_grind_winner"": 0.0, ""smooth_trend_winner"": 0.29945568739181155, ""stair_step_winner"": 0.3163243761906644}",stair_step_winner,smooth_trend_winner,0.7922258804664667,0.1019696798982983,0.16049382716049382,0.0
up50pct,train,up50pct::SH601966::000001,1,"{""choppy_reversal_winner"": 0.008348093219269891, ""jump_repricing_winner"": 0.4292501409277086, ""late_rescue_winner"": 0.005209376486492689, ""slow_grind_winner"": 0.0, ""smooth_trend_winner"": 0.5284729051817515, ""stair_step_winner"": 0.02871948418477727}",smooth_trend_winner,jump_repricing_winner,0.4852004730247735,0.0,1.0,0.0
up50pct,train,up50pct::SH601969::000000,2,"{""choppy_reversal_winner"": 0.34929425414344106, ""jump_repricing_winner"": 0.009614297151487285, ""late_rescue_winner"": 0.5253712595507967, ""slow_grind_winner"": 0.0, ""smooth_trend_winner"": 0.0060997861715734285, ""stair_step_winner"": 0.10962040298270152}",late_rescue_winner,choppy_reversal_winner,0.5713143819605804,0.0027111487375864178,0.0,0.0
up50pct,train,up50pct::SH601969::000001,22,"{""choppy_reversal_winner"": 0.012136506690118393, ""jump_repricing_winner"": 0.398829202084301, ""late_rescue_winner"": 0.00703160324720607, ""slow_grind_winner"": 0.0, ""smooth_trend_winner"": 0.536399649566042, ""stair_step_winner"": 0.045603038412332736}",smooth_trend_winner,jump_repricing_winner,0.519005953054879,0.04059289752326297,0.7727272727272727,0.0
up50pct,train,up50pct::SH601975::000000,49,"{""choppy_reversal_winner"": 0.3896647185720759, ""jump_repricing_winner"": 0.01592832172698925, ""late_rescue_winner"": 0.433463683988228, ""slow_grind_winner"": 0.0, ""smooth_trend_winner"": 0.011491162594258905, ""stair_step_winner"": 0.14945211311844794}",late_rescue_winner,choppy_reversal_winner,0.6311864873792786,0.031279367665830664,0.0,0.10204081632653061
up50pct,train,up50pct::SH601990::000000,127,"{""choppy_reversal_winner"": 0.1636116481824721, ""jump_repricing_winner"": 0.2864233930044962, ""late_rescue_winner"": 0.1346887823861453, ""slow_grind_winner"": 0.0, ""smooth_trend_winner"": 0.22274840213034267, ""stair_step_winner"": 0.19252777429654372}",jump_repricing_winner,smooth_trend_winner,0.8795874380687253,0.14152676507950943,0.2204724409448819,0.07874015748031496
up50pct,robustness,up50pct::SH601998::000000,8,"{""choppy_reversal_winner"": 0.27695167872279947, ""jump_repricing_winner"": 0.05703869689033103, ""late_rescue_winner"": 0.1514216343008244, ""slow_grind_winner"": 0.0, ""smooth_trend_winner"": 0.03466189068137123, ""stair_step_winner"": 0.47992609940467384}",stair_step_winner,choppy_reversal_winner,0.7108323991831914,0.0015713276684865944,0.0,0.0
up50pct,train,up50pct::SH603005::000000,24,"{""choppy_reversal_winner"": 0.019602389139809495, ""jump_repricing_winner"": 0.30076890557044983, ""late_rescue_winner"": 0.01349793732798897, ""slow_grind_winner"": 0.0, ""smooth_trend_winner"": 0.6297882032461454, ""stair_step_winner"": 0.03634256471560642}",smooth_trend_winner,jump_repricing_winner,0.5068767508094452,0.05504125144570682,0.7916666666666666,0.20833333333333334
up50pct,train,up50pct::SH603025::000001,12,"{""choppy_reversal_winner"": 0.1532098457233864, ""jump_repricing_winner"": 0.26750144173174456, ""late_rescue_winner"": 0.09744139307836187, ""slow_grind_winner"": 0.0, ""smooth_trend_winner"": 0.2208313358610059, ""stair_step_winner"": 0.2610159836055013}",jump_repricing_winner,stair_step_winner,0.8657219206274012,0.09062519976423859,0.08333333333333333,0.16666666666666666
up50pct,train,up50pct::SH603026::000000,24,"{""choppy_reversal_winner"": 0.01724698483544814, ""jump_repricing_winner"": 0.3521163439963993, ""late_rescue_winner"": 0.010466710328716752, ""slow_grind_winner"": 0.0, ""smooth_trend_winner"": 0.5524440487323291, ""stair_step_winner"": 0.06772591210710677}",smooth_trend_winner,jump_repricing_winner,0.5555682729251976,0.049292296627563494,0.5833333333333334,0.16666666666666666
up50pct,train,up50pct::SH603027::000000,55,"{""choppy_reversal_winner"": 0.11034351625582524, ""jump_repricing_winner"": 0.3279935034069578, ""late_rescue_winner"": 0.06756262738567764, ""slow_grind_winner"": 0.0, ""smooth_trend_winner"": 0.249074085294611, ""stair_step_winner"": 0.2450262676569282}",jump_repricing_winner,smooth_trend_winner,0.8269673799600497,0.11422354697285965,0.18181818181818182,0.09090909090909091
up50pct,train,up50pct::SH603043::000000,5,"{""choppy_reversal_winner"": 0.43613342111161246, ""jump_repricing_winner"": 0.031134142262842467, ""late_rescue_winner"": 0.2694230778810632, ""slow_grind_winner"": 0.0, ""smooth_trend_winner"": 0.01715508473394793, ""stair_step_winner"": 0.24615427401053397}",choppy_reversal_winner,late_rescue_winner,0.6909786116334288,0.002393071434441908,0.0,0.0
up50pct,train,up50pct::SH603077::000000,84,"{""choppy_reversal_winner"": 0.4170221545994145, ""jump_repricing_winner"": 0.030889216137705983, ""late_rescue_winner"": 0.3625273820389895, ""slow_grind_winner"": 0.0, ""smooth_trend_winner"": 0.040605808828728454, ""stair_step_winner"": 0.14895543839516145}",choppy_reversal_winner,late_rescue_winner,0.6997083352011689,0.07681913038797007,0.023809523809523808,0.023809523809523808
up50pct,robustness,up50pct::SH603083::000000,11,"{""choppy_reversal_winner"": 0.28563979469418366, ""jump_repricing_winner"": 0.07101651633273469, ""late_rescue_winner"": 0.1580495141191306, ""slow_grind_winner"": 0.0, ""smooth_trend_winner"": 0.040558601403230206, ""stair_step_winner"": 0.44473557345072073}",stair_step_winner,choppy_reversal_winner,0.7409850764357941,0.009621324884910333,0.0,0.0
up50pct,train,up50pct::SH603087::000000,19,"{""choppy_reversal_winner"": 0.008335380582105452, ""jump_repricing_winner"": 0.3016964209527207, ""late_rescue_winner"": 0.00526056975568525, ""slow_grind_winner"": 0.0, ""smooth_trend_winner"": 0.6529676603843162, ""stair_step_winner"": 0.0317399683251723}",smooth_trend_winner,jump_repricing_winner,0.4558999017064851,0.023391296422300843,0.8947368421052632,0.0
up50pct,train,up50pct::SH603103::000000,12,"{""choppy_reversal_winner"": 0.2883172635726484, ""jump_repricing_winner"": 0.009346684039762741, ""late_rescue_winner"": 0.6165778223515751, ""slow_grind_winner"": 0.0, ""smooth_trend_winner"": 0.006114968448902739, ""stair_step_winner"": 0.07964326158711099}",late_rescue_winner,choppy_reversal_winner,0.5207692553677521,0.006849508091273993,0.75,0.0
up50pct,robustness,up50pct::SH603119::000000,1,"{""choppy_reversal_winner"": 0.007402284274031193, ""jump_repricing_winner"": 0.2996263349018241, ""late_rescue_winner"": 0.0055372846452724795, ""slow_grind_winner"": 0.0, ""smooth_trend_winner"": 0.6617383179583617, ""stair_step_winner"": 0.025695778220510637}",smooth_trend_winner,jump_repricing_winner,0.4428658130513759,0.0,0.0,1.0
up50pct,train,up50pct::SH603127::000000,15,"{""choppy_reversal_winner"": 0.1102521278031396, ""jump_repricing_winner"": 0.25587818682164054, ""late_rescue_winner"": 0.05640923533234567, ""slow_grind_winner"": 0.0, ""smooth_trend_winner"": 0.20796714494254268, ""stair_step_winner"": 0.36949330510033157}",stair_step_winner,jump_repricing_winner,0.8084376815661366,0.1025265750608398,0.13333333333333333,0.0
up50pct,robustness,up50pct::SH603179::000000,5,"{""choppy_reversal_winner"": 0.08660888765089055, ""jump_repricing_winner"": 0.3854601365009468, ""late_rescue_winner"": 0.05566601953084168, ""slow_grind_winner"": 0.0, ""smooth_trend_winner"": 0.2540714910436618, ""stair_step_winner"": 0.21819346527365915}",jump_repricing_winner,smooth_trend_winner,0.7927470263460319,0.04668277507526761,0.0,0.2
up50pct,train,up50pct::SH603218::000000,43,"{""choppy_reversal_winner"": 0.01821634327930122, ""jump_repricing_winner"": 0.31010931927907914, ""late_rescue_winner"": 0.010279382943285627, ""slow_grind_winner"": 0.0, ""smooth_trend_winner"": 0.5811083740628326, ""stair_step_winner"": 0.08028658043550138}",smooth_trend_winner,jump_repricing_winner,0.5586888232015411,0.05143487897508222,0.7441860465116279,0.0
up50pct,train,up50pct::SH603218::000001,45,"{""choppy_reversal_winner"": 0.11124469534445114, ""jump_repricing_winner"": 0.24616780292915555, ""late_rescue_winner"": 0.059914069458527904, ""slow_grind_winner"": 0.0, ""smooth_trend_winner"": 0.20097786146533494, ""stair_step_winner"": 0.3816955708025306}",stair_step_winner,jump_repricing_winner,0.8082070922308285,0.10415890970939791,0.1111111111111111,0.0
up50pct,robustness,up50pct::SH603228::000000,99,"{""choppy_reversal_winner"": 0.17929382485876047, ""jump_repricing_winner"": 0.23771179387549796, ""late_rescue_winner"": 0.10588000752044964, ""slow_grind_winner"": 0.0, ""smooth_trend_winner"": 0.22824529506009675, ""stair_step_winner"": 0.24886907868519517}",stair_step_winner,jump_repricing_winner,0.8766545705965667,0.12280532994070836,0.20202020202020202,0.1111111111111111
up50pct,validation,up50pct::SH603233::000000,19,"{""choppy_reversal_winner"": 0.07407306502258904, ""jump_repricing_winner"": 0.33026716717302157, ""late_rescue_winner"": 0.0388296968735218, ""slow_grind_winner"": 0.0, ""smooth_trend_winner"": 0.23826898579845254, ""stair_step_winner"": 0.31856108513241516}",jump_repricing_winner,stair_step_winner,0.7763297642782707,0.07953151420161307,0.0,0.0
up50pct,train,up50pct::SH603256::000000,8,"{""choppy_reversal_winner"": 0.29189115278858063, ""jump_repricing_winner"": 0.01934441130666909, ""late_rescue_winner"": 0.5589103832303445, ""slow_grind_winner"": 0.0, ""smooth_trend_winner"": 0.014046197905424341, ""stair_step_winner"": 0.1158078547689815}",late_rescue_winner,choppy_reversal_winner,0.5974444958215875,0.005589972441389709,0.0,0.0
up50pct,robustness,up50pct::SH603256::000001,11,"{""choppy_reversal_winner"": 0.2410914372783772, ""jump_repricing_winner"": 0.09927381459799366, ""late_rescue_winner"": 0.14545864332626438, ""slow_grind_winner"": 0.0, ""smooth_trend_winner"": 0.06278505024437603, ""stair_step_winner"": 0.4513910545529887}",stair_step_winner,choppy_reversal_winner,0.7732865077133574,0.03085835890724839,0.0,0.0
up50pct,robustness,up50pct::SH603259::000000,139,"{""choppy_reversal_winner"": 0.11599454630766007, ""jump_repricing_winner"": 0.20639256281762405, ""late_rescue_winner"": 0.07522424791653122, ""slow_grind_winner"": 0.0, ""smooth_trend_winner"": 0.2489898361340719, ""stair_step_winner"": 0.3533988068241128}",stair_step_winner,smooth_trend_winner,0.8282124444871495,0.11846145205549614,0.23741007194244604,0.09352517985611511
up50pct,train,up50pct::SH603260::000000,394,"{""choppy_reversal_winner"": 0.22887742132852287, ""jump_repricing_winner"": 0.13003154328512298, ""late_rescue_winner"": 0.14979738935007372, ""slow_grind_winner"": 0.0, ""smooth_trend_winner"": 0.14985837372443137, ""stair_step_winner"": 0.3414352723118491}",stair_step_winner,choppy_reversal_winner,0.8586472492887068,0.14491465948402524,0.16751269035532995,0.01015228426395939
up50pct,validation,up50pct::SH603260::000001,8,"{""choppy_reversal_winner"": 0.005992623200207143, ""jump_repricing_winner"": 0.3352100891132491, ""late_rescue_winner"": 0.003924753820119175, ""slow_grind_winner"": 0.0, ""smooth_trend_winner"": 0.6322776484027861, ""stair_step_winner"": 0.022594885463638442}",smooth_trend_winner,jump_repricing_winner,0.443297601792836,0.008669764801625379,0.875,0.125
up50pct,robustness,up50pct::SH603260::000002,3,"{""choppy_reversal_winner"": 0.3080396761359924, ""jump_repricing_winner"": 0.10395966066784591, ""late_rescue_winner"": 0.23589725922056073, ""slow_grind_winner"": 0.0, ""smooth_trend_winner"": 0.05242280133017287, ""stair_step_winner"": 0.299680602645428}",choppy_reversal_winner,stair_step_winner,0.811757840368193,0.0745090065224001,0.0,0.0
up50pct,train,up50pct::SH603267::000000,76,"{""choppy_reversal_winner"": 0.14807736524517476, ""jump_repricing_winner"": 0.20074734258416224, ""late_rescue_winner"": 0.07356146039490867, ""slow_grind_winner"": 0.0, ""smooth_trend_winner"": 0.2918481182213951, ""stair_step_winner"": 0.2857657135543592}",smooth_trend_winner,stair_step_winner,0.8452604993932856,0.13482342309401962,0.25,0.02631578947368421
up50pct,robustness,up50pct::SH603268::000000,85,"{""choppy_reversal_winner"": 0.08266435821583581, ""jump_repricing_winner"": 0.23045736739548012, ""late_rescue_winner"": 0.04443406584320267, ""slow_grind_winner"": 0.0, ""smooth_trend_winner"": 0.3644395006097679, ""stair_step_winner"": 0.2780047079357135}",smooth_trend_winner,stair_step_winner,0.7849367059038406,0.10098491233481675,0.2823529411764706,0.047058823529411764
up50pct,train,up50pct::SH603288::000000,231,"{""choppy_reversal_winner"": 0.11982368586985294, ""jump_repricing_winner"": 0.1813489172723395, ""late_rescue_winner"": 0.06562713723889328, ""slow_grind_winner"": 0.0, ""smooth_trend_winner"": 0.23504214935250237, ""stair_step_winner"": 0.39815811026641196}",stair_step_winner,smooth_trend_winner,0.8090454410072677,0.11915586821040874,0.17316017316017315,0.0
up50pct,robustness,up50pct::SH603296::000000,163,"{""choppy_reversal_winner"": 0.20151427922246812, ""jump_repricing_winner"": 0.18629000545331192, ""late_rescue_winner"": 0.1160089714209012, ""slow_grind_winner"": 0.0, ""smooth_trend_winner"": 0.1317384672367095, ""stair_step_winner"": 0.3644482766666092}",stair_step_winner,choppy_reversal_winner,0.8486843964450895,0.11047516386896743,0.0,0.0
up50pct,robustness,up50pct::SH603298::000000,34,"{""choppy_reversal_winner"": 0.4371923292807911, ""jump_repricing_winner"": 0.018186747895593464, ""late_rescue_winner"": 0.2644319732834621, ""slow_grind_winner"": 0.0, ""smooth_trend_winner"": 0.011794469759630902, ""stair_step_winner"": 0.26839447978052255}",choppy_reversal_winner,stair_step_winner,0.6651159586140674,0.03213167449038882,0.0,0.0
up50pct,train,up50pct::SH603328::000000,7,"{""choppy_reversal_winner"": 0.3013596174242074, ""jump_repricing_winner"": 0.005419813262263261, ""late_rescue_winner"": 0.6258346667836113, ""slow_grind_winner"": 0.0, ""smooth_trend_winner"": 0.003319659341521844, ""stair_step_winner"": 0.06406624318839617}",late_rescue_winner,choppy_reversal_winner,0.49004694569006174,0.0012986484126287967,1.0,0.0
up50pct,train,up50pct::SH603338::000000,218,"{""choppy_reversal_winner"": 0.17161815387323032, ""jump_repricing_winner"": 0.17883354119695297, ""late_rescue_winner"": 0.0940210436279419, ""slow_grind_winner"": 0.0, ""smooth_trend_winner"": 0.1634577401958389, ""stair_step_winner"": 0.39206952110603593}",stair_step_winner,jump_repricing_winner,0.8347906603730307,0.10714359665144009,0.07339449541284404,0.0
up50pct,train,up50pct::SH603338::000001,27,"{""choppy_reversal_winner"": 0.14947819006794422, ""jump_repricing_winner"": 0.1375362334524041, ""late_rescue_winner"": 0.0737490952475291, ""slow_grind_winner"": 0.0, ""smooth_trend_winner"": 0.10322339485983634, ""stair_step_winner"": 0.5360130863722863}",stair_step_winner,choppy_reversal_winner,0.7355255116291809,0.08568050692018653,0.037037037037037035,0.0
up50pct,train,up50pct::SH603345::000000,153,"{""choppy_reversal_winner"": 0.05444962920481593, ""jump_repricing_winner"": 0.2964104913982575, ""late_rescue_winner"": 0.03044374435448826, ""slow_grind_winner"": 0.0, ""smooth_trend_winner"": 0.40238589515649104, ""stair_step_winner"": 0.21631023988594733}",smooth_trend_winner,jump_repricing_winner,0.7382172918168005,0.10348065026979464,0.3464052287581699,0.0457516339869281
up50pct,train,up50pct::SH603369::000000,237,"{""choppy_reversal_winner"": 0.20578173661036422, ""jump_repricing_winner"": 0.1367040802030864, ""late_rescue_winner"": 0.12155008582782911, ""slow_grind_winner"": 0.0, ""smooth_trend_winner"": 0.13586355800129374, ""stair_step_winner"": 0.40010053935742645}",stair_step_winner,choppy_reversal_winner,0.8322683600578089,0.11281337399509335,0.06751054852320675,0.012658227848101266
up50pct,train,up50pct::SH603379::000000,63,"{""choppy_reversal_winner"": 0.44978685273902413, ""jump_repricing_winner"": 0.012562042352376566, ""late_rescue_winner"": 0.385653541237932, ""slow_grind_winner"": 0.0, ""smooth_trend_winner"": 0.0075770598666253155, ""stair_step_winner"": 0.1444205038040419}",choppy_reversal_winner,late_rescue_winner,0.6129542626830065,0.022849866299409587,0.0,0.0
up50pct,robustness,up50pct::SH603379::000001,64,"{""choppy_reversal_winner"": 0.2619383306062525, ""jump_repricing_winner"": 0.06283960660201166, ""late_rescue_winner"": 0.23752397818796, ""slow_grind_winner"": 0.0, ""smooth_trend_winner"": 0.04329208918051831, ""stair_step_winner"": 0.3944059954232576}",stair_step_winner,choppy_reversal_winner,0.7641110625640876,0.07984290987491667,0.0,0.0
up50pct,train,up50pct::SH603392::000000,83,"{""choppy_reversal_winner"": 0.09515184211224392, ""jump_repricing_winner"": 0.264480394729421, ""late_rescue_winner"": 0.060252514808328626, ""slow_grind_winner"": 0.0, ""smooth_trend_winner"": 0.3397331003731155, ""stair_step_winner"": 0.24038214797689098}",smooth_trend_winner,jump_repricing_winner,0.8116528652250947,0.12520103016789919,0.3855421686746988,0.07228915662650602
up50pct,validation,up50pct::SH603392::000002,6,"{""choppy_reversal_winner"": 0.007549399482424511, ""jump_repricing_winner"": 0.4375315726692161, ""late_rescue_winner"": 0.004483040129979524, ""slow_grind_winner"": 0.0, ""smooth_trend_winner"": 0.5240702339273567, ""stair_step_winner"": 0.02636575379102328}",smooth_trend_winner,jump_repricing_winner,0.47845246432419203,0.011411894566535326,0.5,0.0
up50pct,robustness,up50pct::SH603486::000000,122,"{""choppy_reversal_winner"": 0.13415624407047716, ""jump_repricing_winner"": 0.23831235082733812, ""late_rescue_winner"": 0.09203185137813082, ""slow_grind_winner"": 0.0, ""smooth_trend_winner"": 0.27348581686284446, ""stair_step_winner"": 0.26201373686120943}",smooth_trend_winner,stair_step_winner,0.8574402922959906,0.12310195877560792,0.32786885245901637,0.1885245901639344
up50pct,train,up50pct::SH603489::000000,75,"{""choppy_reversal_winner"": 0.26123101774843444, ""jump_repricing_winner"": 0.05312371067520643, ""late_rescue_winner"": 0.1535414328778309, ""slow_grind_winner"": 0.0, ""smooth_trend_winner"": 0.040302655550643385, ""stair_step_winner"": 0.49180118314788474}",stair_step_winner,choppy_reversal_winner,0.7103294253689088,0.044519481323797204,0.013333333333333334,0.0
up50pct,train,up50pct::SH603515::000000,4,"{""choppy_reversal_winner"": 0.21275807408872893, ""jump_repricing_winner"": 0.03948560083034741, ""late_rescue_winner"": 0.108830950862874, ""slow_grind_winner"": 0.0, ""smooth_trend_winner"": 0.025882139112220783, ""stair_step_winner"": 0.6130432351058289}",stair_step_winner,choppy_reversal_winner,0.6099088955217984,0.011097198624347895,0.0,0.0
up50pct,robustness,up50pct::SH603516::000000,2,"{""choppy_reversal_winner"": 0.14585547250724196, ""jump_repricing_winner"": 0.3129742944273376, ""late_rescue_winner"": 0.07929238382277355, ""slow_grind_winner"": 0.0, ""smooth_trend_winner"": 0.14370578578271603, ""stair_step_winner"": 0.3181720634599308}",stair_step_winner,jump_repricing_winner,0.8307339889012557,0.0021620090718941823,0.0,0.0
up50pct,train,up50pct::SH603517::000000,213,"{""choppy_reversal_winner"": 0.16570582219646288, ""jump_repricing_winner"": 0.1683819488630906, ""late_rescue_winner"": 0.09012452857157578, ""slow_grind_winner"": 0.0, ""smooth_trend_winner"": 0.16190346601618533, ""stair_step_winner"": 0.4138842343526853}",stair_step_winner,jump_repricing_winner,0.8230075899311166,0.10800148393792956,0.009389671361502348,0.009389671361502348
up50pct,robustness,up50pct::SH603529::000000,1,"{""choppy_reversal_winner"": 0.13115197515352633, ""jump_repricing_winner"": 0.09867776566123125, ""late_rescue_winner"": 0.0721392212068303, ""slow_grind_winner"": 0.0, ""smooth_trend_winner"": 0.07064411596510561, ""stair_step_winner"": 0.6273869220133066}",stair_step_winner,choppy_reversal_winner,0.6498145431312164,0.0,0.0,0.0
up50pct,train,up50pct::SH603565::000000,31,"{""choppy_reversal_winner"": 0.04801880451981925, ""jump_repricing_winner"": 0.3928733103437677, ""late_rescue_winner"": 0.02637362849978, ""slow_grind_winner"": 0.0, ""smooth_trend_winner"": 0.39894700223831675, ""stair_step_winner"": 0.13378725439831624}",smooth_trend_winner,jump_repricing_winner,0.6945335347442622,0.08765984173650376,0.5483870967741935,0.0
up50pct,train,up50pct::SH603589::000000,290,"{""choppy_reversal_winner"": 0.2609380104430096, ""jump_repricing_winner"": 0.1119682740436402, ""late_rescue_winner"": 0.1875049912511379, ""slow_grind_winner"": 0.0, ""smooth_trend_winner"": 0.10595156726623024, ""stair_step_winner"": 0.33363715699598195}",stair_step_winner,choppy_reversal_winner,0.8447936950728723,0.13625795991910258,0.05517241379310345,0.017241379310344827
up50pct,validation,up50pct::SH603589::000001,6,"{""choppy_reversal_winner"": 0.07549251356574495, ""jump_repricing_winner"": 0.4004758095411423, ""late_rescue_winner"": 0.03846762170900863, ""slow_grind_winner"": 0.0, ""smooth_trend_winner"": 0.23007521397180333, ""stair_step_winner"": 0.2554888412123008}",jump_repricing_winner,stair_step_winner,0.7665916459627321,0.10949269509414426,0.0,0.0
up50pct,robustness,up50pct::SH603596::000000,12,"{""choppy_reversal_winner"": 0.2829342961280296, ""jump_repricing_winner"": 0.08315722870667427, ""late_rescue_winner"": 0.16821413393371812, ""slow_grind_winner"": 0.0, ""smooth_trend_winner"": 0.047415663147846364, ""stair_step_winner"": 0.4182786780837317}",stair_step_winner,choppy_reversal_winner,0.7662916483886346,0.0667612564214102,0.0,0.0
up50pct,train,up50pct::SH603658::000000,155,"{""choppy_reversal_winner"": 0.13751559161188212, ""jump_repricing_winner"": 0.16921845538222494, ""late_rescue_winner"": 0.07754704851790103, ""slow_grind_winner"": 0.0, ""smooth_trend_winner"": 0.11355814513040725, ""stair_step_winner"": 0.5021607593575846}",stair_step_winner,jump_repricing_winner,0.7616443987763447,0.06913071045631021,0.0,0.0
up50pct,train,up50pct::SH603659::000000,33,"{""choppy_reversal_winner"": 0.06327896965289369, ""jump_repricing_winner"": 0.29305182799699503, ""late_rescue_winner"": 0.03212257442655636, ""slow_grind_winner"": 0.0, ""smooth_trend_winner"": 0.4518685901939534, ""stair_step_winner"": 0.15967803772960157}",smooth_trend_winner,jump_repricing_winner,0.7236979830447411,0.10002522999331505,0.6363636363636364,0.0
up50pct,robustness,up50pct::SH603688::000000,17,"{""choppy_reversal_winner"": 0.41235418435989285, ""jump_repricing_winner"": 0.01602809116909335, ""late_rescue_winner"": 0.4355144702092638, ""slow_grind_winner"": 0.0, ""smooth_trend_winner"": 0.00948272082228992, ""stair_step_winner"": 0.1266205334394601}",late_rescue_winner,choppy_reversal_winner,0.6135855420408661,0.008913365796651545,0.0,0.0
up50pct,train,up50pct::SH603699::000000,4,"{""choppy_reversal_winner"": 0.29634341278361154, ""jump_repricing_winner"": 0.008229793390493859, ""late_rescue_winner"": 0.6078278294703277, ""slow_grind_winner"": 0.0, ""smooth_trend_winner"": 0.005638425264482559, ""stair_step_winner"": 0.08196053909108436}",late_rescue_winner,choppy_reversal_winner,0.5228180933811439,0.013216040439246174,0.75,0.0
up50pct,robustness,up50pct::SH603699::000001,1,"{""choppy_reversal_winner"": 0.0563175987174953, ""jump_repricing_winner"": 0.45492759463061416, ""late_rescue_winner"": 0.034489169421426005, ""slow_grind_winner"": 0.0, ""smooth_trend_winner"": 0.2746684695625638, ""stair_step_winner"": 0.17959716766790065}",jump_repricing_winner,smooth_trend_winner,0.7254033869508945,0.0,0.0,0.0
up50pct,train,up50pct::SH603708::000000,51,"{""choppy_reversal_winner"": 0.1278155405843031, ""jump_repricing_winner"": 0.14253062867698754, ""late_rescue_winner"": 0.06564064781110406, ""slow_grind_winner"": 0.0, ""smooth_trend_winner"": 0.12976950119042707, ""stair_step_winner"": 0.5342436817371782}",stair_step_winner,jump_repricing_winner,0.7363153125648977,0.0824994051178778,0.0,0.0
up50pct,train,up50pct::SH603712::000000,178,"{""choppy_reversal_winner"": 0.151202391510777, ""jump_repricing_winner"": 0.14442695224949606, ""late_rescue_winner"": 0.08796442338196254, ""slow_grind_winner"": 0.0, ""smooth_trend_winner"": 0.17517231744389924, ""stair_step_winner"": 0.44123391541386525}",stair_step_winner,smooth_trend_winner,0.8065187837500295,0.12145090616931409,0.16292134831460675,0.016853932584269662
up50pct,robustness,up50pct::SH603728::000000,1,"{""choppy_reversal_winner"": 0.35461562068049957, ""jump_repricing_winner"": 0.026527062549761716, ""late_rescue_winner"": 0.3691288742286435, ""slow_grind_winner"": 0.0, ""smooth_trend_winner"": 0.01823445820186913, ""stair_step_winner"": 0.2314939843392261}",late_rescue_winner,choppy_reversal_winner,0.6940319029793613,0.0,0.0,0.0
up50pct,train,up50pct::SH603730::000000,3,"{""choppy_reversal_winner"": 0.291966307767947, ""jump_repricing_winner"": 0.023434314144598917, ""late_rescue_winner"": 0.5241109339175539, ""slow_grind_winner"": 0.0, ""smooth_trend_winner"": 0.01767909379732441, ""stair_step_winner"": 0.1428093503725757}",late_rescue_winner,choppy_reversal_winner,0.6336191744494158,0.0007609705543110274,0.0,0.0
up50pct,train,up50pct::SH603737::000000,214,"{""choppy_reversal_winner"": 0.09591345060823461, ""jump_repricing_winner"": 0.2249347371029606, ""late_rescue_winner"": 0.05993493929951235, ""slow_grind_winner"": 0.0, ""smooth_trend_winner"": 0.29045244363026096, ""stair_step_winner"": 0.3287644293590315}",stair_step_winner,smooth_trend_winner,0.8114596837370325,0.1180798686012115,0.19626168224299065,0.06074766355140187
up50pct,train,up50pct::SH603766::000000,16,"{""choppy_reversal_winner"": 0.3741284212640957, ""jump_repricing_winner"": 0.007704840686153241, ""late_rescue_winner"": 0.5062213487708357, ""slow_grind_winner"": 0.0, ""smooth_trend_winner"": 0.004875572597772299, ""stair_step_winner"": 0.1070698166811431}",late_rescue_winner,choppy_reversal_winner,0.5665505026686877,0.009905557330192378,0.125,0.0
up50pct,robustness,up50pct::SH603799::000000,236,"{""choppy_reversal_winner"": 0.15128017504143576, ""jump_repricing_winner"": 0.20707223464515134, ""late_rescue_winner"": 0.10749804709760541, ""slow_grind_winner"": 0.0, ""smooth_trend_winner"": 0.2071052466309069, ""stair_step_winner"": 0.32704429658490064}",stair_step_winner,smooth_trend_winner,0.8612503019948762,0.11837688456982982,0.1016949152542373,0.11440677966101695
up50pct,train,up50pct::SH603806::000000,10,"{""choppy_reversal_winner"": 0.020203336698261486, ""jump_repricing_winner"": 0.4964520518719732, ""late_rescue_winner"": 0.010740309315806829, ""slow_grind_winner"": 0.0, ""smooth_trend_winner"": 0.3904097872884562, ""stair_step_winner"": 0.08219451482550225}",jump_repricing_winner,smooth_trend_winner,0.5847631988642517,0.024632071366680882,0.0,0.0
up50pct,robustness,up50pct::SH603806::000001,35,"{""choppy_reversal_winner"": 0.2244947165854294, ""jump_repricing_winner"": 0.09889518353885962, ""late_rescue_winner"": 0.10998253360718006, ""slow_grind_winner"": 0.0, ""smooth_trend_winner"": 0.0518345552080299, ""stair_step_winner"": 0.514793011060501}",stair_step_winner,choppy_reversal_winner,0.7267705543143699,0.01242353956230694,0.0,0.0
up50pct,train,up50pct::SH603816::000000,117,"{""choppy_reversal_winner"": 0.12279836334053795, ""jump_repricing_winner"": 0.2264410396527848, ""late_rescue_winner"": 0.06816431494891655, ""slow_grind_winner"": 0.0, ""smooth_trend_winner"": 0.2126156231551006, ""stair_step_winner"": 0.36998065890266}",stair_step_winner,jump_repricing_winner,0.8226540191370985,0.11671225569650262,0.11965811965811966,0.0
up50pct,train,up50pct::SH603833::000000,1,"{""choppy_reversal_winner"": 0.12632230267359107, ""jump_repricing_winner"": 0.18812881633920578, ""late_rescue_winner"": 0.06107966023792003, ""slow_grind_winner"": 0.0, ""smooth_trend_winner"": 0.1276779875760583, ""stair_step_winner"": 0.4967912331732247}",stair_step_winner,jump_repricing_winner,0.7572093888212802,0.0,0.0,0.0
up50pct,robustness,up50pct::SH603833::000001,1,"{""choppy_reversal_winner"": 0.3428854665920787, ""jump_repricing_winner"": 0.09355695689993304, ""late_rescue_winner"": 0.22769369324349162, ""slow_grind_winner"": 0.0, ""smooth_trend_winner"": 0.04855704653999038, ""stair_step_winner"": 0.28730683672450624}",choppy_reversal_winner,stair_step_winner,0.7985508702312888,0.0,0.0,1.0
up50pct,train,up50pct::SH603858::000000,137,"{""choppy_reversal_winner"": 0.18843266912139334, ""jump_repricing_winner"": 0.1415288162783904, ""late_rescue_winner"": 0.10596867479864808, ""slow_grind_winner"": 0.0, ""smooth_trend_winner"": 0.1345262418201838, ""stair_step_winner"": 0.4295435979813845}",stair_step_winner,choppy_reversal_winner,0.8159114625204115,0.10585232232179148,0.0364963503649635,0.0
up50pct,train,up50pct::SH603866::000000,119,"{""choppy_reversal_winner"": 0.25896716864573566, ""jump_repricing_winner"": 0.058724048076193594, ""late_rescue_winner"": 0.14274496104748488, ""slow_grind_winner"": 0.0, ""smooth_trend_winner"": 0.04838458632036294, ""stair_step_winner"": 0.49117923591022294}",stair_step_winner,choppy_reversal_winner,0.7199488023956778,0.06541431839726534,0.0,0.008403361344537815
up50pct,train,up50pct::SH603881::000000,12,"{""choppy_reversal_winner"": 0.2987104695254001, ""jump_repricing_winner"": 0.009176097084687794, ""late_rescue_winner"": 0.6122847101989495, ""slow_grind_winner"": 0.0, ""smooth_trend_winner"": 0.005830311648988719, ""stair_step_winner"": 0.07399841154197388}",late_rescue_winner,choppy_reversal_winner,0.5173681343838996,0.005528630160803734,0.75,0.0
up50pct,train,up50pct::SH603882::000000,249,"{""choppy_reversal_winner"": 0.15552176674695092, ""jump_repricing_winner"": 0.1724466157796667, ""late_rescue_winner"": 0.09427835265691921, ""slow_grind_winner"": 0.0, ""smooth_trend_winner"": 0.1815761737533181, ""stair_step_winner"": 0.396177091063145}",stair_step_winner,smooth_trend_winner,0.8325700313934189,0.1210972722000061,0.15261044176706828,0.01606425702811245
up50pct,train,up50pct::SH603888::000000,2,"{""choppy_reversal_winner"": 0.27443362485477907, ""jump_repricing_winner"": 0.04453191982660457, ""late_rescue_winner"": 0.45592220859745614, ""slow_grind_winner"": 0.0, ""smooth_trend_winner"": 0.038202541896903225, ""stair_step_winner"": 0.18690970482425706}",late_rescue_winner,choppy_reversal_winner,0.7198021928793187,0.01230292750581441,0.0,0.5
up50pct,robustness,up50pct::SH603893::000000,55,"{""choppy_reversal_winner"": 0.03828368982324498, ""jump_repricing_winner"": 0.35010890244337534, ""late_rescue_winner"": 0.02373728216752362, ""slow_grind_winner"": 0.0, ""smooth_trend_winner"": 0.44323954227375906, ""stair_step_winner"": 0.14463058329209702}",smooth_trend_winner,jump_repricing_winner,0.6816987100960769,0.06499476871718311,0.36363636363636365,0.07272727272727272
up50pct,robustness,up50pct::SH603893::000001,76,"{""choppy_reversal_winner"": 0.0558788895919144, ""jump_repricing_winner"": 0.308304372452813, ""late_rescue_winner"": 0.038217687610994595, ""slow_grind_winner"": 0.0, ""smooth_trend_winner"": 0.4641867698330387, ""stair_step_winner"": 0.13341228051123918}",smooth_trend_winner,jump_repricing_winner,0.7108659293635631,0.09399356859994858,0.5789473684210527,0.07894736842105263
up50pct,train,up50pct::SH603899::000000,249,"{""choppy_reversal_winner"": 0.17436731632250757, ""jump_repricing_winner"": 0.11366185882239996, ""late_rescue_winner"": 0.0947007897529283, ""slow_grind_winner"": 0.0, ""smooth_trend_winner"": 0.09788466157702126, ""stair_step_winner"": 0.5193853735251429}",stair_step_winner,choppy_reversal_winner,0.7493510271051752,0.07262273788148567,0.0,0.012048192771084338
up50pct,robustness,up50pct::SH603920::000000,2,"{""choppy_reversal_winner"": 0.12981300343014934, ""jump_repricing_winner"": 0.22438687659906756, ""late_rescue_winner"": 0.0873898408717189, ""slow_grind_winner"": 0.0, ""smooth_trend_winner"": 0.17424428863435637, ""stair_step_winner"": 0.3841659904647078}",stair_step_winner,jump_repricing_winner,0.8289821959348308,0.005527667922340543,0.0,0.0
up50pct,robustness,up50pct::SH603979::000000,75,"{""choppy_reversal_winner"": 0.4177447514778919, ""jump_repricing_winner"": 0.07389260223372508, ""late_rescue_winner"": 0.24466410236182531, ""slow_grind_winner"": 0.0, ""smooth_trend_winner"": 0.06746905701665848, ""stair_step_winner"": 0.1962294869098991}",choppy_reversal_winner,late_rescue_winner,0.7830599497118985,0.11459576195471877,0.02666666666666667,0.02666666666666667
up50pct,train,up50pct::SH603983::000000,8,"{""choppy_reversal_winner"": 0.1751545909513885, ""jump_repricing_winner"": 0.1779127226881152, ""late_rescue_winner"": 0.0923012309685701, ""slow_grind_winner"": 0.0, ""smooth_trend_winner"": 0.109185675042391, ""stair_step_winner"": 0.44544578034953514}",stair_step_winner,jump_repricing_winner,0.8004740877223795,0.03275408419849243,0.0,0.0
up50pct,train,up50pct::SH605111::000000,3,"{""choppy_reversal_winner"": 0.26698997685247633, ""jump_repricing_winner"": 0.13721772546721134, ""late_rescue_winner"": 0.17076118267258467, ""slow_grind_winner"": 0.0, ""smooth_trend_winner"": 0.07701808329362204, ""stair_step_winner"": 0.34801303171410564}",stair_step_winner,choppy_reversal_winner,0.8325426127393194,0.01881621606812075,0.0,0.0
up50pct,robustness,up50pct::SH605117::000000,218,"{""choppy_reversal_winner"": 0.16694015573126164, ""jump_repricing_winner"": 0.1819452032197153, ""late_rescue_winner"": 0.1130951395440367, ""slow_grind_winner"": 0.0, ""smooth_trend_winner"": 0.18304787934293468, ""stair_step_winner"": 0.35497162216205175}",stair_step_winner,smooth_trend_winner,0.8560564883644529,0.12916968171265578,0.10550458715596331,0.11467889908256881
up50pct,train,up50pct::SZ000001::000000,265,"{""choppy_reversal_winner"": 0.2572688476191461, ""jump_repricing_winner"": 0.09037545019005892, ""late_rescue_winner"": 0.15136283290388128, ""slow_grind_winner"": 0.0, ""smooth_trend_winner"": 0.07578193987108728, ""stair_step_winner"": 0.42521092941582644}",stair_step_winner,choppy_reversal_winner,0.7877403867813476,0.09372007524812842,0.0,0.0
up50pct,robustness,up50pct::SZ000002::000000,9,"{""choppy_reversal_winner"": 0.19911938731315915, ""jump_repricing_winner"": 0.19806442837645735, ""late_rescue_winner"": 0.11373077749394334, ""slow_grind_winner"": 0.0, ""smooth_trend_winner"": 0.20184184270621583, ""stair_step_winner"": 0.2872435641102242}",stair_step_winner,smooth_trend_winner,0.8765716983636418,0.1014021512258128,0.2222222222222222,0.0
up50pct,train,up50pct::SZ000009::000000,187,"{""choppy_reversal_winner"": 0.20142043852361322, ""jump_repricing_winner"": 0.18494388379502788, ""late_rescue_winner"": 0.14918568443097374, ""slow_grind_winner"": 0.0, ""smooth_trend_winner"": 0.24117780794058005, ""stair_step_winner"": 0.22327218530980514}",smooth_trend_winner,stair_step_winner,0.891016967526898,0.14557428603693487,0.24598930481283424,0.11764705882352941
up50pct,train,up50pct::SZ000012::000000,72,"{""choppy_reversal_winner"": 0.18970400094913334, ""jump_repricing_winner"": 0.10990584824906595, ""late_rescue_winner"": 0.11170734823581191, ""slow_grind_winner"": 0.0, ""smooth_trend_winner"": 0.0765580882662656, ""stair_step_winner"": 0.5121247142997232}",stair_step_winner,choppy_reversal_winner,0.7491613520328766,0.055806541810552245,0.0,0.1388888888888889
up50pct,train,up50pct::SZ000016::000000,24,"{""choppy_reversal_winner"": 0.36511829766243237, ""jump_repricing_winner"": 0.0905888678074256, ""late_rescue_winner"": 0.3560292789325393, ""slow_grind_winner"": 0.0, ""smooth_trend_winner"": 0.08252880366634995, ""stair_step_winner"": 0.10573475193125277}",choppy_reversal_winner,late_rescue_winner,0.7794249116632515,0.11520137551118347,0.125,0.0
up50pct,train,up50pct::SZ000027::000000,233,"{""choppy_reversal_winner"": 0.15714920873387542, ""jump_repricing_winner"": 0.2236327674261445, ""late_rescue_winner"": 0.10785421009427577, ""slow_grind_winner"": 0.0, ""smooth_trend_winner"": 0.15145694186122716, ""stair_step_winner"": 0.3599068718844771}",stair_step_winner,jump_repricing_winner,0.8481099200556608,0.12052445112070903,0.13304721030042918,0.1459227467811159
up50pct,train,up50pct::SZ000028::000000,152,"{""choppy_reversal_winner"": 0.38222326001676965, ""jump_repricing_winner"": 0.012367517043898301, ""late_rescue_winner"": 0.46284441879085764, ""slow_grind_winner"": 0.0, ""smooth_trend_winner"": 0.00861948127649608, ""stair_step_winner"": 0.13394532287197827}",late_rescue_winner,choppy_reversal_winner,0.6076356290244815,0.0223880975396665,0.0,0.0
up50pct,validation,up50pct::SZ000032::000000,47,"{""choppy_reversal_winner"": 0.05874964256558585, ""jump_repricing_winner"": 0.38368189282201476, ""late_rescue_winner"": 0.033746951026328895, ""slow_grind_winner"": 0.0, ""smooth_trend_winner"": 0.3007665192331407, ""stair_step_winner"": 0.22305499435292978}",jump_repricing_winner,smooth_trend_winner,0.7503449304585671,0.09615245231319884,0.23404255319148937,0.0
up50pct,train,up50pct::SZ000035::000000,3,"{""choppy_reversal_winner"": 0.34808820849205263, ""jump_repricing_winner"": 0.005969734168466975, ""late_rescue_winner"": 0.5723774469939364, ""slow_grind_winner"": 0.0, ""smooth_trend_winner"": 0.003506708183689137, ""stair_step_winner"": 0.07005790216185487}",late_rescue_winner,choppy_reversal_winner,0.5153249322978927,0.006330155989714407,1.0,0.0
up50pct,train,up50pct::SZ000062::000000,109,"{""choppy_reversal_winner"": 0.3601546231876413, ""jump_repricing_winner"": 0.011626854892649037, ""late_rescue_winner"": 0.5169901291538768, ""slow_grind_winner"": 0.0, ""smooth_trend_winner"": 0.006869337252775265, ""stair_step_winner"": 0.10435905551305769}",late_rescue_winner,choppy_reversal_winner,0.5752560388723416,0.04067319566921536,0.48623853211009177,0.0
up50pct,robustness,up50pct::SZ000062::000001,9,"{""choppy_reversal_winner"": 0.29340823083400136, ""jump_repricing_winner"": 0.05431153515986814, ""late_rescue_winner"": 0.30083060081827867, ""slow_grind_winner"": 0.0, ""smooth_trend_winner"": 0.04189596557500209, ""stair_step_winner"": 0.30955366761284986}",stair_step_winner,late_rescue_winner,0.7675431318939819,0.01698582258660319,0.0,0.1111111111111111
up50pct,train,up50pct::SZ000069::000000,183,"{""choppy_reversal_winner"": 0.20084122863247283, ""jump_repricing_winner"": 0.18606422802162953, ""late_rescue_winner"": 0.1073016066732554, ""slow_grind_winner"": 0.0, ""smooth_trend_winner"": 0.23623230293404296, ""stair_step_winner"": 0.26956063373859923}",stair_step_winner,smooth_trend_winner,0.8757077935066155,0.13397179655599928,0.20218579234972678,0.03825136612021858
up50pct,train,up50pct::SZ000089::000000,4,"{""choppy_reversal_winner"": 0.23249839549467363, ""jump_repricing_winner"": 0.03881036848272161, ""late_rescue_winner"": 0.14101884027745315, ""slow_grind_winner"": 0.0, ""smooth_trend_winner"": 0.025717321591410536, ""stair_step_winner"": 0.5619550741537411}",stair_step_winner,choppy_reversal_winner,0.6471478963759155,0.00720700266884441,0.0,0.0
up50pct,train,up50pct::SZ000089::000001,3,"{""choppy_reversal_winner"": 0.053967688655838175, ""jump_repricing_winner"": 0.49058471252354846, ""late_rescue_winner"": 0.027983562428700464, ""slow_grind_winner"": 0.0, ""smooth_trend_winner"": 0.22461508269253172, ""stair_step_winner"": 0.20284895369938127}",jump_repricing_winner,smooth_trend_winner,0.706587378744795,0.0736958451896102,0.0,0.0
up50pct,train,up50pct::SZ000155::000000,14,"{""choppy_reversal_winner"": 0.03763563220114564, ""jump_repricing_winner"": 0.3419621039262231, ""late_rescue_winner"": 0.02083520455271168, ""slow_grind_winner"": 0.0, ""smooth_trend_winner"": 0.5132363815466215, ""stair_step_winner"": 0.0863306777732981}",smooth_trend_winner,jump_repricing_winner,0.6277899082091835,0.0777650936233958,0.5714285714285714,0.0
up50pct,train,up50pct::SZ000157::000000,7,"{""choppy_reversal_winner"": 0.008676885191941016, ""jump_repricing_winner"": 0.40827751326855516, ""late_rescue_winner"": 0.005028478749571605, ""slow_grind_winner"": 0.0, ""smooth_trend_winner"": 0.5433203639068995, ""stair_step_winner"": 0.034696758883032516}",smooth_trend_winner,jump_repricing_winner,0.4920402269437943,0.02711333762072872,1.0,0.0
up50pct,train,up50pct::SZ000166::000000,78,"{""choppy_reversal_winner"": 0.057136923227510045, ""jump_repricing_winner"": 0.3756961462657931, ""late_rescue_winner"": 0.03942334504278993, ""slow_grind_winner"": 0.0, ""smooth_trend_winner"": 0.4492445037282586, ""stair_step_winner"": 0.07849908173564844}",smooth_trend_winner,jump_repricing_winner,0.6798042928585423,0.10395584877974717,0.6282051282051282,0.038461538461538464
up50pct,robustness,up50pct::SZ000301::000000,208,"{""choppy_reversal_winner"": 0.17788705919540806, ""jump_repricing_winner"": 0.11428899595418142, ""late_rescue_winner"": 0.12067097848087584, ""slow_grind_winner"": 0.0, ""smooth_trend_winner"": 0.09031270660888129, ""stair_step_winner"": 0.4968402597606534}",stair_step_winner,choppy_reversal_winner,0.7673496764880569,0.07377427933486626,0.0,0.16826923076923078
up50pct,train,up50pct::SZ000426::000000,6,"{""choppy_reversal_winner"": 0.40825816360823364, ""jump_repricing_winner"": 0.02602536182611909, ""late_rescue_winner"": 0.370822869554966, ""slow_grind_winner"": 0.0, ""smooth_trend_winner"": 0.015473489046960692, ""stair_step_winner"": 0.1794201159637205}",choppy_reversal_winner,late_rescue_winner,0.6704682534097524,0.015145734842543552,0.0,0.0
up50pct,robustness,up50pct::SZ000426::000001,96,"{""choppy_reversal_winner"": 0.04232920467187687, ""jump_repricing_winner"": 0.3190634884087121, ""late_rescue_winner"": 0.024737791522239743, ""slow_grind_winner"": 0.0, ""smooth_trend_winner"": 0.49054970828991484, ""stair_step_winner"": 0.12331980710725636}",smooth_trend_winner,jump_repricing_winner,0.6682526604763417,0.08550423936178168,0.4375,0.020833333333333332
up50pct,train,up50pct::SZ000429::000000,44,"{""choppy_reversal_winner"": 0.3577621749699168, ""jump_repricing_winner"": 0.019245972695843314, ""late_rescue_winner"": 0.3316259248046436, ""slow_grind_winner"": 0.0, ""smooth_trend_winner"": 0.013961291911599033, ""stair_step_winner"": 0.27740463561799733}",choppy_reversal_winner,late_rescue_winner,0.6837668688482911,0.008204910741234715,0.0,0.6818181818181818
up50pct,train,up50pct::SZ000488::000000,86,"{""choppy_reversal_winner"": 0.3078959491414701, ""jump_repricing_winner"": 0.09780328370516804, ""late_rescue_winner"": 0.23469897373176074, ""slow_grind_winner"": 0.0, ""smooth_trend_winner"": 0.12389460949244503, ""stair_step_winner"": 0.23570718392915602}",choppy_reversal_winner,stair_step_winner,0.8536998724626795,0.13877936876887606,0.1511627906976744,0.12790697674418605
up50pct,train,up50pct::SZ000501::000000,3,"{""choppy_reversal_winner"": 0.45386916458172627, ""jump_repricing_winner"": 0.014752602014385772, ""late_rescue_winner"": 0.3975512142198861, ""slow_grind_winner"": 0.0, ""smooth_trend_winner"": 0.008154866020188814, ""stair_step_winner"": 0.125672153163813}",choppy_reversal_winner,late_rescue_winner,0.6068447331513319,0.0006019306097907319,0.0,0.0
up50pct,train,up50pct::SZ000503::000000,20,"{""choppy_reversal_winner"": 0.007540374894412842, ""jump_repricing_winner"": 0.3960886903391841, ""late_rescue_winner"": 0.004899155169742669, ""slow_grind_winner"": 0.0, ""smooth_trend_winner"": 0.5647599720371325, ""stair_step_winner"": 0.026711807559527824}",smooth_trend_winner,jump_repricing_winner,0.47393678803490674,0.026183583693669008,0.8,0.05
up50pct,train,up50pct::SZ000519::000000,3,"{""choppy_reversal_winner"": 0.3799292941551688, ""jump_repricing_winner"": 0.015231023075172816, ""late_rescue_winner"": 0.3484551028701466, ""slow_grind_winner"": 0.0, ""smooth_trend_winner"": 0.010538174316171508, ""stair_step_winner"": 0.24584640558334037}",choppy_reversal_winner,late_rescue_winner,0.6650929841544239,0.013318333315690342,0.0,0.0
up50pct,train,up50pct::SZ000537::000000,85,"{""choppy_reversal_winner"": 0.3021677650854803, ""jump_repricing_winner"": 0.05596919174576904, ""late_rescue_winner"": 0.43150738992901644, ""slow_grind_winner"": 0.0, ""smooth_trend_winner"": 0.07118875427852907, ""stair_step_winner"": 0.13916689896120504}",late_rescue_winner,choppy_reversal_winner,0.7524509695309023,0.09569387263802658,0.09411764705882353,0.0
up50pct,train,up50pct::SZ000547::000000,410,"{""choppy_reversal_winner"": 0.21718907860261227, ""jump_repricing_winner"": 0.1196932351838344, ""late_rescue_winner"": 0.26496754434028214, ""slow_grind_winner"": 0.0, ""smooth_trend_winner"": 0.13336971809773318, ""stair_step_winner"": 0.264780423775538}",late_rescue_winner,stair_step_winner,0.8696445464287397,0.15070831389257203,0.14390243902439023,0.007317073170731708
up50pct,train,up50pct::SZ000563::000000,2,"{""choppy_reversal_winner"": 0.3930329381984676, ""jump_repricing_winner"": 0.03257073635970047, ""late_rescue_winner"": 0.31987741565757444, ""slow_grind_winner"": 0.0, ""smooth_trend_winner"": 0.019064681447183027, ""stair_step_winner"": 0.23545422833707452}",choppy_reversal_winner,late_rescue_winner,0.7027680080561824,0.00605502223246963,0.0,0.0
up50pct,train,up50pct::SZ000564::000000,27,"{""choppy_reversal_winner"": 0.3822368240267196, ""jump_repricing_winner"": 0.028123209388586635, ""late_rescue_winner"": 0.4031569622100786, ""slow_grind_winner"": 0.0, ""smooth_trend_winner"": 0.021188039239306254, ""stair_step_winner"": 0.16529496513530895}",late_rescue_winner,choppy_reversal_winner,0.6772534290673706,0.037485061501387175,0.0,0.2962962962962963
up50pct,robustness,up50pct::SZ000564::000001,19,"{""choppy_reversal_winner"": 0.015977721883717915, ""jump_repricing_winner"": 0.4075219660279587, ""late_rescue_winner"": 0.009930806416213698, ""slow_grind_winner"": 0.0, ""smooth_trend_winner"": 0.5111443023267955, ""stair_step_winner"": 0.05542520334531411}",smooth_trend_winner,jump_repricing_winner,0.5475464006174402,0.05266145041848962,0.6842105263157895,0.0
up50pct,train,up50pct::SZ000581::000000,51,"{""choppy_reversal_winner"": 0.40158126510013, ""jump_repricing_winner"": 0.016198479280236974, ""late_rescue_winner"": 0.43279741321235804, ""slow_grind_winner"": 0.0, ""smooth_trend_winner"": 0.011795211141871592, ""stair_step_winner"": 0.1376276312654034}",late_rescue_winner,choppy_reversal_winner,0.6256091694426856,0.027755871376414453,0.0,0.13725490196078433
up50pct,train,up50pct::SZ000598::000000,40,"{""choppy_reversal_winner"": 0.3762485692130145, ""jump_repricing_winner"": 0.016391712577843297, ""late_rescue_winner"": 0.31052152874290473, ""slow_grind_winner"": 0.0, ""smooth_trend_winner"": 0.011274358828603994, ""stair_step_winner"": 0.28556383063763346}",choppy_reversal_winner,late_rescue_winner,0.6735216244983865,0.016042849039260076,0.0,0.25
up50pct,train,up50pct::SZ000600::000000,16,"{""choppy_reversal_winner"": 0.32184118705427817, ""jump_repricing_winner"": 0.007645600020332749, ""late_rescue_winner"": 0.5649709305347103, ""slow_grind_winner"": 0.0, ""smooth_trend_winner"": 0.005093933776366445, ""stair_step_winner"": 0.10044834861431237}",late_rescue_winner,choppy_reversal_winner,0.5483190484906753,0.006822330104962348,0.0625,0.0
up50pct,validation,up50pct::SZ000629::000000,1,"{""choppy_reversal_winner"": 0.027124319281186474, ""jump_repricing_winner"": 0.306512567522835, ""late_rescue_winner"": 0.02570511399317222, ""slow_grind_winner"": 0.0, ""smooth_trend_winner"": 0.5658073450777433, ""stair_step_winner"": 0.07485065412506298}",smooth_trend_winner,jump_repricing_winner,0.5975494962098339,0.0,0.0,1.0
up50pct,robustness,up50pct::SZ000629::000001,3,"{""choppy_reversal_winner"": 0.3672957353873942, ""jump_repricing_winner"": 0.0491084835118773, ""late_rescue_winner"": 0.2638649353398192, ""slow_grind_winner"": 0.0, ""smooth_trend_winner"": 0.03935684171021034, ""stair_step_winner"": 0.280374004050699}",choppy_reversal_winner,stair_step_winner,0.7541666988480754,0.043970793718145405,0.0,0.3333333333333333
up50pct,train,up50pct::SZ000636::000000,2,"{""choppy_reversal_winner"": 0.03869369592030897, ""jump_repricing_winner"": 0.49741479652110265, ""late_rescue_winner"": 0.021059498694295582, ""slow_grind_winner"": 0.0, ""smooth_trend_winner"": 0.30153472148340477, ""stair_step_winner"": 0.14129728738088812}",jump_repricing_winner,smooth_trend_winner,0.6655454566477503,0.006185003293365966,0.0,0.0
up50pct,train,up50pct::SZ000636::000001,277,"{""choppy_reversal_winner"": 0.2714527369537409, ""jump_repricing_winner"": 0.06080235827322862, ""late_rescue_winner"": 0.47606678566582267, ""slow_grind_winner"": 0.0, ""smooth_trend_winner"": 0.08041981185445658, ""stair_step_winner"": 0.1112583072527511}",late_rescue_winner,choppy_reversal_winner,0.739253851123765,0.11508678483745262,0.26353790613718414,0.010830324909747292
up50pct,train,up50pct::SZ000656::000000,163,"{""choppy_reversal_winner"": 0.20387429512627048, ""jump_repricing_winner"": 0.09604597136113277, ""late_rescue_winner"": 0.1172837375352076, ""slow_grind_winner"": 0.0, ""smooth_trend_winner"": 0.06138860661728653, ""stair_step_winner"": 0.5214073893601026}",stair_step_winner,choppy_reversal_winner,0.7319384206423658,0.0863656021374757,0.05521472392638037,0.006134969325153374
up50pct,robustness,up50pct::SZ000657::000000,79,"{""choppy_reversal_winner"": 0.07846708461061266, ""jump_repricing_winner"": 0.3296011198607564, ""late_rescue_winner"": 0.0433182507125333, ""slow_grind_winner"": 0.0, ""smooth_trend_winner"": 0.27558089989426465, ""stair_step_winner"": 0.2730326449218331}",jump_repricing_winner,smooth_trend_winner,0.787568777612372,0.09053176241464515,0.13924050632911392,0.012658227848101266
up50pct,robustness,up50pct::SZ000661::000000,14,"{""choppy_reversal_winner"": 0.1677097219414292, ""jump_repricing_winner"": 0.10581102110339373, ""late_rescue_winner"": 0.08933642953561852, ""slow_grind_winner"": 0.0, ""smooth_trend_winner"": 0.0607796488242216, ""stair_step_winner"": 0.576363178595337}",stair_step_winner,choppy_reversal_winner,0.692441856611102,0.04739931022562919,0.0,0.0
up50pct,train,up50pct::SZ000672::000000,6,"{""choppy_reversal_winner"": 0.10366300791716747, ""jump_repricing_winner"": 0.18917066766599033, ""late_rescue_winner"": 0.061075731110935165, ""slow_grind_winner"": 0.0, ""smooth_trend_winner"": 0.1586255614900289, ""stair_step_winner"": 0.48746503181587814}",stair_step_winner,jump_repricing_winner,0.7607175437652147,0.034592163400150144,0.0,0.0
up50pct,train,up50pct::SZ000681::000000,35,"{""choppy_reversal_winner"": 0.3247697442278103, ""jump_repricing_winner"": 0.006805570433424607, ""late_rescue_winner"": 0.5893261840851548, ""slow_grind_winner"": 0.0, ""smooth_trend_winner"": 0.004346277646811692, ""stair_step_winner"": 0.07475222360679853}",late_rescue_winner,choppy_reversal_winner,0.5181177160624933,0.009813944018137087,0.8285714285714286,0.0
up50pct,robustness,up50pct::SZ000683::000000,4,"{""choppy_reversal_winner"": 0.4545808246067933, ""jump_repricing_winner"": 0.014807212565173105, ""late_rescue_winner"": 0.3364437799109729, ""slow_grind_winner"": 0.0, ""smooth_trend_winner"": 0.008837394953705356, ""stair_step_winner"": 0.1853307879633554}",choppy_reversal_winner,late_rescue_winner,0.6370509019953609,0.002417203198142985,0.0,0.0
up50pct,train,up50pct::SZ000685::000000,7,"{""choppy_reversal_winner"": 0.4111313490289476, ""jump_repricing_winner"": 0.009075425851839422, ""late_rescue_winner"": 0.43127808308993393, ""slow_grind_winner"": 0.0, ""smooth_trend_winner"": 0.005665006731450445, ""stair_step_winner"": 0.14285013529782858}",late_rescue_winner,choppy_reversal_winner,0.6016986882321179,0.0017881623516271376,0.0,0.0
up50pct,train,up50pct::SZ000686::000000,57,"{""choppy_reversal_winner"": 0.16693910989976318, ""jump_repricing_winner"": 0.2379738898829841, ""late_rescue_winner"": 0.09784388815472549, ""slow_grind_winner"": 0.0, ""smooth_trend_winner"": 0.2974299485595828, ""stair_step_winner"": 0.19981316350294434}",smooth_trend_winner,jump_repricing_winner,0.8652572197920467,0.14898318080411196,0.3333333333333333,0.07017543859649122
up50pct,robustness,up50pct::SZ000703::000000,16,"{""choppy_reversal_winner"": 0.4357723333000897, ""jump_repricing_winner"": 0.0239973380477648, ""late_rescue_winner"": 0.2560097140421592, ""slow_grind_winner"": 0.0, ""smooth_trend_winner"": 0.01344546883223744, ""stair_step_winner"": 0.2707751457777488}",choppy_reversal_winner,stair_step_winner,0.6764265224577414,0.004610458786389406,0.0,0.0
up50pct,robustness,up50pct::SZ000708::000000,118,"{""choppy_reversal_winner"": 0.18049022294995198, ""jump_repricing_winner"": 0.0613315374329432, ""late_rescue_winner"": 0.12005374468098597, ""slow_grind_winner"": 0.0, ""smooth_trend_winner"": 0.05552165696180176, ""stair_step_winner"": 0.5826028379743172}",stair_step_winner,choppy_reversal_winner,0.6752987488943744,0.03782249802977492,0.0,0.11864406779661017
up50pct,train,up50pct::SZ000709::000000,194,"{""choppy_reversal_winner"": 0.20024315648429714, ""jump_repricing_winner"": 0.051220963486978514, ""late_rescue_winner"": 0.12136258668697138, ""slow_grind_winner"": 0.0, ""smooth_trend_winner"": 0.037529005061124346, ""stair_step_winner"": 0.5896442882806285}",stair_step_winner,choppy_reversal_winner,0.6501207633659088,0.03388192525649631,0.015463917525773196,0.0
up50pct,train,up50pct::SZ000710::000000,99,"{""choppy_reversal_winner"": 0.2128477301274378, ""jump_repricing_winner"": 0.2392900694150409, ""late_rescue_winner"": 0.18267143597631902, ""slow_grind_winner"": 0.0, ""smooth_trend_winner"": 0.20428262474713868, ""stair_step_winner"": 0.16090813973406365}",jump_repricing_winner,choppy_reversal_winner,0.8932500129757074,0.16191137677461176,0.2828282828282828,0.020202020202020204
up50pct,train,up50pct::SZ000717::000000,1,"{""choppy_reversal_winner"": 0.47529689459366253, ""jump_repricing_winner"": 0.009210938421499035, ""late_rescue_winner"": 0.4098738729114533, ""slow_grind_winner"": 0.0, ""smooth_trend_winner"": 0.005219355123353747, ""stair_step_winner"": 0.10039893895003134}",choppy_reversal_winner,late_rescue_winner,0.5695430907268764,0.0,0.0,0.0
up50pct,train,up50pct::SZ000718::000000,15,"{""choppy_reversal_winner"": 0.27717580561566396, ""jump_repricing_winner"": 0.043410591667894134, ""late_rescue_winner"": 0.4332123180967107, ""slow_grind_winner"": 0.0, ""smooth_trend_winner"": 0.03693955641273158, ""stair_step_winner"": 0.20926172820699962}",late_rescue_winner,choppy_reversal_winner,0.7274332034532907,0.013128828055913424,0.0,0.6666666666666666
up50pct,train,up50pct::SZ000728::000000,101,"{""choppy_reversal_winner"": 0.20940496944540238, ""jump_repricing_winner"": 0.17689712308246586, ""late_rescue_winner"": 0.11429899424833101, ""slow_grind_winner"": 0.0, ""smooth_trend_winner"": 0.16452596302139713, ""stair_step_winner"": 0.33487295020240365}",stair_step_winner,choppy_reversal_winner,0.8622798369131554,0.1372999608912106,0.1485148514851485,0.04950495049504951
up50pct,robustness,up50pct::SZ000738::000001,3,"{""choppy_reversal_winner"": 0.40953070638924577, ""jump_repricing_winner"": 0.02155349676863017, ""late_rescue_winner"": 0.31329522717785246, ""slow_grind_winner"": 0.0, ""smooth_trend_winner"": 0.013263372629939768, ""stair_step_winner"": 0.2423571970343318}",choppy_reversal_winner,late_rescue_winner,0.6768553906998026,0.016111496525402558,0.0,0.3333333333333333
up50pct,train,up50pct::SZ000739::000000,267,"{""choppy_reversal_winner"": 0.19528403012269613, ""jump_repricing_winner"": 0.13130523544306796, ""late_rescue_winner"": 0.11438124711180073, ""slow_grind_winner"": 0.0, ""smooth_trend_winner"": 0.10531575334912513, ""stair_step_winner"": 0.45371373397331005}",stair_step_winner,choppy_reversal_winner,0.7976235946545362,0.09203031705206866,0.0,0.056179775280898875
up50pct,train,up50pct::SZ000750::000000,19,"{""choppy_reversal_winner"": 0.15071846344720874, ""jump_repricing_winner"": 0.24106557679083343, ""late_rescue_winner"": 0.0826913191757117, ""slow_grind_winner"": 0.0, ""smooth_trend_winner"": 0.2858745006683656, ""stair_step_winner"": 0.2396501399178805}",smooth_trend_winner,jump_repricing_winner,0.8564889728593063,0.14719339301953946,0.47368421052631576,0.05263157894736842
up50pct,train,up50pct::SZ000762::000000,2,"{""choppy_reversal_winner"": 0.009760079275767901, ""jump_repricing_winner"": 0.3087261235562092, ""late_rescue_winner"": 0.005846651894513798, ""slow_grind_winner"": 0.0, ""smooth_trend_winner"": 0.6371839874504615, ""stair_step_winner"": 0.0384831578230477}",smooth_trend_winner,jump_repricing_winner,0.4747454874152825,0.014938535182224858,1.0,0.0
up50pct,train,up50pct::SZ000768::000000,280,"{""choppy_reversal_winner"": 0.18137026215227797, ""jump_repricing_winner"": 0.18776593806888253, ""late_rescue_winner"": 0.10739062205851953, ""slow_grind_winner"": 0.0, ""smooth_trend_winner"": 0.15120727132956424, ""stair_step_winner"": 0.3722659063907557}",stair_step_winner,jump_repricing_winner,0.8465455605987197,0.119231170260418,0.07142857142857142,0.014285714285714285
up50pct,train,up50pct::SZ000768::000001,42,"{""choppy_reversal_winner"": 0.1435133383759138, ""jump_repricing_winner"": 0.1549198868534452, ""late_rescue_winner"": 0.07074499393165286, ""slow_grind_winner"": 0.0, ""smooth_trend_winner"": 0.08297338439045554, ""stair_step_winner"": 0.5478483964485326}",stair_step_winner,jump_repricing_winner,0.7205768415743621,0.07724151024365654,0.0,0.0
up50pct,robustness,up50pct::SZ000768::000002,24,"{""choppy_reversal_winner"": 0.14979579902307022, ""jump_repricing_winner"": 0.10787144990951796, ""late_rescue_winner"": 0.07477092165298094, ""slow_grind_winner"": 0.0, ""smooth_trend_winner"": 0.061966127431454666, ""stair_step_winner"": 0.6055957019829762}",stair_step_winner,choppy_reversal_winner,0.6667022580511334,0.02448709123848296,0.0,0.0
up50pct,train,up50pct::SZ000776::000000,406,"{""choppy_reversal_winner"": 0.2532322287193547, ""jump_repricing_winner"": 0.12458065095210259, ""late_rescue_winner"": 0.18075989455185032, ""slow_grind_winner"": 0.0, ""smooth_trend_winner"": 0.10791590745416849, ""stair_step_winner"": 0.33351131832252395}",stair_step_winner,choppy_reversal_winner,0.8499853996711524,0.10889047375975118,0.0812807881773399,0.10344827586206896
up50pct,train,up50pct::SZ000778::000000,12,"{""choppy_reversal_winner"": 0.3640802859469374, ""jump_repricing_winner"": 0.019631012965611854, ""late_rescue_winner"": 0.3643676454786578, ""slow_grind_winner"": 0.0, ""smooth_trend_winner"": 0.013498779059315852, ""stair_step_winner"": 0.23842227654947712}",late_rescue_winner,choppy_reversal_winner,0.676892264712482,0.027589528763979295,0.0,0.3333333333333333
up50pct,train,up50pct::SZ000786::000000,284,"{""choppy_reversal_winner"": 0.17391670577517554, ""jump_repricing_winner"": 0.1820806919096519, ""late_rescue_winner"": 0.12277230129283564, ""slow_grind_winner"": 0.0, ""smooth_trend_winner"": 0.18644484135961253, ""stair_step_winner"": 0.3347854596627244}",stair_step_winner,smooth_trend_winner,0.8658285869745347,0.1282979419729253,0.10915492957746478,0.04929577464788732
up50pct,train,up50pct::SZ000792::000000,55,"{""choppy_reversal_winner"": 0.1621164331339594, ""jump_repricing_winner"": 0.3059043663301345, ""late_rescue_winner"": 0.09934873580659057, ""slow_grind_winner"": 0.0, ""smooth_trend_winner"": 0.17545775477105827, ""stair_step_winner"": 0.25717270995825725}",jump_repricing_winner,stair_step_winner,0.8602210847938248,0.11124691339389466,0.0,0.6
up50pct,train,up50pct::SZ000799::000000,131,"{""choppy_reversal_winner"": 0.0664326712031516, ""jump_repricing_winner"": 0.3044986703815431, ""late_rescue_winner"": 0.04028606155509347, ""slow_grind_winner"": 0.0, ""smooth_trend_winner"": 0.4009836704912093, ""stair_step_winner"": 0.18779892636900244}",smooth_trend_winner,jump_repricing_winner,0.754624603983872,0.11129927318414527,0.33587786259541985,0.061068702290076333
up50pct,train,up50pct::SZ000813::000000,24,"{""choppy_reversal_winner"": 0.18961306039801754, ""jump_repricing_winner"": 0.15065504812959857, ""late_rescue_winner"": 0.16324032760031598, ""slow_grind_winner"": 0.0, ""smooth_trend_winner"": 0.2381352148568406, ""stair_step_winner"": 0.25835634901522736}",stair_step_winner,smooth_trend_winner,0.8861027720986049,0.12955045568840298,0.20833333333333334,0.3333333333333333
up50pct,train,up50pct::SZ000825::000000,345,"{""choppy_reversal_winner"": 0.23195681521503578, ""jump_repricing_winner"": 0.14868743922030025, ""late_rescue_winner"": 0.1579802073366422, ""slow_grind_winner"": 0.0, ""smooth_trend_winner"": 0.11951556878078452, ""stair_step_winner"": 0.3418599694472373}",stair_step_winner,choppy_reversal_winner,0.8565124482362046,0.1345296058307521,0.057971014492753624,0.008695652173913044
up50pct,train,up50pct::SZ000826::000000,10,"{""choppy_reversal_winner"": 0.005935591352977107, ""jump_repricing_winner"": 0.31687816158565807, ""late_rescue_winner"": 0.0037054690368920713, ""slow_grind_winner"": 0.0, ""smooth_trend_winner"": 0.650429339833367, ""stair_step_winner"": 0.0230514381911057}",smooth_trend_winner,jump_repricing_winner,0.4364485657319329,0.008688954488915062,1.0,0.0
up50pct,train,up50pct::SZ000831::000000,9,"{""choppy_reversal_winner"": 0.43564641503347107, ""jump_repricing_winner"": 0.01469792922871396, ""late_rescue_winner"": 0.3326267484146712, ""slow_grind_winner"": 0.0, ""smooth_trend_winner"": 0.009300282857770284, ""stair_step_winner"": 0.20772862446537343}",choppy_reversal_winner,late_rescue_winner,0.6474658919140334,0.022431813862519818,0.0,0.0
up50pct,train,up50pct::SZ000839::000000,15,"{""choppy_reversal_winner"": 0.006959496941977645, ""jump_repricing_winner"": 0.31900561308030634, ""late_rescue_winner"": 0.004844211984175598, ""slow_grind_winner"": 0.0, ""smooth_trend_winner"": 0.643616080175748, ""stair_step_winner"": 0.025574597817792453}",smooth_trend_winner,jump_repricing_winner,0.4477399796616863,0.009798134486322224,0.8666666666666667,0.13333333333333333
up50pct,train,up50pct::SZ000858::000000,261,"{""choppy_reversal_winner"": 0.15715417269833826, ""jump_repricing_winner"": 0.20080011092372338, ""late_rescue_winner"": 0.10059879237100149, ""slow_grind_winner"": 0.0, ""smooth_trend_winner"": 0.23956990880343346, ""stair_step_winner"": 0.3018770152035034}",stair_step_winner,smooth_trend_winner,0.8640228782741182,0.11717648065088059,0.11877394636015326,0.022988505747126436
up50pct,train,up50pct::SZ000860::000000,4,"{""choppy_reversal_winner"": 0.05270633129335973, ""jump_repricing_winner"": 0.39313397561472374, ""late_rescue_winner"": 0.027858041069667806, ""slow_grind_winner"": 0.0, ""smooth_trend_winner"": 0.2954640022591593, ""stair_step_winner"": 0.23083764976308935}",jump_repricing_winner,smooth_trend_winner,0.737011041550128,0.015328840176878885,0.0,0.0
up50pct,train,up50pct::SZ000860::000001,134,"{""choppy_reversal_winner"": 0.20582932296069592, ""jump_repricing_winner"": 0.10486431149644196, ""late_rescue_winner"": 0.12182877292941074, ""slow_grind_winner"": 0.0, ""smooth_trend_winner"": 0.10947498890341702, ""stair_step_winner"": 0.4580026037100343}",stair_step_winner,choppy_reversal_winner,0.7914629242861817,0.1012643207775107,0.1044776119402985,0.0
up50pct,train,up50pct::SZ000869::000000,186,"{""choppy_reversal_winner"": 0.2546991911623657, ""jump_repricing_winner"": 0.16674161779456104, ""late_rescue_winner"": 0.13747144587933724, ""slow_grind_winner"": 0.0, ""smooth_trend_winner"": 0.13175351224365964, ""stair_step_winner"": 0.30933423292007634}",stair_step_winner,choppy_reversal_winner,0.8649675781601437,0.12041572708352445,0.010752688172043012,0.0
up50pct,robustness,up50pct::SZ000877::000000,28,"{""choppy_reversal_winner"": 0.015010446065342372, ""jump_repricing_winner"": 0.48450717923458264, ""late_rescue_winner"": 0.008454343912821715, ""slow_grind_winner"": 0.0, ""smooth_trend_winner"": 0.43206486391594207, ""stair_step_winner"": 0.05996316687131116}",jump_repricing_winner,smooth_trend_winner,0.5501771463570954,0.03282321417665842,0.39285714285714285,0.0
up50pct,train,up50pct::SZ000887::000000,38,"{""choppy_reversal_winner"": 0.4830810921202715, ""jump_repricing_winner"": 0.00963112527467697, ""late_rescue_winner"": 0.3721223732892043, ""slow_grind_winner"": 0.0, ""smooth_trend_winner"": 0.005722283406014318, ""stair_step_winner"": 0.12944312590983284}",choppy_reversal_winner,late_rescue_winner,0.5906151579081151,0.014384819573878415,0.0,0.0
up50pct,train,up50pct::SZ000895::000000,208,"{""choppy_reversal_winner"": 0.15137694202717794, ""jump_repricing_winner"": 0.16728814736605463, ""late_rescue_winner"": 0.08603767438504654, ""slow_grind_winner"": 0.0, ""smooth_trend_winner"": 0.17047282058065097, ""stair_step_winner"": 0.4248244156410699}",stair_step_winner,smooth_trend_winner,0.8155350813698209,0.11188382189765576,0.0673076923076923,0.0
up50pct,train,up50pct::SZ000898::000000,19,"{""choppy_reversal_winner"": 0.014386666202753704, ""jump_repricing_winner"": 0.4506580749417765, ""late_rescue_winner"": 0.009076671356059239, ""slow_grind_winner"": 0.0, ""smooth_trend_winner"": 0.4719938885672716, ""stair_step_winner"": 0.053884698932138896}",smooth_trend_winner,jump_repricing_winner,0.5439652697916385,0.02684379358999013,0.42105263157894735,0.0
up50pct,train,up50pct::SZ000898::000001,35,"{""choppy_reversal_winner"": 0.08067874413530163, ""jump_repricing_winner"": 0.26353743140004837, ""late_rescue_winner"": 0.04137689344619642, ""slow_grind_winner"": 0.0, ""smooth_trend_winner"": 0.2395749767842582, ""stair_step_winner"": 0.3748319542341953}",stair_step_winner,jump_repricing_winner,0.779379649810527,0.07852792900393442,0.08571428571428572,0.0
up50pct,train,up50pct::SZ000902::000000,11,"{""choppy_reversal_winner"": 0.4172191852120338, ""jump_repricing_winner"": 0.018693018829687477, ""late_rescue_winner"": 0.28571322384926195, ""slow_grind_winner"": 0.0, ""smooth_trend_winner"": 0.012232901084137375, ""stair_step_winner"": 0.2661416710248794}",choppy_reversal_winner,late_rescue_winner,0.6715188288665602,0.023685494345131976,0.0,0.0
up50pct,train,up50pct::SZ000902::000001,1,"{""choppy_reversal_winner"": 0.43825602664815533, ""jump_repricing_winner"": 0.03389756223616206, ""late_rescue_winner"": 0.23653195301352328, ""slow_grind_winner"": 0.0, ""smooth_trend_winner"": 0.01836704339390327, ""stair_step_winner"": 0.27294741470825606}",choppy_reversal_winner,stair_step_winner,0.6949020870301151,0.0,0.0,0.0
up50pct,train,up50pct::SZ000930::000000,20,"{""choppy_reversal_winner"": 0.40755773062120076, ""jump_repricing_winner"": 0.023858166975777667, ""late_rescue_winner"": 0.30610827219955894, ""slow_grind_winner"": 0.0, ""smooth_trend_winner"": 0.014997809906593773, ""stair_step_winner"": 0.2474780202968688}",choppy_reversal_winner,late_rescue_winner,0.6841817358687666,0.03526526356916527,0.0,0.1
up50pct,train,up50pct::SZ000932::000000,330,"{""choppy_reversal_winner"": 0.20743168084758745, ""jump_repricing_winner"": 0.1506261788119457, ""late_rescue_winner"": 0.1451801654821405, ""slow_grind_winner"": 0.0, ""smooth_trend_winner"": 0.12974127470732058, ""stair_step_winner"": 0.3670207001510058}",stair_step_winner,choppy_reversal_winner,0.8507906986663548,0.1271124860905352,0.10606060606060606,0.06363636363636363
up50pct,train,up50pct::SZ000935::000000,29,"{""choppy_reversal_winner"": 0.3313877675016394, ""jump_repricing_winner"": 0.016813414900604833, ""late_rescue_winner"": 0.4821776492759421, ""slow_grind_winner"": 0.0, ""smooth_trend_winner"": 0.011566963642729614, ""stair_step_winner"": 0.1580542046790841}",late_rescue_winner,choppy_reversal_winner,0.6304335035868996,0.012964098901734186,0.0,0.0
up50pct,train,up50pct::SZ000937::000000,52,"{""choppy_reversal_winner"": 0.4285855252324499, ""jump_repricing_winner"": 0.016126264549327425, ""late_rescue_winner"": 0.3892198705135113, ""slow_grind_winner"": 0.0, ""smooth_trend_winner"": 0.009766458201425412, ""stair_step_winner"": 0.1563018815032859}",choppy_reversal_winner,late_rescue_winner,0.6319227697160099,0.026352058314896492,0.0,0.0
up50pct,train,up50pct::SZ000951::000000,54,"{""choppy_reversal_winner"": 0.0840769737966787, ""jump_repricing_winner"": 0.3215273848767837, ""late_rescue_winner"": 0.0443245158774164, ""slow_grind_winner"": 0.0, ""smooth_trend_winner"": 0.3782973709843863, ""stair_step_winner"": 0.17177375446473495}",smooth_trend_winner,jump_repricing_winner,0.7710050587332835,0.13101039601388478,0.3888888888888889,0.0
up50pct,train,up50pct::SZ000951::000001,9,"{""choppy_reversal_winner"": 0.3876296321422765, ""jump_repricing_winner"": 0.00689063973458437, ""late_rescue_winner"": 0.503658349687524, ""slow_grind_winner"": 0.0, ""smooth_trend_winner"": 0.004323771095817127, ""stair_step_winner"": 0.09749760733979793}",late_rescue_winner,choppy_reversal_winner,0.5567707865007295,0.0011367961955762915,0.0,0.0
up50pct,train,up50pct::SZ000959::000001,145,"{""choppy_reversal_winner"": 0.1644739398761057, ""jump_repricing_winner"": 0.18847119847901575, ""late_rescue_winner"": 0.12412981885403948, ""slow_grind_winner"": 0.0, ""smooth_trend_winner"": 0.1544208265735636, ""stair_step_winner"": 0.3685042162172755}",stair_step_winner,jump_repricing_winner,0.8520869527047575,0.10508633858191535,0.034482758620689655,0.14482758620689656
up50pct,robustness,up50pct::SZ000963::000000,32,"{""choppy_reversal_winner"": 0.26791559446038415, ""jump_repricing_winner"": 0.03393299231646506, ""late_rescue_winner"": 0.1591570455489214, ""slow_grind_winner"": 0.0, ""smooth_trend_winner"": 0.02331647866718675, ""stair_step_winner"": 0.5156778890070426}",stair_step_winner,choppy_reversal_winner,0.6637836479090018,0.017983593865887066,0.0,0.15625
up50pct,train,up50pct::SZ000966::000000,1,"{""choppy_reversal_winner"": 0.006441368209502975, ""jump_repricing_winner"": 0.3215497608587561, ""late_rescue_winner"": 0.0044047672948081765, ""slow_grind_winner"": 0.0, ""smooth_trend_winner"": 0.6440455464745839, ""stair_step_winner"": 0.0235585571623487}",smooth_trend_winner,jump_repricing_winner,0.44252531725623895,0.0,1.0,0.0
up50pct,train,up50pct::SZ000970::000000,16,"{""choppy_reversal_winner"": 0.4112229086843566, ""jump_repricing_winner"": 0.006897406985509024, ""late_rescue_winner"": 0.48037486345248337, ""slow_grind_winner"": 0.0, ""smooth_trend_winner"": 0.004243168651035159, ""stair_step_winner"": 0.09726165222661584}",late_rescue_winner,choppy_reversal_winner,0.5591061231018531,0.009713791052927587,0.0,0.0
up50pct,robustness,up50pct::SZ000981::000001,8,"{""choppy_reversal_winner"": 0.030788025597893037, ""jump_repricing_winner"": 0.4417978352169597, ""late_rescue_winner"": 0.022598179690316904, ""slow_grind_winner"": 0.0, ""smooth_trend_winner"": 0.4155569683740735, ""stair_step_winner"": 0.0892589911207568}",jump_repricing_winner,smooth_trend_winner,0.6330627953798027,0.020829988713268754,0.125,0.0
up50pct,train,up50pct::SZ000983::000000,288,"{""choppy_reversal_winner"": 0.2593329144280042, ""jump_repricing_winner"": 0.1327650455009738, ""late_rescue_winner"": 0.18585853639384692, ""slow_grind_winner"": 0.0, ""smooth_trend_winner"": 0.10498204852264977, ""stair_step_winner"": 0.31706145515452533}",stair_step_winner,choppy_reversal_winner,0.8548364250674767,0.13501831285791296,0.06944444444444445,0.010416666666666666
up50pct,train,up50pct::SZ000987::000000,124,"{""choppy_reversal_winner"": 0.13265620073846995, ""jump_repricing_winner"": 0.20504888851699984, ""late_rescue_winner"": 0.07275951349819929, ""slow_grind_winner"": 0.0, ""smooth_trend_winner"": 0.18314690866051908, ""stair_step_winner"": 0.40638848858581184}",stair_step_winner,jump_repricing_winner,0.8150401815039566,0.13145623057367609,0.18548387096774194,0.016129032258064516
up50pct,train,up50pct::SZ000990::000000,20,"{""choppy_reversal_winner"": 0.2900885638983054, ""jump_repricing_winner"": 0.12455631467623399, ""late_rescue_winner"": 0.18709063642996598, ""slow_grind_winner"": 0.0, ""smooth_trend_winner"": 0.14983362648207646, ""stair_step_winner"": 0.24843085851341823}",choppy_reversal_winner,stair_step_winner,0.8720090513021769,0.1156799273893786,0.15,0.05
up50pct,train,up50pct::SZ000990::000001,6,"{""choppy_reversal_winner"": 0.14084160073823238, ""jump_repricing_winner"": 0.2922133080822045, ""late_rescue_winner"": 0.076920801640034, ""slow_grind_winner"": 0.0, ""smooth_trend_winner"": 0.29075178459737505, ""stair_step_winner"": 0.1992725049421541}",jump_repricing_winner,smooth_trend_winner,0.8446851047793509,0.1276345253264417,0.16666666666666666,0.0
up50pct,train,up50pct::SZ000997::000000,180,"{""choppy_reversal_winner"": 0.3713878201887604, ""jump_repricing_winner"": 0.009429464624719086, ""late_rescue_winner"": 0.4935891487187951, ""slow_grind_winner"": 0.0, ""smooth_trend_winner"": 0.0061363159798116995, ""stair_step_winner"": 0.11945725048791371}",late_rescue_winner,choppy_reversal_winner,0.583459109393586,0.02087408779680447,0.11666666666666667,0.0
up50pct,train,up50pct::SZ000998::000000,243,"{""choppy_reversal_winner"": 0.26483566520583124, ""jump_repricing_winner"": 0.18944574325891517, ""late_rescue_winner"": 0.16630441544811905, ""slow_grind_winner"": 0.0, ""smooth_trend_winner"": 0.12523852859572535, ""stair_step_winner"": 0.25417564749140914}",choppy_reversal_winner,stair_step_winner,0.8783117777071535,0.1461538794180879,0.17695473251028807,0.02880658436213992
up50pct,robustness,up50pct::SZ001203::000000,6,"{""choppy_reversal_winner"": 0.19080208652327582, ""jump_repricing_winner"": 0.1114839821139143, ""late_rescue_winner"": 0.10944268737073748, ""slow_grind_winner"": 0.0, ""smooth_trend_winner"": 0.0678433302548246, ""stair_step_winner"": 0.5204279137372478}",stair_step_winner,choppy_reversal_winner,0.7396108270914161,0.03550836539662936,0.0,0.0
up50pct,robustness,up50pct::SZ001309::000000,32,"{""choppy_reversal_winner"": 0.13182443422040402, ""jump_repricing_winner"": 0.25269819199522725, ""late_rescue_winner"": 0.07905590886790761, ""slow_grind_winner"": 0.0, ""smooth_trend_winner"": 0.24439631357900998, ""stair_step_winner"": 0.2920251513374511}",stair_step_winner,jump_repricing_winner,0.8478433274935407,0.1289965315912106,0.28125,0.0
up50pct,robustness,up50pct::SZ001389::000000,6,"{""choppy_reversal_winner"": 0.1535671298236616, ""jump_repricing_winner"": 0.14064272981753567, ""late_rescue_winner"": 0.11054063028327356, ""slow_grind_winner"": 0.0, ""smooth_trend_winner"": 0.12314226473327382, ""stair_step_winner"": 0.4721072453422554}",stair_step_winner,choppy_reversal_winner,0.7921284277159394,0.02262336832818727,0.0,0.16666666666666666
up50pct,train,up50pct::SZ001914::000000,52,"{""choppy_reversal_winner"": 0.12576606800774753, ""jump_repricing_winner"": 0.19324898832452833, ""late_rescue_winner"": 0.06222808271392181, ""slow_grind_winner"": 0.0, ""smooth_trend_winner"": 0.12858190155975555, ""stair_step_winner"": 0.4901749593940468}",stair_step_winner,jump_repricing_winner,0.7615163144689854,0.05765887921114321,0.0,0.019230769230769232
up50pct,robustness,up50pct::SZ001979::000001,29,"{""choppy_reversal_winner"": 0.24347829512664312, ""jump_repricing_winner"": 0.14806568288260613, ""late_rescue_winner"": 0.13187888507248094, ""slow_grind_winner"": 0.0, ""smooth_trend_winner"": 0.10301134476301706, ""stair_step_winner"": 0.3735657921552528}",stair_step_winner,choppy_reversal_winner,0.8348945151975606,0.0630340339642237,0.0,0.1724137931034483
up50pct,validation,up50pct::SZ002015::000000,19,"{""choppy_reversal_winner"": 0.37867533520946933, ""jump_repricing_winner"": 0.011239639900838795, ""late_rescue_winner"": 0.5122485134824319, ""slow_grind_winner"": 0.0, ""smooth_trend_winner"": 0.006520456443486741, ""stair_step_winner"": 0.09131605496377325}",late_rescue_winner,choppy_reversal_winner,0.5649254366203613,0.007353388470934852,0.0,0.0
up50pct,train,up50pct::SZ002019::000000,75,"{""choppy_reversal_winner"": 0.07681393259320676, ""jump_repricing_winner"": 0.2765761753009417, ""late_rescue_winner"": 0.04252623894175281, ""slow_grind_winner"": 0.0, ""smooth_trend_winner"": 0.33638821261308266, ""stair_step_winner"": 0.2676954405510161}",smooth_trend_winner,jump_repricing_winner,0.7848032422857822,0.11321170942203378,0.30666666666666664,0.02666666666666667
up50pct,train,up50pct::SZ002024::000000,11,"{""choppy_reversal_winner"": 0.0069222961660731054, ""jump_repricing_winner"": 0.40910752421080365, ""late_rescue_winner"": 0.0044114194763695816, ""slow_grind_winner"": 0.0, ""smooth_trend_winner"": 0.5556823658205085, ""stair_step_winner"": 0.023876394326245196}",smooth_trend_winner,jump_repricing_winner,0.46862997612236656,0.00818579023196427,1.0,0.0
up50pct,train,up50pct::SZ002025::000000,82,"{""choppy_reversal_winner"": 0.3321930795419551, ""jump_repricing_winner"": 0.06322558589576592, ""late_rescue_winner"": 0.22884966357100567, ""slow_grind_winner"": 0.0, ""smooth_trend_winner"": 0.05354499834030713, ""stair_step_winner"": 0.32218667265096623}",choppy_reversal_winner,stair_step_winner,0.7812409475691224,0.08432669611667463,0.012195121951219513,0.012195121951219513
up50pct,train,up50pct::SZ002027::000000,244,"{""choppy_reversal_winner"": 0.2692290995976372, ""jump_repricing_winner"": 0.14819808935766887, ""late_rescue_winner"": 0.18923896475683732, ""slow_grind_winner"": 0.0, ""smooth_trend_winner"": 0.13379348021879744, ""stair_step_winner"": 0.25954036606905917}",choppy_reversal_winner,stair_step_winner,0.8764874882485382,0.1357738837997233,0.01639344262295082,0.00819672131147541
up50pct,train,up50pct::SZ002030::000001,48,"{""choppy_reversal_winner"": 0.011425717247165401, ""jump_repricing_winner"": 0.3602394237731455, ""late_rescue_winner"": 0.0074723438416962615, ""slow_grind_winner"": 0.0, ""smooth_trend_winner"": 0.5785028646446588, ""stair_step_winner"": 0.04235965049333393}",smooth_trend_winner,jump_repricing_winner,0.5056631485830134,0.02829299210971409,0.7291666666666666,0.041666666666666664
up50pct,train,up50pct::SZ002038::000000,16,"{""choppy_reversal_winner"": 0.07398669917528315, ""jump_repricing_winner"": 0.302618003058194, ""late_rescue_winner"": 0.03975961503639888, ""slow_grind_winner"": 0.0, ""smooth_trend_winner"": 0.2502429128660105, ""stair_step_winner"": 0.3333927698641135}",stair_step_winner,jump_repricing_winner,0.778823499364502,0.036075050277713024,0.0625,0.0
up50pct,train,up50pct::SZ002044::000000,108,"{""choppy_reversal_winner"": 0.12536266721017456, ""jump_repricing_winner"": 0.32306328716685223, ""late_rescue_winner"": 0.06797147892406177, ""slow_grind_winner"": 0.0, ""smooth_trend_winner"": 0.3469072541118628, ""stair_step_winner"": 0.1366953125870487}",smooth_trend_winner,jump_repricing_winner,0.807808786426764,0.12932179617465925,0.2962962962962963,0.0
up50pct,robustness,up50pct::SZ002049::000000,49,"{""choppy_reversal_winner"": 0.25219100171849573, ""jump_repricing_winner"": 0.10512884479246384, ""late_rescue_winner"": 0.16496257959195876, ""slow_grind_winner"": 0.0, ""smooth_trend_winner"": 0.09953958385171323, ""stair_step_winner"": 0.37817799004536834}",stair_step_winner,choppy_reversal_winner,0.8253804659232813,0.09793760202162133,0.0,0.02040816326530612
up50pct,train,up50pct::SZ002064::000000,188,"{""choppy_reversal_winner"": 0.09770491998677563, ""jump_repricing_winner"": 0.2910104307155277, ""late_rescue_winner"": 0.05726733478105765, ""slow_grind_winner"": 0.0, ""smooth_trend_winner"": 0.31591437454254145, ""stair_step_winner"": 0.23810293997409762}",smooth_trend_winner,jump_repricing_winner,0.8125888901046437,0.13079581035173973,0.3191489361702128,0.010638297872340425
up50pct,train,up50pct::SZ002065::000000,137,"{""choppy_reversal_winner"": 0.2009243708953246, ""jump_repricing_winner"": 0.1953418805660813, ""late_rescue_winner"": 0.12427014432254839, ""slow_grind_winner"": 0.0, ""smooth_trend_winner"": 0.24929281554709815, ""stair_step_winner"": 0.2301707886689475}",smooth_trend_winner,stair_step_winner,0.8845987166063134,0.1477477791346799,0.19708029197080293,0.029197080291970802
up50pct,robustness,up50pct::SZ002074::000000,164,"{""choppy_reversal_winner"": 0.0897415320761053, ""jump_repricing_winner"": 0.32023040731459623, ""late_rescue_winner"": 0.06370713694710844, ""slow_grind_winner"": 0.0, ""smooth_trend_winner"": 0.2823059852851665, ""stair_step_winner"": 0.24401493837702365}",jump_repricing_winner,smooth_trend_winner,0.8135336141887395,0.11338279198616487,0.18902439024390244,0.17073170731707318
up50pct,train,up50pct::SZ002075::000000,105,"{""choppy_reversal_winner"": 0.310938938302445, ""jump_repricing_winner"": 0.12447107276241792, ""late_rescue_winner"": 0.23091408503660757, ""slow_grind_winner"": 0.0, ""smooth_trend_winner"": 0.06925802477518296, ""stair_step_winner"": 0.2644178791233466}",choppy_reversal_winner,stair_step_winner,0.8358741504283008,0.09560833896871868,0.0,0.0761904761904762
up50pct,train,up50pct::SZ002081::000000,26,"{""choppy_reversal_winner"": 0.007097573417608083, ""jump_repricing_winner"": 0.37363696019444304, ""late_rescue_winner"": 0.004377141351111161, ""slow_grind_winner"": 0.0, ""smooth_trend_winner"": 0.5885360748360065, ""stair_step_winner"": 0.0263522502008312}",smooth_trend_winner,jump_repricing_winner,0.4657669611081397,0.02112517840090337,0.7692307692307693,0.07692307692307693
up50pct,train,up50pct::SZ002092::000000,24,"{""choppy_reversal_winner"": 0.07890528966283196, ""jump_repricing_winner"": 0.3087488178175437, ""late_rescue_winner"": 0.05270194637630981, ""slow_grind_winner"": 0.0, ""smooth_trend_winner"": 0.34819803713676895, ""stair_step_winner"": 0.21144590900654558}",smooth_trend_winner,jump_repricing_winner,0.7892927883772496,0.1294357169226221,0.2916666666666667,0.08333333333333333
up50pct,train,up50pct::SZ002110::000000,82,"{""choppy_reversal_winner"": 0.3798962756358931, ""jump_repricing_winner"": 0.027094459301425677, ""late_rescue_winner"": 0.2684372387677649, ""slow_grind_winner"": 0.0, ""smooth_trend_winner"": 0.01806985264139687, ""stair_step_winner"": 0.30650217365351945}",choppy_reversal_winner,stair_step_winner,0.6995678776306542,0.03646552726870008,0.0,0.2682926829268293
up50pct,train,up50pct::SZ002124::000000,18,"{""choppy_reversal_winner"": 0.4455259532654957, ""jump_repricing_winner"": 0.02938540797626364, ""late_rescue_winner"": 0.29433603241238404, ""slow_grind_winner"": 0.0, ""smooth_trend_winner"": 0.016684990853195383, ""stair_step_winner"": 0.21406761549266118}",choppy_reversal_winner,late_rescue_winner,0.6820744821335314,0.02565526911332321,0.0,0.0
up50pct,robustness,up50pct::SZ002126::000000,3,"{""choppy_reversal_winner"": 0.2341407097337963, ""jump_repricing_winner"": 0.0762512721484016, ""late_rescue_winner"": 0.18091939527699044, ""slow_grind_winner"": 0.0, ""smooth_trend_winner"": 0.05621670222629336, ""stair_step_winner"": 0.45247192061451824}",stair_step_winner,choppy_reversal_winner,0.762461158102978,0.021327150543088175,0.0,0.0
up50pct,train,up50pct::SZ002127::000000,163,"{""choppy_reversal_winner"": 0.24268128905771313, ""jump_repricing_winner"": 0.13035714352576636, ""late_rescue_winner"": 0.14145346727225916, ""slow_grind_winner"": 0.0, ""smooth_trend_winner"": 0.12989215862541426, ""stair_step_winner"": 0.3556159415188472}",stair_step_winner,choppy_reversal_winner,0.8475912538297441,0.11832201598120044,0.0736196319018405,0.018404907975460124
up50pct,robustness,up50pct::SZ002129::000001,1,"{""choppy_reversal_winner"": 0.02343319244271209, ""jump_repricing_winner"": 0.4237691499573669, ""late_rescue_winner"": 0.01846748735738115, ""slow_grind_winner"": 0.0, ""smooth_trend_winner"": 0.46985271476610696, ""stair_step_winner"": 0.06447745547643301}",smooth_trend_winner,jump_repricing_winner,0.5900167159844671,0.0,0.0,0.0
up50pct,robustness,up50pct::SZ002129::000002,25,"{""choppy_reversal_winner"": 0.11010728056853983, ""jump_repricing_winner"": 0.2211504256001876, ""late_rescue_winner"": 0.059745009077603654, ""slow_grind_winner"": 0.0, ""smooth_trend_winner"": 0.17045419625827957, ""stair_step_winner"": 0.43854308849538937}",stair_step_winner,jump_repricing_winner,0.785842358497878,0.058738591016639745,0.0,0.0
up50pct,robustness,up50pct::SZ002130::000000,9,"{""choppy_reversal_winner"": 0.18125602478001226, ""jump_repricing_winner"": 0.22975836409697775, ""late_rescue_winner"": 0.13235475518230788, ""slow_grind_winner"": 0.0, ""smooth_trend_winner"": 0.14058382619178816, ""stair_step_winner"": 0.31604702974891397}",stair_step_winner,jump_repricing_winner,0.8678552599379238,0.10427220318555079,0.0,0.0
up50pct,train,up50pct::SZ002142::000000,142,"{""choppy_reversal_winner"": 0.2117445519069269, ""jump_repricing_winner"": 0.07311706301361635, ""late_rescue_winner"": 0.11342720011029218, ""slow_grind_winner"": 0.0, ""smooth_trend_winner"": 0.05171830315342806, ""stair_step_winner"": 0.5499928818157365}",stair_step_winner,choppy_reversal_winner,0.696992875142483,0.058052819230854,0.007042253521126761,0.0
up50pct,robustness,up50pct::SZ002142::000001,44,"{""choppy_reversal_winner"": 0.29372298832371735, ""jump_repricing_winner"": 0.031530303710137, ""late_rescue_winner"": 0.19081979942530755, ""slow_grind_winner"": 0.0, ""smooth_trend_winner"": 0.02169493022989738, ""stair_step_winner"": 0.4622319783109407}",stair_step_winner,choppy_reversal_winner,0.6835312929972847,0.013284332521663134,0.0,0.0
up50pct,train,up50pct::SZ002145::000000,36,"{""choppy_reversal_winner"": 0.014085955860049064, ""jump_repricing_winner"": 0.42124385386881497, ""late_rescue_winner"": 0.007936405464264383, ""slow_grind_winner"": 0.0, ""smooth_trend_winner"": 0.49766068744945513, ""stair_step_winner"": 0.05907309735741639}",smooth_trend_winner,jump_repricing_winner,0.545280434478632,0.04347571618473998,0.4722222222222222,0.0
up50pct,validation,up50pct::SZ002153::000001,2,"{""choppy_reversal_winner"": 0.3984017608465301, ""jump_repricing_winner"": 0.010994219606784303, ""late_rescue_winner"": 0.47237845178965143, ""slow_grind_winner"": 0.0, ""smooth_trend_winner"": 0.00666300452554666, ""stair_step_winner"": 0.11156256323148755}",late_rescue_winner,choppy_reversal_winner,0.5852192748998992,0.009720926291243817,0.0,0.0
up50pct,robustness,up50pct::SZ002155::000000,32,"{""choppy_reversal_winner"": 0.10913408766817473, ""jump_repricing_winner"": 0.32652691735272754, ""late_rescue_winner"": 0.06188313085337679, ""slow_grind_winner"": 0.0, ""smooth_trend_winner"": 0.1707604659316932, ""stair_step_winner"": 0.3316953981940277}",stair_step_winner,jump_repricing_winner,0.807731856347964,0.0757221375706646,0.0625,0.0
up50pct,train,up50pct::SZ002176::000000,23,"{""choppy_reversal_winner"": 0.3137116640949394, ""jump_repricing_winner"": 0.06455064709331784, ""late_rescue_winner"": 0.45873988426083384, ""slow_grind_winner"": 0.0, ""smooth_trend_winner"": 0.07536810036259098, ""stair_step_winner"": 0.08762970418831802}",late_rescue_winner,choppy_reversal_winner,0.729033362878182,0.10447882000067739,0.043478260869565216,0.043478260869565216
up50pct,robustness,up50pct::SZ002179::000000,3,"{""choppy_reversal_winner"": 0.10388659796625982, ""jump_repricing_winner"": 0.28824855709971975, ""late_rescue_winner"": 0.05445578821207877, ""slow_grind_winner"": 0.0, ""smooth_trend_winner"": 0.1564892824205449, ""stair_step_winner"": 0.3969197743013968}",stair_step_winner,jump_repricing_winner,0.7865497755766088,0.006507491867014252,0.0,0.0
up50pct,robustness,up50pct::SZ002180::000000,6,"{""choppy_reversal_winner"": 0.2027452012039932, ""jump_repricing_winner"": 0.19031773613282332, ""late_rescue_winner"": 0.10685044133168166, ""slow_grind_winner"": 0.0, ""smooth_trend_winner"": 0.0907742273314761, ""stair_step_winner"": 0.40931239400002584}",stair_step_winner,choppy_reversal_winner,0.8157756994951824,0.0037570554980738157,0.0,0.0
up50pct,train,up50pct::SZ002191::000000,16,"{""choppy_reversal_winner"": 0.4571853682720693, ""jump_repricing_winner"": 0.015794549925327177, ""late_rescue_winner"": 0.26488095868203293, ""slow_grind_winner"": 0.0, ""smooth_trend_winner"": 0.009712276420636441, ""stair_step_winner"": 0.2524268466999341}",choppy_reversal_winner,late_rescue_winner,0.6517270144372497,0.007525250631683853,0.0,0.0
up50pct,train,up50pct::SZ002192::000000,8,"{""choppy_reversal_winner"": 0.03827241762544929, ""jump_repricing_winner"": 0.3605521618670289, ""late_rescue_winner"": 0.022226390253118088, ""slow_grind_winner"": 0.0, ""smooth_trend_winner"": 0.4323520168625484, ""stair_step_winner"": 0.14659701339185527}",smooth_trend_winner,jump_repricing_winner,0.6816227425776561,0.06777060642421161,0.25,0.125
up50pct,robustness,up50pct::SZ002195::000001,147,"{""choppy_reversal_winner"": 0.07818990782575574, ""jump_repricing_winner"": 0.3668822032225683, ""late_rescue_winner"": 0.06036228983772998, ""slow_grind_winner"": 0.0, ""smooth_trend_winner"": 0.3417473843446684, ""stair_step_winner"": 0.15281821476927754}",jump_repricing_winner,smooth_trend_winner,0.7761159181467959,0.10719352262676506,0.3741496598639456,0.1360544217687075
up50pct,train,up50pct::SZ002216::000000,36,"{""choppy_reversal_winner"": 0.023227695720519373, ""jump_repricing_winner"": 0.44610019009352697, ""late_rescue_winner"": 0.012727568871183806, ""slow_grind_winner"": 0.0, ""smooth_trend_winner"": 0.4156813582928316, ""stair_step_winner"": 0.10226318702193829}",jump_repricing_winner,smooth_trend_winner,0.6145431949576978,0.042505502442239114,0.3611111111111111,0.0
up50pct,train,up50pct::SZ002217::000000,28,"{""choppy_reversal_winner"": 0.0972295486347806, ""jump_repricing_winner"": 0.27814732965471567, ""late_rescue_winner"": 0.049221687117596516, ""slow_grind_winner"": 0.0, ""smooth_trend_winner"": 0.256953563857265, ""stair_step_winner"": 0.3184478707356422}",stair_step_winner,jump_repricing_winner,0.8060900324292611,0.1085045741806685,0.07142857142857142,0.0
up50pct,train,up50pct::SZ002221::000000,64,"{""choppy_reversal_winner"": 0.3045735153697173, ""jump_repricing_winner"": 0.07546679139363643, ""late_rescue_winner"": 0.2422891570301544, ""slow_grind_winner"": 0.0, ""smooth_trend_winner"": 0.13585068895720798, ""stair_step_winner"": 0.2418198472492839}",choppy_reversal_winner,late_rescue_winner,0.845559387682045,0.12415531509779709,0.171875,0.140625
up50pct,robustness,up50pct::SZ002230::000000,24,"{""choppy_reversal_winner"": 0.3208805734034033, ""jump_repricing_winner"": 0.038846441000218224, ""late_rescue_winner"": 0.2508243715604608, ""slow_grind_winner"": 0.0, ""smooth_trend_winner"": 0.026269918003457498, ""stair_step_winner"": 0.3631786960324601}",stair_step_winner,choppy_reversal_winner,0.7262492992179679,0.029845077183812962,0.0,0.25
up50pct,train,up50pct::SZ002233::000000,42,"{""choppy_reversal_winner"": 0.37077725248541804, ""jump_repricing_winner"": 0.022198292860245335, ""late_rescue_winner"": 0.23012285314951567, ""slow_grind_winner"": 0.0, ""smooth_trend_winner"": 0.014107476719270283, ""stair_step_winner"": 0.3627941247855506}",choppy_reversal_winner,stair_step_winner,0.6800205855609035,0.02230618776158459,0.0,0.07142857142857142
up50pct,validation,up50pct::SZ002240::000000,75,"{""choppy_reversal_winner"": 0.35336189128928325, ""jump_repricing_winner"": 0.008056432772054407, ""late_rescue_winner"": 0.5561524620702886, ""slow_grind_winner"": 0.0, ""smooth_trend_winner"": 0.00484612560541457, ""stair_step_winner"": 0.07758308826295923}",late_rescue_winner,choppy_reversal_winner,0.5340532255569043,0.008881094343168472,0.8266666666666667,0.0
up50pct,train,up50pct::SZ002242::000000,100,"{""choppy_reversal_winner"": 0.14158857007338668, ""jump_repricing_winner"": 0.09276070489142603, ""late_rescue_winner"": 0.0760493893642553, ""slow_grind_winner"": 0.0, ""smooth_trend_winner"": 0.07111512740708094, ""stair_step_winner"": 0.618486208263851}",stair_step_winner,choppy_reversal_winner,0.6576961786780746,0.03645407976051355,0.0,0.0
up50pct,train,up50pct::SZ002243::000000,1,"{""choppy_reversal_winner"": 0.1823209187312673, ""jump_repricing_winner"": 0.1872409804209574, ""late_rescue_winner"": 0.08803990176306231, ""slow_grind_winner"": 0.0, ""smooth_trend_winner"": 0.08995183658980999, ""stair_step_winner"": 0.45244636249490305}",stair_step_winner,jump_repricing_winner,0.7888412119310982,0.0,0.0,0.0
up50pct,train,up50pct::SZ002250::000000,36,"{""choppy_reversal_winner"": 0.15547034452476932, ""jump_repricing_winner"": 0.21825333594596075, ""late_rescue_winner"": 0.0896895450339334, ""slow_grind_winner"": 0.0, ""smooth_trend_winner"": 0.17701794143859317, ""stair_step_winner"": 0.3595688330567433}",stair_step_winner,jump_repricing_winner,0.8439468517496763,0.08940779572084646,0.027777777777777776,0.05555555555555555
up50pct,train,up50pct::SZ002252::000000,5,"{""choppy_reversal_winner"": 0.008918302710071, ""jump_repricing_winner"": 0.3789055795149115, ""late_rescue_winner"": 0.006692920247337811, ""slow_grind_winner"": 0.0, ""smooth_trend_winner"": 0.5755637117733101, ""stair_step_winner"": 0.029919485754369524}",smooth_trend_winner,jump_repricing_winner,0.4834666004152099,0.010378507123707836,0.6,0.4
up50pct,train,up50pct::SZ002252::000001,24,"{""choppy_reversal_winner"": 0.23676000997029403, ""jump_repricing_winner"": 0.12556300628982384, ""late_rescue_winner"": 0.1322632121178219, ""slow_grind_winner"": 0.0, ""smooth_trend_winner"": 0.06952297318748973, ""stair_step_winner"": 0.4358907984345705}",stair_step_winner,choppy_reversal_winner,0.7905664972122745,0.05973645720800482,0.041666666666666664,0.0
up50pct,robustness,up50pct::SZ002261::000000,22,"{""choppy_reversal_winner"": 0.18000416948148482, ""jump_repricing_winner"": 0.24956225670876708, ""late_rescue_winner"": 0.13335697296041585, ""slow_grind_winner"": 0.0, ""smooth_trend_winner"": 0.15706433947587375, ""stair_step_winner"": 0.2800122613734586}",stair_step_winner,jump_repricing_winner,0.8767493935599241,0.034360965544464404,0.0,0.5
up50pct,robustness,up50pct::SZ002261::000001,25,"{""choppy_reversal_winner"": 0.04630973711034548, ""jump_repricing_winner"": 0.38382268702305533, ""late_rescue_winner"": 0.03333781491796836, ""slow_grind_winner"": 0.0, ""smooth_trend_winner"": 0.40198856873605393, ""stair_step_winner"": 0.13454119221257685}",smooth_trend_winner,jump_repricing_winner,0.702897957753677,0.08514518233215895,0.36,0.24
up50pct,robustness,up50pct::SZ002265::000000,3,"{""choppy_reversal_winner"": 0.0066550450064138955, ""jump_repricing_winner"": 0.4064593383172605, ""late_rescue_winner"": 0.004177854597591287, ""slow_grind_winner"": 0.0, ""smooth_trend_winner"": 0.5581417142126338, ""stair_step_winner"": 0.024566047866100543}",smooth_trend_winner,jump_repricing_winner,0.468084523038529,0.032755002472186066,1.0,0.0
up50pct,train,up50pct::SZ002266::000000,183,"{""choppy_reversal_winner"": 0.1776412167386352, ""jump_repricing_winner"": 0.13747924637246486, ""late_rescue_winner"": 0.10932416691753429, ""slow_grind_winner"": 0.0, ""smooth_trend_winner"": 0.15540464532900722, ""stair_step_winner"": 0.4201507246423585}",stair_step_winner,choppy_reversal_winner,0.8234323188166662,0.11150765121302642,0.060109289617486336,0.060109289617486336
up50pct,train,up50pct::SZ002268::000000,16,"{""choppy_reversal_winner"": 0.028485256068925033, ""jump_repricing_winner"": 0.4092700245302621, ""late_rescue_winner"": 0.015405681144678298, ""slow_grind_winner"": 0.0, ""smooth_trend_winner"": 0.460623626851605, ""stair_step_winner"": 0.08621541140452951}",smooth_trend_winner,jump_repricing_winner,0.6137276377386526,0.07633901552081436,0.375,0.125
up50pct,validation,up50pct::SZ002268::000001,1,"{""choppy_reversal_winner"": 0.022495279168281757, ""jump_repricing_winner"": 0.5217222860706539, ""late_rescue_winner"": 0.01233547477715116, ""slow_grind_winner"": 0.0, ""smooth_trend_winner"": 0.35644237000710377, ""stair_step_winner"": 0.08700458997680947}",jump_repricing_winner,smooth_trend_winner,0.5911312454932879,0.0,0.0,0.0
up50pct,robustness,up50pct::SZ002271::000000,115,"{""choppy_reversal_winner"": 0.256632633164753, ""jump_repricing_winner"": 0.04832124077339612, ""late_rescue_winner"": 0.19717072133739705, ""slow_grind_winner"": 0.0, ""smooth_trend_winner"": 0.03876527872110849, ""stair_step_winner"": 0.45911012600334533}",stair_step_winner,choppy_reversal_winner,0.7249839250056934,0.07935868584758161,0.034782608695652174,0.14782608695652175
up50pct,robustness,up50pct::SZ002281::000000,259,"{""choppy_reversal_winner"": 0.19609784768334992, ""jump_repricing_winner"": 0.17620643398716698, ""late_rescue_winner"": 0.13474927961276068, ""slow_grind_winner"": 0.0, ""smooth_trend_winner"": 0.1441766363567186, ""stair_step_winner"": 0.3487698023600039}",stair_step_winner,choppy_reversal_winner,0.8606455201857836,0.1208346081196664,0.11196911196911197,0.13127413127413126
up50pct,train,up50pct::SZ002302::000000,10,"{""choppy_reversal_winner"": 0.006529381025917208, ""jump_repricing_winner"": 0.3119195441218119, ""late_rescue_winner"": 0.004253367690924133, ""slow_grind_winner"": 0.0, ""smooth_trend_winner"": 0.6537673665154, ""stair_step_winner"": 0.023530340645946855}",smooth_trend_winner,jump_repricing_winner,0.4384209565359991,0.006953253574674855,1.0,0.0
up50pct,train,up50pct::SZ002304::000000,286,"{""choppy_reversal_winner"": 0.21662366513853318, ""jump_repricing_winner"": 0.17234973913127397, ""late_rescue_winner"": 0.15762939353107008, ""slow_grind_winner"": 0.0, ""smooth_trend_winner"": 0.17698006600349006, ""stair_step_winner"": 0.2764171361956327}",stair_step_winner,choppy_reversal_winner,0.8860046465657337,0.14059891619940715,0.11538461538461539,0.006993006993006993
up50pct,train,up50pct::SZ002311::000000,66,"{""choppy_reversal_winner"": 0.07902365960083084, ""jump_repricing_winner"": 0.3050371522448039, ""late_rescue_winner"": 0.04486517372881956, ""slow_grind_winner"": 0.0, ""smooth_trend_winner"": 0.40673194842640903, ""stair_step_winner"": 0.1643420659991367}",smooth_trend_winner,jump_repricing_winner,0.7616378325251438,0.1036686279218318,0.3484848484848485,0.0
up50pct,train,up50pct::SZ002320::000000,29,"{""choppy_reversal_winner"": 0.29291016708875217, ""jump_repricing_winner"": 0.03671406828418648, ""late_rescue_winner"": 0.4934008284415371, ""slow_grind_winner"": 0.0, ""smooth_trend_winner"": 0.023775723259745727, ""stair_step_winner"": 0.15319921292577848}",late_rescue_winner,choppy_reversal_winner,0.6729949068804277,0.04552639258717775,0.0,0.0
up50pct,train,up50pct::SZ002326::000001,9,"{""choppy_reversal_winner"": 0.021250627715966083, ""jump_repricing_winner"": 0.40761087010498886, ""late_rescue_winner"": 0.012493207039354748, ""slow_grind_winner"": 0.0, ""smooth_trend_winner"": 0.5007167062644378, ""stair_step_winner"": 0.0579285888752526}",smooth_trend_winner,jump_repricing_winner,0.5657951991394736,0.05884027780581182,0.3333333333333333,0.2222222222222222
up50pct,robustness,up50pct::SZ002340::000000,102,"{""choppy_reversal_winner"": 0.1534511112971137, ""jump_repricing_winner"": 0.12944519569509103, ""late_rescue_winner"": 0.08789314391937572, ""slow_grind_winner"": 0.0, ""smooth_trend_winner"": 0.1222798975171171, ""stair_step_winner"": 0.5069306515713023}",stair_step_winner,choppy_reversal_winner,0.7631394011303272,0.08942038160667724,0.0,0.00980392156862745
up50pct,train,up50pct::SZ002351::000000,1,"{""choppy_reversal_winner"": 0.28477501671249844, ""jump_repricing_winner"": 0.02616763418167328, ""late_rescue_winner"": 0.5194758697349622, ""slow_grind_winner"": 0.0, ""smooth_trend_winner"": 0.020926979958399927, ""stair_step_winner"": 0.1486544994124662}",late_rescue_winner,choppy_reversal_winner,0.6460267380495924,0.0,0.0,0.0
up50pct,robustness,up50pct::SZ002352::000000,13,"{""choppy_reversal_winner"": 0.1871288256225667, ""jump_repricing_winner"": 0.052644331085147315, ""late_rescue_winner"": 0.10871511641004951, ""slow_grind_winner"": 0.0, ""smooth_trend_winner"": 0.03829376908985672, ""stair_step_winner"": 0.6132179577923798}",stair_step_winner,choppy_reversal_winner,0.6332735983345369,0.0038076222712443513,0.0,0.0
up50pct,robustness,up50pct::SZ002371::000000,271,"{""choppy_reversal_winner"": 0.1515889936933218, ""jump_repricing_winner"": 0.1413205794968111, ""late_rescue_winner"": 0.09588738513023573, ""slow_grind_winner"": 0.0, ""smooth_trend_winner"": 0.09667797173661077, ""stair_step_winner"": 0.5145250699430206}",stair_step_winner,choppy_reversal_winner,0.756300915755438,0.06673576315445537,0.0036900369003690036,0.11070110701107011
up50pct,train,up50pct::SZ002385::000000,24,"{""choppy_reversal_winner"": 0.09774414264075848, ""jump_repricing_winner"": 0.3169514801654487, ""late_rescue_winner"": 0.04890464337925269, ""slow_grind_winner"": 0.0, ""smooth_trend_winner"": 0.18654812265199713, ""stair_step_winner"": 0.349851611162543}",stair_step_winner,jump_repricing_winner,0.7923603643434598,0.06234184492882272,0.041666666666666664,0.0
up50pct,train,up50pct::SZ002396::000000,50,"{""choppy_reversal_winner"": 0.14735559744714852, ""jump_repricing_winner"": 0.1566311013458129, ""late_rescue_winner"": 0.08668544318521093, ""slow_grind_winner"": 0.0, ""smooth_trend_winner"": 0.12873390303205176, ""stair_step_winner"": 0.48059395498977586}",stair_step_winner,jump_repricing_winner,0.781680565658445,0.07176518018097623,0.02,0.0
up50pct,train,up50pct::SZ002399::000000,42,"{""choppy_reversal_winner"": 0.09770026400669363, ""jump_repricing_winner"": 0.30269532246772807, ""late_rescue_winner"": 0.04991801920986936, ""slow_grind_winner"": 0.0, ""smooth_trend_winner"": 0.3318151290518609, ""stair_step_winner"": 0.21787126526384823}",smooth_trend_winner,jump_repricing_winner,0.801805715053328,0.10890466399473948,0.07142857142857142,0.0
up50pct,robustness,up50pct::SZ002402::000000,8,"{""choppy_reversal_winner"": 0.007436289215466354, ""jump_repricing_winner"": 0.34119042285609313, ""late_rescue_winner"": 0.005219894083482694, ""slow_grind_winner"": 0.0, ""smooth_trend_winner"": 0.6201365125749085, ""stair_step_winner"": 0.026016881270049204}",smooth_trend_winner,jump_repricing_winner,0.45877469148773214,0.027361124157568417,0.625,0.25
up50pct,train,up50pct::SZ002414::000000,143,"{""choppy_reversal_winner"": 0.07617736681156485, ""jump_repricing_winner"": 0.32273227417969047, ""late_rescue_winner"": 0.0481565760097548, ""slow_grind_winner"": 0.0, ""smooth_trend_winner"": 0.3749613885988763, ""stair_step_winner"": 0.17797239440011356}",smooth_trend_winner,jump_repricing_winner,0.771425721767897,0.11314338300584333,0.3776223776223776,0.0979020979020979
up50pct,validation,up50pct::SZ002415::000000,23,"{""choppy_reversal_winner"": 0.13383196065444264, ""jump_repricing_winner"": 0.10561856277656749, ""late_rescue_winner"": 0.06848814819750003, ""slow_grind_winner"": 0.0, ""smooth_trend_winner"": 0.08778493233417065, ""stair_step_winner"": 0.6042763960373193}",stair_step_winner,choppy_reversal_winner,0.6742877481483994,0.04796713454331517,0.0,0.0
up50pct,train,up50pct::SZ002419::000000,2,"{""choppy_reversal_winner"": 0.11000707568865326, ""jump_repricing_winner"": 0.21293800021374687, ""late_rescue_winner"": 0.05386728570653951, ""slow_grind_winner"": 0.0, ""smooth_trend_winner"": 0.1256978485861319, ""stair_step_winner"": 0.4974897898049284}",stair_step_winner,jump_repricing_winner,0.7465005614335894,0.003225922643882455,0.0,0.0
up50pct,robustness,up50pct::SZ002422::000000,16,"{""choppy_reversal_winner"": 0.2136642128652379, ""jump_repricing_winner"": 0.08155325424600693, ""late_rescue_winner"": 0.146780127549087, ""slow_grind_winner"": 0.0, ""smooth_trend_winner"": 0.05175427885635167, ""stair_step_winner"": 0.5062481264833165}",stair_step_winner,choppy_reversal_winner,0.7331849230509618,0.0871951070077045,0.0,0.0
up50pct,train,up50pct::SZ002434::000000,5,"{""choppy_reversal_winner"": 0.4241774338769947, ""jump_repricing_winner"": 0.010803913507316585, ""late_rescue_winner"": 0.398274558902966, ""slow_grind_winner"": 0.0, ""smooth_trend_winner"": 0.006745422564938609, ""stair_step_winner"": 0.1599986711477842}",choppy_reversal_winner,late_rescue_winner,0.6174283275367254,0.0009609802527004522,0.0,0.0
up50pct,train,up50pct::SZ002440::000000,24,"{""choppy_reversal_winner"": 0.31049742065376473, ""jump_repricing_winner"": 0.01672680037246246, ""late_rescue_winner"": 0.5287977354308876, ""slow_grind_winner"": 0.0, ""smooth_trend_winner"": 0.012518975091177732, ""stair_step_winner"": 0.1314590684517075}",late_rescue_winner,choppy_reversal_winner,0.6083837843091544,0.03721372194223133,0.041666666666666664,0.041666666666666664
up50pct,train,up50pct::SZ002444::000000,74,"{""choppy_reversal_winner"": 0.16555841048756673, ""jump_repricing_winner"": 0.21440563498946305, ""late_rescue_winner"": 0.10372334709646625, ""slow_grind_winner"": 0.0, ""smooth_trend_winner"": 0.2455623317371025, ""stair_step_winner"": 0.27075027568940163}",stair_step_winner,smooth_trend_winner,0.8714988589890026,0.14688079443381194,0.10810810810810811,0.0
up50pct,train,up50pct::SZ002458::000000,8,"{""choppy_reversal_winner"": 0.06515049163486009, ""jump_repricing_winner"": 0.37089296485430834, ""late_rescue_winner"": 0.03856931428551349, ""slow_grind_winner"": 0.0, ""smooth_trend_winner"": 0.3770466059611002, ""stair_step_winner"": 0.14834062326421796}",smooth_trend_winner,jump_repricing_winner,0.7379269743977959,0.12798069104378562,0.625,0.0
up50pct,robustness,up50pct::SZ002459::000000,4,"{""choppy_reversal_winner"": 0.018634918530508283, ""jump_repricing_winner"": 0.32188553205107084, ""late_rescue_winner"": 0.015129062443647204, ""slow_grind_winner"": 0.0, ""smooth_trend_winner"": 0.5836860794418788, ""stair_step_winner"": 0.06066440753289487}",smooth_trend_winner,jump_repricing_winner,0.55072105734432,0.016274400296394795,0.5,0.0
up50pct,robustness,up50pct::SZ002459::000001,28,"{""choppy_reversal_winner"": 0.07270393674204016, ""jump_repricing_winner"": 0.3007263263815685, ""late_rescue_winner"": 0.038286677834193206, ""slow_grind_winner"": 0.0, ""smooth_trend_winner"": 0.233503939946374, ""stair_step_winner"": 0.35477911909582416}",stair_step_winner,jump_repricing_winner,0.7724956767370426,0.0732038347782882,0.0,0.0
up50pct,train,up50pct::SZ002461::000000,104,"{""choppy_reversal_winner"": 0.17712927627071698, ""jump_repricing_winner"": 0.17283974055096668, ""late_rescue_winner"": 0.11900167004221658, ""slow_grind_winner"": 0.0, ""smooth_trend_winner"": 0.16719257031041104, ""stair_step_winner"": 0.3638367428256887}",stair_step_winner,choppy_reversal_winner,0.8540199315423326,0.130248387448796,0.14423076923076922,0.16346153846153846
up50pct,robustness,up50pct::SZ002463::000000,271,"{""choppy_reversal_winner"": 0.23569924626984926, ""jump_repricing_winner"": 0.15363474169760008, ""late_rescue_winner"": 0.14550329977801674, ""slow_grind_winner"": 0.0, ""smooth_trend_winner"": 0.1444011634108898, ""stair_step_winner"": 0.32076154884364416}",stair_step_winner,choppy_reversal_winner,0.866771915060145,0.1319434911041696,0.0996309963099631,0.014760147601476014
up50pct,train,up50pct::SZ002468::000000,8,"{""choppy_reversal_winner"": 0.13505027010061516, ""jump_repricing_winner"": 0.1715096473463764, ""late_rescue_winner"": 0.06676442853216355, ""slow_grind_winner"": 0.0, ""smooth_trend_winner"": 0.1008790116550825, ""stair_step_winner"": 0.5257966423657624}",stair_step_winner,jump_repricing_winner,0.7383152609115192,0.0033138189342612305,0.0,0.0
up50pct,robustness,up50pct::SZ002472::000000,12,"{""choppy_reversal_winner"": 0.1317456309945789, ""jump_repricing_winner"": 0.2574167061680173, ""late_rescue_winner"": 0.08911147243790245, ""slow_grind_winner"": 0.0, ""smooth_trend_winner"": 0.18409013009309824, ""stair_step_winner"": 0.33763606030640325}",stair_step_winner,jump_repricing_winner,0.8427270805470213,0.07230518826134248,0.0,0.16666666666666666
up50pct,robustness,up50pct::SZ002475::000000,167,"{""choppy_reversal_winner"": 0.18806710926100192, ""jump_repricing_winner"": 0.19132420319142127, ""late_rescue_winner"": 0.11307688388140771, ""slow_grind_winner"": 0.0, ""smooth_trend_winner"": 0.2841226928647364, ""stair_step_winner"": 0.22340911080143264}",smooth_trend_winner,stair_step_winner,0.8759510227934181,0.1427897258586133,0.30538922155688625,0.03592814371257485
up50pct,train,up50pct::SZ002481::000000,3,"{""choppy_reversal_winner"": 0.09180228783374832, ""jump_repricing_winner"": 0.17703255959930683, ""late_rescue_winner"": 0.05488271483953581, ""slow_grind_winner"": 0.0, ""smooth_trend_winner"": 0.2864277771758286, ""stair_step_winner"": 0.3898546605515804}",stair_step_winner,smooth_trend_winner,0.7871594624019045,0.11879997277748316,0.3333333333333333,0.0
up50pct,train,up50pct::SZ002491::000000,21,"{""choppy_reversal_winner"": 0.32468112148523953, ""jump_repricing_winner"": 0.007249004630491972, ""late_rescue_winner"": 0.5922956513983872, ""slow_grind_winner"": 0.0, ""smooth_trend_winner"": 0.004473434661551718, ""stair_step_winner"": 0.07130078782432958}",late_rescue_winner,choppy_reversal_winner,0.5155051044657148,0.005551571943516975,1.0,0.0
up50pct,train,up50pct::SZ002493::000000,303,"{""choppy_reversal_winner"": 0.1424243700853914, ""jump_repricing_winner"": 0.20132910716459876, ""late_rescue_winner"": 0.09693732384433956, ""slow_grind_winner"": 0.0, ""smooth_trend_winner"": 0.27336459583105027, ""stair_step_winner"": 0.28594460307462005}",stair_step_winner,smooth_trend_winner,0.8589447308656958,0.13247486747194281,0.25412541254125415,0.09570957095709572
up50pct,train,up50pct::SZ002497::000000,81,"{""choppy_reversal_winner"": 0.11969071687462937, ""jump_repricing_winner"": 0.26361939971446136, ""late_rescue_winner"": 0.0736568711449844, ""slow_grind_winner"": 0.0, ""smooth_trend_winner"": 0.20664900283166954, ""stair_step_winner"": 0.3363840094342553}",stair_step_winner,jump_repricing_winner,0.8315839703324293,0.12192566673896894,0.12345679012345678,0.0
up50pct,train,up50pct::SZ002498::000000,21,"{""choppy_reversal_winner"": 0.2579125140607889, ""jump_repricing_winner"": 0.054914970961887064, ""late_rescue_winner"": 0.4410273768068625, ""slow_grind_winner"": 0.0, ""smooth_trend_winner"": 0.052325205048057696, ""stair_step_winner"": 0.1938199331224039}",late_rescue_winner,choppy_reversal_winner,0.7491589843065459,0.011580391755202396,0.0,0.8571428571428571
up50pct,train,up50pct::SZ002500::000000,23,"{""choppy_reversal_winner"": 0.02597718016553547, ""jump_repricing_winner"": 0.40211572487503483, ""late_rescue_winner"": 0.017129831790443507, ""slow_grind_winner"": 0.0, ""smooth_trend_winner"": 0.5118602601247383, ""stair_step_winner"": 0.04291700304424779}",smooth_trend_winner,jump_repricing_winner,0.5629932291120286,0.07391996451025089,0.6956521739130435,0.13043478260869565
up50pct,train,up50pct::SZ002507::000000,201,"{""choppy_reversal_winner"": 0.1869801372670552, ""jump_repricing_winner"": 0.1675601124002817, ""late_rescue_winner"": 0.10340464661814838, ""slow_grind_winner"": 0.0, ""smooth_trend_winner"": 0.15670634105888726, ""stair_step_winner"": 0.3853487626556275}",stair_step_winner,choppy_reversal_winner,0.8401768584328103,0.12395986110280467,0.07462686567164178,0.0
up50pct,train,up50pct::SZ002508::000000,167,"{""choppy_reversal_winner"": 0.3305820130831775, ""jump_repricing_winner"": 0.034090860076330394, ""late_rescue_winner"": 0.20735591623671973, ""slow_grind_winner"": 0.0, ""smooth_trend_winner"": 0.022465768531295144, ""stair_step_winner"": 0.40550544207247735}",stair_step_winner,choppy_reversal_winner,0.7024572479057195,0.03647828371281992,0.0,0.029940119760479042
up50pct,train,up50pct::SZ002531::000001,4,"{""choppy_reversal_winner"": 0.032743520833319, ""jump_repricing_winner"": 0.48869773519877546, ""late_rescue_winner"": 0.019277332164930924, ""slow_grind_winner"": 0.0, ""smooth_trend_winner"": 0.3472583769432611, ""stair_step_winner"": 0.11202303485971365}",jump_repricing_winner,smooth_trend_winner,0.6421074255922495,0.007878216032980627,0.0,0.0
up50pct,train,up50pct::SZ002555::000000,81,"{""choppy_reversal_winner"": 0.07776008668088098, ""jump_repricing_winner"": 0.2577228706188217, ""late_rescue_winner"": 0.040696594846595324, ""slow_grind_winner"": 0.0, ""smooth_trend_winner"": 0.37591614069709167, ""stair_step_winner"": 0.2479043071566103}",smooth_trend_winner,jump_repricing_winner,0.7768286719643032,0.11309302036462703,0.345679012345679,0.012345679012345678
up50pct,train,up50pct::SZ002563::000000,105,"{""choppy_reversal_winner"": 0.1914089856905389, ""jump_repricing_winner"": 0.10243379805794453, ""late_rescue_winner"": 0.12146781530628249, ""slow_grind_winner"": 0.0, ""smooth_trend_winner"": 0.09524064831207214, ""stair_step_winner"": 0.48944875263316207}",stair_step_winner,choppy_reversal_winner,0.7699549999461136,0.09358601985771764,0.0,0.08571428571428572
up50pct,validation,up50pct::SZ002568::000000,19,"{""choppy_reversal_winner"": 0.14141523663175615, ""jump_repricing_winner"": 0.1803121566025309, ""late_rescue_winner"": 0.07681513717856718, ""slow_grind_winner"": 0.0, ""smooth_trend_winner"": 0.13548453975122887, ""stair_step_winner"": 0.465972929835917}",stair_step_winner,jump_repricing_winner,0.7865380058780547,0.08667599856564552,0.0,0.0
up50pct,train,up50pct::SZ002572::000000,239,"{""choppy_reversal_winner"": 0.22521228151513872, ""jump_repricing_winner"": 0.08779088842627708, ""late_rescue_winner"": 0.1524757156538634, ""slow_grind_winner"": 0.0, ""smooth_trend_winner"": 0.08784974834084143, ""stair_step_winner"": 0.4466713660638794}",stair_step_winner,choppy_reversal_winner,0.7867804704131575,0.09774745127648769,0.07112970711297072,0.012552301255230125
up50pct,train,up50pct::SZ002583::000000,26,"{""choppy_reversal_winner"": 0.3563456322735699, ""jump_repricing_winner"": 0.00917614518334595, ""late_rescue_winner"": 0.542588461748869, ""slow_grind_winner"": 0.0, ""smooth_trend_winner"": 0.005752993376075688, ""stair_step_winner"": 0.08613676741813946}",late_rescue_winner,choppy_reversal_winner,0.5488181426752323,0.008554666961438981,0.34615384615384615,0.0
up50pct,train,up50pct::SZ002585::000000,2,"{""choppy_reversal_winner"": 0.10906837210777034, ""jump_repricing_winner"": 0.2768320786352483, ""late_rescue_winner"": 0.052770984243382474, ""slow_grind_winner"": 0.0, ""smooth_trend_winner"": 0.1998594006814808, ""stair_step_winner"": 0.36146916433211823}",stair_step_winner,jump_repricing_winner,0.8048433446207853,0.11663327807713923,0.0,0.0
up50pct,train,up50pct::SZ002603::000000,90,"{""choppy_reversal_winner"": 0.20606238644850683, ""jump_repricing_winner"": 0.21116687195579836, ""late_rescue_winner"": 0.12805148252316334, ""slow_grind_winner"": 0.0, ""smooth_trend_winner"": 0.18714033346654044, ""stair_step_winner"": 0.26757892560599106}",stair_step_winner,jump_repricing_winner,0.8837421812137488,0.12006026303930029,0.12222222222222222,0.2
up50pct,validation,up50pct::SZ002603::000002,28,"{""choppy_reversal_winner"": 0.0849372712717134, ""jump_repricing_winner"": 0.4342467999830955, ""late_rescue_winner"": 0.0477021568530703, ""slow_grind_winner"": 0.0, ""smooth_trend_winner"": 0.2173797127668471, ""stair_step_winner"": 0.2157340591252738}",jump_repricing_winner,smooth_trend_winner,0.7698751693334982,0.08356086739219425,0.0,0.03571428571428571
up50pct,train,up50pct::SZ002607::000000,192,"{""choppy_reversal_winner"": 0.11405978155424952, ""jump_repricing_winner"": 0.21614218978653374, ""late_rescue_winner"": 0.06911124945671715, ""slow_grind_winner"": 0.0, ""smooth_trend_winner"": 0.21290571138954886, ""stair_step_winner"": 0.38778106781295074}",stair_step_winner,jump_repricing_winner,0.8148871173427142,0.07605721725345048,0.041666666666666664,0.203125
up50pct,train,up50pct::SZ002624::000000,114,"{""choppy_reversal_winner"": 0.17545968400175796, ""jump_repricing_winner"": 0.21333146467431344, ""late_rescue_winner"": 0.10852800464524633, ""slow_grind_winner"": 0.0, ""smooth_trend_winner"": 0.23183840948183013, ""stair_step_winner"": 0.2708424371968521}",stair_step_winner,smooth_trend_winner,0.8754591369377528,0.1359947408976532,0.23684210526315788,0.15789473684210525
up50pct,train,up50pct::SZ002626::000000,1,"{""choppy_reversal_winner"": 0.01287743150120243, ""jump_repricing_winner"": 0.329203810395549, ""late_rescue_winner"": 0.009614498287478861, ""slow_grind_winner"": 0.0, ""smooth_trend_winner"": 0.6029977703999178, ""stair_step_winner"": 0.04530648941585184}",smooth_trend_winner,jump_repricing_winner,0.5088212541606871,0.0,1.0,0.0
up50pct,train,up50pct::SZ002626::000001,8,"{""choppy_reversal_winner"": 0.13077929224505383, ""jump_repricing_winner"": 0.19883815571993632, ""late_rescue_winner"": 0.06570228531783352, ""slow_grind_winner"": 0.0, ""smooth_trend_winner"": 0.11619005067866403, ""stair_step_winner"": 0.4884902160385123}",stair_step_winner,jump_repricing_winner,0.7624739064944445,0.023649961601417375,0.0,0.0
up50pct,train,up50pct::SZ002647::000000,62,"{""choppy_reversal_winner"": 0.018191538187344293, ""jump_repricing_winner"": 0.28375382017564554, ""late_rescue_winner"": 0.012540448104878863, ""slow_grind_winner"": 0.0, ""smooth_trend_winner"": 0.6194919434885039, ""stair_step_winner"": 0.06602225004362729}",smooth_trend_winner,jump_repricing_winner,0.5365184055529882,0.019798547772672034,0.46774193548387094,0.0
up50pct,train,up50pct::SZ002673::000000,6,"{""choppy_reversal_winner"": 0.01098004922119186, ""jump_repricing_winner"": 0.3958710635740362, ""late_rescue_winner"": 0.006833448854302037, ""slow_grind_winner"": 0.0, ""smooth_trend_winner"": 0.541636702597007, ""stair_step_winner"": 0.04467873575346289}",smooth_trend_winner,jump_repricing_winner,0.5142614896467933,0.025357950556361867,0.5,0.0
up50pct,train,up50pct::SZ002673::000001,10,"{""choppy_reversal_winner"": 0.2230550259256277, ""jump_repricing_winner"": 0.17856418697923943, ""late_rescue_winner"": 0.11809409311925745, ""slow_grind_winner"": 0.0, ""smooth_trend_winner"": 0.08288026979310441, ""stair_step_winner"": 0.39740642418277095}",stair_step_winner,choppy_reversal_winner,0.8191373730958675,0.011047871779276519,0.0,0.0
up50pct,train,up50pct::SZ002705::000000,62,"{""choppy_reversal_winner"": 0.11051356022954316, ""jump_repricing_winner"": 0.2579838323724458, ""late_rescue_winner"": 0.05501719324907763, ""slow_grind_winner"": 0.0, ""smooth_trend_winner"": 0.3495121116595513, ""stair_step_winner"": 0.2269733024893821}",smooth_trend_winner,jump_repricing_winner,0.8128900753431801,0.12738158299441452,0.4032258064516129,0.0
up50pct,robustness,up50pct::SZ002709::000000,264,"{""choppy_reversal_winner"": 0.17170239313064067, ""jump_repricing_winner"": 0.21643428176362686, ""late_rescue_winner"": 0.15739140490637676, ""slow_grind_winner"": 0.0, ""smooth_trend_winner"": 0.23425678055307658, ""stair_step_winner"": 0.22021513964627917}",smooth_trend_winner,stair_step_winner,0.8918653433990966,0.1394768998059962,0.25757575757575757,0.1856060606060606
up50pct,robustness,up50pct::SZ002714::000000,45,"{""choppy_reversal_winner"": 0.0749368187793419, ""jump_repricing_winner"": 0.2769300925182425, ""late_rescue_winner"": 0.04088235785309165, ""slow_grind_winner"": 0.0, ""smooth_trend_winner"": 0.24445814093538587, ""stair_step_winner"": 0.36279258991393804}",stair_step_winner,jump_repricing_winner,0.7772601845323304,0.045795683853635034,0.0,0.0
up50pct,train,up50pct::SZ002737::000000,3,"{""choppy_reversal_winner"": 0.3287872234576212, ""jump_repricing_winner"": 0.01601650704640308, ""late_rescue_winner"": 0.5174145445761343, ""slow_grind_winner"": 0.0, ""smooth_trend_winner"": 0.010453997634858722, ""stair_step_winner"": 0.12732772728498273}",late_rescue_winner,choppy_reversal_winner,0.6044163555207042,0.0030570581789991207,0.0,0.0
up50pct,train,up50pct::SZ002739::000000,39,"{""choppy_reversal_winner"": 0.24647051509201887, ""jump_repricing_winner"": 0.1718282980273866, ""late_rescue_winner"": 0.13878987256530068, ""slow_grind_winner"": 0.0, ""smooth_trend_winner"": 0.19583984592464737, ""stair_step_winner"": 0.24707146839064656}",stair_step_winner,choppy_reversal_winner,0.885517607356042,0.13994591746780324,0.23076923076923078,0.0
up50pct,train,up50pct::SZ002745::000000,34,"{""choppy_reversal_winner"": 0.3053324408916574, ""jump_repricing_winner"": 0.10711690689678093, ""late_rescue_winner"": 0.15889037890585367, ""slow_grind_winner"": 0.0, ""smooth_trend_winner"": 0.11742905290181731, ""stair_step_winner"": 0.3112312204038908}",stair_step_winner,choppy_reversal_winner,0.8419645519887048,0.11442663247904805,0.11764705882352941,0.0
up50pct,train,up50pct::SZ002755::000000,67,"{""choppy_reversal_winner"": 0.32273788678429216, ""jump_repricing_winner"": 0.012554639786608342, ""late_rescue_winner"": 0.5336230505686235, ""slow_grind_winner"": 0.0, ""smooth_trend_winner"": 0.008757793746330064, ""stair_step_winner"": 0.12232662911414573}",late_rescue_winner,choppy_reversal_winner,0.5880296833711244,0.03770504152880468,0.2835820895522388,0.0
up50pct,robustness,up50pct::SZ002773::000000,4,"{""choppy_reversal_winner"": 0.02826268585986538, ""jump_repricing_winner"": 0.43510600073619904, ""late_rescue_winner"": 0.015429742883551128, ""slow_grind_winner"": 0.0, ""smooth_trend_winner"": 0.40377652053221136, ""stair_step_winner"": 0.1174250499881732}",jump_repricing_winner,smooth_trend_winner,0.6390015591115508,0.047930076244795755,0.25,0.0
up50pct,train,up50pct::SZ002791::000000,154,"{""choppy_reversal_winner"": 0.1120282671704283, ""jump_repricing_winner"": 0.24252813200949683, ""late_rescue_winner"": 0.07976264584590499, ""slow_grind_winner"": 0.0, ""smooth_trend_winner"": 0.30990165787470186, ""stair_step_winner"": 0.25577929709946806}",smooth_trend_winner,stair_step_winner,0.8384441680890425,0.13066868403567364,0.3181818181818182,0.21428571428571427
up50pct,train,up50pct::SZ002791::000001,3,"{""choppy_reversal_winner"": 0.0830882688523252, ""jump_repricing_winner"": 0.25549197813171554, ""late_rescue_winner"": 0.04512463252116119, ""slow_grind_winner"": 0.0, ""smooth_trend_winner"": 0.20823945435151345, ""stair_step_winner"": 0.40805566614328476}",stair_step_winner,jump_repricing_winner,0.7744679864466034,0.0319855076800143,0.0,0.0
up50pct,train,up50pct::SZ002797::000000,188,"{""choppy_reversal_winner"": 0.21807462322870677, ""jump_repricing_winner"": 0.18307859988643865, ""late_rescue_winner"": 0.15315578335016858, ""slow_grind_winner"": 0.0, ""smooth_trend_winner"": 0.1550304762618779, ""stair_step_winner"": 0.29066051727280806}",stair_step_winner,choppy_reversal_winner,0.880950540057277,0.12222176475942337,0.13297872340425532,0.05851063829787234
up50pct,robustness,up50pct::SZ002812::000000,121,"{""choppy_reversal_winner"": 0.18071649779058235, ""jump_repricing_winner"": 0.1896204741410448, ""late_rescue_winner"": 0.1217331763925899, ""slow_grind_winner"": 0.0, ""smooth_trend_winner"": 0.15526491572455708, ""stair_step_winner"": 0.3526649359512258}",stair_step_winner,jump_repricing_winner,0.858141596808842,0.12202987771730095,0.11570247933884298,0.2066115702479339
up50pct,robustness,up50pct::SZ002821::000000,127,"{""choppy_reversal_winner"": 0.30261728378779384, ""jump_repricing_winner"": 0.09326384444804794, ""late_rescue_winner"": 0.17887614091981233, ""slow_grind_winner"": 0.0, ""smooth_trend_winner"": 0.06513185881181885, ""stair_step_winner"": 0.36011087203252723}",stair_step_winner,choppy_reversal_winner,0.8017355711188854,0.08750411684835348,0.05511811023622047,0.11811023622047244
up50pct,robustness,up50pct::SZ002837::000000,114,"{""choppy_reversal_winner"": 0.140268344628109, ""jump_repricing_winner"": 0.2557432639791968, ""late_rescue_winner"": 0.08928281380513184, ""slow_grind_winner"": 0.0, ""smooth_trend_winner"": 0.26159204504010697, ""stair_step_winner"": 0.2531135325474554}",smooth_trend_winner,jump_repricing_winner,0.8586464166776326,0.1221376806729988,0.23684210526315788,0.2719298245614035
up50pct,train,up50pct::SZ002841::000000,8,"{""choppy_reversal_winner"": 0.050351435929359124, ""jump_repricing_winner"": 0.45225998634827236, ""late_rescue_winner"": 0.027941544246661502, ""slow_grind_winner"": 0.0, ""smooth_trend_winner"": 0.25504899809719667, ""stair_step_winner"": 0.21439803537851032}",jump_repricing_winner,smooth_trend_winner,0.7188176721784022,0.06964507250525899,0.0,0.0
up50pct,robustness,up50pct::SZ002850::000000,135,"{""choppy_reversal_winner"": 0.19176359265033735, ""jump_repricing_winner"": 0.15371173549558678, ""late_rescue_winner"": 0.10534516086785366, ""slow_grind_winner"": 0.0, ""smooth_trend_winner"": 0.21322221384229276, ""stair_step_winner"": 0.33595729714392947}",stair_step_winner,smooth_trend_winner,0.8581506327499013,0.12788754349300685,0.16296296296296298,0.0
up50pct,robustness,up50pct::SZ002851::000000,116,"{""choppy_reversal_winner"": 0.19025890870754303, ""jump_repricing_winner"": 0.18050550017319122, ""late_rescue_winner"": 0.11184925786180407, ""slow_grind_winner"": 0.0, ""smooth_trend_winner"": 0.14665853703642365, ""stair_step_winner"": 0.3707277962210381}",stair_step_winner,choppy_reversal_winner,0.847855296236897,0.107762290473578,0.06896551724137931,0.017241379310344827
up50pct,validation,up50pct::SZ002865::000000,1,"{""choppy_reversal_winner"": 0.11822960423528293, ""jump_repricing_winner"": 0.27043875338443435, ""late_rescue_winner"": 0.06558900951801679, ""slow_grind_winner"": 0.0, ""smooth_trend_winner"": 0.15818492682639196, ""stair_step_winner"": 0.3875577060358741}",stair_step_winner,jump_repricing_winner,0.8058177374133256,0.0,0.0,0.0
up50pct,train,up50pct::SZ002867::000000,38,"{""choppy_reversal_winner"": 0.3086666995086387, ""jump_repricing_winner"": 0.07952945836767789, ""late_rescue_winner"": 0.16308949181651994, ""slow_grind_winner"": 0.0, ""smooth_trend_winner"": 0.041750860160994774, ""stair_step_winner"": 0.4069634901461687}",stair_step_winner,choppy_reversal_winner,0.7581405856194545,0.030144888013873546,0.0,0.02631578947368421
up50pct,validation,up50pct::SZ002920::000001,55,"{""choppy_reversal_winner"": 0.160521092773789, ""jump_repricing_winner"": 0.2857030383492547, ""late_rescue_winner"": 0.08587607921604508, ""slow_grind_winner"": 0.0, ""smooth_trend_winner"": 0.14952707536562215, ""stair_step_winner"": 0.3183727142952891}",stair_step_winner,jump_repricing_winner,0.843260100403122,0.10787066686459196,0.05454545454545454,0.03636363636363636
up50pct,robustness,up50pct::SZ002920::000002,37,"{""choppy_reversal_winner"": 0.11749622745775024, ""jump_repricing_winner"": 0.2671384757822165, ""late_rescue_winner"": 0.08404728932113889, ""slow_grind_winner"": 0.0, ""smooth_trend_winner"": 0.41284824037592355, ""stair_step_winner"": 0.1184697670629707}",smooth_trend_winner,jump_repricing_winner,0.798263886501718,0.12511462967945455,0.10810810810810811,0.0
up50pct,train,up50pct::SZ002926::000000,29,"{""choppy_reversal_winner"": 0.26686076185603363, ""jump_repricing_winner"": 0.09863231942279894, ""late_rescue_winner"": 0.1525875045577272, ""slow_grind_winner"": 0.0, ""smooth_trend_winner"": 0.11459439239294952, ""stair_step_winner"": 0.36732502177049076}",stair_step_winner,choppy_reversal_winner,0.8282342873636114,0.11415124644358832,0.10344827586206896,0.034482758620689655
up50pct,train,up50pct::SZ002939::000000,10,"{""choppy_reversal_winner"": 0.010108511967908681, ""jump_repricing_winner"": 0.30938107035296253, ""late_rescue_winner"": 0.008096362627599218, ""slow_grind_winner"": 0.0, ""smooth_trend_winner"": 0.6389026366322922, ""stair_step_winner"": 0.0335114184192374}",smooth_trend_winner,jump_repricing_winner,0.4735167555413342,0.006621795375012267,0.5,0.5
up50pct,train,up50pct::SZ002939::000001,2,"{""choppy_reversal_winner"": 0.019742494134612883, ""jump_repricing_winner"": 0.4122077011540613, ""late_rescue_winner"": 0.01063398595740186, ""slow_grind_winner"": 0.0, ""smooth_trend_winner"": 0.4669500100969236, ""stair_step_winner"": 0.09046580865700045}",smooth_trend_winner,jump_repricing_winner,0.5938766790069384,0.021777072085930705,0.0,0.0
up50pct,train,up50pct::SZ002945::000000,8,"{""choppy_reversal_winner"": 0.04331244588668624, ""jump_repricing_winner"": 0.4083251688031721, ""late_rescue_winner"": 0.024656584661200902, ""slow_grind_winner"": 0.0, ""smooth_trend_winner"": 0.3792357607656248, ""stair_step_winner"": 0.14447003988331591}",jump_repricing_winner,smooth_trend_winner,0.6921747585340313,0.05157914148181824,0.125,0.0
up50pct,robustness,up50pct::SZ002966::000000,1,"{""choppy_reversal_winner"": 0.21067825293365394, ""jump_repricing_winner"": 0.03524063585327015, ""late_rescue_winner"": 0.12812810763605623, ""slow_grind_winner"": 0.0, ""smooth_trend_winner"": 0.027290136058324307, ""stair_step_winner"": 0.5986628675186952}",stair_step_winner,choppy_reversal_winner,0.6221307758770188,0.0,0.0,0.0
up50pct,train,up50pct::SZ002985::000001,27,"{""choppy_reversal_winner"": 0.1897163305355124, ""jump_repricing_winner"": 0.20226728458735413, ""late_rescue_winner"": 0.10180822143771648, ""slow_grind_winner"": 0.0, ""smooth_trend_winner"": 0.2843525981674328, ""stair_step_winner"": 0.22185556527198422}",smooth_trend_winner,stair_step_winner,0.8722401763943931,0.157763368088939,0.2962962962962963,0.0
up50pct,train,up50pct::SZ003022::000000,65,"{""choppy_reversal_winner"": 0.017272102966131044, ""jump_repricing_winner"": 0.4311075754762618, ""late_rescue_winner"": 0.009641068536975071, ""slow_grind_winner"": 0.0, ""smooth_trend_winner"": 0.47258493049944983, ""stair_step_winner"": 0.06939432252118229}",smooth_trend_winner,jump_repricing_winner,0.5675686870810545,0.05348078254444563,0.5846153846153846,0.03076923076923077
up50pct,validation,up50pct::SZ003031::000000,6,"{""choppy_reversal_winner"": 0.4089771269482832, ""jump_repricing_winner"": 0.013895840572423998, ""late_rescue_winner"": 0.3851996202870496, ""slow_grind_winner"": 0.0, ""smooth_trend_winner"": 0.008937965575415173, ""stair_step_winner"": 0.18298944661682803}",choppy_reversal_winner,late_rescue_winner,0.6393179434998623,0.001425470361666132,0.0,1.0
up50pct,validation,up50pct::SZ003035::000000,16,"{""choppy_reversal_winner"": 0.3099986697625575, ""jump_repricing_winner"": 0.02500637844915611, ""late_rescue_winner"": 0.4835023251446427, ""slow_grind_winner"": 0.0, ""smooth_trend_winner"": 0.018634767298987078, ""stair_step_winner"": 0.1628578593446566}",late_rescue_winner,choppy_reversal_winner,0.6565895832905364,0.014395385735218905,0.0,0.0
up50pct,train,up50pct::SZ300001::000000,283,"{""choppy_reversal_winner"": 0.21351882049119383, ""jump_repricing_winner"": 0.19660823498829508, ""late_rescue_winner"": 0.14094647184563242, ""slow_grind_winner"": 0.0, ""smooth_trend_winner"": 0.17125935542836207, ""stair_step_winner"": 0.27766711724651655}",stair_step_winner,choppy_reversal_winner,0.8838363488565494,0.13997070518676552,0.127208480565371,0.007067137809187279
up50pct,robustness,up50pct::SZ300002::000002,2,"{""choppy_reversal_winner"": 0.06588073059791663, ""jump_repricing_winner"": 0.2876316504700437, ""late_rescue_winner"": 0.03755151653833444, ""slow_grind_winner"": 0.0, ""smooth_trend_winner"": 0.2738118779000913, ""stair_step_winner"": 0.3351242244936139}",stair_step_winner,jump_repricing_winner,0.7712497238904612,0.01649890315262199,0.0,0.0
up50pct,robustness,up50pct::SZ300003::000000,146,"{""choppy_reversal_winner"": 0.184169806041521, ""jump_repricing_winner"": 0.2480677740378511, ""late_rescue_winner"": 0.11584421225315483, ""slow_grind_winner"": 0.0, ""smooth_trend_winner"": 0.18527932816981973, ""stair_step_winner"": 0.26663887949765336}",stair_step_winner,jump_repricing_winner,0.8773160138815281,0.12942657163863194,0.0410958904109589,0.0273972602739726
up50pct,train,up50pct::SZ300004::000000,5,"{""choppy_reversal_winner"": 0.33245005304764974, ""jump_repricing_winner"": 0.009401991430361061, ""late_rescue_winner"": 0.5622568741198688, ""slow_grind_winner"": 0.0, ""smooth_trend_winner"": 0.006181680396434376, ""stair_step_winner"": 0.08970940100568614}",late_rescue_winner,choppy_reversal_winner,0.5477774356729175,0.012223768668180654,0.8,0.0
up50pct,train,up50pct::SZ300006::000000,23,"{""choppy_reversal_winner"": 0.3216421404589193, ""jump_repricing_winner"": 0.03440651861048704, ""late_rescue_winner"": 0.39725313117872063, ""slow_grind_winner"": 0.0, ""smooth_trend_winner"": 0.025933006605400582, ""stair_step_winner"": 0.22076520314647238}",late_rescue_winner,choppy_reversal_winner,0.7119969685901555,0.029781378111620137,0.0,0.0
up50pct,train,up50pct::SZ300008::000000,21,"{""choppy_reversal_winner"": 0.3922055230100872, ""jump_repricing_winner"": 0.01373042436357059, ""late_rescue_winner"": 0.4819132623852925, ""slow_grind_winner"": 0.0, ""smooth_trend_winner"": 0.00796318003119971, ""stair_step_winner"": 0.10418761020985007}",late_rescue_winner,choppy_reversal_winner,0.5870625830983819,0.010495174458356023,0.0,0.0
up50pct,train,up50pct::SZ300008::000001,71,"{""choppy_reversal_winner"": 0.29955229747757023, ""jump_repricing_winner"": 0.01774284943372238, ""late_rescue_winner"": 0.545897303044296, ""slow_grind_winner"": 0.0, ""smooth_trend_winner"": 0.013252088081929113, ""stair_step_winner"": 0.12355546196248228}",late_rescue_winner,choppy_reversal_winner,0.6020559984430833,0.024428716063832918,0.30985915492957744,0.056338028169014086
up50pct,train,up50pct::SZ300010::000000,70,"{""choppy_reversal_winner"": 0.041610294479331636, ""jump_repricing_winner"": 0.3566464640852069, ""late_rescue_winner"": 0.026531775248048898, ""slow_grind_winner"": 0.0, ""smooth_trend_winner"": 0.4805311309219532, ""stair_step_winner"": 0.0946803352654593}",smooth_trend_winner,jump_repricing_winner,0.6539079409695087,0.09004413723759647,0.5714285714285714,0.0
up50pct,train,up50pct::SZ300010::000001,2,"{""choppy_reversal_winner"": 0.33383002535445444, ""jump_repricing_winner"": 0.016079341636859916, ""late_rescue_winner"": 0.5315237044505616, ""slow_grind_winner"": 0.0, ""smooth_trend_winner"": 0.010760217165623424, ""stair_step_winner"": 0.10780671139250064}",late_rescue_winner,choppy_reversal_winner,0.5901938566205024,0.009064954981024234,0.0,0.0
up50pct,train,up50pct::SZ300012::000000,148,"{""choppy_reversal_winner"": 0.12927705061686265, ""jump_repricing_winner"": 0.17185929801456007, ""late_rescue_winner"": 0.07285639443902545, ""slow_grind_winner"": 0.0, ""smooth_trend_winner"": 0.16512147533672128, ""stair_step_winner"": 0.4608857815928305}",stair_step_winner,jump_repricing_winner,0.7882548638912105,0.09788754072879331,0.06756756756756757,0.0
up50pct,robustness,up50pct::SZ300012::000001,47,"{""choppy_reversal_winner"": 0.14492897022905302, ""jump_repricing_winner"": 0.21240548419275618, ""late_rescue_winner"": 0.09251328746308218, ""slow_grind_winner"": 0.0, ""smooth_trend_winner"": 0.12547845075035477, ""stair_step_winner"": 0.4246738073647538}",stair_step_winner,jump_repricing_winner,0.811142694407875,0.06274211568568402,0.02127659574468085,0.06382978723404255
up50pct,robustness,up50pct::SZ300015::000000,25,"{""choppy_reversal_winner"": 0.10061784400705463, ""jump_repricing_winner"": 0.46875718228654095, ""late_rescue_winner"": 0.05994774261846527, ""slow_grind_winner"": 0.0, ""smooth_trend_winner"": 0.16830355817882886, ""stair_step_winner"": 0.20237367290911024}",jump_repricing_winner,stair_step_winner,0.7691710075259295,0.025596113822897077,0.0,0.0
up50pct,train,up50pct::SZ300020::000000,29,"{""choppy_reversal_winner"": 0.2819523444856892, ""jump_repricing_winner"": 0.08287524332254058, ""late_rescue_winner"": 0.1646457977580263, ""slow_grind_winner"": 0.0, ""smooth_trend_winner"": 0.1560770799963551, ""stair_step_winner"": 0.3144495344373889}",stair_step_winner,choppy_reversal_winner,0.8450128914297874,0.13387202310573806,0.20689655172413793,0.06896551724137931
up50pct,train,up50pct::SZ300026::000000,304,"{""choppy_reversal_winner"": 0.17171782386820011, ""jump_repricing_winner"": 0.27691162330715385, ""late_rescue_winner"": 0.14458602164619858, ""slow_grind_winner"": 0.0, ""smooth_trend_winner"": 0.185936642290371, ""stair_step_winner"": 0.22084788888807647}",jump_repricing_winner,stair_step_winner,0.8840948127589513,0.12503652199508236,0.08881578947368421,0.25
up50pct,train,up50pct::SZ300027::000000,136,"{""choppy_reversal_winner"": 0.21322350752323793, ""jump_repricing_winner"": 0.20596673134672758, ""late_rescue_winner"": 0.11173588612924648, ""slow_grind_winner"": 0.0, ""smooth_trend_winner"": 0.19876574340536923, ""stair_step_winner"": 0.2703081315954188}",stair_step_winner,choppy_reversal_winner,0.8787917686876893,0.15241982886625383,0.19852941176470587,0.007352941176470588
up50pct,train,up50pct::SZ300031::000000,155,"{""choppy_reversal_winner"": 0.29560998699534435, ""jump_repricing_winner"": 0.06651234427961379, ""late_rescue_winner"": 0.33392415901713124, ""slow_grind_winner"": 0.0, ""smooth_trend_winner"": 0.063656063329213, ""stair_step_winner"": 0.24029744637869768}",late_rescue_winner,choppy_reversal_winner,0.7951731633527663,0.11203876253884522,0.2,0.11612903225806452
up50pct,robustness,up50pct::SZ300033::000001,52,"{""choppy_reversal_winner"": 0.04725026932667426, ""jump_repricing_winner"": 0.4624787536144878, ""late_rescue_winner"": 0.028840921679719776, ""slow_grind_winner"": 0.0, ""smooth_trend_winner"": 0.35137256500406155, ""stair_step_winner"": 0.1100574903750565}",jump_repricing_winner,smooth_trend_winner,0.6772707754802831,0.09346958249316557,0.6923076923076923,0.057692307692307696
up50pct,train,up50pct::SZ300035::000000,39,"{""choppy_reversal_winner"": 0.07898252869643117, ""jump_repricing_winner"": 0.38953301894558345, ""late_rescue_winner"": 0.044066450009692386, ""slow_grind_winner"": 0.0, ""smooth_trend_winner"": 0.3286478930224655, ""stair_step_winner"": 0.15877010932582758}",jump_repricing_winner,smooth_trend_winner,0.7608303343151334,0.09006907479437894,0.3333333333333333,0.15384615384615385
up50pct,train,up50pct::SZ300036::000000,135,"{""choppy_reversal_winner"": 0.221546027291993, ""jump_repricing_winner"": 0.18794768287916055, ""late_rescue_winner"": 0.1322058900297302, ""slow_grind_winner"": 0.0, ""smooth_trend_winner"": 0.147872753882427, ""stair_step_winner"": 0.31042764591668925}",stair_step_winner,choppy_reversal_winner,0.8714105499343419,0.13116350473461577,0.044444444444444446,0.02962962962962963
up50pct,robustness,up50pct::SZ300037::000000,210,"{""choppy_reversal_winner"": 0.16142791502944517, ""jump_repricing_winner"": 0.20433779039944472, ""late_rescue_winner"": 0.11328196865058855, ""slow_grind_winner"": 0.0, ""smooth_trend_winner"": 0.16276992809766144, ""stair_step_winner"": 0.35818239782286004}",stair_step_winner,jump_repricing_winner,0.8532618012156686,0.1228718574639533,0.12857142857142856,0.0761904761904762
up50pct,train,up50pct::SZ300039::000000,48,"{""choppy_reversal_winner"": 0.3772322965835251, ""jump_repricing_winner"": 0.02343097180050392, ""late_rescue_winner"": 0.40410415416067225, ""slow_grind_winner"": 0.0, ""smooth_trend_winner"": 0.01476996417904831, ""stair_step_winner"": 0.18046261327625043}",late_rescue_winner,choppy_reversal_winner,0.6658916170649974,0.05868385142420297,0.0,0.0
up50pct,train,up50pct::SZ300043::000000,71,"{""choppy_reversal_winner"": 0.330126543404358, ""jump_repricing_winner"": 0.013270972886205719, ""late_rescue_winner"": 0.5640375200152654, ""slow_grind_winner"": 0.0, ""smooth_trend_winner"": 0.014721970260699452, ""stair_step_winner"": 0.07784299343347131}",late_rescue_winner,choppy_reversal_winner,0.562051184132809,0.04060620420182489,0.5070422535211268,0.014084507042253521
up50pct,train,up50pct::SZ300045::000000,102,"{""choppy_reversal_winner"": 0.30141834147347846, ""jump_repricing_winner"": 0.06087916789480214, ""late_rescue_winner"": 0.42255364815724816, ""slow_grind_winner"": 0.0, ""smooth_trend_winner"": 0.03935714880200708, ""stair_step_winner"": 0.17579169367246417}",late_rescue_winner,choppy_reversal_winner,0.7416195956938232,0.09629659992876742,0.029411764705882353,0.0
up50pct,robustness,up50pct::SZ300045::000001,18,"{""choppy_reversal_winner"": 0.33651862875522753, ""jump_repricing_winner"": 0.046018009704716076, ""late_rescue_winner"": 0.39743153251905394, ""slow_grind_winner"": 0.0, ""smooth_trend_winner"": 0.02536659594053918, ""stair_step_winner"": 0.19466523308046335}",late_rescue_winner,choppy_reversal_winner,0.7181055246808284,0.05461094333033257,0.0,0.05555555555555555
up50pct,train,up50pct::SZ300047::000000,62,"{""choppy_reversal_winner"": 0.3541620401099369, ""jump_repricing_winner"": 0.008871106201372147, ""late_rescue_winner"": 0.5435784958969975, ""slow_grind_winner"": 0.0, ""smooth_trend_winner"": 0.005256971170481204, ""stair_step_winner"": 0.08813138662121227}",late_rescue_winner,choppy_reversal_winner,0.5483691129649635,0.030997353090689548,0.3870967741935484,0.0
up50pct,train,up50pct::SZ300053::000000,228,"{""choppy_reversal_winner"": 0.3580768875119165, ""jump_repricing_winner"": 0.02705340463772327, ""late_rescue_winner"": 0.4336091070954081, ""slow_grind_winner"": 0.0, ""smooth_trend_winner"": 0.02061710446684138, ""stair_step_winner"": 0.16064349628811067}",late_rescue_winner,choppy_reversal_winner,0.6705773739063186,0.07324105723357971,0.05263157894736842,0.008771929824561403
up50pct,robustness,up50pct::SZ300054::000000,270,"{""choppy_reversal_winner"": 0.16305593707797197, ""jump_repricing_winner"": 0.1440347515843815, ""late_rescue_winner"": 0.10348892631525776, ""slow_grind_winner"": 0.0, ""smooth_trend_winner"": 0.08962382933721312, ""stair_step_winner"": 0.49979655568517567}",stair_step_winner,choppy_reversal_winner,0.7659444484890844,0.07505570819936946,0.0,0.07037037037037037
up50pct,train,up50pct::SZ300055::000000,61,"{""choppy_reversal_winner"": 0.40498896205113544, ""jump_repricing_winner"": 0.023977837767105888, ""late_rescue_winner"": 0.4282058235204653, ""slow_grind_winner"": 0.0, ""smooth_trend_winner"": 0.012648031177910971, ""stair_step_winner"": 0.13017934548338247}",late_rescue_winner,choppy_reversal_winner,0.6359076705916956,0.05030350832857871,0.01639344262295082,0.0
up50pct,train,up50pct::SZ300066::000000,27,"{""choppy_reversal_winner"": 0.32254549433555735, ""jump_repricing_winner"": 0.02737618985466766, ""late_rescue_winner"": 0.41095859930947704, ""slow_grind_winner"": 0.0, ""smooth_trend_winner"": 0.01930256659928709, ""stair_step_winner"": 0.21981714990101084}",late_rescue_winner,choppy_reversal_winner,0.6910118322764595,0.04464150311094486,0.07407407407407407,0.0
up50pct,train,up50pct::SZ300070::000000,56,"{""choppy_reversal_winner"": 0.08240531281512772, ""jump_repricing_winner"": 0.29882073618553934, ""late_rescue_winner"": 0.04500033409685782, ""slow_grind_winner"": 0.0, ""smooth_trend_winner"": 0.2801526836849454, ""stair_step_winner"": 0.2936209332175297}",jump_repricing_winner,stair_step_winner,0.7939043335906312,0.09258207100216649,0.08928571428571429,0.0
up50pct,robustness,up50pct::SZ300070::000001,2,"{""choppy_reversal_winner"": 0.01819991993760369, ""jump_repricing_winner"": 0.6117518393821914, ""late_rescue_winner"": 0.011014774648334842, ""slow_grind_winner"": 0.0, ""smooth_trend_winner"": 0.3114272180811589, ""stair_step_winner"": 0.047606247950711195}",jump_repricing_winner,smooth_trend_winner,0.5198613621856217,0.003517579597227955,0.5,0.5
up50pct,train,up50pct::SZ300072::000000,4,"{""choppy_reversal_winner"": 0.018076578973217346, ""jump_repricing_winner"": 0.4620700333779265, ""late_rescue_winner"": 0.010604414369870722, ""slow_grind_winner"": 0.0, ""smooth_trend_winner"": 0.45075479389917794, ""stair_step_winner"": 0.05849417937980754}",jump_repricing_winner,smooth_trend_winner,0.559630517930942,0.06532348533235964,0.5,0.0
up50pct,train,up50pct::SZ300072::000001,211,"{""choppy_reversal_winner"": 0.2163540852779829, ""jump_repricing_winner"": 0.20654834924072557, ""late_rescue_winner"": 0.15273961568555827, ""slow_grind_winner"": 0.0, ""smooth_trend_winner"": 0.16335641737999712, ""stair_step_winner"": 0.26100153241573615}",stair_step_winner,choppy_reversal_winner,0.8876938635974037,0.1422761195026557,0.13744075829383887,0.018957345971563982
up50pct,train,up50pct::SZ300079::000000,168,"{""choppy_reversal_winner"": 0.3571532244633564, ""jump_repricing_winner"": 0.06952272983099052, ""late_rescue_winner"": 0.30533118703990353, ""slow_grind_winner"": 0.0, ""smooth_trend_winner"": 0.07523216498626052, ""stair_step_winner"": 0.192760693679489}",choppy_reversal_winner,late_rescue_winner,0.7965858723269051,0.1014106795148722,0.047619047619047616,0.02976190476190476
up50pct,train,up50pct::SZ300081::000000,24,"{""choppy_reversal_winner"": 0.31115064276830373, ""jump_repricing_winner"": 0.03696021362944311, ""late_rescue_winner"": 0.43118682672110875, ""slow_grind_winner"": 0.0, ""smooth_trend_winner"": 0.0260457893765694, ""stair_step_winner"": 0.19465652750457493}",late_rescue_winner,choppy_reversal_winner,0.7040258082409846,0.012385506837226454,0.0,0.0
up50pct,train,up50pct::SZ300082::000000,2,"{""choppy_reversal_winner"": 0.2065924513221514, ""jump_repricing_winner"": 0.14117877549851138, ""late_rescue_winner"": 0.12145747351775062, ""slow_grind_winner"": 0.0, ""smooth_trend_winner"": 0.07547638247139028, ""stair_step_winner"": 0.4552949171901963}",stair_step_winner,choppy_reversal_winner,0.7877729775042486,0.013763389800892778,0.0,0.0
up50pct,train,up50pct::SZ300085::000000,357,"{""choppy_reversal_winner"": 0.3038861286895112, ""jump_repricing_winner"": 0.07521432969478335, ""late_rescue_winner"": 0.3543433625298455, ""slow_grind_winner"": 0.0, ""smooth_trend_winner"": 0.08007390737656794, ""stair_step_winner"": 0.18648227170929196}",late_rescue_winner,choppy_reversal_winner,0.8034282787787415,0.11557274753628362,0.10084033613445378,0.047619047619047616
up50pct,robustness,up50pct::SZ300085::000001,58,"{""choppy_reversal_winner"": 0.1289574092228877, ""jump_repricing_winner"": 0.3003546438522319, ""late_rescue_winner"": 0.07842054094660739, ""slow_grind_winner"": 0.0, ""smooth_trend_winner"": 0.1764020538629688, ""stair_step_winner"": 0.3158653521153043}",stair_step_winner,jump_repricing_winner,0.8344357030078597,0.11586308927223232,0.1206896551724138,0.08620689655172414
up50pct,train,up50pct::SZ300087::000000,54,"{""choppy_reversal_winner"": 0.08891953501462878, ""jump_repricing_winner"": 0.4028641856873981, ""late_rescue_winner"": 0.052340565674427214, ""slow_grind_winner"": 0.0, ""smooth_trend_winner"": 0.29364720691603197, ""stair_step_winner"": 0.16222850670751396}",jump_repricing_winner,smooth_trend_winner,0.7761860866757382,0.11725408922174006,0.14814814814814814,0.2222222222222222
up50pct,train,up50pct::SZ300088::000000,123,"{""choppy_reversal_winner"": 0.11366056848613462, ""jump_repricing_winner"": 0.3747412149430093, ""late_rescue_winner"": 0.06527733768153102, ""slow_grind_winner"": 0.0, ""smooth_trend_winner"": 0.19081578712367117, ""stair_step_winner"": 0.25550509176565395}",jump_repricing_winner,stair_step_winner,0.8136362245834069,0.1036523239066709,0.15447154471544716,0.016260162601626018
up50pct,train,up50pct::SZ300094::000000,35,"{""choppy_reversal_winner"": 0.44376823004681903, ""jump_repricing_winner"": 0.013384828402057111, ""late_rescue_winner"": 0.419486945013788, ""slow_grind_winner"": 0.0, ""smooth_trend_winner"": 0.007371767634606, ""stair_step_winner"": 0.11598822890272985}",choppy_reversal_winner,late_rescue_winner,0.596487193704831,0.013066032276286993,0.0,0.0
up50pct,train,up50pct::SZ300096::000000,1,"{""choppy_reversal_winner"": 0.026329824709641944, ""jump_repricing_winner"": 0.3586900328031934, ""late_rescue_winner"": 0.017107837151187532, ""slow_grind_winner"": 0.0, ""smooth_trend_winner"": 0.4968286619138695, ""stair_step_winner"": 0.10104364342210763}",smooth_trend_winner,jump_repricing_winner,0.6207720791194205,0.0,0.0,0.0
up50pct,train,up50pct::SZ300098::000000,6,"{""choppy_reversal_winner"": 0.008693637742841091, ""jump_repricing_winner"": 0.3748632210412944, ""late_rescue_winner"": 0.00508901711966779, ""slow_grind_winner"": 0.0, ""smooth_trend_winner"": 0.5802048593782226, ""stair_step_winner"": 0.03114926471797409}",smooth_trend_winner,jump_repricing_winner,0.4798880075750611,0.040861325185205515,0.8333333333333334,0.0
up50pct,train,up50pct::SZ300098::000001,22,"{""choppy_reversal_winner"": 0.05877534579292907, ""jump_repricing_winner"": 0.30273382792807746, ""late_rescue_winner"": 0.03335745666423375, ""slow_grind_winner"": 0.0, ""smooth_trend_winner"": 0.4407425380041207, ""stair_step_winner"": 0.16439083161063903}",smooth_trend_winner,jump_repricing_winner,0.7253464732823318,0.09311207724662325,0.45454545454545453,0.045454545454545456
up50pct,train,up50pct::SZ300098::000002,2,"{""choppy_reversal_winner"": 0.006550401383027397, ""jump_repricing_winner"": 0.36685383187340653, ""late_rescue_winner"": 0.003778234209137755, ""slow_grind_winner"": 0.0, ""smooth_trend_winner"": 0.5975788277142832, ""stair_step_winner"": 0.02523870482014517}",smooth_trend_winner,jump_repricing_winner,0.45900656479939844,0.004603009089160846,1.0,0.0
up50pct,train,up50pct::SZ300098::000003,5,"{""choppy_reversal_winner"": 0.3402174844456413, ""jump_repricing_winner"": 0.007368837595620287, ""late_rescue_winner"": 0.5662881445489931, ""slow_grind_winner"": 0.0, ""smooth_trend_winner"": 0.004508858685652279, ""stair_step_winner"": 0.08161667472409301}",late_rescue_winner,choppy_reversal_winner,0.5323718173129738,0.006535712932936366,0.6,0.0
up50pct,train,up50pct::SZ300101::000000,188,"{""choppy_reversal_winner"": 0.24097692551673228, ""jump_repricing_winner"": 0.18191692398199444, ""late_rescue_winner"": 0.15906705493570447, ""slow_grind_winner"": 0.0, ""smooth_trend_winner"": 0.16550885927794934, ""stair_step_winner"": 0.2525302362876195}",stair_step_winner,choppy_reversal_winner,0.8877444945358361,0.13693678721537045,0.16489361702127658,0.11702127659574468
up50pct,train,up50pct::SZ300110::000000,6,"{""choppy_reversal_winner"": 0.2666508957787635, ""jump_repricing_winner"": 0.16186415404260587, ""late_rescue_winner"": 0.18370560318160908, ""slow_grind_winner"": 0.0, ""smooth_trend_winner"": 0.21251975197193787, ""stair_step_winner"": 0.17525959502508362}",choppy_reversal_winner,smooth_trend_winner,0.8889798079112115,0.13891459404302567,0.3333333333333333,0.0
up50pct,train,up50pct::SZ300113::000000,105,"{""choppy_reversal_winner"": 0.16037217340008755, ""jump_repricing_winner"": 0.2333420380464716, ""late_rescue_winner"": 0.10334851089532386, ""slow_grind_winner"": 0.0, ""smooth_trend_winner"": 0.23901920995673767, ""stair_step_winner"": 0.26391806770137927}",stair_step_winner,smooth_trend_winner,0.871386421435673,0.13761892654687083,0.14285714285714285,0.0
up50pct,train,up50pct::SZ300113::000001,129,"{""choppy_reversal_winner"": 0.36787158276319865, ""jump_repricing_winner"": 0.019312777232544886, ""late_rescue_winner"": 0.4948464502176689, ""slow_grind_winner"": 0.0, ""smooth_trend_winner"": 0.0240512007401276, ""stair_step_winner"": 0.09391798904645994}",late_rescue_winner,choppy_reversal_winner,0.6161736444274045,0.06656475932153216,0.4418604651162791,0.0
up50pct,robustness,up50pct::SZ300115::000000,159,"{""choppy_reversal_winner"": 0.07882950443953389, ""jump_repricing_winner"": 0.40222849249437376, ""late_rescue_winner"": 0.054005773734878235, ""slow_grind_winner"": 0.0, ""smooth_trend_winner"": 0.29908804691919383, ""stair_step_winner"": 0.16584818241202026}",jump_repricing_winner,smooth_trend_winner,0.7719747489441514,0.104131460012044,0.2893081761006289,0.1320754716981132
up50pct,train,up50pct::SZ300118::000000,364,"{""choppy_reversal_winner"": 0.18939270609694056, ""jump_repricing_winner"": 0.20661933126317947, ""late_rescue_winner"": 0.11202990228919467, ""slow_grind_winner"": 0.0, ""smooth_trend_winner"": 0.21005122803685627, ""stair_step_winner"": 0.28190683231382907}",stair_step_winner,smooth_trend_winner,0.8767312009801266,0.14056834228613743,0.20604395604395603,0.07967032967032966
up50pct,validation,up50pct::SZ300118::000001,1,"{""choppy_reversal_winner"": 0.0065319704487331615, ""jump_repricing_winner"": 0.3534693599244582, ""late_rescue_winner"": 0.004248476279444096, ""slow_grind_winner"": 0.0, ""smooth_trend_winner"": 0.6122310488286087, ""stair_step_winner"": 0.023519144518755936}",smooth_trend_winner,jump_repricing_winner,0.4533207161726695,0.0,1.0,0.0
up50pct,robustness,up50pct::SZ300118::000002,44,"{""choppy_reversal_winner"": 0.4883535052717196, ""jump_repricing_winner"": 0.015266391184275923, ""late_rescue_winner"": 0.3533390262327345, ""slow_grind_winner"": 0.0, ""smooth_trend_winner"": 0.008583584744060168, ""stair_step_winner"": 0.13445749256720985}",choppy_reversal_winner,late_rescue_winner,0.609498248142978,0.02214428499795501,0.0,0.0
up50pct,train,up50pct::SZ300122::000000,296,"{""choppy_reversal_winner"": 0.12622420814327995, ""jump_repricing_winner"": 0.19417802320516458, ""late_rescue_winner"": 0.07866383468519297, ""slow_grind_winner"": 0.0, ""smooth_trend_winner"": 0.24268846371284372, ""stair_step_winner"": 0.3582454702535188}",stair_step_winner,smooth_trend_winner,0.8320879080741823,0.11970995661192503,0.17905405405405406,0.02027027027027027
up50pct,validation,up50pct::SZ300122::000001,9,"{""choppy_reversal_winner"": 0.01782479172203143, ""jump_repricing_winner"": 0.5179392536736681, ""late_rescue_winner"": 0.010931486805742865, ""slow_grind_winner"": 0.0, ""smooth_trend_winner"": 0.38957464148288257, ""stair_step_winner"": 0.06372982631567504}",jump_repricing_winner,smooth_trend_winner,0.5606827809061729,0.018402842898726686,0.0,0.0
up50pct,train,up50pct::SZ300123::000000,193,"{""choppy_reversal_winner"": 0.15222437239292352, ""jump_repricing_winner"": 0.27327701531482057, ""late_rescue_winner"": 0.08679876166147793, ""slow_grind_winner"": 0.0, ""smooth_trend_winner"": 0.29126390154826154, ""stair_step_winner"": 0.19643594908251635}",smooth_trend_winner,jump_repricing_winner,0.8551238974506871,0.1356865930828555,0.2849740932642487,0.08808290155440414
up50pct,train,up50pct::SZ300123::000001,9,"{""choppy_reversal_winner"": 0.1534000941597064, ""jump_repricing_winner"": 0.21040531063716375, ""late_rescue_winner"": 0.08284239623347132, ""slow_grind_winner"": 0.0, ""smooth_trend_winner"": 0.11635691711537967, ""stair_step_winner"": 0.4369952818542788}",stair_step_winner,jump_repricing_winner,0.8002980619444678,0.04664285336201443,0.0,0.0
up50pct,train,up50pct::SZ300127::000000,16,"{""choppy_reversal_winner"": 0.5028930933041285, ""jump_repricing_winner"": 0.01996676748765258, ""late_rescue_winner"": 0.26448672828032455, ""slow_grind_winner"": 0.0, ""smooth_trend_winner"": 0.01105225516324066, ""stair_step_winner"": 0.20160115576465376}",choppy_reversal_winner,late_rescue_winner,0.6408381159018429,0.010985118143082971,0.0,0.0
up50pct,train,up50pct::SZ300127::000001,45,"{""choppy_reversal_winner"": 0.41532493906347073, ""jump_repricing_winner"": 0.01931369388662855, ""late_rescue_winner"": 0.3270822898599755, ""slow_grind_winner"": 0.0, ""smooth_trend_winner"": 0.011830179962329174, ""stair_step_winner"": 0.226448897227596}",choppy_reversal_winner,late_rescue_winner,0.6672346566545738,0.01230710365561398,0.0,0.5111111111111111
up50pct,train,up50pct::SZ300128::000000,35,"{""choppy_reversal_winner"": 0.28280087263638337, ""jump_repricing_winner"": 0.025943372479969428, ""late_rescue_winner"": 0.543652108137234, ""slow_grind_winner"": 0.0, ""smooth_trend_winner"": 0.027737276147998494, ""stair_step_winner"": 0.11986637059841479}",late_rescue_winner,choppy_reversal_winner,0.634553828340753,0.0606720585820326,0.34285714285714286,0.02857142857142857
up50pct,train,up50pct::SZ300131::000000,122,"{""choppy_reversal_winner"": 0.3976422726163735, ""jump_repricing_winner"": 0.03430927784815315, ""late_rescue_winner"": 0.2660936732229366, ""slow_grind_winner"": 0.0, ""smooth_trend_winner"": 0.03015436613007765, ""stair_step_winner"": 0.2718004101824591}",choppy_reversal_winner,stair_step_winner,0.7223886320000928,0.06526501499875259,0.02459016393442623,0.19672131147540983
up50pct,train,up50pct::SZ300131::000001,50,"{""choppy_reversal_winner"": 0.30316592352624083, ""jump_repricing_winner"": 0.009776313949037836, ""late_rescue_winner"": 0.5957436388056263, ""slow_grind_winner"": 0.0, ""smooth_trend_winner"": 0.006489885162162866, ""stair_step_winner"": 0.08482423855693222}",late_rescue_winner,choppy_reversal_winner,0.5344439853443892,0.012810380135101253,0.66,0.0
up50pct,train,up50pct::SZ300132::000000,105,"{""choppy_reversal_winner"": 0.3158394411413527, ""jump_repricing_winner"": 0.11638619795347281, ""late_rescue_winner"": 0.2067341917195042, ""slow_grind_winner"": 0.0, ""smooth_trend_winner"": 0.07840833424538413, ""stair_step_winner"": 0.28263183494028615}",choppy_reversal_winner,stair_step_winner,0.8354747634098354,0.12171522309828224,0.02857142857142857,0.01904761904761905
up50pct,train,up50pct::SZ300132::000001,1,"{""choppy_reversal_winner"": 0.01563513807617809, ""jump_repricing_winner"": 0.27147369022107265, ""late_rescue_winner"": 0.010665840105222008, ""slow_grind_winner"": 0.0, ""smooth_trend_winner"": 0.6379354556430344, ""stair_step_winner"": 0.0642898759544929}",smooth_trend_winner,jump_repricing_winner,0.5193858914240393,0.0,1.0,0.0
up50pct,train,up50pct::SZ300134::000000,20,"{""choppy_reversal_winner"": 0.2761519470082806, ""jump_repricing_winner"": 0.13495250776004275, ""late_rescue_winner"": 0.17563986338587093, ""slow_grind_winner"": 0.0, ""smooth_trend_winner"": 0.12693027849090965, ""stair_step_winner"": 0.2863254033548961}",stair_step_winner,choppy_reversal_winner,0.8657521574922412,0.11184799909481029,0.15,0.25
up50pct,train,up50pct::SZ300134::000001,4,"{""choppy_reversal_winner"": 0.0066150197738083245, ""jump_repricing_winner"": 0.3753954122732062, ""late_rescue_winner"": 0.0040560618323289156, ""slow_grind_winner"": 0.0, ""smooth_trend_winner"": 0.5892185128802454, ""stair_step_winner"": 0.024714993240411168}",smooth_trend_winner,jump_repricing_winner,0.46125888152069366,0.008074824909300482,1.0,0.0
up50pct,train,up50pct::SZ300134::000002,27,"{""choppy_reversal_winner"": 0.3363959343943559, ""jump_repricing_winner"": 0.0086223256741104, ""late_rescue_winner"": 0.5618548905952957, ""slow_grind_winner"": 0.0, ""smooth_trend_winner"": 0.004913639318146735, ""stair_step_winner"": 0.0882132100180913}",late_rescue_winner,choppy_reversal_winner,0.5423130384544752,0.029132317785684387,0.9629629629629629,0.0
up50pct,train,up50pct::SZ300137::000000,77,"{""choppy_reversal_winner"": 0.2991498507209019, ""jump_repricing_winner"": 0.007131512491592018, ""late_rescue_winner"": 0.6198867354550744, ""slow_grind_winner"": 0.0, ""smooth_trend_winner"": 0.004450109136336432, ""stair_step_winner"": 0.06938179219609522}",late_rescue_winner,choppy_reversal_winner,0.5033753341527798,0.00905398488126206,0.987012987012987,0.0
up50pct,train,up50pct::SZ300143::000000,43,"{""choppy_reversal_winner"": 0.008950722490371231, ""jump_repricing_winner"": 0.3269756416832567, ""late_rescue_winner"": 0.005234890771340747, ""slow_grind_winner"": 0.0, ""smooth_trend_winner"": 0.623210491493694, ""stair_step_winner"": 0.03562825356133733}",smooth_trend_winner,jump_repricing_winner,0.47368434311158686,0.023989615767542615,0.8372093023255814,0.0
up50pct,train,up50pct::SZ300143::000001,27,"{""choppy_reversal_winner"": 0.11186586477012052, ""jump_repricing_winner"": 0.1551006539296029, ""late_rescue_winner"": 0.05889196429036467, ""slow_grind_winner"": 0.0, ""smooth_trend_winner"": 0.10760889068406373, ""stair_step_winner"": 0.5665326263258481}",stair_step_winner,jump_repricing_winner,0.7047168727168007,0.03279954398335088,0.0,0.0
up50pct,train,up50pct::SZ300145::000000,60,"{""choppy_reversal_winner"": 0.3521030368571357, ""jump_repricing_winner"": 0.03320058615857603, ""late_rescue_winner"": 0.3384372689508165, ""slow_grind_winner"": 0.0, ""smooth_trend_winner"": 0.019706472289662904, ""stair_step_winner"": 0.256552635743809}",choppy_reversal_winner,late_rescue_winner,0.7108444161205455,0.05819263745362729,0.016666666666666666,0.15
up50pct,train,up50pct::SZ300146::000000,98,"{""choppy_reversal_winner"": 0.07833875274634648, ""jump_repricing_winner"": 0.39696233828101635, ""late_rescue_winner"": 0.05303551663398845, ""slow_grind_winner"": 0.0, ""smooth_trend_winner"": 0.2511193524377502, ""stair_step_winner"": 0.2205440399008985}",jump_repricing_winner,smooth_trend_winner,0.7827000917611353,0.08489674052316737,0.12244897959183673,0.1836734693877551
up50pct,train,up50pct::SZ300147::000000,59,"{""choppy_reversal_winner"": 0.3608491829682869, ""jump_repricing_winner"": 0.045347585903462, ""late_rescue_winner"": 0.3146751544029225, ""slow_grind_winner"": 0.0, ""smooth_trend_winner"": 0.026865560008923442, ""stair_step_winner"": 0.25226251671640526}",choppy_reversal_winner,late_rescue_winner,0.7347691771324077,0.06297917462623696,0.01694915254237288,0.06779661016949153
up50pct,train,up50pct::SZ300149::000000,77,"{""choppy_reversal_winner"": 0.3081920934572662, ""jump_repricing_winner"": 0.10249971508866249, ""late_rescue_winner"": 0.16787750459728226, ""slow_grind_winner"": 0.0, ""smooth_trend_winner"": 0.09174961342753687, ""stair_step_winner"": 0.3296810734292522}",stair_step_winner,choppy_reversal_winner,0.8264512661313629,0.10332943103286223,0.07792207792207792,0.012987012987012988
up50pct,train,up50pct::SZ300158::000000,43,"{""choppy_reversal_winner"": 0.3527297932920823, ""jump_repricing_winner"": 0.025311413048996055, ""late_rescue_winner"": 0.3865399177480215, ""slow_grind_winner"": 0.0, ""smooth_trend_winner"": 0.01714671455547698, ""stair_step_winner"": 0.21827216135542324}",late_rescue_winner,choppy_reversal_winner,0.686456616182559,0.01995650550661979,0.0,0.0
up50pct,train,up50pct::SZ300159::000000,46,"{""choppy_reversal_winner"": 0.3315317121424398, ""jump_repricing_winner"": 0.05848627538930328, ""late_rescue_winner"": 0.26423937965595984, ""slow_grind_winner"": 0.0, ""smooth_trend_winner"": 0.06731695173020787, ""stair_step_winner"": 0.2784256810820892}",choppy_reversal_winner,stair_step_winner,0.7932864708030936,0.11122673356054154,0.06521739130434782,0.043478260869565216
up50pct,train,up50pct::SZ300168::000000,13,"{""choppy_reversal_winner"": 0.06637950565565841, ""jump_repricing_winner"": 0.26604545661603135, ""late_rescue_winner"": 0.04630237395225615, ""slow_grind_winner"": 0.0, ""smooth_trend_winner"": 0.45143387102745003, ""stair_step_winner"": 0.16983879274860406}",smooth_trend_winner,jump_repricing_winner,0.744924497910663,0.11521424825353836,0.6153846153846154,0.0
up50pct,robustness,up50pct::SZ300170::000000,15,"{""choppy_reversal_winner"": 0.23005512544206283, ""jump_repricing_winner"": 0.12170157194795299, ""late_rescue_winner"": 0.2155906831231017, ""slow_grind_winner"": 0.0, ""smooth_trend_winner"": 0.0853100583038067, ""stair_step_winner"": 0.34734256118307577}",stair_step_winner,choppy_reversal_winner,0.8385370071734817,0.01778966784695304,0.0,0.8
up50pct,train,up50pct::SZ300171::000000,257,"{""choppy_reversal_winner"": 0.1333967068571728, ""jump_repricing_winner"": 0.2510769523532299, ""late_rescue_winner"": 0.10881682441210802, ""slow_grind_winner"": 0.0, ""smooth_trend_winner"": 0.29407414447387387, ""stair_step_winner"": 0.2126353719036155}",smooth_trend_winner,jump_repricing_winner,0.8629462177950402,0.14202089530085282,0.29571984435797666,0.10505836575875487
up50pct,train,up50pct::SZ300176::000000,19,"{""choppy_reversal_winner"": 0.28817775647997373, ""jump_repricing_winner"": 0.06231608888019104, ""late_rescue_winner"": 0.25692560600955383, ""slow_grind_winner"": 0.0, ""smooth_trend_winner"": 0.04366038921873832, ""stair_step_winner"": 0.3489201594115431}",stair_step_winner,choppy_reversal_winner,0.7728467093963078,0.020084779871008564,0.0,0.7368421052631579
up50pct,train,up50pct::SZ300177::000000,77,"{""choppy_reversal_winner"": 0.3027701796036064, ""jump_repricing_winner"": 0.06696997066748865, ""late_rescue_winner"": 0.3369945845199292, ""slow_grind_winner"": 0.0, ""smooth_trend_winner"": 0.06795562109693352, ""stair_step_winner"": 0.22530964411204227}",late_rescue_winner,choppy_reversal_winner,0.7968946630787344,0.11428099904689713,0.06493506493506493,0.012987012987012988
up50pct,train,up50pct::SZ300180::000000,118,"{""choppy_reversal_winner"": 0.3671794869893908, ""jump_repricing_winner"": 0.014830354992625677, ""late_rescue_winner"": 0.4845509670531881, ""slow_grind_winner"": 0.0, ""smooth_trend_winner"": 0.009523463323165735, ""stair_step_winner"": 0.12391572764162968}",late_rescue_winner,choppy_reversal_winner,0.6052602637541612,0.015543594402819405,0.0,0.0
up50pct,train,up50pct::SZ300181::000000,19,"{""choppy_reversal_winner"": 0.36114815046251214, ""jump_repricing_winner"": 0.01374979646932143, ""late_rescue_winner"": 0.4482861010834174, ""slow_grind_winner"": 0.0, ""smooth_trend_winner"": 0.009690077894860942, ""stair_step_winner"": 0.16712587408988805}",late_rescue_winner,choppy_reversal_winner,0.6308596485493774,0.018490045478492693,0.0,0.0
up50pct,train,up50pct::SZ300183::000000,211,"{""choppy_reversal_winner"": 0.2948617747089109, ""jump_repricing_winner"": 0.11458400909012302, ""late_rescue_winner"": 0.19473682324593855, ""slow_grind_winner"": 0.0, ""smooth_trend_winner"": 0.11205629884627798, ""stair_step_winner"": 0.2837610941087496}",choppy_reversal_winner,stair_step_winner,0.8537113500764151,0.11901270280757005,0.10900473933649289,0.17061611374407584
up50pct,train,up50pct::SZ300184::000000,141,"{""choppy_reversal_winner"": 0.3330700821638041, ""jump_repricing_winner"": 0.0073176690685357575, ""late_rescue_winner"": 0.5763878140417565, ""slow_grind_winner"": 0.0, ""smooth_trend_winner"": 0.004467406591329056, ""stair_step_winner"": 0.07875702813457461}",late_rescue_winner,choppy_reversal_winner,0.5268912973572267,0.0171347725965742,0.6879432624113475,0.0
up50pct,train,up50pct::SZ300191::000000,63,"{""choppy_reversal_winner"": 0.22931346530116498, ""jump_repricing_winner"": 0.19765634186003533, ""late_rescue_winner"": 0.15006972583054215, ""slow_grind_winner"": 0.0, ""smooth_trend_winner"": 0.13454421481661896, ""stair_step_winner"": 0.28841625219163847}",stair_step_winner,choppy_reversal_winner,0.8769356163321913,0.11712326889783246,0.06349206349206349,0.09523809523809523
up50pct,train,up50pct::SZ300191::000001,70,"{""choppy_reversal_winner"": 0.3307224502999843, ""jump_repricing_winner"": 0.011900356433222568, ""late_rescue_winner"": 0.541658841364085, ""slow_grind_winner"": 0.0, ""smooth_trend_winner"": 0.007132398799470268, ""stair_step_winner"": 0.10858595310323782}",late_rescue_winner,choppy_reversal_winner,0.5732413131728659,0.04086954058377005,0.7428571428571429,0.0
up50pct,train,up50pct::SZ300194::000001,3,"{""choppy_reversal_winner"": 0.18119397924208921, ""jump_repricing_winner"": 0.16620762541294598, ""late_rescue_winner"": 0.09313170483202138, ""slow_grind_winner"": 0.0, ""smooth_trend_winner"": 0.08512250265072674, ""stair_step_winner"": 0.4743441878622166}",stair_step_winner,choppy_reversal_winner,0.7770774222008585,0.0035202754190860846,0.0,0.0
up50pct,train,up50pct::SZ300198::000000,7,"{""choppy_reversal_winner"": 0.3811238855550744, ""jump_repricing_winner"": 0.032772307662063675, ""late_rescue_winner"": 0.3467050396538402, ""slow_grind_winner"": 0.0, ""smooth_trend_winner"": 0.021276104784649592, ""stair_step_winner"": 0.21812266234437208}",choppy_reversal_winner,late_rescue_winner,0.7037634006993359,0.01639270246542121,0.0,0.0
up50pct,train,up50pct::SZ300199::000000,85,"{""choppy_reversal_winner"": 0.39282477013781963, ""jump_repricing_winner"": 0.015624499754739085, ""late_rescue_winner"": 0.4782338373887228, ""slow_grind_winner"": 0.0, ""smooth_trend_winner"": 0.009019582907280388, ""stair_step_winner"": 0.10429730981143803}",late_rescue_winner,choppy_reversal_winner,0.5932924999230135,0.04472443266625357,0.15294117647058825,0.0
up50pct,train,up50pct::SZ300203::000000,180,"{""choppy_reversal_winner"": 0.43236386013978795, ""jump_repricing_winner"": 0.01617958134338051, ""late_rescue_winner"": 0.40729038483354674, ""slow_grind_winner"": 0.0, ""smooth_trend_winner"": 0.009452474393955043, ""stair_step_winner"": 0.1347136992893298}",choppy_reversal_winner,late_rescue_winner,0.619059953681108,0.045903230137384156,0.15555555555555556,0.005555555555555556
up50pct,robustness,up50pct::SZ300204::000000,6,"{""choppy_reversal_winner"": 0.008816905031426623, ""jump_repricing_winner"": 0.4145156845416849, ""late_rescue_winner"": 0.005753022964368512, ""slow_grind_winner"": 0.0, ""smooth_trend_winner"": 0.5391865547394527, ""stair_step_winner"": 0.03172783272306722}",smooth_trend_winner,jump_repricing_winner,0.49055672909048476,0.01900348560974081,1.0,0.0
up50pct,train,up50pct::SZ300205::000000,47,"{""choppy_reversal_winner"": 0.40509348766752784, ""jump_repricing_winner"": 0.021893913515224753, ""late_rescue_winner"": 0.4269969479666072, ""slow_grind_winner"": 0.0, ""smooth_trend_winner"": 0.021781114050801912, ""stair_step_winner"": 0.12423453679983827}",late_rescue_winner,choppy_reversal_winner,0.6449208535126602,0.07102207926913214,0.0425531914893617,0.0
up50pct,train,up50pct::SZ300206::000000,35,"{""choppy_reversal_winner"": 0.017976769039510374, ""jump_repricing_winner"": 0.3410717088514791, ""late_rescue_winner"": 0.010000678786132524, ""slow_grind_winner"": 0.0, ""smooth_trend_winner"": 0.5556323477248621, ""stair_step_winner"": 0.07531849559801602}",smooth_trend_winner,jump_repricing_winner,0.5617201185844402,0.06637145477588201,0.8,0.02857142857142857
up50pct,train,up50pct::SZ300209::000000,6,"{""choppy_reversal_winner"": 0.31119325077735427, ""jump_repricing_winner"": 0.01638014179267835, ""late_rescue_winner"": 0.5736466379092873, ""slow_grind_winner"": 0.0, ""smooth_trend_winner"": 0.010592945352460808, ""stair_step_winner"": 0.08818702416821927}",late_rescue_winner,choppy_reversal_winner,0.5646596723319739,0.0023292750861729403,0.0,0.0
up50pct,robustness,up50pct::SZ300212::000001,26,"{""choppy_reversal_winner"": 0.17200132752959882, ""jump_repricing_winner"": 0.3235675898641666, ""late_rescue_winner"": 0.1040902012471457, ""slow_grind_winner"": 0.0, ""smooth_trend_winner"": 0.126502989641409, ""stair_step_winner"": 0.2738378917176799}",jump_repricing_winner,stair_step_winner,0.8480992712887909,0.02510521280720403,0.0,0.2692307692307692
up50pct,train,up50pct::SZ300215::000000,36,"{""choppy_reversal_winner"": 0.35040474241307445, ""jump_repricing_winner"": 0.028334255431825106, ""late_rescue_winner"": 0.28762577973298187, ""slow_grind_winner"": 0.0, ""smooth_trend_winner"": 0.01961006569179541, ""stair_step_winner"": 0.31402515673032316}",choppy_reversal_winner,stair_step_winner,0.7075011760755959,0.02642901286123839,0.0,0.3611111111111111
up50pct,train,up50pct::SZ300219::000000,47,"{""choppy_reversal_winner"": 0.4110052548930629, ""jump_repricing_winner"": 0.022188052062888604, ""late_rescue_winner"": 0.2702038341769892, ""slow_grind_winner"": 0.0, ""smooth_trend_winner"": 0.014430703835907433, ""stair_step_winner"": 0.28217215503115184}",choppy_reversal_winner,stair_step_winner,0.681845164795379,0.024934773163542773,0.0,0.0851063829787234
up50pct,train,up50pct::SZ300222::000000,52,"{""choppy_reversal_winner"": 0.2940033681895921, ""jump_repricing_winner"": 0.10434311383580205, ""late_rescue_winner"": 0.1791347794159554, ""slow_grind_winner"": 0.0, ""smooth_trend_winner"": 0.0691718647291049, ""stair_step_winner"": 0.3533468738295455}",stair_step_winner,choppy_reversal_winner,0.8126827833632702,0.08030529401531396,0.019230769230769232,0.0
up50pct,train,up50pct::SZ300223::000000,122,"{""choppy_reversal_winner"": 0.19090831474499378, ""jump_repricing_winner"": 0.25312867366677666, ""late_rescue_winner"": 0.11730831139335113, ""slow_grind_winner"": 0.0, ""smooth_trend_winner"": 0.20993329260832977, ""stair_step_winner"": 0.22872140758654863}",jump_repricing_winner,stair_step_winner,0.8820410533452604,0.1281879862680226,0.13934426229508196,0.1557377049180328
up50pct,train,up50pct::SZ300225::000000,4,"{""choppy_reversal_winner"": 0.38611290902608875, ""jump_repricing_winner"": 0.015000636931280434, ""late_rescue_winner"": 0.482926224012315, ""slow_grind_winner"": 0.0, ""smooth_trend_winner"": 0.008859541898644671, ""stair_step_winner"": 0.10710068813167115}",late_rescue_winner,choppy_reversal_winner,0.5933186132962732,0.0011685948309694187,0.0,0.0
up50pct,train,up50pct::SZ300225::000001,1,"{""choppy_reversal_winner"": 0.057425861986188, ""jump_repricing_winner"": 0.48782076429480253, ""late_rescue_winner"": 0.036242279967393355, ""slow_grind_winner"": 0.0, ""smooth_trend_winner"": 0.26793998834690386, ""stair_step_winner"": 0.15057110540471216}",jump_repricing_winner,smooth_trend_winner,0.7101571948303378,0.0,0.0,0.0
up50pct,train,up50pct::SZ300226::000000,16,"{""choppy_reversal_winner"": 0.2694328532397373, ""jump_repricing_winner"": 0.1568773023932133, ""late_rescue_winner"": 0.13175867034187289, ""slow_grind_winner"": 0.0, ""smooth_trend_winner"": 0.07732935854572341, ""stair_step_winner"": 0.36460181547945314}",stair_step_winner,choppy_reversal_winner,0.8242043938546072,0.08324452311480703,0.0,0.0
up50pct,train,up50pct::SZ300226::000001,1,"{""choppy_reversal_winner"": 0.384454408715437, ""jump_repricing_winner"": 0.016435087035741043, ""late_rescue_winner"": 0.46466990125109375, ""slow_grind_winner"": 0.0, ""smooth_trend_winner"": 0.010109809938512189, ""stair_step_winner"": 0.12433079305921609}",late_rescue_winner,choppy_reversal_winner,0.6121477041776733,0.0,0.0,0.0
up50pct,validation,up50pct::SZ300229::000000,2,"{""choppy_reversal_winner"": 0.0067164292032185005, ""jump_repricing_winner"": 0.3031040147170715, ""late_rescue_winner"": 0.004800979625076163, ""slow_grind_winner"": 0.0, ""smooth_trend_winner"": 0.6609391103975716, ""stair_step_winner"": 0.024439466057062292}",smooth_trend_winner,jump_repricing_winner,0.43836453030562433,0.0016813722652946903,0.5,0.5
up50pct,train,up50pct::SZ300230::000000,3,"{""choppy_reversal_winner"": 0.480892424489892, ""jump_repricing_winner"": 0.02804664940539357, ""late_rescue_winner"": 0.2404062363091978, ""slow_grind_winner"": 0.0, ""smooth_trend_winner"": 0.014617234630758938, ""stair_step_winner"": 0.2360374551647577}",choppy_reversal_winner,late_rescue_winner,0.6683553701597719,0.0006911690501689707,0.0,0.0
up50pct,train,up50pct::SZ300233::000000,57,"{""choppy_reversal_winner"": 0.166630854263796, ""jump_repricing_winner"": 0.25918346442772044, ""late_rescue_winner"": 0.09750088594323324, ""slow_grind_winner"": 0.0, ""smooth_trend_winner"": 0.19161178628598124, ""stair_step_winner"": 0.28507300907926897}",stair_step_winner,jump_repricing_winner,0.8650105985406917,0.10638654612730875,0.07017543859649122,0.19298245614035087
up50pct,train,up50pct::SZ300233::000001,2,"{""choppy_reversal_winner"": 0.20604701994204278, ""jump_repricing_winner"": 0.12844318429596013, ""late_rescue_winner"": 0.11660758955165272, ""slow_grind_winner"": 0.0, ""smooth_trend_winner"": 0.07552293086540862, ""stair_step_winner"": 0.47337927534493573}",stair_step_winner,choppy_reversal_winner,0.7750959798014516,0.030960836538374493,0.0,0.0
up50pct,train,up50pct::SZ300236::000000,335,"{""choppy_reversal_winner"": 0.2559208158101338, ""jump_repricing_winner"": 0.10790637061891221, ""late_rescue_winner"": 0.4200803277278699, ""slow_grind_winner"": 0.0, ""smooth_trend_winner"": 0.1102772450207142, ""stair_step_winner"": 0.10581524082236976}",late_rescue_winner,choppy_reversal_winner,0.8004341405798208,0.14021679745178423,0.3970149253731343,0.03880597014925373
up50pct,train,up50pct::SZ300238::000000,41,"{""choppy_reversal_winner"": 0.3184168553218399, ""jump_repricing_winner"": 0.07109706610878694, ""late_rescue_winner"": 0.2949765790763774, ""slow_grind_winner"": 0.0, ""smooth_trend_winner"": 0.09012034291882522, ""stair_step_winner"": 0.22538915657417058}",choppy_reversal_winner,late_rescue_winner,0.817730841924404,0.09874471073310627,0.07317073170731707,0.2926829268292683
up50pct,train,up50pct::SZ300244::000000,221,"{""choppy_reversal_winner"": 0.17210381303339173, ""jump_repricing_winner"": 0.1959663502506038, ""late_rescue_winner"": 0.09999472611922122, ""slow_grind_winner"": 0.0, ""smooth_trend_winner"": 0.16978883520943602, ""stair_step_winner"": 0.36214627538734717}",stair_step_winner,jump_repricing_winner,0.849102708153019,0.12285741537610928,0.18552036199095023,0.02262443438914027
up50pct,train,up50pct::SZ300245::000000,7,"{""choppy_reversal_winner"": 0.34012294918431085, ""jump_repricing_winner"": 0.006247374156946435, ""late_rescue_winner"": 0.5778249254228166, ""slow_grind_winner"": 0.0, ""smooth_trend_winner"": 0.0037411451215469123, ""stair_step_winner"": 0.07206360611437905}",late_rescue_winner,choppy_reversal_winner,0.5167496259295543,0.006090879825019932,1.0,0.0
up50pct,robustness,up50pct::SZ300251::000001,101,"{""choppy_reversal_winner"": 0.1004453091021289, ""jump_repricing_winner"": 0.42767144875841284, ""late_rescue_winner"": 0.06984067252036444, ""slow_grind_winner"": 0.0, ""smooth_trend_winner"": 0.21058218881631593, ""stair_step_winner"": 0.19146038080277783}",jump_repricing_winner,smooth_trend_winner,0.7950538361430167,0.070208644075669,0.04950495049504951,0.297029702970297
up50pct,train,up50pct::SZ300252::000000,25,"{""choppy_reversal_winner"": 0.3277534529117703, ""jump_repricing_winner"": 0.006743064095567831, ""late_rescue_winner"": 0.581323990747399, ""slow_grind_winner"": 0.0, ""smooth_trend_winner"": 0.004024348005708069, ""stair_step_winner"": 0.08015514423955482}",late_rescue_winner,choppy_reversal_winner,0.5241469549000336,0.03092658836916431,0.96,0.0
up50pct,robustness,up50pct::SZ300253::000000,70,"{""choppy_reversal_winner"": 0.19734209352796908, ""jump_repricing_winner"": 0.22458360702765873, ""late_rescue_winner"": 0.12036031320928534, ""slow_grind_winner"": 0.0, ""smooth_trend_winner"": 0.10480942464322525, ""stair_step_winner"": 0.3529045615918616}",stair_step_winner,jump_repricing_winner,0.8452483704148521,0.05861138767066246,0.0,0.07142857142857142
up50pct,train,up50pct::SZ300255::000000,55,"{""choppy_reversal_winner"": 0.3240275506887395, ""jump_repricing_winner"": 0.02499235686815548, ""late_rescue_winner"": 0.4882132415851221, ""slow_grind_winner"": 0.0, ""smooth_trend_winner"": 0.017876165263526676, ""stair_step_winner"": 0.14489068559445623}",late_rescue_winner,choppy_reversal_winner,0.6469854062353375,0.03438635102963774,0.07272727272727272,0.0
up50pct,robustness,up50pct::SZ300255::000001,12,"{""choppy_reversal_winner"": 0.0684376813910925, ""jump_repricing_winner"": 0.39871479742778226, ""late_rescue_winner"": 0.04191986888810239, ""slow_grind_winner"": 0.0, ""smooth_trend_winner"": 0.29256182657190877, ""stair_step_winner"": 0.19836582572111405}",jump_repricing_winner,smooth_trend_winner,0.7610376507036603,0.0821179821714212,0.0,0.25
up50pct,robustness,up50pct::SZ300255::000002,38,"{""choppy_reversal_winner"": 0.034709255434168265, ""jump_repricing_winner"": 0.4138301343661201, ""late_rescue_winner"": 0.026144266140004174, ""slow_grind_winner"": 0.0, ""smooth_trend_winner"": 0.4300226343660488, ""stair_step_winner"": 0.09529370969365862}",smooth_trend_winner,jump_repricing_winner,0.64962040647198,0.06192588393168197,0.42105263157894735,0.02631578947368421
up50pct,train,up50pct::SZ300256::000000,16,"{""choppy_reversal_winner"": 0.3041880887727556, ""jump_repricing_winner"": 0.049597066863774866, ""late_rescue_winner"": 0.2606152191252494, ""slow_grind_winner"": 0.0, ""smooth_trend_winner"": 0.03360900828459129, ""stair_step_winner"": 0.3519906169536289}",stair_step_winner,choppy_reversal_winner,0.7495510074000767,0.06366069317248656,0.0,0.0
up50pct,train,up50pct::SZ300259::000000,25,"{""choppy_reversal_winner"": 0.2640985861562862, ""jump_repricing_winner"": 0.05373728535336288, ""late_rescue_winner"": 0.4567645865320739, ""slow_grind_winner"": 0.0, ""smooth_trend_winner"": 0.07165670733606705, ""stair_step_winner"": 0.15374283462220992}",late_rescue_winner,choppy_reversal_winner,0.7497716293147592,0.10738513161338868,0.48,0.24
up50pct,validation,up50pct::SZ300260::000000,46,"{""choppy_reversal_winner"": 0.33775405845138917, ""jump_repricing_winner"": 0.04321603857611766, ""late_rescue_winner"": 0.5007865893355425, ""slow_grind_winner"": 0.0, ""smooth_trend_winner"": 0.02763092131407263, ""stair_step_winner"": 0.09061239232287792}",late_rescue_winner,choppy_reversal_winner,0.6504473288649174,0.07412709923936683,0.2826086956521739,0.0
up50pct,train,up50pct::SZ300261::000000,37,"{""choppy_reversal_winner"": 0.4555464297145794, ""jump_repricing_winner"": 0.019126527597077583, ""late_rescue_winner"": 0.34458495276952783, ""slow_grind_winner"": 0.0, ""smooth_trend_winner"": 0.010705029414004679, ""stair_step_winner"": 0.17003706050481052}",choppy_reversal_winner,late_rescue_winner,0.6422796633866392,0.020230620041698403,0.0,0.02702702702702703
up50pct,train,up50pct::SZ300266::000000,2,"{""choppy_reversal_winner"": 0.3999239484742487, ""jump_repricing_winner"": 0.03810208594825744, ""late_rescue_winner"": 0.1959211794836055, ""slow_grind_winner"": 0.0, ""smooth_trend_winner"": 0.020032473688664957, ""stair_step_winner"": 0.34602031240522335}",choppy_reversal_winner,stair_step_winner,0.700949198460737,0.003563185435135911,0.0,0.0
up50pct,train,up50pct::SZ300267::000000,22,"{""choppy_reversal_winner"": 0.02916725606481262, ""jump_repricing_winner"": 0.38513650818474754, ""late_rescue_winner"": 0.017267135623197934, ""slow_grind_winner"": 0.0, ""smooth_trend_winner"": 0.537716560338025, ""stair_step_winner"": 0.030712539789216942}",smooth_trend_winner,jump_repricing_winner,0.54764690028609,0.0691140977351692,0.6818181818181818,0.13636363636363635
up50pct,train,up50pct::SZ300267::000001,15,"{""choppy_reversal_winner"": 0.055739979141859644, ""jump_repricing_winner"": 0.39156792631413884, ""late_rescue_winner"": 0.02847776507487487, ""slow_grind_winner"": 0.0, ""smooth_trend_winner"": 0.2651366008056951, ""stair_step_winner"": 0.2590777286634315}",jump_repricing_winner,smooth_trend_winner,0.7430059638200606,0.07326017179952622,0.0,0.0
up50pct,train,up50pct::SZ300276::000000,72,"{""choppy_reversal_winner"": 0.21021947253572756, ""jump_repricing_winner"": 0.20817458342947034, ""late_rescue_winner"": 0.24862819479566411, ""slow_grind_winner"": 0.0, ""smooth_trend_winner"": 0.1134456449726889, ""stair_step_winner"": 0.21953210426644906}",late_rescue_winner,stair_step_winner,0.8820253250932606,0.15248600523029224,0.19444444444444445,0.0
up50pct,train,up50pct::SZ300284::000000,133,"{""choppy_reversal_winner"": 0.3331963415018906, ""jump_repricing_winner"": 0.014786420945942702, ""late_rescue_winner"": 0.5459586897580081, ""slow_grind_winner"": 0.0, ""smooth_trend_winner"": 0.015652855809002827, ""stair_step_winner"": 0.09040569198515584}",late_rescue_winner,choppy_reversal_winner,0.5811482332383613,0.04878150067949755,0.47368421052631576,0.0
up50pct,train,up50pct::SZ300285::000000,194,"{""choppy_reversal_winner"": 0.17721693921996096, ""jump_repricing_winner"": 0.14440788438291743, ""late_rescue_winner"": 0.09585173169504599, ""slow_grind_winner"": 0.0, ""smooth_trend_winner"": 0.17659736373070894, ""stair_step_winner"": 0.4059260809713667}",stair_step_winner,choppy_reversal_winner,0.8277014318372043,0.11225215054956134,0.13917525773195877,0.005154639175257732
up50pct,train,up50pct::SZ300287::000000,113,"{""choppy_reversal_winner"": 0.28274763985427964, ""jump_repricing_winner"": 0.09943215625977535, ""late_rescue_winner"": 0.24665953250703335, ""slow_grind_winner"": 0.0, ""smooth_trend_winner"": 0.11265744390088218, ""stair_step_winner"": 0.2585032274780295}",choppy_reversal_winner,stair_step_winner,0.8525904232066562,0.13237562760763336,0.20353982300884957,0.07079646017699115
up50pct,train,up50pct::SZ300288::000000,42,"{""choppy_reversal_winner"": 0.36037559569892536, ""jump_repricing_winner"": 0.0083807825333821, ""late_rescue_winner"": 0.5382403705885209, ""slow_grind_winner"": 0.0, ""smooth_trend_winner"": 0.0049946060222887155, ""stair_step_winner"": 0.08800864515688289}",late_rescue_winner,choppy_reversal_winner,0.5478683664252568,0.019770079024314963,0.38095238095238093,0.0
up50pct,train,up50pct::SZ300292::000000,52,"{""choppy_reversal_winner"": 0.024501794610080598, ""jump_repricing_winner"": 0.43974513891563777, ""late_rescue_winner"": 0.015748859857842336, ""slow_grind_winner"": 0.0, ""smooth_trend_winner"": 0.4693548692767256, ""stair_step_winner"": 0.0506493373397138}",smooth_trend_winner,jump_repricing_winner,0.5712955543217553,0.07116728791822925,0.5192307692307693,0.07692307692307693
up50pct,train,up50pct::SZ300292::000001,1,"{""choppy_reversal_winner"": 0.06672848858055022, ""jump_repricing_winner"": 0.38304732587358636, ""late_rescue_winner"": 0.03847387039697514, ""slow_grind_winner"": 0.0, ""smooth_trend_winner"": 0.2668802652175456, ""stair_step_winner"": 0.2448700499313428}",jump_repricing_winner,smooth_trend_winner,0.7649621892609523,0.0,0.0,0.0
up50pct,train,up50pct::SZ300294::000000,187,"{""choppy_reversal_winner"": 0.2532990580752913, ""jump_repricing_winner"": 0.1371381671587274, ""late_rescue_winner"": 0.13209994860303553, ""slow_grind_winner"": 0.0, ""smooth_trend_winner"": 0.13372311791363525, ""stair_step_winner"": 0.34373970824931055}",stair_step_winner,choppy_reversal_winner,0.8504502823928795,0.1244416431949281,0.18181818181818182,0.0
up50pct,train,up50pct::SZ300294::000001,101,"{""choppy_reversal_winner"": 0.16020339209783974, ""jump_repricing_winner"": 0.2752008666298371, ""late_rescue_winner"": 0.08950155993277682, ""slow_grind_winner"": 0.0, ""smooth_trend_winner"": 0.19643147818465473, ""stair_step_winner"": 0.2786627031548915}",stair_step_winner,jump_repricing_winner,0.859610991600705,0.12601396957394057,0.0594059405940594,0.12871287128712872
up50pct,train,up50pct::SZ300296::000000,59,"{""choppy_reversal_winner"": 0.06989420435728373, ""jump_repricing_winner"": 0.33583626945947903, ""late_rescue_winner"": 0.041990393526325075, ""slow_grind_winner"": 0.0, ""smooth_trend_winner"": 0.2914215965848036, ""stair_step_winner"": 0.26085753607210854}",jump_repricing_winner,smooth_trend_winner,0.7787822565950024,0.09151083765015583,0.22033898305084745,0.01694915254237288
up50pct,train,up50pct::SZ300299::000000,22,"{""choppy_reversal_winner"": 0.2866398526698816, ""jump_repricing_winner"": 0.2003823921940037, ""late_rescue_winner"": 0.2202549157747222, ""slow_grind_winner"": 0.0, ""smooth_trend_winner"": 0.08265787555458669, ""stair_step_winner"": 0.21006496380680587}",choppy_reversal_winner,late_rescue_winner,0.8636015522566759,0.14978891121498303,0.0,0.0
up50pct,train,up50pct::SZ300300::000000,125,"{""choppy_reversal_winner"": 0.3228918497971857, ""jump_repricing_winner"": 0.021136019915466365, ""late_rescue_winner"": 0.5391910100530577, ""slow_grind_winner"": 0.0, ""smooth_trend_winner"": 0.02955812847763044, ""stair_step_winner"": 0.08722299175665967}",late_rescue_winner,choppy_reversal_winner,0.6119260590840627,0.05596857999465818,0.032,0.0
up50pct,train,up50pct::SZ300307::000000,21,"{""choppy_reversal_winner"": 0.3230721652120253, ""jump_repricing_winner"": 0.025898123303942124, ""late_rescue_winner"": 0.42299966458888444, ""slow_grind_winner"": 0.0, ""smooth_trend_winner"": 0.01937212808842392, ""stair_step_winner"": 0.20865791880672432}",late_rescue_winner,choppy_reversal_winner,0.6847889801064394,0.012106812540449147,0.0,0.09523809523809523
up50pct,validation,up50pct::SZ300308::000000,52,"{""choppy_reversal_winner"": 0.010996243032481486, ""jump_repricing_winner"": 0.4981134375949899, ""late_rescue_winner"": 0.006917972773665917, ""slow_grind_winner"": 0.0, ""smooth_trend_winner"": 0.448199108871317, ""stair_step_winner"": 0.03577323772754583}",jump_repricing_winner,smooth_trend_winner,0.5078718045700464,0.02099597047826163,0.38461538461538464,0.28846153846153844
up50pct,train,up50pct::SZ300310::000000,61,"{""choppy_reversal_winner"": 0.25539261449164047, ""jump_repricing_winner"": 0.0645976860401224, ""late_rescue_winner"": 0.4613529295810197, ""slow_grind_winner"": 0.0, ""smooth_trend_winner"": 0.11305046483268208, ""stair_step_winner"": 0.10560630505453536}",late_rescue_winner,choppy_reversal_winner,0.7625555853760729,0.11808470627837786,0.26229508196721313,0.0
up50pct,train,up50pct::SZ300311::000000,36,"{""choppy_reversal_winner"": 0.3240412102537054, ""jump_repricing_winner"": 0.08157753117810589, ""late_rescue_winner"": 0.25437033548938615, ""slow_grind_winner"": 0.0, ""smooth_trend_winner"": 0.13997593336472822, ""stair_step_winner"": 0.20003498971407435}",choppy_reversal_winner,late_rescue_winner,0.845522007742109,0.1419170910394024,0.19444444444444445,0.0
up50pct,train,up50pct::SZ300315::000000,156,"{""choppy_reversal_winner"": 0.1524721997370667, ""jump_repricing_winner"": 0.21906081352585582, ""late_rescue_winner"": 0.08348815723797931, ""slow_grind_winner"": 0.0, ""smooth_trend_winner"": 0.2520756548466967, ""stair_step_winner"": 0.2929031746524015}",stair_step_winner,smooth_trend_winner,0.8559857755439306,0.14185105003196885,0.2948717948717949,0.0
up50pct,train,up50pct::SZ300316::000000,192,"{""choppy_reversal_winner"": 0.12529505000884814, ""jump_repricing_winner"": 0.2333694483472526, ""late_rescue_winner"": 0.07036353871283536, ""slow_grind_winner"": 0.0, ""smooth_trend_winner"": 0.2283504310736156, ""stair_step_winner"": 0.3426215318574483}",stair_step_winner,jump_repricing_winner,0.8320418409070938,0.1318344355043475,0.23958333333333334,0.005208333333333333
up50pct,train,up50pct::SZ300317::000000,47,"{""choppy_reversal_winner"": 0.3228078247500084, ""jump_repricing_winner"": 0.07126701956161156, ""late_rescue_winner"": 0.39049185971121186, ""slow_grind_winner"": 0.0, ""smooth_trend_winner"": 0.071440126118542, ""stair_step_winner"": 0.14399316985862615}",late_rescue_winner,choppy_reversal_winner,0.7746664157270802,0.09568227062282793,0.0425531914893617,0.0
up50pct,train,up50pct::SZ300318::000000,5,"{""choppy_reversal_winner"": 0.07105561571588534, ""jump_repricing_winner"": 0.508631348729316, ""late_rescue_winner"": 0.039780917509973326, ""slow_grind_winner"": 0.0, ""smooth_trend_winner"": 0.22193206999131337, ""stair_step_winner"": 0.15860004805351197}",jump_repricing_winner,smooth_trend_winner,0.7178114098898483,0.03728649681151835,0.0,0.2
up50pct,train,up50pct::SZ300322::000000,163,"{""choppy_reversal_winner"": 0.2699729936394911, ""jump_repricing_winner"": 0.06279464537603419, ""late_rescue_winner"": 0.4018863165590979, ""slow_grind_winner"": 0.0, ""smooth_trend_winner"": 0.0517382245480318, ""stair_step_winner"": 0.21360781987734503}",late_rescue_winner,choppy_reversal_winner,0.768310536977321,0.12227647101387663,0.3128834355828221,0.018404907975460124
up50pct,train,up50pct::SZ300324::000000,3,"{""choppy_reversal_winner"": 0.10623573715972238, ""jump_repricing_winner"": 0.2969869410097101, ""late_rescue_winner"": 0.05631242141048994, ""slow_grind_winner"": 0.0, ""smooth_trend_winner"": 0.19375558168324572, ""stair_step_winner"": 0.3467093187368318}",stair_step_winner,jump_repricing_winner,0.8070258776952047,0.09732287651352195,0.0,0.0
up50pct,train,up50pct::SZ300324::000001,16,"{""choppy_reversal_winner"": 0.3416314149349945, ""jump_repricing_winner"": 0.0061441832666282205, ""late_rescue_winner"": 0.5801629463316876, ""slow_grind_winner"": 0.0, ""smooth_trend_winner"": 0.0036020586335953407, ""stair_step_winner"": 0.0684593968330943}",late_rescue_winner,choppy_reversal_winner,0.5122987631174221,0.0031859962465890196,1.0,0.0
up50pct,train,up50pct::SZ300326::000000,141,"{""choppy_reversal_winner"": 0.14591710824342446, ""jump_repricing_winner"": 0.214936971608226, ""late_rescue_winner"": 0.08764348601207649, ""slow_grind_winner"": 0.0, ""smooth_trend_winner"": 0.22687540799526942, ""stair_step_winner"": 0.3246270261410037}",stair_step_winner,smooth_trend_winner,0.8519162516209233,0.0990989918712018,0.18439716312056736,0.0851063829787234
up50pct,train,up50pct::SZ300328::000000,12,"{""choppy_reversal_winner"": 0.2677790698666362, ""jump_repricing_winner"": 0.08352541848127026, ""late_rescue_winner"": 0.15610221908662475, ""slow_grind_winner"": 0.0, ""smooth_trend_winner"": 0.049189010722651305, ""stair_step_winner"": 0.4434042818428175}",stair_step_winner,choppy_reversal_winner,0.7584024075497237,0.03858607746369505,0.0,0.0
up50pct,train,up50pct::SZ300328::000001,136,"{""choppy_reversal_winner"": 0.2870655283064848, ""jump_repricing_winner"": 0.04233394068031198, ""late_rescue_winner"": 0.4895341638921181, ""slow_grind_winner"": 0.0, ""smooth_trend_winner"": 0.028881651843920095, ""stair_step_winner"": 0.15218471527716496}",late_rescue_winner,choppy_reversal_winner,0.686865006455474,0.10109976756023607,0.5588235294117647,0.0
up50pct,train,up50pct::SZ300331::000000,5,"{""choppy_reversal_winner"": 0.4621956229120361, ""jump_repricing_winner"": 0.01281280235648465, ""late_rescue_winner"": 0.3536983130587996, ""slow_grind_winner"": 0.0, ""smooth_trend_winner"": 0.007782231401938086, ""stair_step_winner"": 0.16351103027074151}",choppy_reversal_winner,late_rescue_winner,0.6217503525763639,0.00976726219496235,0.0,0.0
up50pct,train,up50pct::SZ300331::000001,32,"{""choppy_reversal_winner"": 0.30256766360219667, ""jump_repricing_winner"": 0.011310863673425459, ""late_rescue_winner"": 0.5741373908590928, ""slow_grind_winner"": 0.0, ""smooth_trend_winner"": 0.007222072555902573, ""stair_step_winner"": 0.10476200930938262}",late_rescue_winner,choppy_reversal_winner,0.5597514639323796,0.04111157602167859,0.78125,0.0
up50pct,train,up50pct::SZ300339::000000,260,"{""choppy_reversal_winner"": 0.3361120381578484, ""jump_repricing_winner"": 0.0803005539487751, ""late_rescue_winner"": 0.2803678456460877, ""slow_grind_winner"": 0.0, ""smooth_trend_winner"": 0.0763204250346641, ""stair_step_winner"": 0.22689913721262475}",choppy_reversal_winner,late_rescue_winner,0.8139595851622377,0.10501392576436959,0.015384615384615385,0.1423076923076923
up50pct,robustness,up50pct::SZ300339::000002,2,"{""choppy_reversal_winner"": 0.013324299678896624, ""jump_repricing_winner"": 0.6270915419214576, ""late_rescue_winner"": 0.007383870374093052, ""slow_grind_winner"": 0.0, ""smooth_trend_winner"": 0.30094242595499515, ""stair_step_winner"": 0.05125786207055762}",jump_repricing_winner,smooth_trend_winner,0.5023464909581286,0.005108920607726836,1.0,0.0
up50pct,train,up50pct::SZ300341::000000,24,"{""choppy_reversal_winner"": 0.2995464250827675, ""jump_repricing_winner"": 0.0125927338627353, ""late_rescue_winner"": 0.5786304650243426, ""slow_grind_winner"": 0.0, ""smooth_trend_winner"": 0.008531936991819472, ""stair_step_winner"": 0.10069843903833518}",late_rescue_winner,choppy_reversal_winner,0.5606571365881287,0.012906177336075223,0.2916666666666667,0.0
up50pct,train,up50pct::SZ300342::000000,65,"{""choppy_reversal_winner"": 0.283808911881953, ""jump_repricing_winner"": 0.0260243080044314, ""late_rescue_winner"": 0.5832877889668256, ""slow_grind_winner"": 0.0, ""smooth_trend_winner"": 0.02089296315994155, ""stair_step_winner"": 0.08598602798684826}",late_rescue_winner,choppy_reversal_winner,0.5908323000057834,0.05665638241179872,0.5538461538461539,0.0
up50pct,robustness,up50pct::SZ300347::000000,33,"{""choppy_reversal_winner"": 0.16373604910275086, ""jump_repricing_winner"": 0.25843715025427544, ""late_rescue_winner"": 0.12005131196578211, ""slow_grind_winner"": 0.0, ""smooth_trend_winner"": 0.14730101067192247, ""stair_step_winner"": 0.3104744780052691}",stair_step_winner,jump_repricing_winner,0.862689045307177,0.057437519048278485,0.0,0.5151515151515151
up50pct,robustness,up50pct::SZ300347::000001,7,"{""choppy_reversal_winner"": 0.013778867191132884, ""jump_repricing_winner"": 0.29659693399575693, ""late_rescue_winner"": 0.008712756942218645, ""slow_grind_winner"": 0.0, ""smooth_trend_winner"": 0.6235854249065425, ""stair_step_winner"": 0.057326016964349136}",smooth_trend_winner,jump_repricing_winner,0.5130350230985523,0.01442886755855984,0.7142857142857143,0.0
up50pct,train,up50pct::SZ300352::000000,114,"{""choppy_reversal_winner"": 0.18787636824349735, ""jump_repricing_winner"": 0.15598972935834726, ""late_rescue_winner"": 0.11304193833280261, ""slow_grind_winner"": 0.0, ""smooth_trend_winner"": 0.14563269153957958, ""stair_step_winner"": 0.3974592725257733}",stair_step_winner,choppy_reversal_winner,0.8358739375704572,0.1260207044933167,0.09649122807017543,0.06140350877192982
up50pct,train,up50pct::SZ300353::000000,91,"{""choppy_reversal_winner"": 0.33335173396679146, ""jump_repricing_winner"": 0.008683708450938372, ""late_rescue_winner"": 0.5777223307321757, ""slow_grind_winner"": 0.0, ""smooth_trend_winner"": 0.005196554710482284, ""stair_step_winner"": 0.07504567213961205}",late_rescue_winner,choppy_reversal_winner,0.5280122671953958,0.014853082664495315,0.7362637362637363,0.0
up50pct,train,up50pct::SZ300355::000000,68,"{""choppy_reversal_winner"": 0.3280129079725417, ""jump_repricing_winner"": 0.032979044101664176, ""late_rescue_winner"": 0.46014953026263905, ""slow_grind_winner"": 0.0, ""smooth_trend_winner"": 0.030486621927962306, ""stair_step_winner"": 0.14837189573519285}",late_rescue_winner,choppy_reversal_winner,0.6835952556998075,0.08351239911213319,0.39705882352941174,0.1323529411764706
up50pct,train,up50pct::SZ300357::000000,287,"{""choppy_reversal_winner"": 0.15086716772273492, ""jump_repricing_winner"": 0.20621685436994558, ""late_rescue_winner"": 0.0821955039397258, ""slow_grind_winner"": 0.0, ""smooth_trend_winner"": 0.17367644884086417, ""stair_step_winner"": 0.38704402512672953}",stair_step_winner,jump_repricing_winner,0.8303136349246129,0.11651114873513492,0.12195121951219512,0.013937282229965157
up50pct,train,up50pct::SZ300359::000000,6,"{""choppy_reversal_winner"": 0.4399672375599046, ""jump_repricing_winner"": 0.027123561042471708, ""late_rescue_winner"": 0.3314180047145958, ""slow_grind_winner"": 0.0, ""smooth_trend_winner"": 0.014710792490614482, ""stair_step_winner"": 0.18678040419241357}",choppy_reversal_winner,late_rescue_winner,0.6700357280051286,0.01739887997558775,0.0,0.0
up50pct,robustness,up50pct::SZ300364::000000,80,"{""choppy_reversal_winner"": 0.2958361880592144, ""jump_repricing_winner"": 0.11469678630524278, ""late_rescue_winner"": 0.24958692283372869, ""slow_grind_winner"": 0.0, ""smooth_trend_winner"": 0.05943904295419714, ""stair_step_winner"": 0.28044105984761697}",choppy_reversal_winner,stair_step_winner,0.8256878744875671,0.07547444178385988,0.0,0.35
up50pct,train,up50pct::SZ300365::000000,6,"{""choppy_reversal_winner"": 0.007613789864770566, ""jump_repricing_winner"": 0.34178688656710515, ""late_rescue_winner"": 0.005622791125961128, ""slow_grind_winner"": 0.0, ""smooth_trend_winner"": 0.6183052788517612, ""stair_step_winner"": 0.026671253590401983}",smooth_trend_winner,jump_repricing_winner,0.4616282473247894,0.010787738497157154,0.5,0.5
up50pct,train,up50pct::SZ300366::000000,50,"{""choppy_reversal_winner"": 0.3845838990010688, ""jump_repricing_winner"": 0.03565846276220532, ""late_rescue_winner"": 0.2784404790366024, ""slow_grind_winner"": 0.0, ""smooth_trend_winner"": 0.030618449144070983, ""stair_step_winner"": 0.27069871005605256}",choppy_reversal_winner,late_rescue_winner,0.7271394668396959,0.05729603787158242,0.02,0.52
up50pct,train,up50pct::SZ300368::000000,17,"{""choppy_reversal_winner"": 0.3784071956938114, ""jump_repricing_winner"": 0.021034252923893413, ""late_rescue_winner"": 0.3520787130166376, ""slow_grind_winner"": 0.0, ""smooth_trend_winner"": 0.013887695238488804, ""stair_step_winner"": 0.23459214312716878}",choppy_reversal_winner,late_rescue_winner,0.678674959254389,0.025030549159453408,0.0,0.0
up50pct,train,up50pct::SZ300369::000000,102,"{""choppy_reversal_winner"": 0.1295261486555542, ""jump_repricing_winner"": 0.294011869024338, ""late_rescue_winner"": 0.06830842040523906, ""slow_grind_winner"": 0.0, ""smooth_trend_winner"": 0.17625534363384093, ""stair_step_winner"": 0.33189821828102783}",stair_step_winner,jump_repricing_winner,0.8259888376977952,0.11709551873314887,0.18627450980392157,0.0784313725490196
up50pct,train,up50pct::SZ300374::000000,14,"{""choppy_reversal_winner"": 0.34689212735857883, ""jump_repricing_winner"": 0.011280137759450169, ""late_rescue_winner"": 0.5355185514239139, ""slow_grind_winner"": 0.0, ""smooth_trend_winner"": 0.006951485091865574, ""stair_step_winner"": 0.09935769836619147}",late_rescue_winner,choppy_reversal_winner,0.5671852089266941,0.012831828747185173,0.07142857142857142,0.0
up50pct,train,up50pct::SZ300376::000000,99,"{""choppy_reversal_winner"": 0.0834556711074912, ""jump_repricing_winner"": 0.41745028140657503, ""late_rescue_winner"": 0.04658081785082174, ""slow_grind_winner"": 0.0, ""smooth_trend_winner"": 0.2780168933100361, ""stair_step_winner"": 0.17449633632507597}",jump_repricing_winner,smooth_trend_winner,0.7675736433615155,0.11119452584909452,0.3434343434343434,0.1717171717171717
up50pct,train,up50pct::SZ300376::000001,116,"{""choppy_reversal_winner"": 0.14133241447907263, ""jump_repricing_winner"": 0.30932285932523906, ""late_rescue_winner"": 0.0799134230999433, ""slow_grind_winner"": 0.0, ""smooth_trend_winner"": 0.21791612601520818, ""stair_step_winner"": 0.25151517708053683}",jump_repricing_winner,stair_step_winner,0.8486597251533531,0.12349756905431693,0.22413793103448276,0.034482758620689655
up50pct,train,up50pct::SZ300383::000000,61,"{""choppy_reversal_winner"": 0.07236401155447122, ""jump_repricing_winner"": 0.25644786320478224, ""late_rescue_winner"": 0.03931726695921609, ""slow_grind_winner"": 0.0, ""smooth_trend_winner"": 0.3311962369875441, ""stair_step_winner"": 0.3006746212939863}",smooth_trend_winner,stair_step_winner,0.77776209765121,0.10534972792800934,0.09836065573770492,0.0
up50pct,robustness,up50pct::SZ300383::000002,3,"{""choppy_reversal_winner"": 0.33001172980770194, ""jump_repricing_winner"": 0.056885554074950634, ""late_rescue_winner"": 0.16212852021762136, ""slow_grind_winner"": 0.0, ""smooth_trend_winner"": 0.028557275672190224, ""stair_step_winner"": 0.42241692022753585}",stair_step_winner,choppy_reversal_winner,0.7196690931688653,0.003947495292859652,0.0,0.0
up50pct,train,up50pct::SZ300384::000000,13,"{""choppy_reversal_winner"": 0.35549572841613075, ""jump_repricing_winner"": 0.025916533312778853, ""late_rescue_winner"": 0.4258351504979578, ""slow_grind_winner"": 0.0, ""smooth_trend_winner"": 0.017245178501702093, ""stair_step_winner"": 0.1755074092714304}",late_rescue_winner,choppy_reversal_winner,0.6704529089989241,0.017595639573623322,0.0,0.0
up50pct,train,up50pct::SZ300386::000000,169,"{""choppy_reversal_winner"": 0.2626667425040843, ""jump_repricing_winner"": 0.11723596717383107, ""late_rescue_winner"": 0.1811508754222116, ""slow_grind_winner"": 0.0, ""smooth_trend_winner"": 0.09432207901358762, ""stair_step_winner"": 0.3446243358862854}",stair_step_winner,choppy_reversal_winner,0.8381501592172106,0.12139514024929114,0.023668639053254437,0.023668639053254437
up50pct,train,up50pct::SZ300393::000000,13,"{""choppy_reversal_winner"": 0.28244785974843023, ""jump_repricing_winner"": 0.13314211172255425, ""late_rescue_winner"": 0.22696648909989645, ""slow_grind_winner"": 0.0, ""smooth_trend_winner"": 0.07166664994896924, ""stair_step_winner"": 0.2857768894801498}",stair_step_winner,choppy_reversal_winner,0.8421722249813117,0.03745877182636966,0.0,0.9230769230769231
up50pct,validation,up50pct::SZ300394::000000,10,"{""choppy_reversal_winner"": 0.06531095962819308, ""jump_repricing_winner"": 0.5133904212594789, ""late_rescue_winner"": 0.03532054442043406, ""slow_grind_winner"": 0.0, ""smooth_trend_winner"": 0.22784323815287494, ""stair_step_winner"": 0.15813483653901902}",jump_repricing_winner,smooth_trend_winner,0.7072559654927003,0.04159910942943459,0.1,0.0
up50pct,robustness,up50pct::SZ300394::000002,206,"{""choppy_reversal_winner"": 0.20027197420550874, ""jump_repricing_winner"": 0.24695155430078297, ""late_rescue_winner"": 0.14101614774240104, ""slow_grind_winner"": 0.0, ""smooth_trend_winner"": 0.21561887839747357, ""stair_step_winner"": 0.1961414453538337}",jump_repricing_winner,smooth_trend_winner,0.8896141704574296,0.1495399584904283,0.25728155339805825,0.05825242718446602
up50pct,train,up50pct::SZ300397::000000,65,"{""choppy_reversal_winner"": 0.17425623767048506, ""jump_repricing_winner"": 0.20843807756580782, ""late_rescue_winner"": 0.12287560559801436, ""slow_grind_winner"": 0.0, ""smooth_trend_winner"": 0.26555865030049125, ""stair_step_winner"": 0.22887142886520148}",smooth_trend_winner,stair_step_winner,0.8810004461271796,0.13758917179895178,0.26153846153846155,0.15384615384615385
up50pct,train,up50pct::SZ300397::000001,18,"{""choppy_reversal_winner"": 0.005924121879028702, ""jump_repricing_winner"": 0.35378836191347895, ""late_rescue_winner"": 0.003730516128554677, ""slow_grind_winner"": 0.0, ""smooth_trend_winner"": 0.6142862618849908, ""stair_step_winner"": 0.022270738193947}",smooth_trend_winner,jump_repricing_winner,0.448114891956492,0.0107770833100104,1.0,0.0
up50pct,train,up50pct::SZ300411::000000,18,"{""choppy_reversal_winner"": 0.28613533670613417, ""jump_repricing_winner"": 0.06550743442452685, ""late_rescue_winner"": 0.4686924178707026, ""slow_grind_winner"": 0.0, ""smooth_trend_winner"": 0.06351824924658662, ""stair_step_winner"": 0.11614656175204978}",late_rescue_winner,choppy_reversal_winner,0.734975731663052,0.10072383422963617,0.05555555555555555,0.16666666666666666
up50pct,train,up50pct::SZ300413::000000,209,"{""choppy_reversal_winner"": 0.14705394522964998, ""jump_repricing_winner"": 0.20790072307173818, ""late_rescue_winner"": 0.09296239613330384, ""slow_grind_winner"": 0.0, ""smooth_trend_winner"": 0.20751790336775588, ""stair_step_winner"": 0.34456503219755197}",stair_step_winner,jump_repricing_winner,0.8498554146198751,0.12789117621923293,0.14354066985645933,0.05741626794258373
up50pct,validation,up50pct::SZ300413::000002,19,"{""choppy_reversal_winner"": 0.05746302489495231, ""jump_repricing_winner"": 0.3361813391074882, ""late_rescue_winner"": 0.032427823624944466, ""slow_grind_winner"": 0.0, ""smooth_trend_winner"": 0.32623276727575323, ""stair_step_winner"": 0.24769504509686177}",jump_repricing_winner,smooth_trend_winner,0.7550730349303054,0.06640038226670049,0.0,0.0
up50pct,robustness,up50pct::SZ300413::000003,94,"{""choppy_reversal_winner"": 0.14911003786248309, ""jump_repricing_winner"": 0.33803451017952024, ""late_rescue_winner"": 0.1002834728638753, ""slow_grind_winner"": 0.0, ""smooth_trend_winner"": 0.2704933602658438, ""stair_step_winner"": 0.1420786188282776}",jump_repricing_winner,smooth_trend_winner,0.84383524016485,0.1431713980897206,0.39361702127659576,0.05319148936170213
up50pct,validation,up50pct::SZ300418::000000,71,"{""choppy_reversal_winner"": 0.03791655428377849, ""jump_repricing_winner"": 0.3711680632548342, ""late_rescue_winner"": 0.022301970798946618, ""slow_grind_winner"": 0.0, ""smooth_trend_winner"": 0.4759589356958697, ""stair_step_winner"": 0.09265447596657093}",smooth_trend_winner,jump_repricing_winner,0.64212567463051,0.08947993241945268,0.5633802816901409,0.16901408450704225
up50pct,train,up50pct::SZ300436::000000,11,"{""choppy_reversal_winner"": 0.39190751694371145, ""jump_repricing_winner"": 0.014245481345677748, ""late_rescue_winner"": 0.40644513494192314, ""slow_grind_winner"": 0.0, ""smooth_trend_winner"": 0.00893674725058432, ""stair_step_winner"": 0.17846511951810332}",late_rescue_winner,choppy_reversal_winner,0.6380981095482517,0.008709941351539895,0.0,0.0
up50pct,train,up50pct::SZ300441::000000,1,"{""choppy_reversal_winner"": 0.22776938948953168, ""jump_repricing_winner"": 0.1338780562384204, ""late_rescue_winner"": 0.11960821289487732, ""slow_grind_winner"": 0.0, ""smooth_trend_winner"": 0.06903932000759189, ""stair_step_winner"": 0.4497050213695785}",stair_step_winner,choppy_reversal_winner,0.783643056480882,0.0,0.0,0.0
up50pct,train,up50pct::SZ300443::000000,47,"{""choppy_reversal_winner"": 0.30553923320070464, ""jump_repricing_winner"": 0.10415908346378851, ""late_rescue_winner"": 0.22062687564540756, ""slow_grind_winner"": 0.0, ""smooth_trend_winner"": 0.06201340754668271, ""stair_step_winner"": 0.3076614001434165}",stair_step_winner,choppy_reversal_winner,0.8183972627447179,0.03935059407887896,0.0,0.425531914893617
up50pct,train,up50pct::SZ300444::000000,3,"{""choppy_reversal_winner"": 0.30256257240716694, ""jump_repricing_winner"": 0.007748534542243962, ""late_rescue_winner"": 0.606847505290502, ""slow_grind_winner"": 0.0, ""smooth_trend_winner"": 0.004881024645385811, ""stair_step_winner"": 0.07796036311470127}",late_rescue_winner,choppy_reversal_winner,0.5175745911700479,0.00987931541932976,0.6666666666666666,0.0
up50pct,train,up50pct::SZ300448::000000,2,"{""choppy_reversal_winner"": 0.106978496222644, ""jump_repricing_winner"": 0.29731673342739096, ""late_rescue_winner"": 0.08167359231580852, ""slow_grind_winner"": 0.0, ""smooth_trend_winner"": 0.2475764438756455, ""stair_step_winner"": 0.26645473415851095}",jump_repricing_winner,stair_step_winner,0.838484736461618,0.00634077703861453,0.0,0.0
up50pct,robustness,up50pct::SZ300454::000000,229,"{""choppy_reversal_winner"": 0.11347454069163934, ""jump_repricing_winner"": 0.37762278928645504, ""late_rescue_winner"": 0.08234173874771793, ""slow_grind_winner"": 0.0, ""smooth_trend_winner"": 0.20322462522876475, ""stair_step_winner"": 0.2233363060454229}",jump_repricing_winner,stair_step_winner,0.8253979298933631,0.11150126332251308,0.18777292576419213,0.16593886462882096
up50pct,train,up50pct::SZ300455::000000,173,"{""choppy_reversal_winner"": 0.28117794460307116, ""jump_repricing_winner"": 0.056653416186433735, ""late_rescue_winner"": 0.4726471763314266, ""slow_grind_winner"": 0.0, ""smooth_trend_winner"": 0.09849237725518678, ""stair_step_winner"": 0.09102908562388173}",late_rescue_winner,choppy_reversal_winner,0.7367263119702634,0.11423171744364595,0.4624277456647399,0.005780346820809248
up50pct,train,up50pct::SZ300457::000000,25,"{""choppy_reversal_winner"": 0.0571646174363605, ""jump_repricing_winner"": 0.34137000683818025, ""late_rescue_winner"": 0.03318739943137795, ""slow_grind_winner"": 0.0, ""smooth_trend_winner"": 0.39493534779414274, ""stair_step_winner"": 0.1733426284999386}",smooth_trend_winner,jump_repricing_winner,0.733472497477081,0.0870538592435654,0.44,0.0
up50pct,validation,up50pct::SZ300457::000001,9,"{""choppy_reversal_winner"": 0.30540164116838603, ""jump_repricing_winner"": 0.02847965595007527, ""late_rescue_winner"": 0.4863770064412772, ""slow_grind_winner"": 0.0, ""smooth_trend_winner"": 0.020058256635909655, ""stair_step_winner"": 0.15968343980435173}",late_rescue_winner,choppy_reversal_winner,0.661650044044768,0.005097495840184715,0.0,0.0
up50pct,robustness,up50pct::SZ300458::000000,45,"{""choppy_reversal_winner"": 0.055417055977366785, ""jump_repricing_winner"": 0.4859809656588555, ""late_rescue_winner"": 0.0378901445480646, ""slow_grind_winner"": 0.0, ""smooth_trend_winner"": 0.2568166160632036, ""stair_step_winner"": 0.16389521775250965}",jump_repricing_winner,smooth_trend_winner,0.7146784435796136,0.0727144960244135,0.1111111111111111,0.08888888888888889
up50pct,train,up50pct::SZ300465::000000,36,"{""choppy_reversal_winner"": 0.33911432289404697, ""jump_repricing_winner"": 0.01910693600146023, ""late_rescue_winner"": 0.49249750872927567, ""slow_grind_winner"": 0.0, ""smooth_trend_winner"": 0.011604605330882848, ""stair_step_winner"": 0.13767662704433437}",late_rescue_winner,choppy_reversal_winner,0.622778401709222,0.04913394296095453,0.16666666666666666,0.0
up50pct,train,up50pct::SZ300467::000000,39,"{""choppy_reversal_winner"": 0.2298580865192404, ""jump_repricing_winner"": 0.08331022411803712, ""late_rescue_winner"": 0.45242178137231337, ""slow_grind_winner"": 0.0, ""smooth_trend_winner"": 0.17293741731974677, ""stair_step_winner"": 0.06147249067066247}",late_rescue_winner,choppy_reversal_winner,0.7695039228618554,0.13842120699807575,0.8461538461538461,0.10256410256410256
up50pct,train,up50pct::SZ300468::000000,2,"{""choppy_reversal_winner"": 0.3074398446381667, ""jump_repricing_winner"": 0.009267562442071695, ""late_rescue_winner"": 0.5874775987756609, ""slow_grind_winner"": 0.0, ""smooth_trend_winner"": 0.005934842196290036, ""stair_step_winner"": 0.08988015194781071}",late_rescue_winner,choppy_reversal_winner,0.5388360745138873,0.0021476190667843345,0.5,0.0
up50pct,train,up50pct::SZ300470::000000,40,"{""choppy_reversal_winner"": 0.3627054401522424, ""jump_repricing_winner"": 0.03481896543484312, ""late_rescue_winner"": 0.23674373360251896, ""slow_grind_winner"": 0.0, ""smooth_trend_winner"": 0.021205352720147397, ""stair_step_winner"": 0.3445265080902481}",choppy_reversal_winner,stair_step_winner,0.7114139111719215,0.025826442718919665,0.0,0.0
up50pct,validation,up50pct::SZ300474::000000,42,"{""choppy_reversal_winner"": 0.010865249738116766, ""jump_repricing_winner"": 0.49620367859156883, ""late_rescue_winner"": 0.007184862794163961, ""slow_grind_winner"": 0.0, ""smooth_trend_winner"": 0.4524375838745905, ""stair_step_winner"": 0.03330862500155985}",jump_repricing_winner,smooth_trend_winner,0.5047922256307187,0.03600985233426064,0.42857142857142855,0.5
up50pct,train,up50pct::SZ300475::000000,5,"{""choppy_reversal_winner"": 0.33660069344754245, ""jump_repricing_winner"": 0.024026187833902552, ""late_rescue_winner"": 0.42515878255625117, ""slow_grind_winner"": 0.0, ""smooth_trend_winner"": 0.016096775525294954, ""stair_step_winner"": 0.19811756063700886}",late_rescue_winner,choppy_reversal_winner,0.6735988050821236,0.0012860379797542565,0.0,0.0
up50pct,train,up50pct::SZ300477::000000,21,"{""choppy_reversal_winner"": 0.43794811170417863, ""jump_repricing_winner"": 0.022428646249760865, ""late_rescue_winner"": 0.37053577949469807, ""slow_grind_winner"": 0.0, ""smooth_trend_winner"": 0.01260738132299244, ""stair_step_winner"": 0.15648008122837}",choppy_reversal_winner,late_rescue_winner,0.6474173730641493,0.01825718353181509,0.0,0.0
up50pct,train,up50pct::SZ300485::000000,50,"{""choppy_reversal_winner"": 0.33423492431550506, ""jump_repricing_winner"": 0.11439891165640051, ""late_rescue_winner"": 0.19857213296022103, ""slow_grind_winner"": 0.0, ""smooth_trend_winner"": 0.16993626619193025, ""stair_step_winner"": 0.18285776487594319}",choppy_reversal_winner,late_rescue_winner,0.8635062610810514,0.14004961996930373,0.16,0.02
up50pct,train,up50pct::SZ300493::000000,11,"{""choppy_reversal_winner"": 0.32702878104123784, ""jump_repricing_winner"": 0.0065764690844905245, ""late_rescue_winner"": 0.5967580780553551, ""slow_grind_winner"": 0.0, ""smooth_trend_winner"": 0.0038786730158079986, ""stair_step_winner"": 0.06575799880310869}",late_rescue_winner,choppy_reversal_winner,0.5062903594187148,0.00550562422736165,1.0,0.0
up50pct,robustness,up50pct::SZ300496::000000,117,"{""choppy_reversal_winner"": 0.22461809500145535, ""jump_repricing_winner"": 0.16710568631484474, ""late_rescue_winner"": 0.15349520743492875, ""slow_grind_winner"": 0.0, ""smooth_trend_winner"": 0.0959611996381462, ""stair_step_winner"": 0.35881981161062493}",stair_step_winner,choppy_reversal_winner,0.8453997308558532,0.09110725979700147,0.017094017094017096,0.15384615384615385
up50pct,train,up50pct::SZ300497::000000,46,"{""choppy_reversal_winner"": 0.4273440384862541, ""jump_repricing_winner"": 0.019570338018565094, ""late_rescue_winner"": 0.3889966096582202, ""slow_grind_winner"": 0.0, ""smooth_trend_winner"": 0.010942786587896844, ""stair_step_winner"": 0.15314622724906374}",choppy_reversal_winner,late_rescue_winner,0.6386726943295078,0.02058487938218902,0.0,0.0
up50pct,train,up50pct::SZ300510::000000,27,"{""choppy_reversal_winner"": 0.3725802084943754, ""jump_repricing_winner"": 0.03307409233596512, ""late_rescue_winner"": 0.29081364090755607, ""slow_grind_winner"": 0.0, ""smooth_trend_winner"": 0.018409443953059212, ""stair_step_winner"": 0.28512261430904423}",choppy_reversal_winner,late_rescue_winner,0.709415026189588,0.06633696859725323,0.037037037037037035,0.0
up50pct,train,up50pct::SZ300516::000000,19,"{""choppy_reversal_winner"": 0.31436358180903806, ""jump_repricing_winner"": 0.01723538100739152, ""late_rescue_winner"": 0.4806051037488104, ""slow_grind_winner"": 0.0, ""smooth_trend_winner"": 0.01032666365295753, ""stair_step_winner"": 0.17746926978180255}",late_rescue_winner,choppy_reversal_winner,0.6362334092161196,0.07973257080769727,0.7894736842105263,0.0
up50pct,train,up50pct::SZ300523::000000,43,"{""choppy_reversal_winner"": 0.1758370101130561, ""jump_repricing_winner"": 0.07637280751778763, ""late_rescue_winner"": 0.1280300871085789, ""slow_grind_winner"": 0.0, ""smooth_trend_winner"": 0.06641358619487525, ""stair_step_winner"": 0.553346509065702}",stair_step_winner,choppy_reversal_winner,0.7103648896905608,0.028164672461208556,0.0,0.16279069767441862
up50pct,train,up50pct::SZ300528::000000,10,"{""choppy_reversal_winner"": 0.3037722461454596, ""jump_repricing_winner"": 0.0061560530402229256, ""late_rescue_winner"": 0.6220378219782371, ""slow_grind_winner"": 0.0, ""smooth_trend_winner"": 0.0037194691381017913, ""stair_step_winner"": 0.06431440969797855}",late_rescue_winner,choppy_reversal_winner,0.494415351399992,0.005993173950491537,1.0,0.0
up50pct,robustness,up50pct::SZ300548::000000,65,"{""choppy_reversal_winner"": 0.0508245430724499, ""jump_repricing_winner"": 0.388889340672028, ""late_rescue_winner"": 0.029315945691612097, ""slow_grind_winner"": 0.0, ""smooth_trend_winner"": 0.39906426899691144, ""stair_step_winner"": 0.13190590156699855}",smooth_trend_winner,jump_repricing_winner,0.7009764354740995,0.10633653718130992,0.47692307692307695,0.03076923076923077
up50pct,train,up50pct::SZ300558::000000,1,"{""choppy_reversal_winner"": 0.009392583849174262, ""jump_repricing_winner"": 0.34871608820076355, ""late_rescue_winner"": 0.005495484167211211, ""slow_grind_winner"": 0.0, ""smooth_trend_winner"": 0.6000084990703947, ""stair_step_winner"": 0.03638734471245634}",smooth_trend_winner,jump_repricing_winner,0.4838115553470875,0.0,1.0,0.0
up50pct,train,up50pct::SZ300559::000000,51,"{""choppy_reversal_winner"": 0.24175532942443304, ""jump_repricing_winner"": 0.04863072031529142, ""late_rescue_winner"": 0.17934083227283112, ""slow_grind_winner"": 0.0, ""smooth_trend_winner"": 0.036387860498292006, ""stair_step_winner"": 0.4938852574891523}",stair_step_winner,choppy_reversal_winner,0.7073839228471339,0.043135525297675066,0.0392156862745098,0.23529411764705882
up50pct,robustness,up50pct::SZ300567::000000,31,"{""choppy_reversal_winner"": 0.2477030458691568, ""jump_repricing_winner"": 0.07019053266276228, ""late_rescue_winner"": 0.22245882641193201, ""slow_grind_winner"": 0.0, ""smooth_trend_winner"": 0.05786471868138727, ""stair_step_winner"": 0.4017828763747617}",stair_step_winner,choppy_reversal_winner,0.7801021886314267,0.042362101456783714,0.0,0.5483870967741935
up50pct,robustness,up50pct::SZ300568::000000,25,"{""choppy_reversal_winner"": 0.37046685260209644, ""jump_repricing_winner"": 0.023924755162883202, ""late_rescue_winner"": 0.3281747564684988, ""slow_grind_winner"": 0.0, ""smooth_trend_winner"": 0.01620849310557272, ""stair_step_winner"": 0.2612251426609489}",choppy_reversal_winner,late_rescue_winner,0.6922298628258525,0.020200400663447884,0.0,0.12
up50pct,train,up50pct::SZ300570::000000,154,"{""choppy_reversal_winner"": 0.32173872909281226, ""jump_repricing_winner"": 0.03297617369694253, ""late_rescue_winner"": 0.4152248860951797, ""slow_grind_winner"": 0.0, ""smooth_trend_winner"": 0.020305362900004585, ""stair_step_winner"": 0.20975484821506096}",late_rescue_winner,choppy_reversal_winner,0.697109140454997,0.08900387582230468,0.45454545454545453,0.0
up50pct,robustness,up50pct::SZ300570::000001,104,"{""choppy_reversal_winner"": 0.25950844872562845, ""jump_repricing_winner"": 0.11252396121953637, ""late_rescue_winner"": 0.15593056623452958, ""slow_grind_winner"": 0.0, ""smooth_trend_winner"": 0.11028742945329596, ""stair_step_winner"": 0.3617495943670096}",stair_step_winner,choppy_reversal_winner,0.8352875392546913,0.10474104259079405,0.0,0.07692307692307693
up50pct,train,up50pct::SZ300571::000000,7,"{""choppy_reversal_winner"": 0.22384323337433557, ""jump_repricing_winner"": 0.16923512594509407, ""late_rescue_winner"": 0.31138160227068273, ""slow_grind_winner"": 0.0, ""smooth_trend_winner"": 0.1825950146873379, ""stair_step_winner"": 0.1129450237225497}",late_rescue_winner,choppy_reversal_winner,0.868312930751515,0.14752331706664992,0.2857142857142857,0.0
up50pct,train,up50pct::SZ300572::000000,84,"{""choppy_reversal_winner"": 0.1933321285927317, ""jump_repricing_winner"": 0.1475513269983279, ""late_rescue_winner"": 0.099419827895265, ""slow_grind_winner"": 0.0, ""smooth_trend_winner"": 0.12537696759211497, ""stair_step_winner"": 0.43431974892156044}",stair_step_winner,choppy_reversal_winner,0.8104390279512388,0.10164821439003376,0.07142857142857142,0.0
up50pct,train,up50pct::SZ300579::000000,154,"{""choppy_reversal_winner"": 0.24144507442550736, ""jump_repricing_winner"": 0.16806043661031075, ""late_rescue_winner"": 0.14583783649093282, ""slow_grind_winner"": 0.0, ""smooth_trend_winner"": 0.1486194457821946, ""stair_step_winner"": 0.29603720669105443}",stair_step_winner,choppy_reversal_winner,0.8747274541262375,0.12958558222016844,0.12337662337662338,0.01948051948051948
up50pct,train,up50pct::SZ300581::000000,2,"{""choppy_reversal_winner"": 0.27514375982876343, ""jump_repricing_winner"": 0.14968365006264922, ""late_rescue_winner"": 0.19053949628497757, ""slow_grind_winner"": 0.0, ""smooth_trend_winner"": 0.07189659636863141, ""stair_step_winner"": 0.31273649745497845}",stair_step_winner,choppy_reversal_winner,0.841649654562275,0.01780032733564962,0.0,0.5
up50pct,train,up50pct::SZ300584::000000,4,"{""choppy_reversal_winner"": 0.3210777809123021, ""jump_repricing_winner"": 0.020858642429833506, ""late_rescue_winner"": 0.523919996200241, ""slow_grind_winner"": 0.0, ""smooth_trend_winner"": 0.013897919126936978, ""stair_step_winner"": 0.1202456613306865}",late_rescue_winner,choppy_reversal_winner,0.6129700175877085,0.0014072384861388836,0.0,0.0
up50pct,robustness,up50pct::SZ300595::000000,1,"{""choppy_reversal_winner"": 0.08870105082781406, ""jump_repricing_winner"": 0.4723272615862729, ""late_rescue_winner"": 0.05427962190794396, ""slow_grind_winner"": 0.0, ""smooth_trend_winner"": 0.1892778702318436, ""stair_step_winner"": 0.1954141954461256}",jump_repricing_winner,stair_step_winner,0.7598181059828781,0.0,0.0,0.0
up50pct,train,up50pct::SZ300596::000000,102,"{""choppy_reversal_winner"": 0.3658837434267818, ""jump_repricing_winner"": 0.01894668750231707, ""late_rescue_winner"": 0.31351275979308135, ""slow_grind_winner"": 0.0, ""smooth_trend_winner"": 0.013748211208896742, ""stair_step_winner"": 0.28790859806892294}",choppy_reversal_winner,late_rescue_winner,0.6831732708958486,0.019130794403446758,0.0,0.6862745098039216
up50pct,train,up50pct::SZ300598::000000,22,"{""choppy_reversal_winner"": 0.12216983854413774, ""jump_repricing_winner"": 0.3645275913673997, ""late_rescue_winner"": 0.07392638875066039, ""slow_grind_winner"": 0.0, ""smooth_trend_winner"": 0.18489533568499092, ""stair_step_winner"": 0.25448084565281126}",jump_repricing_winner,stair_step_winner,0.8246774041664068,0.053639762347171605,0.0,0.09090909090909091
up50pct,train,up50pct::SZ300602::000000,33,"{""choppy_reversal_winner"": 0.24636572732296896, ""jump_repricing_winner"": 0.07701583351720302, ""late_rescue_winner"": 0.23488233260949798, ""slow_grind_winner"": 0.0, ""smooth_trend_winner"": 0.04146304841027754, ""stair_step_winner"": 0.4002730581400525}",stair_step_winner,choppy_reversal_winner,0.7709335223049387,0.0842937522442662,0.12121212121212122,0.0
up50pct,train,up50pct::SZ300612::000000,7,"{""choppy_reversal_winner"": 0.4000763319026276, ""jump_repricing_winner"": 0.010453258215820752, ""late_rescue_winner"": 0.4876059361031947, ""slow_grind_winner"": 0.0, ""smooth_trend_winner"": 0.006165950074046646, ""stair_step_winner"": 0.0956985237043102}",late_rescue_winner,choppy_reversal_winner,0.5694658045344742,0.009648006957094024,0.0,0.0
up50pct,train,up50pct::SZ300616::000000,51,"{""choppy_reversal_winner"": 0.13156410978836722, ""jump_repricing_winner"": 0.26949172698572077, ""late_rescue_winner"": 0.07402514625953116, ""slow_grind_winner"": 0.0, ""smooth_trend_winner"": 0.29117737002927346, ""stair_step_winner"": 0.2337416469371074}",smooth_trend_winner,jump_repricing_winner,0.8438274645919474,0.1332237056524526,0.3137254901960784,0.0
up50pct,train,up50pct::SZ300618::000000,127,"{""choppy_reversal_winner"": 0.09749917709366732, ""jump_repricing_winner"": 0.32891301137366447, ""late_rescue_winner"": 0.05915946852067597, ""slow_grind_winner"": 0.0, ""smooth_trend_winner"": 0.30974988926354863, ""stair_step_winner"": 0.2046784537484435}",jump_repricing_winner,smooth_trend_winner,0.8079717412181708,0.11175227859273314,0.33858267716535434,0.11811023622047244
up50pct,train,up50pct::SZ300618::000001,3,"{""choppy_reversal_winner"": 0.016278427480423224, ""jump_repricing_winner"": 0.3639327917421, ""late_rescue_winner"": 0.009515439025728977, ""slow_grind_winner"": 0.0, ""smooth_trend_winner"": 0.5574934153143746, ""stair_step_winner"": 0.052779926437372955}",smooth_trend_winner,jump_repricing_winner,0.5358916211261796,0.059580657895644346,0.6666666666666666,0.0
up50pct,robustness,up50pct::SZ300620::000000,22,"{""choppy_reversal_winner"": 0.011356233362858638, ""jump_repricing_winner"": 0.5246815261739407, ""late_rescue_winner"": 0.007072589121621614, ""slow_grind_winner"": 0.0, ""smooth_trend_winner"": 0.4231223782050268, ""stair_step_winner"": 0.033767273136552235}",jump_repricing_winner,smooth_trend_winner,0.5037568835355951,0.026767877313548197,0.5454545454545454,0.3181818181818182
up50pct,robustness,up50pct::SZ300624::000000,2,"{""choppy_reversal_winner"": 0.3877735460710269, ""jump_repricing_winner"": 0.018456795116380976, ""late_rescue_winner"": 0.4091531633358965, ""slow_grind_winner"": 0.0, ""smooth_trend_winner"": 0.012250744841231375, ""stair_step_winner"": 0.17236575063546422}",late_rescue_winner,choppy_reversal_winner,0.6494482110784247,0.02253328339775737,0.0,0.0
up50pct,robustness,up50pct::SZ300627::000000,122,"{""choppy_reversal_winner"": 0.18330475347443986, ""jump_repricing_winner"": 0.17342704722099353, ""late_rescue_winner"": 0.13379847640154346, ""slow_grind_winner"": 0.0, ""smooth_trend_winner"": 0.11805243712518254, ""stair_step_winner"": 0.39141728577784063}",stair_step_winner,choppy_reversal_winner,0.8390303814283643,0.0837091127460368,0.08196721311475409,0.2459016393442623
up50pct,validation,up50pct::SZ300628::000000,13,"{""choppy_reversal_winner"": 0.010597408295767633, ""jump_repricing_winner"": 0.5010618271397138, ""late_rescue_winner"": 0.006823359532145452, ""slow_grind_winner"": 0.0, ""smooth_trend_winner"": 0.44456003185403553, ""stair_step_winner"": 0.036957373178337645}",jump_repricing_winner,smooth_trend_winner,0.5082948201297287,0.007797662278309254,0.5384615384615384,0.0
up50pct,train,up50pct::SZ300634::000000,136,"{""choppy_reversal_winner"": 0.3303287662758063, ""jump_repricing_winner"": 0.029252680331704924, ""late_rescue_winner"": 0.4435329843927538, ""slow_grind_winner"": 0.0, ""smooth_trend_winner"": 0.03295931085788807, ""stair_step_winner"": 0.1639262581418469}",late_rescue_winner,choppy_reversal_winner,0.6913318669652293,0.09356392505617032,0.2426470588235294,0.07352941176470588
up50pct,train,up50pct::SZ300653::000000,59,"{""choppy_reversal_winner"": 0.23584804757705666, ""jump_repricing_winner"": 0.07490544306138544, ""late_rescue_winner"": 0.16461107816671575, ""slow_grind_winner"": 0.0, ""smooth_trend_winner"": 0.076773225259967, ""stair_step_winner"": 0.44786220593487513}",stair_step_winner,choppy_reversal_winner,0.7750078350467955,0.11537160694242123,0.06779661016949153,0.0
up50pct,robustness,up50pct::SZ300660::000000,8,"{""choppy_reversal_winner"": 0.07371651356167394, ""jump_repricing_winner"": 0.35441770644853976, ""late_rescue_winner"": 0.04913273321291763, ""slow_grind_winner"": 0.0, ""smooth_trend_winner"": 0.27127897775264875, ""stair_step_winner"": 0.25145406902421996}",jump_repricing_winner,smooth_trend_winner,0.7863443147009137,0.08003658404223207,0.0,0.125
up50pct,robustness,up50pct::SZ300661::000000,199,"{""choppy_reversal_winner"": 0.3017419834190437, ""jump_repricing_winner"": 0.09917406742421843, ""late_rescue_winner"": 0.19363202897264922, ""slow_grind_winner"": 0.0, ""smooth_trend_winner"": 0.054720808676075976, ""stair_step_winner"": 0.3507311115080126}",stair_step_winner,choppy_reversal_winner,0.8009394874124032,0.05397754708751274,0.0,0.2864321608040201
up50pct,train,up50pct::SZ300662::000000,7,"{""choppy_reversal_winner"": 0.009416300518576793, ""jump_repricing_winner"": 0.44042225684830344, ""late_rescue_winner"": 0.005435289269154929, ""slow_grind_winner"": 0.0, ""smooth_trend_winner"": 0.5089202319020831, ""stair_step_winner"": 0.03580592146188178}",smooth_trend_winner,jump_repricing_winner,0.5002948334517183,0.019867439797727707,0.42857142857142855,0.0
up50pct,train,up50pct::SZ300671::000000,25,"{""choppy_reversal_winner"": 0.029335353460113293, ""jump_repricing_winner"": 0.3374557675685126, ""late_rescue_winner"": 0.027531279680597796, ""slow_grind_winner"": 0.0, ""smooth_trend_winner"": 0.5648844862843352, ""stair_step_winner"": 0.04079311300644112}",smooth_trend_winner,jump_repricing_winner,0.5704697778438427,0.07424218412766322,0.68,0.28
up50pct,train,up50pct::SZ300672::000000,100,"{""choppy_reversal_winner"": 0.24865295177808355, ""jump_repricing_winner"": 0.1896106288440615, ""late_rescue_winner"": 0.16306295143186156, ""slow_grind_winner"": 0.0, ""smooth_trend_winner"": 0.08354462770732429, ""stair_step_winner"": 0.31512884023866905}",stair_step_winner,choppy_reversal_winner,0.8529919782919722,0.05069472197356408,0.0,0.36
up50pct,train,up50pct::SZ300672::000001,6,"{""choppy_reversal_winner"": 0.007489813511965838, ""jump_repricing_winner"": 0.4211169069013325, ""late_rescue_winner"": 0.004798675827373923, ""slow_grind_winner"": 0.0, ""smooth_trend_winner"": 0.5415494351594957, ""stair_step_winner"": 0.025045168599832024}",smooth_trend_winner,jump_repricing_winner,0.47493351174807624,0.011716683905423285,0.5,0.3333333333333333
up50pct,train,up50pct::SZ300676::000000,65,"{""choppy_reversal_winner"": 0.061880523499928654, ""jump_repricing_winner"": 0.3210283192663427, ""late_rescue_winner"": 0.03367258145748884, ""slow_grind_winner"": 0.0, ""smooth_trend_winner"": 0.376980941282478, ""stair_step_winner"": 0.20643763449376185}",smooth_trend_winner,jump_repricing_winner,0.7504403740330032,0.09453233429734735,0.36923076923076925,0.0
up50pct,validation,up50pct::SZ300676::000001,7,"{""choppy_reversal_winner"": 0.012358419916898955, ""jump_repricing_winner"": 0.5055280382101862, ""late_rescue_winner"": 0.008086156231546274, ""slow_grind_winner"": 0.0, ""smooth_trend_winner"": 0.4371675917473609, ""stair_step_winner"": 0.03685979389400763}",jump_repricing_winner,smooth_trend_winner,0.5142925123929776,0.006433893111350004,0.0,1.0
up50pct,robustness,up50pct::SZ300676::000002,76,"{""choppy_reversal_winner"": 0.18790667741842002, ""jump_repricing_winner"": 0.2738812270813254, ""late_rescue_winner"": 0.11789553853774677, ""slow_grind_winner"": 0.0, ""smooth_trend_winner"": 0.12563888803525747, ""stair_step_winner"": 0.2946776689272504}",stair_step_winner,jump_repricing_winner,0.8603663251871665,0.10234960902312024,0.19736842105263158,0.10526315789473684
up50pct,robustness,up50pct::SZ300677::000000,67,"{""choppy_reversal_winner"": 0.10249836275067807, ""jump_repricing_winner"": 0.3339689164587452, ""late_rescue_winner"": 0.05958042539597315, ""slow_grind_winner"": 0.0, ""smooth_trend_winner"": 0.18865776736148313, ""stair_step_winner"": 0.3152945280331204}",jump_repricing_winner,stair_step_winner,0.8072321156871992,0.06496699232143799,0.0,0.0
up50pct,train,up50pct::SZ300683::000000,16,"{""choppy_reversal_winner"": 0.43064782033075355, ""jump_repricing_winner"": 0.0187805275549293, ""late_rescue_winner"": 0.40556675564706257, ""slow_grind_winner"": 0.0, ""smooth_trend_winner"": 0.010697757030454069, ""stair_step_winner"": 0.13430713943680048}",choppy_reversal_winner,late_rescue_winner,0.6260051338021615,0.010954358403414887,0.0,0.0
up50pct,train,up50pct::SZ300688::000000,1,"{""choppy_reversal_winner"": 0.2918851887074218, ""jump_repricing_winner"": 0.007762468023177458, ""late_rescue_winner"": 0.6203959371763993, ""slow_grind_winner"": 0.0, ""smooth_trend_winner"": 0.004978447912478414, ""stair_step_winner"": 0.07497795818052307}",late_rescue_winner,choppy_reversal_winner,0.5100845250115777,0.0,1.0,0.0
up50pct,train,up50pct::SZ300694::000000,1,"{""choppy_reversal_winner"": 0.0240476452687838, ""jump_repricing_winner"": 0.36324061135033964, ""late_rescue_winner"": 0.01701637984457214, ""slow_grind_winner"": 0.0, ""smooth_trend_winner"": 0.5134933156951851, ""stair_step_winner"": 0.0822020478411194}",smooth_trend_winner,jump_repricing_winner,0.5996626004121832,0.0,0.0,0.0
up50pct,train,up50pct::SZ300695::000000,15,"{""choppy_reversal_winner"": 0.31348335210866285, ""jump_repricing_winner"": 0.007087212431850998, ""late_rescue_winner"": 0.6018522086588802, ""slow_grind_winner"": 0.0, ""smooth_trend_winner"": 0.0043128512740354865, ""stair_step_winner"": 0.07326437552657034}",late_rescue_winner,choppy_reversal_winner,0.5130633032945655,0.010475667880797101,1.0,0.0
up50pct,train,up50pct::SZ300696::000000,1,"{""choppy_reversal_winner"": 0.19457369885448153, ""jump_repricing_winner"": 0.09507049845870608, ""late_rescue_winner"": 0.10280846705823171, ""slow_grind_winner"": 0.0, ""smooth_trend_winner"": 0.0574743198306784, ""stair_step_winner"": 0.5500730157979022}",stair_step_winner,choppy_reversal_winner,0.7082700005946334,0.0,0.0,0.0
up50pct,train,up50pct::SZ300697::000000,12,"{""choppy_reversal_winner"": 0.32508425955902404, ""jump_repricing_winner"": 0.009212418846251685, ""late_rescue_winner"": 0.5606116447846013, ""slow_grind_winner"": 0.0, ""smooth_trend_winner"": 0.005825040495293604, ""stair_step_winner"": 0.09926663631482939}",late_rescue_winner,choppy_reversal_winner,0.5537478876605314,0.005729604697303175,0.25,0.0
up50pct,train,up50pct::SZ300698::000000,5,"{""choppy_reversal_winner"": 0.3038424621017925, ""jump_repricing_winner"": 0.013253859380167534, ""late_rescue_winner"": 0.5411373568466972, ""slow_grind_winner"": 0.0, ""smooth_trend_winner"": 0.009808977120480934, ""stair_step_winner"": 0.13195734455086194}",late_rescue_winner,choppy_reversal_winner,0.5939233631390828,0.013595218276546221,0.2,0.0
up50pct,train,up50pct::SZ300699::000000,233,"{""choppy_reversal_winner"": 0.16704337494126767, ""jump_repricing_winner"": 0.14267460246006308, ""late_rescue_winner"": 0.11127474882584157, ""slow_grind_winner"": 0.0, ""smooth_trend_winner"": 0.20661283542485154, ""stair_step_winner"": 0.3723944383479761}",stair_step_winner,smooth_trend_winner,0.845388056033101,0.1326470068693412,0.16738197424892703,0.055793991416309016
up50pct,train,up50pct::SZ300702::000000,13,"{""choppy_reversal_winner"": 0.016108542617302556, ""jump_repricing_winner"": 0.30351657458081555, ""late_rescue_winner"": 0.009577068088473613, ""slow_grind_winner"": 0.0, ""smooth_trend_winner"": 0.6029307845443441, ""stair_step_winner"": 0.06786703016906412}",smooth_trend_winner,jump_repricing_winner,0.5360875049605007,0.049468897768806246,0.5384615384615384,0.15384615384615385
up50pct,train,up50pct::SZ300702::000001,45,"{""choppy_reversal_winner"": 0.0897844833844669, ""jump_repricing_winner"": 0.3914941257526752, ""late_rescue_winner"": 0.054779658355610175, ""slow_grind_winner"": 0.0, ""smooth_trend_winner"": 0.23113571945153677, ""stair_step_winner"": 0.2328060130557109}",jump_repricing_winner,stair_step_winner,0.7928157381185722,0.05759120203535432,0.044444444444444446,0.08888888888888889
up50pct,train,up50pct::SZ300712::000000,8,"{""choppy_reversal_winner"": 0.007242631346587593, ""jump_repricing_winner"": 0.37537128659282837, ""late_rescue_winner"": 0.005103547416702147, ""slow_grind_winner"": 0.0, ""smooth_trend_winner"": 0.5871063584651979, ""stair_step_winner"": 0.02517617617868402}",smooth_trend_winner,jump_repricing_winner,0.46646185836773235,0.005827063201286499,0.75,0.25
up50pct,robustness,up50pct::SZ300718::000000,26,"{""choppy_reversal_winner"": 0.01153325656276861, ""jump_repricing_winner"": 0.5143754669326461, ""late_rescue_winner"": 0.007117547595489654, ""slow_grind_winner"": 0.0, ""smooth_trend_winner"": 0.4296529173512256, ""stair_step_winner"": 0.03732081155787001}",jump_repricing_winner,smooth_trend_winner,0.510281864904743,0.027503285034501102,0.5769230769230769,0.34615384615384615
up50pct,train,up50pct::SZ300722::000000,15,"{""choppy_reversal_winner"": 0.29515063387762885, ""jump_repricing_winner"": 0.03197910292028157, ""late_rescue_winner"": 0.5413202080835595, ""slow_grind_winner"": 0.0, ""smooth_trend_winner"": 0.015644172967880003, ""stair_step_winner"": 0.11590588215065009}",late_rescue_winner,choppy_reversal_winner,0.6235807158490057,0.05385271358784242,0.6,0.13333333333333333
up50pct,robustness,up50pct::SZ300723::000000,15,"{""choppy_reversal_winner"": 0.011162641543006108, ""jump_repricing_winner"": 0.5257808974032918, ""late_rescue_winner"": 0.007037304606142, ""slow_grind_winner"": 0.0, ""smooth_trend_winner"": 0.4227971593071174, ""stair_step_winner"": 0.033221997140442695}",jump_repricing_winner,smooth_trend_winner,0.5023798755585447,0.03849584314300345,0.6,0.13333333333333333
up50pct,validation,up50pct::SZ300726::000002,78,"{""choppy_reversal_winner"": 0.39367498825538216, ""jump_repricing_winner"": 0.007855462955359903, ""late_rescue_winner"": 0.5105205769685466, ""slow_grind_winner"": 0.0, ""smooth_trend_winner"": 0.004511804013619949, ""stair_step_winner"": 0.0834371678070916}",late_rescue_winner,choppy_reversal_winner,0.5468931289242912,0.0077229722142575135,0.38461538461538464,0.0
up50pct,train,up50pct::SZ300735::000000,43,"{""choppy_reversal_winner"": 0.42709947129336573, ""jump_repricing_winner"": 0.013051171679808779, ""late_rescue_winner"": 0.4176312929669941, ""slow_grind_winner"": 0.0, ""smooth_trend_winner"": 0.007967970085794142, ""stair_step_winner"": 0.13425009397403728}",choppy_reversal_winner,late_rescue_winner,0.6098584020443851,0.036208697251549446,0.0,0.0
up50pct,robustness,up50pct::SZ300735::000001,30,"{""choppy_reversal_winner"": 0.18398940913595102, ""jump_repricing_winner"": 0.26188324969467025, ""late_rescue_winner"": 0.13716401249732085, ""slow_grind_winner"": 0.0, ""smooth_trend_winner"": 0.12522401811610423, ""stair_step_winner"": 0.29173931055595353}",stair_step_winner,jump_repricing_winner,0.8675318025857326,0.05336891393613575,0.0,0.3
up50pct,robustness,up50pct::SZ300738::000000,5,"{""choppy_reversal_winner"": 0.37166204174166545, ""jump_repricing_winner"": 0.0297043024848071, ""late_rescue_winner"": 0.1747130715235407, ""slow_grind_winner"": 0.0, ""smooth_trend_winner"": 0.01698994660932171, ""stair_step_winner"": 0.40693063764066506}",stair_step_winner,choppy_reversal_winner,0.6765601765255136,0.0029712182616523784,0.0,0.0
up50pct,train,up50pct::SZ300741::000000,263,"{""choppy_reversal_winner"": 0.1974825659986277, ""jump_repricing_winner"": 0.24050474847042824, ""late_rescue_winner"": 0.14224385569356182, ""slow_grind_winner"": 0.0, ""smooth_trend_winner"": 0.18137924654321266, ""stair_step_winner"": 0.2383895832941696}",jump_repricing_winner,stair_step_winner,0.8884703536024925,0.12895316977281832,0.1520912547528517,0.1520912547528517
up50pct,validation,up50pct::SZ300747::000000,14,"{""choppy_reversal_winner"": 0.3656448742352025, ""jump_repricing_winner"": 0.01861959250920182, ""late_rescue_winner"": 0.42623845849980985, ""slow_grind_winner"": 0.0, ""smooth_trend_winner"": 0.012533179153768073, ""stair_step_winner"": 0.17696389560201778}",late_rescue_winner,choppy_reversal_winner,0.6512466528660023,0.01701502455897802,0.0,0.5714285714285714
up50pct,train,up50pct::SZ300749::000000,8,"{""choppy_reversal_winner"": 0.2839544599577263, ""jump_repricing_winner"": 0.019027748219716055, ""late_rescue_winner"": 0.5716706482945226, ""slow_grind_winner"": 0.0, ""smooth_trend_winner"": 0.014253402072726589, ""stair_step_winner"": 0.11109374145530848}",late_rescue_winner,choppy_reversal_winner,0.5900591611145559,0.00808860042812271,0.0,0.0
up50pct,train,up50pct::SZ300755::000000,303,"{""choppy_reversal_winner"": 0.2285332412814037, ""jump_repricing_winner"": 0.21520351830364717, ""late_rescue_winner"": 0.1473521667897594, ""slow_grind_winner"": 0.0, ""smooth_trend_winner"": 0.1492575481140059, ""stair_step_winner"": 0.25965352551118376}",stair_step_winner,choppy_reversal_winner,0.8841081389227066,0.13064784165579788,0.0858085808580858,0.04950495049504951
up50pct,robustness,up50pct::SZ300757::000000,4,"{""choppy_reversal_winner"": 0.18488918807900043, ""jump_repricing_winner"": 0.21460557994452129, ""late_rescue_winner"": 0.12788621262512373, ""slow_grind_winner"": 0.0, ""smooth_trend_winner"": 0.19790327109356837, ""stair_step_winner"": 0.2747157482577863}",stair_step_winner,jump_repricing_winner,0.8823225764384085,0.1084671980148537,0.0,0.75
up50pct,robustness,up50pct::SZ300757::000001,178,"{""choppy_reversal_winner"": 0.1490425498003007, ""jump_repricing_winner"": 0.30062425092196965, ""late_rescue_winner"": 0.1022308021981526, ""slow_grind_winner"": 0.0, ""smooth_trend_winner"": 0.22873373430787144, ""stair_step_winner"": 0.21936866277170552}",jump_repricing_winner,smooth_trend_winner,0.8641639736381843,0.11965112297769727,0.0449438202247191,0.30337078651685395
up50pct,train,up50pct::SZ300760::000000,223,"{""choppy_reversal_winner"": 0.12248836673859426, ""jump_repricing_winner"": 0.16988732028015624, ""late_rescue_winner"": 0.07045463271824425, ""slow_grind_winner"": 0.0, ""smooth_trend_winner"": 0.16180103634729753, ""stair_step_winner"": 0.4753686439157077}",stair_step_winner,jump_repricing_winner,0.7777035330893889,0.0911923925199043,0.07174887892376682,0.09865470852017937
up50pct,train,up50pct::SZ300762::000000,301,"{""choppy_reversal_winner"": 0.29738281679540685, ""jump_repricing_winner"": 0.06272510113429478, ""late_rescue_winner"": 0.3825359070557548, ""slow_grind_winner"": 0.0, ""smooth_trend_winner"": 0.05196070952977581, ""stair_step_winner"": 0.2053954654847677}",late_rescue_winner,choppy_reversal_winner,0.7705769845221474,0.12123952576786352,0.38870431893687707,0.0033222591362126247
up50pct,train,up50pct::SZ300765::000000,77,"{""choppy_reversal_winner"": 0.10066808518893283, ""jump_repricing_winner"": 0.2857430572024517, ""late_rescue_winner"": 0.05542135799569938, ""slow_grind_winner"": 0.0, ""smooth_trend_winner"": 0.2923718612448759, ""stair_step_winner"": 0.2657956383680401}",smooth_trend_winner,jump_repricing_winner,0.8154627297093077,0.10677309702264658,0.2857142857142857,0.012987012987012988
up50pct,train,up50pct::SZ300765::000001,118,"{""choppy_reversal_winner"": 0.39595455802050566, ""jump_repricing_winner"": 0.015910322246329416, ""late_rescue_winner"": 0.4014357963885023, ""slow_grind_winner"": 0.0, ""smooth_trend_winner"": 0.010009861385751299, ""stair_step_winner"": 0.17668946195891144}",late_rescue_winner,choppy_reversal_winner,0.6426438268411921,0.02715575229663697,0.0,0.0
up50pct,robustness,up50pct::SZ300765::000003,4,"{""choppy_reversal_winner"": 0.041530554705592915, ""jump_repricing_winner"": 0.5210000117299969, ""late_rescue_winner"": 0.022079506944553424, ""slow_grind_winner"": 0.0, ""smooth_trend_winner"": 0.25079037264966025, ""stair_step_winner"": 0.16459955397019665}",jump_repricing_winner,smooth_trend_winner,0.6696563732777973,0.004772409422311749,0.0,0.0
up50pct,train,up50pct::SZ300766::000000,208,"{""choppy_reversal_winner"": 0.30953080411164585, ""jump_repricing_winner"": 0.04588534209541019, ""late_rescue_winner"": 0.4857407461354428, ""slow_grind_winner"": 0.0, ""smooth_trend_winner"": 0.07473081809989963, ""stair_step_winner"": 0.0841122895576015}",late_rescue_winner,choppy_reversal_winner,0.7016570365727113,0.0978895402320145,0.12980769230769232,0.0
up50pct,train,up50pct::SZ300768::000000,51,"{""choppy_reversal_winner"": 0.250969275049276, ""jump_repricing_winner"": 0.05967412718602981, ""late_rescue_winner"": 0.13326091896389775, ""slow_grind_winner"": 0.0, ""smooth_trend_winner"": 0.04701613064458674, ""stair_step_winner"": 0.5090795481562097}",stair_step_winner,choppy_reversal_winner,0.7094621288928609,0.055284865105576515,0.0196078431372549,0.0
up50pct,train,up50pct::SZ300770::000000,89,"{""choppy_reversal_winner"": 0.08346286055651417, ""jump_repricing_winner"": 0.2869702133722179, ""late_rescue_winner"": 0.04401656048869184, ""slow_grind_winner"": 0.0, ""smooth_trend_winner"": 0.3372002333705569, ""stair_step_winner"": 0.24835013221201924}",smooth_trend_winner,jump_repricing_winner,0.7899948151931826,0.10701486461590955,0.24719101123595505,0.0
up50pct,train,up50pct::SZ300771::000000,1,"{""choppy_reversal_winner"": 0.04150673850538563, ""jump_repricing_winner"": 0.48541189697950626, ""late_rescue_winner"": 0.02419977072079282, ""slow_grind_winner"": 0.0, ""smooth_trend_winner"": 0.30799221096069945, ""stair_step_winner"": 0.14088938283361585}",jump_repricing_winner,smooth_trend_winner,0.6763136585073297,0.0,0.0,0.0
up50pct,train,up50pct::SZ300773::000000,39,"{""choppy_reversal_winner"": 0.08616771567106725, ""jump_repricing_winner"": 0.33093830046248557, ""late_rescue_winner"": 0.04784394441508376, ""slow_grind_winner"": 0.0, ""smooth_trend_winner"": 0.2840523659099743, ""stair_step_winner"": 0.2509976735413891}",jump_repricing_winner,smooth_trend_winner,0.7964779278005096,0.10627904080991733,0.10256410256410256,0.0
up50pct,robustness,up50pct::SZ300775::000000,8,"{""choppy_reversal_winner"": 0.29307860831098576, ""jump_repricing_winner"": 0.04771190180901633, ""late_rescue_winner"": 0.38572831510647787, ""slow_grind_winner"": 0.0, ""smooth_trend_winner"": 0.03494646797344264, ""stair_step_winner"": 0.23853470680007738}",late_rescue_winner,choppy_reversal_winner,0.743071707467875,0.00591922711205537,0.0,0.0
up50pct,train,up50pct::SZ300777::000000,226,"{""choppy_reversal_winner"": 0.2316885428162574, ""jump_repricing_winner"": 0.14352601742631968, ""late_rescue_winner"": 0.14018699575108298, ""slow_grind_winner"": 0.0, ""smooth_trend_winner"": 0.15540356784943293, ""stair_step_winner"": 0.32919487615690696}",stair_step_winner,choppy_reversal_winner,0.8639310559994142,0.14042421511721134,0.1592920353982301,0.008849557522123894
up50pct,robustness,up50pct::SZ300779::000000,4,"{""choppy_reversal_winner"": 0.0073178995929939076, ""jump_repricing_winner"": 0.3733103688116737, ""late_rescue_winner"": 0.004847120493649685, ""slow_grind_winner"": 0.0, ""smooth_trend_winner"": 0.5880983404521637, ""stair_step_winner"": 0.026426270649519055}",smooth_trend_winner,jump_repricing_winner,0.4676255896279436,0.01920859178491009,0.75,0.25
up50pct,train,up50pct::SZ300782::000000,15,"{""choppy_reversal_winner"": 0.10525250745359276, ""jump_repricing_winner"": 0.23883374783412928, ""late_rescue_winner"": 0.05507955406259272, ""slow_grind_winner"": 0.0, ""smooth_trend_winner"": 0.1699724927970151, ""stair_step_winner"": 0.43086169785267014}",stair_step_winner,jump_repricing_winner,0.7828223206146329,0.030619380022955913,0.0,0.0
up50pct,validation,up50pct::SZ300782::000001,13,"{""choppy_reversal_winner"": 0.38122000359906677, ""jump_repricing_winner"": 0.04880413123758033, ""late_rescue_winner"": 0.2230257046238972, ""slow_grind_winner"": 0.0, ""smooth_trend_winner"": 0.02570578165529249, ""stair_step_winner"": 0.3212443788841633}",choppy_reversal_winner,stair_step_winner,0.7303262191496843,0.04317469725561183,0.0,0.0
up50pct,robustness,up50pct::SZ300782::000002,212,"{""choppy_reversal_winner"": 0.263674807871367, ""jump_repricing_winner"": 0.09124287653574581, ""late_rescue_winner"": 0.16438345333783738, ""slow_grind_winner"": 0.0, ""smooth_trend_winner"": 0.050262251467173655, ""stair_step_winner"": 0.4304366107878761}",stair_step_winner,choppy_reversal_winner,0.7701348446193692,0.07752444773262507,0.0,0.09905660377358491
up50pct,train,up50pct::SZ300783::000000,12,"{""choppy_reversal_winner"": 0.1142464150858557, ""jump_repricing_winner"": 0.23876252683231233, ""late_rescue_winner"": 0.05706018696453319, ""slow_grind_winner"": 0.0, ""smooth_trend_winner"": 0.1630966051697299, ""stair_step_winner"": 0.42683426594756885}",stair_step_winner,jump_repricing_winner,0.7882605182442045,0.07079994676384586,0.0,0.0
up50pct,train,up50pct::SZ300783::000001,22,"{""choppy_reversal_winner"": 0.04129389935295803, ""jump_repricing_winner"": 0.5358926093624377, ""late_rescue_winner"": 0.026554277135992666, ""slow_grind_winner"": 0.0, ""smooth_trend_winner"": 0.3093194499916327, ""stair_step_winner"": 0.08693976415697892}",jump_repricing_winner,smooth_trend_winner,0.634886485978569,0.037943061678669975,0.22727272727272727,0.0
up50pct,robustness,up50pct::SZ300803::000001,117,"{""choppy_reversal_winner"": 0.09627513511808501, ""jump_repricing_winner"": 0.3523541628280592, ""late_rescue_winner"": 0.06759824374739196, ""slow_grind_winner"": 0.0, ""smooth_trend_winner"": 0.2556488129994898, ""stair_step_winner"": 0.2281236453069739}",jump_repricing_winner,smooth_trend_winner,0.8153068071397472,0.11539224403163462,0.13675213675213677,0.28205128205128205
up50pct,train,up50pct::SZ300805::000000,64,"{""choppy_reversal_winner"": 0.06502540567143769, ""jump_repricing_winner"": 0.5127358431167511, ""late_rescue_winner"": 0.04256022957362941, ""slow_grind_winner"": 0.0, ""smooth_trend_winner"": 0.23304927875890186, ""stair_step_winner"": 0.14662924287927986}",jump_repricing_winner,smooth_trend_winner,0.7118794143340503,0.05189951216232299,0.078125,0.03125
up50pct,robustness,up50pct::SZ300811::000000,6,"{""choppy_reversal_winner"": 0.15357379920279254, ""jump_repricing_winner"": 0.11976810220366657, ""late_rescue_winner"": 0.09131071062809577, ""slow_grind_winner"": 0.0, ""smooth_trend_winner"": 0.07668525450050033, ""stair_step_winner"": 0.5586621334649448}",stair_step_winner,choppy_reversal_winner,0.7158576191772973,0.02431281755929758,0.0,0.0
up50pct,train,up50pct::SZ300815::000000,3,"{""choppy_reversal_winner"": 0.3404880545594185, ""jump_repricing_winner"": 0.01080356504224722, ""late_rescue_winner"": 0.556916330777626, ""slow_grind_winner"": 0.0, ""smooth_trend_winner"": 0.006318656157331975, ""stair_step_winner"": 0.08547339346337622}",late_rescue_winner,choppy_reversal_winner,0.549159386022378,0.007551343360230789,0.3333333333333333,0.0
up50pct,train,up50pct::SZ300821::000000,197,"{""choppy_reversal_winner"": 0.12929031688965525, ""jump_repricing_winner"": 0.30172826099355565, ""late_rescue_winner"": 0.08290674788694156, ""slow_grind_winner"": 0.0, ""smooth_trend_winner"": 0.19269514621773276, ""stair_step_winner"": 0.2933795280121147}",jump_repricing_winner,stair_step_winner,0.8424889050013223,0.11742940759318464,0.2131979695431472,0.1116751269035533
up50pct,robustness,up50pct::SZ300857::000000,196,"{""choppy_reversal_winner"": 0.11621074560417942, ""jump_repricing_winner"": 0.2874952975787855, ""late_rescue_winner"": 0.07820370165887137, ""slow_grind_winner"": 0.0, ""smooth_trend_winner"": 0.2533522597744208, ""stair_step_winner"": 0.2647379953837429}",jump_repricing_winner,stair_step_winner,0.8413446583703983,0.11397165351575426,0.20918367346938777,0.1326530612244898
up50pct,train,up50pct::SZ300860::000000,25,"{""choppy_reversal_winner"": 0.384515276819033, ""jump_repricing_winner"": 0.05560968384161249, ""late_rescue_winner"": 0.26483691767649903, ""slow_grind_winner"": 0.0, ""smooth_trend_winner"": 0.029856792644219712, ""stair_step_winner"": 0.2651813290186358}",choppy_reversal_winner,stair_step_winner,0.7461292493795606,0.023905529115502224,0.0,0.16
up50pct,robustness,up50pct::SZ300870::000000,11,"{""choppy_reversal_winner"": 0.21981010586388774, ""jump_repricing_winner"": 0.07125661061402272, ""late_rescue_winner"": 0.11699996649081826, ""slow_grind_winner"": 0.0, ""smooth_trend_winner"": 0.045922438376002454, ""stair_step_winner"": 0.5460108786552688}",stair_step_winner,choppy_reversal_winner,0.6943696759415192,0.025645321444862094,0.0,0.0
up50pct,robustness,up50pct::SZ300888::000000,73,"{""choppy_reversal_winner"": 0.22546815749826046, ""jump_repricing_winner"": 0.10731095910841247, ""late_rescue_winner"": 0.13621410214336224, ""slow_grind_winner"": 0.0, ""smooth_trend_winner"": 0.061325741999222784, ""stair_step_winner"": 0.469681039250742}",stair_step_winner,choppy_reversal_winner,0.7663149805549495,0.07667037052574964,0.0,0.0684931506849315
up50pct,train,up50pct::SZ300896::000000,25,"{""choppy_reversal_winner"": 0.04630314761488331, ""jump_repricing_winner"": 0.3645388017778638, ""late_rescue_winner"": 0.028382506815772573, ""slow_grind_winner"": 0.0, ""smooth_trend_winner"": 0.48500520138543296, ""stair_step_winner"": 0.07577034240604745}",smooth_trend_winner,jump_repricing_winner,0.6461076719479689,0.08850604651300668,0.48,0.48
up50pct,robustness,up50pct::SZ300953::000000,49,"{""choppy_reversal_winner"": 0.18865036122915238, ""jump_repricing_winner"": 0.13496880160779345, ""late_rescue_winner"": 0.12075735285580959, ""slow_grind_winner"": 0.0, ""smooth_trend_winner"": 0.09018410484274315, ""stair_step_winner"": 0.4654393794645013}",stair_step_winner,choppy_reversal_winner,0.7886959459119216,0.06447393312754669,0.0,0.0
up50pct,robustness,up50pct::SZ300972::000000,31,"{""choppy_reversal_winner"": 0.11982907065847838, ""jump_repricing_winner"": 0.3137468228233771, ""late_rescue_winner"": 0.07723229503674062, ""slow_grind_winner"": 0.0, ""smooth_trend_winner"": 0.1547940875837394, ""stair_step_winner"": 0.33439772389766453}",stair_step_winner,jump_repricing_winner,0.8208764153095908,0.05365769150443885,0.0,0.12903225806451613
up50pct,robustness,up50pct::SZ301029::000000,1,"{""choppy_reversal_winner"": 0.38928343273038357, ""jump_repricing_winner"": 0.02968370278527277, ""late_rescue_winner"": 0.292838228126245, ""slow_grind_winner"": 0.0, ""smooth_trend_winner"": 0.017204471284822765, ""stair_step_winner"": 0.27099016507327595}",choppy_reversal_winner,late_rescue_winner,0.7004482242424546,0.0,0.0,0.0
up50pct,robustness,up50pct::SZ301035::000001,31,"{""choppy_reversal_winner"": 0.3070994702367585, ""jump_repricing_winner"": 0.03483212362592368, ""late_rescue_winner"": 0.24473416527157085, ""slow_grind_winner"": 0.0, ""smooth_trend_winner"": 0.024489479682013, ""stair_step_winner"": 0.38884476118373407}",stair_step_winner,choppy_reversal_winner,0.7155626686567135,0.024937402602034826,0.0,0.03225806451612903
up50pct,validation,up50pct::SZ301039::000000,78,"{""choppy_reversal_winner"": 0.08071723323204287, ""jump_repricing_winner"": 0.3777903325350636, ""late_rescue_winner"": 0.04568380893615993, ""slow_grind_winner"": 0.0, ""smooth_trend_winner"": 0.272298829903613, ""stair_step_winner"": 0.22350979539312063}",jump_repricing_winner,smooth_trend_winner,0.7819036898923662,0.11467011562574177,0.08974358974358974,0.0
up50pct,robustness,up50pct::SZ301165::000001,13,"{""choppy_reversal_winner"": 0.2248259305337468, ""jump_repricing_winner"": 0.0714770467952719, ""late_rescue_winner"": 0.12156147635275791, ""slow_grind_winner"": 0.0, ""smooth_trend_winner"": 0.048900825786616475, ""stair_step_winner"": 0.5332347205316068}",stair_step_winner,choppy_reversal_winner,0.7049865661508461,0.013548812268137547,0.0,0.46153846153846156
up50pct,robustness,up50pct::SZ301200::000001,56,"{""choppy_reversal_winner"": 0.0780519975386, ""jump_repricing_winner"": 0.40588197918286706, ""late_rescue_winner"": 0.04669099545241218, ""slow_grind_winner"": 0.0, ""smooth_trend_winner"": 0.22703775192530232, ""stair_step_winner"": 0.24233727590081844}",jump_repricing_winner,stair_step_winner,0.7747824308833745,0.07247321623991887,0.08928571428571429,0.017857142857142856
up50pct,validation,up50pct::SZ301205::000000,3,"{""choppy_reversal_winner"": 0.3688956916606542, ""jump_repricing_winner"": 0.010712425308102408, ""late_rescue_winner"": 0.5077262627075244, ""slow_grind_winner"": 0.0, ""smooth_trend_winner"": 0.00657354352768495, ""stair_step_winner"": 0.10609207679603398}",late_rescue_winner,choppy_reversal_winner,0.5757797848200817,0.019542270656004956,0.0,0.0
up50pct,robustness,up50pct::SZ301217::000000,42,"{""choppy_reversal_winner"": 0.1539972013306279, ""jump_repricing_winner"": 0.2773588900735814, ""late_rescue_winner"": 0.09223443557087674, ""slow_grind_winner"": 0.0, ""smooth_trend_winner"": 0.1370386346565967, ""stair_step_winner"": 0.3393708383683174}",stair_step_winner,jump_repricing_winner,0.8386951942388075,0.05802321463450725,0.0,0.0
up50pct,validation,up50pct::SZ301219::000000,46,"{""choppy_reversal_winner"": 0.4454073406813258, ""jump_repricing_winner"": 0.010678365534223288, ""late_rescue_winner"": 0.41121081415560284, ""slow_grind_winner"": 0.0, ""smooth_trend_winner"": 0.006290246209445021, ""stair_step_winner"": 0.12641323341940294}",choppy_reversal_winner,late_rescue_winner,0.5957600963939058,0.01897080422959316,0.0,0.0
up50pct,validation,up50pct::SZ301236::000000,102,"{""choppy_reversal_winner"": 0.30244120483612325, ""jump_repricing_winner"": 0.13601462195491743, ""late_rescue_winner"": 0.18026990742517635, ""slow_grind_winner"": 0.0, ""smooth_trend_winner"": 0.08814357035899954, ""stair_step_winner"": 0.2931306954247835}",choppy_reversal_winner,stair_step_winner,0.8459160166204328,0.11480114505115653,0.058823529411764705,0.058823529411764705
up50pct,robustness,up50pct::SZ301275::000000,9,"{""choppy_reversal_winner"": 0.03143609825695643, ""jump_repricing_winner"": 0.58150536339547, ""late_rescue_winner"": 0.020887191041699102, ""slow_grind_winner"": 0.0, ""smooth_trend_winner"": 0.2913866643776888, ""stair_step_winner"": 0.07478468292818569}",jump_repricing_winner,smooth_trend_winner,0.5905139888802106,0.02955117945810942,0.0,0.3333333333333333
up50pct,robustness,up50pct::SZ301297::000000,10,"{""choppy_reversal_winner"": 0.19999456816894107, ""jump_repricing_winner"": 0.13384117977482385, ""late_rescue_winner"": 0.11082735448439347, ""slow_grind_winner"": 0.0, ""smooth_trend_winner"": 0.07833312300773967, ""stair_step_winner"": 0.4770037745641019}",stair_step_winner,choppy_reversal_winner,0.7743444282709615,0.017226224023138576,0.0,0.0
up50pct,validation,up50pct::SZ301363::000000,2,"{""choppy_reversal_winner"": 0.40153713697757354, ""jump_repricing_winner"": 0.014950297857596787, ""late_rescue_winner"": 0.4431403896243733, ""slow_grind_winner"": 0.0, ""smooth_trend_winner"": 0.008859730714522831, ""stair_step_winner"": 0.13151244482593347}",late_rescue_winner,choppy_reversal_winner,0.6131099887251222,0.0016875260035877152,0.0,0.0
up50pct,robustness,up50pct::SZ301377::000000,30,"{""choppy_reversal_winner"": 0.028027108916450136, ""jump_repricing_winner"": 0.4911431289705093, ""late_rescue_winner"": 0.017165478335387636, ""slow_grind_winner"": 0.0, ""smooth_trend_winner"": 0.3881853602964348, ""stair_step_winner"": 0.07547892348121824}",jump_repricing_winner,smooth_trend_winner,0.6036145206857132,0.05361910427572173,0.26666666666666666,0.13333333333333333
up50pct,robustness,up50pct::SZ301511::000000,5,"{""choppy_reversal_winner"": 0.325559696331174, ""jump_repricing_winner"": 0.07619672262941032, ""late_rescue_winner"": 0.2246981562622679, ""slow_grind_winner"": 0.0, ""smooth_trend_winner"": 0.042032266948116924, ""stair_step_winner"": 0.3315131578290308}",stair_step_winner,choppy_reversal_winner,0.7792434257510702,0.0054900791461472585,0.0,0.0
up50pct,robustness,up50pct::SZ301526::000000,59,"{""choppy_reversal_winner"": 0.273995098134265, ""jump_repricing_winner"": 0.14061935311082244, ""late_rescue_winner"": 0.18873844623333014, ""slow_grind_winner"": 0.0, ""smooth_trend_winner"": 0.09189032826867745, ""stair_step_winner"": 0.3047567742529049}",stair_step_winner,choppy_reversal_winner,0.8521020025043312,0.08798540894085705,0.0,0.3898305084745763
up50pct,robustness,up50pct::SZ301536::000000,2,"{""choppy_reversal_winner"": 0.014472834586892178, ""jump_repricing_winner"": 0.4561603252706463, ""late_rescue_winner"": 0.011315628810718712, ""slow_grind_winner"": 0.0, ""smooth_trend_winner"": 0.47882617579164544, ""stair_step_winner"": 0.03922503554009728}",smooth_trend_winner,jump_repricing_winner,0.5300378930538198,0.008705133221400048,0.0,1.0
up50pct,robustness,up50pct::SZ301536::000001,11,"{""choppy_reversal_winner"": 0.012934511116418438, ""jump_repricing_winner"": 0.5922710052589555, ""late_rescue_winner"": 0.007564197167552702, ""slow_grind_winner"": 0.0, ""smooth_trend_winner"": 0.3479008421015188, ""stair_step_winner"": 0.03932944435555458}",jump_repricing_winner,smooth_trend_winner,0.5011822151988841,0.017428966985585725,1.0,0.0
up50pct,robustness,up50pct::SZ301536::000002,109,"{""choppy_reversal_winner"": 0.17499523399896383, ""jump_repricing_winner"": 0.13693823273837674, ""late_rescue_winner"": 0.11028533450586636, ""slow_grind_winner"": 0.0, ""smooth_trend_winner"": 0.09372009986099526, ""stair_step_winner"": 0.4840610988957978}",stair_step_winner,choppy_reversal_winner,0.7777322634213732,0.08159677197865643,0.0,0.1651376146788991
up50pct,robustness,up50pct::SZ301606::000000,40,"{""choppy_reversal_winner"": 0.10638229714593397, ""jump_repricing_winner"": 0.3387117779088184, ""late_rescue_winner"": 0.07500024450319517, ""slow_grind_winner"": 0.0, ""smooth_trend_winner"": 0.22710669887379656, ""stair_step_winner"": 0.2527989815682559}",jump_repricing_winner,stair_step_winner,0.8280250719665769,0.09565857959056617,0.15,0.2
up50pct,robustness,up50pct::SZ301611::000000,174,"{""choppy_reversal_winner"": 0.1567269123171144, ""jump_repricing_winner"": 0.32029577420542166, ""late_rescue_winner"": 0.10811922814549609, ""slow_grind_winner"": 0.0, ""smooth_trend_winner"": 0.14946002005502, ""stair_step_winner"": 0.26539806527694787}",jump_repricing_winner,stair_step_winner,0.8548956456517104,0.09923945737912448,0.08620689655172414,0.25862068965517243
