filter_id,split_bucket,treated_n,control_n,coarsening_level,effective_control_ratio,matched_block_n,unmatched_treated_n,max_standardized_diff_after_match,control_match_quality,match_status,excluded_match_decile_ids,included_match_decile_ids,compression_severity_decile_used,liquidity_decile_used
stock_vs_board_20d__top_50pct,train,21680,21679,level_3,0.9999538745387454,24,0,0.9221085576670316,insufficient_control,fail,stock_vs_board_20d_directional_decile;ret_20d_directional_decile;close_vs_sma20_directional_decile;stock_vs_board_5d_directional_decile;ret_5d_directional_decile,close_position_20d_directional_decile;max_drawdown_20d_directional_decile;turnover_zscore_20d_directional_decile,volatility_20d_decile,liquidity_metric_decile
stock_vs_board_20d__top_50pct,validation,13595,7575,level_3,0.5571901434350864,16,0,1.677241952737156,insufficient_control,fail,stock_vs_board_20d_directional_decile;ret_20d_directional_decile;close_vs_sma20_directional_decile;stock_vs_board_5d_directional_decile;ret_5d_directional_decile,close_position_20d_directional_decile;max_drawdown_20d_directional_decile;turnover_zscore_20d_directional_decile,volatility_20d_decile,liquidity_metric_decile
stock_vs_board_20d__top_50pct,robustness,25823,20947,level_3,0.8111760833365604,16,0,1.36820181136609,insufficient_control,fail,stock_vs_board_20d_directional_decile;ret_20d_directional_decile;close_vs_sma20_directional_decile;stock_vs_board_5d_directional_decile;ret_5d_directional_decile,close_position_20d_directional_decile;max_drawdown_20d_directional_decile;turnover_zscore_20d_directional_decile,volatility_20d_decile,liquidity_metric_decile
stock_vs_board_20d__top_40pct,train,17344,26015,level_3,1.4999423431734318,24,0,0.9663919890415702,insufficient_control,fail,stock_vs_board_20d_directional_decile;ret_20d_directional_decile;close_vs_sma20_directional_decile;stock_vs_board_5d_directional_decile;ret_5d_directional_decile,close_position_20d_directional_decile;max_drawdown_20d_directional_decile;turnover_zscore_20d_directional_decile,volatility_20d_decile,liquidity_metric_decile
stock_vs_board_20d__top_40pct,validation,11754,9416,level_3,0.8010889909817934,16,0,1.673548347271117,insufficient_control,fail,stock_vs_board_20d_directional_decile;ret_20d_directional_decile;close_vs_sma20_directional_decile;stock_vs_board_5d_directional_decile;ret_5d_directional_decile,close_position_20d_directional_decile;max_drawdown_20d_directional_decile;turnover_zscore_20d_directional_decile,volatility_20d_decile,liquidity_metric_decile
stock_vs_board_20d__top_40pct,robustness,21824,24946,level_3,1.1430535190615836,16,0,1.4048064728032656,insufficient_control,fail,stock_vs_board_20d_directional_decile;ret_20d_directional_decile;close_vs_sma20_directional_decile;stock_vs_board_5d_directional_decile;ret_5d_directional_decile,close_position_20d_directional_decile;max_drawdown_20d_directional_decile;turnover_zscore_20d_directional_decile,volatility_20d_decile,liquidity_metric_decile
stock_vs_board_20d__top_30pct,train,13008,30351,level_3,2.3332564575645756,24,0,1.0778879414690148,insufficient_control,fail,stock_vs_board_20d_directional_decile;ret_20d_directional_decile;close_vs_sma20_directional_decile;stock_vs_board_5d_directional_decile;ret_5d_directional_decile,close_position_20d_directional_decile;max_drawdown_20d_directional_decile;turnover_zscore_20d_directional_decile,volatility_20d_decile,liquidity_metric_decile
stock_vs_board_20d__top_30pct,validation,9597,11573,level_3,1.205897676357195,16,0,1.6408887106539405,insufficient_control,fail,stock_vs_board_20d_directional_decile;ret_20d_directional_decile;close_vs_sma20_directional_decile;stock_vs_board_5d_directional_decile;ret_5d_directional_decile,close_position_20d_directional_decile;max_drawdown_20d_directional_decile;turnover_zscore_20d_directional_decile,volatility_20d_decile,liquidity_metric_decile
stock_vs_board_20d__top_30pct,robustness,17297,29456,level_3,1.7029542695265074,15,0,1.445066872045798,insufficient_control,fail,stock_vs_board_20d_directional_decile;ret_20d_directional_decile;close_vs_sma20_directional_decile;stock_vs_board_5d_directional_decile;ret_5d_directional_decile,close_position_20d_directional_decile;max_drawdown_20d_directional_decile;turnover_zscore_20d_directional_decile,volatility_20d_decile,liquidity_metric_decile
stock_vs_board_20d__top_20pct,train,8672,34687,level_3,3.9998846863468636,24,0,1.2345841968871756,insufficient_control,fail,stock_vs_board_20d_directional_decile;ret_20d_directional_decile;close_vs_sma20_directional_decile;stock_vs_board_5d_directional_decile;ret_5d_directional_decile,close_position_20d_directional_decile;max_drawdown_20d_directional_decile;turnover_zscore_20d_directional_decile,volatility_20d_decile,liquidity_metric_decile
stock_vs_board_20d__top_20pct,validation,6813,14357,level_3,2.107294877440188,16,0,1.5690088895003862,insufficient_control,fail,stock_vs_board_20d_directional_decile;ret_20d_directional_decile;close_vs_sma20_directional_decile;stock_vs_board_5d_directional_decile;ret_5d_directional_decile,close_position_20d_directional_decile;max_drawdown_20d_directional_decile;turnover_zscore_20d_directional_decile,volatility_20d_decile,liquidity_metric_decile
stock_vs_board_20d__top_20pct,robustness,12279,34474,level_3,2.807557618698591,15,0,1.5323459883911457,insufficient_control,fail,stock_vs_board_20d_directional_decile;ret_20d_directional_decile;close_vs_sma20_directional_decile;stock_vs_board_5d_directional_decile;ret_5d_directional_decile,close_position_20d_directional_decile;max_drawdown_20d_directional_decile;turnover_zscore_20d_directional_decile,volatility_20d_decile,liquidity_metric_decile
ret_20d__top_50pct,train,22257,21102,level_3,0.9481062137754415,24,0,2.068240405637254,insufficient_control,fail,stock_vs_board_20d_directional_decile;ret_20d_directional_decile;close_vs_sma20_directional_decile;stock_vs_board_5d_directional_decile;ret_5d_directional_decile,close_position_20d_directional_decile;max_drawdown_20d_directional_decile;turnover_zscore_20d_directional_decile,volatility_20d_decile,liquidity_metric_decile
ret_20d__top_50pct,validation,11122,10048,level_3,0.9034346340586226,16,0,2.1697296921940867,insufficient_control,fail,stock_vs_board_20d_directional_decile;ret_20d_directional_decile;close_vs_sma20_directional_decile;stock_vs_board_5d_directional_decile;ret_5d_directional_decile,close_position_20d_directional_decile;max_drawdown_20d_directional_decile;turnover_zscore_20d_directional_decile,volatility_20d_decile,liquidity_metric_decile
ret_20d__top_50pct,robustness,25766,21004,level_3,0.8151827990374912,16,0,2.0656570802159955,insufficient_control,fail,stock_vs_board_20d_directional_decile;ret_20d_directional_decile;close_vs_sma20_directional_decile;stock_vs_board_5d_directional_decile;ret_5d_directional_decile,close_position_20d_directional_decile;max_drawdown_20d_directional_decile;turnover_zscore_20d_directional_decile,volatility_20d_decile,liquidity_metric_decile
ret_20d__top_40pct,train,17344,26015,level_3,1.4999423431734318,24,0,2.0919072090947366,insufficient_control,fail,stock_vs_board_20d_directional_decile;ret_20d_directional_decile;close_vs_sma20_directional_decile;stock_vs_board_5d_directional_decile;ret_5d_directional_decile,close_position_20d_directional_decile;max_drawdown_20d_directional_decile;turnover_zscore_20d_directional_decile,volatility_20d_decile,liquidity_metric_decile
ret_20d__top_40pct,validation,9006,12164,level_3,1.3506551188096825,16,0,2.05993781057232,insufficient_control,fail,stock_vs_board_20d_directional_decile;ret_20d_directional_decile;close_vs_sma20_directional_decile;stock_vs_board_5d_directional_decile;ret_5d_directional_decile,close_position_20d_directional_decile;max_drawdown_20d_directional_decile;turnover_zscore_20d_directional_decile,volatility_20d_decile,liquidity_metric_decile
ret_20d__top_40pct,robustness,20222,26548,level_3,1.3128276134902581,16,0,2.0236853850742573,insufficient_control,fail,stock_vs_board_20d_directional_decile;ret_20d_directional_decile;close_vs_sma20_directional_decile;stock_vs_board_5d_directional_decile;ret_5d_directional_decile,close_position_20d_directional_decile;max_drawdown_20d_directional_decile;turnover_zscore_20d_directional_decile,volatility_20d_decile,liquidity_metric_decile
ret_20d__top_30pct,train,13009,30350,level_3,2.333000230609578,24,0,2.047094187346861,insufficient_control,fail,stock_vs_board_20d_directional_decile;ret_20d_directional_decile;close_vs_sma20_directional_decile;stock_vs_board_5d_directional_decile;ret_5d_directional_decile,close_position_20d_directional_decile;max_drawdown_20d_directional_decile;turnover_zscore_20d_directional_decile,volatility_20d_decile,liquidity_metric_decile
ret_20d__top_30pct,validation,7012,14158,level_3,2.0191100969766116,16,0,1.964633926184646,insufficient_control,fail,stock_vs_board_20d_directional_decile;ret_20d_directional_decile;close_vs_sma20_directional_decile;stock_vs_board_5d_directional_decile;ret_5d_directional_decile,close_position_20d_directional_decile;max_drawdown_20d_directional_decile;turnover_zscore_20d_directional_decile,volatility_20d_decile,liquidity_metric_decile
ret_20d__top_30pct,robustness,14858,31895,level_3,2.146655000673038,15,0,1.9594521560003264,insufficient_control,fail,stock_vs_board_20d_directional_decile;ret_20d_directional_decile;close_vs_sma20_directional_decile;stock_vs_board_5d_directional_decile;ret_5d_directional_decile,close_position_20d_directional_decile;max_drawdown_20d_directional_decile;turnover_zscore_20d_directional_decile,volatility_20d_decile,liquidity_metric_decile
ret_20d__top_20pct,train,8672,34687,level_3,3.9998846863468636,24,0,1.9694964203984904,insufficient_control,fail,stock_vs_board_20d_directional_decile;ret_20d_directional_decile;close_vs_sma20_directional_decile;stock_vs_board_5d_directional_decile;ret_5d_directional_decile,close_position_20d_directional_decile;max_drawdown_20d_directional_decile;turnover_zscore_20d_directional_decile,volatility_20d_decile,liquidity_metric_decile
ret_20d__top_20pct,validation,4769,16401,level_3,3.4390857622143005,16,0,1.8798142680885912,insufficient_control,fail,stock_vs_board_20d_directional_decile;ret_20d_directional_decile;close_vs_sma20_directional_decile;stock_vs_board_5d_directional_decile;ret_5d_directional_decile,close_position_20d_directional_decile;max_drawdown_20d_directional_decile;turnover_zscore_20d_directional_decile,volatility_20d_decile,liquidity_metric_decile
ret_20d__top_20pct,robustness,9537,37216,level_3,3.9022753486421307,15,0,1.9047677338215674,insufficient_control,fail,stock_vs_board_20d_directional_decile;ret_20d_directional_decile;close_vs_sma20_directional_decile;stock_vs_board_5d_directional_decile;ret_5d_directional_decile,close_position_20d_directional_decile;max_drawdown_20d_directional_decile;turnover_zscore_20d_directional_decile,volatility_20d_decile,liquidity_metric_decile
close_vs_sma20__top_50pct,train,21680,21679,level_3,0.9999538745387454,24,0,3.082234992192908,insufficient_control,fail,stock_vs_board_20d_directional_decile;ret_20d_directional_decile;close_vs_sma20_directional_decile;stock_vs_board_5d_directional_decile;ret_5d_directional_decile,close_position_20d_directional_decile;max_drawdown_20d_directional_decile;turnover_zscore_20d_directional_decile,volatility_20d_decile,liquidity_metric_decile
close_vs_sma20__top_50pct,validation,11005,10165,level_3,0.9236710586097229,16,0,3.1591343576520803,insufficient_control,fail,stock_vs_board_20d_directional_decile;ret_20d_directional_decile;close_vs_sma20_directional_decile;stock_vs_board_5d_directional_decile;ret_5d_directional_decile,close_position_20d_directional_decile;max_drawdown_20d_directional_decile;turnover_zscore_20d_directional_decile,volatility_20d_decile,liquidity_metric_decile
close_vs_sma20__top_50pct,robustness,24071,22699,level_3,0.9430019525570188,16,0,3.1290978414752333,insufficient_control,fail,stock_vs_board_20d_directional_decile;ret_20d_directional_decile;close_vs_sma20_directional_decile;stock_vs_board_5d_directional_decile;ret_5d_directional_decile,close_position_20d_directional_decile;max_drawdown_20d_directional_decile;turnover_zscore_20d_directional_decile,volatility_20d_decile,liquidity_metric_decile
close_vs_sma20__top_40pct,train,17344,26015,level_3,1.4999423431734318,24,0,2.945606595639766,insufficient_control,fail,stock_vs_board_20d_directional_decile;ret_20d_directional_decile;close_vs_sma20_directional_decile;stock_vs_board_5d_directional_decile;ret_5d_directional_decile,close_position_20d_directional_decile;max_drawdown_20d_directional_decile;turnover_zscore_20d_directional_decile,volatility_20d_decile,liquidity_metric_decile
close_vs_sma20__top_40pct,validation,8846,12324,level_3,1.3931720551661768,16,0,2.9396897779269,insufficient_control,fail,stock_vs_board_20d_directional_decile;ret_20d_directional_decile;close_vs_sma20_directional_decile;stock_vs_board_5d_directional_decile;ret_5d_directional_decile,close_position_20d_directional_decile;max_drawdown_20d_directional_decile;turnover_zscore_20d_directional_decile,volatility_20d_decile,liquidity_metric_decile
close_vs_sma20__top_40pct,robustness,19291,27479,level_3,1.4244466331449899,16,0,2.9634675387252924,insufficient_control,fail,stock_vs_board_20d_directional_decile;ret_20d_directional_decile;close_vs_sma20_directional_decile;stock_vs_board_5d_directional_decile;ret_5d_directional_decile,close_position_20d_directional_decile;max_drawdown_20d_directional_decile;turnover_zscore_20d_directional_decile,volatility_20d_decile,liquidity_metric_decile
close_vs_sma20__top_30pct,train,13008,30351,level_3,2.3332564575645756,24,0,2.687732408377839,insufficient_control,fail,stock_vs_board_20d_directional_decile;ret_20d_directional_decile;close_vs_sma20_directional_decile;stock_vs_board_5d_directional_decile;ret_5d_directional_decile,close_position_20d_directional_decile;max_drawdown_20d_directional_decile;turnover_zscore_20d_directional_decile,volatility_20d_decile,liquidity_metric_decile
close_vs_sma20__top_30pct,validation,6648,14510,level_3,2.1826113116726833,15,0,2.628378631775683,insufficient_control,fail,stock_vs_board_20d_directional_decile;ret_20d_directional_decile;close_vs_sma20_directional_decile;stock_vs_board_5d_directional_decile;ret_5d_directional_decile,close_position_20d_directional_decile;max_drawdown_20d_directional_decile;turnover_zscore_20d_directional_decile,volatility_20d_decile,liquidity_metric_decile
close_vs_sma20__top_30pct,robustness,14223,32530,level_3,2.2871405470013357,15,0,2.66100135505315,insufficient_control,fail,stock_vs_board_20d_directional_decile;ret_20d_directional_decile;close_vs_sma20_directional_decile;stock_vs_board_5d_directional_decile;ret_5d_directional_decile,close_position_20d_directional_decile;max_drawdown_20d_directional_decile;turnover_zscore_20d_directional_decile,volatility_20d_decile,liquidity_metric_decile
close_vs_sma20__top_20pct,train,8672,34687,level_3,3.9998846863468636,24,0,2.406070138225562,insufficient_control,fail,stock_vs_board_20d_directional_decile;ret_20d_directional_decile;close_vs_sma20_directional_decile;stock_vs_board_5d_directional_decile;ret_5d_directional_decile,close_position_20d_directional_decile;max_drawdown_20d_directional_decile;turnover_zscore_20d_directional_decile,volatility_20d_decile,liquidity_metric_decile
close_vs_sma20__top_20pct,validation,4432,16726,level_3,3.773916967509025,15,0,2.3353686970742857,insufficient_control,fail,stock_vs_board_20d_directional_decile;ret_20d_directional_decile;close_vs_sma20_directional_decile;stock_vs_board_5d_directional_decile;ret_5d_directional_decile,close_position_20d_directional_decile;max_drawdown_20d_directional_decile;turnover_zscore_20d_directional_decile,volatility_20d_decile,liquidity_metric_decile
close_vs_sma20__top_20pct,robustness,9069,37684,level_3,4.155254162531701,15,0,2.3562688656927127,insufficient_control,fail,stock_vs_board_20d_directional_decile;ret_20d_directional_decile;close_vs_sma20_directional_decile;stock_vs_board_5d_directional_decile;ret_5d_directional_decile,close_position_20d_directional_decile;max_drawdown_20d_directional_decile;turnover_zscore_20d_directional_decile,volatility_20d_decile,liquidity_metric_decile
stock_vs_board_5d__top_50pct,train,21680,21679,level_3,0.9999538745387454,24,0,0.7630240100463321,insufficient_control,fail,stock_vs_board_20d_directional_decile;ret_20d_directional_decile;close_vs_sma20_directional_decile;stock_vs_board_5d_directional_decile;ret_5d_directional_decile,close_position_20d_directional_decile;max_drawdown_20d_directional_decile;turnover_zscore_20d_directional_decile,volatility_20d_decile,liquidity_metric_decile
stock_vs_board_5d__top_50pct,validation,12230,8940,level_3,0.7309893704006541,16,0,1.086059007924109,insufficient_control,fail,stock_vs_board_20d_directional_decile;ret_20d_directional_decile;close_vs_sma20_directional_decile;stock_vs_board_5d_directional_decile;ret_5d_directional_decile,close_position_20d_directional_decile;max_drawdown_20d_directional_decile;turnover_zscore_20d_directional_decile,volatility_20d_decile,liquidity_metric_decile
stock_vs_board_5d__top_50pct,robustness,25806,20964,level_3,0.8123692164612881,16,0,1.03553849721141,insufficient_control,fail,stock_vs_board_20d_directional_decile;ret_20d_directional_decile;close_vs_sma20_directional_decile;stock_vs_board_5d_directional_decile;ret_5d_directional_decile,close_position_20d_directional_decile;max_drawdown_20d_directional_decile;turnover_zscore_20d_directional_decile,volatility_20d_decile,liquidity_metric_decile
stock_vs_board_5d__top_40pct,train,17344,26015,level_3,1.4999423431734318,24,0,0.8265620895305036,insufficient_control,fail,stock_vs_board_20d_directional_decile;ret_20d_directional_decile;close_vs_sma20_directional_decile;stock_vs_board_5d_directional_decile;ret_5d_directional_decile,close_position_20d_directional_decile;max_drawdown_20d_directional_decile;turnover_zscore_20d_directional_decile,volatility_20d_decile,liquidity_metric_decile
stock_vs_board_5d__top_40pct,validation,9943,11227,level_3,1.1291360756310973,16,0,1.0866098178497272,insufficient_control,fail,stock_vs_board_20d_directional_decile;ret_20d_directional_decile;close_vs_sma20_directional_decile;stock_vs_board_5d_directional_decile;ret_5d_directional_decile,close_position_20d_directional_decile;max_drawdown_20d_directional_decile;turnover_zscore_20d_directional_decile,volatility_20d_decile,liquidity_metric_decile
stock_vs_board_5d__top_40pct,robustness,21406,25364,level_3,1.184901429505746,16,0,1.0738091484417893,insufficient_control,fail,stock_vs_board_20d_directional_decile;ret_20d_directional_decile;close_vs_sma20_directional_decile;stock_vs_board_5d_directional_decile;ret_5d_directional_decile,close_position_20d_directional_decile;max_drawdown_20d_directional_decile;turnover_zscore_20d_directional_decile,volatility_20d_decile,liquidity_metric_decile
stock_vs_board_5d__top_30pct,train,13008,30351,level_3,2.3332564575645756,24,0,0.9188864238090307,insufficient_control,fail,stock_vs_board_20d_directional_decile;ret_20d_directional_decile;close_vs_sma20_directional_decile;stock_vs_board_5d_directional_decile;ret_5d_directional_decile,close_position_20d_directional_decile;max_drawdown_20d_directional_decile;turnover_zscore_20d_directional_decile,volatility_20d_decile,liquidity_metric_decile
stock_vs_board_5d__top_30pct,validation,7435,13735,level_3,1.847343644922663,16,0,1.1224930788106013,insufficient_control,fail,stock_vs_board_20d_directional_decile;ret_20d_directional_decile;close_vs_sma20_directional_decile;stock_vs_board_5d_directional_decile;ret_5d_directional_decile,close_position_20d_directional_decile;max_drawdown_20d_directional_decile;turnover_zscore_20d_directional_decile,volatility_20d_decile,liquidity_metric_decile
stock_vs_board_5d__top_30pct,robustness,16590,30180,level_3,1.8191681735985534,16,0,1.1203399718139608,insufficient_control,fail,stock_vs_board_20d_directional_decile;ret_20d_directional_decile;close_vs_sma20_directional_decile;stock_vs_board_5d_directional_decile;ret_5d_directional_decile,close_position_20d_directional_decile;max_drawdown_20d_directional_decile;turnover_zscore_20d_directional_decile,volatility_20d_decile,liquidity_metric_decile
stock_vs_board_5d__top_20pct,train,8672,34687,level_3,3.9998846863468636,24,0,1.0529286125196362,insufficient_control,fail,stock_vs_board_20d_directional_decile;ret_20d_directional_decile;close_vs_sma20_directional_decile;stock_vs_board_5d_directional_decile;ret_5d_directional_decile,close_position_20d_directional_decile;max_drawdown_20d_directional_decile;turnover_zscore_20d_directional_decile,volatility_20d_decile,liquidity_metric_decile
stock_vs_board_5d__top_20pct,validation,4883,16287,level_3,3.3354495187384803,16,0,1.2427593692548533,insufficient_control,fail,stock_vs_board_20d_directional_decile;ret_20d_directional_decile;close_vs_sma20_directional_decile;stock_vs_board_5d_directional_decile;ret_5d_directional_decile,close_position_20d_directional_decile;max_drawdown_20d_directional_decile;turnover_zscore_20d_directional_decile,volatility_20d_decile,liquidity_metric_decile
stock_vs_board_5d__top_20pct,robustness,11552,35218,level_3,3.0486495844875345,16,0,1.1974999575308425,insufficient_control,fail,stock_vs_board_20d_directional_decile;ret_20d_directional_decile;close_vs_sma20_directional_decile;stock_vs_board_5d_directional_decile;ret_5d_directional_decile,close_position_20d_directional_decile;max_drawdown_20d_directional_decile;turnover_zscore_20d_directional_decile,volatility_20d_decile,liquidity_metric_decile
ret_5d__top_50pct,train,21680,21679,level_3,0.9999538745387454,24,0,1.5091847890393115,insufficient_control,fail,stock_vs_board_20d_directional_decile;ret_20d_directional_decile;close_vs_sma20_directional_decile;stock_vs_board_5d_directional_decile;ret_5d_directional_decile,close_position_20d_directional_decile;max_drawdown_20d_directional_decile;turnover_zscore_20d_directional_decile,volatility_20d_decile,liquidity_metric_decile
ret_5d__top_50pct,validation,10836,10334,level_3,0.953672942045035,16,0,1.3605420867776872,insufficient_control,fail,stock_vs_board_20d_directional_decile;ret_20d_directional_decile;close_vs_sma20_directional_decile;stock_vs_board_5d_directional_decile;ret_5d_directional_decile,close_position_20d_directional_decile;max_drawdown_20d_directional_decile;turnover_zscore_20d_directional_decile,volatility_20d_decile,liquidity_metric_decile
ret_5d__top_50pct,robustness,23289,23481,level_3,1.0082442354759757,16,0,1.548749752673052,insufficient_control,fail,stock_vs_board_20d_directional_decile;ret_20d_directional_decile;close_vs_sma20_directional_decile;stock_vs_board_5d_directional_decile;ret_5d_directional_decile,close_position_20d_directional_decile;max_drawdown_20d_directional_decile;turnover_zscore_20d_directional_decile,volatility_20d_decile,liquidity_metric_decile
ret_5d__top_40pct,train,17344,26015,level_3,1.4999423431734318,24,0,1.548556843574321,insufficient_control,fail,stock_vs_board_20d_directional_decile;ret_20d_directional_decile;close_vs_sma20_directional_decile;stock_vs_board_5d_directional_decile;ret_5d_directional_decile,close_position_20d_directional_decile;max_drawdown_20d_directional_decile;turnover_zscore_20d_directional_decile,volatility_20d_decile,liquidity_metric_decile
ret_5d__top_40pct,validation,8458,12712,level_3,1.502955781508631,16,0,1.3954426421662844,insufficient_control,fail,stock_vs_board_20d_directional_decile;ret_20d_directional_decile;close_vs_sma20_directional_decile;stock_vs_board_5d_directional_decile;ret_5d_directional_decile,close_position_20d_directional_decile;max_drawdown_20d_directional_decile;turnover_zscore_20d_directional_decile,volatility_20d_decile,liquidity_metric_decile
ret_5d__top_40pct,robustness,18176,28594,level_3,1.5731734154929577,16,0,1.5776029716545126,insufficient_control,fail,stock_vs_board_20d_directional_decile;ret_20d_directional_decile;close_vs_sma20_directional_decile;stock_vs_board_5d_directional_decile;ret_5d_directional_decile,close_position_20d_directional_decile;max_drawdown_20d_directional_decile;turnover_zscore_20d_directional_decile,volatility_20d_decile,liquidity_metric_decile
ret_5d__top_30pct,train,13009,30350,level_3,2.333000230609578,24,0,1.6193014487401944,insufficient_control,fail,stock_vs_board_20d_directional_decile;ret_20d_directional_decile;close_vs_sma20_directional_decile;stock_vs_board_5d_directional_decile;ret_5d_directional_decile,close_position_20d_directional_decile;max_drawdown_20d_directional_decile;turnover_zscore_20d_directional_decile,volatility_20d_decile,liquidity_metric_decile
ret_5d__top_30pct,validation,6069,15101,level_3,2.48821881693854,16,0,1.455543537420041,insufficient_control,fail,stock_vs_board_20d_directional_decile;ret_20d_directional_decile;close_vs_sma20_directional_decile;stock_vs_board_5d_directional_decile;ret_5d_directional_decile,close_position_20d_directional_decile;max_drawdown_20d_directional_decile;turnover_zscore_20d_directional_decile,volatility_20d_decile,liquidity_metric_decile
ret_5d__top_30pct,robustness,13057,33696,level_3,2.580684690204488,15,0,1.6248488266082286,insufficient_control,fail,stock_vs_board_20d_directional_decile;ret_20d_directional_decile;close_vs_sma20_directional_decile;stock_vs_board_5d_directional_decile;ret_5d_directional_decile,close_position_20d_directional_decile;max_drawdown_20d_directional_decile;turnover_zscore_20d_directional_decile,volatility_20d_decile,liquidity_metric_decile
ret_5d__top_20pct,train,8672,34672,level_3,3.9981549815498156,23,0,1.673213452293506,insufficient_control,fail,stock_vs_board_20d_directional_decile;ret_20d_directional_decile;close_vs_sma20_directional_decile;stock_vs_board_5d_directional_decile;ret_5d_directional_decile,close_position_20d_directional_decile;max_drawdown_20d_directional_decile;turnover_zscore_20d_directional_decile,volatility_20d_decile,liquidity_metric_decile
ret_5d__top_20pct,validation,3899,17259,level_3,4.426519620415491,15,0,1.5413591025099733,insufficient_control,fail,stock_vs_board_20d_directional_decile;ret_20d_directional_decile;close_vs_sma20_directional_decile;stock_vs_board_5d_directional_decile;ret_5d_directional_decile,close_position_20d_directional_decile;max_drawdown_20d_directional_decile;turnover_zscore_20d_directional_decile,volatility_20d_decile,liquidity_metric_decile
ret_5d__top_20pct,robustness,8260,38493,level_3,4.660169491525424,15,0,1.6770351517066286,insufficient_control,fail,stock_vs_board_20d_directional_decile;ret_20d_directional_decile;close_vs_sma20_directional_decile;stock_vs_board_5d_directional_decile;ret_5d_directional_decile,close_position_20d_directional_decile;max_drawdown_20d_directional_decile;turnover_zscore_20d_directional_decile,volatility_20d_decile,liquidity_metric_decile
close_position_20d__top_50pct,train,21680,21679,level_3,0.9999538745387454,24,0,1.3566329451428543,insufficient_control,fail,close_position_20d_directional_decile;distance_to_20d_high_directional_decile;distance_from_20d_low_directional_decile;higher_low_slope_10d_directional_decile,stock_vs_board_20d_directional_decile;max_drawdown_20d_directional_decile;turnover_zscore_20d_directional_decile,volatility_20d_decile,liquidity_metric_decile
close_position_20d__top_50pct,validation,11047,10123,level_3,0.9163573820946863,16,0,1.7117805288349106,insufficient_control,fail,close_position_20d_directional_decile;distance_to_20d_high_directional_decile;distance_from_20d_low_directional_decile;higher_low_slope_10d_directional_decile,stock_vs_board_20d_directional_decile;max_drawdown_20d_directional_decile;turnover_zscore_20d_directional_decile,volatility_20d_decile,liquidity_metric_decile
close_position_20d__top_50pct,robustness,23962,22808,level_3,0.9518404139888156,16,0,1.4430859270828282,insufficient_control,fail,close_position_20d_directional_decile;distance_to_20d_high_directional_decile;distance_from_20d_low_directional_decile;higher_low_slope_10d_directional_decile,stock_vs_board_20d_directional_decile;max_drawdown_20d_directional_decile;turnover_zscore_20d_directional_decile,volatility_20d_decile,liquidity_metric_decile
close_position_20d__top_40pct,train,17344,26015,level_3,1.4999423431734318,24,0,1.2911172347612399,insufficient_control,fail,close_position_20d_directional_decile;distance_to_20d_high_directional_decile;distance_from_20d_low_directional_decile;higher_low_slope_10d_directional_decile,stock_vs_board_20d_directional_decile;max_drawdown_20d_directional_decile;turnover_zscore_20d_directional_decile,volatility_20d_decile,liquidity_metric_decile
close_position_20d__top_40pct,validation,9104,12066,level_3,1.3253514938488578,16,0,1.6249956318654142,insufficient_control,fail,close_position_20d_directional_decile;distance_to_20d_high_directional_decile;distance_from_20d_low_directional_decile;higher_low_slope_10d_directional_decile,stock_vs_board_20d_directional_decile;max_drawdown_20d_directional_decile;turnover_zscore_20d_directional_decile,volatility_20d_decile,liquidity_metric_decile
close_position_20d__top_40pct,robustness,19407,27363,level_3,1.4099551708146545,16,0,1.3932838547347681,insufficient_control,fail,close_position_20d_directional_decile;distance_to_20d_high_directional_decile;distance_from_20d_low_directional_decile;higher_low_slope_10d_directional_decile,stock_vs_board_20d_directional_decile;max_drawdown_20d_directional_decile;turnover_zscore_20d_directional_decile,volatility_20d_decile,liquidity_metric_decile
close_position_20d__top_30pct,train,13009,30350,level_3,2.333000230609578,24,0,1.2213778109294147,insufficient_control,fail,close_position_20d_directional_decile;distance_to_20d_high_directional_decile;distance_from_20d_low_directional_decile;higher_low_slope_10d_directional_decile,stock_vs_board_20d_directional_decile;max_drawdown_20d_directional_decile;turnover_zscore_20d_directional_decile,volatility_20d_decile,liquidity_metric_decile
close_position_20d__top_30pct,validation,6980,14190,level_3,2.0329512893982806,16,0,1.5043523810513477,insufficient_control,fail,close_position_20d_directional_decile;distance_to_20d_high_directional_decile;distance_from_20d_low_directional_decile;higher_low_slope_10d_directional_decile,stock_vs_board_20d_directional_decile;max_drawdown_20d_directional_decile;turnover_zscore_20d_directional_decile,volatility_20d_decile,liquidity_metric_decile
close_position_20d__top_30pct,robustness,14662,32108,level_3,2.189878597735643,16,0,1.354502375899317,insufficient_control,fail,close_position_20d_directional_decile;distance_to_20d_high_directional_decile;distance_from_20d_low_directional_decile;higher_low_slope_10d_directional_decile,stock_vs_board_20d_directional_decile;max_drawdown_20d_directional_decile;turnover_zscore_20d_directional_decile,volatility_20d_decile,liquidity_metric_decile
close_position_20d__top_20pct,train,8672,34687,level_3,3.9998846863468636,24,0,1.1473292025171693,insufficient_control,fail,close_position_20d_directional_decile;distance_to_20d_high_directional_decile;distance_from_20d_low_directional_decile;higher_low_slope_10d_directional_decile,stock_vs_board_20d_directional_decile;max_drawdown_20d_directional_decile;turnover_zscore_20d_directional_decile,volatility_20d_decile,liquidity_metric_decile
close_position_20d__top_20pct,validation,4764,16406,level_3,3.443744752308984,16,0,1.3933630448430776,insufficient_control,fail,close_position_20d_directional_decile;distance_to_20d_high_directional_decile;distance_from_20d_low_directional_decile;higher_low_slope_10d_directional_decile,stock_vs_board_20d_directional_decile;max_drawdown_20d_directional_decile;turnover_zscore_20d_directional_decile,volatility_20d_decile,liquidity_metric_decile
close_position_20d__top_20pct,robustness,9963,36790,level_3,3.6926628525544514,15,0,1.3203784453598808,insufficient_control,fail,close_position_20d_directional_decile;distance_to_20d_high_directional_decile;distance_from_20d_low_directional_decile;higher_low_slope_10d_directional_decile,stock_vs_board_20d_directional_decile;max_drawdown_20d_directional_decile;turnover_zscore_20d_directional_decile,volatility_20d_decile,liquidity_metric_decile
distance_to_20d_high__top_50pct,train,21680,21679,level_3,0.9999538745387454,24,0,1.6630018798792683,insufficient_control,fail,close_position_20d_directional_decile;distance_to_20d_high_directional_decile;distance_from_20d_low_directional_decile;higher_low_slope_10d_directional_decile,stock_vs_board_20d_directional_decile;max_drawdown_20d_directional_decile;turnover_zscore_20d_directional_decile,volatility_20d_decile,liquidity_metric_decile
distance_to_20d_high__top_50pct,validation,10978,10192,level_3,0.9284022590635818,16,0,1.9044433366056337,insufficient_control,fail,close_position_20d_directional_decile;distance_to_20d_high_directional_decile;distance_from_20d_low_directional_decile;higher_low_slope_10d_directional_decile,stock_vs_board_20d_directional_decile;max_drawdown_20d_directional_decile;turnover_zscore_20d_directional_decile,volatility_20d_decile,liquidity_metric_decile
distance_to_20d_high__top_50pct,robustness,25375,21395,level_3,0.843152709359606,16,0,1.772351192070463,insufficient_control,fail,close_position_20d_directional_decile;distance_to_20d_high_directional_decile;distance_from_20d_low_directional_decile;higher_low_slope_10d_directional_decile,stock_vs_board_20d_directional_decile;max_drawdown_20d_directional_decile;turnover_zscore_20d_directional_decile,volatility_20d_decile,liquidity_metric_decile
distance_to_20d_high__top_40pct,train,17345,26014,level_3,1.499798212741424,24,0,1.4704994317934204,insufficient_control,fail,close_position_20d_directional_decile;distance_to_20d_high_directional_decile;distance_from_20d_low_directional_decile;higher_low_slope_10d_directional_decile,stock_vs_board_20d_directional_decile;max_drawdown_20d_directional_decile;turnover_zscore_20d_directional_decile,volatility_20d_decile,liquidity_metric_decile
distance_to_20d_high__top_40pct,validation,9070,12100,level_3,1.3340683572216097,16,0,1.7026363348432358,insufficient_control,fail,close_position_20d_directional_decile;distance_to_20d_high_directional_decile;distance_from_20d_low_directional_decile;higher_low_slope_10d_directional_decile,stock_vs_board_20d_directional_decile;max_drawdown_20d_directional_decile;turnover_zscore_20d_directional_decile,volatility_20d_decile,liquidity_metric_decile
distance_to_20d_high__top_40pct,robustness,20422,26348,level_3,1.2901772598178436,16,0,1.5342140312504162,insufficient_control,fail,close_position_20d_directional_decile;distance_to_20d_high_directional_decile;distance_from_20d_low_directional_decile;higher_low_slope_10d_directional_decile,stock_vs_board_20d_directional_decile;max_drawdown_20d_directional_decile;turnover_zscore_20d_directional_decile,volatility_20d_decile,liquidity_metric_decile
distance_to_20d_high__top_30pct,train,13008,30351,level_3,2.3332564575645756,24,0,1.329057085084653,insufficient_control,fail,close_position_20d_directional_decile;distance_to_20d_high_directional_decile;distance_from_20d_low_directional_decile;higher_low_slope_10d_directional_decile,stock_vs_board_20d_directional_decile;max_drawdown_20d_directional_decile;turnover_zscore_20d_directional_decile,volatility_20d_decile,liquidity_metric_decile
distance_to_20d_high__top_30pct,validation,7038,14132,level_3,2.00795680591077,16,0,1.5015049365790725,insufficient_control,fail,close_position_20d_directional_decile;distance_to_20d_high_directional_decile;distance_from_20d_low_directional_decile;higher_low_slope_10d_directional_decile,stock_vs_board_20d_directional_decile;max_drawdown_20d_directional_decile;turnover_zscore_20d_directional_decile,volatility_20d_decile,liquidity_metric_decile
distance_to_20d_high__top_30pct,robustness,15513,31257,level_3,2.014890736801392,16,0,1.3540599568792182,insufficient_control,fail,close_position_20d_directional_decile;distance_to_20d_high_directional_decile;distance_from_20d_low_directional_decile;higher_low_slope_10d_directional_decile,stock_vs_board_20d_directional_decile;max_drawdown_20d_directional_decile;turnover_zscore_20d_directional_decile,volatility_20d_decile,liquidity_metric_decile
distance_to_20d_high__top_20pct,train,8672,34672,level_3,3.9981549815498156,23,0,1.2154688321984177,insufficient_control,fail,close_position_20d_directional_decile;distance_to_20d_high_directional_decile;distance_from_20d_low_directional_decile;higher_low_slope_10d_directional_decile,stock_vs_board_20d_directional_decile;max_drawdown_20d_directional_decile;turnover_zscore_20d_directional_decile,volatility_20d_decile,liquidity_metric_decile
distance_to_20d_high__top_20pct,validation,4838,16332,level_3,3.37577511368334,16,0,1.3339286133882893,insufficient_control,fail,close_position_20d_directional_decile;distance_to_20d_high_directional_decile;distance_from_20d_low_directional_decile;higher_low_slope_10d_directional_decile,stock_vs_board_20d_directional_decile;max_drawdown_20d_directional_decile;turnover_zscore_20d_directional_decile,volatility_20d_decile,liquidity_metric_decile
distance_to_20d_high__top_20pct,robustness,10570,36200,level_3,3.424787133396405,16,0,1.2214952858530332,insufficient_control,fail,close_position_20d_directional_decile;distance_to_20d_high_directional_decile;distance_from_20d_low_directional_decile;higher_low_slope_10d_directional_decile,stock_vs_board_20d_directional_decile;max_drawdown_20d_directional_decile;turnover_zscore_20d_directional_decile,volatility_20d_decile,liquidity_metric_decile
distance_from_20d_low__top_50pct,train,21680,21679,level_3,0.9999538745387454,24,0,0.925906567188744,insufficient_control,fail,close_position_20d_directional_decile;distance_to_20d_high_directional_decile;distance_from_20d_low_directional_decile;higher_low_slope_10d_directional_decile,stock_vs_board_20d_directional_decile;max_drawdown_20d_directional_decile;turnover_zscore_20d_directional_decile,volatility_20d_decile,liquidity_metric_decile
distance_from_20d_low__top_50pct,validation,10993,10177,level_3,0.9257709451469117,16,0,1.3753385051956182,insufficient_control,fail,close_position_20d_directional_decile;distance_to_20d_high_directional_decile;distance_from_20d_low_directional_decile;higher_low_slope_10d_directional_decile,stock_vs_board_20d_directional_decile;max_drawdown_20d_directional_decile;turnover_zscore_20d_directional_decile,volatility_20d_decile,liquidity_metric_decile
distance_from_20d_low__top_50pct,robustness,22626,24144,level_3,1.0670909573057545,16,0,1.3487801371585086,insufficient_control,fail,close_position_20d_directional_decile;distance_to_20d_high_directional_decile;distance_from_20d_low_directional_decile;higher_low_slope_10d_directional_decile,stock_vs_board_20d_directional_decile;max_drawdown_20d_directional_decile;turnover_zscore_20d_directional_decile,volatility_20d_decile,liquidity_metric_decile
distance_from_20d_low__top_40pct,train,17345,26014,level_3,1.499798212741424,24,0,0.9864811576163568,insufficient_control,fail,close_position_20d_directional_decile;distance_to_20d_high_directional_decile;distance_from_20d_low_directional_decile;higher_low_slope_10d_directional_decile,stock_vs_board_20d_directional_decile;max_drawdown_20d_directional_decile;turnover_zscore_20d_directional_decile,volatility_20d_decile,liquidity_metric_decile
distance_from_20d_low__top_40pct,validation,8915,12255,level_3,1.374649467190129,16,0,1.4278206009425671,insufficient_control,fail,close_position_20d_directional_decile;distance_to_20d_high_directional_decile;distance_from_20d_low_directional_decile;higher_low_slope_10d_directional_decile,stock_vs_board_20d_directional_decile;max_drawdown_20d_directional_decile;turnover_zscore_20d_directional_decile,volatility_20d_decile,liquidity_metric_decile
distance_from_20d_low__top_40pct,robustness,18017,28736,level_3,1.594938114003441,15,0,1.3809395893802923,insufficient_control,fail,close_position_20d_directional_decile;distance_to_20d_high_directional_decile;distance_from_20d_low_directional_decile;higher_low_slope_10d_directional_decile,stock_vs_board_20d_directional_decile;max_drawdown_20d_directional_decile;turnover_zscore_20d_directional_decile,volatility_20d_decile,liquidity_metric_decile
distance_from_20d_low__top_30pct,train,13008,30351,level_3,2.3332564575645756,24,0,1.0646396662060036,insufficient_control,fail,close_position_20d_directional_decile;distance_to_20d_high_directional_decile;distance_from_20d_low_directional_decile;higher_low_slope_10d_directional_decile,stock_vs_board_20d_directional_decile;max_drawdown_20d_directional_decile;turnover_zscore_20d_directional_decile,volatility_20d_decile,liquidity_metric_decile
distance_from_20d_low__top_30pct,validation,6773,14397,level_3,2.125645947143068,16,0,1.5163730172043455,insufficient_control,fail,close_position_20d_directional_decile;distance_to_20d_high_directional_decile;distance_from_20d_low_directional_decile;higher_low_slope_10d_directional_decile,stock_vs_board_20d_directional_decile;max_drawdown_20d_directional_decile;turnover_zscore_20d_directional_decile,volatility_20d_decile,liquidity_metric_decile
distance_from_20d_low__top_30pct,robustness,13412,33341,level_3,2.4859081419624216,15,0,1.4259433315096157,insufficient_control,fail,close_position_20d_directional_decile;distance_to_20d_high_directional_decile;distance_from_20d_low_directional_decile;higher_low_slope_10d_directional_decile,stock_vs_board_20d_directional_decile;max_drawdown_20d_directional_decile;turnover_zscore_20d_directional_decile,volatility_20d_decile,liquidity_metric_decile
distance_from_20d_low__top_20pct,train,8672,34687,level_3,3.9998846863468636,24,0,1.1488220008746788,insufficient_control,fail,close_position_20d_directional_decile;distance_to_20d_high_directional_decile;distance_from_20d_low_directional_decile;higher_low_slope_10d_directional_decile,stock_vs_board_20d_directional_decile;max_drawdown_20d_directional_decile;turnover_zscore_20d_directional_decile,volatility_20d_decile,liquidity_metric_decile
distance_from_20d_low__top_20pct,validation,4505,16653,level_3,3.6965593784683684,15,0,1.5867869209729866,insufficient_control,fail,close_position_20d_directional_decile;distance_to_20d_high_directional_decile;distance_from_20d_low_directional_decile;higher_low_slope_10d_directional_decile,stock_vs_board_20d_directional_decile;max_drawdown_20d_directional_decile;turnover_zscore_20d_directional_decile,volatility_20d_decile,liquidity_metric_decile
distance_from_20d_low__top_20pct,robustness,8581,38172,level_3,4.448432583614963,15,0,1.4729364963188307,insufficient_control,fail,close_position_20d_directional_decile;distance_to_20d_high_directional_decile;distance_from_20d_low_directional_decile;higher_low_slope_10d_directional_decile,stock_vs_board_20d_directional_decile;max_drawdown_20d_directional_decile;turnover_zscore_20d_directional_decile,volatility_20d_decile,liquidity_metric_decile
higher_low_slope_10d__top_50pct,train,21680,21679,level_3,0.9999538745387454,24,0,0.8582107805450028,insufficient_control,fail,close_position_20d_directional_decile;distance_to_20d_high_directional_decile;distance_from_20d_low_directional_decile;higher_low_slope_10d_directional_decile,stock_vs_board_20d_directional_decile;max_drawdown_20d_directional_decile;turnover_zscore_20d_directional_decile,volatility_20d_decile,liquidity_metric_decile
higher_low_slope_10d__top_50pct,validation,11009,10161,level_3,0.922972113725134,16,0,1.0126896846318145,insufficient_control,fail,close_position_20d_directional_decile;distance_to_20d_high_directional_decile;distance_from_20d_low_directional_decile;higher_low_slope_10d_directional_decile,stock_vs_board_20d_directional_decile;max_drawdown_20d_directional_decile;turnover_zscore_20d_directional_decile,volatility_20d_decile,liquidity_metric_decile
higher_low_slope_10d__top_50pct,robustness,23402,23368,level_3,0.9985471327236989,16,0,0.941433511931346,insufficient_control,fail,close_position_20d_directional_decile;distance_to_20d_high_directional_decile;distance_from_20d_low_directional_decile;higher_low_slope_10d_directional_decile,stock_vs_board_20d_directional_decile;max_drawdown_20d_directional_decile;turnover_zscore_20d_directional_decile,volatility_20d_decile,liquidity_metric_decile
higher_low_slope_10d__top_40pct,train,17344,26015,level_3,1.4999423431734318,24,0,0.7689275778051121,insufficient_control,fail,close_position_20d_directional_decile;distance_to_20d_high_directional_decile;distance_from_20d_low_directional_decile;higher_low_slope_10d_directional_decile,stock_vs_board_20d_directional_decile;max_drawdown_20d_directional_decile;turnover_zscore_20d_directional_decile,volatility_20d_decile,liquidity_metric_decile
higher_low_slope_10d__top_40pct,validation,8823,12347,level_3,1.399410631304545,16,0,0.9982119281844052,insufficient_control,fail,close_position_20d_directional_decile;distance_to_20d_high_directional_decile;distance_from_20d_low_directional_decile;higher_low_slope_10d_directional_decile,stock_vs_board_20d_directional_decile;max_drawdown_20d_directional_decile;turnover_zscore_20d_directional_decile,volatility_20d_decile,liquidity_metric_decile
higher_low_slope_10d__top_40pct,robustness,18515,28238,level_3,1.525141776937618,15,0,0.9679143277097467,insufficient_control,fail,close_position_20d_directional_decile;distance_to_20d_high_directional_decile;distance_from_20d_low_directional_decile;higher_low_slope_10d_directional_decile,stock_vs_board_20d_directional_decile;max_drawdown_20d_directional_decile;turnover_zscore_20d_directional_decile,volatility_20d_decile,liquidity_metric_decile
higher_low_slope_10d__top_30pct,train,13008,30351,level_3,2.3332564575645756,24,0,0.7406152681565465,insufficient_control,fail,close_position_20d_directional_decile;distance_to_20d_high_directional_decile;distance_from_20d_low_directional_decile;higher_low_slope_10d_directional_decile,stock_vs_board_20d_directional_decile;max_drawdown_20d_directional_decile;turnover_zscore_20d_directional_decile,volatility_20d_decile,liquidity_metric_decile
higher_low_slope_10d__top_30pct,validation,6512,14646,level_3,2.2490786240786242,15,0,1.0198979894232507,insufficient_control,fail,close_position_20d_directional_decile;distance_to_20d_high_directional_decile;distance_from_20d_low_directional_decile;higher_low_slope_10d_directional_decile,stock_vs_board_20d_directional_decile;max_drawdown_20d_directional_decile;turnover_zscore_20d_directional_decile,volatility_20d_decile,liquidity_metric_decile
higher_low_slope_10d__top_30pct,robustness,13336,33417,level_3,2.5057738452309537,15,0,1.0292173165605087,insufficient_control,fail,close_position_20d_directional_decile;distance_to_20d_high_directional_decile;distance_from_20d_low_directional_decile;higher_low_slope_10d_directional_decile,stock_vs_board_20d_directional_decile;max_drawdown_20d_directional_decile;turnover_zscore_20d_directional_decile,volatility_20d_decile,liquidity_metric_decile
higher_low_slope_10d__top_20pct,train,8672,34687,level_3,3.9998846863468636,24,0,0.770288008436351,insufficient_control,fail,close_position_20d_directional_decile;distance_to_20d_high_directional_decile;distance_from_20d_low_directional_decile;higher_low_slope_10d_directional_decile,stock_vs_board_20d_directional_decile;max_drawdown_20d_directional_decile;turnover_zscore_20d_directional_decile,volatility_20d_decile,liquidity_metric_decile
higher_low_slope_10d__top_20pct,validation,4336,16822,level_3,3.879612546125461,15,0,1.072004929114621,insufficient_control,fail,close_position_20d_directional_decile;distance_to_20d_high_directional_decile;distance_from_20d_low_directional_decile;higher_low_slope_10d_directional_decile,stock_vs_board_20d_directional_decile;max_drawdown_20d_directional_decile;turnover_zscore_20d_directional_decile,volatility_20d_decile,liquidity_metric_decile
higher_low_slope_10d__top_20pct,robustness,8352,38401,level_3,4.5978208812260535,15,0,1.086677148557707,insufficient_control,fail,close_position_20d_directional_decile;distance_to_20d_high_directional_decile;distance_from_20d_low_directional_decile;higher_low_slope_10d_directional_decile,stock_vs_board_20d_directional_decile;max_drawdown_20d_directional_decile;turnover_zscore_20d_directional_decile,volatility_20d_decile,liquidity_metric_decile
max_drawdown_20d__top_50pct,train,21682,21677,level_3,0.9997693939673462,24,0,1.26689333056837,insufficient_control,fail,max_drawdown_20d_directional_decile;ret_60d_directional_decile;distance_to_60d_low_directional_decile;max_drawdown_60d_directional_decile,stock_vs_board_20d_directional_decile;close_position_20d_directional_decile;turnover_zscore_20d_directional_decile,volatility_20d_decile,liquidity_metric_decile
max_drawdown_20d__top_50pct,validation,11007,10163,level_3,0.9233215226673934,16,0,1.481759968755457,insufficient_control,fail,max_drawdown_20d_directional_decile;ret_60d_directional_decile;distance_to_60d_low_directional_decile;max_drawdown_60d_directional_decile,stock_vs_board_20d_directional_decile;close_position_20d_directional_decile;turnover_zscore_20d_directional_decile,volatility_20d_decile,liquidity_metric_decile
max_drawdown_20d__top_50pct,robustness,26580,20190,level_3,0.7595936794582393,16,0,1.332743780787666,insufficient_control,fail,max_drawdown_20d_directional_decile;ret_60d_directional_decile;distance_to_60d_low_directional_decile;max_drawdown_60d_directional_decile,stock_vs_board_20d_directional_decile;close_position_20d_directional_decile;turnover_zscore_20d_directional_decile,volatility_20d_decile,liquidity_metric_decile
max_drawdown_20d__top_40pct,train,17344,26015,level_3,1.4999423431734318,24,0,1.2313605782053203,insufficient_control,fail,max_drawdown_20d_directional_decile;ret_60d_directional_decile;distance_to_60d_low_directional_decile;max_drawdown_60d_directional_decile,stock_vs_board_20d_directional_decile;close_position_20d_directional_decile;turnover_zscore_20d_directional_decile,volatility_20d_decile,liquidity_metric_decile
max_drawdown_20d__top_40pct,validation,9120,12050,level_3,1.3212719298245614,16,0,1.4625622409876922,insufficient_control,fail,max_drawdown_20d_directional_decile;ret_60d_directional_decile;distance_to_60d_low_directional_decile;max_drawdown_60d_directional_decile,stock_vs_board_20d_directional_decile;close_position_20d_directional_decile;turnover_zscore_20d_directional_decile,volatility_20d_decile,liquidity_metric_decile
max_drawdown_20d__top_40pct,robustness,21491,25279,level_3,1.176259829696152,16,0,1.3019375705780367,insufficient_control,fail,max_drawdown_20d_directional_decile;ret_60d_directional_decile;distance_to_60d_low_directional_decile;max_drawdown_60d_directional_decile,stock_vs_board_20d_directional_decile;close_position_20d_directional_decile;turnover_zscore_20d_directional_decile,volatility_20d_decile,liquidity_metric_decile
max_drawdown_20d__top_30pct,train,13010,30349,level_3,2.3327440430438124,24,0,1.2385910720618734,insufficient_control,fail,max_drawdown_20d_directional_decile;ret_60d_directional_decile;distance_to_60d_low_directional_decile;max_drawdown_60d_directional_decile,stock_vs_board_20d_directional_decile;close_position_20d_directional_decile;turnover_zscore_20d_directional_decile,volatility_20d_decile,liquidity_metric_decile
max_drawdown_20d__top_30pct,validation,7256,13914,level_3,1.9175854465270121,16,0,1.448251062315175,insufficient_control,fail,max_drawdown_20d_directional_decile;ret_60d_directional_decile;distance_to_60d_low_directional_decile;max_drawdown_60d_directional_decile,stock_vs_board_20d_directional_decile;close_position_20d_directional_decile;turnover_zscore_20d_directional_decile,volatility_20d_decile,liquidity_metric_decile
max_drawdown_20d__top_30pct,robustness,16090,30680,level_3,1.9067743940335613,16,0,1.271243190139474,insufficient_control,fail,max_drawdown_20d_directional_decile;ret_60d_directional_decile;distance_to_60d_low_directional_decile;max_drawdown_60d_directional_decile,stock_vs_board_20d_directional_decile;close_position_20d_directional_decile;turnover_zscore_20d_directional_decile,volatility_20d_decile,liquidity_metric_decile
max_drawdown_20d__top_20pct,train,8672,34687,level_3,3.9998846863468636,24,0,1.2703138356783903,insufficient_control,fail,max_drawdown_20d_directional_decile;ret_60d_directional_decile;distance_to_60d_low_directional_decile;max_drawdown_60d_directional_decile,stock_vs_board_20d_directional_decile;close_position_20d_directional_decile;turnover_zscore_20d_directional_decile,volatility_20d_decile,liquidity_metric_decile
max_drawdown_20d__top_20pct,validation,5190,15980,level_3,3.0789980732177264,16,0,1.47204407381461,insufficient_control,fail,max_drawdown_20d_directional_decile;ret_60d_directional_decile;distance_to_60d_low_directional_decile;max_drawdown_60d_directional_decile,stock_vs_board_20d_directional_decile;close_position_20d_directional_decile;turnover_zscore_20d_directional_decile,volatility_20d_decile,liquidity_metric_decile
max_drawdown_20d__top_20pct,robustness,10935,35835,level_3,3.2770919067215365,16,0,1.3014029431813834,insufficient_control,fail,max_drawdown_20d_directional_decile;ret_60d_directional_decile;distance_to_60d_low_directional_decile;max_drawdown_60d_directional_decile,stock_vs_board_20d_directional_decile;close_position_20d_directional_decile;turnover_zscore_20d_directional_decile,volatility_20d_decile,liquidity_metric_decile
ret_60d__top_50pct,train,21681,21678,level_3,0.9998616299986163,24,0,0.5735974582994345,insufficient_control,fail,max_drawdown_20d_directional_decile;ret_60d_directional_decile;distance_to_60d_low_directional_decile;max_drawdown_60d_directional_decile,stock_vs_board_20d_directional_decile;close_position_20d_directional_decile;turnover_zscore_20d_directional_decile,volatility_20d_decile,liquidity_metric_decile
ret_60d__top_50pct,validation,14202,6968,level_3,0.490635121813829,16,0,0.6567043516448239,insufficient_control,fail,max_drawdown_20d_directional_decile;ret_60d_directional_decile;distance_to_60d_low_directional_decile;max_drawdown_60d_directional_decile,stock_vs_board_20d_directional_decile;close_position_20d_directional_decile;turnover_zscore_20d_directional_decile,volatility_20d_decile,liquidity_metric_decile
ret_60d__top_50pct,robustness,31385,15385,level_3,0.49020232595188784,16,0,0.5245460347227575,insufficient_control,fail,max_drawdown_20d_directional_decile;ret_60d_directional_decile;distance_to_60d_low_directional_decile;max_drawdown_60d_directional_decile,stock_vs_board_20d_directional_decile;close_position_20d_directional_decile;turnover_zscore_20d_directional_decile,volatility_20d_decile,liquidity_metric_decile
ret_60d__top_40pct,train,17344,26015,level_3,1.4999423431734318,24,0,0.5861330688846211,insufficient_control,fail,max_drawdown_20d_directional_decile;ret_60d_directional_decile;distance_to_60d_low_directional_decile;max_drawdown_60d_directional_decile,stock_vs_board_20d_directional_decile;close_position_20d_directional_decile;turnover_zscore_20d_directional_decile,volatility_20d_decile,liquidity_metric_decile
ret_60d__top_40pct,validation,12109,9061,level_3,0.7482863985465357,16,0,0.6128066344964365,insufficient_control,fail,max_drawdown_20d_directional_decile;ret_60d_directional_decile;distance_to_60d_low_directional_decile;max_drawdown_60d_directional_decile,stock_vs_board_20d_directional_decile;close_position_20d_directional_decile;turnover_zscore_20d_directional_decile,volatility_20d_decile,liquidity_metric_decile
ret_60d__top_40pct,robustness,27616,19154,level_3,0.6935834298957126,16,0,0.5366695173313089,insufficient_control,fail,max_drawdown_20d_directional_decile;ret_60d_directional_decile;distance_to_60d_low_directional_decile;max_drawdown_60d_directional_decile,stock_vs_board_20d_directional_decile;close_position_20d_directional_decile;turnover_zscore_20d_directional_decile,volatility_20d_decile,liquidity_metric_decile
ret_60d__top_30pct,train,13008,30351,level_3,2.3332564575645756,24,0,0.6040867036922013,insufficient_control,fail,max_drawdown_20d_directional_decile;ret_60d_directional_decile;distance_to_60d_low_directional_decile;max_drawdown_60d_directional_decile,stock_vs_board_20d_directional_decile;close_position_20d_directional_decile;turnover_zscore_20d_directional_decile,volatility_20d_decile,liquidity_metric_decile
ret_60d__top_30pct,validation,9475,11695,level_3,1.2343007915567283,16,0,0.5627218716056409,insufficient_control,fail,max_drawdown_20d_directional_decile;ret_60d_directional_decile;distance_to_60d_low_directional_decile;max_drawdown_60d_directional_decile,stock_vs_board_20d_directional_decile;close_position_20d_directional_decile;turnover_zscore_20d_directional_decile,volatility_20d_decile,liquidity_metric_decile
ret_60d__top_30pct,robustness,23138,23632,level_3,1.0213501599101047,16,0,0.551629416181766,insufficient_control,fail,max_drawdown_20d_directional_decile;ret_60d_directional_decile;distance_to_60d_low_directional_decile;max_drawdown_60d_directional_decile,stock_vs_board_20d_directional_decile;close_position_20d_directional_decile;turnover_zscore_20d_directional_decile,volatility_20d_decile,liquidity_metric_decile
ret_60d__top_20pct,train,8672,34593,level_3,3.9890452029520294,23,0,0.642345865257742,insufficient_control,fail,max_drawdown_20d_directional_decile;ret_60d_directional_decile;distance_to_60d_low_directional_decile;max_drawdown_60d_directional_decile,stock_vs_board_20d_directional_decile;close_position_20d_directional_decile;turnover_zscore_20d_directional_decile,volatility_20d_decile,liquidity_metric_decile
ret_60d__top_20pct,validation,6439,14731,level_3,2.2877776052182015,16,0,0.523431059575128,insufficient_control,fail,max_drawdown_20d_directional_decile;ret_60d_directional_decile;distance_to_60d_low_directional_decile;max_drawdown_60d_directional_decile,stock_vs_board_20d_directional_decile;close_position_20d_directional_decile;turnover_zscore_20d_directional_decile,volatility_20d_decile,liquidity_metric_decile
ret_60d__top_20pct,robustness,17823,28947,level_3,1.6241373506143746,16,0,0.5552524401226188,insufficient_control,fail,max_drawdown_20d_directional_decile;ret_60d_directional_decile;distance_to_60d_low_directional_decile;max_drawdown_60d_directional_decile,stock_vs_board_20d_directional_decile;close_position_20d_directional_decile;turnover_zscore_20d_directional_decile,volatility_20d_decile,liquidity_metric_decile
distance_to_60d_low__top_50pct,train,21680,21679,level_3,0.9999538745387454,24,0,1.2277310598602253,insufficient_control,fail,max_drawdown_20d_directional_decile;ret_60d_directional_decile;distance_to_60d_low_directional_decile;max_drawdown_60d_directional_decile,stock_vs_board_20d_directional_decile;close_position_20d_directional_decile;turnover_zscore_20d_directional_decile,volatility_20d_decile,liquidity_metric_decile
distance_to_60d_low__top_50pct,validation,13649,7521,level_3,0.5510293794417174,16,0,1.0307447956859073,insufficient_control,fail,max_drawdown_20d_directional_decile;ret_60d_directional_decile;distance_to_60d_low_directional_decile;max_drawdown_60d_directional_decile,stock_vs_board_20d_directional_decile;close_position_20d_directional_decile;turnover_zscore_20d_directional_decile,volatility_20d_decile,liquidity_metric_decile
distance_to_60d_low__top_50pct,robustness,30566,16204,level_3,0.5301315186808873,16,0,1.0153764907800666,insufficient_control,fail,max_drawdown_20d_directional_decile;ret_60d_directional_decile;distance_to_60d_low_directional_decile;max_drawdown_60d_directional_decile,stock_vs_board_20d_directional_decile;close_position_20d_directional_decile;turnover_zscore_20d_directional_decile,volatility_20d_decile,liquidity_metric_decile
distance_to_60d_low__top_40pct,train,17348,26011,level_3,1.4993659211436476,24,0,1.1232032368453504,insufficient_control,fail,max_drawdown_20d_directional_decile;ret_60d_directional_decile;distance_to_60d_low_directional_decile;max_drawdown_60d_directional_decile,stock_vs_board_20d_directional_decile;close_position_20d_directional_decile;turnover_zscore_20d_directional_decile,volatility_20d_decile,liquidity_metric_decile
distance_to_60d_low__top_40pct,validation,11524,9646,level_3,0.8370357514751823,16,0,0.8475602124785346,insufficient_control,fail,max_drawdown_20d_directional_decile;ret_60d_directional_decile;distance_to_60d_low_directional_decile;max_drawdown_60d_directional_decile,stock_vs_board_20d_directional_decile;close_position_20d_directional_decile;turnover_zscore_20d_directional_decile,volatility_20d_decile,liquidity_metric_decile
distance_to_60d_low__top_40pct,robustness,26837,19933,level_3,0.7427432276334911,16,0,0.9068858474803317,insufficient_control,fail,max_drawdown_20d_directional_decile;ret_60d_directional_decile;distance_to_60d_low_directional_decile;max_drawdown_60d_directional_decile,stock_vs_board_20d_directional_decile;close_position_20d_directional_decile;turnover_zscore_20d_directional_decile,volatility_20d_decile,liquidity_metric_decile
distance_to_60d_low__top_30pct,train,13008,30351,level_3,2.3332564575645756,24,0,1.0512115649604206,insufficient_control,fail,max_drawdown_20d_directional_decile;ret_60d_directional_decile;distance_to_60d_low_directional_decile;max_drawdown_60d_directional_decile,stock_vs_board_20d_directional_decile;close_position_20d_directional_decile;turnover_zscore_20d_directional_decile,volatility_20d_decile,liquidity_metric_decile
distance_to_60d_low__top_30pct,validation,9020,12150,level_3,1.3470066518847006,16,0,0.746749323871229,insufficient_control,fail,max_drawdown_20d_directional_decile;ret_60d_directional_decile;distance_to_60d_low_directional_decile;max_drawdown_60d_directional_decile,stock_vs_board_20d_directional_decile;close_position_20d_directional_decile;turnover_zscore_20d_directional_decile,volatility_20d_decile,liquidity_metric_decile
distance_to_60d_low__top_30pct,robustness,22510,24260,level_3,1.0777432252332297,16,0,0.8205118403061517,insufficient_control,fail,max_drawdown_20d_directional_decile;ret_60d_directional_decile;distance_to_60d_low_directional_decile;max_drawdown_60d_directional_decile,stock_vs_board_20d_directional_decile;close_position_20d_directional_decile;turnover_zscore_20d_directional_decile,volatility_20d_decile,liquidity_metric_decile
distance_to_60d_low__top_20pct,train,8673,34686,level_3,3.9993081978554135,24,0,0.9875933953021913,insufficient_control,fail,max_drawdown_20d_directional_decile;ret_60d_directional_decile;distance_to_60d_low_directional_decile;max_drawdown_60d_directional_decile,stock_vs_board_20d_directional_decile;close_position_20d_directional_decile;turnover_zscore_20d_directional_decile,volatility_20d_decile,liquidity_metric_decile
distance_to_60d_low__top_20pct,validation,6225,14945,level_3,2.4008032128514056,16,0,0.6894106213267599,insufficient_control,fail,max_drawdown_20d_directional_decile;ret_60d_directional_decile;distance_to_60d_low_directional_decile;max_drawdown_60d_directional_decile,stock_vs_board_20d_directional_decile;close_position_20d_directional_decile;turnover_zscore_20d_directional_decile,volatility_20d_decile,liquidity_metric_decile
distance_to_60d_low__top_20pct,robustness,17340,29430,level_3,1.6972318339100345,16,0,0.7689384345766287,insufficient_control,fail,max_drawdown_20d_directional_decile;ret_60d_directional_decile;distance_to_60d_low_directional_decile;max_drawdown_60d_directional_decile,stock_vs_board_20d_directional_decile;close_position_20d_directional_decile;turnover_zscore_20d_directional_decile,volatility_20d_decile,liquidity_metric_decile
max_drawdown_60d__top_50pct,train,21686,21673,level_3,0.9994005349073135,24,0,0.5458079901526092,insufficient_control,fail,max_drawdown_20d_directional_decile;ret_60d_directional_decile;distance_to_60d_low_directional_decile;max_drawdown_60d_directional_decile,stock_vs_board_20d_directional_decile;close_position_20d_directional_decile;turnover_zscore_20d_directional_decile,volatility_20d_decile,liquidity_metric_decile
max_drawdown_60d__top_50pct,validation,11208,9950,level_3,0.8877587437544611,15,0,0.6130011733704158,insufficient_control,fail,max_drawdown_20d_directional_decile;ret_60d_directional_decile;distance_to_60d_low_directional_decile;max_drawdown_60d_directional_decile,stock_vs_board_20d_directional_decile;close_position_20d_directional_decile;turnover_zscore_20d_directional_decile,volatility_20d_decile,liquidity_metric_decile
max_drawdown_60d__top_50pct,robustness,27253,19517,level_3,0.7161413422375519,16,0,0.39180292269999656,insufficient_control,fail,max_drawdown_20d_directional_decile;ret_60d_directional_decile;distance_to_60d_low_directional_decile;max_drawdown_60d_directional_decile,stock_vs_board_20d_directional_decile;close_position_20d_directional_decile;turnover_zscore_20d_directional_decile,volatility_20d_decile,liquidity_metric_decile
max_drawdown_60d__top_40pct,train,17345,25999,level_3,1.4989334102046699,23,0,0.5340004274230384,insufficient_control,fail,max_drawdown_20d_directional_decile;ret_60d_directional_decile;distance_to_60d_low_directional_decile;max_drawdown_60d_directional_decile,stock_vs_board_20d_directional_decile;close_position_20d_directional_decile;turnover_zscore_20d_directional_decile,volatility_20d_decile,liquidity_metric_decile
max_drawdown_60d__top_40pct,validation,9090,12068,level_3,1.3276127612761277,15,0,0.5881719618915003,insufficient_control,fail,max_drawdown_20d_directional_decile;ret_60d_directional_decile;distance_to_60d_low_directional_decile;max_drawdown_60d_directional_decile,stock_vs_board_20d_directional_decile;close_position_20d_directional_decile;turnover_zscore_20d_directional_decile,volatility_20d_decile,liquidity_metric_decile
max_drawdown_60d__top_40pct,robustness,23214,23556,level_3,1.0147324890152494,16,0,0.36084671654594463,insufficient_control,fail,max_drawdown_20d_directional_decile;ret_60d_directional_decile;distance_to_60d_low_directional_decile;max_drawdown_60d_directional_decile,stock_vs_board_20d_directional_decile;close_position_20d_directional_decile;turnover_zscore_20d_directional_decile,volatility_20d_decile,liquidity_metric_decile
max_drawdown_60d__top_30pct,train,13010,30334,level_3,2.3315910837817064,23,0,0.5159407307926828,insufficient_control,fail,max_drawdown_20d_directional_decile;ret_60d_directional_decile;distance_to_60d_low_directional_decile;max_drawdown_60d_directional_decile,stock_vs_board_20d_directional_decile;close_position_20d_directional_decile;turnover_zscore_20d_directional_decile,volatility_20d_decile,liquidity_metric_decile
max_drawdown_60d__top_30pct,validation,6777,14381,level_3,2.1220303969307954,15,0,0.6244233757580763,insufficient_control,fail,max_drawdown_20d_directional_decile;ret_60d_directional_decile;distance_to_60d_low_directional_decile;max_drawdown_60d_directional_decile,stock_vs_board_20d_directional_decile;close_position_20d_directional_decile;turnover_zscore_20d_directional_decile,volatility_20d_decile,liquidity_metric_decile
max_drawdown_60d__top_30pct,robustness,19184,27569,level_3,1.437082985821518,15,0,0.3744083019159189,insufficient_control,fail,max_drawdown_20d_directional_decile;ret_60d_directional_decile;distance_to_60d_low_directional_decile;max_drawdown_60d_directional_decile,stock_vs_board_20d_directional_decile;close_position_20d_directional_decile;turnover_zscore_20d_directional_decile,volatility_20d_decile,liquidity_metric_decile
max_drawdown_60d__top_20pct,train,8673,34671,level_3,3.997578692493947,23,0,0.5207812867035,insufficient_control,fail,max_drawdown_20d_directional_decile;ret_60d_directional_decile;distance_to_60d_low_directional_decile;max_drawdown_60d_directional_decile,stock_vs_board_20d_directional_decile;close_position_20d_directional_decile;turnover_zscore_20d_directional_decile,volatility_20d_decile,liquidity_metric_decile
max_drawdown_60d__top_20pct,validation,4662,16496,level_3,3.5383955383955383,15,0,0.6899166531915911,insufficient_control,fail,max_drawdown_20d_directional_decile;ret_60d_directional_decile;distance_to_60d_low_directional_decile;max_drawdown_60d_directional_decile,stock_vs_board_20d_directional_decile;close_position_20d_directional_decile;turnover_zscore_20d_directional_decile,volatility_20d_decile,liquidity_metric_decile
max_drawdown_60d__top_20pct,robustness,14382,31577,level_2,2.1955917118620496,44,2,0.35500585203386986,coarsened_caveat,pass,max_drawdown_20d_directional_decile;ret_60d_directional_decile;distance_to_60d_low_directional_decile;max_drawdown_60d_directional_decile,stock_vs_board_20d_directional_decile;close_position_20d_directional_decile;turnover_zscore_20d_directional_decile,volatility_20d_decile,liquidity_metric_decile
turnover_zscore_20d__top_50pct,train,21680,21679,level_3,0.9999538745387454,24,0,0.7547725533650598,insufficient_control,fail,turnover_zscore_20d_directional_decile;volume_up_price_not_down_5d_directional_decile;amount_ratio_5d_20d_directional_decile;up_day_volume_share_20d_directional_decile;money_median_5d_vs_20d_directional_decile,stock_vs_board_20d_directional_decile;close_position_20d_directional_decile;max_drawdown_20d_directional_decile,volatility_20d_decile,liquidity_metric_decile
turnover_zscore_20d__top_50pct,validation,9517,11653,level_3,1.2244404749395819,16,0,0.5939077690055378,insufficient_control,fail,turnover_zscore_20d_directional_decile;volume_up_price_not_down_5d_directional_decile;amount_ratio_5d_20d_directional_decile;up_day_volume_share_20d_directional_decile;money_median_5d_vs_20d_directional_decile,stock_vs_board_20d_directional_decile;close_position_20d_directional_decile;max_drawdown_20d_directional_decile,volatility_20d_decile,liquidity_metric_decile
turnover_zscore_20d__top_50pct,robustness,21709,25061,level_3,1.1544060067253212,16,0,0.4458147334774912,insufficient_control,fail,turnover_zscore_20d_directional_decile;volume_up_price_not_down_5d_directional_decile;amount_ratio_5d_20d_directional_decile;up_day_volume_share_20d_directional_decile;money_median_5d_vs_20d_directional_decile,stock_vs_board_20d_directional_decile;close_position_20d_directional_decile;max_drawdown_20d_directional_decile,volatility_20d_decile,liquidity_metric_decile
turnover_zscore_20d__top_40pct,train,17344,26015,level_3,1.4999423431734318,24,0,0.7614472111643447,insufficient_control,fail,turnover_zscore_20d_directional_decile;volume_up_price_not_down_5d_directional_decile;amount_ratio_5d_20d_directional_decile;up_day_volume_share_20d_directional_decile;money_median_5d_vs_20d_directional_decile,stock_vs_board_20d_directional_decile;close_position_20d_directional_decile;max_drawdown_20d_directional_decile,volatility_20d_decile,liquidity_metric_decile
turnover_zscore_20d__top_40pct,validation,7439,13731,level_3,1.8458126092216696,16,0,0.6173551288884183,insufficient_control,fail,turnover_zscore_20d_directional_decile;volume_up_price_not_down_5d_directional_decile;amount_ratio_5d_20d_directional_decile;up_day_volume_share_20d_directional_decile;money_median_5d_vs_20d_directional_decile,stock_vs_board_20d_directional_decile;close_position_20d_directional_decile;max_drawdown_20d_directional_decile,volatility_20d_decile,liquidity_metric_decile
turnover_zscore_20d__top_40pct,robustness,17003,29767,level_3,1.7506910545197907,16,0,0.44747793709719375,insufficient_control,fail,turnover_zscore_20d_directional_decile;volume_up_price_not_down_5d_directional_decile;amount_ratio_5d_20d_directional_decile;up_day_volume_share_20d_directional_decile;money_median_5d_vs_20d_directional_decile,stock_vs_board_20d_directional_decile;close_position_20d_directional_decile;max_drawdown_20d_directional_decile,volatility_20d_decile,liquidity_metric_decile
turnover_zscore_20d__top_30pct,train,13008,30351,level_3,2.3332564575645756,24,0,0.7756518991108932,insufficient_control,fail,turnover_zscore_20d_directional_decile;volume_up_price_not_down_5d_directional_decile;amount_ratio_5d_20d_directional_decile;up_day_volume_share_20d_directional_decile;money_median_5d_vs_20d_directional_decile,stock_vs_board_20d_directional_decile;close_position_20d_directional_decile;max_drawdown_20d_directional_decile,volatility_20d_decile,liquidity_metric_decile
turnover_zscore_20d__top_30pct,validation,5434,15736,level_3,2.895841001104159,16,0,0.6378782736610876,insufficient_control,fail,turnover_zscore_20d_directional_decile;volume_up_price_not_down_5d_directional_decile;amount_ratio_5d_20d_directional_decile;up_day_volume_share_20d_directional_decile;money_median_5d_vs_20d_directional_decile,stock_vs_board_20d_directional_decile;close_position_20d_directional_decile;max_drawdown_20d_directional_decile,volatility_20d_decile,liquidity_metric_decile
turnover_zscore_20d__top_30pct,robustness,12313,34447,level_2,2.7976122797043774,58,6,0.4580825857934289,coarsened_caveat,pass,turnover_zscore_20d_directional_decile;volume_up_price_not_down_5d_directional_decile;amount_ratio_5d_20d_directional_decile;up_day_volume_share_20d_directional_decile;money_median_5d_vs_20d_directional_decile,stock_vs_board_20d_directional_decile;close_position_20d_directional_decile;max_drawdown_20d_directional_decile,volatility_20d_decile,liquidity_metric_decile
turnover_zscore_20d__top_20pct,train,8672,34687,level_3,3.9998846863468636,24,0,0.8014615852376223,insufficient_control,fail,turnover_zscore_20d_directional_decile;volume_up_price_not_down_5d_directional_decile;amount_ratio_5d_20d_directional_decile;up_day_volume_share_20d_directional_decile;money_median_5d_vs_20d_directional_decile,stock_vs_board_20d_directional_decile;close_position_20d_directional_decile;max_drawdown_20d_directional_decile,volatility_20d_decile,liquidity_metric_decile
turnover_zscore_20d__top_20pct,validation,3497,17673,level_3,5.053760366028024,16,0,0.6774363994031034,insufficient_control,fail,turnover_zscore_20d_directional_decile;volume_up_price_not_down_5d_directional_decile;amount_ratio_5d_20d_directional_decile;up_day_volume_share_20d_directional_decile;money_median_5d_vs_20d_directional_decile,stock_vs_board_20d_directional_decile;close_position_20d_directional_decile;max_drawdown_20d_directional_decile,volatility_20d_decile,liquidity_metric_decile
turnover_zscore_20d__top_20pct,robustness,7953,38791,level_2,4.8775304916383755,57,4,0.48270494918086754,coarsened_caveat,pass,turnover_zscore_20d_directional_decile;volume_up_price_not_down_5d_directional_decile;amount_ratio_5d_20d_directional_decile;up_day_volume_share_20d_directional_decile;money_median_5d_vs_20d_directional_decile,stock_vs_board_20d_directional_decile;close_position_20d_directional_decile;max_drawdown_20d_directional_decile,volatility_20d_decile,liquidity_metric_decile
volume_up_price_not_down_5d__top_50pct,train,21680,21679,level_3,0.9999538745387454,24,0,1.1230858398699692,insufficient_control,fail,turnover_zscore_20d_directional_decile;volume_up_price_not_down_5d_directional_decile;amount_ratio_5d_20d_directional_decile;up_day_volume_share_20d_directional_decile;money_median_5d_vs_20d_directional_decile,stock_vs_board_20d_directional_decile;close_position_20d_directional_decile;max_drawdown_20d_directional_decile,volatility_20d_decile,liquidity_metric_decile
volume_up_price_not_down_5d__top_50pct,validation,10313,10857,level_3,1.052748957626297,16,0,1.075907182876293,insufficient_control,fail,turnover_zscore_20d_directional_decile;volume_up_price_not_down_5d_directional_decile;amount_ratio_5d_20d_directional_decile;up_day_volume_share_20d_directional_decile;money_median_5d_vs_20d_directional_decile,stock_vs_board_20d_directional_decile;close_position_20d_directional_decile;max_drawdown_20d_directional_decile,volatility_20d_decile,liquidity_metric_decile
volume_up_price_not_down_5d__top_50pct,robustness,21955,24815,level_3,1.1302664541106808,16,0,1.1653324068417996,insufficient_control,fail,turnover_zscore_20d_directional_decile;volume_up_price_not_down_5d_directional_decile;amount_ratio_5d_20d_directional_decile;up_day_volume_share_20d_directional_decile;money_median_5d_vs_20d_directional_decile,stock_vs_board_20d_directional_decile;close_position_20d_directional_decile;max_drawdown_20d_directional_decile,volatility_20d_decile,liquidity_metric_decile
volume_up_price_not_down_5d__top_40pct,train,17344,26015,level_3,1.4999423431734318,24,0,1.1598200040689546,insufficient_control,fail,turnover_zscore_20d_directional_decile;volume_up_price_not_down_5d_directional_decile;amount_ratio_5d_20d_directional_decile;up_day_volume_share_20d_directional_decile;money_median_5d_vs_20d_directional_decile,stock_vs_board_20d_directional_decile;close_position_20d_directional_decile;max_drawdown_20d_directional_decile,volatility_20d_decile,liquidity_metric_decile
volume_up_price_not_down_5d__top_40pct,validation,8182,12988,level_3,1.5873869469567343,16,0,1.1091235714826413,insufficient_control,fail,turnover_zscore_20d_directional_decile;volume_up_price_not_down_5d_directional_decile;amount_ratio_5d_20d_directional_decile;up_day_volume_share_20d_directional_decile;money_median_5d_vs_20d_directional_decile,stock_vs_board_20d_directional_decile;close_position_20d_directional_decile;max_drawdown_20d_directional_decile,volatility_20d_decile,liquidity_metric_decile
volume_up_price_not_down_5d__top_40pct,robustness,16884,29886,level_3,1.7700781805259418,16,0,1.1952750076254206,insufficient_control,fail,turnover_zscore_20d_directional_decile;volume_up_price_not_down_5d_directional_decile;amount_ratio_5d_20d_directional_decile;up_day_volume_share_20d_directional_decile;money_median_5d_vs_20d_directional_decile,stock_vs_board_20d_directional_decile;close_position_20d_directional_decile;max_drawdown_20d_directional_decile,volatility_20d_decile,liquidity_metric_decile
volume_up_price_not_down_5d__top_30pct,train,13008,30351,level_3,2.3332564575645756,24,0,1.1555435202269972,insufficient_control,fail,turnover_zscore_20d_directional_decile;volume_up_price_not_down_5d_directional_decile;amount_ratio_5d_20d_directional_decile;up_day_volume_share_20d_directional_decile;money_median_5d_vs_20d_directional_decile,stock_vs_board_20d_directional_decile;close_position_20d_directional_decile;max_drawdown_20d_directional_decile,volatility_20d_decile,liquidity_metric_decile
volume_up_price_not_down_5d__top_30pct,validation,6087,15071,level_3,2.4759323147691803,15,0,1.1367561829521218,insufficient_control,fail,turnover_zscore_20d_directional_decile;volume_up_price_not_down_5d_directional_decile;amount_ratio_5d_20d_directional_decile;up_day_volume_share_20d_directional_decile;money_median_5d_vs_20d_directional_decile,stock_vs_board_20d_directional_decile;close_position_20d_directional_decile;max_drawdown_20d_directional_decile,volatility_20d_decile,liquidity_metric_decile
volume_up_price_not_down_5d__top_30pct,robustness,12124,34646,level_3,2.8576377433190365,16,0,1.2028462949778682,insufficient_control,fail,turnover_zscore_20d_directional_decile;volume_up_price_not_down_5d_directional_decile;amount_ratio_5d_20d_directional_decile;up_day_volume_share_20d_directional_decile;money_median_5d_vs_20d_directional_decile,stock_vs_board_20d_directional_decile;close_position_20d_directional_decile;max_drawdown_20d_directional_decile,volatility_20d_decile,liquidity_metric_decile
volume_up_price_not_down_5d__top_20pct,train,8672,34687,level_3,3.9998846863468636,24,0,1.1341088535669022,insufficient_control,fail,turnover_zscore_20d_directional_decile;volume_up_price_not_down_5d_directional_decile;amount_ratio_5d_20d_directional_decile;up_day_volume_share_20d_directional_decile;money_median_5d_vs_20d_directional_decile,stock_vs_board_20d_directional_decile;close_position_20d_directional_decile;max_drawdown_20d_directional_decile,volatility_20d_decile,liquidity_metric_decile
volume_up_price_not_down_5d__top_20pct,validation,4044,17114,level_3,4.231948565776459,15,0,1.150290390963934,insufficient_control,fail,turnover_zscore_20d_directional_decile;volume_up_price_not_down_5d_directional_decile;amount_ratio_5d_20d_directional_decile;up_day_volume_share_20d_directional_decile;money_median_5d_vs_20d_directional_decile,stock_vs_board_20d_directional_decile;close_position_20d_directional_decile;max_drawdown_20d_directional_decile,volatility_20d_decile,liquidity_metric_decile
volume_up_price_not_down_5d__top_20pct,robustness,7955,38815,level_3,4.879321181646763,16,0,1.1839614181227043,insufficient_control,fail,turnover_zscore_20d_directional_decile;volume_up_price_not_down_5d_directional_decile;amount_ratio_5d_20d_directional_decile;up_day_volume_share_20d_directional_decile;money_median_5d_vs_20d_directional_decile,stock_vs_board_20d_directional_decile;close_position_20d_directional_decile;max_drawdown_20d_directional_decile,volatility_20d_decile,liquidity_metric_decile
amount_ratio_5d_20d__top_50pct,train,21680,21679,level_3,0.9999538745387454,24,0,1.0049972160040364,insufficient_control,fail,turnover_zscore_20d_directional_decile;volume_up_price_not_down_5d_directional_decile;amount_ratio_5d_20d_directional_decile;up_day_volume_share_20d_directional_decile;money_median_5d_vs_20d_directional_decile,stock_vs_board_20d_directional_decile;close_position_20d_directional_decile;max_drawdown_20d_directional_decile,volatility_20d_decile,liquidity_metric_decile
amount_ratio_5d_20d__top_50pct,validation,9391,11779,level_3,1.2542860185283782,16,0,0.8481792551567334,insufficient_control,fail,turnover_zscore_20d_directional_decile;volume_up_price_not_down_5d_directional_decile;amount_ratio_5d_20d_directional_decile;up_day_volume_share_20d_directional_decile;money_median_5d_vs_20d_directional_decile,stock_vs_board_20d_directional_decile;close_position_20d_directional_decile;max_drawdown_20d_directional_decile,volatility_20d_decile,liquidity_metric_decile
amount_ratio_5d_20d__top_50pct,robustness,21641,25129,level_3,1.161175546416524,16,0,0.5963199545868378,insufficient_control,fail,turnover_zscore_20d_directional_decile;volume_up_price_not_down_5d_directional_decile;amount_ratio_5d_20d_directional_decile;up_day_volume_share_20d_directional_decile;money_median_5d_vs_20d_directional_decile,stock_vs_board_20d_directional_decile;close_position_20d_directional_decile;max_drawdown_20d_directional_decile,volatility_20d_decile,liquidity_metric_decile
amount_ratio_5d_20d__top_40pct,train,17344,26015,level_3,1.4999423431734318,24,0,1.0033869186698494,insufficient_control,fail,turnover_zscore_20d_directional_decile;volume_up_price_not_down_5d_directional_decile;amount_ratio_5d_20d_directional_decile;up_day_volume_share_20d_directional_decile;money_median_5d_vs_20d_directional_decile,stock_vs_board_20d_directional_decile;close_position_20d_directional_decile;max_drawdown_20d_directional_decile,volatility_20d_decile,liquidity_metric_decile
amount_ratio_5d_20d__top_40pct,validation,7191,13979,level_3,1.9439577249339453,16,0,0.8904142102963671,insufficient_control,fail,turnover_zscore_20d_directional_decile;volume_up_price_not_down_5d_directional_decile;amount_ratio_5d_20d_directional_decile;up_day_volume_share_20d_directional_decile;money_median_5d_vs_20d_directional_decile,stock_vs_board_20d_directional_decile;close_position_20d_directional_decile;max_drawdown_20d_directional_decile,volatility_20d_decile,liquidity_metric_decile
amount_ratio_5d_20d__top_40pct,robustness,16238,30532,level_3,1.8802808227614238,16,0,0.594848749099587,insufficient_control,fail,turnover_zscore_20d_directional_decile;volume_up_price_not_down_5d_directional_decile;amount_ratio_5d_20d_directional_decile;up_day_volume_share_20d_directional_decile;money_median_5d_vs_20d_directional_decile,stock_vs_board_20d_directional_decile;close_position_20d_directional_decile;max_drawdown_20d_directional_decile,volatility_20d_decile,liquidity_metric_decile
amount_ratio_5d_20d__top_30pct,train,13008,30351,level_3,2.3332564575645756,24,0,1.0019264326306438,insufficient_control,fail,turnover_zscore_20d_directional_decile;volume_up_price_not_down_5d_directional_decile;amount_ratio_5d_20d_directional_decile;up_day_volume_share_20d_directional_decile;money_median_5d_vs_20d_directional_decile,stock_vs_board_20d_directional_decile;close_position_20d_directional_decile;max_drawdown_20d_directional_decile,volatility_20d_decile,liquidity_metric_decile
amount_ratio_5d_20d__top_30pct,validation,5023,16147,level_3,3.2146127812064504,16,0,0.9655897524256202,insufficient_control,fail,turnover_zscore_20d_directional_decile;volume_up_price_not_down_5d_directional_decile;amount_ratio_5d_20d_directional_decile;up_day_volume_share_20d_directional_decile;money_median_5d_vs_20d_directional_decile,stock_vs_board_20d_directional_decile;close_position_20d_directional_decile;max_drawdown_20d_directional_decile,volatility_20d_decile,liquidity_metric_decile
amount_ratio_5d_20d__top_30pct,robustness,11016,35737,level_3,3.244099491648511,15,0,0.6129311819998605,insufficient_control,fail,turnover_zscore_20d_directional_decile;volume_up_price_not_down_5d_directional_decile;amount_ratio_5d_20d_directional_decile;up_day_volume_share_20d_directional_decile;money_median_5d_vs_20d_directional_decile,stock_vs_board_20d_directional_decile;close_position_20d_directional_decile;max_drawdown_20d_directional_decile,volatility_20d_decile,liquidity_metric_decile
amount_ratio_5d_20d__top_20pct,train,8672,34687,level_3,3.9998846863468636,24,0,0.9938819787979262,insufficient_control,fail,turnover_zscore_20d_directional_decile;volume_up_price_not_down_5d_directional_decile;amount_ratio_5d_20d_directional_decile;up_day_volume_share_20d_directional_decile;money_median_5d_vs_20d_directional_decile,stock_vs_board_20d_directional_decile;close_position_20d_directional_decile;max_drawdown_20d_directional_decile,volatility_20d_decile,liquidity_metric_decile
amount_ratio_5d_20d__top_20pct,validation,3083,18075,level_3,5.862795977943562,15,0,1.016314205495196,insufficient_control,fail,turnover_zscore_20d_directional_decile;volume_up_price_not_down_5d_directional_decile;amount_ratio_5d_20d_directional_decile;up_day_volume_share_20d_directional_decile;money_median_5d_vs_20d_directional_decile,stock_vs_board_20d_directional_decile;close_position_20d_directional_decile;max_drawdown_20d_directional_decile,volatility_20d_decile,liquidity_metric_decile
amount_ratio_5d_20d__top_20pct,robustness,6288,40424,level_3,6.428753180661578,14,0,0.6446660609905588,insufficient_control,fail,turnover_zscore_20d_directional_decile;volume_up_price_not_down_5d_directional_decile;amount_ratio_5d_20d_directional_decile;up_day_volume_share_20d_directional_decile;money_median_5d_vs_20d_directional_decile,stock_vs_board_20d_directional_decile;close_position_20d_directional_decile;max_drawdown_20d_directional_decile,volatility_20d_decile,liquidity_metric_decile
up_day_volume_share_20d__top_50pct,train,21680,21679,level_3,0.9999538745387454,24,0,1.3291476636874844,insufficient_control,fail,turnover_zscore_20d_directional_decile;volume_up_price_not_down_5d_directional_decile;amount_ratio_5d_20d_directional_decile;up_day_volume_share_20d_directional_decile;money_median_5d_vs_20d_directional_decile,stock_vs_board_20d_directional_decile;close_position_20d_directional_decile;max_drawdown_20d_directional_decile,volatility_20d_decile,liquidity_metric_decile
up_day_volume_share_20d__top_50pct,validation,9665,11505,level_3,1.190377651319193,16,0,1.573095563950118,insufficient_control,fail,turnover_zscore_20d_directional_decile;volume_up_price_not_down_5d_directional_decile;amount_ratio_5d_20d_directional_decile;up_day_volume_share_20d_directional_decile;money_median_5d_vs_20d_directional_decile,stock_vs_board_20d_directional_decile;close_position_20d_directional_decile;max_drawdown_20d_directional_decile,volatility_20d_decile,liquidity_metric_decile
up_day_volume_share_20d__top_50pct,robustness,21223,25547,level_3,1.2037412241436178,16,0,1.3779690219658385,insufficient_control,fail,turnover_zscore_20d_directional_decile;volume_up_price_not_down_5d_directional_decile;amount_ratio_5d_20d_directional_decile;up_day_volume_share_20d_directional_decile;money_median_5d_vs_20d_directional_decile,stock_vs_board_20d_directional_decile;close_position_20d_directional_decile;max_drawdown_20d_directional_decile,volatility_20d_decile,liquidity_metric_decile
up_day_volume_share_20d__top_40pct,train,17344,26015,level_3,1.4999423431734318,24,0,1.335943014264676,insufficient_control,fail,turnover_zscore_20d_directional_decile;volume_up_price_not_down_5d_directional_decile;amount_ratio_5d_20d_directional_decile;up_day_volume_share_20d_directional_decile;money_median_5d_vs_20d_directional_decile,stock_vs_board_20d_directional_decile;close_position_20d_directional_decile;max_drawdown_20d_directional_decile,volatility_20d_decile,liquidity_metric_decile
up_day_volume_share_20d__top_40pct,validation,7851,13319,level_3,1.6964717870334989,16,0,1.535325736464426,insufficient_control,fail,turnover_zscore_20d_directional_decile;volume_up_price_not_down_5d_directional_decile;amount_ratio_5d_20d_directional_decile;up_day_volume_share_20d_directional_decile;money_median_5d_vs_20d_directional_decile,stock_vs_board_20d_directional_decile;close_position_20d_directional_decile;max_drawdown_20d_directional_decile,volatility_20d_decile,liquidity_metric_decile
up_day_volume_share_20d__top_40pct,robustness,16499,30271,level_3,1.8347172555912479,16,0,1.3625299810643343,insufficient_control,fail,turnover_zscore_20d_directional_decile;volume_up_price_not_down_5d_directional_decile;amount_ratio_5d_20d_directional_decile;up_day_volume_share_20d_directional_decile;money_median_5d_vs_20d_directional_decile,stock_vs_board_20d_directional_decile;close_position_20d_directional_decile;max_drawdown_20d_directional_decile,volatility_20d_decile,liquidity_metric_decile
up_day_volume_share_20d__top_30pct,train,13008,30351,level_3,2.3332564575645756,24,0,1.3614460796091528,insufficient_control,fail,turnover_zscore_20d_directional_decile;volume_up_price_not_down_5d_directional_decile;amount_ratio_5d_20d_directional_decile;up_day_volume_share_20d_directional_decile;money_median_5d_vs_20d_directional_decile,stock_vs_board_20d_directional_decile;close_position_20d_directional_decile;max_drawdown_20d_directional_decile,volatility_20d_decile,liquidity_metric_decile
up_day_volume_share_20d__top_30pct,validation,5982,15188,level_3,2.5389501838849884,16,0,1.5299384051365637,insufficient_control,fail,turnover_zscore_20d_directional_decile;volume_up_price_not_down_5d_directional_decile;amount_ratio_5d_20d_directional_decile;up_day_volume_share_20d_directional_decile;money_median_5d_vs_20d_directional_decile,stock_vs_board_20d_directional_decile;close_position_20d_directional_decile;max_drawdown_20d_directional_decile,volatility_20d_decile,liquidity_metric_decile
up_day_volume_share_20d__top_30pct,robustness,11793,34977,level_3,2.96591198168405,16,0,1.3870861624453248,insufficient_control,fail,turnover_zscore_20d_directional_decile;volume_up_price_not_down_5d_directional_decile;amount_ratio_5d_20d_directional_decile;up_day_volume_share_20d_directional_decile;money_median_5d_vs_20d_directional_decile,stock_vs_board_20d_directional_decile;close_position_20d_directional_decile;max_drawdown_20d_directional_decile,volatility_20d_decile,liquidity_metric_decile
up_day_volume_share_20d__top_20pct,train,8672,34687,level_3,3.9998846863468636,24,0,1.4103824592694394,insufficient_control,fail,turnover_zscore_20d_directional_decile;volume_up_price_not_down_5d_directional_decile;amount_ratio_5d_20d_directional_decile;up_day_volume_share_20d_directional_decile;money_median_5d_vs_20d_directional_decile,stock_vs_board_20d_directional_decile;close_position_20d_directional_decile;max_drawdown_20d_directional_decile,volatility_20d_decile,liquidity_metric_decile
up_day_volume_share_20d__top_20pct,validation,4095,17075,level_3,4.16971916971917,16,0,1.5482975173463798,insufficient_control,fail,turnover_zscore_20d_directional_decile;volume_up_price_not_down_5d_directional_decile;amount_ratio_5d_20d_directional_decile;up_day_volume_share_20d_directional_decile;money_median_5d_vs_20d_directional_decile,stock_vs_board_20d_directional_decile;close_position_20d_directional_decile;max_drawdown_20d_directional_decile,volatility_20d_decile,liquidity_metric_decile
up_day_volume_share_20d__top_20pct,robustness,7247,39523,level_3,5.453704981371602,16,0,1.4549683515896512,insufficient_control,fail,turnover_zscore_20d_directional_decile;volume_up_price_not_down_5d_directional_decile;amount_ratio_5d_20d_directional_decile;up_day_volume_share_20d_directional_decile;money_median_5d_vs_20d_directional_decile,stock_vs_board_20d_directional_decile;close_position_20d_directional_decile;max_drawdown_20d_directional_decile,volatility_20d_decile,liquidity_metric_decile
money_median_5d_vs_20d__top_50pct,train,21680,21679,level_3,0.9999538745387454,24,0,0.8983403149297579,insufficient_control,fail,turnover_zscore_20d_directional_decile;volume_up_price_not_down_5d_directional_decile;amount_ratio_5d_20d_directional_decile;up_day_volume_share_20d_directional_decile;money_median_5d_vs_20d_directional_decile,stock_vs_board_20d_directional_decile;close_position_20d_directional_decile;max_drawdown_20d_directional_decile,volatility_20d_decile,liquidity_metric_decile
money_median_5d_vs_20d__top_50pct,validation,9341,11829,level_3,1.2663526389037576,16,0,0.7568065485019992,insufficient_control,fail,turnover_zscore_20d_directional_decile;volume_up_price_not_down_5d_directional_decile;amount_ratio_5d_20d_directional_decile;up_day_volume_share_20d_directional_decile;money_median_5d_vs_20d_directional_decile,stock_vs_board_20d_directional_decile;close_position_20d_directional_decile;max_drawdown_20d_directional_decile,volatility_20d_decile,liquidity_metric_decile
money_median_5d_vs_20d__top_50pct,robustness,21559,25211,level_3,1.1693956120413749,16,0,0.5401829052843798,insufficient_control,fail,turnover_zscore_20d_directional_decile;volume_up_price_not_down_5d_directional_decile;amount_ratio_5d_20d_directional_decile;up_day_volume_share_20d_directional_decile;money_median_5d_vs_20d_directional_decile,stock_vs_board_20d_directional_decile;close_position_20d_directional_decile;max_drawdown_20d_directional_decile,volatility_20d_decile,liquidity_metric_decile
money_median_5d_vs_20d__top_40pct,train,17345,26014,level_3,1.499798212741424,24,0,0.8979036298909393,insufficient_control,fail,turnover_zscore_20d_directional_decile;volume_up_price_not_down_5d_directional_decile;amount_ratio_5d_20d_directional_decile;up_day_volume_share_20d_directional_decile;money_median_5d_vs_20d_directional_decile,stock_vs_board_20d_directional_decile;close_position_20d_directional_decile;max_drawdown_20d_directional_decile,volatility_20d_decile,liquidity_metric_decile
money_median_5d_vs_20d__top_40pct,validation,7176,13994,level_3,1.9501114827201784,16,0,0.7762106211725929,insufficient_control,fail,turnover_zscore_20d_directional_decile;volume_up_price_not_down_5d_directional_decile;amount_ratio_5d_20d_directional_decile;up_day_volume_share_20d_directional_decile;money_median_5d_vs_20d_directional_decile,stock_vs_board_20d_directional_decile;close_position_20d_directional_decile;max_drawdown_20d_directional_decile,volatility_20d_decile,liquidity_metric_decile
money_median_5d_vs_20d__top_40pct,robustness,16377,30393,level_3,1.8558344019051107,16,0,0.5445734950521587,insufficient_control,fail,turnover_zscore_20d_directional_decile;volume_up_price_not_down_5d_directional_decile;amount_ratio_5d_20d_directional_decile;up_day_volume_share_20d_directional_decile;money_median_5d_vs_20d_directional_decile,stock_vs_board_20d_directional_decile;close_position_20d_directional_decile;max_drawdown_20d_directional_decile,volatility_20d_decile,liquidity_metric_decile
money_median_5d_vs_20d__top_30pct,train,13008,30351,level_3,2.3332564575645756,24,0,0.9178515154391191,insufficient_control,fail,turnover_zscore_20d_directional_decile;volume_up_price_not_down_5d_directional_decile;amount_ratio_5d_20d_directional_decile;up_day_volume_share_20d_directional_decile;money_median_5d_vs_20d_directional_decile,stock_vs_board_20d_directional_decile;close_position_20d_directional_decile;max_drawdown_20d_directional_decile,volatility_20d_decile,liquidity_metric_decile
money_median_5d_vs_20d__top_30pct,validation,5152,16018,level_3,3.109083850931677,16,0,0.8294177909700308,insufficient_control,fail,turnover_zscore_20d_directional_decile;volume_up_price_not_down_5d_directional_decile;amount_ratio_5d_20d_directional_decile;up_day_volume_share_20d_directional_decile;money_median_5d_vs_20d_directional_decile,stock_vs_board_20d_directional_decile;close_position_20d_directional_decile;max_drawdown_20d_directional_decile,volatility_20d_decile,liquidity_metric_decile
money_median_5d_vs_20d__top_30pct,robustness,11301,35428,level_3,3.1349438102822758,15,0,0.5525240768273799,insufficient_control,fail,turnover_zscore_20d_directional_decile;volume_up_price_not_down_5d_directional_decile;amount_ratio_5d_20d_directional_decile;up_day_volume_share_20d_directional_decile;money_median_5d_vs_20d_directional_decile,stock_vs_board_20d_directional_decile;close_position_20d_directional_decile;max_drawdown_20d_directional_decile,volatility_20d_decile,liquidity_metric_decile
money_median_5d_vs_20d__top_20pct,train,8672,34668,level_3,3.9976937269372694,23,0,0.8995070217962061,insufficient_control,fail,turnover_zscore_20d_directional_decile;volume_up_price_not_down_5d_directional_decile;amount_ratio_5d_20d_directional_decile;up_day_volume_share_20d_directional_decile;money_median_5d_vs_20d_directional_decile,stock_vs_board_20d_directional_decile;close_position_20d_directional_decile;max_drawdown_20d_directional_decile,volatility_20d_decile,liquidity_metric_decile
money_median_5d_vs_20d__top_20pct,validation,3144,18026,level_3,5.733460559796438,16,0,0.9509739366156438,insufficient_control,fail,turnover_zscore_20d_directional_decile;volume_up_price_not_down_5d_directional_decile;amount_ratio_5d_20d_directional_decile;up_day_volume_share_20d_directional_decile;money_median_5d_vs_20d_directional_decile,stock_vs_board_20d_directional_decile;close_position_20d_directional_decile;max_drawdown_20d_directional_decile,volatility_20d_decile,liquidity_metric_decile
money_median_5d_vs_20d__top_20pct,robustness,6536,40176,level_3,6.1468788249694,14,0,0.5903056195055005,insufficient_control,fail,turnover_zscore_20d_directional_decile;volume_up_price_not_down_5d_directional_decile;amount_ratio_5d_20d_directional_decile;up_day_volume_share_20d_directional_decile;money_median_5d_vs_20d_directional_decile,stock_vs_board_20d_directional_decile;close_position_20d_directional_decile;max_drawdown_20d_directional_decile,volatility_20d_decile,liquidity_metric_decile
stock_vs_board_20d__top_40pct__AND__close_position_20d__top_40pct,train,10951,32408,level_3,2.9593644416035065,24,0,1.2078292233173296,insufficient_control,fail,close_position_20d_directional_decile;distance_to_20d_high_directional_decile;distance_from_20d_low_directional_decile;higher_low_slope_10d_directional_decile;stock_vs_board_20d_directional_decile;ret_20d_directional_decile;close_vs_sma20_directional_decile;stock_vs_board_5d_directional_decile;ret_5d_directional_decile,max_drawdown_20d_directional_decile;turnover_zscore_20d_directional_decile,volatility_20d_decile,liquidity_metric_decile
stock_vs_board_20d__top_40pct__AND__close_position_20d__top_40pct,validation,7990,13180,level_3,1.6495619524405507,16,0,1.537716672072645,insufficient_control,fail,close_position_20d_directional_decile;distance_to_20d_high_directional_decile;distance_from_20d_low_directional_decile;higher_low_slope_10d_directional_decile;stock_vs_board_20d_directional_decile;ret_20d_directional_decile;close_vs_sma20_directional_decile;stock_vs_board_5d_directional_decile;ret_5d_directional_decile,max_drawdown_20d_directional_decile;turnover_zscore_20d_directional_decile,volatility_20d_decile,liquidity_metric_decile
stock_vs_board_20d__top_40pct__AND__close_position_20d__top_40pct,robustness,14775,31978,level_3,2.164331641285956,15,0,1.290077235461156,insufficient_control,fail,close_position_20d_directional_decile;distance_to_20d_high_directional_decile;distance_from_20d_low_directional_decile;higher_low_slope_10d_directional_decile;stock_vs_board_20d_directional_decile;ret_20d_directional_decile;close_vs_sma20_directional_decile;stock_vs_board_5d_directional_decile;ret_5d_directional_decile,max_drawdown_20d_directional_decile;turnover_zscore_20d_directional_decile,volatility_20d_decile,liquidity_metric_decile
stock_vs_board_20d__top_30pct__AND__close_position_20d__top_30pct,train,7312,36047,level_3,4.92984135667396,24,0,1.190267112791326,insufficient_control,fail,close_position_20d_directional_decile;distance_to_20d_high_directional_decile;distance_from_20d_low_directional_decile;higher_low_slope_10d_directional_decile;stock_vs_board_20d_directional_decile;ret_20d_directional_decile;close_vs_sma20_directional_decile;stock_vs_board_5d_directional_decile;ret_5d_directional_decile,max_drawdown_20d_directional_decile;turnover_zscore_20d_directional_decile,volatility_20d_decile,liquidity_metric_decile
stock_vs_board_20d__top_30pct__AND__close_position_20d__top_30pct,validation,5759,15411,level_3,2.675985414134398,16,0,1.4085030754040209,insufficient_control,fail,close_position_20d_directional_decile;distance_to_20d_high_directional_decile;distance_from_20d_low_directional_decile;higher_low_slope_10d_directional_decile;stock_vs_board_20d_directional_decile;ret_20d_directional_decile;close_vs_sma20_directional_decile;stock_vs_board_5d_directional_decile;ret_5d_directional_decile,max_drawdown_20d_directional_decile;turnover_zscore_20d_directional_decile,volatility_20d_decile,liquidity_metric_decile
stock_vs_board_20d__top_30pct__AND__close_position_20d__top_30pct,robustness,10429,36324,level_3,3.482980151500623,15,0,1.2598944451483838,insufficient_control,fail,close_position_20d_directional_decile;distance_to_20d_high_directional_decile;distance_from_20d_low_directional_decile;higher_low_slope_10d_directional_decile;stock_vs_board_20d_directional_decile;ret_20d_directional_decile;close_vs_sma20_directional_decile;stock_vs_board_5d_directional_decile;ret_5d_directional_decile,max_drawdown_20d_directional_decile;turnover_zscore_20d_directional_decile,volatility_20d_decile,liquidity_metric_decile
stock_vs_board_20d__top_40pct__AND__distance_to_20d_high__top_40pct,train,10058,33301,level_3,3.310896798568304,24,0,1.2257382706467095,insufficient_control,fail,close_position_20d_directional_decile;distance_to_20d_high_directional_decile;distance_from_20d_low_directional_decile;higher_low_slope_10d_directional_decile;stock_vs_board_20d_directional_decile;ret_20d_directional_decile;close_vs_sma20_directional_decile;stock_vs_board_5d_directional_decile;ret_5d_directional_decile,max_drawdown_20d_directional_decile;turnover_zscore_20d_directional_decile,volatility_20d_decile,liquidity_metric_decile
stock_vs_board_20d__top_40pct__AND__distance_to_20d_high__top_40pct,validation,7638,13532,level_3,1.771667975909924,16,0,1.5619783224353216,insufficient_control,fail,close_position_20d_directional_decile;distance_to_20d_high_directional_decile;distance_from_20d_low_directional_decile;higher_low_slope_10d_directional_decile;stock_vs_board_20d_directional_decile;ret_20d_directional_decile;close_vs_sma20_directional_decile;stock_vs_board_5d_directional_decile;ret_5d_directional_decile,max_drawdown_20d_directional_decile;turnover_zscore_20d_directional_decile,volatility_20d_decile,liquidity_metric_decile
stock_vs_board_20d__top_40pct__AND__distance_to_20d_high__top_40pct,robustness,14406,32347,level_3,2.2453838678328473,15,0,1.331447347644131,insufficient_control,fail,close_position_20d_directional_decile;distance_to_20d_high_directional_decile;distance_from_20d_low_directional_decile;higher_low_slope_10d_directional_decile;stock_vs_board_20d_directional_decile;ret_20d_directional_decile;close_vs_sma20_directional_decile;stock_vs_board_5d_directional_decile;ret_5d_directional_decile,max_drawdown_20d_directional_decile;turnover_zscore_20d_directional_decile,volatility_20d_decile,liquidity_metric_decile
stock_vs_board_20d__top_30pct__AND__distance_to_20d_high__top_30pct,train,6378,36981,level_3,5.79821260583255,24,0,1.1730121697563631,insufficient_control,fail,close_position_20d_directional_decile;distance_to_20d_high_directional_decile;distance_from_20d_low_directional_decile;higher_low_slope_10d_directional_decile;stock_vs_board_20d_directional_decile;ret_20d_directional_decile;close_vs_sma20_directional_decile;stock_vs_board_5d_directional_decile;ret_5d_directional_decile,max_drawdown_20d_directional_decile;turnover_zscore_20d_directional_decile,volatility_20d_decile,liquidity_metric_decile
stock_vs_board_20d__top_30pct__AND__distance_to_20d_high__top_30pct,validation,5413,15757,level_3,2.910955108073157,16,0,1.4010338311143347,insufficient_control,fail,close_position_20d_directional_decile;distance_to_20d_high_directional_decile;distance_from_20d_low_directional_decile;higher_low_slope_10d_directional_decile;stock_vs_board_20d_directional_decile;ret_20d_directional_decile;close_vs_sma20_directional_decile;stock_vs_board_5d_directional_decile;ret_5d_directional_decile,max_drawdown_20d_directional_decile;turnover_zscore_20d_directional_decile,volatility_20d_decile,liquidity_metric_decile
stock_vs_board_20d__top_30pct__AND__distance_to_20d_high__top_30pct,robustness,9889,36864,level_3,3.7277783395692183,15,0,1.2635792367109535,insufficient_control,fail,close_position_20d_directional_decile;distance_to_20d_high_directional_decile;distance_from_20d_low_directional_decile;higher_low_slope_10d_directional_decile;stock_vs_board_20d_directional_decile;ret_20d_directional_decile;close_vs_sma20_directional_decile;stock_vs_board_5d_directional_decile;ret_5d_directional_decile,max_drawdown_20d_directional_decile;turnover_zscore_20d_directional_decile,volatility_20d_decile,liquidity_metric_decile
stock_vs_board_20d__top_40pct__AND__distance_from_20d_low__top_40pct,train,10983,32376,level_3,2.9478284621688062,24,0,1.0188626166574632,insufficient_control,fail,close_position_20d_directional_decile;distance_to_20d_high_directional_decile;distance_from_20d_low_directional_decile;higher_low_slope_10d_directional_decile;stock_vs_board_20d_directional_decile;ret_20d_directional_decile;close_vs_sma20_directional_decile;stock_vs_board_5d_directional_decile;ret_5d_directional_decile,max_drawdown_20d_directional_decile;turnover_zscore_20d_directional_decile,volatility_20d_decile,liquidity_metric_decile
stock_vs_board_20d__top_40pct__AND__distance_from_20d_low__top_40pct,validation,7571,13599,level_3,1.7961960110949677,16,0,1.183317656275532,insufficient_control,fail,close_position_20d_directional_decile;distance_to_20d_high_directional_decile;distance_from_20d_low_directional_decile;higher_low_slope_10d_directional_decile;stock_vs_board_20d_directional_decile;ret_20d_directional_decile;close_vs_sma20_directional_decile;stock_vs_board_5d_directional_decile;ret_5d_directional_decile,max_drawdown_20d_directional_decile;turnover_zscore_20d_directional_decile,volatility_20d_decile,liquidity_metric_decile
stock_vs_board_20d__top_40pct__AND__distance_from_20d_low__top_40pct,robustness,14117,32636,level_3,2.3118226252036553,15,0,1.02843227896065,insufficient_control,fail,close_position_20d_directional_decile;distance_to_20d_high_directional_decile;distance_from_20d_low_directional_decile;higher_low_slope_10d_directional_decile;stock_vs_board_20d_directional_decile;ret_20d_directional_decile;close_vs_sma20_directional_decile;stock_vs_board_5d_directional_decile;ret_5d_directional_decile,max_drawdown_20d_directional_decile;turnover_zscore_20d_directional_decile,volatility_20d_decile,liquidity_metric_decile
stock_vs_board_20d__top_30pct__AND__distance_from_20d_low__top_30pct,train,7859,35429,level_3,4.508079908385291,23,0,1.0547463561208406,insufficient_control,fail,close_position_20d_directional_decile;distance_to_20d_high_directional_decile;distance_from_20d_low_directional_decile;higher_low_slope_10d_directional_decile;stock_vs_board_20d_directional_decile;ret_20d_directional_decile;close_vs_sma20_directional_decile;stock_vs_board_5d_directional_decile;ret_5d_directional_decile,max_drawdown_20d_directional_decile;turnover_zscore_20d_directional_decile,volatility_20d_decile,liquidity_metric_decile
stock_vs_board_20d__top_30pct__AND__distance_from_20d_low__top_30pct,validation,5662,15508,level_3,2.7389614977039916,16,0,1.179466654987261,insufficient_control,fail,close_position_20d_directional_decile;distance_to_20d_high_directional_decile;distance_from_20d_low_directional_decile;higher_low_slope_10d_directional_decile;stock_vs_board_20d_directional_decile;ret_20d_directional_decile;close_vs_sma20_directional_decile;stock_vs_board_5d_directional_decile;ret_5d_directional_decile,max_drawdown_20d_directional_decile;turnover_zscore_20d_directional_decile,volatility_20d_decile,liquidity_metric_decile
stock_vs_board_20d__top_30pct__AND__distance_from_20d_low__top_30pct,robustness,10142,36611,level_3,3.6098402681916784,15,0,1.0535404585329615,insufficient_control,fail,close_position_20d_directional_decile;distance_to_20d_high_directional_decile;distance_from_20d_low_directional_decile;higher_low_slope_10d_directional_decile;stock_vs_board_20d_directional_decile;ret_20d_directional_decile;close_vs_sma20_directional_decile;stock_vs_board_5d_directional_decile;ret_5d_directional_decile,max_drawdown_20d_directional_decile;turnover_zscore_20d_directional_decile,volatility_20d_decile,liquidity_metric_decile
ret_20d__top_40pct__AND__close_position_20d__top_40pct,train,13790,29569,level_3,2.1442349528643945,24,0,1.4612917502849296,insufficient_control,fail,close_position_20d_directional_decile;distance_to_20d_high_directional_decile;distance_from_20d_low_directional_decile;higher_low_slope_10d_directional_decile;stock_vs_board_20d_directional_decile;ret_20d_directional_decile;close_vs_sma20_directional_decile;stock_vs_board_5d_directional_decile;ret_5d_directional_decile,max_drawdown_20d_directional_decile;turnover_zscore_20d_directional_decile,volatility_20d_decile,liquidity_metric_decile
ret_20d__top_40pct__AND__close_position_20d__top_40pct,validation,7303,13867,level_3,1.8988087087498289,16,0,1.7621606771025062,insufficient_control,fail,close_position_20d_directional_decile;distance_to_20d_high_directional_decile;distance_from_20d_low_directional_decile;higher_low_slope_10d_directional_decile;stock_vs_board_20d_directional_decile;ret_20d_directional_decile;close_vs_sma20_directional_decile;stock_vs_board_5d_directional_decile;ret_5d_directional_decile,max_drawdown_20d_directional_decile;turnover_zscore_20d_directional_decile,volatility_20d_decile,liquidity_metric_decile
ret_20d__top_40pct__AND__close_position_20d__top_40pct,robustness,15673,31097,level_3,1.984112805461622,16,0,1.459895576507644,insufficient_control,fail,close_position_20d_directional_decile;distance_to_20d_high_directional_decile;distance_from_20d_low_directional_decile;higher_low_slope_10d_directional_decile;stock_vs_board_20d_directional_decile;ret_20d_directional_decile;close_vs_sma20_directional_decile;stock_vs_board_5d_directional_decile;ret_5d_directional_decile,max_drawdown_20d_directional_decile;turnover_zscore_20d_directional_decile,volatility_20d_decile,liquidity_metric_decile
ret_20d__top_30pct__AND__close_position_20d__top_30pct,train,9524,33835,level_3,3.5526039479210416,24,0,1.3645367821623215,insufficient_control,fail,close_position_20d_directional_decile;distance_to_20d_high_directional_decile;distance_from_20d_low_directional_decile;higher_low_slope_10d_directional_decile;stock_vs_board_20d_directional_decile;ret_20d_directional_decile;close_vs_sma20_directional_decile;stock_vs_board_5d_directional_decile;ret_5d_directional_decile,max_drawdown_20d_directional_decile;turnover_zscore_20d_directional_decile,volatility_20d_decile,liquidity_metric_decile
ret_20d__top_30pct__AND__close_position_20d__top_30pct,validation,5094,16076,level_3,3.155869650569297,16,0,1.6430968472596315,insufficient_control,fail,close_position_20d_directional_decile;distance_to_20d_high_directional_decile;distance_from_20d_low_directional_decile;higher_low_slope_10d_directional_decile;stock_vs_board_20d_directional_decile;ret_20d_directional_decile;close_vs_sma20_directional_decile;stock_vs_board_5d_directional_decile;ret_5d_directional_decile,max_drawdown_20d_directional_decile;turnover_zscore_20d_directional_decile,volatility_20d_decile,liquidity_metric_decile
ret_20d__top_30pct__AND__close_position_20d__top_30pct,robustness,10672,36081,level_3,3.3809032983508245,15,0,1.392242563104631,insufficient_control,fail,close_position_20d_directional_decile;distance_to_20d_high_directional_decile;distance_from_20d_low_directional_decile;higher_low_slope_10d_directional_decile;stock_vs_board_20d_directional_decile;ret_20d_directional_decile;close_vs_sma20_directional_decile;stock_vs_board_5d_directional_decile;ret_5d_directional_decile,max_drawdown_20d_directional_decile;turnover_zscore_20d_directional_decile,volatility_20d_decile,liquidity_metric_decile
ret_20d__top_40pct__AND__distance_to_20d_high__top_40pct,train,12269,31090,level_3,2.5340288532072703,24,0,1.4236790529665528,insufficient_control,fail,close_position_20d_directional_decile;distance_to_20d_high_directional_decile;distance_from_20d_low_directional_decile;higher_low_slope_10d_directional_decile;stock_vs_board_20d_directional_decile;ret_20d_directional_decile;close_vs_sma20_directional_decile;stock_vs_board_5d_directional_decile;ret_5d_directional_decile,max_drawdown_20d_directional_decile;turnover_zscore_20d_directional_decile,volatility_20d_decile,liquidity_metric_decile
ret_20d__top_40pct__AND__distance_to_20d_high__top_40pct,validation,6564,14606,level_3,2.2251675807434492,16,0,1.7186531752888476,insufficient_control,fail,close_position_20d_directional_decile;distance_to_20d_high_directional_decile;distance_from_20d_low_directional_decile;higher_low_slope_10d_directional_decile;stock_vs_board_20d_directional_decile;ret_20d_directional_decile;close_vs_sma20_directional_decile;stock_vs_board_5d_directional_decile;ret_5d_directional_decile,max_drawdown_20d_directional_decile;turnover_zscore_20d_directional_decile,volatility_20d_decile,liquidity_metric_decile
ret_20d__top_40pct__AND__distance_to_20d_high__top_40pct,robustness,14522,32248,level_3,2.220630767111968,16,0,1.4448422112644415,insufficient_control,fail,close_position_20d_directional_decile;distance_to_20d_high_directional_decile;distance_from_20d_low_directional_decile;higher_low_slope_10d_directional_decile;stock_vs_board_20d_directional_decile;ret_20d_directional_decile;close_vs_sma20_directional_decile;stock_vs_board_5d_directional_decile;ret_5d_directional_decile,max_drawdown_20d_directional_decile;turnover_zscore_20d_directional_decile,volatility_20d_decile,liquidity_metric_decile
ret_20d__top_30pct__AND__distance_to_20d_high__top_30pct,train,7883,35476,level_3,4.500317138145376,24,0,1.289889631525471,insufficient_control,fail,close_position_20d_directional_decile;distance_to_20d_high_directional_decile;distance_from_20d_low_directional_decile;higher_low_slope_10d_directional_decile;stock_vs_board_20d_directional_decile;ret_20d_directional_decile;close_vs_sma20_directional_decile;stock_vs_board_5d_directional_decile;ret_5d_directional_decile,max_drawdown_20d_directional_decile;turnover_zscore_20d_directional_decile,volatility_20d_decile,liquidity_metric_decile
ret_20d__top_30pct__AND__distance_to_20d_high__top_30pct,validation,4379,16791,level_3,3.834437086092715,16,0,1.579872229529232,insufficient_control,fail,close_position_20d_directional_decile;distance_to_20d_high_directional_decile;distance_from_20d_low_directional_decile;higher_low_slope_10d_directional_decile;stock_vs_board_20d_directional_decile;ret_20d_directional_decile;close_vs_sma20_directional_decile;stock_vs_board_5d_directional_decile;ret_5d_directional_decile,max_drawdown_20d_directional_decile;turnover_zscore_20d_directional_decile,volatility_20d_decile,liquidity_metric_decile
ret_20d__top_30pct__AND__distance_to_20d_high__top_30pct,robustness,9330,37423,level_3,4.011039657020365,15,0,1.3469042776482574,insufficient_control,fail,close_position_20d_directional_decile;distance_to_20d_high_directional_decile;distance_from_20d_low_directional_decile;higher_low_slope_10d_directional_decile;stock_vs_board_20d_directional_decile;ret_20d_directional_decile;close_vs_sma20_directional_decile;stock_vs_board_5d_directional_decile;ret_5d_directional_decile,max_drawdown_20d_directional_decile;turnover_zscore_20d_directional_decile,volatility_20d_decile,liquidity_metric_decile
ret_20d__top_40pct__AND__distance_from_20d_low__top_40pct,train,13570,29789,level_3,2.1952100221075903,24,0,1.2357392157820706,insufficient_control,fail,close_position_20d_directional_decile;distance_to_20d_high_directional_decile;distance_from_20d_low_directional_decile;higher_low_slope_10d_directional_decile;stock_vs_board_20d_directional_decile;ret_20d_directional_decile;close_vs_sma20_directional_decile;stock_vs_board_5d_directional_decile;ret_5d_directional_decile,max_drawdown_20d_directional_decile;turnover_zscore_20d_directional_decile,volatility_20d_decile,liquidity_metric_decile
ret_20d__top_40pct__AND__distance_from_20d_low__top_40pct,validation,7108,14062,level_3,1.9783342712436691,16,0,1.4699280057753314,insufficient_control,fail,close_position_20d_directional_decile;distance_to_20d_high_directional_decile;distance_from_20d_low_directional_decile;higher_low_slope_10d_directional_decile;stock_vs_board_20d_directional_decile;ret_20d_directional_decile;close_vs_sma20_directional_decile;stock_vs_board_5d_directional_decile;ret_5d_directional_decile,max_drawdown_20d_directional_decile;turnover_zscore_20d_directional_decile,volatility_20d_decile,liquidity_metric_decile
ret_20d__top_40pct__AND__distance_from_20d_low__top_40pct,robustness,15290,31463,level_3,2.0577501635055593,15,0,1.2065137806632238,insufficient_control,fail,close_position_20d_directional_decile;distance_to_20d_high_directional_decile;distance_from_20d_low_directional_decile;higher_low_slope_10d_directional_decile;stock_vs_board_20d_directional_decile;ret_20d_directional_decile;close_vs_sma20_directional_decile;stock_vs_board_5d_directional_decile;ret_5d_directional_decile,max_drawdown_20d_directional_decile;turnover_zscore_20d_directional_decile,volatility_20d_decile,liquidity_metric_decile
ret_20d__top_30pct__AND__distance_from_20d_low__top_30pct,train,10089,33270,level_3,3.2976509069283377,24,0,1.2320037622765174,insufficient_control,fail,close_position_20d_directional_decile;distance_to_20d_high_directional_decile;distance_from_20d_low_directional_decile;higher_low_slope_10d_directional_decile;stock_vs_board_20d_directional_decile;ret_20d_directional_decile;close_vs_sma20_directional_decile;stock_vs_board_5d_directional_decile;ret_5d_directional_decile,max_drawdown_20d_directional_decile;turnover_zscore_20d_directional_decile,volatility_20d_decile,liquidity_metric_decile
ret_20d__top_30pct__AND__distance_from_20d_low__top_30pct,validation,5383,15787,level_3,2.932751253947613,16,0,1.4224686738173897,insufficient_control,fail,close_position_20d_directional_decile;distance_to_20d_high_directional_decile;distance_from_20d_low_directional_decile;higher_low_slope_10d_directional_decile;stock_vs_board_20d_directional_decile;ret_20d_directional_decile;close_vs_sma20_directional_decile;stock_vs_board_5d_directional_decile;ret_5d_directional_decile,max_drawdown_20d_directional_decile;turnover_zscore_20d_directional_decile,volatility_20d_decile,liquidity_metric_decile
ret_20d__top_30pct__AND__distance_from_20d_low__top_30pct,robustness,11174,35579,level_3,3.1840880615715053,15,0,1.2247628286564454,insufficient_control,fail,close_position_20d_directional_decile;distance_to_20d_high_directional_decile;distance_from_20d_low_directional_decile;higher_low_slope_10d_directional_decile;stock_vs_board_20d_directional_decile;ret_20d_directional_decile;close_vs_sma20_directional_decile;stock_vs_board_5d_directional_decile;ret_5d_directional_decile,max_drawdown_20d_directional_decile;turnover_zscore_20d_directional_decile,volatility_20d_decile,liquidity_metric_decile
close_vs_sma20__top_40pct__AND__close_position_20d__top_40pct,train,15691,27668,level_3,1.7633038047288254,24,0,1.2094663629266431,insufficient_control,fail,close_position_20d_directional_decile;distance_to_20d_high_directional_decile;distance_from_20d_low_directional_decile;higher_low_slope_10d_directional_decile;stock_vs_board_20d_directional_decile;ret_20d_directional_decile;close_vs_sma20_directional_decile;stock_vs_board_5d_directional_decile;ret_5d_directional_decile,max_drawdown_20d_directional_decile;turnover_zscore_20d_directional_decile,volatility_20d_decile,liquidity_metric_decile
close_vs_sma20__top_40pct__AND__close_position_20d__top_40pct,validation,8139,13031,level_3,1.6010566408649711,16,0,1.4079999466234792,insufficient_control,fail,close_position_20d_directional_decile;distance_to_20d_high_directional_decile;distance_from_20d_low_directional_decile;higher_low_slope_10d_directional_decile;stock_vs_board_20d_directional_decile;ret_20d_directional_decile;close_vs_sma20_directional_decile;stock_vs_board_5d_directional_decile;ret_5d_directional_decile,max_drawdown_20d_directional_decile;turnover_zscore_20d_directional_decile,volatility_20d_decile,liquidity_metric_decile
close_vs_sma20__top_40pct__AND__close_position_20d__top_40pct,robustness,17579,29191,level_3,1.660560896524262,16,0,1.2499677278389247,insufficient_control,fail,close_position_20d_directional_decile;distance_to_20d_high_directional_decile;distance_from_20d_low_directional_decile;higher_low_slope_10d_directional_decile;stock_vs_board_20d_directional_decile;ret_20d_directional_decile;close_vs_sma20_directional_decile;stock_vs_board_5d_directional_decile;ret_5d_directional_decile,max_drawdown_20d_directional_decile;turnover_zscore_20d_directional_decile,volatility_20d_decile,liquidity_metric_decile
close_vs_sma20__top_30pct__AND__close_position_20d__top_30pct,train,11093,32266,level_3,2.908681150274948,24,0,1.141451126198723,insufficient_control,fail,close_position_20d_directional_decile;distance_to_20d_high_directional_decile;distance_from_20d_low_directional_decile;higher_low_slope_10d_directional_decile;stock_vs_board_20d_directional_decile;ret_20d_directional_decile;close_vs_sma20_directional_decile;stock_vs_board_5d_directional_decile;ret_5d_directional_decile,max_drawdown_20d_directional_decile;turnover_zscore_20d_directional_decile,volatility_20d_decile,liquidity_metric_decile
close_vs_sma20__top_30pct__AND__close_position_20d__top_30pct,validation,5778,15380,level_3,2.6618206992038767,15,0,1.2787384960600412,insufficient_control,fail,close_position_20d_directional_decile;distance_to_20d_high_directional_decile;distance_from_20d_low_directional_decile;higher_low_slope_10d_directional_decile;stock_vs_board_20d_directional_decile;ret_20d_directional_decile;close_vs_sma20_directional_decile;stock_vs_board_5d_directional_decile;ret_5d_directional_decile,max_drawdown_20d_directional_decile;turnover_zscore_20d_directional_decile,volatility_20d_decile,liquidity_metric_decile
close_vs_sma20__top_30pct__AND__close_position_20d__top_30pct,robustness,12312,34441,level_3,2.7973521767381415,15,0,1.1547615892460532,insufficient_control,fail,close_position_20d_directional_decile;distance_to_20d_high_directional_decile;distance_from_20d_low_directional_decile;higher_low_slope_10d_directional_decile;stock_vs_board_20d_directional_decile;ret_20d_directional_decile;close_vs_sma20_directional_decile;stock_vs_board_5d_directional_decile;ret_5d_directional_decile,max_drawdown_20d_directional_decile;turnover_zscore_20d_directional_decile,volatility_20d_decile,liquidity_metric_decile
close_vs_sma20__top_40pct__AND__distance_to_20d_high__top_40pct,train,13735,29624,level_3,2.156825627957772,24,0,1.1727568011144383,insufficient_control,fail,close_position_20d_directional_decile;distance_to_20d_high_directional_decile;distance_from_20d_low_directional_decile;higher_low_slope_10d_directional_decile;stock_vs_board_20d_directional_decile;ret_20d_directional_decile;close_vs_sma20_directional_decile;stock_vs_board_5d_directional_decile;ret_5d_directional_decile,max_drawdown_20d_directional_decile;turnover_zscore_20d_directional_decile,volatility_20d_decile,liquidity_metric_decile
close_vs_sma20__top_40pct__AND__distance_to_20d_high__top_40pct,validation,7183,13987,level_3,1.9472365306974802,16,0,1.3658688021574341,insufficient_control,fail,close_position_20d_directional_decile;distance_to_20d_high_directional_decile;distance_from_20d_low_directional_decile;higher_low_slope_10d_directional_decile;stock_vs_board_20d_directional_decile;ret_20d_directional_decile;close_vs_sma20_directional_decile;stock_vs_board_5d_directional_decile;ret_5d_directional_decile,max_drawdown_20d_directional_decile;turnover_zscore_20d_directional_decile,volatility_20d_decile,liquidity_metric_decile
close_vs_sma20__top_40pct__AND__distance_to_20d_high__top_40pct,robustness,15998,30772,level_3,1.923490436304538,16,0,1.2257537914956051,insufficient_control,fail,close_position_20d_directional_decile;distance_to_20d_high_directional_decile;distance_from_20d_low_directional_decile;higher_low_slope_10d_directional_decile;stock_vs_board_20d_directional_decile;ret_20d_directional_decile;close_vs_sma20_directional_decile;stock_vs_board_5d_directional_decile;ret_5d_directional_decile,max_drawdown_20d_directional_decile;turnover_zscore_20d_directional_decile,volatility_20d_decile,liquidity_metric_decile
close_vs_sma20__top_30pct__AND__distance_to_20d_high__top_30pct,train,9253,34106,level_3,3.6859396952339782,24,0,1.069880689458415,insufficient_control,fail,close_position_20d_directional_decile;distance_to_20d_high_directional_decile;distance_from_20d_low_directional_decile;higher_low_slope_10d_directional_decile;stock_vs_board_20d_directional_decile;ret_20d_directional_decile;close_vs_sma20_directional_decile;stock_vs_board_5d_directional_decile;ret_5d_directional_decile,max_drawdown_20d_directional_decile;turnover_zscore_20d_directional_decile,volatility_20d_decile,liquidity_metric_decile
close_vs_sma20__top_30pct__AND__distance_to_20d_high__top_30pct,validation,4935,16223,level_3,3.2873353596757853,15,0,1.2141036650420503,insufficient_control,fail,close_position_20d_directional_decile;distance_to_20d_high_directional_decile;distance_from_20d_low_directional_decile;higher_low_slope_10d_directional_decile;stock_vs_board_20d_directional_decile;ret_20d_directional_decile;close_vs_sma20_directional_decile;stock_vs_board_5d_directional_decile;ret_5d_directional_decile,max_drawdown_20d_directional_decile;turnover_zscore_20d_directional_decile,volatility_20d_decile,liquidity_metric_decile
close_vs_sma20__top_30pct__AND__distance_to_20d_high__top_30pct,robustness,10814,35939,level_3,3.3233771037543924,15,0,1.1100216034623474,insufficient_control,fail,close_position_20d_directional_decile;distance_to_20d_high_directional_decile;distance_from_20d_low_directional_decile;higher_low_slope_10d_directional_decile;stock_vs_board_20d_directional_decile;ret_20d_directional_decile;close_vs_sma20_directional_decile;stock_vs_board_5d_directional_decile;ret_5d_directional_decile,max_drawdown_20d_directional_decile;turnover_zscore_20d_directional_decile,volatility_20d_decile,liquidity_metric_decile
close_vs_sma20__top_40pct__AND__distance_from_20d_low__top_40pct,train,14746,28613,level_3,1.940390614403906,24,0,0.9782582723177625,insufficient_control,fail,close_position_20d_directional_decile;distance_to_20d_high_directional_decile;distance_from_20d_low_directional_decile;higher_low_slope_10d_directional_decile;stock_vs_board_20d_directional_decile;ret_20d_directional_decile;close_vs_sma20_directional_decile;stock_vs_board_5d_directional_decile;ret_5d_directional_decile,max_drawdown_20d_directional_decile;turnover_zscore_20d_directional_decile,volatility_20d_decile,liquidity_metric_decile
close_vs_sma20__top_40pct__AND__distance_from_20d_low__top_40pct,validation,7616,13554,level_3,1.7796743697478992,16,0,1.1272487096428851,insufficient_control,fail,close_position_20d_directional_decile;distance_to_20d_high_directional_decile;distance_from_20d_low_directional_decile;higher_low_slope_10d_directional_decile;stock_vs_board_20d_directional_decile;ret_20d_directional_decile;close_vs_sma20_directional_decile;stock_vs_board_5d_directional_decile;ret_5d_directional_decile,max_drawdown_20d_directional_decile;turnover_zscore_20d_directional_decile,volatility_20d_decile,liquidity_metric_decile
close_vs_sma20__top_40pct__AND__distance_from_20d_low__top_40pct,robustness,15905,30848,level_3,1.9395158755108457,15,0,1.0130586318111217,insufficient_control,fail,close_position_20d_directional_decile;distance_to_20d_high_directional_decile;distance_from_20d_low_directional_decile;higher_low_slope_10d_directional_decile;stock_vs_board_20d_directional_decile;ret_20d_directional_decile;close_vs_sma20_directional_decile;stock_vs_board_5d_directional_decile;ret_5d_directional_decile,max_drawdown_20d_directional_decile;turnover_zscore_20d_directional_decile,volatility_20d_decile,liquidity_metric_decile
close_vs_sma20__top_30pct__AND__distance_from_20d_low__top_30pct,train,10823,32536,level_3,3.0061905201884875,24,0,0.997506918489001,insufficient_control,fail,close_position_20d_directional_decile;distance_to_20d_high_directional_decile;distance_from_20d_low_directional_decile;higher_low_slope_10d_directional_decile;stock_vs_board_20d_directional_decile;ret_20d_directional_decile;close_vs_sma20_directional_decile;stock_vs_board_5d_directional_decile;ret_5d_directional_decile,max_drawdown_20d_directional_decile;turnover_zscore_20d_directional_decile,volatility_20d_decile,liquidity_metric_decile
close_vs_sma20__top_30pct__AND__distance_from_20d_low__top_30pct,validation,5587,15571,level_3,2.7870055485949528,15,0,1.0999545404518212,insufficient_control,fail,close_position_20d_directional_decile;distance_to_20d_high_directional_decile;distance_from_20d_low_directional_decile;higher_low_slope_10d_directional_decile;stock_vs_board_20d_directional_decile;ret_20d_directional_decile;close_vs_sma20_directional_decile;stock_vs_board_5d_directional_decile;ret_5d_directional_decile,max_drawdown_20d_directional_decile;turnover_zscore_20d_directional_decile,volatility_20d_decile,liquidity_metric_decile
close_vs_sma20__top_30pct__AND__distance_from_20d_low__top_30pct,robustness,11437,35316,level_3,3.0878726938882575,15,0,1.0155193984948812,insufficient_control,fail,close_position_20d_directional_decile;distance_to_20d_high_directional_decile;distance_from_20d_low_directional_decile;higher_low_slope_10d_directional_decile;stock_vs_board_20d_directional_decile;ret_20d_directional_decile;close_vs_sma20_directional_decile;stock_vs_board_5d_directional_decile;ret_5d_directional_decile,max_drawdown_20d_directional_decile;turnover_zscore_20d_directional_decile,volatility_20d_decile,liquidity_metric_decile
stock_vs_board_20d__top_40pct__AND__max_drawdown_20d__top_40pct,train,10249,33110,level_3,3.23055907893453,24,0,1.2979273038706145,insufficient_control,fail,max_drawdown_20d_directional_decile;ret_60d_directional_decile;distance_to_60d_low_directional_decile;max_drawdown_60d_directional_decile;stock_vs_board_20d_directional_decile;ret_20d_directional_decile;close_vs_sma20_directional_decile;stock_vs_board_5d_directional_decile;ret_5d_directional_decile,close_position_20d_directional_decile;turnover_zscore_20d_directional_decile,volatility_20d_decile,liquidity_metric_decile
stock_vs_board_20d__top_40pct__AND__max_drawdown_20d__top_40pct,validation,7534,13636,level_3,1.8099283249269975,16,0,1.6304293970878563,insufficient_control,fail,max_drawdown_20d_directional_decile;ret_60d_directional_decile;distance_to_60d_low_directional_decile;max_drawdown_60d_directional_decile;stock_vs_board_20d_directional_decile;ret_20d_directional_decile;close_vs_sma20_directional_decile;stock_vs_board_5d_directional_decile;ret_5d_directional_decile,close_position_20d_directional_decile;turnover_zscore_20d_directional_decile,volatility_20d_decile,liquidity_metric_decile
stock_vs_board_20d__top_40pct__AND__max_drawdown_20d__top_40pct,robustness,14609,32144,level_3,2.2002874940105412,15,0,1.525154993462759,insufficient_control,fail,max_drawdown_20d_directional_decile;ret_60d_directional_decile;distance_to_60d_low_directional_decile;max_drawdown_60d_directional_decile;stock_vs_board_20d_directional_decile;ret_20d_directional_decile;close_vs_sma20_directional_decile;stock_vs_board_5d_directional_decile;ret_5d_directional_decile,close_position_20d_directional_decile;turnover_zscore_20d_directional_decile,volatility_20d_decile,liquidity_metric_decile
stock_vs_board_20d__top_30pct__AND__max_drawdown_20d__top_30pct,train,6530,36829,level_3,5.639969372128637,24,0,1.41778861977345,insufficient_control,fail,max_drawdown_20d_directional_decile;ret_60d_directional_decile;distance_to_60d_low_directional_decile;max_drawdown_60d_directional_decile;stock_vs_board_20d_directional_decile;ret_20d_directional_decile;close_vs_sma20_directional_decile;stock_vs_board_5d_directional_decile;ret_5d_directional_decile,close_position_20d_directional_decile;turnover_zscore_20d_directional_decile,volatility_20d_decile,liquidity_metric_decile
stock_vs_board_20d__top_30pct__AND__max_drawdown_20d__top_30pct,validation,5485,15685,level_3,2.859617137648131,16,0,1.6271257839999862,insufficient_control,fail,max_drawdown_20d_directional_decile;ret_60d_directional_decile;distance_to_60d_low_directional_decile;max_drawdown_60d_directional_decile;stock_vs_board_20d_directional_decile;ret_20d_directional_decile;close_vs_sma20_directional_decile;stock_vs_board_5d_directional_decile;ret_5d_directional_decile,close_position_20d_directional_decile;turnover_zscore_20d_directional_decile,volatility_20d_decile,liquidity_metric_decile
stock_vs_board_20d__top_30pct__AND__max_drawdown_20d__top_30pct,robustness,9663,37090,level_3,3.8383524785263377,15,0,1.5745329508054215,insufficient_control,fail,max_drawdown_20d_directional_decile;ret_60d_directional_decile;distance_to_60d_low_directional_decile;max_drawdown_60d_directional_decile;stock_vs_board_20d_directional_decile;ret_20d_directional_decile;close_vs_sma20_directional_decile;stock_vs_board_5d_directional_decile;ret_5d_directional_decile,close_position_20d_directional_decile;turnover_zscore_20d_directional_decile,volatility_20d_decile,liquidity_metric_decile
stock_vs_board_20d__top_40pct__AND__ret_60d__top_40pct,train,8937,34422,level_3,3.8516280631084254,24,0,0.9912988408708729,insufficient_control,fail,max_drawdown_20d_directional_decile;ret_60d_directional_decile;distance_to_60d_low_directional_decile;max_drawdown_60d_directional_decile;stock_vs_board_20d_directional_decile;ret_20d_directional_decile;close_vs_sma20_directional_decile;stock_vs_board_5d_directional_decile;ret_5d_directional_decile,close_position_20d_directional_decile;turnover_zscore_20d_directional_decile,volatility_20d_decile,liquidity_metric_decile
stock_vs_board_20d__top_40pct__AND__ret_60d__top_40pct,validation,8033,13125,level_3,1.6338852234532553,15,0,1.248018185802352,insufficient_control,fail,max_drawdown_20d_directional_decile;ret_60d_directional_decile;distance_to_60d_low_directional_decile;max_drawdown_60d_directional_decile;stock_vs_board_20d_directional_decile;ret_20d_directional_decile;close_vs_sma20_directional_decile;stock_vs_board_5d_directional_decile;ret_5d_directional_decile,close_position_20d_directional_decile;turnover_zscore_20d_directional_decile,volatility_20d_decile,liquidity_metric_decile
stock_vs_board_20d__top_40pct__AND__ret_60d__top_40pct,robustness,15200,31570,level_3,2.076973684210526,16,0,1.2478884120384486,insufficient_control,fail,max_drawdown_20d_directional_decile;ret_60d_directional_decile;distance_to_60d_low_directional_decile;max_drawdown_60d_directional_decile;stock_vs_board_20d_directional_decile;ret_20d_directional_decile;close_vs_sma20_directional_decile;stock_vs_board_5d_directional_decile;ret_5d_directional_decile,close_position_20d_directional_decile;turnover_zscore_20d_directional_decile,volatility_20d_decile,liquidity_metric_decile
stock_vs_board_20d__top_30pct__AND__ret_60d__top_30pct,train,5666,37693,level_3,6.652488528062125,24,0,1.1144705130920296,insufficient_control,fail,max_drawdown_20d_directional_decile;ret_60d_directional_decile;distance_to_60d_low_directional_decile;max_drawdown_60d_directional_decile;stock_vs_board_20d_directional_decile;ret_20d_directional_decile;close_vs_sma20_directional_decile;stock_vs_board_5d_directional_decile;ret_5d_directional_decile,close_position_20d_directional_decile;turnover_zscore_20d_directional_decile,volatility_20d_decile,liquidity_metric_decile
stock_vs_board_20d__top_30pct__AND__ret_60d__top_30pct,validation,5471,15687,level_3,2.8673003107293,15,0,1.2851683236826261,insufficient_control,fail,max_drawdown_20d_directional_decile;ret_60d_directional_decile;distance_to_60d_low_directional_decile;max_drawdown_60d_directional_decile;stock_vs_board_20d_directional_decile;ret_20d_directional_decile;close_vs_sma20_directional_decile;stock_vs_board_5d_directional_decile;ret_5d_directional_decile,close_position_20d_directional_decile;turnover_zscore_20d_directional_decile,volatility_20d_decile,liquidity_metric_decile
stock_vs_board_20d__top_30pct__AND__ret_60d__top_30pct,robustness,11125,35628,level_3,3.2025168539325843,15,0,1.3113585495062776,insufficient_control,fail,max_drawdown_20d_directional_decile;ret_60d_directional_decile;distance_to_60d_low_directional_decile;max_drawdown_60d_directional_decile;stock_vs_board_20d_directional_decile;ret_20d_directional_decile;close_vs_sma20_directional_decile;stock_vs_board_5d_directional_decile;ret_5d_directional_decile,close_position_20d_directional_decile;turnover_zscore_20d_directional_decile,volatility_20d_decile,liquidity_metric_decile
stock_vs_board_20d__top_40pct__AND__distance_to_60d_low__top_40pct,train,10279,33080,level_3,3.218211888315984,24,0,1.3725835158639856,insufficient_control,fail,max_drawdown_20d_directional_decile;ret_60d_directional_decile;distance_to_60d_low_directional_decile;max_drawdown_60d_directional_decile;stock_vs_board_20d_directional_decile;ret_20d_directional_decile;close_vs_sma20_directional_decile;stock_vs_board_5d_directional_decile;ret_5d_directional_decile,close_position_20d_directional_decile;turnover_zscore_20d_directional_decile,volatility_20d_decile,liquidity_metric_decile
stock_vs_board_20d__top_40pct__AND__distance_to_60d_low__top_40pct,validation,8097,13073,level_3,1.614548598246264,16,0,1.5158183601181696,insufficient_control,fail,max_drawdown_20d_directional_decile;ret_60d_directional_decile;distance_to_60d_low_directional_decile;max_drawdown_60d_directional_decile;stock_vs_board_20d_directional_decile;ret_20d_directional_decile;close_vs_sma20_directional_decile;stock_vs_board_5d_directional_decile;ret_5d_directional_decile,close_position_20d_directional_decile;turnover_zscore_20d_directional_decile,volatility_20d_decile,liquidity_metric_decile
stock_vs_board_20d__top_40pct__AND__distance_to_60d_low__top_40pct,robustness,16796,29957,level_3,1.7835794236723028,15,0,1.403480979379905,insufficient_control,fail,max_drawdown_20d_directional_decile;ret_60d_directional_decile;distance_to_60d_low_directional_decile;max_drawdown_60d_directional_decile;stock_vs_board_20d_directional_decile;ret_20d_directional_decile;close_vs_sma20_directional_decile;stock_vs_board_5d_directional_decile;ret_5d_directional_decile,close_position_20d_directional_decile;turnover_zscore_20d_directional_decile,volatility_20d_decile,liquidity_metric_decile
stock_vs_board_20d__top_30pct__AND__distance_to_60d_low__top_30pct,train,6885,36474,level_3,5.29760348583878,24,0,1.4325076627283544,insufficient_control,fail,max_drawdown_20d_directional_decile;ret_60d_directional_decile;distance_to_60d_low_directional_decile;max_drawdown_60d_directional_decile;stock_vs_board_20d_directional_decile;ret_20d_directional_decile;close_vs_sma20_directional_decile;stock_vs_board_5d_directional_decile;ret_5d_directional_decile,close_position_20d_directional_decile;turnover_zscore_20d_directional_decile,volatility_20d_decile,liquidity_metric_decile
stock_vs_board_20d__top_30pct__AND__distance_to_60d_low__top_30pct,validation,5688,15482,level_3,2.7218706047819974,16,0,1.4833752501611353,insufficient_control,fail,max_drawdown_20d_directional_decile;ret_60d_directional_decile;distance_to_60d_low_directional_decile;max_drawdown_60d_directional_decile;stock_vs_board_20d_directional_decile;ret_20d_directional_decile;close_vs_sma20_directional_decile;stock_vs_board_5d_directional_decile;ret_5d_directional_decile,close_position_20d_directional_decile;turnover_zscore_20d_directional_decile,volatility_20d_decile,liquidity_metric_decile
stock_vs_board_20d__top_30pct__AND__distance_to_60d_low__top_30pct,robustness,12364,34389,level_3,2.7813814299579422,15,0,1.4044763186820726,insufficient_control,fail,max_drawdown_20d_directional_decile;ret_60d_directional_decile;distance_to_60d_low_directional_decile;max_drawdown_60d_directional_decile;stock_vs_board_20d_directional_decile;ret_20d_directional_decile;close_vs_sma20_directional_decile;stock_vs_board_5d_directional_decile;ret_5d_directional_decile,close_position_20d_directional_decile;turnover_zscore_20d_directional_decile,volatility_20d_decile,liquidity_metric_decile
ret_20d__top_40pct__AND__max_drawdown_20d__top_40pct,train,12218,31141,level_3,2.548780487804878,24,0,1.7822248230100755,insufficient_control,fail,max_drawdown_20d_directional_decile;ret_60d_directional_decile;distance_to_60d_low_directional_decile;max_drawdown_60d_directional_decile;stock_vs_board_20d_directional_decile;ret_20d_directional_decile;close_vs_sma20_directional_decile;stock_vs_board_5d_directional_decile;ret_5d_directional_decile,close_position_20d_directional_decile;turnover_zscore_20d_directional_decile,volatility_20d_decile,liquidity_metric_decile
ret_20d__top_40pct__AND__max_drawdown_20d__top_40pct,validation,6869,14301,level_3,2.0819624399475907,16,0,1.9127380321316882,insufficient_control,fail,max_drawdown_20d_directional_decile;ret_60d_directional_decile;distance_to_60d_low_directional_decile;max_drawdown_60d_directional_decile;stock_vs_board_20d_directional_decile;ret_20d_directional_decile;close_vs_sma20_directional_decile;stock_vs_board_5d_directional_decile;ret_5d_directional_decile,close_position_20d_directional_decile;turnover_zscore_20d_directional_decile,volatility_20d_decile,liquidity_metric_decile
ret_20d__top_40pct__AND__max_drawdown_20d__top_40pct,robustness,14807,31963,level_3,2.1586411832241508,16,0,1.868901743816266,insufficient_control,fail,max_drawdown_20d_directional_decile;ret_60d_directional_decile;distance_to_60d_low_directional_decile;max_drawdown_60d_directional_decile;stock_vs_board_20d_directional_decile;ret_20d_directional_decile;close_vs_sma20_directional_decile;stock_vs_board_5d_directional_decile;ret_5d_directional_decile,close_position_20d_directional_decile;turnover_zscore_20d_directional_decile,volatility_20d_decile,liquidity_metric_decile
ret_20d__top_30pct__AND__max_drawdown_20d__top_30pct,train,7729,35630,level_3,4.609910725837754,24,0,1.8456671972502245,insufficient_control,fail,max_drawdown_20d_directional_decile;ret_60d_directional_decile;distance_to_60d_low_directional_decile;max_drawdown_60d_directional_decile;stock_vs_board_20d_directional_decile;ret_20d_directional_decile;close_vs_sma20_directional_decile;stock_vs_board_5d_directional_decile;ret_5d_directional_decile,close_position_20d_directional_decile;turnover_zscore_20d_directional_decile,volatility_20d_decile,liquidity_metric_decile
ret_20d__top_30pct__AND__max_drawdown_20d__top_30pct,validation,4887,16283,level_3,3.331900961735216,16,0,1.8515892618527041,insufficient_control,fail,max_drawdown_20d_directional_decile;ret_60d_directional_decile;distance_to_60d_low_directional_decile;max_drawdown_60d_directional_decile;stock_vs_board_20d_directional_decile;ret_20d_directional_decile;close_vs_sma20_directional_decile;stock_vs_board_5d_directional_decile;ret_5d_directional_decile,close_position_20d_directional_decile;turnover_zscore_20d_directional_decile,volatility_20d_decile,liquidity_metric_decile
ret_20d__top_30pct__AND__max_drawdown_20d__top_30pct,robustness,9461,37292,level_3,3.9416552161505125,15,0,1.8453579320883893,insufficient_control,fail,max_drawdown_20d_directional_decile;ret_60d_directional_decile;distance_to_60d_low_directional_decile;max_drawdown_60d_directional_decile;stock_vs_board_20d_directional_decile;ret_20d_directional_decile;close_vs_sma20_directional_decile;stock_vs_board_5d_directional_decile;ret_5d_directional_decile,close_position_20d_directional_decile;turnover_zscore_20d_directional_decile,volatility_20d_decile,liquidity_metric_decile
ret_20d__top_40pct__AND__ret_60d__top_40pct,train,9790,33569,level_3,3.428907048008172,24,0,1.562819865393327,insufficient_control,fail,max_drawdown_20d_directional_decile;ret_60d_directional_decile;distance_to_60d_low_directional_decile;max_drawdown_60d_directional_decile;stock_vs_board_20d_directional_decile;ret_20d_directional_decile;close_vs_sma20_directional_decile;stock_vs_board_5d_directional_decile;ret_5d_directional_decile,close_position_20d_directional_decile;turnover_zscore_20d_directional_decile,volatility_20d_decile,liquidity_metric_decile
ret_20d__top_40pct__AND__ret_60d__top_40pct,validation,6333,14825,level_3,2.3409126796147164,15,0,1.6643453803037607,insufficient_control,fail,max_drawdown_20d_directional_decile;ret_60d_directional_decile;distance_to_60d_low_directional_decile;max_drawdown_60d_directional_decile;stock_vs_board_20d_directional_decile;ret_20d_directional_decile;close_vs_sma20_directional_decile;stock_vs_board_5d_directional_decile;ret_5d_directional_decile,close_position_20d_directional_decile;turnover_zscore_20d_directional_decile,volatility_20d_decile,liquidity_metric_decile
ret_20d__top_40pct__AND__ret_60d__top_40pct,robustness,14936,31834,level_3,2.131360471344403,16,0,1.599207762450704,insufficient_control,fail,max_drawdown_20d_directional_decile;ret_60d_directional_decile;distance_to_60d_low_directional_decile;max_drawdown_60d_directional_decile;stock_vs_board_20d_directional_decile;ret_20d_directional_decile;close_vs_sma20_directional_decile;stock_vs_board_5d_directional_decile;ret_5d_directional_decile,close_position_20d_directional_decile;turnover_zscore_20d_directional_decile,volatility_20d_decile,liquidity_metric_decile
ret_20d__top_30pct__AND__ret_60d__top_30pct,train,6432,36927,level_3,5.741138059701493,24,0,1.6414831095571507,insufficient_control,fail,max_drawdown_20d_directional_decile;ret_60d_directional_decile;distance_to_60d_low_directional_decile;max_drawdown_60d_directional_decile;stock_vs_board_20d_directional_decile;ret_20d_directional_decile;close_vs_sma20_directional_decile;stock_vs_board_5d_directional_decile;ret_5d_directional_decile,close_position_20d_directional_decile;turnover_zscore_20d_directional_decile,volatility_20d_decile,liquidity_metric_decile
ret_20d__top_30pct__AND__ret_60d__top_30pct,validation,4239,16919,level_3,3.9912715263033736,15,0,1.6256229770162933,insufficient_control,fail,max_drawdown_20d_directional_decile;ret_60d_directional_decile;distance_to_60d_low_directional_decile;max_drawdown_60d_directional_decile;stock_vs_board_20d_directional_decile;ret_20d_directional_decile;close_vs_sma20_directional_decile;stock_vs_board_5d_directional_decile;ret_5d_directional_decile,close_position_20d_directional_decile;turnover_zscore_20d_directional_decile,volatility_20d_decile,liquidity_metric_decile
ret_20d__top_30pct__AND__ret_60d__top_30pct,robustness,10351,36402,level_3,3.5167616655395615,15,0,1.6496403617866036,insufficient_control,fail,max_drawdown_20d_directional_decile;ret_60d_directional_decile;distance_to_60d_low_directional_decile;max_drawdown_60d_directional_decile;stock_vs_board_20d_directional_decile;ret_20d_directional_decile;close_vs_sma20_directional_decile;stock_vs_board_5d_directional_decile;ret_5d_directional_decile,close_position_20d_directional_decile;turnover_zscore_20d_directional_decile,volatility_20d_decile,liquidity_metric_decile
ret_20d__top_40pct__AND__distance_to_60d_low__top_40pct,train,11964,31395,level_3,2.624122367101304,24,0,1.8781282743687595,insufficient_control,fail,max_drawdown_20d_directional_decile;ret_60d_directional_decile;distance_to_60d_low_directional_decile;max_drawdown_60d_directional_decile;stock_vs_board_20d_directional_decile;ret_20d_directional_decile;close_vs_sma20_directional_decile;stock_vs_board_5d_directional_decile;ret_5d_directional_decile,close_position_20d_directional_decile;turnover_zscore_20d_directional_decile,volatility_20d_decile,liquidity_metric_decile
ret_20d__top_40pct__AND__distance_to_60d_low__top_40pct,validation,7004,14166,level_3,2.022558537978298,16,0,1.8074960013835897,insufficient_control,fail,max_drawdown_20d_directional_decile;ret_60d_directional_decile;distance_to_60d_low_directional_decile;max_drawdown_60d_directional_decile;stock_vs_board_20d_directional_decile;ret_20d_directional_decile;close_vs_sma20_directional_decile;stock_vs_board_5d_directional_decile;ret_5d_directional_decile,close_position_20d_directional_decile;turnover_zscore_20d_directional_decile,volatility_20d_decile,liquidity_metric_decile
ret_20d__top_40pct__AND__distance_to_60d_low__top_40pct,robustness,16226,30544,level_3,1.8824109453962776,16,0,1.808237934821305,insufficient_control,fail,max_drawdown_20d_directional_decile;ret_60d_directional_decile;distance_to_60d_low_directional_decile;max_drawdown_60d_directional_decile;stock_vs_board_20d_directional_decile;ret_20d_directional_decile;close_vs_sma20_directional_decile;stock_vs_board_5d_directional_decile;ret_5d_directional_decile,close_position_20d_directional_decile;turnover_zscore_20d_directional_decile,volatility_20d_decile,liquidity_metric_decile
ret_20d__top_30pct__AND__distance_to_60d_low__top_30pct,train,8273,35086,level_3,4.241025021153149,24,0,1.860105069517581,insufficient_control,fail,max_drawdown_20d_directional_decile;ret_60d_directional_decile;distance_to_60d_low_directional_decile;max_drawdown_60d_directional_decile;stock_vs_board_20d_directional_decile;ret_20d_directional_decile;close_vs_sma20_directional_decile;stock_vs_board_5d_directional_decile;ret_5d_directional_decile,close_position_20d_directional_decile;turnover_zscore_20d_directional_decile,volatility_20d_decile,liquidity_metric_decile
ret_20d__top_30pct__AND__distance_to_60d_low__top_30pct,validation,4927,16243,level_3,3.2967322914552466,16,0,1.7395992700005563,insufficient_control,fail,max_drawdown_20d_directional_decile;ret_60d_directional_decile;distance_to_60d_low_directional_decile;max_drawdown_60d_directional_decile;stock_vs_board_20d_directional_decile;ret_20d_directional_decile;close_vs_sma20_directional_decile;stock_vs_board_5d_directional_decile;ret_5d_directional_decile,close_position_20d_directional_decile;turnover_zscore_20d_directional_decile,volatility_20d_decile,liquidity_metric_decile
ret_20d__top_30pct__AND__distance_to_60d_low__top_30pct,robustness,11390,35363,level_3,3.1047410008779632,15,0,1.7697543806868241,insufficient_control,fail,max_drawdown_20d_directional_decile;ret_60d_directional_decile;distance_to_60d_low_directional_decile;max_drawdown_60d_directional_decile;stock_vs_board_20d_directional_decile;ret_20d_directional_decile;close_vs_sma20_directional_decile;stock_vs_board_5d_directional_decile;ret_5d_directional_decile,close_position_20d_directional_decile;turnover_zscore_20d_directional_decile,volatility_20d_decile,liquidity_metric_decile
close_vs_sma20__top_40pct__AND__max_drawdown_20d__top_40pct,train,11361,31998,level_3,2.816477422762081,24,0,2.0862980898150663,insufficient_control,fail,max_drawdown_20d_directional_decile;ret_60d_directional_decile;distance_to_60d_low_directional_decile;max_drawdown_60d_directional_decile;stock_vs_board_20d_directional_decile;ret_20d_directional_decile;close_vs_sma20_directional_decile;stock_vs_board_5d_directional_decile;ret_5d_directional_decile,close_position_20d_directional_decile;turnover_zscore_20d_directional_decile,volatility_20d_decile,liquidity_metric_decile
close_vs_sma20__top_40pct__AND__max_drawdown_20d__top_40pct,validation,6310,14860,level_3,2.3549920760697307,16,0,2.2197173801307364,insufficient_control,fail,max_drawdown_20d_directional_decile;ret_60d_directional_decile;distance_to_60d_low_directional_decile;max_drawdown_60d_directional_decile;stock_vs_board_20d_directional_decile;ret_20d_directional_decile;close_vs_sma20_directional_decile;stock_vs_board_5d_directional_decile;ret_5d_directional_decile,close_position_20d_directional_decile;turnover_zscore_20d_directional_decile,volatility_20d_decile,liquidity_metric_decile
close_vs_sma20__top_40pct__AND__max_drawdown_20d__top_40pct,robustness,13900,32870,level_3,2.364748201438849,16,0,2.2279455604870524,insufficient_control,fail,max_drawdown_20d_directional_decile;ret_60d_directional_decile;distance_to_60d_low_directional_decile;max_drawdown_60d_directional_decile;stock_vs_board_20d_directional_decile;ret_20d_directional_decile;close_vs_sma20_directional_decile;stock_vs_board_5d_directional_decile;ret_5d_directional_decile,close_position_20d_directional_decile;turnover_zscore_20d_directional_decile,volatility_20d_decile,liquidity_metric_decile
close_vs_sma20__top_30pct__AND__max_drawdown_20d__top_30pct,train,7329,36030,level_3,4.916086778550962,24,0,2.0443190670711497,insufficient_control,fail,max_drawdown_20d_directional_decile;ret_60d_directional_decile;distance_to_60d_low_directional_decile;max_drawdown_60d_directional_decile;stock_vs_board_20d_directional_decile;ret_20d_directional_decile;close_vs_sma20_directional_decile;stock_vs_board_5d_directional_decile;ret_5d_directional_decile,close_position_20d_directional_decile;turnover_zscore_20d_directional_decile,volatility_20d_decile,liquidity_metric_decile
close_vs_sma20__top_30pct__AND__max_drawdown_20d__top_30pct,validation,4266,16892,level_3,3.9596812001875294,15,0,2.081860444503603,insufficient_control,fail,max_drawdown_20d_directional_decile;ret_60d_directional_decile;distance_to_60d_low_directional_decile;max_drawdown_60d_directional_decile;stock_vs_board_20d_directional_decile;ret_20d_directional_decile;close_vs_sma20_directional_decile;stock_vs_board_5d_directional_decile;ret_5d_directional_decile,close_position_20d_directional_decile;turnover_zscore_20d_directional_decile,volatility_20d_decile,liquidity_metric_decile
close_vs_sma20__top_30pct__AND__max_drawdown_20d__top_30pct,robustness,8792,37961,level_3,4.317675159235669,15,0,2.098041438184094,insufficient_control,fail,max_drawdown_20d_directional_decile;ret_60d_directional_decile;distance_to_60d_low_directional_decile;max_drawdown_60d_directional_decile;stock_vs_board_20d_directional_decile;ret_20d_directional_decile;close_vs_sma20_directional_decile;stock_vs_board_5d_directional_decile;ret_5d_directional_decile,close_position_20d_directional_decile;turnover_zscore_20d_directional_decile,volatility_20d_decile,liquidity_metric_decile
close_vs_sma20__top_40pct__AND__ret_60d__top_40pct,train,9550,33809,level_3,3.54020942408377,24,0,1.8920553981046984,insufficient_control,fail,max_drawdown_20d_directional_decile;ret_60d_directional_decile;distance_to_60d_low_directional_decile;max_drawdown_60d_directional_decile;stock_vs_board_20d_directional_decile;ret_20d_directional_decile;close_vs_sma20_directional_decile;stock_vs_board_5d_directional_decile;ret_5d_directional_decile,close_position_20d_directional_decile;turnover_zscore_20d_directional_decile,volatility_20d_decile,liquidity_metric_decile
close_vs_sma20__top_40pct__AND__ret_60d__top_40pct,validation,6359,14799,level_3,2.3272527126906746,15,0,2.0758180432559925,insufficient_control,fail,max_drawdown_20d_directional_decile;ret_60d_directional_decile;distance_to_60d_low_directional_decile;max_drawdown_60d_directional_decile;stock_vs_board_20d_directional_decile;ret_20d_directional_decile;close_vs_sma20_directional_decile;stock_vs_board_5d_directional_decile;ret_5d_directional_decile,close_position_20d_directional_decile;turnover_zscore_20d_directional_decile,volatility_20d_decile,liquidity_metric_decile
close_vs_sma20__top_40pct__AND__ret_60d__top_40pct,robustness,14010,32760,level_3,2.3383297644539613,16,0,2.0857871435170194,insufficient_control,fail,max_drawdown_20d_directional_decile;ret_60d_directional_decile;distance_to_60d_low_directional_decile;max_drawdown_60d_directional_decile;stock_vs_board_20d_directional_decile;ret_20d_directional_decile;close_vs_sma20_directional_decile;stock_vs_board_5d_directional_decile;ret_5d_directional_decile,close_position_20d_directional_decile;turnover_zscore_20d_directional_decile,volatility_20d_decile,liquidity_metric_decile
close_vs_sma20__top_30pct__AND__ret_60d__top_30pct,train,6302,37057,level_3,5.880196762932402,24,0,1.9274542629988567,insufficient_control,fail,max_drawdown_20d_directional_decile;ret_60d_directional_decile;distance_to_60d_low_directional_decile;max_drawdown_60d_directional_decile;stock_vs_board_20d_directional_decile;ret_20d_directional_decile;close_vs_sma20_directional_decile;stock_vs_board_5d_directional_decile;ret_5d_directional_decile,close_position_20d_directional_decile;turnover_zscore_20d_directional_decile,volatility_20d_decile,liquidity_metric_decile
close_vs_sma20__top_30pct__AND__ret_60d__top_30pct,validation,4154,17004,level_3,4.093403948001926,15,0,2.013949182328851,insufficient_control,fail,max_drawdown_20d_directional_decile;ret_60d_directional_decile;distance_to_60d_low_directional_decile;max_drawdown_60d_directional_decile;stock_vs_board_20d_directional_decile;ret_20d_directional_decile;close_vs_sma20_directional_decile;stock_vs_board_5d_directional_decile;ret_5d_directional_decile,close_position_20d_directional_decile;turnover_zscore_20d_directional_decile,volatility_20d_decile,liquidity_metric_decile
close_vs_sma20__top_30pct__AND__ret_60d__top_30pct,robustness,9702,37051,level_3,3.818903318903319,15,0,2.083015392713202,insufficient_control,fail,max_drawdown_20d_directional_decile;ret_60d_directional_decile;distance_to_60d_low_directional_decile;max_drawdown_60d_directional_decile;stock_vs_board_20d_directional_decile;ret_20d_directional_decile;close_vs_sma20_directional_decile;stock_vs_board_5d_directional_decile;ret_5d_directional_decile,close_position_20d_directional_decile;turnover_zscore_20d_directional_decile,volatility_20d_decile,liquidity_metric_decile
close_vs_sma20__top_40pct__AND__distance_to_60d_low__top_40pct,train,11806,31553,level_3,2.6726240894460442,24,0,2.202720587226985,insufficient_control,fail,max_drawdown_20d_directional_decile;ret_60d_directional_decile;distance_to_60d_low_directional_decile;max_drawdown_60d_directional_decile;stock_vs_board_20d_directional_decile;ret_20d_directional_decile;close_vs_sma20_directional_decile;stock_vs_board_5d_directional_decile;ret_5d_directional_decile,close_position_20d_directional_decile;turnover_zscore_20d_directional_decile,volatility_20d_decile,liquidity_metric_decile
close_vs_sma20__top_40pct__AND__distance_to_60d_low__top_40pct,validation,6840,14330,level_3,2.095029239766082,16,0,2.248225573114922,insufficient_control,fail,max_drawdown_20d_directional_decile;ret_60d_directional_decile;distance_to_60d_low_directional_decile;max_drawdown_60d_directional_decile;stock_vs_board_20d_directional_decile;ret_20d_directional_decile;close_vs_sma20_directional_decile;stock_vs_board_5d_directional_decile;ret_5d_directional_decile,close_position_20d_directional_decile;turnover_zscore_20d_directional_decile,volatility_20d_decile,liquidity_metric_decile
close_vs_sma20__top_40pct__AND__distance_to_60d_low__top_40pct,robustness,15325,31445,level_3,2.0518760195758565,16,0,2.3063517161550826,insufficient_control,fail,max_drawdown_20d_directional_decile;ret_60d_directional_decile;distance_to_60d_low_directional_decile;max_drawdown_60d_directional_decile;stock_vs_board_20d_directional_decile;ret_20d_directional_decile;close_vs_sma20_directional_decile;stock_vs_board_5d_directional_decile;ret_5d_directional_decile,close_position_20d_directional_decile;turnover_zscore_20d_directional_decile,volatility_20d_decile,liquidity_metric_decile
close_vs_sma20__top_30pct__AND__distance_to_60d_low__top_30pct,train,8090,35269,level_3,4.359579728059333,24,0,2.1263862506023896,insufficient_control,fail,max_drawdown_20d_directional_decile;ret_60d_directional_decile;distance_to_60d_low_directional_decile;max_drawdown_60d_directional_decile;stock_vs_board_20d_directional_decile;ret_20d_directional_decile;close_vs_sma20_directional_decile;stock_vs_board_5d_directional_decile;ret_5d_directional_decile,close_position_20d_directional_decile;turnover_zscore_20d_directional_decile,volatility_20d_decile,liquidity_metric_decile
close_vs_sma20__top_30pct__AND__distance_to_60d_low__top_30pct,validation,4636,16522,level_3,3.563848144952545,15,0,2.085683419217293,insufficient_control,fail,max_drawdown_20d_directional_decile;ret_60d_directional_decile;distance_to_60d_low_directional_decile;max_drawdown_60d_directional_decile;stock_vs_board_20d_directional_decile;ret_20d_directional_decile;close_vs_sma20_directional_decile;stock_vs_board_5d_directional_decile;ret_5d_directional_decile,close_position_20d_directional_decile;turnover_zscore_20d_directional_decile,volatility_20d_decile,liquidity_metric_decile
close_vs_sma20__top_30pct__AND__distance_to_60d_low__top_30pct,robustness,10606,36147,level_3,3.4081651895153686,15,0,2.196672752107435,insufficient_control,fail,max_drawdown_20d_directional_decile;ret_60d_directional_decile;distance_to_60d_low_directional_decile;max_drawdown_60d_directional_decile;stock_vs_board_20d_directional_decile;ret_20d_directional_decile;close_vs_sma20_directional_decile;stock_vs_board_5d_directional_decile;ret_5d_directional_decile,close_position_20d_directional_decile;turnover_zscore_20d_directional_decile,volatility_20d_decile,liquidity_metric_decile
stock_vs_board_20d__top_40pct__AND__turnover_zscore_20d__top_40pct,train,7836,35523,level_3,4.533307810107198,24,0,1.31907859785439,insufficient_control,fail,turnover_zscore_20d_directional_decile;volume_up_price_not_down_5d_directional_decile;amount_ratio_5d_20d_directional_decile;up_day_volume_share_20d_directional_decile;money_median_5d_vs_20d_directional_decile;stock_vs_board_20d_directional_decile;ret_20d_directional_decile;close_vs_sma20_directional_decile;stock_vs_board_5d_directional_decile;ret_5d_directional_decile,close_position_20d_directional_decile;max_drawdown_20d_directional_decile,volatility_20d_decile,liquidity_metric_decile
stock_vs_board_20d__top_40pct__AND__turnover_zscore_20d__top_40pct,validation,4821,16349,level_3,3.3912051441609625,16,0,1.444903377862377,insufficient_control,fail,turnover_zscore_20d_directional_decile;volume_up_price_not_down_5d_directional_decile;amount_ratio_5d_20d_directional_decile;up_day_volume_share_20d_directional_decile;money_median_5d_vs_20d_directional_decile;stock_vs_board_20d_directional_decile;ret_20d_directional_decile;close_vs_sma20_directional_decile;stock_vs_board_5d_directional_decile;ret_5d_directional_decile,close_position_20d_directional_decile;max_drawdown_20d_directional_decile,volatility_20d_decile,liquidity_metric_decile
stock_vs_board_20d__top_40pct__AND__turnover_zscore_20d__top_40pct,robustness,8426,38344,level_3,4.550676477569428,16,0,1.3067898451680717,insufficient_control,fail,turnover_zscore_20d_directional_decile;volume_up_price_not_down_5d_directional_decile;amount_ratio_5d_20d_directional_decile;up_day_volume_share_20d_directional_decile;money_median_5d_vs_20d_directional_decile;stock_vs_board_20d_directional_decile;ret_20d_directional_decile;close_vs_sma20_directional_decile;stock_vs_board_5d_directional_decile;ret_5d_directional_decile,close_position_20d_directional_decile;max_drawdown_20d_directional_decile,volatility_20d_decile,liquidity_metric_decile
stock_vs_board_20d__top_30pct__AND__turnover_zscore_20d__top_30pct,train,4722,38637,level_3,8.182337992376112,24,0,1.454383519988476,insufficient_control,fail,turnover_zscore_20d_directional_decile;volume_up_price_not_down_5d_directional_decile;amount_ratio_5d_20d_directional_decile;up_day_volume_share_20d_directional_decile;money_median_5d_vs_20d_directional_decile;stock_vs_board_20d_directional_decile;ret_20d_directional_decile;close_vs_sma20_directional_decile;stock_vs_board_5d_directional_decile;ret_5d_directional_decile,close_position_20d_directional_decile;max_drawdown_20d_directional_decile,volatility_20d_decile,liquidity_metric_decile
stock_vs_board_20d__top_30pct__AND__turnover_zscore_20d__top_30pct,validation,3132,18038,level_3,5.7592592592592595,16,0,1.5819024387141996,insufficient_control,fail,turnover_zscore_20d_directional_decile;volume_up_price_not_down_5d_directional_decile;amount_ratio_5d_20d_directional_decile;up_day_volume_share_20d_directional_decile;money_median_5d_vs_20d_directional_decile;stock_vs_board_20d_directional_decile;ret_20d_directional_decile;close_vs_sma20_directional_decile;stock_vs_board_5d_directional_decile;ret_5d_directional_decile,close_position_20d_directional_decile;max_drawdown_20d_directional_decile,volatility_20d_decile,liquidity_metric_decile
stock_vs_board_20d__top_30pct__AND__turnover_zscore_20d__top_30pct,robustness,5114,41639,level_3,8.142158779820102,15,0,1.4229085107477852,insufficient_control,fail,turnover_zscore_20d_directional_decile;volume_up_price_not_down_5d_directional_decile;amount_ratio_5d_20d_directional_decile;up_day_volume_share_20d_directional_decile;money_median_5d_vs_20d_directional_decile;stock_vs_board_20d_directional_decile;ret_20d_directional_decile;close_vs_sma20_directional_decile;stock_vs_board_5d_directional_decile;ret_5d_directional_decile,close_position_20d_directional_decile;max_drawdown_20d_directional_decile,volatility_20d_decile,liquidity_metric_decile
stock_vs_board_20d__top_40pct__AND__volume_up_price_not_down_5d__top_40pct,train,8849,34510,level_3,3.8998756921686066,24,0,1.367238927150255,insufficient_control,fail,turnover_zscore_20d_directional_decile;volume_up_price_not_down_5d_directional_decile;amount_ratio_5d_20d_directional_decile;up_day_volume_share_20d_directional_decile;money_median_5d_vs_20d_directional_decile;stock_vs_board_20d_directional_decile;ret_20d_directional_decile;close_vs_sma20_directional_decile;stock_vs_board_5d_directional_decile;ret_5d_directional_decile,close_position_20d_directional_decile;max_drawdown_20d_directional_decile,volatility_20d_decile,liquidity_metric_decile
stock_vs_board_20d__top_40pct__AND__volume_up_price_not_down_5d__top_40pct,validation,5764,15406,level_3,2.672796668979875,16,0,1.5987563430599478,insufficient_control,fail,turnover_zscore_20d_directional_decile;volume_up_price_not_down_5d_directional_decile;amount_ratio_5d_20d_directional_decile;up_day_volume_share_20d_directional_decile;money_median_5d_vs_20d_directional_decile;stock_vs_board_20d_directional_decile;ret_20d_directional_decile;close_vs_sma20_directional_decile;stock_vs_board_5d_directional_decile;ret_5d_directional_decile,close_position_20d_directional_decile;max_drawdown_20d_directional_decile,volatility_20d_decile,liquidity_metric_decile
stock_vs_board_20d__top_40pct__AND__volume_up_price_not_down_5d__top_40pct,robustness,10558,36195,level_3,3.428206099640083,15,0,1.6062101558640598,insufficient_control,fail,turnover_zscore_20d_directional_decile;volume_up_price_not_down_5d_directional_decile;amount_ratio_5d_20d_directional_decile;up_day_volume_share_20d_directional_decile;money_median_5d_vs_20d_directional_decile;stock_vs_board_20d_directional_decile;ret_20d_directional_decile;close_vs_sma20_directional_decile;stock_vs_board_5d_directional_decile;ret_5d_directional_decile,close_position_20d_directional_decile;max_drawdown_20d_directional_decile,volatility_20d_decile,liquidity_metric_decile
stock_vs_board_20d__top_30pct__AND__volume_up_price_not_down_5d__top_30pct,train,5526,37833,level_3,6.846362649294245,24,0,1.4834052481815572,insufficient_control,fail,turnover_zscore_20d_directional_decile;volume_up_price_not_down_5d_directional_decile;amount_ratio_5d_20d_directional_decile;up_day_volume_share_20d_directional_decile;money_median_5d_vs_20d_directional_decile;stock_vs_board_20d_directional_decile;ret_20d_directional_decile;close_vs_sma20_directional_decile;stock_vs_board_5d_directional_decile;ret_5d_directional_decile,close_position_20d_directional_decile;max_drawdown_20d_directional_decile,volatility_20d_decile,liquidity_metric_decile
stock_vs_board_20d__top_30pct__AND__volume_up_price_not_down_5d__top_30pct,validation,3844,17314,level_3,4.504162330905307,15,0,1.6734773171318316,insufficient_control,fail,turnover_zscore_20d_directional_decile;volume_up_price_not_down_5d_directional_decile;amount_ratio_5d_20d_directional_decile;up_day_volume_share_20d_directional_decile;money_median_5d_vs_20d_directional_decile;stock_vs_board_20d_directional_decile;ret_20d_directional_decile;close_vs_sma20_directional_decile;stock_vs_board_5d_directional_decile;ret_5d_directional_decile,close_position_20d_directional_decile;max_drawdown_20d_directional_decile,volatility_20d_decile,liquidity_metric_decile
stock_vs_board_20d__top_30pct__AND__volume_up_price_not_down_5d__top_30pct,robustness,6784,39969,level_3,5.891656839622642,15,0,1.6643416763508423,insufficient_control,fail,turnover_zscore_20d_directional_decile;volume_up_price_not_down_5d_directional_decile;amount_ratio_5d_20d_directional_decile;up_day_volume_share_20d_directional_decile;money_median_5d_vs_20d_directional_decile;stock_vs_board_20d_directional_decile;ret_20d_directional_decile;close_vs_sma20_directional_decile;stock_vs_board_5d_directional_decile;ret_5d_directional_decile,close_position_20d_directional_decile;max_drawdown_20d_directional_decile,volatility_20d_decile,liquidity_metric_decile
stock_vs_board_20d__top_40pct__AND__amount_ratio_5d_20d__top_40pct,train,8411,34948,level_3,4.155035073118535,24,0,1.38127352718024,insufficient_control,fail,turnover_zscore_20d_directional_decile;volume_up_price_not_down_5d_directional_decile;amount_ratio_5d_20d_directional_decile;up_day_volume_share_20d_directional_decile;money_median_5d_vs_20d_directional_decile;stock_vs_board_20d_directional_decile;ret_20d_directional_decile;close_vs_sma20_directional_decile;stock_vs_board_5d_directional_decile;ret_5d_directional_decile,close_position_20d_directional_decile;max_drawdown_20d_directional_decile,volatility_20d_decile,liquidity_metric_decile
stock_vs_board_20d__top_40pct__AND__amount_ratio_5d_20d__top_40pct,validation,5255,15915,level_3,3.0285442435775454,16,0,1.537681106270236,insufficient_control,fail,turnover_zscore_20d_directional_decile;volume_up_price_not_down_5d_directional_decile;amount_ratio_5d_20d_directional_decile;up_day_volume_share_20d_directional_decile;money_median_5d_vs_20d_directional_decile;stock_vs_board_20d_directional_decile;ret_20d_directional_decile;close_vs_sma20_directional_decile;stock_vs_board_5d_directional_decile;ret_5d_directional_decile,close_position_20d_directional_decile;max_drawdown_20d_directional_decile,volatility_20d_decile,liquidity_metric_decile
stock_vs_board_20d__top_40pct__AND__amount_ratio_5d_20d__top_40pct,robustness,8785,37968,level_3,4.32191235059761,15,0,1.3281187175922802,insufficient_control,fail,turnover_zscore_20d_directional_decile;volume_up_price_not_down_5d_directional_decile;amount_ratio_5d_20d_directional_decile;up_day_volume_share_20d_directional_decile;money_median_5d_vs_20d_directional_decile;stock_vs_board_20d_directional_decile;ret_20d_directional_decile;close_vs_sma20_directional_decile;stock_vs_board_5d_directional_decile;ret_5d_directional_decile,close_position_20d_directional_decile;max_drawdown_20d_directional_decile,volatility_20d_decile,liquidity_metric_decile
stock_vs_board_20d__top_30pct__AND__amount_ratio_5d_20d__top_30pct,train,5325,37940,level_3,7.124882629107981,23,0,1.439906666255762,insufficient_control,fail,turnover_zscore_20d_directional_decile;volume_up_price_not_down_5d_directional_decile;amount_ratio_5d_20d_directional_decile;up_day_volume_share_20d_directional_decile;money_median_5d_vs_20d_directional_decile;stock_vs_board_20d_directional_decile;ret_20d_directional_decile;close_vs_sma20_directional_decile;stock_vs_board_5d_directional_decile;ret_5d_directional_decile,close_position_20d_directional_decile;max_drawdown_20d_directional_decile,volatility_20d_decile,liquidity_metric_decile
stock_vs_board_20d__top_30pct__AND__amount_ratio_5d_20d__top_30pct,validation,3522,17648,level_3,5.010789324247587,16,0,1.5674416622222749,insufficient_control,fail,turnover_zscore_20d_directional_decile;volume_up_price_not_down_5d_directional_decile;amount_ratio_5d_20d_directional_decile;up_day_volume_share_20d_directional_decile;money_median_5d_vs_20d_directional_decile;stock_vs_board_20d_directional_decile;ret_20d_directional_decile;close_vs_sma20_directional_decile;stock_vs_board_5d_directional_decile;ret_5d_directional_decile,close_position_20d_directional_decile;max_drawdown_20d_directional_decile,volatility_20d_decile,liquidity_metric_decile
stock_vs_board_20d__top_30pct__AND__amount_ratio_5d_20d__top_30pct,robustness,5204,41549,level_3,7.9840507302075325,15,0,1.4040088863573577,insufficient_control,fail,turnover_zscore_20d_directional_decile;volume_up_price_not_down_5d_directional_decile;amount_ratio_5d_20d_directional_decile;up_day_volume_share_20d_directional_decile;money_median_5d_vs_20d_directional_decile;stock_vs_board_20d_directional_decile;ret_20d_directional_decile;close_vs_sma20_directional_decile;stock_vs_board_5d_directional_decile;ret_5d_directional_decile,close_position_20d_directional_decile;max_drawdown_20d_directional_decile,volatility_20d_decile,liquidity_metric_decile
ret_20d__top_40pct__AND__turnover_zscore_20d__top_40pct,train,9368,33991,level_3,3.6284158838599487,24,0,1.8492528198320095,insufficient_control,fail,turnover_zscore_20d_directional_decile;volume_up_price_not_down_5d_directional_decile;amount_ratio_5d_20d_directional_decile;up_day_volume_share_20d_directional_decile;money_median_5d_vs_20d_directional_decile;stock_vs_board_20d_directional_decile;ret_20d_directional_decile;close_vs_sma20_directional_decile;stock_vs_board_5d_directional_decile;ret_5d_directional_decile,close_position_20d_directional_decile;max_drawdown_20d_directional_decile,volatility_20d_decile,liquidity_metric_decile
ret_20d__top_40pct__AND__turnover_zscore_20d__top_40pct,validation,4151,17019,level_3,4.099975909419417,16,0,1.733528311878693,insufficient_control,fail,turnover_zscore_20d_directional_decile;volume_up_price_not_down_5d_directional_decile;amount_ratio_5d_20d_directional_decile;up_day_volume_share_20d_directional_decile;money_median_5d_vs_20d_directional_decile;stock_vs_board_20d_directional_decile;ret_20d_directional_decile;close_vs_sma20_directional_decile;stock_vs_board_5d_directional_decile;ret_5d_directional_decile,close_position_20d_directional_decile;max_drawdown_20d_directional_decile,volatility_20d_decile,liquidity_metric_decile
ret_20d__top_40pct__AND__turnover_zscore_20d__top_40pct,robustness,8554,38216,level_3,4.467617488894085,16,0,1.6135437446900829,insufficient_control,fail,turnover_zscore_20d_directional_decile;volume_up_price_not_down_5d_directional_decile;amount_ratio_5d_20d_directional_decile;up_day_volume_share_20d_directional_decile;money_median_5d_vs_20d_directional_decile;stock_vs_board_20d_directional_decile;ret_20d_directional_decile;close_vs_sma20_directional_decile;stock_vs_board_5d_directional_decile;ret_5d_directional_decile,close_position_20d_directional_decile;max_drawdown_20d_directional_decile,volatility_20d_decile,liquidity_metric_decile
ret_20d__top_30pct__AND__turnover_zscore_20d__top_30pct,train,5908,37451,level_3,6.33903182125931,24,0,1.867775211935185,insufficient_control,fail,turnover_zscore_20d_directional_decile;volume_up_price_not_down_5d_directional_decile;amount_ratio_5d_20d_directional_decile;up_day_volume_share_20d_directional_decile;money_median_5d_vs_20d_directional_decile;stock_vs_board_20d_directional_decile;ret_20d_directional_decile;close_vs_sma20_directional_decile;stock_vs_board_5d_directional_decile;ret_5d_directional_decile,close_position_20d_directional_decile;max_drawdown_20d_directional_decile,volatility_20d_decile,liquidity_metric_decile
ret_20d__top_30pct__AND__turnover_zscore_20d__top_30pct,validation,2580,18590,level_3,7.205426356589148,16,0,1.7852150867425767,insufficient_control,fail,turnover_zscore_20d_directional_decile;volume_up_price_not_down_5d_directional_decile;amount_ratio_5d_20d_directional_decile;up_day_volume_share_20d_directional_decile;money_median_5d_vs_20d_directional_decile;stock_vs_board_20d_directional_decile;ret_20d_directional_decile;close_vs_sma20_directional_decile;stock_vs_board_5d_directional_decile;ret_5d_directional_decile,close_position_20d_directional_decile;max_drawdown_20d_directional_decile,volatility_20d_decile,liquidity_metric_decile
ret_20d__top_30pct__AND__turnover_zscore_20d__top_30pct,robustness,4925,41828,level_3,8.492994923857868,15,0,1.7046932521468305,insufficient_control,fail,turnover_zscore_20d_directional_decile;volume_up_price_not_down_5d_directional_decile;amount_ratio_5d_20d_directional_decile;up_day_volume_share_20d_directional_decile;money_median_5d_vs_20d_directional_decile;stock_vs_board_20d_directional_decile;ret_20d_directional_decile;close_vs_sma20_directional_decile;stock_vs_board_5d_directional_decile;ret_5d_directional_decile,close_position_20d_directional_decile;max_drawdown_20d_directional_decile,volatility_20d_decile,liquidity_metric_decile
ret_20d__top_40pct__AND__volume_up_price_not_down_5d__top_40pct,train,9884,33475,level_3,3.3867867260218536,24,0,1.992681784852309,insufficient_control,fail,turnover_zscore_20d_directional_decile;volume_up_price_not_down_5d_directional_decile;amount_ratio_5d_20d_directional_decile;up_day_volume_share_20d_directional_decile;money_median_5d_vs_20d_directional_decile;stock_vs_board_20d_directional_decile;ret_20d_directional_decile;close_vs_sma20_directional_decile;stock_vs_board_5d_directional_decile;ret_5d_directional_decile,close_position_20d_directional_decile;max_drawdown_20d_directional_decile,volatility_20d_decile,liquidity_metric_decile
ret_20d__top_40pct__AND__volume_up_price_not_down_5d__top_40pct,validation,4714,16456,level_3,3.490878235044548,16,0,1.9539112825085727,insufficient_control,fail,turnover_zscore_20d_directional_decile;volume_up_price_not_down_5d_directional_decile;amount_ratio_5d_20d_directional_decile;up_day_volume_share_20d_directional_decile;money_median_5d_vs_20d_directional_decile;stock_vs_board_20d_directional_decile;ret_20d_directional_decile;close_vs_sma20_directional_decile;stock_vs_board_5d_directional_decile;ret_5d_directional_decile,close_position_20d_directional_decile;max_drawdown_20d_directional_decile,volatility_20d_decile,liquidity_metric_decile
ret_20d__top_40pct__AND__volume_up_price_not_down_5d__top_40pct,robustness,10304,36466,level_3,3.5390139751552794,16,0,1.9142170470206459,insufficient_control,fail,turnover_zscore_20d_directional_decile;volume_up_price_not_down_5d_directional_decile;amount_ratio_5d_20d_directional_decile;up_day_volume_share_20d_directional_decile;money_median_5d_vs_20d_directional_decile;stock_vs_board_20d_directional_decile;ret_20d_directional_decile;close_vs_sma20_directional_decile;stock_vs_board_5d_directional_decile;ret_5d_directional_decile,close_position_20d_directional_decile;max_drawdown_20d_directional_decile,volatility_20d_decile,liquidity_metric_decile
ret_20d__top_30pct__AND__volume_up_price_not_down_5d__top_30pct,train,6368,36991,level_3,5.808888190954774,24,0,2.0006098773233156,insufficient_control,fail,turnover_zscore_20d_directional_decile;volume_up_price_not_down_5d_directional_decile;amount_ratio_5d_20d_directional_decile;up_day_volume_share_20d_directional_decile;money_median_5d_vs_20d_directional_decile;stock_vs_board_20d_directional_decile;ret_20d_directional_decile;close_vs_sma20_directional_decile;stock_vs_board_5d_directional_decile;ret_5d_directional_decile,close_position_20d_directional_decile;max_drawdown_20d_directional_decile,volatility_20d_decile,liquidity_metric_decile
ret_20d__top_30pct__AND__volume_up_price_not_down_5d__top_30pct,validation,3038,18120,level_3,5.964450296247532,15,0,1.961861574790052,insufficient_control,fail,turnover_zscore_20d_directional_decile;volume_up_price_not_down_5d_directional_decile;amount_ratio_5d_20d_directional_decile;up_day_volume_share_20d_directional_decile;money_median_5d_vs_20d_directional_decile;stock_vs_board_20d_directional_decile;ret_20d_directional_decile;close_vs_sma20_directional_decile;stock_vs_board_5d_directional_decile;ret_5d_directional_decile,close_position_20d_directional_decile;max_drawdown_20d_directional_decile,volatility_20d_decile,liquidity_metric_decile
ret_20d__top_30pct__AND__volume_up_price_not_down_5d__top_30pct,robustness,6270,40483,level_3,6.456618819776715,15,0,1.9206783537315697,insufficient_control,fail,turnover_zscore_20d_directional_decile;volume_up_price_not_down_5d_directional_decile;amount_ratio_5d_20d_directional_decile;up_day_volume_share_20d_directional_decile;money_median_5d_vs_20d_directional_decile;stock_vs_board_20d_directional_decile;ret_20d_directional_decile;close_vs_sma20_directional_decile;stock_vs_board_5d_directional_decile;ret_5d_directional_decile,close_position_20d_directional_decile;max_drawdown_20d_directional_decile,volatility_20d_decile,liquidity_metric_decile
ret_20d__top_40pct__AND__amount_ratio_5d_20d__top_40pct,train,10662,32697,level_3,3.066685424873382,24,0,1.8330726398078745,insufficient_control,fail,turnover_zscore_20d_directional_decile;volume_up_price_not_down_5d_directional_decile;amount_ratio_5d_20d_directional_decile;up_day_volume_share_20d_directional_decile;money_median_5d_vs_20d_directional_decile;stock_vs_board_20d_directional_decile;ret_20d_directional_decile;close_vs_sma20_directional_decile;stock_vs_board_5d_directional_decile;ret_5d_directional_decile,close_position_20d_directional_decile;max_drawdown_20d_directional_decile,volatility_20d_decile,liquidity_metric_decile
ret_20d__top_40pct__AND__amount_ratio_5d_20d__top_40pct,validation,4679,16491,level_3,3.5244710408206883,16,0,1.7228497852017253,insufficient_control,fail,turnover_zscore_20d_directional_decile;volume_up_price_not_down_5d_directional_decile;amount_ratio_5d_20d_directional_decile;up_day_volume_share_20d_directional_decile;money_median_5d_vs_20d_directional_decile;stock_vs_board_20d_directional_decile;ret_20d_directional_decile;close_vs_sma20_directional_decile;stock_vs_board_5d_directional_decile;ret_5d_directional_decile,close_position_20d_directional_decile;max_drawdown_20d_directional_decile,volatility_20d_decile,liquidity_metric_decile
ret_20d__top_40pct__AND__amount_ratio_5d_20d__top_40pct,robustness,9107,37663,level_3,4.135609970352476,16,0,1.554471104821153,insufficient_control,fail,turnover_zscore_20d_directional_decile;volume_up_price_not_down_5d_directional_decile;amount_ratio_5d_20d_directional_decile;up_day_volume_share_20d_directional_decile;money_median_5d_vs_20d_directional_decile;stock_vs_board_20d_directional_decile;ret_20d_directional_decile;close_vs_sma20_directional_decile;stock_vs_board_5d_directional_decile;ret_5d_directional_decile,close_position_20d_directional_decile;max_drawdown_20d_directional_decile,volatility_20d_decile,liquidity_metric_decile
ret_20d__top_30pct__AND__amount_ratio_5d_20d__top_30pct,train,7081,36278,level_3,5.123287671232877,24,0,1.7873262104853624,insufficient_control,fail,turnover_zscore_20d_directional_decile;volume_up_price_not_down_5d_directional_decile;amount_ratio_5d_20d_directional_decile;up_day_volume_share_20d_directional_decile;money_median_5d_vs_20d_directional_decile;stock_vs_board_20d_directional_decile;ret_20d_directional_decile;close_vs_sma20_directional_decile;stock_vs_board_5d_directional_decile;ret_5d_directional_decile,close_position_20d_directional_decile;max_drawdown_20d_directional_decile,volatility_20d_decile,liquidity_metric_decile
ret_20d__top_30pct__AND__amount_ratio_5d_20d__top_30pct,validation,3077,18093,level_3,5.880077998050049,16,0,1.6959872369903402,insufficient_control,fail,turnover_zscore_20d_directional_decile;volume_up_price_not_down_5d_directional_decile;amount_ratio_5d_20d_directional_decile;up_day_volume_share_20d_directional_decile;money_median_5d_vs_20d_directional_decile;stock_vs_board_20d_directional_decile;ret_20d_directional_decile;close_vs_sma20_directional_decile;stock_vs_board_5d_directional_decile;ret_5d_directional_decile,close_position_20d_directional_decile;max_drawdown_20d_directional_decile,volatility_20d_decile,liquidity_metric_decile
ret_20d__top_30pct__AND__amount_ratio_5d_20d__top_30pct,robustness,5301,41452,level_3,7.819656668553103,15,0,1.5612176240371385,insufficient_control,fail,turnover_zscore_20d_directional_decile;volume_up_price_not_down_5d_directional_decile;amount_ratio_5d_20d_directional_decile;up_day_volume_share_20d_directional_decile;money_median_5d_vs_20d_directional_decile;stock_vs_board_20d_directional_decile;ret_20d_directional_decile;close_vs_sma20_directional_decile;stock_vs_board_5d_directional_decile;ret_5d_directional_decile,close_position_20d_directional_decile;max_drawdown_20d_directional_decile,volatility_20d_decile,liquidity_metric_decile
close_vs_sma20__top_40pct__AND__turnover_zscore_20d__top_40pct,train,10521,32838,level_3,3.1211861990305105,24,0,2.0534205206152145,insufficient_control,fail,turnover_zscore_20d_directional_decile;volume_up_price_not_down_5d_directional_decile;amount_ratio_5d_20d_directional_decile;up_day_volume_share_20d_directional_decile;money_median_5d_vs_20d_directional_decile;stock_vs_board_20d_directional_decile;ret_20d_directional_decile;close_vs_sma20_directional_decile;stock_vs_board_5d_directional_decile;ret_5d_directional_decile,close_position_20d_directional_decile;max_drawdown_20d_directional_decile,volatility_20d_decile,liquidity_metric_decile
close_vs_sma20__top_40pct__AND__turnover_zscore_20d__top_40pct,validation,4508,16662,level_3,3.696095829636202,16,0,1.9259309914237108,insufficient_control,fail,turnover_zscore_20d_directional_decile;volume_up_price_not_down_5d_directional_decile;amount_ratio_5d_20d_directional_decile;up_day_volume_share_20d_directional_decile;money_median_5d_vs_20d_directional_decile;stock_vs_board_20d_directional_decile;ret_20d_directional_decile;close_vs_sma20_directional_decile;stock_vs_board_5d_directional_decile;ret_5d_directional_decile,close_position_20d_directional_decile;max_drawdown_20d_directional_decile,volatility_20d_decile,liquidity_metric_decile
close_vs_sma20__top_40pct__AND__turnover_zscore_20d__top_40pct,robustness,9402,37368,level_3,3.9744735162731333,16,0,1.8124013581980467,insufficient_control,fail,turnover_zscore_20d_directional_decile;volume_up_price_not_down_5d_directional_decile;amount_ratio_5d_20d_directional_decile;up_day_volume_share_20d_directional_decile;money_median_5d_vs_20d_directional_decile;stock_vs_board_20d_directional_decile;ret_20d_directional_decile;close_vs_sma20_directional_decile;stock_vs_board_5d_directional_decile;ret_5d_directional_decile,close_position_20d_directional_decile;max_drawdown_20d_directional_decile,volatility_20d_decile,liquidity_metric_decile
close_vs_sma20__top_30pct__AND__turnover_zscore_20d__top_30pct,train,6974,36385,level_3,5.2172354459420704,24,0,2.0546481606993043,insufficient_control,fail,turnover_zscore_20d_directional_decile;volume_up_price_not_down_5d_directional_decile;amount_ratio_5d_20d_directional_decile;up_day_volume_share_20d_directional_decile;money_median_5d_vs_20d_directional_decile;stock_vs_board_20d_directional_decile;ret_20d_directional_decile;close_vs_sma20_directional_decile;stock_vs_board_5d_directional_decile;ret_5d_directional_decile,close_position_20d_directional_decile;max_drawdown_20d_directional_decile,volatility_20d_decile,liquidity_metric_decile
close_vs_sma20__top_30pct__AND__turnover_zscore_20d__top_30pct,validation,2950,18208,level_3,6.172203389830509,15,0,1.9737103967987681,insufficient_control,fail,turnover_zscore_20d_directional_decile;volume_up_price_not_down_5d_directional_decile;amount_ratio_5d_20d_directional_decile;up_day_volume_share_20d_directional_decile;money_median_5d_vs_20d_directional_decile;stock_vs_board_20d_directional_decile;ret_20d_directional_decile;close_vs_sma20_directional_decile;stock_vs_board_5d_directional_decile;ret_5d_directional_decile,close_position_20d_directional_decile;max_drawdown_20d_directional_decile,volatility_20d_decile,liquidity_metric_decile
close_vs_sma20__top_30pct__AND__turnover_zscore_20d__top_30pct,robustness,5839,40914,level_3,7.0070217502997085,15,0,1.8759239104558483,insufficient_control,fail,turnover_zscore_20d_directional_decile;volume_up_price_not_down_5d_directional_decile;amount_ratio_5d_20d_directional_decile;up_day_volume_share_20d_directional_decile;money_median_5d_vs_20d_directional_decile;stock_vs_board_20d_directional_decile;ret_20d_directional_decile;close_vs_sma20_directional_decile;stock_vs_board_5d_directional_decile;ret_5d_directional_decile,close_position_20d_directional_decile;max_drawdown_20d_directional_decile,volatility_20d_decile,liquidity_metric_decile
close_vs_sma20__top_40pct__AND__volume_up_price_not_down_5d__top_40pct,train,11463,31896,level_3,2.782517665532583,24,0,2.1766557471289913,insufficient_control,fail,turnover_zscore_20d_directional_decile;volume_up_price_not_down_5d_directional_decile;amount_ratio_5d_20d_directional_decile;up_day_volume_share_20d_directional_decile;money_median_5d_vs_20d_directional_decile;stock_vs_board_20d_directional_decile;ret_20d_directional_decile;close_vs_sma20_directional_decile;stock_vs_board_5d_directional_decile;ret_5d_directional_decile,close_position_20d_directional_decile;max_drawdown_20d_directional_decile,volatility_20d_decile,liquidity_metric_decile
close_vs_sma20__top_40pct__AND__volume_up_price_not_down_5d__top_40pct,validation,5565,15605,level_3,2.8041329739442946,16,0,2.0770781323285794,insufficient_control,fail,turnover_zscore_20d_directional_decile;volume_up_price_not_down_5d_directional_decile;amount_ratio_5d_20d_directional_decile;up_day_volume_share_20d_directional_decile;money_median_5d_vs_20d_directional_decile;stock_vs_board_20d_directional_decile;ret_20d_directional_decile;close_vs_sma20_directional_decile;stock_vs_board_5d_directional_decile;ret_5d_directional_decile,close_position_20d_directional_decile;max_drawdown_20d_directional_decile,volatility_20d_decile,liquidity_metric_decile
close_vs_sma20__top_40pct__AND__volume_up_price_not_down_5d__top_40pct,robustness,11791,34979,level_3,2.9665846832329743,16,0,2.090259157777397,insufficient_control,fail,turnover_zscore_20d_directional_decile;volume_up_price_not_down_5d_directional_decile;amount_ratio_5d_20d_directional_decile;up_day_volume_share_20d_directional_decile;money_median_5d_vs_20d_directional_decile;stock_vs_board_20d_directional_decile;ret_20d_directional_decile;close_vs_sma20_directional_decile;stock_vs_board_5d_directional_decile;ret_5d_directional_decile,close_position_20d_directional_decile;max_drawdown_20d_directional_decile,volatility_20d_decile,liquidity_metric_decile
close_vs_sma20__top_30pct__AND__volume_up_price_not_down_5d__top_30pct,train,7613,35746,level_3,4.695389465388152,24,0,2.1557753938908313,insufficient_control,fail,turnover_zscore_20d_directional_decile;volume_up_price_not_down_5d_directional_decile;amount_ratio_5d_20d_directional_decile;up_day_volume_share_20d_directional_decile;money_median_5d_vs_20d_directional_decile;stock_vs_board_20d_directional_decile;ret_20d_directional_decile;close_vs_sma20_directional_decile;stock_vs_board_5d_directional_decile;ret_5d_directional_decile,close_position_20d_directional_decile;max_drawdown_20d_directional_decile,volatility_20d_decile,liquidity_metric_decile
close_vs_sma20__top_30pct__AND__volume_up_price_not_down_5d__top_30pct,validation,3697,17461,level_3,4.723018663781445,15,0,2.0870168380339416,insufficient_control,fail,turnover_zscore_20d_directional_decile;volume_up_price_not_down_5d_directional_decile;amount_ratio_5d_20d_directional_decile;up_day_volume_share_20d_directional_decile;money_median_5d_vs_20d_directional_decile;stock_vs_board_20d_directional_decile;ret_20d_directional_decile;close_vs_sma20_directional_decile;stock_vs_board_5d_directional_decile;ret_5d_directional_decile,close_position_20d_directional_decile;max_drawdown_20d_directional_decile,volatility_20d_decile,liquidity_metric_decile
close_vs_sma20__top_30pct__AND__volume_up_price_not_down_5d__top_30pct,robustness,7537,39216,level_3,5.203131219318031,15,0,2.076173912174492,insufficient_control,fail,turnover_zscore_20d_directional_decile;volume_up_price_not_down_5d_directional_decile;amount_ratio_5d_20d_directional_decile;up_day_volume_share_20d_directional_decile;money_median_5d_vs_20d_directional_decile;stock_vs_board_20d_directional_decile;ret_20d_directional_decile;close_vs_sma20_directional_decile;stock_vs_board_5d_directional_decile;ret_5d_directional_decile,close_position_20d_directional_decile;max_drawdown_20d_directional_decile,volatility_20d_decile,liquidity_metric_decile
close_vs_sma20__top_40pct__AND__amount_ratio_5d_20d__top_40pct,train,11530,31829,level_3,2.760537727666956,24,0,2.067329537140996,insufficient_control,fail,turnover_zscore_20d_directional_decile;volume_up_price_not_down_5d_directional_decile;amount_ratio_5d_20d_directional_decile;up_day_volume_share_20d_directional_decile;money_median_5d_vs_20d_directional_decile;stock_vs_board_20d_directional_decile;ret_20d_directional_decile;close_vs_sma20_directional_decile;stock_vs_board_5d_directional_decile;ret_5d_directional_decile,close_position_20d_directional_decile;max_drawdown_20d_directional_decile,volatility_20d_decile,liquidity_metric_decile
close_vs_sma20__top_40pct__AND__amount_ratio_5d_20d__top_40pct,validation,5037,16133,level_3,3.2028985507246377,16,0,1.9142876469136845,insufficient_control,fail,turnover_zscore_20d_directional_decile;volume_up_price_not_down_5d_directional_decile;amount_ratio_5d_20d_directional_decile;up_day_volume_share_20d_directional_decile;money_median_5d_vs_20d_directional_decile;stock_vs_board_20d_directional_decile;ret_20d_directional_decile;close_vs_sma20_directional_decile;stock_vs_board_5d_directional_decile;ret_5d_directional_decile,close_position_20d_directional_decile;max_drawdown_20d_directional_decile,volatility_20d_decile,liquidity_metric_decile
close_vs_sma20__top_40pct__AND__amount_ratio_5d_20d__top_40pct,robustness,10062,36691,level_3,3.646491751142914,15,0,1.7331727680855586,insufficient_control,fail,turnover_zscore_20d_directional_decile;volume_up_price_not_down_5d_directional_decile;amount_ratio_5d_20d_directional_decile;up_day_volume_share_20d_directional_decile;money_median_5d_vs_20d_directional_decile;stock_vs_board_20d_directional_decile;ret_20d_directional_decile;close_vs_sma20_directional_decile;stock_vs_board_5d_directional_decile;ret_5d_directional_decile,close_position_20d_directional_decile;max_drawdown_20d_directional_decile,volatility_20d_decile,liquidity_metric_decile
close_vs_sma20__top_30pct__AND__amount_ratio_5d_20d__top_30pct,train,7991,35368,level_3,4.425979226629959,24,0,1.9858337923867868,insufficient_control,fail,turnover_zscore_20d_directional_decile;volume_up_price_not_down_5d_directional_decile;amount_ratio_5d_20d_directional_decile;up_day_volume_share_20d_directional_decile;money_median_5d_vs_20d_directional_decile;stock_vs_board_20d_directional_decile;ret_20d_directional_decile;close_vs_sma20_directional_decile;stock_vs_board_5d_directional_decile;ret_5d_directional_decile,close_position_20d_directional_decile;max_drawdown_20d_directional_decile,volatility_20d_decile,liquidity_metric_decile
close_vs_sma20__top_30pct__AND__amount_ratio_5d_20d__top_30pct,validation,3403,17755,level_3,5.217455186600059,15,0,1.8698702606320419,insufficient_control,fail,turnover_zscore_20d_directional_decile;volume_up_price_not_down_5d_directional_decile;amount_ratio_5d_20d_directional_decile;up_day_volume_share_20d_directional_decile;money_median_5d_vs_20d_directional_decile;stock_vs_board_20d_directional_decile;ret_20d_directional_decile;close_vs_sma20_directional_decile;stock_vs_board_5d_directional_decile;ret_5d_directional_decile,close_position_20d_directional_decile;max_drawdown_20d_directional_decile,volatility_20d_decile,liquidity_metric_decile
close_vs_sma20__top_30pct__AND__amount_ratio_5d_20d__top_30pct,robustness,6231,40522,level_3,6.503290001604879,15,0,1.7145306235210405,insufficient_control,fail,turnover_zscore_20d_directional_decile;volume_up_price_not_down_5d_directional_decile;amount_ratio_5d_20d_directional_decile;up_day_volume_share_20d_directional_decile;money_median_5d_vs_20d_directional_decile;stock_vs_board_20d_directional_decile;ret_20d_directional_decile;close_vs_sma20_directional_decile;stock_vs_board_5d_directional_decile;ret_5d_directional_decile,close_position_20d_directional_decile;max_drawdown_20d_directional_decile,volatility_20d_decile,liquidity_metric_decile
close_position_20d__top_40pct__AND__turnover_zscore_20d__top_40pct,train,10400,32959,level_3,3.1691346153846154,24,0,0.9339613641411324,insufficient_control,fail,turnover_zscore_20d_directional_decile;volume_up_price_not_down_5d_directional_decile;amount_ratio_5d_20d_directional_decile;up_day_volume_share_20d_directional_decile;money_median_5d_vs_20d_directional_decile;close_position_20d_directional_decile;distance_to_20d_high_directional_decile;distance_from_20d_low_directional_decile;higher_low_slope_10d_directional_decile,stock_vs_board_20d_directional_decile;max_drawdown_20d_directional_decile,volatility_20d_decile,liquidity_metric_decile
close_position_20d__top_40pct__AND__turnover_zscore_20d__top_40pct,validation,4521,16649,level_3,3.6825923468259236,16,0,1.1774163133704598,insufficient_control,fail,turnover_zscore_20d_directional_decile;volume_up_price_not_down_5d_directional_decile;amount_ratio_5d_20d_directional_decile;up_day_volume_share_20d_directional_decile;money_median_5d_vs_20d_directional_decile;close_position_20d_directional_decile;distance_to_20d_high_directional_decile;distance_from_20d_low_directional_decile;higher_low_slope_10d_directional_decile,stock_vs_board_20d_directional_decile;max_drawdown_20d_directional_decile,volatility_20d_decile,liquidity_metric_decile
close_position_20d__top_40pct__AND__turnover_zscore_20d__top_40pct,robustness,9260,37510,level_3,4.050755939524838,16,0,0.8817554468786264,insufficient_control,fail,turnover_zscore_20d_directional_decile;volume_up_price_not_down_5d_directional_decile;amount_ratio_5d_20d_directional_decile;up_day_volume_share_20d_directional_decile;money_median_5d_vs_20d_directional_decile;close_position_20d_directional_decile;distance_to_20d_high_directional_decile;distance_from_20d_low_directional_decile;higher_low_slope_10d_directional_decile,stock_vs_board_20d_directional_decile;max_drawdown_20d_directional_decile,volatility_20d_decile,liquidity_metric_decile
close_position_20d__top_30pct__AND__turnover_zscore_20d__top_30pct,train,6876,36468,level_3,5.303664921465969,23,0,0.9179103887728624,insufficient_control,fail,turnover_zscore_20d_directional_decile;volume_up_price_not_down_5d_directional_decile;amount_ratio_5d_20d_directional_decile;up_day_volume_share_20d_directional_decile;money_median_5d_vs_20d_directional_decile;close_position_20d_directional_decile;distance_to_20d_high_directional_decile;distance_from_20d_low_directional_decile;higher_low_slope_10d_directional_decile,stock_vs_board_20d_directional_decile;max_drawdown_20d_directional_decile,volatility_20d_decile,liquidity_metric_decile
close_position_20d__top_30pct__AND__turnover_zscore_20d__top_30pct,validation,2985,18185,level_3,6.09212730318258,16,0,1.1931009130658814,insufficient_control,fail,turnover_zscore_20d_directional_decile;volume_up_price_not_down_5d_directional_decile;amount_ratio_5d_20d_directional_decile;up_day_volume_share_20d_directional_decile;money_median_5d_vs_20d_directional_decile;close_position_20d_directional_decile;distance_to_20d_high_directional_decile;distance_from_20d_low_directional_decile;higher_low_slope_10d_directional_decile,stock_vs_board_20d_directional_decile;max_drawdown_20d_directional_decile,volatility_20d_decile,liquidity_metric_decile
close_position_20d__top_30pct__AND__turnover_zscore_20d__top_30pct,robustness,5814,40939,level_3,7.041451668386653,15,0,0.8973111836839178,insufficient_control,fail,turnover_zscore_20d_directional_decile;volume_up_price_not_down_5d_directional_decile;amount_ratio_5d_20d_directional_decile;up_day_volume_share_20d_directional_decile;money_median_5d_vs_20d_directional_decile;close_position_20d_directional_decile;distance_to_20d_high_directional_decile;distance_from_20d_low_directional_decile;higher_low_slope_10d_directional_decile,stock_vs_board_20d_directional_decile;max_drawdown_20d_directional_decile,volatility_20d_decile,liquidity_metric_decile
close_position_20d__top_40pct__AND__volume_up_price_not_down_5d__top_40pct,train,11302,32057,level_3,2.8364006370553883,24,0,0.929706044991834,insufficient_control,fail,turnover_zscore_20d_directional_decile;volume_up_price_not_down_5d_directional_decile;amount_ratio_5d_20d_directional_decile;up_day_volume_share_20d_directional_decile;money_median_5d_vs_20d_directional_decile;close_position_20d_directional_decile;distance_to_20d_high_directional_decile;distance_from_20d_low_directional_decile;higher_low_slope_10d_directional_decile,stock_vs_board_20d_directional_decile;max_drawdown_20d_directional_decile,volatility_20d_decile,liquidity_metric_decile
close_position_20d__top_40pct__AND__volume_up_price_not_down_5d__top_40pct,validation,5518,15652,level_3,2.8365349764407393,16,0,1.1746522756119804,insufficient_control,fail,turnover_zscore_20d_directional_decile;volume_up_price_not_down_5d_directional_decile;amount_ratio_5d_20d_directional_decile;up_day_volume_share_20d_directional_decile;money_median_5d_vs_20d_directional_decile;close_position_20d_directional_decile;distance_to_20d_high_directional_decile;distance_from_20d_low_directional_decile;higher_low_slope_10d_directional_decile,stock_vs_board_20d_directional_decile;max_drawdown_20d_directional_decile,volatility_20d_decile,liquidity_metric_decile
close_position_20d__top_40pct__AND__volume_up_price_not_down_5d__top_40pct,robustness,11650,35120,level_3,3.0145922746781117,16,0,1.0557942699605374,insufficient_control,fail,turnover_zscore_20d_directional_decile;volume_up_price_not_down_5d_directional_decile;amount_ratio_5d_20d_directional_decile;up_day_volume_share_20d_directional_decile;money_median_5d_vs_20d_directional_decile;close_position_20d_directional_decile;distance_to_20d_high_directional_decile;distance_from_20d_low_directional_decile;higher_low_slope_10d_directional_decile,stock_vs_board_20d_directional_decile;max_drawdown_20d_directional_decile,volatility_20d_decile,liquidity_metric_decile
close_position_20d__top_30pct__AND__volume_up_price_not_down_5d__top_30pct,train,7630,35729,level_3,4.682699868938401,24,0,0.9391750175748117,insufficient_control,fail,turnover_zscore_20d_directional_decile;volume_up_price_not_down_5d_directional_decile;amount_ratio_5d_20d_directional_decile;up_day_volume_share_20d_directional_decile;money_median_5d_vs_20d_directional_decile;close_position_20d_directional_decile;distance_to_20d_high_directional_decile;distance_from_20d_low_directional_decile;higher_low_slope_10d_directional_decile,stock_vs_board_20d_directional_decile;max_drawdown_20d_directional_decile,volatility_20d_decile,liquidity_metric_decile
close_position_20d__top_30pct__AND__volume_up_price_not_down_5d__top_30pct,validation,3773,17385,level_3,4.607739199575934,15,0,1.18123537417837,insufficient_control,fail,turnover_zscore_20d_directional_decile;volume_up_price_not_down_5d_directional_decile;amount_ratio_5d_20d_directional_decile;up_day_volume_share_20d_directional_decile;money_median_5d_vs_20d_directional_decile;close_position_20d_directional_decile;distance_to_20d_high_directional_decile;distance_from_20d_low_directional_decile;higher_low_slope_10d_directional_decile,stock_vs_board_20d_directional_decile;max_drawdown_20d_directional_decile,volatility_20d_decile,liquidity_metric_decile
close_position_20d__top_30pct__AND__volume_up_price_not_down_5d__top_30pct,robustness,7634,39136,level_3,5.126539166884988,16,0,1.099923995835276,insufficient_control,fail,turnover_zscore_20d_directional_decile;volume_up_price_not_down_5d_directional_decile;amount_ratio_5d_20d_directional_decile;up_day_volume_share_20d_directional_decile;money_median_5d_vs_20d_directional_decile;close_position_20d_directional_decile;distance_to_20d_high_directional_decile;distance_from_20d_low_directional_decile;higher_low_slope_10d_directional_decile,stock_vs_board_20d_directional_decile;max_drawdown_20d_directional_decile,volatility_20d_decile,liquidity_metric_decile
close_position_20d__top_40pct__AND__amount_ratio_5d_20d__top_40pct,train,11219,32140,level_3,2.8647829574828414,24,0,1.0660852152669655,insufficient_control,fail,turnover_zscore_20d_directional_decile;volume_up_price_not_down_5d_directional_decile;amount_ratio_5d_20d_directional_decile;up_day_volume_share_20d_directional_decile;money_median_5d_vs_20d_directional_decile;close_position_20d_directional_decile;distance_to_20d_high_directional_decile;distance_from_20d_low_directional_decile;higher_low_slope_10d_directional_decile,stock_vs_board_20d_directional_decile;max_drawdown_20d_directional_decile,volatility_20d_decile,liquidity_metric_decile
close_position_20d__top_40pct__AND__amount_ratio_5d_20d__top_40pct,validation,4954,16216,level_3,3.273314493338716,16,0,1.277226915345769,insufficient_control,fail,turnover_zscore_20d_directional_decile;volume_up_price_not_down_5d_directional_decile;amount_ratio_5d_20d_directional_decile;up_day_volume_share_20d_directional_decile;money_median_5d_vs_20d_directional_decile;close_position_20d_directional_decile;distance_to_20d_high_directional_decile;distance_from_20d_low_directional_decile;higher_low_slope_10d_directional_decile,stock_vs_board_20d_directional_decile;max_drawdown_20d_directional_decile,volatility_20d_decile,liquidity_metric_decile
close_position_20d__top_40pct__AND__amount_ratio_5d_20d__top_40pct,robustness,9668,37085,level_3,3.83585022755482,15,0,0.9478901649914513,insufficient_control,fail,turnover_zscore_20d_directional_decile;volume_up_price_not_down_5d_directional_decile;amount_ratio_5d_20d_directional_decile;up_day_volume_share_20d_directional_decile;money_median_5d_vs_20d_directional_decile;close_position_20d_directional_decile;distance_to_20d_high_directional_decile;distance_from_20d_low_directional_decile;higher_low_slope_10d_directional_decile,stock_vs_board_20d_directional_decile;max_drawdown_20d_directional_decile,volatility_20d_decile,liquidity_metric_decile
close_position_20d__top_30pct__AND__amount_ratio_5d_20d__top_30pct,train,7367,35977,level_3,4.883534681688611,23,0,1.043500503741158,insufficient_control,fail,turnover_zscore_20d_directional_decile;volume_up_price_not_down_5d_directional_decile;amount_ratio_5d_20d_directional_decile;up_day_volume_share_20d_directional_decile;money_median_5d_vs_20d_directional_decile;close_position_20d_directional_decile;distance_to_20d_high_directional_decile;distance_from_20d_low_directional_decile;higher_low_slope_10d_directional_decile,stock_vs_board_20d_directional_decile;max_drawdown_20d_directional_decile,volatility_20d_decile,liquidity_metric_decile
close_position_20d__top_30pct__AND__amount_ratio_5d_20d__top_30pct,validation,3210,17883,level_3,5.5710280373831775,15,0,1.2950838886439062,insufficient_control,fail,turnover_zscore_20d_directional_decile;volume_up_price_not_down_5d_directional_decile;amount_ratio_5d_20d_directional_decile;up_day_volume_share_20d_directional_decile;money_median_5d_vs_20d_directional_decile;close_position_20d_directional_decile;distance_to_20d_high_directional_decile;distance_from_20d_low_directional_decile;higher_low_slope_10d_directional_decile,stock_vs_board_20d_directional_decile;max_drawdown_20d_directional_decile,volatility_20d_decile,liquidity_metric_decile
close_position_20d__top_30pct__AND__amount_ratio_5d_20d__top_30pct,robustness,5682,41071,level_3,7.228264695529743,15,0,0.9362519779799997,insufficient_control,fail,turnover_zscore_20d_directional_decile;volume_up_price_not_down_5d_directional_decile;amount_ratio_5d_20d_directional_decile;up_day_volume_share_20d_directional_decile;money_median_5d_vs_20d_directional_decile;close_position_20d_directional_decile;distance_to_20d_high_directional_decile;distance_from_20d_low_directional_decile;higher_low_slope_10d_directional_decile,stock_vs_board_20d_directional_decile;max_drawdown_20d_directional_decile,volatility_20d_decile,liquidity_metric_decile
distance_to_20d_high__top_40pct__AND__turnover_zscore_20d__top_40pct,train,10071,33273,level_3,3.3038427167113493,23,0,0.9974240849468285,insufficient_control,fail,turnover_zscore_20d_directional_decile;volume_up_price_not_down_5d_directional_decile;amount_ratio_5d_20d_directional_decile;up_day_volume_share_20d_directional_decile;money_median_5d_vs_20d_directional_decile;close_position_20d_directional_decile;distance_to_20d_high_directional_decile;distance_from_20d_low_directional_decile;higher_low_slope_10d_directional_decile,stock_vs_board_20d_directional_decile;max_drawdown_20d_directional_decile,volatility_20d_decile,liquidity_metric_decile
distance_to_20d_high__top_40pct__AND__turnover_zscore_20d__top_40pct,validation,4476,16694,level_3,3.729669347631814,16,0,1.1332617474292823,insufficient_control,fail,turnover_zscore_20d_directional_decile;volume_up_price_not_down_5d_directional_decile;amount_ratio_5d_20d_directional_decile;up_day_volume_share_20d_directional_decile;money_median_5d_vs_20d_directional_decile;close_position_20d_directional_decile;distance_to_20d_high_directional_decile;distance_from_20d_low_directional_decile;higher_low_slope_10d_directional_decile,stock_vs_board_20d_directional_decile;max_drawdown_20d_directional_decile,volatility_20d_decile,liquidity_metric_decile
distance_to_20d_high__top_40pct__AND__turnover_zscore_20d__top_40pct,robustness,9608,37162,level_3,3.86781848459617,16,0,0.9373448893987926,insufficient_control,fail,turnover_zscore_20d_directional_decile;volume_up_price_not_down_5d_directional_decile;amount_ratio_5d_20d_directional_decile;up_day_volume_share_20d_directional_decile;money_median_5d_vs_20d_directional_decile;close_position_20d_directional_decile;distance_to_20d_high_directional_decile;distance_from_20d_low_directional_decile;higher_low_slope_10d_directional_decile,stock_vs_board_20d_directional_decile;max_drawdown_20d_directional_decile,volatility_20d_decile,liquidity_metric_decile
distance_to_20d_high__top_30pct__AND__turnover_zscore_20d__top_30pct,train,6667,36677,level_3,5.501274936253187,23,0,0.9497742456177357,insufficient_control,fail,turnover_zscore_20d_directional_decile;volume_up_price_not_down_5d_directional_decile;amount_ratio_5d_20d_directional_decile;up_day_volume_share_20d_directional_decile;money_median_5d_vs_20d_directional_decile;close_position_20d_directional_decile;distance_to_20d_high_directional_decile;distance_from_20d_low_directional_decile;higher_low_slope_10d_directional_decile,stock_vs_board_20d_directional_decile;max_drawdown_20d_directional_decile,volatility_20d_decile,liquidity_metric_decile
distance_to_20d_high__top_30pct__AND__turnover_zscore_20d__top_30pct,validation,2941,18229,level_3,6.1982318939136345,16,0,1.1155957950463875,insufficient_control,fail,turnover_zscore_20d_directional_decile;volume_up_price_not_down_5d_directional_decile;amount_ratio_5d_20d_directional_decile;up_day_volume_share_20d_directional_decile;money_median_5d_vs_20d_directional_decile;close_position_20d_directional_decile;distance_to_20d_high_directional_decile;distance_from_20d_low_directional_decile;higher_low_slope_10d_directional_decile,stock_vs_board_20d_directional_decile;max_drawdown_20d_directional_decile,volatility_20d_decile,liquidity_metric_decile
distance_to_20d_high__top_30pct__AND__turnover_zscore_20d__top_30pct,robustness,6013,40757,level_3,6.778147347413936,16,0,0.901439575749953,insufficient_control,fail,turnover_zscore_20d_directional_decile;volume_up_price_not_down_5d_directional_decile;amount_ratio_5d_20d_directional_decile;up_day_volume_share_20d_directional_decile;money_median_5d_vs_20d_directional_decile;close_position_20d_directional_decile;distance_to_20d_high_directional_decile;distance_from_20d_low_directional_decile;higher_low_slope_10d_directional_decile,stock_vs_board_20d_directional_decile;max_drawdown_20d_directional_decile,volatility_20d_decile,liquidity_metric_decile
distance_to_20d_high__top_40pct__AND__volume_up_price_not_down_5d__top_40pct,train,11129,32230,level_3,2.8960373798184924,24,0,1.0020616858856886,insufficient_control,fail,turnover_zscore_20d_directional_decile;volume_up_price_not_down_5d_directional_decile;amount_ratio_5d_20d_directional_decile;up_day_volume_share_20d_directional_decile;money_median_5d_vs_20d_directional_decile;close_position_20d_directional_decile;distance_to_20d_high_directional_decile;distance_from_20d_low_directional_decile;higher_low_slope_10d_directional_decile,stock_vs_board_20d_directional_decile;max_drawdown_20d_directional_decile,volatility_20d_decile,liquidity_metric_decile
distance_to_20d_high__top_40pct__AND__volume_up_price_not_down_5d__top_40pct,validation,5451,15719,level_3,2.8836910658594754,16,0,1.0877097403536566,insufficient_control,fail,turnover_zscore_20d_directional_decile;volume_up_price_not_down_5d_directional_decile;amount_ratio_5d_20d_directional_decile;up_day_volume_share_20d_directional_decile;money_median_5d_vs_20d_directional_decile;close_position_20d_directional_decile;distance_to_20d_high_directional_decile;distance_from_20d_low_directional_decile;higher_low_slope_10d_directional_decile,stock_vs_board_20d_directional_decile;max_drawdown_20d_directional_decile,volatility_20d_decile,liquidity_metric_decile
distance_to_20d_high__top_40pct__AND__volume_up_price_not_down_5d__top_40pct,robustness,11805,34965,level_3,2.9618805590851336,16,0,0.9554213228481476,insufficient_control,fail,turnover_zscore_20d_directional_decile;volume_up_price_not_down_5d_directional_decile;amount_ratio_5d_20d_directional_decile;up_day_volume_share_20d_directional_decile;money_median_5d_vs_20d_directional_decile;close_position_20d_directional_decile;distance_to_20d_high_directional_decile;distance_from_20d_low_directional_decile;higher_low_slope_10d_directional_decile,stock_vs_board_20d_directional_decile;max_drawdown_20d_directional_decile,volatility_20d_decile,liquidity_metric_decile
distance_to_20d_high__top_30pct__AND__volume_up_price_not_down_5d__top_30pct,train,7398,35961,level_3,4.860908353609084,24,0,0.9741248790469244,insufficient_control,fail,turnover_zscore_20d_directional_decile;volume_up_price_not_down_5d_directional_decile;amount_ratio_5d_20d_directional_decile;up_day_volume_share_20d_directional_decile;money_median_5d_vs_20d_directional_decile;close_position_20d_directional_decile;distance_to_20d_high_directional_decile;distance_from_20d_low_directional_decile;higher_low_slope_10d_directional_decile,stock_vs_board_20d_directional_decile;max_drawdown_20d_directional_decile,volatility_20d_decile,liquidity_metric_decile
distance_to_20d_high__top_30pct__AND__volume_up_price_not_down_5d__top_30pct,validation,3716,17442,level_3,4.693756727664155,15,0,1.0715540755127821,insufficient_control,fail,turnover_zscore_20d_directional_decile;volume_up_price_not_down_5d_directional_decile;amount_ratio_5d_20d_directional_decile;up_day_volume_share_20d_directional_decile;money_median_5d_vs_20d_directional_decile;close_position_20d_directional_decile;distance_to_20d_high_directional_decile;distance_from_20d_low_directional_decile;higher_low_slope_10d_directional_decile,stock_vs_board_20d_directional_decile;max_drawdown_20d_directional_decile,volatility_20d_decile,liquidity_metric_decile
distance_to_20d_high__top_30pct__AND__volume_up_price_not_down_5d__top_30pct,robustness,7714,39056,level_3,5.063002333419757,16,0,0.9951538916003216,insufficient_control,fail,turnover_zscore_20d_directional_decile;volume_up_price_not_down_5d_directional_decile;amount_ratio_5d_20d_directional_decile;up_day_volume_share_20d_directional_decile;money_median_5d_vs_20d_directional_decile;close_position_20d_directional_decile;distance_to_20d_high_directional_decile;distance_from_20d_low_directional_decile;higher_low_slope_10d_directional_decile,stock_vs_board_20d_directional_decile;max_drawdown_20d_directional_decile,volatility_20d_decile,liquidity_metric_decile
distance_to_20d_high__top_40pct__AND__amount_ratio_5d_20d__top_40pct,train,10635,32709,level_3,3.0755994358251058,23,0,1.104031196829514,insufficient_control,fail,turnover_zscore_20d_directional_decile;volume_up_price_not_down_5d_directional_decile;amount_ratio_5d_20d_directional_decile;up_day_volume_share_20d_directional_decile;money_median_5d_vs_20d_directional_decile;close_position_20d_directional_decile;distance_to_20d_high_directional_decile;distance_from_20d_low_directional_decile;higher_low_slope_10d_directional_decile,stock_vs_board_20d_directional_decile;max_drawdown_20d_directional_decile,volatility_20d_decile,liquidity_metric_decile
distance_to_20d_high__top_40pct__AND__amount_ratio_5d_20d__top_40pct,validation,4708,16462,level_3,3.4966015293118096,16,0,1.209580285032676,insufficient_control,fail,turnover_zscore_20d_directional_decile;volume_up_price_not_down_5d_directional_decile;amount_ratio_5d_20d_directional_decile;up_day_volume_share_20d_directional_decile;money_median_5d_vs_20d_directional_decile;close_position_20d_directional_decile;distance_to_20d_high_directional_decile;distance_from_20d_low_directional_decile;higher_low_slope_10d_directional_decile,stock_vs_board_20d_directional_decile;max_drawdown_20d_directional_decile,volatility_20d_decile,liquidity_metric_decile
distance_to_20d_high__top_40pct__AND__amount_ratio_5d_20d__top_40pct,robustness,9575,37178,level_3,3.8828198433420367,15,0,0.9915382540405867,insufficient_control,fail,turnover_zscore_20d_directional_decile;volume_up_price_not_down_5d_directional_decile;amount_ratio_5d_20d_directional_decile;up_day_volume_share_20d_directional_decile;money_median_5d_vs_20d_directional_decile;close_position_20d_directional_decile;distance_to_20d_high_directional_decile;distance_from_20d_low_directional_decile;higher_low_slope_10d_directional_decile,stock_vs_board_20d_directional_decile;max_drawdown_20d_directional_decile,volatility_20d_decile,liquidity_metric_decile
distance_to_20d_high__top_30pct__AND__amount_ratio_5d_20d__top_30pct,train,6713,36612,level_3,5.453895426783852,22,0,1.0534988704624335,insufficient_control,fail,turnover_zscore_20d_directional_decile;volume_up_price_not_down_5d_directional_decile;amount_ratio_5d_20d_directional_decile;up_day_volume_share_20d_directional_decile;money_median_5d_vs_20d_directional_decile;close_position_20d_directional_decile;distance_to_20d_high_directional_decile;distance_from_20d_low_directional_decile;higher_low_slope_10d_directional_decile,stock_vs_board_20d_directional_decile;max_drawdown_20d_directional_decile,volatility_20d_decile,liquidity_metric_decile
distance_to_20d_high__top_30pct__AND__amount_ratio_5d_20d__top_30pct,validation,2944,18149,level_3,6.164741847826087,15,0,1.1703946591328338,insufficient_control,fail,turnover_zscore_20d_directional_decile;volume_up_price_not_down_5d_directional_decile;amount_ratio_5d_20d_directional_decile;up_day_volume_share_20d_directional_decile;money_median_5d_vs_20d_directional_decile;close_position_20d_directional_decile;distance_to_20d_high_directional_decile;distance_from_20d_low_directional_decile;higher_low_slope_10d_directional_decile,stock_vs_board_20d_directional_decile;max_drawdown_20d_directional_decile,volatility_20d_decile,liquidity_metric_decile
distance_to_20d_high__top_30pct__AND__amount_ratio_5d_20d__top_30pct,robustness,5401,41352,level_3,7.656359933345676,15,0,0.9416575022730211,insufficient_control,fail,turnover_zscore_20d_directional_decile;volume_up_price_not_down_5d_directional_decile;amount_ratio_5d_20d_directional_decile;up_day_volume_share_20d_directional_decile;money_median_5d_vs_20d_directional_decile;close_position_20d_directional_decile;distance_to_20d_high_directional_decile;distance_from_20d_low_directional_decile;higher_low_slope_10d_directional_decile,stock_vs_board_20d_directional_decile;max_drawdown_20d_directional_decile,volatility_20d_decile,liquidity_metric_decile
distance_from_20d_low__top_40pct__AND__turnover_zscore_20d__top_40pct,train,9815,33544,level_3,3.417626082526745,24,0,0.6831826173725485,insufficient_control,fail,turnover_zscore_20d_directional_decile;volume_up_price_not_down_5d_directional_decile;amount_ratio_5d_20d_directional_decile;up_day_volume_share_20d_directional_decile;money_median_5d_vs_20d_directional_decile;close_position_20d_directional_decile;distance_to_20d_high_directional_decile;distance_from_20d_low_directional_decile;higher_low_slope_10d_directional_decile,stock_vs_board_20d_directional_decile;max_drawdown_20d_directional_decile,volatility_20d_decile,liquidity_metric_decile
distance_from_20d_low__top_40pct__AND__turnover_zscore_20d__top_40pct,validation,4265,16905,level_3,3.963657678780774,16,0,1.0897758847045385,insufficient_control,fail,turnover_zscore_20d_directional_decile;volume_up_price_not_down_5d_directional_decile;amount_ratio_5d_20d_directional_decile;up_day_volume_share_20d_directional_decile;money_median_5d_vs_20d_directional_decile;close_position_20d_directional_decile;distance_to_20d_high_directional_decile;distance_from_20d_low_directional_decile;higher_low_slope_10d_directional_decile,stock_vs_board_20d_directional_decile;max_drawdown_20d_directional_decile,volatility_20d_decile,liquidity_metric_decile
distance_from_20d_low__top_40pct__AND__turnover_zscore_20d__top_40pct,robustness,8236,38517,level_3,4.676663428848956,15,0,0.9023442796745701,insufficient_control,fail,turnover_zscore_20d_directional_decile;volume_up_price_not_down_5d_directional_decile;amount_ratio_5d_20d_directional_decile;up_day_volume_share_20d_directional_decile;money_median_5d_vs_20d_directional_decile;close_position_20d_directional_decile;distance_to_20d_high_directional_decile;distance_from_20d_low_directional_decile;higher_low_slope_10d_directional_decile,stock_vs_board_20d_directional_decile;max_drawdown_20d_directional_decile,volatility_20d_decile,liquidity_metric_decile
distance_from_20d_low__top_30pct__AND__turnover_zscore_20d__top_30pct,train,6232,37127,level_3,5.957477535301669,24,0,0.7013019079168581,insufficient_control,fail,turnover_zscore_20d_directional_decile;volume_up_price_not_down_5d_directional_decile;amount_ratio_5d_20d_directional_decile;up_day_volume_share_20d_directional_decile;money_median_5d_vs_20d_directional_decile;close_position_20d_directional_decile;distance_to_20d_high_directional_decile;distance_from_20d_low_directional_decile;higher_low_slope_10d_directional_decile,stock_vs_board_20d_directional_decile;max_drawdown_20d_directional_decile,volatility_20d_decile,liquidity_metric_decile
distance_from_20d_low__top_30pct__AND__turnover_zscore_20d__top_30pct,validation,2627,18543,level_3,7.0586220022839745,16,0,1.2163591934715494,insufficient_control,fail,turnover_zscore_20d_directional_decile;volume_up_price_not_down_5d_directional_decile;amount_ratio_5d_20d_directional_decile;up_day_volume_share_20d_directional_decile;money_median_5d_vs_20d_directional_decile;close_position_20d_directional_decile;distance_to_20d_high_directional_decile;distance_from_20d_low_directional_decile;higher_low_slope_10d_directional_decile,stock_vs_board_20d_directional_decile;max_drawdown_20d_directional_decile,volatility_20d_decile,liquidity_metric_decile
distance_from_20d_low__top_30pct__AND__turnover_zscore_20d__top_30pct,robustness,4813,41940,level_3,8.713899854560566,15,0,1.0103587434989925,insufficient_control,fail,turnover_zscore_20d_directional_decile;volume_up_price_not_down_5d_directional_decile;amount_ratio_5d_20d_directional_decile;up_day_volume_share_20d_directional_decile;money_median_5d_vs_20d_directional_decile;close_position_20d_directional_decile;distance_to_20d_high_directional_decile;distance_from_20d_low_directional_decile;higher_low_slope_10d_directional_decile,stock_vs_board_20d_directional_decile;max_drawdown_20d_directional_decile,volatility_20d_decile,liquidity_metric_decile
distance_from_20d_low__top_40pct__AND__volume_up_price_not_down_5d__top_40pct,train,10580,32779,level_3,3.0982041587901703,24,0,0.7598180452152432,insufficient_control,fail,turnover_zscore_20d_directional_decile;volume_up_price_not_down_5d_directional_decile;amount_ratio_5d_20d_directional_decile;up_day_volume_share_20d_directional_decile;money_median_5d_vs_20d_directional_decile;close_position_20d_directional_decile;distance_to_20d_high_directional_decile;distance_from_20d_low_directional_decile;higher_low_slope_10d_directional_decile,stock_vs_board_20d_directional_decile;max_drawdown_20d_directional_decile,volatility_20d_decile,liquidity_metric_decile
distance_from_20d_low__top_40pct__AND__volume_up_price_not_down_5d__top_40pct,validation,5156,16014,level_3,3.1058960434445306,16,0,1.0555918873357217,insufficient_control,fail,turnover_zscore_20d_directional_decile;volume_up_price_not_down_5d_directional_decile;amount_ratio_5d_20d_directional_decile;up_day_volume_share_20d_directional_decile;money_median_5d_vs_20d_directional_decile;close_position_20d_directional_decile;distance_to_20d_high_directional_decile;distance_from_20d_low_directional_decile;higher_low_slope_10d_directional_decile,stock_vs_board_20d_directional_decile;max_drawdown_20d_directional_decile,volatility_20d_decile,liquidity_metric_decile
distance_from_20d_low__top_40pct__AND__volume_up_price_not_down_5d__top_40pct,robustness,10352,36401,level_3,3.516325347758887,15,0,1.065610613095636,insufficient_control,fail,turnover_zscore_20d_directional_decile;volume_up_price_not_down_5d_directional_decile;amount_ratio_5d_20d_directional_decile;up_day_volume_share_20d_directional_decile;money_median_5d_vs_20d_directional_decile;close_position_20d_directional_decile;distance_to_20d_high_directional_decile;distance_from_20d_low_directional_decile;higher_low_slope_10d_directional_decile,stock_vs_board_20d_directional_decile;max_drawdown_20d_directional_decile,volatility_20d_decile,liquidity_metric_decile
distance_from_20d_low__top_30pct__AND__volume_up_price_not_down_5d__top_30pct,train,6790,36569,level_3,5.385714285714286,24,0,0.8336967937981533,insufficient_control,fail,turnover_zscore_20d_directional_decile;volume_up_price_not_down_5d_directional_decile;amount_ratio_5d_20d_directional_decile;up_day_volume_share_20d_directional_decile;money_median_5d_vs_20d_directional_decile;close_position_20d_directional_decile;distance_to_20d_high_directional_decile;distance_from_20d_low_directional_decile;higher_low_slope_10d_directional_decile,stock_vs_board_20d_directional_decile;max_drawdown_20d_directional_decile,volatility_20d_decile,liquidity_metric_decile
distance_from_20d_low__top_30pct__AND__volume_up_price_not_down_5d__top_30pct,validation,3305,17853,level_3,5.401815431164902,15,0,1.1913493433038265,insufficient_control,fail,turnover_zscore_20d_directional_decile;volume_up_price_not_down_5d_directional_decile;amount_ratio_5d_20d_directional_decile;up_day_volume_share_20d_directional_decile;money_median_5d_vs_20d_directional_decile;close_position_20d_directional_decile;distance_to_20d_high_directional_decile;distance_from_20d_low_directional_decile;higher_low_slope_10d_directional_decile,stock_vs_board_20d_directional_decile;max_drawdown_20d_directional_decile,volatility_20d_decile,liquidity_metric_decile
distance_from_20d_low__top_30pct__AND__volume_up_price_not_down_5d__top_30pct,robustness,6365,40388,level_3,6.345326001571092,15,0,1.1845276745226327,insufficient_control,fail,turnover_zscore_20d_directional_decile;volume_up_price_not_down_5d_directional_decile;amount_ratio_5d_20d_directional_decile;up_day_volume_share_20d_directional_decile;money_median_5d_vs_20d_directional_decile;close_position_20d_directional_decile;distance_to_20d_high_directional_decile;distance_from_20d_low_directional_decile;higher_low_slope_10d_directional_decile,stock_vs_board_20d_directional_decile;max_drawdown_20d_directional_decile,volatility_20d_decile,liquidity_metric_decile
distance_from_20d_low__top_40pct__AND__amount_ratio_5d_20d__top_40pct,train,10676,32683,level_3,3.0613525665043086,24,0,0.8323439405850676,insufficient_control,fail,turnover_zscore_20d_directional_decile;volume_up_price_not_down_5d_directional_decile;amount_ratio_5d_20d_directional_decile;up_day_volume_share_20d_directional_decile;money_median_5d_vs_20d_directional_decile;close_position_20d_directional_decile;distance_to_20d_high_directional_decile;distance_from_20d_low_directional_decile;higher_low_slope_10d_directional_decile,stock_vs_board_20d_directional_decile;max_drawdown_20d_directional_decile,volatility_20d_decile,liquidity_metric_decile
distance_from_20d_low__top_40pct__AND__amount_ratio_5d_20d__top_40pct,validation,4722,16448,level_3,3.4832698009318084,16,0,1.2481627154577082,insufficient_control,fail,turnover_zscore_20d_directional_decile;volume_up_price_not_down_5d_directional_decile;amount_ratio_5d_20d_directional_decile;up_day_volume_share_20d_directional_decile;money_median_5d_vs_20d_directional_decile;close_position_20d_directional_decile;distance_to_20d_high_directional_decile;distance_from_20d_low_directional_decile;higher_low_slope_10d_directional_decile,stock_vs_board_20d_directional_decile;max_drawdown_20d_directional_decile,volatility_20d_decile,liquidity_metric_decile
distance_from_20d_low__top_40pct__AND__amount_ratio_5d_20d__top_40pct,robustness,8916,37837,level_3,4.243719156572454,15,0,0.9555863394470046,insufficient_control,fail,turnover_zscore_20d_directional_decile;volume_up_price_not_down_5d_directional_decile;amount_ratio_5d_20d_directional_decile;up_day_volume_share_20d_directional_decile;money_median_5d_vs_20d_directional_decile;close_position_20d_directional_decile;distance_to_20d_high_directional_decile;distance_from_20d_low_directional_decile;higher_low_slope_10d_directional_decile,stock_vs_board_20d_directional_decile;max_drawdown_20d_directional_decile,volatility_20d_decile,liquidity_metric_decile
distance_from_20d_low__top_30pct__AND__amount_ratio_5d_20d__top_30pct,train,7120,36239,level_3,5.089747191011236,24,0,0.8572932658291753,insufficient_control,fail,turnover_zscore_20d_directional_decile;volume_up_price_not_down_5d_directional_decile;amount_ratio_5d_20d_directional_decile;up_day_volume_share_20d_directional_decile;money_median_5d_vs_20d_directional_decile;close_position_20d_directional_decile;distance_to_20d_high_directional_decile;distance_from_20d_low_directional_decile;higher_low_slope_10d_directional_decile,stock_vs_board_20d_directional_decile;max_drawdown_20d_directional_decile,volatility_20d_decile,liquidity_metric_decile
distance_from_20d_low__top_30pct__AND__amount_ratio_5d_20d__top_30pct,validation,3044,18126,level_3,5.954664914586071,16,0,1.365809283997885,insufficient_control,fail,turnover_zscore_20d_directional_decile;volume_up_price_not_down_5d_directional_decile;amount_ratio_5d_20d_directional_decile;up_day_volume_share_20d_directional_decile;money_median_5d_vs_20d_directional_decile;close_position_20d_directional_decile;distance_to_20d_high_directional_decile;distance_from_20d_low_directional_decile;higher_low_slope_10d_directional_decile,stock_vs_board_20d_directional_decile;max_drawdown_20d_directional_decile,volatility_20d_decile,liquidity_metric_decile
distance_from_20d_low__top_30pct__AND__amount_ratio_5d_20d__top_30pct,robustness,5333,41420,level_3,7.76673542096381,15,0,1.0431630969446424,insufficient_control,fail,turnover_zscore_20d_directional_decile;volume_up_price_not_down_5d_directional_decile;amount_ratio_5d_20d_directional_decile;up_day_volume_share_20d_directional_decile;money_median_5d_vs_20d_directional_decile;close_position_20d_directional_decile;distance_to_20d_high_directional_decile;distance_from_20d_low_directional_decile;higher_low_slope_10d_directional_decile,stock_vs_board_20d_directional_decile;max_drawdown_20d_directional_decile,volatility_20d_decile,liquidity_metric_decile
max_drawdown_20d__top_40pct__AND__turnover_zscore_20d__top_40pct,train,8448,34911,level_3,4.132457386363637,24,0,1.3410258978126015,insufficient_control,fail,max_drawdown_20d_directional_decile;ret_60d_directional_decile;distance_to_60d_low_directional_decile;max_drawdown_60d_directional_decile;turnover_zscore_20d_directional_decile;volume_up_price_not_down_5d_directional_decile;amount_ratio_5d_20d_directional_decile;up_day_volume_share_20d_directional_decile;money_median_5d_vs_20d_directional_decile,stock_vs_board_20d_directional_decile;close_position_20d_directional_decile,volatility_20d_decile,liquidity_metric_decile
max_drawdown_20d__top_40pct__AND__turnover_zscore_20d__top_40pct,validation,3980,17190,level_3,4.319095477386934,16,0,1.4075079396017358,insufficient_control,fail,max_drawdown_20d_directional_decile;ret_60d_directional_decile;distance_to_60d_low_directional_decile;max_drawdown_60d_directional_decile;turnover_zscore_20d_directional_decile;volume_up_price_not_down_5d_directional_decile;amount_ratio_5d_20d_directional_decile;up_day_volume_share_20d_directional_decile;money_median_5d_vs_20d_directional_decile,stock_vs_board_20d_directional_decile;close_position_20d_directional_decile,volatility_20d_decile,liquidity_metric_decile
max_drawdown_20d__top_40pct__AND__turnover_zscore_20d__top_40pct,robustness,8864,37906,level_3,4.276398916967509,16,0,1.0926838157440308,insufficient_control,fail,max_drawdown_20d_directional_decile;ret_60d_directional_decile;distance_to_60d_low_directional_decile;max_drawdown_60d_directional_decile;turnover_zscore_20d_directional_decile;volume_up_price_not_down_5d_directional_decile;amount_ratio_5d_20d_directional_decile;up_day_volume_share_20d_directional_decile;money_median_5d_vs_20d_directional_decile,stock_vs_board_20d_directional_decile;close_position_20d_directional_decile,volatility_20d_decile,liquidity_metric_decile
max_drawdown_20d__top_30pct__AND__turnover_zscore_20d__top_30pct,train,5073,38286,level_3,7.547013601419279,24,0,1.430651343341853,insufficient_control,fail,max_drawdown_20d_directional_decile;ret_60d_directional_decile;distance_to_60d_low_directional_decile;max_drawdown_60d_directional_decile;turnover_zscore_20d_directional_decile;volume_up_price_not_down_5d_directional_decile;amount_ratio_5d_20d_directional_decile;up_day_volume_share_20d_directional_decile;money_median_5d_vs_20d_directional_decile,stock_vs_board_20d_directional_decile;close_position_20d_directional_decile,volatility_20d_decile,liquidity_metric_decile
max_drawdown_20d__top_30pct__AND__turnover_zscore_20d__top_30pct,validation,2507,18479,level_3,7.370961308336657,15,0,1.4699066077002267,insufficient_control,fail,max_drawdown_20d_directional_decile;ret_60d_directional_decile;distance_to_60d_low_directional_decile;max_drawdown_60d_directional_decile;turnover_zscore_20d_directional_decile;volume_up_price_not_down_5d_directional_decile;amount_ratio_5d_20d_directional_decile;up_day_volume_share_20d_directional_decile;money_median_5d_vs_20d_directional_decile,stock_vs_board_20d_directional_decile;close_position_20d_directional_decile,volatility_20d_decile,liquidity_metric_decile
max_drawdown_20d__top_30pct__AND__turnover_zscore_20d__top_30pct,robustness,5073,41697,level_3,8.2193968066233,16,0,1.1647567183261358,insufficient_control,fail,max_drawdown_20d_directional_decile;ret_60d_directional_decile;distance_to_60d_low_directional_decile;max_drawdown_60d_directional_decile;turnover_zscore_20d_directional_decile;volume_up_price_not_down_5d_directional_decile;amount_ratio_5d_20d_directional_decile;up_day_volume_share_20d_directional_decile;money_median_5d_vs_20d_directional_decile,stock_vs_board_20d_directional_decile;close_position_20d_directional_decile,volatility_20d_decile,liquidity_metric_decile
max_drawdown_20d__top_40pct__AND__volume_up_price_not_down_5d__top_40pct,train,8726,34633,level_3,3.968943387577355,24,0,1.520306209462852,insufficient_control,fail,max_drawdown_20d_directional_decile;ret_60d_directional_decile;distance_to_60d_low_directional_decile;max_drawdown_60d_directional_decile;turnover_zscore_20d_directional_decile;volume_up_price_not_down_5d_directional_decile;amount_ratio_5d_20d_directional_decile;up_day_volume_share_20d_directional_decile;money_median_5d_vs_20d_directional_decile,stock_vs_board_20d_directional_decile;close_position_20d_directional_decile,volatility_20d_decile,liquidity_metric_decile
max_drawdown_20d__top_40pct__AND__volume_up_price_not_down_5d__top_40pct,validation,4424,16746,level_3,3.785262206148282,16,0,1.6501160559183798,insufficient_control,fail,max_drawdown_20d_directional_decile;ret_60d_directional_decile;distance_to_60d_low_directional_decile;max_drawdown_60d_directional_decile;turnover_zscore_20d_directional_decile;volume_up_price_not_down_5d_directional_decile;amount_ratio_5d_20d_directional_decile;up_day_volume_share_20d_directional_decile;money_median_5d_vs_20d_directional_decile,stock_vs_board_20d_directional_decile;close_position_20d_directional_decile,volatility_20d_decile,liquidity_metric_decile
max_drawdown_20d__top_40pct__AND__volume_up_price_not_down_5d__top_40pct,robustness,9575,37195,level_3,3.8845953002610965,16,0,1.5928149752065985,insufficient_control,fail,max_drawdown_20d_directional_decile;ret_60d_directional_decile;distance_to_60d_low_directional_decile;max_drawdown_60d_directional_decile;turnover_zscore_20d_directional_decile;volume_up_price_not_down_5d_directional_decile;amount_ratio_5d_20d_directional_decile;up_day_volume_share_20d_directional_decile;money_median_5d_vs_20d_directional_decile,stock_vs_board_20d_directional_decile;close_position_20d_directional_decile,volatility_20d_decile,liquidity_metric_decile
max_drawdown_20d__top_30pct__AND__volume_up_price_not_down_5d__top_30pct,train,5380,37960,level_3,7.055762081784387,23,0,1.5747903105535814,insufficient_control,fail,max_drawdown_20d_directional_decile;ret_60d_directional_decile;distance_to_60d_low_directional_decile;max_drawdown_60d_directional_decile;turnover_zscore_20d_directional_decile;volume_up_price_not_down_5d_directional_decile;amount_ratio_5d_20d_directional_decile;up_day_volume_share_20d_directional_decile;money_median_5d_vs_20d_directional_decile,stock_vs_board_20d_directional_decile;close_position_20d_directional_decile,volatility_20d_decile,liquidity_metric_decile
max_drawdown_20d__top_30pct__AND__volume_up_price_not_down_5d__top_30pct,validation,2853,18305,level_3,6.416053277252016,15,0,1.6928885769241389,insufficient_control,fail,max_drawdown_20d_directional_decile;ret_60d_directional_decile;distance_to_60d_low_directional_decile;max_drawdown_60d_directional_decile;turnover_zscore_20d_directional_decile;volume_up_price_not_down_5d_directional_decile;amount_ratio_5d_20d_directional_decile;up_day_volume_share_20d_directional_decile;money_median_5d_vs_20d_directional_decile,stock_vs_board_20d_directional_decile;close_position_20d_directional_decile,volatility_20d_decile,liquidity_metric_decile
max_drawdown_20d__top_30pct__AND__volume_up_price_not_down_5d__top_30pct,robustness,5482,41288,level_3,7.531557825611091,16,0,1.6297602743188606,insufficient_control,fail,max_drawdown_20d_directional_decile;ret_60d_directional_decile;distance_to_60d_low_directional_decile;max_drawdown_60d_directional_decile;turnover_zscore_20d_directional_decile;volume_up_price_not_down_5d_directional_decile;amount_ratio_5d_20d_directional_decile;up_day_volume_share_20d_directional_decile;money_median_5d_vs_20d_directional_decile,stock_vs_board_20d_directional_decile;close_position_20d_directional_decile,volatility_20d_decile,liquidity_metric_decile
max_drawdown_20d__top_40pct__AND__amount_ratio_5d_20d__top_40pct,train,9707,33652,level_3,3.4667765530029877,24,0,1.3574376837128,insufficient_control,fail,max_drawdown_20d_directional_decile;ret_60d_directional_decile;distance_to_60d_low_directional_decile;max_drawdown_60d_directional_decile;turnover_zscore_20d_directional_decile;volume_up_price_not_down_5d_directional_decile;amount_ratio_5d_20d_directional_decile;up_day_volume_share_20d_directional_decile;money_median_5d_vs_20d_directional_decile,stock_vs_board_20d_directional_decile;close_position_20d_directional_decile,volatility_20d_decile,liquidity_metric_decile
max_drawdown_20d__top_40pct__AND__amount_ratio_5d_20d__top_40pct,validation,4436,16734,level_3,3.772317403065825,16,0,1.428960769111475,insufficient_control,fail,max_drawdown_20d_directional_decile;ret_60d_directional_decile;distance_to_60d_low_directional_decile;max_drawdown_60d_directional_decile;turnover_zscore_20d_directional_decile;volume_up_price_not_down_5d_directional_decile;amount_ratio_5d_20d_directional_decile;up_day_volume_share_20d_directional_decile;money_median_5d_vs_20d_directional_decile,stock_vs_board_20d_directional_decile;close_position_20d_directional_decile,volatility_20d_decile,liquidity_metric_decile
max_drawdown_20d__top_40pct__AND__amount_ratio_5d_20d__top_40pct,robustness,9456,37314,level_3,3.9460659898477157,16,0,1.0958767272868024,insufficient_control,fail,max_drawdown_20d_directional_decile;ret_60d_directional_decile;distance_to_60d_low_directional_decile;max_drawdown_60d_directional_decile;turnover_zscore_20d_directional_decile;volume_up_price_not_down_5d_directional_decile;amount_ratio_5d_20d_directional_decile;up_day_volume_share_20d_directional_decile;money_median_5d_vs_20d_directional_decile,stock_vs_board_20d_directional_decile;close_position_20d_directional_decile,volatility_20d_decile,liquidity_metric_decile
max_drawdown_20d__top_30pct__AND__amount_ratio_5d_20d__top_30pct,train,6102,37257,level_3,6.105703048180924,24,0,1.3843860079151866,insufficient_control,fail,max_drawdown_20d_directional_decile;ret_60d_directional_decile;distance_to_60d_low_directional_decile;max_drawdown_60d_directional_decile;turnover_zscore_20d_directional_decile;volume_up_price_not_down_5d_directional_decile;amount_ratio_5d_20d_directional_decile;up_day_volume_share_20d_directional_decile;money_median_5d_vs_20d_directional_decile,stock_vs_board_20d_directional_decile;close_position_20d_directional_decile,volatility_20d_decile,liquidity_metric_decile
max_drawdown_20d__top_30pct__AND__amount_ratio_5d_20d__top_30pct,validation,2840,18330,level_3,6.454225352112676,16,0,1.46748549376037,insufficient_control,fail,max_drawdown_20d_directional_decile;ret_60d_directional_decile;distance_to_60d_low_directional_decile;max_drawdown_60d_directional_decile;turnover_zscore_20d_directional_decile;volume_up_price_not_down_5d_directional_decile;amount_ratio_5d_20d_directional_decile;up_day_volume_share_20d_directional_decile;money_median_5d_vs_20d_directional_decile,stock_vs_board_20d_directional_decile;close_position_20d_directional_decile,volatility_20d_decile,liquidity_metric_decile
max_drawdown_20d__top_30pct__AND__amount_ratio_5d_20d__top_30pct,robustness,5356,41397,level_3,7.729088872292756,15,0,1.1348660748809138,insufficient_control,fail,max_drawdown_20d_directional_decile;ret_60d_directional_decile;distance_to_60d_low_directional_decile;max_drawdown_60d_directional_decile;turnover_zscore_20d_directional_decile;volume_up_price_not_down_5d_directional_decile;amount_ratio_5d_20d_directional_decile;up_day_volume_share_20d_directional_decile;money_median_5d_vs_20d_directional_decile,stock_vs_board_20d_directional_decile;close_position_20d_directional_decile,volatility_20d_decile,liquidity_metric_decile
ret_60d__top_40pct__AND__turnover_zscore_20d__top_40pct,train,7596,35748,level_3,4.706161137440758,23,0,1.0723082003837343,insufficient_control,fail,max_drawdown_20d_directional_decile;ret_60d_directional_decile;distance_to_60d_low_directional_decile;max_drawdown_60d_directional_decile;turnover_zscore_20d_directional_decile;volume_up_price_not_down_5d_directional_decile;amount_ratio_5d_20d_directional_decile;up_day_volume_share_20d_directional_decile;money_median_5d_vs_20d_directional_decile,stock_vs_board_20d_directional_decile;close_position_20d_directional_decile,volatility_20d_decile,liquidity_metric_decile
ret_60d__top_40pct__AND__turnover_zscore_20d__top_40pct,validation,4623,16535,level_3,3.5766818083495564,15,0,0.9006781488821273,insufficient_control,fail,max_drawdown_20d_directional_decile;ret_60d_directional_decile;distance_to_60d_low_directional_decile;max_drawdown_60d_directional_decile;turnover_zscore_20d_directional_decile;volume_up_price_not_down_5d_directional_decile;amount_ratio_5d_20d_directional_decile;up_day_volume_share_20d_directional_decile;money_median_5d_vs_20d_directional_decile,stock_vs_board_20d_directional_decile;close_position_20d_directional_decile,volatility_20d_decile,liquidity_metric_decile
ret_60d__top_40pct__AND__turnover_zscore_20d__top_40pct,robustness,10264,36506,level_3,3.5567030397505848,16,0,0.6988510759081129,insufficient_control,fail,max_drawdown_20d_directional_decile;ret_60d_directional_decile;distance_to_60d_low_directional_decile;max_drawdown_60d_directional_decile;turnover_zscore_20d_directional_decile;volume_up_price_not_down_5d_directional_decile;amount_ratio_5d_20d_directional_decile;up_day_volume_share_20d_directional_decile;money_median_5d_vs_20d_directional_decile,stock_vs_board_20d_directional_decile;close_position_20d_directional_decile,volatility_20d_decile,liquidity_metric_decile
ret_60d__top_30pct__AND__turnover_zscore_20d__top_30pct,train,4518,38826,level_3,8.593625498007968,23,0,1.1441096074411778,insufficient_control,fail,max_drawdown_20d_directional_decile;ret_60d_directional_decile;distance_to_60d_low_directional_decile;max_drawdown_60d_directional_decile;turnover_zscore_20d_directional_decile;volume_up_price_not_down_5d_directional_decile;amount_ratio_5d_20d_directional_decile;up_day_volume_share_20d_directional_decile;money_median_5d_vs_20d_directional_decile,stock_vs_board_20d_directional_decile;close_position_20d_directional_decile,volatility_20d_decile,liquidity_metric_decile
ret_60d__top_30pct__AND__turnover_zscore_20d__top_30pct,validation,2710,18448,level_3,6.807380073800738,15,0,0.9901049507323656,insufficient_control,fail,max_drawdown_20d_directional_decile;ret_60d_directional_decile;distance_to_60d_low_directional_decile;max_drawdown_60d_directional_decile;turnover_zscore_20d_directional_decile;volume_up_price_not_down_5d_directional_decile;amount_ratio_5d_20d_directional_decile;up_day_volume_share_20d_directional_decile;money_median_5d_vs_20d_directional_decile,stock_vs_board_20d_directional_decile;close_position_20d_directional_decile,volatility_20d_decile,liquidity_metric_decile
ret_60d__top_30pct__AND__turnover_zscore_20d__top_30pct,robustness,6358,40395,level_3,6.3534130229631955,15,0,0.7768692477707397,insufficient_control,fail,max_drawdown_20d_directional_decile;ret_60d_directional_decile;distance_to_60d_low_directional_decile;max_drawdown_60d_directional_decile;turnover_zscore_20d_directional_decile;volume_up_price_not_down_5d_directional_decile;amount_ratio_5d_20d_directional_decile;up_day_volume_share_20d_directional_decile;money_median_5d_vs_20d_directional_decile,stock_vs_board_20d_directional_decile;close_position_20d_directional_decile,volatility_20d_decile,liquidity_metric_decile
ret_60d__top_40pct__AND__volume_up_price_not_down_5d__top_40pct,train,8103,35256,level_3,4.350981118104405,24,0,1.1793679729782827,insufficient_control,fail,max_drawdown_20d_directional_decile;ret_60d_directional_decile;distance_to_60d_low_directional_decile;max_drawdown_60d_directional_decile;turnover_zscore_20d_directional_decile;volume_up_price_not_down_5d_directional_decile;amount_ratio_5d_20d_directional_decile;up_day_volume_share_20d_directional_decile;money_median_5d_vs_20d_directional_decile,stock_vs_board_20d_directional_decile;close_position_20d_directional_decile,volatility_20d_decile,liquidity_metric_decile
ret_60d__top_40pct__AND__volume_up_price_not_down_5d__top_40pct,validation,5360,15798,level_3,2.9473880597014928,15,0,1.1432052346994301,insufficient_control,fail,max_drawdown_20d_directional_decile;ret_60d_directional_decile;distance_to_60d_low_directional_decile;max_drawdown_60d_directional_decile;turnover_zscore_20d_directional_decile;volume_up_price_not_down_5d_directional_decile;amount_ratio_5d_20d_directional_decile;up_day_volume_share_20d_directional_decile;money_median_5d_vs_20d_directional_decile,stock_vs_board_20d_directional_decile;close_position_20d_directional_decile,volatility_20d_decile,liquidity_metric_decile
ret_60d__top_40pct__AND__volume_up_price_not_down_5d__top_40pct,robustness,11138,35632,level_3,3.1991380858322858,16,0,1.2046291435279335,insufficient_control,fail,max_drawdown_20d_directional_decile;ret_60d_directional_decile;distance_to_60d_low_directional_decile;max_drawdown_60d_directional_decile;turnover_zscore_20d_directional_decile;volume_up_price_not_down_5d_directional_decile;amount_ratio_5d_20d_directional_decile;up_day_volume_share_20d_directional_decile;money_median_5d_vs_20d_directional_decile,stock_vs_board_20d_directional_decile;close_position_20d_directional_decile,volatility_20d_decile,liquidity_metric_decile
ret_60d__top_30pct__AND__volume_up_price_not_down_5d__top_30pct,train,4801,38558,level_3,8.031243490939387,24,0,1.287393610051357,insufficient_control,fail,max_drawdown_20d_directional_decile;ret_60d_directional_decile;distance_to_60d_low_directional_decile;max_drawdown_60d_directional_decile;turnover_zscore_20d_directional_decile;volume_up_price_not_down_5d_directional_decile;amount_ratio_5d_20d_directional_decile;up_day_volume_share_20d_directional_decile;money_median_5d_vs_20d_directional_decile,stock_vs_board_20d_directional_decile;close_position_20d_directional_decile,volatility_20d_decile,liquidity_metric_decile
ret_60d__top_30pct__AND__volume_up_price_not_down_5d__top_30pct,validation,3345,17813,level_3,5.32526158445441,15,0,1.2279089272680568,insufficient_control,fail,max_drawdown_20d_directional_decile;ret_60d_directional_decile;distance_to_60d_low_directional_decile;max_drawdown_60d_directional_decile;turnover_zscore_20d_directional_decile;volume_up_price_not_down_5d_directional_decile;amount_ratio_5d_20d_directional_decile;up_day_volume_share_20d_directional_decile;money_median_5d_vs_20d_directional_decile,stock_vs_board_20d_directional_decile;close_position_20d_directional_decile,volatility_20d_decile,liquidity_metric_decile
ret_60d__top_30pct__AND__volume_up_price_not_down_5d__top_30pct,robustness,7123,39630,level_3,5.563666994243999,15,0,1.2618871430820975,insufficient_control,fail,max_drawdown_20d_directional_decile;ret_60d_directional_decile;distance_to_60d_low_directional_decile;max_drawdown_60d_directional_decile;turnover_zscore_20d_directional_decile;volume_up_price_not_down_5d_directional_decile;amount_ratio_5d_20d_directional_decile;up_day_volume_share_20d_directional_decile;money_median_5d_vs_20d_directional_decile,stock_vs_board_20d_directional_decile;close_position_20d_directional_decile,volatility_20d_decile,liquidity_metric_decile
ret_60d__top_40pct__AND__amount_ratio_5d_20d__top_40pct,train,7853,35491,level_3,4.519419330192283,23,0,1.1959292980777674,insufficient_control,fail,max_drawdown_20d_directional_decile;ret_60d_directional_decile;distance_to_60d_low_directional_decile;max_drawdown_60d_directional_decile;turnover_zscore_20d_directional_decile;volume_up_price_not_down_5d_directional_decile;amount_ratio_5d_20d_directional_decile;up_day_volume_share_20d_directional_decile;money_median_5d_vs_20d_directional_decile,stock_vs_board_20d_directional_decile;close_position_20d_directional_decile,volatility_20d_decile,liquidity_metric_decile
ret_60d__top_40pct__AND__amount_ratio_5d_20d__top_40pct,validation,4622,16536,level_3,3.577672003461705,15,0,1.155746760416118,insufficient_control,fail,max_drawdown_20d_directional_decile;ret_60d_directional_decile;distance_to_60d_low_directional_decile;max_drawdown_60d_directional_decile;turnover_zscore_20d_directional_decile;volume_up_price_not_down_5d_directional_decile;amount_ratio_5d_20d_directional_decile;up_day_volume_share_20d_directional_decile;money_median_5d_vs_20d_directional_decile,stock_vs_board_20d_directional_decile;close_position_20d_directional_decile,volatility_20d_decile,liquidity_metric_decile
ret_60d__top_40pct__AND__amount_ratio_5d_20d__top_40pct,robustness,9946,36824,level_3,3.702392921777599,16,0,0.8101986197648413,insufficient_control,fail,max_drawdown_20d_directional_decile;ret_60d_directional_decile;distance_to_60d_low_directional_decile;max_drawdown_60d_directional_decile;turnover_zscore_20d_directional_decile;volume_up_price_not_down_5d_directional_decile;amount_ratio_5d_20d_directional_decile;up_day_volume_share_20d_directional_decile;money_median_5d_vs_20d_directional_decile,stock_vs_board_20d_directional_decile;close_position_20d_directional_decile,volatility_20d_decile,liquidity_metric_decile
ret_60d__top_30pct__AND__amount_ratio_5d_20d__top_30pct,train,4671,38673,level_3,8.279383429672446,23,0,1.2680373020085047,insufficient_control,fail,max_drawdown_20d_directional_decile;ret_60d_directional_decile;distance_to_60d_low_directional_decile;max_drawdown_60d_directional_decile;turnover_zscore_20d_directional_decile;volume_up_price_not_down_5d_directional_decile;amount_ratio_5d_20d_directional_decile;up_day_volume_share_20d_directional_decile;money_median_5d_vs_20d_directional_decile,stock_vs_board_20d_directional_decile;close_position_20d_directional_decile,volatility_20d_decile,liquidity_metric_decile
ret_60d__top_30pct__AND__amount_ratio_5d_20d__top_30pct,validation,2698,18383,level_3,6.813565604151223,14,0,1.3034192169575665,insufficient_control,fail,max_drawdown_20d_directional_decile;ret_60d_directional_decile;distance_to_60d_low_directional_decile;max_drawdown_60d_directional_decile;turnover_zscore_20d_directional_decile;volume_up_price_not_down_5d_directional_decile;amount_ratio_5d_20d_directional_decile;up_day_volume_share_20d_directional_decile;money_median_5d_vs_20d_directional_decile,stock_vs_board_20d_directional_decile;close_position_20d_directional_decile,volatility_20d_decile,liquidity_metric_decile
ret_60d__top_30pct__AND__amount_ratio_5d_20d__top_30pct,robustness,5916,40837,level_3,6.902805949966194,15,0,0.9217180744853493,insufficient_control,fail,max_drawdown_20d_directional_decile;ret_60d_directional_decile;distance_to_60d_low_directional_decile;max_drawdown_60d_directional_decile;turnover_zscore_20d_directional_decile;volume_up_price_not_down_5d_directional_decile;amount_ratio_5d_20d_directional_decile;up_day_volume_share_20d_directional_decile;money_median_5d_vs_20d_directional_decile,stock_vs_board_20d_directional_decile;close_position_20d_directional_decile,volatility_20d_decile,liquidity_metric_decile
distance_to_60d_low__top_40pct__AND__turnover_zscore_20d__top_40pct,train,8410,34934,level_3,4.153864447086802,23,0,1.4500998953595245,insufficient_control,fail,max_drawdown_20d_directional_decile;ret_60d_directional_decile;distance_to_60d_low_directional_decile;max_drawdown_60d_directional_decile;turnover_zscore_20d_directional_decile;volume_up_price_not_down_5d_directional_decile;amount_ratio_5d_20d_directional_decile;up_day_volume_share_20d_directional_decile;money_median_5d_vs_20d_directional_decile,stock_vs_board_20d_directional_decile;close_position_20d_directional_decile,volatility_20d_decile,liquidity_metric_decile
distance_to_60d_low__top_40pct__AND__turnover_zscore_20d__top_40pct,validation,4492,16678,level_3,3.7128227960819236,16,0,1.0917044103662306,insufficient_control,fail,max_drawdown_20d_directional_decile;ret_60d_directional_decile;distance_to_60d_low_directional_decile;max_drawdown_60d_directional_decile;turnover_zscore_20d_directional_decile;volume_up_price_not_down_5d_directional_decile;amount_ratio_5d_20d_directional_decile;up_day_volume_share_20d_directional_decile;money_median_5d_vs_20d_directional_decile,stock_vs_board_20d_directional_decile;close_position_20d_directional_decile,volatility_20d_decile,liquidity_metric_decile
distance_to_60d_low__top_40pct__AND__turnover_zscore_20d__top_40pct,robustness,10167,36603,level_3,3.600177043375627,16,0,0.9390113487194702,insufficient_control,fail,max_drawdown_20d_directional_decile;ret_60d_directional_decile;distance_to_60d_low_directional_decile;max_drawdown_60d_directional_decile;turnover_zscore_20d_directional_decile;volume_up_price_not_down_5d_directional_decile;amount_ratio_5d_20d_directional_decile;up_day_volume_share_20d_directional_decile;money_median_5d_vs_20d_directional_decile,stock_vs_board_20d_directional_decile;close_position_20d_directional_decile,volatility_20d_decile,liquidity_metric_decile
distance_to_60d_low__top_30pct__AND__turnover_zscore_20d__top_30pct,train,5122,38222,level_3,7.462319406481843,23,0,1.435067183237582,insufficient_control,fail,max_drawdown_20d_directional_decile;ret_60d_directional_decile;distance_to_60d_low_directional_decile;max_drawdown_60d_directional_decile;turnover_zscore_20d_directional_decile;volume_up_price_not_down_5d_directional_decile;amount_ratio_5d_20d_directional_decile;up_day_volume_share_20d_directional_decile;money_median_5d_vs_20d_directional_decile,stock_vs_board_20d_directional_decile;close_position_20d_directional_decile,volatility_20d_decile,liquidity_metric_decile
distance_to_60d_low__top_30pct__AND__turnover_zscore_20d__top_30pct,validation,2722,18448,level_3,6.777369581190301,16,0,1.1111569908498322,insufficient_control,fail,max_drawdown_20d_directional_decile;ret_60d_directional_decile;distance_to_60d_low_directional_decile;max_drawdown_60d_directional_decile;turnover_zscore_20d_directional_decile;volume_up_price_not_down_5d_directional_decile;amount_ratio_5d_20d_directional_decile;up_day_volume_share_20d_directional_decile;money_median_5d_vs_20d_directional_decile,stock_vs_board_20d_directional_decile;close_position_20d_directional_decile,volatility_20d_decile,liquidity_metric_decile
distance_to_60d_low__top_30pct__AND__turnover_zscore_20d__top_30pct,robustness,6298,40472,level_3,6.426167037154652,16,0,0.9922266599015119,insufficient_control,fail,max_drawdown_20d_directional_decile;ret_60d_directional_decile;distance_to_60d_low_directional_decile;max_drawdown_60d_directional_decile;turnover_zscore_20d_directional_decile;volume_up_price_not_down_5d_directional_decile;amount_ratio_5d_20d_directional_decile;up_day_volume_share_20d_directional_decile;money_median_5d_vs_20d_directional_decile,stock_vs_board_20d_directional_decile;close_position_20d_directional_decile,volatility_20d_decile,liquidity_metric_decile
distance_to_60d_low__top_40pct__AND__volume_up_price_not_down_5d__top_40pct,train,8982,34377,level_3,3.827321309285237,24,0,1.5629091399145565,insufficient_control,fail,max_drawdown_20d_directional_decile;ret_60d_directional_decile;distance_to_60d_low_directional_decile;max_drawdown_60d_directional_decile;turnover_zscore_20d_directional_decile;volume_up_price_not_down_5d_directional_decile;amount_ratio_5d_20d_directional_decile;up_day_volume_share_20d_directional_decile;money_median_5d_vs_20d_directional_decile,stock_vs_board_20d_directional_decile;close_position_20d_directional_decile,volatility_20d_decile,liquidity_metric_decile
distance_to_60d_low__top_40pct__AND__volume_up_price_not_down_5d__top_40pct,validation,5232,15938,level_3,3.0462538226299696,16,0,1.3628028986053415,insufficient_control,fail,max_drawdown_20d_directional_decile;ret_60d_directional_decile;distance_to_60d_low_directional_decile;max_drawdown_60d_directional_decile;turnover_zscore_20d_directional_decile;volume_up_price_not_down_5d_directional_decile;amount_ratio_5d_20d_directional_decile;up_day_volume_share_20d_directional_decile;money_median_5d_vs_20d_directional_decile,stock_vs_board_20d_directional_decile;close_position_20d_directional_decile,volatility_20d_decile,liquidity_metric_decile
distance_to_60d_low__top_40pct__AND__volume_up_price_not_down_5d__top_40pct,robustness,11673,35097,level_3,3.006682086867129,16,0,1.3581283030910098,insufficient_control,fail,max_drawdown_20d_directional_decile;ret_60d_directional_decile;distance_to_60d_low_directional_decile;max_drawdown_60d_directional_decile;turnover_zscore_20d_directional_decile;volume_up_price_not_down_5d_directional_decile;amount_ratio_5d_20d_directional_decile;up_day_volume_share_20d_directional_decile;money_median_5d_vs_20d_directional_decile,stock_vs_board_20d_directional_decile;close_position_20d_directional_decile,volatility_20d_decile,liquidity_metric_decile
distance_to_60d_low__top_30pct__AND__volume_up_price_not_down_5d__top_30pct,train,5511,37754,level_3,6.850662311740156,23,0,1.577268455096022,insufficient_control,fail,max_drawdown_20d_directional_decile;ret_60d_directional_decile;distance_to_60d_low_directional_decile;max_drawdown_60d_directional_decile;turnover_zscore_20d_directional_decile;volume_up_price_not_down_5d_directional_decile;amount_ratio_5d_20d_directional_decile;up_day_volume_share_20d_directional_decile;money_median_5d_vs_20d_directional_decile,stock_vs_board_20d_directional_decile;close_position_20d_directional_decile,volatility_20d_decile,liquidity_metric_decile
distance_to_60d_low__top_30pct__AND__volume_up_price_not_down_5d__top_30pct,validation,3275,17883,level_3,5.460458015267176,15,0,1.3878875807196676,insufficient_control,fail,max_drawdown_20d_directional_decile;ret_60d_directional_decile;distance_to_60d_low_directional_decile;max_drawdown_60d_directional_decile;turnover_zscore_20d_directional_decile;volume_up_price_not_down_5d_directional_decile;amount_ratio_5d_20d_directional_decile;up_day_volume_share_20d_directional_decile;money_median_5d_vs_20d_directional_decile,stock_vs_board_20d_directional_decile;close_position_20d_directional_decile,volatility_20d_decile,liquidity_metric_decile
distance_to_60d_low__top_30pct__AND__volume_up_price_not_down_5d__top_30pct,robustness,7415,39355,level_3,5.307484828051248,16,0,1.380409642060959,insufficient_control,fail,max_drawdown_20d_directional_decile;ret_60d_directional_decile;distance_to_60d_low_directional_decile;max_drawdown_60d_directional_decile;turnover_zscore_20d_directional_decile;volume_up_price_not_down_5d_directional_decile;amount_ratio_5d_20d_directional_decile;up_day_volume_share_20d_directional_decile;money_median_5d_vs_20d_directional_decile,stock_vs_board_20d_directional_decile;close_position_20d_directional_decile,volatility_20d_decile,liquidity_metric_decile
distance_to_60d_low__top_40pct__AND__amount_ratio_5d_20d__top_40pct,train,8993,34366,level_3,3.8214166574002,24,0,1.5650336184172013,insufficient_control,fail,max_drawdown_20d_directional_decile;ret_60d_directional_decile;distance_to_60d_low_directional_decile;max_drawdown_60d_directional_decile;turnover_zscore_20d_directional_decile;volume_up_price_not_down_5d_directional_decile;amount_ratio_5d_20d_directional_decile;up_day_volume_share_20d_directional_decile;money_median_5d_vs_20d_directional_decile,stock_vs_board_20d_directional_decile;close_position_20d_directional_decile,volatility_20d_decile,liquidity_metric_decile
distance_to_60d_low__top_40pct__AND__amount_ratio_5d_20d__top_40pct,validation,4677,16493,level_3,3.526405815693821,16,0,1.2909625192093306,insufficient_control,fail,max_drawdown_20d_directional_decile;ret_60d_directional_decile;distance_to_60d_low_directional_decile;max_drawdown_60d_directional_decile;turnover_zscore_20d_directional_decile;volume_up_price_not_down_5d_directional_decile;amount_ratio_5d_20d_directional_decile;up_day_volume_share_20d_directional_decile;money_median_5d_vs_20d_directional_decile,stock_vs_board_20d_directional_decile;close_position_20d_directional_decile,volatility_20d_decile,liquidity_metric_decile
distance_to_60d_low__top_40pct__AND__amount_ratio_5d_20d__top_40pct,robustness,10042,36728,level_3,3.657438757219677,16,0,1.0576056019911433,insufficient_control,fail,max_drawdown_20d_directional_decile;ret_60d_directional_decile;distance_to_60d_low_directional_decile;max_drawdown_60d_directional_decile;turnover_zscore_20d_directional_decile;volume_up_price_not_down_5d_directional_decile;amount_ratio_5d_20d_directional_decile;up_day_volume_share_20d_directional_decile;money_median_5d_vs_20d_directional_decile,stock_vs_board_20d_directional_decile;close_position_20d_directional_decile,volatility_20d_decile,liquidity_metric_decile
distance_to_60d_low__top_30pct__AND__amount_ratio_5d_20d__top_30pct,train,5634,37631,level_3,6.679268725594604,23,0,1.5336269094430761,insufficient_control,fail,max_drawdown_20d_directional_decile;ret_60d_directional_decile;distance_to_60d_low_directional_decile;max_drawdown_60d_directional_decile;turnover_zscore_20d_directional_decile;volume_up_price_not_down_5d_directional_decile;amount_ratio_5d_20d_directional_decile;up_day_volume_share_20d_directional_decile;money_median_5d_vs_20d_directional_decile,stock_vs_board_20d_directional_decile;close_position_20d_directional_decile,volatility_20d_decile,liquidity_metric_decile
distance_to_60d_low__top_30pct__AND__amount_ratio_5d_20d__top_30pct,validation,2798,18372,level_3,6.566118656182988,16,0,1.3660934885187792,insufficient_control,fail,max_drawdown_20d_directional_decile;ret_60d_directional_decile;distance_to_60d_low_directional_decile;max_drawdown_60d_directional_decile;turnover_zscore_20d_directional_decile;volume_up_price_not_down_5d_directional_decile;amount_ratio_5d_20d_directional_decile;up_day_volume_share_20d_directional_decile;money_median_5d_vs_20d_directional_decile,stock_vs_board_20d_directional_decile;close_position_20d_directional_decile,volatility_20d_decile,liquidity_metric_decile
distance_to_60d_low__top_30pct__AND__amount_ratio_5d_20d__top_30pct,robustness,5904,40849,level_3,6.918868563685637,15,0,1.1195025934069067,insufficient_control,fail,max_drawdown_20d_directional_decile;ret_60d_directional_decile;distance_to_60d_low_directional_decile;max_drawdown_60d_directional_decile;turnover_zscore_20d_directional_decile;volume_up_price_not_down_5d_directional_decile;amount_ratio_5d_20d_directional_decile;up_day_volume_share_20d_directional_decile;money_median_5d_vs_20d_directional_decile,stock_vs_board_20d_directional_decile;close_position_20d_directional_decile,volatility_20d_decile,liquidity_metric_decile
