family_id,grid_cell_id,baseline_family,split,top1_instrument_removed_tail_lift,top3_instrument_removed_tail_lift,top1_instrument_removed_train_triage_pass,top3_instrument_removed_train_triage_pass,max_instrument_candidate_share,max_instrument_winner_share,diagnostic_only_flag,blocking_reason
EP07_topn_multichannel_recommended_union,EP07_identity_cell,calendar_time_random_same_budget,train,0.9943470503998136,0.9929574214321848,False,False,0.003713838936669273,0.009400705052878966,True,
EP07_topn_multichannel_recommended_union,EP07_identity_cell,instrument_matched_random_same_budget,train,1.058658053659503,1.0571785481914802,False,False,0.003713838936669273,0.009400705052878966,True,
EP07_topn_multichannel_recommended_union,EP07_identity_cell,liquidity_size_volatility_matched_same_budget,train,1.0157053402652034,1.0142858624653344,False,False,0.003713838936669273,0.009400705052878966,True,
B1_near_120d_high_plus_volume_expansion,B1-near-120d-high-plus-volume-expansion__2fbec781d4f8,calendar_time_random_same_budget,train,1.053808148148148,1.0427273816477214,False,False,0.0053709966182613885,0.015258215962441314,True,
B1_near_120d_high_plus_volume_expansion,B1-near-120d-high-plus-volume-expansion__2fbec781d4f8,instrument_matched_random_same_budget,train,0.9288189336235038,0.9190524256089818,False,False,0.0053709966182613885,0.015258215962441314,True,
B1_near_120d_high_plus_volume_expansion,B1-near-120d-high-plus-volume-expansion__2fbec781d4f8,liquidity_size_volatility_matched_same_budget,train,1.0447791921664626,1.0337933649138977,False,False,0.0053709966182613885,0.015258215962441314,True,
B1_near_120d_high_plus_volume_expansion,B1-near-120d-high-plus-volume-expansion__0db9446cc5e9,calendar_time_random_same_budget,train,1.0306583084614747,1.0228120584404776,False,False,0.006517427033153868,0.02112676056338028,True,
B1_near_120d_high_plus_volume_expansion,B1-near-120d-high-plus-volume-expansion__0db9446cc5e9,instrument_matched_random_same_budget,train,0.9550297977723222,0.9477592964730024,False,False,0.006517427033153868,0.02112676056338028,True,
B1_near_120d_high_plus_volume_expansion,B1-near-120d-high-plus-volume-expansion__0db9446cc5e9,liquidity_size_volatility_matched_same_budget,train,1.015694122494702,1.0079617926192004,False,False,0.006517427033153868,0.02112676056338028,True,
B1_near_120d_high_plus_volume_expansion,B1-near-120d-high-plus-volume-expansion__df9bf4d825ee,calendar_time_random_same_budget,train,1.1245267742508707,1.127557104252934,False,False,0.0054621848739495795,0.014723926380368098,True,
B1_near_120d_high_plus_volume_expansion,B1-near-120d-high-plus-volume-expansion__df9bf4d825ee,instrument_matched_random_same_budget,train,0.9681177744749702,0.9707266197285449,False,False,0.0054621848739495795,0.014723926380368098,True,
B1_near_120d_high_plus_volume_expansion,B1-near-120d-high-plus-volume-expansion__df9bf4d825ee,liquidity_size_volatility_matched_same_budget,train,1.0067459151024003,1.0094588539321776,False,False,0.0054621848739495795,0.014723926380368098,True,
B1_near_120d_high_plus_volume_expansion,B1-near-120d-high-plus-volume-expansion__c4a7c88c7377,calendar_time_random_same_budget,train,1.0358847990143232,1.0287638942032888,False,False,0.006578947368421052,0.02029520295202952,True,
B1_near_120d_high_plus_volume_expansion,B1-near-120d-high-plus-volume-expansion__c4a7c88c7377,instrument_matched_random_same_budget,train,0.9494077376401256,0.9428812955753054,False,False,0.006578947368421052,0.02029520295202952,True,
B1_near_120d_high_plus_volume_expansion,B1-near-120d-high-plus-volume-expansion__c4a7c88c7377,liquidity_size_volatility_matched_same_budget,train,0.9898454746136864,0.9830410544609202,False,False,0.006578947368421052,0.02029520295202952,True,
B1_near_120d_high_plus_volume_expansion,B1-near-120d-high-plus-volume-expansion__bbfebb00d125,calendar_time_random_same_budget,train,0.9801360525160844,0.9830663820442861,False,False,0.004580152671755725,0.015360983102918587,True,
B1_near_120d_high_plus_volume_expansion,B1-near-120d-high-plus-volume-expansion__bbfebb00d125,instrument_matched_random_same_budget,train,0.9292198939438202,0.9319979985614659,False,False,0.004580152671755725,0.015360983102918587,True,
B1_near_120d_high_plus_volume_expansion,B1-near-120d-high-plus-volume-expansion__bbfebb00d125,liquidity_size_volatility_matched_same_budget,train,1.0303190184049078,1.0333993808049535,False,False,0.004580152671755725,0.015360983102918587,True,
B1_near_120d_high_plus_volume_expansion,B1-near-120d-high-plus-volume-expansion__06d51c8b5f0a,calendar_time_random_same_budget,train,0.984416745501232,0.9801323112464561,False,False,0.0055309734513274336,0.016706443914081145,True,
B1_near_120d_high_plus_volume_expansion,B1-near-120d-high-plus-volume-expansion__06d51c8b5f0a,instrument_matched_random_same_budget,train,0.8983589916301221,0.8944491028006039,False,False,0.0055309734513274336,0.016706443914081145,True,
B1_near_120d_high_plus_volume_expansion,B1-near-120d-high-plus-volume-expansion__06d51c8b5f0a,liquidity_size_volatility_matched_same_budget,train,0.9775646567854461,0.9733100445788473,False,False,0.0055309734513274336,0.016706443914081145,True,
B1_near_120d_high_plus_volume_expansion,B1-near-120d-high-plus-volume-expansion__69491bd81d41,calendar_time_random_same_budget,train,1.1523684932861034,1.1403677498000808,False,False,0.0045600858369098714,0.0144,True,
B1_near_120d_high_plus_volume_expansion,B1-near-120d-high-plus-volume-expansion__69491bd81d41,instrument_matched_random_same_budget,train,0.9491133142555791,0.9392292663230728,False,False,0.0045600858369098714,0.0144,True,
B1_near_120d_high_plus_volume_expansion,B1-near-120d-high-plus-volume-expansion__69491bd81d41,liquidity_size_volatility_matched_same_budget,train,0.9549720384176505,0.9450269778435857,False,False,0.0045600858369098714,0.0144,True,
B1_near_120d_high_plus_volume_expansion,B1-near-120d-high-plus-volume-expansion__fe749d056e5e,calendar_time_random_same_budget,train,0.955539709125885,0.9485117551795386,False,False,0.005426356589147287,0.017412935323383085,True,
B1_near_120d_high_plus_volume_expansion,B1-near-120d-high-plus-volume-expansion__fe749d056e5e,instrument_matched_random_same_budget,train,0.9399844115354639,0.9330708661417323,False,False,0.005426356589147287,0.017412935323383085,True,
B1_near_120d_high_plus_volume_expansion,B1-near-120d-high-plus-volume-expansion__fe749d056e5e,liquidity_size_volatility_matched_same_budget,train,0.9810516916510909,0.9738360981576332,False,False,0.005426356589147287,0.017412935323383085,True,
B1_near_120d_high_plus_volume_expansion,B1-near-120d-high-plus-volume-expansion__2f9c26c9f622,calendar_time_random_same_budget,train,1.0778099821958718,1.078537359126808,False,False,0.004185851820845542,0.012077294685990338,True,
B1_near_120d_high_plus_volume_expansion,B1-near-120d-high-plus-volume-expansion__2f9c26c9f622,instrument_matched_random_same_budget,train,1.0397055888859168,1.0404072504708097,False,False,0.004185851820845542,0.012077294685990338,True,
B1_near_120d_high_plus_volume_expansion,B1-near-120d-high-plus-volume-expansion__2f9c26c9f622,liquidity_size_volatility_matched_same_budget,train,0.9826334443885991,0.9832965899437723,False,False,0.004185851820845542,0.012077294685990338,True,
B1_near_120d_high_plus_volume_expansion,B1-near-120d-high-plus-volume-expansion__8570f56b69e0,calendar_time_random_same_budget,train,1.060929654295049,1.067423084784365,False,False,0.005477784540474742,0.01845018450184502,True,
B1_near_120d_high_plus_volume_expansion,B1-near-120d-high-plus-volume-expansion__8570f56b69e0,instrument_matched_random_same_budget,train,0.9907210742314061,0.9967847924089291,False,False,0.005477784540474742,0.01845018450184502,True,
B1_near_120d_high_plus_volume_expansion,B1-near-120d-high-plus-volume-expansion__8570f56b69e0,liquidity_size_volatility_matched_same_budget,train,0.9980597488553424,1.00416838346381,False,False,0.005477784540474742,0.01845018450184502,True,
B1_near_120d_high_plus_volume_expansion,B1-near-120d-high-plus-volume-expansion__48d651aca9d1,calendar_time_random_same_budget,train,1.1981571866591578,1.1896089561652476,False,False,0.003926701570680628,0.01240694789081886,True,
B1_near_120d_high_plus_volume_expansion,B1-near-120d-high-plus-volume-expansion__48d651aca9d1,instrument_matched_random_same_budget,train,1.0511248426043789,1.0436256116749953,False,False,0.003926701570680628,0.01240694789081886,True,
B1_near_120d_high_plus_volume_expansion,B1-near-120d-high-plus-volume-expansion__48d651aca9d1,liquidity_size_volatility_matched_same_budget,train,1.065028610363696,1.0574301832579978,False,False,0.003926701570680628,0.01240694789081886,True,
B1_near_120d_high_plus_volume_expansion,B1-near-120d-high-plus-volume-expansion__d72782df07a8,calendar_time_random_same_budget,train,1.1136517911885786,1.120771757886819,False,False,0.0057070386810399495,0.019157088122605363,True,
B1_near_120d_high_plus_volume_expansion,B1-near-120d-high-plus-volume-expansion__d72782df07a8,instrument_matched_random_same_budget,train,0.9682121915930552,0.9744023118941375,False,False,0.0057070386810399495,0.019157088122605363,True,
B1_near_120d_high_plus_volume_expansion,B1-near-120d-high-plus-volume-expansion__d72782df07a8,liquidity_size_volatility_matched_same_budget,train,0.9980033359497645,1.0043839214908803,False,False,0.0057070386810399495,0.019157088122605363,True,
B1_near_120d_high_plus_volume_expansion,B1-near-120d-high-plus-volume-expansion__8a99080f1bc1,calendar_time_random_same_budget,train,1.0871854336059872,1.078011356139164,False,False,0.004970685699719602,0.012724550898203593,True,
B1_near_120d_high_plus_volume_expansion,B1-near-120d-high-plus-volume-expansion__8a99080f1bc1,instrument_matched_random_same_budget,train,0.9909033287847928,0.9825417157430758,False,False,0.004970685699719602,0.012724550898203593,True,
B1_near_120d_high_plus_volume_expansion,B1-near-120d-high-plus-volume-expansion__8a99080f1bc1,liquidity_size_volatility_matched_same_budget,train,1.044069992615392,1.0352597393715923,False,False,0.004970685699719602,0.012724550898203593,True,
B1_near_120d_high_plus_volume_expansion,B1-near-120d-high-plus-volume-expansion__f451e23c2cad,calendar_time_random_same_budget,train,1.0434429542059664,1.0482035989297167,False,False,0.005512091038406828,0.016741071428571428,True,
B1_near_120d_high_plus_volume_expansion,B1-near-120d-high-plus-volume-expansion__f451e23c2cad,instrument_matched_random_same_budget,train,0.9218346182319098,0.9260404323531003,False,False,0.005512091038406828,0.016741071428571428,True,
B1_near_120d_high_plus_volume_expansion,B1-near-120d-high-plus-volume-expansion__f451e23c2cad,liquidity_size_volatility_matched_same_budget,train,0.9987407757845157,1.0032974695505406,False,False,0.005512091038406828,0.016741071428571428,True,
B1_near_120d_high_plus_volume_expansion,B1-near-120d-high-plus-volume-expansion__c234c2537c98,calendar_time_random_same_budget,train,1.0521492650277888,1.0525193261840795,False,False,0.005189340813464236,0.012810248198558846,True,
B1_near_120d_high_plus_volume_expansion,B1-near-120d-high-plus-volume-expansion__c234c2537c98,instrument_matched_random_same_budget,train,0.963788362521567,0.9641273454470028,False,False,0.005189340813464236,0.012810248198558846,True,
B1_near_120d_high_plus_volume_expansion,B1-near-120d-high-plus-volume-expansion__c234c2537c98,liquidity_size_volatility_matched_same_budget,train,1.0150956873077275,1.0154527160072446,False,False,0.005189340813464236,0.012810248198558846,True,
B1_near_120d_high_plus_volume_expansion,B1-near-120d-high-plus-volume-expansion__6e73278055d6,calendar_time_random_same_budget,train,1.0012161037229024,0.9936685908803824,False,False,0.006080816006276971,0.01684717208182912,True,
B1_near_120d_high_plus_volume_expansion,B1-near-120d-high-plus-volume-expansion__6e73278055d6,instrument_matched_random_same_budget,train,0.9204909531427803,0.9135519743704299,False,False,0.006080816006276971,0.01684717208182912,True,
B1_near_120d_high_plus_volume_expansion,B1-near-120d-high-plus-volume-expansion__6e73278055d6,liquidity_size_volatility_matched_same_budget,train,0.968196020207895,0.9608974241611234,False,False,0.006080816006276971,0.01684717208182912,True,
B1_near_120d_high_plus_volume_expansion,B1-near-120d-high-plus-volume-expansion__8bf4289d0b26,calendar_time_random_same_budget,train,1.0440060286826969,1.0444114679171368,False,False,0.004455760661998727,0.011650485436893204,True,
B1_near_120d_high_plus_volume_expansion,B1-near-120d-high-plus-volume-expansion__8bf4289d0b26,instrument_matched_random_same_budget,train,0.9948172831005311,0.9952036199095021,False,False,0.004455760661998727,0.011650485436893204,True,
B1_near_120d_high_plus_volume_expansion,B1-near-120d-high-plus-volume-expansion__8bf4289d0b26,liquidity_size_volatility_matched_same_budget,train,0.987223258038695,0.9876066457117197,False,False,0.004455760661998727,0.011650485436893204,True,
B1_near_120d_high_plus_volume_expansion,B1-near-120d-high-plus-volume-expansion__88578d197de3,calendar_time_random_same_budget,train,0.9308668476948956,0.9233046653450172,False,False,0.004300588501584427,0.015015015015015015,True,
B1_near_120d_high_plus_volume_expansion,B1-near-120d-high-plus-volume-expansion__88578d197de3,instrument_matched_random_same_budget,train,0.8968107435109359,0.8895252263689799,False,False,0.004300588501584427,0.015015015015015015,True,
B1_near_120d_high_plus_volume_expansion,B1-near-120d-high-plus-volume-expansion__88578d197de3,liquidity_size_volatility_matched_same_budget,train,0.9401226260100436,0.9324852515061182,False,False,0.004300588501584427,0.015015015015015015,True,
B1_near_120d_high_plus_volume_expansion,B1-near-120d-high-plus-volume-expansion__19370b2e8696,calendar_time_random_same_budget,train,1.0602302934880488,1.0450538531700595,False,False,0.0038320850026127853,0.011410788381742738,True,
B1_near_120d_high_plus_volume_expansion,B1-near-120d-high-plus-volume-expansion__19370b2e8696,instrument_matched_random_same_budget,train,0.9675267401880887,0.9536772851039338,False,False,0.0038320850026127853,0.011410788381742738,True,
B1_near_120d_high_plus_volume_expansion,B1-near-120d-high-plus-volume-expansion__19370b2e8696,liquidity_size_volatility_matched_same_budget,train,1.0219629580542975,1.0073342873443885,False,False,0.0038320850026127853,0.011410788381742738,True,
B1_near_120d_high_plus_volume_expansion,B1-near-120d-high-plus-volume-expansion__2a2c8cde859e,calendar_time_random_same_budget,train,1.0128911156141962,0.9943330882953526,False,False,0.004713470602828083,0.01610305958132045,True,
B1_near_120d_high_plus_volume_expansion,B1-near-120d-high-plus-volume-expansion__2a2c8cde859e,instrument_matched_random_same_budget,train,0.845448410864966,0.8299582417207821,False,False,0.004713470602828083,0.01610305958132045,True,
B1_near_120d_high_plus_volume_expansion,B1-near-120d-high-plus-volume-expansion__2a2c8cde859e,liquidity_size_volatility_matched_same_budget,train,0.9825841373517242,0.9645813895904523,False,False,0.004713470602828083,0.01610305958132045,True,
B1_near_120d_high_plus_volume_expansion,B1-near-120d-high-plus-volume-expansion__e6ec9b1cdd19,calendar_time_random_same_budget,train,1.120195777697582,1.1247728236505725,False,False,0.0038197097020626434,0.010769230769230769,True,
B1_near_120d_high_plus_volume_expansion,B1-near-120d-high-plus-volume-expansion__e6ec9b1cdd19,instrument_matched_random_same_budget,train,1.0310082157789848,1.0352208472452724,False,False,0.0038197097020626434,0.010769230769230769,True,
B1_near_120d_high_plus_volume_expansion,B1-near-120d-high-plus-volume-expansion__e6ec9b1cdd19,liquidity_size_volatility_matched_same_budget,train,1.0631743177491009,1.0675183777833022,False,False,0.0038197097020626434,0.010769230769230769,True,
B1_near_120d_high_plus_volume_expansion,B1-near-120d-high-plus-volume-expansion__f41161664797,calendar_time_random_same_budget,train,0.9875215146299483,0.9932302352696608,False,False,0.0044444444444444444,0.014669926650366748,True,
B1_near_120d_high_plus_volume_expansion,B1-near-120d-high-plus-volume-expansion__f41161664797,instrument_matched_random_same_budget,train,0.902690371302706,0.9079086952354828,False,False,0.0044444444444444444,0.014669926650366748,True,
B1_near_120d_high_plus_volume_expansion,B1-near-120d-high-plus-volume-expansion__f41161664797,liquidity_size_volatility_matched_same_budget,train,0.9688449848024315,0.9744457390943481,False,False,0.0044444444444444444,0.014669926650366748,True,
B1_near_120d_high_plus_volume_expansion,B1-near-120d-high-plus-volume-expansion__21847a6e47c6,calendar_time_random_same_budget,train,1.16899905660766,1.1699011199216596,False,False,0.004123144584936778,0.011128775834658187,True,
B1_near_120d_high_plus_volume_expansion,B1-near-120d-high-plus-volume-expansion__21847a6e47c6,instrument_matched_random_same_budget,train,1.0057519973382114,1.0065280903338836,False,False,0.004123144584936778,0.011128775834658187,True,
B1_near_120d_high_plus_volume_expansion,B1-near-120d-high-plus-volume-expansion__21847a6e47c6,liquidity_size_volatility_matched_same_budget,train,1.0878185665654614,1.0886579865937664,False,False,0.004123144584936778,0.011128775834658187,True,
B1_near_120d_high_plus_volume_expansion,B1-near-120d-high-plus-volume-expansion__5bd8bff20be2,calendar_time_random_same_budget,train,0.9607219748134602,0.9565645449137418,False,False,0.0048134777376654635,0.015267175572519083,True,
B1_near_120d_high_plus_volume_expansion,B1-near-120d-high-plus-volume-expansion__5bd8bff20be2,instrument_matched_random_same_budget,train,0.920317779611025,0.9163351948940051,False,False,0.0048134777376654635,0.015267175572519083,True,
B1_near_120d_high_plus_volume_expansion,B1-near-120d-high-plus-volume-expansion__5bd8bff20be2,liquidity_size_volatility_matched_same_budget,train,0.9847400241837967,0.9804786585365853,False,False,0.0048134777376654635,0.015267175572519083,True,
B1_near_120d_high_plus_volume_expansion,B1-near-120d-high-plus-volume-expansion__adbeea5b4a1d,calendar_time_random_same_budget,train,1.0878467312085283,1.0764169550097493,False,False,0.004777225309544701,0.01282051282051282,True,
B1_near_120d_high_plus_volume_expansion,B1-near-120d-high-plus-volume-expansion__adbeea5b4a1d,instrument_matched_random_same_budget,train,0.9852783251231527,0.9749262135374015,False,False,0.004777225309544701,0.01282051282051282,True,
B1_near_120d_high_plus_volume_expansion,B1-near-120d-high-plus-volume-expansion__adbeea5b4a1d,liquidity_size_volatility_matched_same_budget,train,1.0380716851086798,1.0271648848226687,False,False,0.004777225309544701,0.01282051282051282,True,
B1_near_120d_high_plus_volume_expansion,B1-near-120d-high-plus-volume-expansion__ec8bbfd09c0b,calendar_time_random_same_budget,train,0.9876114101085265,0.97424207120363,False,False,0.005043620501635769,0.015151515151515152,True,
B1_near_120d_high_plus_volume_expansion,B1-near-120d-high-plus-volume-expansion__ec8bbfd09c0b,instrument_matched_random_same_budget,train,0.9644767324888599,0.9514205687279392,False,False,0.005043620501635769,0.015151515151515152,True,
B1_near_120d_high_plus_volume_expansion,B1-near-120d-high-plus-volume-expansion__ec8bbfd09c0b,liquidity_size_volatility_matched_same_budget,train,1.0464699341114887,1.0323038247898237,False,False,0.005043620501635769,0.015151515151515152,True,
B1_near_120d_high_plus_volume_expansion,B1-near-120d-high-plus-volume-expansion__29e0d33ff5b8,calendar_time_random_same_budget,train,1.081309880630313,1.0733045374844972,False,False,0.004865904718795971,0.012393998695368558,True,
B1_near_120d_high_plus_volume_expansion,B1-near-120d-high-plus-volume-expansion__29e0d33ff5b8,instrument_matched_random_same_budget,train,0.9860032417672393,0.9787034894625325,False,False,0.004865904718795971,0.012393998695368558,True,
B1_near_120d_high_plus_volume_expansion,B1-near-120d-high-plus-volume-expansion__29e0d33ff5b8,liquidity_size_volatility_matched_same_budget,train,1.0427710774824197,1.0350510515700395,False,False,0.004865904718795971,0.012393998695368558,True,
B1_near_120d_high_plus_volume_expansion,B1-near-120d-high-plus-volume-expansion__78b1ad2aec32,calendar_time_random_same_budget,train,0.9899355749307919,0.9843397583409499,False,False,0.005211623499684144,0.014285714285714285,True,
B1_near_120d_high_plus_volume_expansion,B1-near-120d-high-plus-volume-expansion__78b1ad2aec32,instrument_matched_random_same_budget,train,0.9723572796750115,0.9668608280526526,False,False,0.005211623499684144,0.014285714285714285,True,
B1_near_120d_high_plus_volume_expansion,B1-near-120d-high-plus-volume-expansion__78b1ad2aec32,liquidity_size_volatility_matched_same_budget,train,1.006211111462536,1.0005232940196696,False,False,0.005211623499684144,0.014285714285714285,True,
B1_near_120d_high_plus_volume_expansion,B1-near-120d-high-plus-volume-expansion__9b5bcec15340,calendar_time_random_same_budget,train,0.9969907385817811,0.9931045500572075,False,False,0.004551605363513347,0.00988593155893536,True,
B1_near_120d_high_plus_volume_expansion,B1-near-120d-high-plus-volume-expansion__9b5bcec15340,instrument_matched_random_same_budget,train,0.9962388601967268,0.9923556024327299,False,False,0.004551605363513347,0.00988593155893536,True,
B1_near_120d_high_plus_volume_expansion,B1-near-120d-high-plus-volume-expansion__9b5bcec15340,liquidity_size_volatility_matched_same_budget,train,0.9706191981049668,0.9668358036927258,False,False,0.004551605363513347,0.00988593155893536,True,
B1_near_120d_high_plus_volume_expansion,B1-near-120d-high-plus-volume-expansion__70011ea98696,calendar_time_random_same_budget,train,0.9399332570600375,0.9264552565987972,False,False,0.004028021015761821,0.013729977116704805,True,
B1_near_120d_high_plus_volume_expansion,B1-near-120d-high-plus-volume-expansion__70011ea98696,instrument_matched_random_same_budget,train,0.9288752187416841,0.9155557829917524,False,False,0.004028021015761821,0.013729977116704805,True,
B1_near_120d_high_plus_volume_expansion,B1-near-120d-high-plus-volume-expansion__70011ea98696,liquidity_size_volatility_matched_same_budget,train,0.954393768707115,0.9407084143926249,False,False,0.004028021015761821,0.013729977116704805,True,
B1_near_120d_high_plus_volume_expansion,B1-near-120d-high-plus-volume-expansion__b07c28a6982d,calendar_time_random_same_budget,train,1.0238077274693302,1.0127648989411469,False,False,0.0038205745012027735,0.010135135135135136,True,
B1_near_120d_high_plus_volume_expansion,B1-near-120d-high-plus-volume-expansion__b07c28a6982d,instrument_matched_random_same_budget,train,0.9583171926757453,0.9479807475109033,False,False,0.0038205745012027735,0.010135135135135136,True,
B1_near_120d_high_plus_volume_expansion,B1-near-120d-high-plus-volume-expansion__b07c28a6982d,liquidity_size_volatility_matched_same_budget,train,0.9945560781130635,0.9838287589713998,False,False,0.0038205745012027735,0.010135135135135136,True,
B1_near_120d_high_plus_volume_expansion,B1-near-120d-high-plus-volume-expansion__0f3866bd844f,calendar_time_random_same_budget,train,0.9333866240341061,0.9217514153273022,False,False,0.004424778761061947,0.01532567049808429,True,
B1_near_120d_high_plus_volume_expansion,B1-near-120d-high-plus-volume-expansion__0f3866bd844f,instrument_matched_random_same_budget,train,0.8746566791510613,0.8637535734640113,False,False,0.004424778761061947,0.01532567049808429,True,
B1_near_120d_high_plus_volume_expansion,B1-near-120d-high-plus-volume-expansion__0f3866bd844f,liquidity_size_volatility_matched_same_budget,train,0.9779452819653826,0.9657546235966961,False,False,0.004424778761061947,0.01532567049808429,True,
B1_near_120d_high_plus_volume_expansion,B1-near-120d-high-plus-volume-expansion__a4ad4a4db78c,calendar_time_random_same_budget,train,1.0112840375032475,1.009220174073203,False,False,0.003787878787878788,0.009864364981504316,True,
B1_near_120d_high_plus_volume_expansion,B1-near-120d-high-plus-volume-expansion__a4ad4a4db78c,instrument_matched_random_same_budget,train,0.9976515320957282,0.9956154903540789,False,False,0.003787878787878788,0.009864364981504316,True,
B1_near_120d_high_plus_volume_expansion,B1-near-120d-high-plus-volume-expansion__a4ad4a4db78c,liquidity_size_volatility_matched_same_budget,train,0.9843816810037656,0.9823727208330452,False,False,0.003787878787878788,0.009864364981504316,True,
B1_near_120d_high_plus_volume_expansion,B1-near-120d-high-plus-volume-expansion__f3350859dd27,calendar_time_random_same_budget,train,0.9113161859717672,0.9147565903636885,False,False,0.004324012683770539,0.013157894736842105,True,
B1_near_120d_high_plus_volume_expansion,B1-near-120d-high-plus-volume-expansion__f3350859dd27,instrument_matched_random_same_budget,train,0.9730720447280956,0.9767455900769786,False,False,0.004324012683770539,0.013157894736842105,True,
B1_near_120d_high_plus_volume_expansion,B1-near-120d-high-plus-volume-expansion__f3350859dd27,liquidity_size_volatility_matched_same_budget,train,0.9642419898757536,0.9678821999673872,False,False,0.004324012683770539,0.013157894736842105,True,
B1_near_120d_high_plus_volume_expansion,B1-near-120d-high-plus-volume-expansion__126a0d3d0ce3,calendar_time_random_same_budget,train,1.035352800298761,1.0315077630420633,False,False,0.003589053387169134,0.010624169986719787,True,
B1_near_120d_high_plus_volume_expansion,B1-near-120d-high-plus-volume-expansion__126a0d3d0ce3,instrument_matched_random_same_budget,train,1.0062854088465232,1.002548320496765,False,False,0.003589053387169134,0.010624169986719787,True,
B1_near_120d_high_plus_volume_expansion,B1-near-120d-high-plus-volume-expansion__126a0d3d0ce3,liquidity_size_volatility_matched_same_budget,train,1.0171641700232423,1.0133866807183514,False,False,0.003589053387169134,0.010624169986719787,True,
B1_near_120d_high_plus_volume_expansion,B1-near-120d-high-plus-volume-expansion__367243113bfc,calendar_time_random_same_budget,train,0.9502653338269775,0.9541669258867548,False,False,0.004545454545454545,0.014227642276422764,True,
B1_near_120d_high_plus_volume_expansion,B1-near-120d-high-plus-volume-expansion__367243113bfc,instrument_matched_random_same_budget,train,0.9183534382880119,0.9221240067338414,False,False,0.004545454545454545,0.014227642276422764,True,
B1_near_120d_high_plus_volume_expansion,B1-near-120d-high-plus-volume-expansion__367243113bfc,liquidity_size_volatility_matched_same_budget,train,1.0191251406260338,1.0233094567481138,False,False,0.004545454545454545,0.014227642276422764,True,
B2_relative_strength_breakout,B2-relative-strength-breakout__31226d09f5ea,calendar_time_random_same_budget,train,1.1573706237945032,1.1446827614721211,False,False,0.004804026231508312,0.01076555023923445,True,
B2_relative_strength_breakout,B2-relative-strength-breakout__31226d09f5ea,instrument_matched_random_same_budget,train,1.0217116080546556,1.010510929594651,False,False,0.004804026231508312,0.01076555023923445,True,
B2_relative_strength_breakout,B2-relative-strength-breakout__31226d09f5ea,liquidity_size_volatility_matched_same_budget,train,1.0101200663101133,0.9990464619979533,False,False,0.004804026231508312,0.01076555023923445,True,
B2_relative_strength_breakout,B2-relative-strength-breakout__e76f8d277b6e,calendar_time_random_same_budget,train,1.14044291254587,1.128046143904521,False,False,0.006144393241167435,0.014666666666666666,True,
B2_relative_strength_breakout,B2-relative-strength-breakout__e76f8d277b6e,instrument_matched_random_same_budget,train,0.9914250386398763,0.9806481144343303,False,False,0.006144393241167435,0.014666666666666666,True,
B2_relative_strength_breakout,B2-relative-strength-breakout__e76f8d277b6e,liquidity_size_volatility_matched_same_budget,train,1.0622411128284388,1.0506944083224967,False,False,0.006144393241167435,0.014666666666666666,True,
B2_relative_strength_breakout,B2-relative-strength-breakout__57543f0e85fd,calendar_time_random_same_budget,train,1.2091084508302328,1.1992603145039558,False,False,0.004929577464788733,0.010917913465426607,True,
B2_relative_strength_breakout,B2-relative-strength-breakout__57543f0e85fd,instrument_matched_random_same_budget,train,1.0182756754506475,1.009981863871807,False,False,0.004929577464788733,0.010917913465426607,True,
B2_relative_strength_breakout,B2-relative-strength-breakout__57543f0e85fd,liquidity_size_volatility_matched_same_budget,train,1.023362814545322,1.0150275684373615,False,False,0.004929577464788733,0.010917913465426607,True,
B2_relative_strength_breakout,B2-relative-strength-breakout__10a231449c89,calendar_time_random_same_budget,train,1.180856114254065,1.1678541563525777,False,False,0.006172839506172839,0.014705882352941176,True,
B2_relative_strength_breakout,B2-relative-strength-breakout__10a231449c89,instrument_matched_random_same_budget,train,0.9974144448575021,0.9864322934625672,False,False,0.006172839506172839,0.014705882352941176,True,
B2_relative_strength_breakout,B2-relative-strength-breakout__10a231449c89,liquidity_size_volatility_matched_same_budget,train,1.0357229605468614,1.0243190086444396,False,False,0.006172839506172839,0.014705882352941176,True,
B2_relative_strength_breakout,B2-relative-strength-breakout__c7e7179c7b8f,calendar_time_random_same_budget,train,1.2110787944132262,1.2023445069061318,False,False,0.005127193847367383,0.010726474890297415,True,
B2_relative_strength_breakout,B2-relative-strength-breakout__c7e7179c7b8f,instrument_matched_random_same_budget,train,1.0785069750353637,1.0707287940930332,False,False,0.005127193847367383,0.010726474890297415,True,
B2_relative_strength_breakout,B2-relative-strength-breakout__c7e7179c7b8f,liquidity_size_volatility_matched_same_budget,train,1.0733982577851964,1.0656569208578557,False,False,0.005127193847367383,0.010726474890297415,True,
B2_relative_strength_breakout,B2-relative-strength-breakout__b9c9d1299022,calendar_time_random_same_budget,train,1.2316260842184292,1.224286367570305,False,False,0.00726672171758877,0.016433853738701727,True,
B2_relative_strength_breakout,B2-relative-strength-breakout__b9c9d1299022,instrument_matched_random_same_budget,train,0.9810918929616291,0.9752452024827736,False,False,0.00726672171758877,0.016433853738701727,True,
B2_relative_strength_breakout,B2-relative-strength-breakout__b9c9d1299022,liquidity_size_volatility_matched_same_budget,train,1.0421451481848247,1.0359346187133351,False,False,0.00726672171758877,0.016433853738701727,True,
B2_relative_strength_breakout,B2-relative-strength-breakout__8a6c15a34460,calendar_time_random_same_budget,train,1.293274635622046,1.2825804458958912,False,False,0.005211465223491682,0.010794896957801767,True,
B2_relative_strength_breakout,B2-relative-strength-breakout__8a6c15a34460,instrument_matched_random_same_budget,train,1.0671729089098188,1.0583483721531655,False,False,0.005211465223491682,0.010794896957801767,True,
B2_relative_strength_breakout,B2-relative-strength-breakout__8a6c15a34460,liquidity_size_volatility_matched_same_budget,train,1.0762407615612035,1.0673412420174517,False,False,0.005211465223491682,0.010794896957801767,True,
B2_relative_strength_breakout,B2-relative-strength-breakout__4845f366eae6,calendar_time_random_same_budget,train,1.1920364368332654,1.1849187971103718,False,False,0.00728718118582312,0.016474464579901153,True,
B2_relative_strength_breakout,B2-relative-strength-breakout__4845f366eae6,instrument_matched_random_same_budget,train,1.0014694127933095,0.9954896471976395,False,False,0.00728718118582312,0.016474464579901153,True,
B2_relative_strength_breakout,B2-relative-strength-breakout__4845f366eae6,liquidity_size_volatility_matched_same_budget,train,1.0253749060228172,1.0192524009244373,False,False,0.00728718118582312,0.016474464579901153,True,
B2_relative_strength_breakout,B2-relative-strength-breakout__61db67ee1618,calendar_time_random_same_budget,train,1.289249678101322,1.278781659767948,False,False,0.006898817345597897,0.01293759512937595,True,
B2_relative_strength_breakout,B2-relative-strength-breakout__61db67ee1618,instrument_matched_random_same_budget,train,1.080239804728403,1.0714688348593313,False,False,0.006898817345597897,0.01293759512937595,True,
B2_relative_strength_breakout,B2-relative-strength-breakout__61db67ee1618,liquidity_size_volatility_matched_same_budget,train,1.073138803546951,1.0644254900122692,False,False,0.006898817345597897,0.01293759512937595,True,
B2_relative_strength_breakout,B2-relative-strength-breakout__bb20a9263519,calendar_time_random_same_budget,train,1.2677268824224937,1.2515401550843859,False,False,0.009515813042261404,0.017721518987341773,True,
B2_relative_strength_breakout,B2-relative-strength-breakout__bb20a9263519,instrument_matched_random_same_budget,train,0.9967623579352429,0.9840353891121507,False,False,0.009515813042261404,0.017721518987341773,True,
B2_relative_strength_breakout,B2-relative-strength-breakout__bb20a9263519,liquidity_size_volatility_matched_same_budget,train,1.0673776748461867,1.0537490679048371,False,False,0.009515813042261404,0.017721518987341773,True,
B2_relative_strength_breakout,B2-relative-strength-breakout__377c3e689ae8,calendar_time_random_same_budget,train,1.3570245046316656,1.3459877777203433,False,False,0.006945592855961634,0.012996941896024464,True,
B2_relative_strength_breakout,B2-relative-strength-breakout__377c3e689ae8,instrument_matched_random_same_budget,train,1.0612485513772536,1.0526173804539503,False,False,0.006945592855961634,0.012996941896024464,True,
B2_relative_strength_breakout,B2-relative-strength-breakout__377c3e689ae8,liquidity_size_volatility_matched_same_budget,train,1.0647252051082192,1.0560657584406952,False,False,0.006945592855961634,0.012996941896024464,True,
B2_relative_strength_breakout,B2-relative-strength-breakout__ff7adaf093c4,calendar_time_random_same_budget,train,1.3329675009828332,1.3159185520273742,False,False,0.009523809523809525,0.017743979721166033,True,
B2_relative_strength_breakout,B2-relative-strength-breakout__ff7adaf093c4,instrument_matched_random_same_budget,train,1.0488631676634357,1.035447975925025,False,False,0.009523809523809525,0.017743979721166033,True,
B2_relative_strength_breakout,B2-relative-strength-breakout__ff7adaf093c4,liquidity_size_volatility_matched_same_budget,train,1.0852315160567587,1.0713511651041174,False,False,0.009523809523809525,0.017743979721166033,True,
B2_relative_strength_breakout,B2-relative-strength-breakout__b9a0e3481365,calendar_time_random_same_budget,train,1.199389683407609,1.1903697600164793,False,False,0.004575030500203334,0.010111223458038422,True,
B2_relative_strength_breakout,B2-relative-strength-breakout__b9a0e3481365,instrument_matched_random_same_budget,train,1.0496259769415577,1.041732340676108,False,False,0.004575030500203334,0.010111223458038422,True,
B2_relative_strength_breakout,B2-relative-strength-breakout__b9a0e3481365,liquidity_size_volatility_matched_same_budget,train,1.0363535725966697,1.0285597504884227,False,False,0.004575030500203334,0.010111223458038422,True,
B2_relative_strength_breakout,B2-relative-strength-breakout__da4cbee37ceb,calendar_time_random_same_budget,train,1.2338712031080736,1.2204158648077996,False,False,0.006339144215530904,0.015557476231633534,True,
B2_relative_strength_breakout,B2-relative-strength-breakout__da4cbee37ceb,instrument_matched_random_same_budget,train,1.0298889017856248,1.018657985989619,False,False,0.006339144215530904,0.015557476231633534,True,
B2_relative_strength_breakout,B2-relative-strength-breakout__da4cbee37ceb,liquidity_size_volatility_matched_same_budget,train,0.9730614156938882,0.9624502023823819,False,False,0.006339144215530904,0.015557476231633534,True,
B2_relative_strength_breakout,B2-relative-strength-breakout__fc404ad6ee08,calendar_time_random_same_budget,train,1.2277487621647323,1.2185050626257443,False,False,0.004614911291149625,0.01016260162601626,True,
B2_relative_strength_breakout,B2-relative-strength-breakout__fc404ad6ee08,instrument_matched_random_same_budget,train,1.010341521368396,1.002734677245966,False,False,0.004614911291149625,0.01016260162601626,True,
B2_relative_strength_breakout,B2-relative-strength-breakout__fc404ad6ee08,liquidity_size_volatility_matched_same_budget,train,1.0224825114370861,1.0147842580070199,False,False,0.004614911291149625,0.01016260162601626,True,
B2_relative_strength_breakout,B2-relative-strength-breakout__167dfbbd79ce,calendar_time_random_same_budget,train,1.2157831163298902,1.2025155753548051,False,False,0.006345848757271285,0.015570934256055362,True,
B2_relative_strength_breakout,B2-relative-strength-breakout__167dfbbd79ce,instrument_matched_random_same_budget,train,0.9847529626678906,0.9740065967190253,False,False,0.006345848757271285,0.015570934256055362,True,
B2_relative_strength_breakout,B2-relative-strength-breakout__167dfbbd79ce,liquidity_size_volatility_matched_same_budget,train,1.0411524505297787,1.0297906108947512,False,False,0.006345848757271285,0.015570934256055362,True,
B2_relative_strength_breakout,B2-relative-strength-breakout__1d4b408e8ccc,calendar_time_random_same_budget,train,1.2573867302298423,1.2457132916301221,False,False,0.005424498549262016,0.011370436864153202,True,
B2_relative_strength_breakout,B2-relative-strength-breakout__1d4b408e8ccc,instrument_matched_random_same_budget,train,1.0491419506010962,1.0394018333815565,False,False,0.005424498549262016,0.011370436864153202,True,
B2_relative_strength_breakout,B2-relative-strength-breakout__1d4b408e8ccc,liquidity_size_volatility_matched_same_budget,train,1.0672885442373743,1.0573799560601613,False,False,0.005424498549262016,0.011370436864153202,True,
B2_relative_strength_breakout,B2-relative-strength-breakout__69f8f25a82ee,calendar_time_random_same_budget,train,1.2813280674029808,1.2667032192370957,False,False,0.00756266205704408,0.018499486125385406,True,
B2_relative_strength_breakout,B2-relative-strength-breakout__69f8f25a82ee,instrument_matched_random_same_budget,train,1.0414257344368385,1.0295390883626179,False,False,0.00756266205704408,0.018499486125385406,True,
B2_relative_strength_breakout,B2-relative-strength-breakout__69f8f25a82ee,liquidity_size_volatility_matched_same_budget,train,1.0997455755653014,1.0871932773109245,False,False,0.00756266205704408,0.018499486125385406,True,
B2_relative_strength_breakout,B2-relative-strength-breakout__6264e326b511,calendar_time_random_same_budget,train,1.3243426599180057,1.3120352117689418,False,False,0.005445105736355578,0.011397720455908818,True,
B2_relative_strength_breakout,B2-relative-strength-breakout__6264e326b511,instrument_matched_random_same_budget,train,1.0750647077600886,1.06507386207634,False,False,0.005445105736355578,0.011397720455908818,True,
B2_relative_strength_breakout,B2-relative-strength-breakout__6264e326b511,liquidity_size_volatility_matched_same_budget,train,1.1109960148376319,1.1006712505147205,False,False,0.005445105736355578,0.011397720455908818,True,
B2_relative_strength_breakout,B2-relative-strength-breakout__a8dd24f2baa2,calendar_time_random_same_budget,train,1.3064877116678006,1.2915251745681733,False,False,0.007569204152249135,0.018537590113285273,True,
B2_relative_strength_breakout,B2-relative-strength-breakout__a8dd24f2baa2,instrument_matched_random_same_budget,train,0.9778701304234556,0.9666710827979709,False,False,0.007569204152249135,0.018537590113285273,True,
B2_relative_strength_breakout,B2-relative-strength-breakout__a8dd24f2baa2,liquidity_size_volatility_matched_same_budget,train,1.081383409995308,1.068998877598657,False,False,0.007569204152249135,0.018537590113285273,True,
B2_relative_strength_breakout,B2-relative-strength-breakout__6e8b74238e42,calendar_time_random_same_budget,train,1.4276819981724034,1.4169492012412368,False,False,0.006524317912218268,0.012433392539964476,True,
B2_relative_strength_breakout,B2-relative-strength-breakout__6e8b74238e42,instrument_matched_random_same_budget,train,1.0909382910011345,1.082737011474785,False,False,0.006524317912218268,0.012433392539964476,True,
B2_relative_strength_breakout,B2-relative-strength-breakout__6e8b74238e42,liquidity_size_volatility_matched_same_budget,train,1.1294678976459782,1.120976966471372,False,False,0.006524317912218268,0.012433392539964476,True,
B2_relative_strength_breakout,B2-relative-strength-breakout__27f209526792,calendar_time_random_same_budget,train,1.369293585202676,1.359778057564489,False,False,0.008873720136518772,0.019726858877086494,True,
B2_relative_strength_breakout,B2-relative-strength-breakout__27f209526792,instrument_matched_random_same_budget,train,1.028050073432924,1.0209059233449478,False,False,0.008873720136518772,0.019726858877086494,True,
B2_relative_strength_breakout,B2-relative-strength-breakout__27f209526792,liquidity_size_volatility_matched_same_budget,train,1.0809017355828754,1.0733903074638422,False,False,0.008873720136518772,0.019726858877086494,True,
B2_relative_strength_breakout,B2-relative-strength-breakout__24b995ebc14d,calendar_time_random_same_budget,train,1.4094683875048852,1.3988359201773837,False,False,0.006538537745195166,0.012466607301869992,True,
B2_relative_strength_breakout,B2-relative-strength-breakout__24b995ebc14d,instrument_matched_random_same_budget,train,1.0702770497640166,1.0622033065968244,False,False,0.006538537745195166,0.012466607301869992,True,
B2_relative_strength_breakout,B2-relative-strength-breakout__24b995ebc14d,liquidity_size_volatility_matched_same_budget,train,1.1162989629038693,1.1078780487804878,False,False,0.006538537745195166,0.012466607301869992,True,
B2_relative_strength_breakout,B2-relative-strength-breakout__5980fec7fd4d,calendar_time_random_same_budget,train,1.3301709113397426,1.3209272559197895,False,False,0.008873720136518772,0.019726858877086494,True,
B2_relative_strength_breakout,B2-relative-strength-breakout__5980fec7fd4d,instrument_matched_random_same_budget,train,1.012086562975891,1.005053346895492,False,False,0.008873720136518772,0.019726858877086494,True,
B2_relative_strength_breakout,B2-relative-strength-breakout__5980fec7fd4d,liquidity_size_volatility_matched_same_budget,train,1.091765069608834,1.084178149749911,False,False,0.008873720136518772,0.019726858877086494,True,
B2_relative_strength_breakout,B2-relative-strength-breakout__6cc7775eba3a,calendar_time_random_same_budget,train,1.3357060946393515,1.3301086814847398,False,False,0.004417212881162725,0.008552631578947369,True,
B2_relative_strength_breakout,B2-relative-strength-breakout__6cc7775eba3a,instrument_matched_random_same_budget,train,1.0936395027588626,1.0890564944431012,False,False,0.004417212881162725,0.008552631578947369,True,
B2_relative_strength_breakout,B2-relative-strength-breakout__6cc7775eba3a,liquidity_size_volatility_matched_same_budget,train,1.0904900729453022,1.0859202626376494,False,False,0.004417212881162725,0.008552631578947369,True,
B2_relative_strength_breakout,B2-relative-strength-breakout__e5f73d05e309,calendar_time_random_same_budget,train,1.341273554907168,1.3374991726978616,False,False,0.006688134753529849,0.012600229095074456,True,
B2_relative_strength_breakout,B2-relative-strength-breakout__e5f73d05e309,instrument_matched_random_same_budget,train,1.049339770284084,1.0463868981082423,False,False,0.006688134753529849,0.012600229095074456,True,
B2_relative_strength_breakout,B2-relative-strength-breakout__e5f73d05e309,liquidity_size_volatility_matched_same_budget,train,1.049339770284084,1.0463868981082423,False,False,0.006688134753529849,0.012600229095074456,True,
B2_relative_strength_breakout,B2-relative-strength-breakout__fe4d0e58f856,calendar_time_random_same_budget,train,1.3272062599173589,1.3207392101733548,False,False,0.0044241472812901386,0.008575197889182058,True,
B2_relative_strength_breakout,B2-relative-strength-breakout__fe4d0e58f856,instrument_matched_random_same_budget,train,1.0954260362651242,1.0900883770923557,False,False,0.0044241472812901386,0.008575197889182058,True,
B2_relative_strength_breakout,B2-relative-strength-breakout__fe4d0e58f856,liquidity_size_volatility_matched_same_budget,train,1.041824900100532,1.0367484220451078,False,False,0.0044241472812901386,0.008575197889182058,True,
B2_relative_strength_breakout,B2-relative-strength-breakout__4e58bb88c5d9,calendar_time_random_same_budget,train,1.316851954119922,1.3131495952509031,False,False,0.006689791873141724,0.012600229095074456,True,
B2_relative_strength_breakout,B2-relative-strength-breakout__4e58bb88c5d9,instrument_matched_random_same_budget,train,1.0114282491433901,1.0085845958861834,False,False,0.006689791873141724,0.012600229095074456,True,
B2_relative_strength_breakout,B2-relative-strength-breakout__4e58bb88c5d9,liquidity_size_volatility_matched_same_budget,train,1.058299314347596,1.0553238820370066,False,False,0.006689791873141724,0.012600229095074456,True,
B2_relative_strength_breakout,B2-relative-strength-breakout__d0f0fb1727c9,calendar_time_random_same_budget,train,1.4039315121221174,1.4021185757577403,False,False,0.005061582588155897,0.00975975975975976,True,
B2_relative_strength_breakout,B2-relative-strength-breakout__d0f0fb1727c9,instrument_matched_random_same_budget,train,1.0991841582066288,1.0977647506968224,False,False,0.005061582588155897,0.00975975975975976,True,
B2_relative_strength_breakout,B2-relative-strength-breakout__d0f0fb1727c9,liquidity_size_volatility_matched_same_budget,train,1.1281592508124159,1.1267024269481842,False,False,0.005061582588155897,0.00975975975975976,True,
B2_relative_strength_breakout,B2-relative-strength-breakout__c15a1dfe5387,calendar_time_random_same_budget,train,1.2648836484631332,1.2655038532826066,False,False,0.007505773672055427,0.014322916666666666,True,
B2_relative_strength_breakout,B2-relative-strength-breakout__c15a1dfe5387,instrument_matched_random_same_budget,train,1.0335024932564627,1.034009245974813,False,False,0.007505773672055427,0.014322916666666666,True,
B2_relative_strength_breakout,B2-relative-strength-breakout__c15a1dfe5387,liquidity_size_volatility_matched_same_budget,train,1.1233060972360374,1.1238568829593694,False,False,0.007505773672055427,0.014322916666666666,True,
B2_relative_strength_breakout,B2-relative-strength-breakout__e7b68ff136d7,calendar_time_random_same_budget,train,1.4174357233919428,1.4156143949309417,False,False,0.005065000844166808,0.00975975975975976,True,
B2_relative_strength_breakout,B2-relative-strength-breakout__e7b68ff136d7,instrument_matched_random_same_budget,train,1.1111556424580054,1.1097278673830497,False,False,0.005065000844166808,0.00975975975975976,True,
B2_relative_strength_breakout,B2-relative-strength-breakout__e7b68ff136d7,liquidity_size_volatility_matched_same_budget,train,1.0982780108401144,1.096866782827286,False,False,0.005065000844166808,0.00975975975975976,True,
B2_relative_strength_breakout,B2-relative-strength-breakout__0f91aad80911,calendar_time_random_same_budget,train,1.3195960305770804,1.320247355470925,False,False,0.007507941091539128,0.014322916666666666,True,
B2_relative_strength_breakout,B2-relative-strength-breakout__0f91aad80911,instrument_matched_random_same_budget,train,1.0448308296897981,1.045346536249582,False,False,0.007507941091539128,0.014322916666666666,True,
B2_relative_strength_breakout,B2-relative-strength-breakout__0f91aad80911,liquidity_size_volatility_matched_same_budget,train,1.056407902594948,1.0569293233548402,False,False,0.007507941091539128,0.014322916666666666,True,
B2_relative_strength_breakout,B2-relative-strength-breakout__182b3d0f30f5,calendar_time_random_same_budget,train,1.420622567206629,1.4211701721076082,False,False,0.005663629647869982,0.011827956989247311,True,
B2_relative_strength_breakout,B2-relative-strength-breakout__182b3d0f30f5,instrument_matched_random_same_budget,train,1.0820629834330866,1.0824800843623372,False,False,0.005663629647869982,0.011827956989247311,True,
B2_relative_strength_breakout,B2-relative-strength-breakout__182b3d0f30f5,liquidity_size_volatility_matched_same_budget,train,1.1213630917902204,1.1217953416636326,False,False,0.005663629647869982,0.011827956989247311,True,
B2_relative_strength_breakout,B2-relative-strength-breakout__0280f6ed7ad3,calendar_time_random_same_budget,train,1.4114407574053245,1.4037219541105752,False,False,0.008849557522123894,0.014787430683918669,True,
B2_relative_strength_breakout,B2-relative-strength-breakout__0280f6ed7ad3,instrument_matched_random_same_budget,train,1.0565008419870896,1.050723112998289,False,False,0.008849557522123894,0.014787430683918669,True,
B2_relative_strength_breakout,B2-relative-strength-breakout__0280f6ed7ad3,liquidity_size_volatility_matched_same_budget,train,1.046223596442468,1.0405020710430526,False,False,0.008849557522123894,0.014787430683918669,True,
B2_relative_strength_breakout,B2-relative-strength-breakout__3206f2976d28,calendar_time_random_same_budget,train,1.5318632681807285,1.5324529018497601,False,False,0.005669213704707912,0.011840688912809472,True,
B2_relative_strength_breakout,B2-relative-strength-breakout__3206f2976d28,instrument_matched_random_same_budget,train,1.0808941752116354,1.0813102251369802,False,False,0.005669213704707912,0.011840688912809472,True,
B2_relative_strength_breakout,B2-relative-strength-breakout__3206f2976d28,liquidity_size_volatility_matched_same_budget,train,1.069647877434867,1.070059598517058,False,False,0.005669213704707912,0.011840688912809472,True,
B2_relative_strength_breakout,B2-relative-strength-breakout__9d33b5e53fbc,calendar_time_random_same_budget,train,1.2895897567660157,1.2825373249787266,False,False,0.008849557522123894,0.014787430683918669,True,
B2_relative_strength_breakout,B2-relative-strength-breakout__9d33b5e53fbc,instrument_matched_random_same_budget,train,1.0648691654879774,1.0590456723091666,False,False,0.008849557522123894,0.014787430683918669,True,
B2_relative_strength_breakout,B2-relative-strength-breakout__9d33b5e53fbc,liquidity_size_volatility_matched_same_budget,train,1.1087812960235641,1.1027176587961425,False,False,0.008849557522123894,0.014787430683918669,True,
B4_volatility_contraction_then_breakout,B4-volatility-contraction-then-breakout__0d0af967fe16,calendar_time_random_same_budget,train,0.4961152067954161,0.5035546100838197,False,False,0.007722513089005236,0.01567398119122257,True,
B4_volatility_contraction_then_breakout,B4-volatility-contraction-then-breakout__0d0af967fe16,instrument_matched_random_same_budget,train,0.8642006828049185,0.8771596433718151,False,False,0.007722513089005236,0.01567398119122257,True,
B4_volatility_contraction_then_breakout,B4-volatility-contraction-then-breakout__0d0af967fe16,liquidity_size_volatility_matched_same_budget,train,0.742454166289676,0.7535874996173562,False,False,0.007722513089005236,0.01567398119122257,True,
B4_volatility_contraction_then_breakout,B4-volatility-contraction-then-breakout__4bbabdc1b6f2,calendar_time_random_same_budget,train,0.5692422068334477,0.5750843537930773,False,False,0.006526468455402465,0.019753086419753086,True,
B4_volatility_contraction_then_breakout,B4-volatility-contraction-then-breakout__4bbabdc1b6f2,instrument_matched_random_same_budget,train,0.9491877178077915,0.9589292550183853,False,False,0.006526468455402465,0.019753086419753086,True,
B4_volatility_contraction_then_breakout,B4-volatility-contraction-then-breakout__4bbabdc1b6f2,liquidity_size_volatility_matched_same_budget,train,0.7960319306714747,0.8042016262205982,False,False,0.006526468455402465,0.019753086419753086,True,
B4_volatility_contraction_then_breakout,B4-volatility-contraction-then-breakout__6aaa05aa0539,calendar_time_random_same_budget,train,0.4985219484859646,0.5068672498262583,False,False,0.008803951041442989,0.013192612137203167,True,
B4_volatility_contraction_then_breakout,B4-volatility-contraction-then-breakout__6aaa05aa0539,instrument_matched_random_same_budget,train,0.8769870057081074,0.8916678454512388,False,False,0.008803951041442989,0.013192612137203167,True,
B4_volatility_contraction_then_breakout,B4-volatility-contraction-then-breakout__6aaa05aa0539,liquidity_size_volatility_matched_same_budget,train,0.7283168275975901,0.7405089154604573,False,False,0.008803951041442989,0.013192612137203167,True,
B4_volatility_contraction_then_breakout,B4-volatility-contraction-then-breakout__c35e4a8da8ff,calendar_time_random_same_budget,train,0.6195588886481189,0.6288571658079247,False,False,0.007338740826573967,0.0196078431372549,True,
B4_volatility_contraction_then_breakout,B4-volatility-contraction-then-breakout__c35e4a8da8ff,instrument_matched_random_same_budget,train,1.052995148196186,1.0687983929163496,False,False,0.007338740826573967,0.0196078431372549,True,
B4_volatility_contraction_then_breakout,B4-volatility-contraction-then-breakout__c35e4a8da8ff,liquidity_size_volatility_matched_same_budget,train,0.8978169158304321,0.9112912613286771,False,False,0.007338740826573967,0.0196078431372549,True,
B4_volatility_contraction_then_breakout,B4-volatility-contraction-then-breakout__930bffc279cc,calendar_time_random_same_budget,train,0.584253007188221,0.5916082695531589,False,False,0.006280242973334706,0.014207650273224045,True,
B4_volatility_contraction_then_breakout,B4-volatility-contraction-then-breakout__930bffc279cc,instrument_matched_random_same_budget,train,0.9531912415410314,0.9651911312792738,False,False,0.006280242973334706,0.014207650273224045,True,
B4_volatility_contraction_then_breakout,B4-volatility-contraction-then-breakout__930bffc279cc,liquidity_size_volatility_matched_same_budget,train,0.8258141159898084,0.8362104330186354,False,False,0.006280242973334706,0.014207650273224045,True,
B4_volatility_contraction_then_breakout,B4-volatility-contraction-then-breakout__1eb9310715c9,calendar_time_random_same_budget,train,0.6271882500530648,0.6319826907946499,False,False,0.006703536115300821,0.01751592356687898,True,
B4_volatility_contraction_then_breakout,B4-volatility-contraction-then-breakout__1eb9310715c9,instrument_matched_random_same_budget,train,0.934190306385346,0.941331575477917,False,False,0.006703536115300821,0.01751592356687898,True,
B4_volatility_contraction_then_breakout,B4-volatility-contraction-then-breakout__1eb9310715c9,liquidity_size_volatility_matched_same_budget,train,0.9244736167201195,0.9315406081252493,False,False,0.006703536115300821,0.01751592356687898,True,
B4_volatility_contraction_then_breakout,B4-volatility-contraction-then-breakout__b936e54a0035,calendar_time_random_same_budget,train,0.5938511843962145,0.5986616349332969,False,False,0.006284816454792172,0.015503875968992248,True,
B4_volatility_contraction_then_breakout,B4-volatility-contraction-then-breakout__b936e54a0035,instrument_matched_random_same_budget,train,0.9219877053196911,0.9294562030995647,False,False,0.006284816454792172,0.015503875968992248,True,
B4_volatility_contraction_then_breakout,B4-volatility-contraction-then-breakout__b936e54a0035,liquidity_size_volatility_matched_same_budget,train,0.8113491806813281,0.8179214587276168,False,False,0.006284816454792172,0.015503875968992248,True,
B4_volatility_contraction_then_breakout,B4-volatility-contraction-then-breakout__46de896921d5,calendar_time_random_same_budget,train,0.6376528753577935,0.6436574121466491,False,False,0.005917159763313609,0.017241379310344827,True,
B4_volatility_contraction_then_breakout,B4-volatility-contraction-then-breakout__46de896921d5,instrument_matched_random_same_budget,train,0.8823476460527501,0.8906563812690872,False,False,0.005917159763313609,0.017241379310344827,True,
B4_volatility_contraction_then_breakout,B4-volatility-contraction-then-breakout__46de896921d5,liquidity_size_volatility_matched_same_budget,train,0.8320176555470672,0.8398524522127399,False,False,0.005917159763313609,0.017241379310344827,True,
B4_volatility_contraction_then_breakout,B4-volatility-contraction-then-breakout__8714e61d4a7d,calendar_time_random_same_budget,train,0.6005311137534681,0.6077577216205375,False,False,0.006008076430611642,0.013402061855670102,True,
B4_volatility_contraction_then_breakout,B4-volatility-contraction-then-breakout__8714e61d4a7d,instrument_matched_random_same_budget,train,0.9492831321492079,0.9607065152075617,False,False,0.006008076430611642,0.013402061855670102,True,
B4_volatility_contraction_then_breakout,B4-volatility-contraction-then-breakout__8714e61d4a7d,liquidity_size_volatility_matched_same_budget,train,0.827704037192015,0.8376643745830139,False,False,0.006008076430611642,0.013402061855670102,True,
B4_volatility_contraction_then_breakout,B4-volatility-contraction-then-breakout__7096975986f4,calendar_time_random_same_budget,train,0.6533838409849584,0.6538128449240173,False,False,0.006342821782178218,0.015873015873015872,True,
B4_volatility_contraction_then_breakout,B4-volatility-contraction-then-breakout__7096975986f4,instrument_matched_random_same_budget,train,0.9890069075052896,0.989656277496498,False,False,0.006342821782178218,0.015873015873015872,True,
B4_volatility_contraction_then_breakout,B4-volatility-contraction-then-breakout__7096975986f4,liquidity_size_volatility_matched_same_budget,train,0.880102177613542,0.8806800420743485,False,False,0.006342821782178218,0.015873015873015872,True,
B4_volatility_contraction_then_breakout,B4-volatility-contraction-then-breakout__cf45a8f24a10,calendar_time_random_same_budget,train,0.6084061540559931,0.6129414987972844,False,False,0.005852516582130316,0.013812154696132596,True,
B4_volatility_contraction_then_breakout,B4-volatility-contraction-then-breakout__cf45a8f24a10,instrument_matched_random_same_budget,train,0.8957714223924029,0.9024489225834557,False,False,0.005852516582130316,0.013812154696132596,True,
B4_volatility_contraction_then_breakout,B4-volatility-contraction-then-breakout__cf45a8f24a10,liquidity_size_volatility_matched_same_budget,train,0.8256940662188476,0.8318491769391716,False,False,0.005852516582130316,0.013812154696132596,True,
B4_volatility_contraction_then_breakout,B4-volatility-contraction-then-breakout__2ae926dfd932,calendar_time_random_same_budget,train,0.6412840451581215,0.6400047572931002,False,False,0.00551226002661091,0.016453382084095063,True,
B4_volatility_contraction_then_breakout,B4-volatility-contraction-then-breakout__2ae926dfd932,instrument_matched_random_same_budget,train,0.9302981131290436,0.9284422754609091,False,False,0.00551226002661091,0.016453382084095063,True,
B4_volatility_contraction_then_breakout,B4-volatility-contraction-then-breakout__2ae926dfd932,liquidity_size_volatility_matched_same_budget,train,0.8865725940354581,0.8848039837455665,False,False,0.00551226002661091,0.016453382084095063,True,
B4_volatility_contraction_then_breakout,B4-volatility-contraction-then-breakout__6356c9f224eb,calendar_time_random_same_budget,train,0.5678030092805925,0.5748382877947051,False,False,0.00645647261379533,0.014285714285714285,True,
B4_volatility_contraction_then_breakout,B4-volatility-contraction-then-breakout__6356c9f224eb,instrument_matched_random_same_budget,train,0.8946652707077271,0.9057504873294346,False,False,0.00645647261379533,0.014285714285714285,True,
B4_volatility_contraction_then_breakout,B4-volatility-contraction-then-breakout__6356c9f224eb,liquidity_size_volatility_matched_same_budget,train,0.7345427287739374,0.7436439709177374,False,False,0.00645647261379533,0.014285714285714285,True,
B4_volatility_contraction_then_breakout,B4-volatility-contraction-then-breakout__40105f2ea64e,calendar_time_random_same_budget,train,0.6653745431523209,0.6721640793069364,False,False,0.005765296633810675,0.01584507042253521,True,
B4_volatility_contraction_then_breakout,B4-volatility-contraction-then-breakout__40105f2ea64e,instrument_matched_random_same_budget,train,0.9010280271854346,0.910222190728143,False,False,0.005765296633810675,0.01584507042253521,True,
B4_volatility_contraction_then_breakout,B4-volatility-contraction-then-breakout__40105f2ea64e,liquidity_size_volatility_matched_same_budget,train,0.7997745219967441,0.8079354865069149,False,False,0.005765296633810675,0.01584507042253521,True,
B4_volatility_contraction_then_breakout,B4-volatility-contraction-then-breakout__254a7b738a51,calendar_time_random_same_budget,train,0.5423944358752073,0.5500041787451567,False,False,0.007408745934224793,0.01652892561983471,True,
B4_volatility_contraction_then_breakout,B4-volatility-contraction-then-breakout__254a7b738a51,instrument_matched_random_same_budget,train,0.93233766319658,0.9454182728334529,False,False,0.007408745934224793,0.01652892561983471,True,
B4_volatility_contraction_then_breakout,B4-volatility-contraction-then-breakout__254a7b738a51,liquidity_size_volatility_matched_same_budget,train,0.7433118869692246,0.7537404827620364,False,False,0.007408745934224793,0.01652892561983471,True,
B4_volatility_contraction_then_breakout,B4-volatility-contraction-then-breakout__06141443a695,calendar_time_random_same_budget,train,0.6896655037755874,0.6960974067533909,False,False,0.006823821339950372,0.01483679525222552,True,
B4_volatility_contraction_then_breakout,B4-volatility-contraction-then-breakout__06141443a695,instrument_matched_random_same_budget,train,1.0282285692654214,1.0378179518868738,False,False,0.006823821339950372,0.01483679525222552,True,
B4_volatility_contraction_then_breakout,B4-volatility-contraction-then-breakout__06141443a695,liquidity_size_volatility_matched_same_budget,train,0.8722761641583265,0.8804111159965767,False,False,0.006823821339950372,0.01483679525222552,True,
B4_volatility_contraction_then_breakout,B4-volatility-contraction-then-breakout__6604b5c4139f,calendar_time_random_same_budget,train,0.6450433138150203,0.6514288532596278,False,False,0.004995638728094521,0.014029618082618862,True,
B4_volatility_contraction_then_breakout,B4-volatility-contraction-then-breakout__6604b5c4139f,instrument_matched_random_same_budget,train,0.9384582127483446,0.9477483825807831,False,False,0.004995638728094521,0.014029618082618862,True,
B4_volatility_contraction_then_breakout,B4-volatility-contraction-then-breakout__6604b5c4139f,liquidity_size_volatility_matched_same_budget,train,0.8239243350263422,0.8320806886044703,False,False,0.004995638728094521,0.014029618082618862,True,
B4_volatility_contraction_then_breakout,B4-volatility-contraction-then-breakout__03a4cd1650d1,calendar_time_random_same_budget,train,0.6977643468493097,0.7023260197668181,False,False,0.005570356018406394,0.016146393972012917,True,
B4_volatility_contraction_then_breakout,B4-volatility-contraction-then-breakout__03a4cd1650d1,instrument_matched_random_same_budget,train,0.9536593294231784,0.9598939299085747,False,False,0.005570356018406394,0.016146393972012917,True,
B4_volatility_contraction_then_breakout,B4-volatility-contraction-then-breakout__03a4cd1650d1,liquidity_size_volatility_matched_same_budget,train,0.8354228333770467,0.8408844562457015,False,False,0.005570356018406394,0.016146393972012917,True,
B4_volatility_contraction_then_breakout,B4-volatility-contraction-then-breakout__2632b6daac8d,calendar_time_random_same_budget,train,0.6135533361252785,0.6196832967950134,False,False,0.004921700223713647,0.01583710407239819,True,
B4_volatility_contraction_then_breakout,B4-volatility-contraction-then-breakout__2632b6daac8d,instrument_matched_random_same_budget,train,0.9686624332918785,0.9783402596008802,False,False,0.004921700223713647,0.01583710407239819,True,
B4_volatility_contraction_then_breakout,B4-volatility-contraction-then-breakout__2632b6daac8d,liquidity_size_volatility_matched_same_budget,train,0.796901407766676,0.8048631838660707,False,False,0.004921700223713647,0.01583710407239819,True,
B4_volatility_contraction_then_breakout,B4-volatility-contraction-then-breakout__60013438e974,calendar_time_random_same_budget,train,0.6737685489157442,0.6739852650817791,False,False,0.00505462253383336,0.016541353383458645,True,
B4_volatility_contraction_then_breakout,B4-volatility-contraction-then-breakout__60013438e974,instrument_matched_random_same_budget,train,0.9400540091763969,0.9403563754727494,False,False,0.00505462253383336,0.016541353383458645,True,
B4_volatility_contraction_then_breakout,B4-volatility-contraction-then-breakout__60013438e974,liquidity_size_volatility_matched_same_budget,train,0.8691526664816883,0.8694322275177178,False,False,0.00505462253383336,0.016541353383458645,True,
B4_volatility_contraction_then_breakout,B4-volatility-contraction-then-breakout__a77b0f7c5564,calendar_time_random_same_budget,train,0.6465064648770343,0.6524935372441384,False,False,0.004677754677754678,0.012884753042233358,True,
B4_volatility_contraction_then_breakout,B4-volatility-contraction-then-breakout__a77b0f7c5564,instrument_matched_random_same_budget,train,0.9541573998966973,0.9629935209769032,False,False,0.004677754677754678,0.012884753042233358,True,
B4_volatility_contraction_then_breakout,B4-volatility-contraction-then-breakout__a77b0f7c5564,liquidity_size_volatility_matched_same_budget,train,0.8359532669732231,0.8436947405342611,False,False,0.004677754677754678,0.012884753042233358,True,
B4_volatility_contraction_then_breakout,B4-volatility-contraction-then-breakout__6def42d46646,calendar_time_random_same_budget,train,0.7449551050743914,0.7452855885178954,False,False,0.0052648897663705166,0.01532567049808429,True,
B4_volatility_contraction_then_breakout,B4-volatility-contraction-then-breakout__6def42d46646,instrument_matched_random_same_budget,train,0.9432038296763865,0.943622261938189,False,False,0.0052648897663705166,0.01532567049808429,True,
B4_volatility_contraction_then_breakout,B4-volatility-contraction-then-breakout__6def42d46646,liquidity_size_volatility_matched_same_budget,train,0.8793119529836593,0.8797020409770925,False,False,0.0052648897663705166,0.01532567049808429,True,
B4_volatility_contraction_then_breakout,B4-volatility-contraction-then-breakout__507442ccf12d,calendar_time_random_same_budget,train,0.649356050713491,0.6551260875059732,False,False,0.004433497536945813,0.015252621544327931,True,
B4_volatility_contraction_then_breakout,B4-volatility-contraction-then-breakout__507442ccf12d,instrument_matched_random_same_budget,train,0.9073040501333578,0.915366156808864,False,False,0.004433497536945813,0.015252621544327931,True,
B4_volatility_contraction_then_breakout,B4-volatility-contraction-then-breakout__507442ccf12d,liquidity_size_volatility_matched_same_budget,train,0.8063377513848262,0.8135026934648233,False,False,0.004433497536945813,0.015252621544327931,True,
B4_volatility_contraction_then_breakout,B4-volatility-contraction-then-breakout__b33a21b13bd4,calendar_time_random_same_budget,train,0.7083311492642402,0.7118074458280644,False,False,0.004241926655719759,0.016928657799274487,True,
B4_volatility_contraction_then_breakout,B4-volatility-contraction-then-breakout__b33a21b13bd4,instrument_matched_random_same_budget,train,0.9171273167336771,0.921628328079941,False,False,0.004241926655719759,0.016928657799274487,True,
B4_volatility_contraction_then_breakout,B4-volatility-contraction-then-breakout__b33a21b13bd4,liquidity_size_volatility_matched_same_budget,train,0.8865564061758877,0.8909073838106095,False,False,0.004241926655719759,0.016928657799274487,True,
B4_volatility_contraction_then_breakout,B4-volatility-contraction-then-breakout__6ad5efb76c4c,calendar_time_random_same_budget,train,0.6106367990700359,0.6172455490264495,False,False,0.005652911249293386,0.011639185257032008,True,
B4_volatility_contraction_then_breakout,B4-volatility-contraction-then-breakout__6ad5efb76c4c,instrument_matched_random_same_budget,train,0.9047655190409433,0.9145575412276713,False,False,0.005652911249293386,0.011639185257032008,True,
B4_volatility_contraction_then_breakout,B4-volatility-contraction-then-breakout__6ad5efb76c4c,liquidity_size_volatility_matched_same_budget,train,0.7855009733491826,0.7940022289749328,False,False,0.005652911249293386,0.011639185257032008,True,
B4_volatility_contraction_then_breakout,B4-volatility-contraction-then-breakout__421eee87cd10,calendar_time_random_same_budget,train,0.6700421940928271,0.6694469224453035,False,False,0.005037783375314861,0.01276595744680851,True,
B4_volatility_contraction_then_breakout,B4-volatility-contraction-then-breakout__421eee87cd10,instrument_matched_random_same_budget,train,0.9252963632710469,0.9244743214720859,False,False,0.005037783375314861,0.01276595744680851,True,
B4_volatility_contraction_then_breakout,B4-volatility-contraction-then-breakout__421eee87cd10,liquidity_size_volatility_matched_same_budget,train,0.8278391131750432,0.8271036532933692,False,False,0.005037783375314861,0.01276595744680851,True,
B4_volatility_contraction_then_breakout,B4-volatility-contraction-then-breakout__607f3fca12b9,calendar_time_random_same_budget,train,0.5873245990237915,0.594705000731101,False,False,0.006650446066504461,0.014035087719298246,True,
B4_volatility_contraction_then_breakout,B4-volatility-contraction-then-breakout__607f3fca12b9,instrument_matched_random_same_budget,train,0.919577136612571,0.9311326694139195,False,False,0.006650446066504461,0.014035087719298246,True,
B4_volatility_contraction_then_breakout,B4-volatility-contraction-then-breakout__607f3fca12b9,liquidity_size_volatility_matched_same_budget,train,0.7481305518203967,0.7575316632520023,False,False,0.006650446066504461,0.014035087719298246,True,
B4_volatility_contraction_then_breakout,B4-volatility-contraction-then-breakout__9b171176dae9,calendar_time_random_same_budget,train,0.634034124615868,0.6395925655607863,False,False,0.005944339367738449,0.012376237623762377,True,
B4_volatility_contraction_then_breakout,B4-volatility-contraction-then-breakout__9b171176dae9,instrument_matched_random_same_budget,train,0.988846408464164,0.9975154124682821,False,False,0.005944339367738449,0.012376237623762377,True,
B4_volatility_contraction_then_breakout,B4-volatility-contraction-then-breakout__9b171176dae9,liquidity_size_volatility_matched_same_budget,train,0.8031934266378883,0.8102348508388616,False,False,0.005944339367738449,0.012376237623762377,True,
B4_volatility_contraction_then_breakout,B4-volatility-contraction-then-breakout__f6c21869315b,calendar_time_random_same_budget,train,0.6823147116333538,0.6878726394168574,False,False,0.004121418291246893,0.011806375442739079,True,
B4_volatility_contraction_then_breakout,B4-volatility-contraction-then-breakout__f6c21869315b,instrument_matched_random_same_budget,train,0.9305309497275442,0.9381107713710203,False,False,0.004121418291246893,0.011806375442739079,True,
B4_volatility_contraction_then_breakout,B4-volatility-contraction-then-breakout__f6c21869315b,liquidity_size_volatility_matched_same_budget,train,0.8313834682805233,0.8381556647440005,False,False,0.004121418291246893,0.011806375442739079,True,
B4_volatility_contraction_then_breakout,B4-volatility-contraction-then-breakout__6eba5f0fa8a0,calendar_time_random_same_budget,train,0.7490816715575781,0.7533828184291876,False,False,0.004497607655502393,0.013364779874213837,True,
B4_volatility_contraction_then_breakout,B4-volatility-contraction-then-breakout__6eba5f0fa8a0,instrument_matched_random_same_budget,train,0.9225761883495006,0.9278735221877322,False,False,0.004497607655502393,0.013364779874213837,True,
B4_volatility_contraction_then_breakout,B4-volatility-contraction-then-breakout__6eba5f0fa8a0,liquidity_size_volatility_matched_same_budget,train,0.9172317933409591,0.9224984402344362,False,False,0.004497607655502393,0.013364779874213837,True,
B4_volatility_contraction_then_breakout,B4-volatility-contraction-then-breakout__b697778bc6a5,calendar_time_random_same_budget,train,0.6661522040125706,0.6699652155802238,False,False,0.004122166010867528,0.013876843018213356,True,
B4_volatility_contraction_then_breakout,B4-volatility-contraction-then-breakout__b697778bc6a5,instrument_matched_random_same_budget,train,0.9038036928757592,0.9089770059940898,False,False,0.004122166010867528,0.013876843018213356,True,
B4_volatility_contraction_then_breakout,B4-volatility-contraction-then-breakout__b697778bc6a5,liquidity_size_volatility_matched_same_budget,train,0.7957199522844314,0.8002746011535595,False,False,0.004122166010867528,0.013876843018213356,True,
B4_volatility_contraction_then_breakout,B4-volatility-contraction-then-breakout__05a3d924db9a,calendar_time_random_same_budget,train,0.7558824721102013,0.754125161479498,False,False,0.004202232435981616,0.014380530973451327,True,
B4_volatility_contraction_then_breakout,B4-volatility-contraction-then-breakout__05a3d924db9a,instrument_matched_random_same_budget,train,0.9368574293130566,0.9346793797078197,False,False,0.004202232435981616,0.014380530973451327,True,
B4_volatility_contraction_then_breakout,B4-volatility-contraction-then-breakout__05a3d924db9a,liquidity_size_volatility_matched_same_budget,train,0.8988265831726256,0.8967369494424526,False,False,0.004202232435981616,0.014380530973451327,True,
B4_volatility_contraction_then_breakout,B4-volatility-contraction-then-breakout__a388db5378a7,calendar_time_random_same_budget,train,0.6947960265312223,0.6999870555820236,False,False,0.0037840110517148176,0.010576414595452142,True,
B4_volatility_contraction_then_breakout,B4-volatility-contraction-then-breakout__a388db5378a7,instrument_matched_random_same_budget,train,0.9350653913710834,0.9420515447537381,False,False,0.0037840110517148176,0.010576414595452142,True,
B4_volatility_contraction_then_breakout,B4-volatility-contraction-then-breakout__a388db5378a7,liquidity_size_volatility_matched_same_budget,train,0.8252968454275215,0.8314628851522123,False,False,0.0037840110517148176,0.010576414595452142,True,
B4_volatility_contraction_then_breakout,B4-volatility-contraction-then-breakout__de9ecb3408ce,calendar_time_random_same_budget,train,0.7730410282899105,0.7692921785696624,False,False,0.004247366632687734,0.01154891304347826,True,
B4_volatility_contraction_then_breakout,B4-volatility-contraction-then-breakout__de9ecb3408ce,instrument_matched_random_same_budget,train,0.9723206571863818,0.9676054041916629,False,False,0.004247366632687734,0.01154891304347826,True,
B4_volatility_contraction_then_breakout,B4-volatility-contraction-then-breakout__de9ecb3408ce,liquidity_size_volatility_matched_same_budget,train,0.876482599578405,0.8722321116638106,False,False,0.004247366632687734,0.01154891304347826,True,
B4_volatility_contraction_then_breakout,B4-volatility-contraction-then-breakout__0549ad47e2d6,calendar_time_random_same_budget,train,0.6941645309638306,0.6992064813945259,False,False,0.0035925275427111606,0.011946591707659873,True,
B4_volatility_contraction_then_breakout,B4-volatility-contraction-then-breakout__0549ad47e2d6,instrument_matched_random_same_budget,train,0.9590308089291685,0.9659965722092609,False,False,0.0035925275427111606,0.011946591707659873,True,
B4_volatility_contraction_then_breakout,B4-volatility-contraction-then-breakout__0549ad47e2d6,liquidity_size_volatility_matched_same_budget,train,0.8402828903707218,0.8463861475842934,False,False,0.0035925275427111606,0.011946591707659873,True,
B4_volatility_contraction_then_breakout,B4-volatility-contraction-then-breakout__2d2750d18b16,calendar_time_random_same_budget,train,0.7549283213596143,0.7485754007505739,False,False,0.0037345283824157063,0.01288659793814433,True,
B4_volatility_contraction_then_breakout,B4-volatility-contraction-then-breakout__2d2750d18b16,instrument_matched_random_same_budget,train,1.0107250592659998,1.0022195417520716,False,False,0.0037345283824157063,0.01288659793814433,True,
B4_volatility_contraction_then_breakout,B4-volatility-contraction-then-breakout__2d2750d18b16,liquidity_size_volatility_matched_same_budget,train,0.896950303172834,0.8894022301901576,False,False,0.0037345283824157063,0.01288659793814433,True,
B5_recent_high_close_plus_amount_expansion,B5-recent-high-close-plus-amount-expansion__de20b83de9b1,calendar_time_random_same_budget,train,1.1418520770766765,1.135057158723903,False,False,0.004102051025512757,0.01154480483782298,True,
B5_recent_high_close_plus_amount_expansion,B5-recent-high-close-plus-amount-expansion__de20b83de9b1,instrument_matched_random_same_budget,train,1.0298802656415635,1.0237516676745806,False,False,0.004102051025512757,0.01154480483782298,True,
B5_recent_high_close_plus_amount_expansion,B5-recent-high-close-plus-amount-expansion__de20b83de9b1,liquidity_size_volatility_matched_same_budget,train,1.054530056004263,1.048254772388333,False,False,0.004102051025512757,0.01154480483782298,True,
B5_recent_high_close_plus_amount_expansion,B5-recent-high-close-plus-amount-expansion__bf9eb7ba8abb,calendar_time_random_same_budget,train,1.1123214199109006,1.1057022322051813,False,False,0.004102051025512757,0.01154480483782298,True,
B5_recent_high_close_plus_amount_expansion,B5-recent-high-close-plus-amount-expansion__bf9eb7ba8abb,instrument_matched_random_same_budget,train,1.0097316858218572,1.0037229877592033,False,False,0.004102051025512757,0.01154480483782298,True,
B5_recent_high_close_plus_amount_expansion,B5-recent-high-close-plus-amount-expansion__bf9eb7ba8abb,liquidity_size_volatility_matched_same_budget,train,1.042360061128276,1.0361571985581155,False,False,0.004102051025512757,0.01154480483782298,True,
B5_recent_high_close_plus_amount_expansion,B5-recent-high-close-plus-amount-expansion__8f75861219b6,calendar_time_random_same_budget,train,1.1082513959424318,1.1078951465526155,False,False,0.0036268134067033516,0.009845288326300985,True,
B5_recent_high_close_plus_amount_expansion,B5-recent-high-close-plus-amount-expansion__8f75861219b6,instrument_matched_random_same_budget,train,0.9752612284293399,0.9749477289663014,False,False,0.0036268134067033516,0.009845288326300985,True,
B5_recent_high_close_plus_amount_expansion,B5-recent-high-close-plus-amount-expansion__8f75861219b6,liquidity_size_volatility_matched_same_budget,train,1.0284572954345765,1.0281266960008268,False,False,0.0036268134067033516,0.009845288326300985,True,
B5_recent_high_close_plus_amount_expansion,B5-recent-high-close-plus-amount-expansion__f6c7b284c120,calendar_time_random_same_budget,train,1.0945269204508845,1.0941750828182177,False,False,0.0036268134067033516,0.009845288326300985,True,
B5_recent_high_close_plus_amount_expansion,B5-recent-high-close-plus-amount-expansion__f6c7b284c120,instrument_matched_random_same_budget,train,1.0202949359470006,1.0199669603182808,False,False,0.0036268134067033516,0.009845288326300985,True,
B5_recent_high_close_plus_amount_expansion,B5-recent-high-close-plus-amount-expansion__f6c7b284c120,liquidity_size_volatility_matched_same_budget,train,1.0375119451375956,1.0371784350705335,False,False,0.0036268134067033516,0.009845288326300985,True,
B5_recent_high_close_plus_amount_expansion,B5-recent-high-close-plus-amount-expansion__856331a4859e,calendar_time_random_same_budget,train,1.164171430563302,1.1574458356781092,False,False,0.005270457697642164,0.013688212927756654,True,
B5_recent_high_close_plus_amount_expansion,B5-recent-high-close-plus-amount-expansion__856331a4859e,instrument_matched_random_same_budget,train,0.9938048797491602,0.9880635182618006,False,False,0.005270457697642164,0.013688212927756654,True,
B5_recent_high_close_plus_amount_expansion,B5-recent-high-close-plus-amount-expansion__856331a4859e,liquidity_size_volatility_matched_same_budget,train,1.0389418344469306,1.0329397099278743,False,False,0.005270457697642164,0.013688212927756654,True,
B5_recent_high_close_plus_amount_expansion,B5-recent-high-close-plus-amount-expansion__595f8ba69770,calendar_time_random_same_budget,train,1.1864167445231102,1.1795626350859711,False,False,0.005270457697642164,0.013688212927756654,True,
B5_recent_high_close_plus_amount_expansion,B5-recent-high-close-plus-amount-expansion__595f8ba69770,instrument_matched_random_same_budget,train,0.998370598951683,0.992602860612161,False,False,0.005270457697642164,0.013688212927756654,True,
B5_recent_high_close_plus_amount_expansion,B5-recent-high-close-plus-amount-expansion__595f8ba69770,liquidity_size_volatility_matched_same_budget,train,1.0784714658650936,1.0722409726712012,False,False,0.005270457697642164,0.013688212927756654,True,
B5_recent_high_close_plus_amount_expansion,B5-recent-high-close-plus-amount-expansion__96d75fad4582,calendar_time_random_same_budget,train,1.0526623120102814,1.044472451672726,False,False,0.004140072451267897,0.011627906976744186,True,
B5_recent_high_close_plus_amount_expansion,B5-recent-high-close-plus-amount-expansion__96d75fad4582,instrument_matched_random_same_budget,train,0.9662645562132112,0.9587468825260024,False,False,0.004140072451267897,0.011627906976744186,True,
B5_recent_high_close_plus_amount_expansion,B5-recent-high-close-plus-amount-expansion__96d75fad4582,liquidity_size_volatility_matched_same_budget,train,1.0646989912536422,1.05641548386441,False,False,0.004140072451267897,0.011627906976744186,True,
B5_recent_high_close_plus_amount_expansion,B5-recent-high-close-plus-amount-expansion__536cb23959ef,calendar_time_random_same_budget,train,1.0526623120102814,1.044472451672726,False,False,0.004140072451267897,0.011627906976744186,True,
B5_recent_high_close_plus_amount_expansion,B5-recent-high-close-plus-amount-expansion__536cb23959ef,instrument_matched_random_same_budget,train,0.9810732084157125,0.9734403213386615,False,False,0.004140072451267897,0.011627906976744186,True,
B5_recent_high_close_plus_amount_expansion,B5-recent-high-close-plus-amount-expansion__536cb23959ef,liquidity_size_volatility_matched_same_budget,train,1.037730931698079,1.0296572395922619,False,False,0.004140072451267897,0.011627906976744186,True,
B5_recent_high_close_plus_amount_expansion,B5-recent-high-close-plus-amount-expansion__0f96816e6f6f,calendar_time_random_same_budget,train,1.134135043221999,1.1307769348192285,False,False,0.005577867023650156,0.014723926380368098,True,
B5_recent_high_close_plus_amount_expansion,B5-recent-high-close-plus-amount-expansion__0f96816e6f6f,instrument_matched_random_same_budget,train,0.9356942650916145,0.9329237283792475,False,False,0.005577867023650156,0.014723926380368098,True,
B5_recent_high_close_plus_amount_expansion,B5-recent-high-close-plus-amount-expansion__0f96816e6f6f,liquidity_size_volatility_matched_same_budget,train,1.0131796120126264,1.0101796456603396,False,False,0.005577867023650156,0.014723926380368098,True,
B5_recent_high_close_plus_amount_expansion,B5-recent-high-close-plus-amount-expansion__0a686d945ddc,calendar_time_random_same_budget,train,1.1568827374986579,1.1534572744860896,False,False,0.005577867023650156,0.014723926380368098,True,
B5_recent_high_close_plus_amount_expansion,B5-recent-high-close-plus-amount-expansion__0a686d945ddc,instrument_matched_random_same_budget,train,0.9981509898319694,0.9951955223625347,False,False,0.005577867023650156,0.014723926380368098,True,
B5_recent_high_close_plus_amount_expansion,B5-recent-high-close-plus-amount-expansion__0a686d945ddc,liquidity_size_volatility_matched_same_budget,train,1.0043583964851532,1.0013845492428988,False,False,0.005577867023650156,0.014723926380368098,True,
B5_recent_high_close_plus_amount_expansion,B5-recent-high-close-plus-amount-expansion__6f484e0d6c22,calendar_time_random_same_budget,train,1.1060877985864221,1.0906477349051213,False,False,0.005179856115107914,0.014446227929373997,True,
B5_recent_high_close_plus_amount_expansion,B5-recent-high-close-plus-amount-expansion__6f484e0d6c22,instrument_matched_random_same_budget,train,0.9365659963751497,0.9234923157466735,False,False,0.005179856115107914,0.014446227929373997,True,
B5_recent_high_close_plus_amount_expansion,B5-recent-high-close-plus-amount-expansion__6f484e0d6c22,liquidity_size_volatility_matched_same_budget,train,1.0167989977120653,1.0026053312636867,False,False,0.005179856115107914,0.014446227929373997,True,
B5_recent_high_close_plus_amount_expansion,B5-recent-high-close-plus-amount-expansion__fa73596bfbcf,calendar_time_random_same_budget,train,1.1733783110479536,1.1569989279031516,False,False,0.005179856115107914,0.014446227929373997,True,
B5_recent_high_close_plus_amount_expansion,B5-recent-high-close-plus-amount-expansion__fa73596bfbcf,instrument_matched_random_same_budget,train,0.913013301200035,0.9002683965636951,False,False,0.005179856115107914,0.014446227929373997,True,
B5_recent_high_close_plus_amount_expansion,B5-recent-high-close-plus-amount-expansion__fa73596bfbcf,liquidity_size_volatility_matched_same_budget,train,1.0235439330202716,1.0092561128972768,False,False,0.005179856115107914,0.014446227929373997,True,
B5_recent_high_close_plus_amount_expansion,B5-recent-high-close-plus-amount-expansion__da316f54f36b,calendar_time_random_same_budget,train,1.1762668846859314,1.1678553814424226,False,False,0.004539106145251397,0.011713933415536375,True,
B5_recent_high_close_plus_amount_expansion,B5-recent-high-close-plus-amount-expansion__da316f54f36b,instrument_matched_random_same_budget,train,1.0497453488494393,1.042238603125604,False,False,0.004539106145251397,0.011713933415536375,True,
B5_recent_high_close_plus_amount_expansion,B5-recent-high-close-plus-amount-expansion__da316f54f36b,liquidity_size_volatility_matched_same_budget,train,1.054557541018363,1.0470163832316155,False,False,0.004539106145251397,0.011713933415536375,True,
B5_recent_high_close_plus_amount_expansion,B5-recent-high-close-plus-amount-expansion__e0a28c33dc2f,calendar_time_random_same_budget,train,1.177126728899883,1.1687090768966932,False,False,0.004539106145251397,0.011713933415536375,True,
B5_recent_high_close_plus_amount_expansion,B5-recent-high-close-plus-amount-expansion__e0a28c33dc2f,instrument_matched_random_same_budget,train,1.0375704672261856,1.0301507842749205,False,False,0.004539106145251397,0.011713933415536375,True,
B5_recent_high_close_plus_amount_expansion,B5-recent-high-close-plus-amount-expansion__e0a28c33dc2f,liquidity_size_volatility_matched_same_budget,train,1.0389092678290581,1.0314800110933395,False,False,0.004539106145251397,0.011713933415536375,True,
B5_recent_high_close_plus_amount_expansion,B5-recent-high-close-plus-amount-expansion__926a5d46f5f1,calendar_time_random_same_budget,train,1.1262282471039973,1.125152527836967,False,False,0.0034354423131978244,0.009324009324009324,True,
B5_recent_high_close_plus_amount_expansion,B5-recent-high-close-plus-amount-expansion__926a5d46f5f1,instrument_matched_random_same_budget,train,0.9833937653421528,0.9824544747292809,False,False,0.0034354423131978244,0.009324009324009324,True,
B5_recent_high_close_plus_amount_expansion,B5-recent-high-close-plus-amount-expansion__926a5d46f5f1,liquidity_size_volatility_matched_same_budget,train,1.0034472852628555,1.0024888404884662,False,False,0.0034354423131978244,0.009324009324009324,True,
B5_recent_high_close_plus_amount_expansion,B5-recent-high-close-plus-amount-expansion__e38d9a25e46a,calendar_time_random_same_budget,train,1.1382520362189863,1.1371648324046213,False,False,0.0034354423131978244,0.009324009324009324,True,
B5_recent_high_close_plus_amount_expansion,B5-recent-high-close-plus-amount-expansion__e38d9a25e46a,instrument_matched_random_same_budget,train,1.0058139062186642,1.0048532009613163,False,False,0.0034354423131978244,0.009324009324009324,True,
B5_recent_high_close_plus_amount_expansion,B5-recent-high-close-plus-amount-expansion__e38d9a25e46a,liquidity_size_volatility_matched_same_budget,train,1.0326031385876842,1.0316168455389785,False,False,0.0034354423131978244,0.009324009324009324,True,
B5_recent_high_close_plus_amount_expansion,B5-recent-high-close-plus-amount-expansion__546132704542,calendar_time_random_same_budget,train,1.1816882808329707,1.172138306329709,False,False,0.005743557901272896,0.014913007456503728,True,
B5_recent_high_close_plus_amount_expansion,B5-recent-high-close-plus-amount-expansion__546132704542,instrument_matched_random_same_budget,train,0.9826364340205147,0.9746951240802512,False,False,0.005743557901272896,0.014913007456503728,True,
B5_recent_high_close_plus_amount_expansion,B5-recent-high-close-plus-amount-expansion__546132704542,liquidity_size_volatility_matched_same_budget,train,1.035384017491746,1.0270164207841261,False,False,0.005743557901272896,0.014913007456503728,True,
B5_recent_high_close_plus_amount_expansion,B5-recent-high-close-plus-amount-expansion__bbb2bfaf1e02,calendar_time_random_same_budget,train,1.178195606111297,1.1686738581336606,False,False,0.005743557901272896,0.014913007456503728,True,
B5_recent_high_close_plus_amount_expansion,B5-recent-high-close-plus-amount-expansion__bbb2bfaf1e02,instrument_matched_random_same_budget,train,1.0134479154262426,1.0052575983098861,False,False,0.005743557901272896,0.014913007456503728,True,
B5_recent_high_close_plus_amount_expansion,B5-recent-high-close-plus-amount-expansion__bbb2bfaf1e02,liquidity_size_volatility_matched_same_budget,train,1.0620502133241265,1.0534671101293656,False,False,0.005743557901272896,0.014913007456503728,True,
B5_recent_high_close_plus_amount_expansion,B5-recent-high-close-plus-amount-expansion__fba07eb0dbd3,calendar_time_random_same_budget,train,1.1782020494626293,1.1672480270038985,False,False,0.004370131103933118,0.011458333333333333,True,
B5_recent_high_close_plus_amount_expansion,B5-recent-high-close-plus-amount-expansion__fba07eb0dbd3,instrument_matched_random_same_budget,train,0.9746068077865717,0.9655456583294008,False,False,0.004370131103933118,0.011458333333333333,True,
B5_recent_high_close_plus_amount_expansion,B5-recent-high-close-plus-amount-expansion__fba07eb0dbd3,liquidity_size_volatility_matched_same_budget,train,1.024909094640072,1.0153802729528536,False,False,0.004370131103933118,0.011458333333333333,True,
B5_recent_high_close_plus_amount_expansion,B5-recent-high-close-plus-amount-expansion__64c5a150e998,calendar_time_random_same_budget,train,1.1070446666843985,1.0967522112034307,False,False,0.004370131103933118,0.011458333333333333,True,
B5_recent_high_close_plus_amount_expansion,B5-recent-high-close-plus-amount-expansion__64c5a150e998,instrument_matched_random_same_budget,train,0.9493679860709833,0.9405414878945757,False,False,0.004370131103933118,0.011458333333333333,True,
B5_recent_high_close_plus_amount_expansion,B5-recent-high-close-plus-amount-expansion__64c5a150e998,liquidity_size_volatility_matched_same_budget,train,1.0129282231830683,1.0035107904847544,False,False,0.004370131103933118,0.011458333333333333,True,
B5_recent_high_close_plus_amount_expansion,B5-recent-high-close-plus-amount-expansion__cea3d0bce06a,calendar_time_random_same_budget,train,1.1673422682764776,1.152153094918669,False,False,0.005818181818181818,0.014285714285714285,True,
B5_recent_high_close_plus_amount_expansion,B5-recent-high-close-plus-amount-expansion__cea3d0bce06a,instrument_matched_random_same_budget,train,0.9762683420112741,0.9635653760573011,False,False,0.005818181818181818,0.014285714285714285,True,
B5_recent_high_close_plus_amount_expansion,B5-recent-high-close-plus-amount-expansion__cea3d0bce06a,liquidity_size_volatility_matched_same_budget,train,1.0783076884926783,1.0642770114079227,False,False,0.005818181818181818,0.014285714285714285,True,
B5_recent_high_close_plus_amount_expansion,B5-recent-high-close-plus-amount-expansion__ea2bb4f42385,calendar_time_random_same_budget,train,1.1112690588832843,1.096809496472794,False,False,0.005818181818181818,0.014285714285714285,True,
B5_recent_high_close_plus_amount_expansion,B5-recent-high-close-plus-amount-expansion__ea2bb4f42385,instrument_matched_random_same_budget,train,0.968834826716772,0.9562285838538191,False,False,0.005818181818181818,0.014285714285714285,True,
B5_recent_high_close_plus_amount_expansion,B5-recent-high-close-plus-amount-expansion__ea2bb4f42385,liquidity_size_volatility_matched_same_budget,train,0.9966603700428411,0.9836920679853909,False,False,0.005818181818181818,0.014285714285714285,True,
B5_recent_high_close_plus_amount_expansion,B5-recent-high-close-plus-amount-expansion__f0ba5154f837,calendar_time_random_same_budget,train,1.12949319018123,1.1258841581910697,False,False,0.0052404438964241675,0.01335559265442404,True,
B5_recent_high_close_plus_amount_expansion,B5-recent-high-close-plus-amount-expansion__f0ba5154f837,instrument_matched_random_same_budget,train,0.9341405943951682,0.9311557660511047,False,False,0.0052404438964241675,0.01335559265442404,True,
B5_recent_high_close_plus_amount_expansion,B5-recent-high-close-plus-amount-expansion__f0ba5154f837,liquidity_size_volatility_matched_same_budget,train,1.0441360598160403,1.0407997666230275,False,False,0.0052404438964241675,0.01335559265442404,True,
B5_recent_high_close_plus_amount_expansion,B5-recent-high-close-plus-amount-expansion__21566fedf00b,calendar_time_random_same_budget,train,1.188226836070654,1.1844301344170054,False,False,0.0052404438964241675,0.01335559265442404,True,
B5_recent_high_close_plus_amount_expansion,B5-recent-high-close-plus-amount-expansion__21566fedf00b,instrument_matched_random_same_budget,train,0.9536330947597544,0.9505859826781744,False,False,0.0052404438964241675,0.01335559265442404,True,
B5_recent_high_close_plus_amount_expansion,B5-recent-high-close-plus-amount-expansion__21566fedf00b,liquidity_size_volatility_matched_same_budget,train,1.0404788406923413,1.037154233289847,False,False,0.0052404438964241675,0.01335559265442404,True,
B5_recent_high_close_plus_amount_expansion,B5-recent-high-close-plus-amount-expansion__b083a265fbdb,calendar_time_random_same_budget,train,1.2430415642915644,1.238910862554281,False,False,0.004305705059203444,0.009097801364670205,True,
B5_recent_high_close_plus_amount_expansion,B5-recent-high-close-plus-amount-expansion__b083a265fbdb,instrument_matched_random_same_budget,train,1.0384904208005477,1.0350394547921842,False,False,0.004305705059203444,0.009097801364670205,True,
B5_recent_high_close_plus_amount_expansion,B5-recent-high-close-plus-amount-expansion__b083a265fbdb,liquidity_size_volatility_matched_same_budget,train,1.0620160937636667,1.0584869505318129,False,False,0.004305705059203444,0.009097801364670205,True,
B5_recent_high_close_plus_amount_expansion,B5-recent-high-close-plus-amount-expansion__25d72c708fc1,calendar_time_random_same_budget,train,1.286913619501855,1.282637128291491,False,False,0.004305705059203444,0.009097801364670205,True,
B5_recent_high_close_plus_amount_expansion,B5-recent-high-close-plus-amount-expansion__25d72c708fc1,instrument_matched_random_same_budget,train,1.0263110960843564,1.0229006027031435,False,False,0.004305705059203444,0.009097801364670205,True,
B5_recent_high_close_plus_amount_expansion,B5-recent-high-close-plus-amount-expansion__25d72c708fc1,liquidity_size_volatility_matched_same_budget,train,1.068934765384277,1.0653826309913035,False,False,0.004305705059203444,0.009097801364670205,True,
B5_recent_high_close_plus_amount_expansion,B5-recent-high-close-plus-amount-expansion__fa96d64822f3,calendar_time_random_same_budget,train,1.1900427276886336,1.1853625995356765,False,False,0.0039069767441860465,0.010377358490566037,True,
B5_recent_high_close_plus_amount_expansion,B5-recent-high-close-plus-amount-expansion__fa96d64822f3,instrument_matched_random_same_budget,train,1.0067851973791673,1.0028257733714374,False,False,0.0039069767441860465,0.010377358490566037,True,
B5_recent_high_close_plus_amount_expansion,B5-recent-high-close-plus-amount-expansion__fa96d64822f3,liquidity_size_volatility_matched_same_budget,train,1.0633915940189598,1.059209551793928,False,False,0.0039069767441860465,0.010377358490566037,True,
B5_recent_high_close_plus_amount_expansion,B5-recent-high-close-plus-amount-expansion__94f995c0a1c2,calendar_time_random_same_budget,train,1.170318262588822,1.1657157056207206,False,False,0.0039069767441860465,0.010377358490566037,True,
B5_recent_high_close_plus_amount_expansion,B5-recent-high-close-plus-amount-expansion__94f995c0a1c2,instrument_matched_random_same_budget,train,1.0067851973791673,1.0028257733714374,False,False,0.0039069767441860465,0.010377358490566037,True,
B5_recent_high_close_plus_amount_expansion,B5-recent-high-close-plus-amount-expansion__94f995c0a1c2,liquidity_size_volatility_matched_same_budget,train,1.1009750807098584,1.096645232418661,False,False,0.0039069767441860465,0.010377358490566037,True,
B5_recent_high_close_plus_amount_expansion,B5-recent-high-close-plus-amount-expansion__bf9af0c133dd,calendar_time_random_same_budget,train,1.2140944050799114,1.2056719548746349,False,False,0.005075151278547726,0.010826771653543307,True,
B5_recent_high_close_plus_amount_expansion,B5-recent-high-close-plus-amount-expansion__bf9af0c133dd,instrument_matched_random_same_budget,train,1.0286421028782955,1.0215061776534584,False,False,0.005075151278547726,0.010826771653543307,True,
B5_recent_high_close_plus_amount_expansion,B5-recent-high-close-plus-amount-expansion__bf9af0c133dd,liquidity_size_volatility_matched_same_budget,train,1.0780432711061751,1.070564638693379,False,False,0.005075151278547726,0.010826771653543307,True,
B5_recent_high_close_plus_amount_expansion,B5-recent-high-close-plus-amount-expansion__67e918029acb,calendar_time_random_same_budget,train,1.2082853409407728,1.1999031895403063,False,False,0.005075151278547726,0.010826771653543307,True,
B5_recent_high_close_plus_amount_expansion,B5-recent-high-close-plus-amount-expansion__67e918029acb,instrument_matched_random_same_budget,train,1.0061021364805638,0.9991225761510918,False,False,0.005075151278547726,0.010826771653543307,True,
B5_recent_high_close_plus_amount_expansion,B5-recent-high-close-plus-amount-expansion__67e918029acb,liquidity_size_volatility_matched_same_budget,train,1.0943949566917508,1.0868028889010792,False,False,0.005075151278547726,0.010826771653543307,True,
B5_recent_high_close_plus_amount_expansion,B5-recent-high-close-plus-amount-expansion__af4361ca28c5,calendar_time_random_same_budget,train,1.1380732121907018,1.130400116912438,False,False,0.004001883239171375,0.010922330097087379,True,
B5_recent_high_close_plus_amount_expansion,B5-recent-high-close-plus-amount-expansion__af4361ca28c5,instrument_matched_random_same_budget,train,1.0040179626565824,0.9972486920982122,False,False,0.004001883239171375,0.010922330097087379,True,
B5_recent_high_close_plus_amount_expansion,B5-recent-high-close-plus-amount-expansion__af4361ca28c5,liquidity_size_volatility_matched_same_budget,train,1.0517668889011758,1.0446756864524975,False,False,0.004001883239171375,0.010922330097087379,True,
B5_recent_high_close_plus_amount_expansion,B5-recent-high-close-plus-amount-expansion__be2f347ffea5,calendar_time_random_same_budget,train,1.2122587252816512,1.2040854578667304,False,False,0.004001883239171375,0.010922330097087379,True,
B5_recent_high_close_plus_amount_expansion,B5-recent-high-close-plus-amount-expansion__be2f347ffea5,instrument_matched_random_same_budget,train,1.0027875484866602,0.9960265736029938,False,False,0.004001883239171375,0.010922330097087379,True,
B5_recent_high_close_plus_amount_expansion,B5-recent-high-close-plus-amount-expansion__be2f347ffea5,liquidity_size_volatility_matched_same_budget,train,1.072443826428722,1.0652132163303316,False,False,0.004001883239171375,0.010922330097087379,True,
B5_recent_high_close_plus_amount_expansion,B5-recent-high-close-plus-amount-expansion__1b61f720f0bd,calendar_time_random_same_budget,train,1.2133679264582204,1.199346346288903,False,False,0.005593170444509862,0.012012012012012012,True,
B5_recent_high_close_plus_amount_expansion,B5-recent-high-close-plus-amount-expansion__1b61f720f0bd,instrument_matched_random_same_budget,train,0.9632979038790226,0.9521661123657907,False,False,0.005593170444509862,0.012012012012012012,True,
B5_recent_high_close_plus_amount_expansion,B5-recent-high-close-plus-amount-expansion__1b61f720f0bd,liquidity_size_volatility_matched_same_budget,train,1.0844971499553049,1.0719647899020095,False,False,0.005593170444509862,0.012012012012012012,True,
B5_recent_high_close_plus_amount_expansion,B5-recent-high-close-plus-amount-expansion__ee518461bbcb,calendar_time_random_same_budget,train,1.2499289185925548,1.2354848425989264,False,False,0.005593170444509862,0.012012012012012012,True,
B5_recent_high_close_plus_amount_expansion,B5-recent-high-close-plus-amount-expansion__ee518461bbcb,instrument_matched_random_same_budget,train,0.9334912176830471,0.9227038697890715,False,False,0.005593170444509862,0.012012012012012012,True,
B5_recent_high_close_plus_amount_expansion,B5-recent-high-close-plus-amount-expansion__ee518461bbcb,liquidity_size_volatility_matched_same_budget,train,1.0898395004476953,1.0772454046305908,False,False,0.005593170444509862,0.012012012012012012,True,
B5_recent_high_close_plus_amount_expansion,B5-recent-high-close-plus-amount-expansion__8954ed1757dd,calendar_time_random_same_budget,train,1.3099484156226975,1.3066171003717473,False,False,0.004767143381004767,0.01125703564727955,True,
B5_recent_high_close_plus_amount_expansion,B5-recent-high-close-plus-amount-expansion__8954ed1757dd,instrument_matched_random_same_budget,train,0.9752373314838095,0.9727572162694075,False,False,0.004767143381004767,0.01125703564727955,True,
B5_recent_high_close_plus_amount_expansion,B5-recent-high-close-plus-amount-expansion__8954ed1757dd,liquidity_size_volatility_matched_same_budget,train,1.0761239519821346,1.0733872731248633,False,False,0.004767143381004767,0.01125703564727955,True,
B5_recent_high_close_plus_amount_expansion,B5-recent-high-close-plus-amount-expansion__8efaf05cf290,calendar_time_random_same_budget,train,1.197582637307432,1.1945370782179632,False,False,0.004767143381004767,0.01125703564727955,True,
B5_recent_high_close_plus_amount_expansion,B5-recent-high-close-plus-amount-expansion__8efaf05cf290,instrument_matched_random_same_budget,train,1.0182900351769526,1.0157004331104753,False,False,0.004767143381004767,0.01125703564727955,True,
B5_recent_high_close_plus_amount_expansion,B5-recent-high-close-plus-amount-expansion__8efaf05cf290,liquidity_size_volatility_matched_same_budget,train,0.9879499223970063,0.9854374779339993,False,False,0.004767143381004767,0.01125703564727955,True,
B6_low_drawdown_reclaim_or_ema_reclaim,B6-low-drawdown-reclaim-or-ema-reclaim__8aab0056bd35,calendar_time_random_same_budget,train,1.0286899977151538,1.0214297564484032,False,False,0.0027768136063866713,0.008358336905272181,True,
B6_low_drawdown_reclaim_or_ema_reclaim,B6-low-drawdown-reclaim-or-ema-reclaim__8aab0056bd35,instrument_matched_random_same_budget,train,1.0058154144326277,0.9987166163546669,False,False,0.0027768136063866713,0.008358336905272181,True,
B6_low_drawdown_reclaim_or_ema_reclaim,B6-low-drawdown-reclaim-or-ema-reclaim__8aab0056bd35,liquidity_size_volatility_matched_same_budget,train,0.951385950510911,0.944671302216626,False,False,0.0027768136063866713,0.008358336905272181,True,
B6_low_drawdown_reclaim_or_ema_reclaim,B6-low-drawdown-reclaim-or-ema-reclaim__74553127219c,calendar_time_random_same_budget,train,1.0390304380332085,1.0340428430164765,False,False,0.0030192209559448888,0.008590197069226882,True,
B6_low_drawdown_reclaim_or_ema_reclaim,B6-low-drawdown-reclaim-or-ema-reclaim__74553127219c,instrument_matched_random_same_budget,train,0.9949169395268705,0.9901410998709704,False,False,0.0030192209559448888,0.008590197069226882,True,
B6_low_drawdown_reclaim_or_ema_reclaim,B6-low-drawdown-reclaim-or-ema-reclaim__74553127219c,liquidity_size_volatility_matched_same_budget,train,0.9518583969312928,0.9472892485951234,False,False,0.0030192209559448888,0.008590197069226882,True,
B6_low_drawdown_reclaim_or_ema_reclaim,B6-low-drawdown-reclaim-or-ema-reclaim__9734c3983a3c,calendar_time_random_same_budget,train,1.0695244830435926,1.067524732896912,False,False,0.003203153874584206,0.00935700575815739,True,
B6_low_drawdown_reclaim_or_ema_reclaim,B6-low-drawdown-reclaim-or-ema-reclaim__9734c3983a3c,instrument_matched_random_same_budget,train,1.0177563446751434,1.0158533883316314,False,False,0.003203153874584206,0.00935700575815739,True,
B6_low_drawdown_reclaim_or_ema_reclaim,B6-low-drawdown-reclaim-or-ema-reclaim__9734c3983a3c,liquidity_size_volatility_matched_same_budget,train,0.973048701627398,0.9712293376814045,False,False,0.003203153874584206,0.00935700575815739,True,
B6_low_drawdown_reclaim_or_ema_reclaim,B6-low-drawdown-reclaim-or-ema-reclaim__878a1ca19092,calendar_time_random_same_budget,train,1.077151655032012,1.0707577662230323,False,False,0.0033627978478093772,0.009141274238227148,True,
B6_low_drawdown_reclaim_or_ema_reclaim,B6-low-drawdown-reclaim-or-ema-reclaim__878a1ca19092,instrument_matched_random_same_budget,train,1.0147213216190736,1.0086980144345896,False,False,0.0033627978478093772,0.009141274238227148,True,
B6_low_drawdown_reclaim_or_ema_reclaim,B6-low-drawdown-reclaim-or-ema-reclaim__878a1ca19092,liquidity_size_volatility_matched_same_budget,train,0.9715942919779814,0.9658269835016631,False,False,0.0033627978478093772,0.009141274238227148,True,
B6_low_drawdown_reclaim_or_ema_reclaim,B6-low-drawdown-reclaim-or-ema-reclaim__502d5b4751e8,calendar_time_random_same_budget,train,1.1522027737059686,1.1463409290988287,False,False,0.0035409624979880895,0.009133765468473777,True,
B6_low_drawdown_reclaim_or_ema_reclaim,B6-low-drawdown-reclaim-or-ema-reclaim__502d5b4751e8,instrument_matched_random_same_budget,train,0.9929276843995553,0.9878761536057553,False,False,0.0035409624979880895,0.009133765468473777,True,
B6_low_drawdown_reclaim_or_ema_reclaim,B6-low-drawdown-reclaim-or-ema-reclaim__502d5b4751e8,liquidity_size_volatility_matched_same_budget,train,0.9961505243312151,0.9910825973029118,False,False,0.0035409624979880895,0.009133765468473777,True,
B6_low_drawdown_reclaim_or_ema_reclaim,B6-low-drawdown-reclaim-or-ema-reclaim__9f1b663f253f,calendar_time_random_same_budget,train,1.1120267134578852,1.1020921771703562,False,False,0.0037010506208213943,0.009129442451907402,True,
B6_low_drawdown_reclaim_or_ema_reclaim,B6-low-drawdown-reclaim-or-ema-reclaim__9f1b663f253f,instrument_matched_random_same_budget,train,1.0083600909140429,0.9993516832986075,False,False,0.0037010506208213943,0.009129442451907402,True,
B6_low_drawdown_reclaim_or_ema_reclaim,B6-low-drawdown-reclaim-or-ema-reclaim__9f1b663f253f,liquidity_size_volatility_matched_same_budget,train,0.989710991244315,0.9808691894803009,False,False,0.0037010506208213943,0.009129442451907402,True,
B6_low_drawdown_reclaim_or_ema_reclaim,B6-low-drawdown-reclaim-or-ema-reclaim__9878c386a353,calendar_time_random_same_budget,train,1.0221589568237226,1.0149388500457992,False,False,0.002777970692409195,0.008363714346986918,True,
B6_low_drawdown_reclaim_or_ema_reclaim,B6-low-drawdown-reclaim-or-ema-reclaim__9878c386a353,instrument_matched_random_same_budget,train,1.0221589568237226,1.0149388500457992,False,False,0.002777970692409195,0.008363714346986918,True,
B6_low_drawdown_reclaim_or_ema_reclaim,B6-low-drawdown-reclaim-or-ema-reclaim__9878c386a353,liquidity_size_volatility_matched_same_budget,train,0.9647604741674382,0.9579458064564059,False,False,0.002777970692409195,0.008363714346986918,True,
B6_low_drawdown_reclaim_or_ema_reclaim,B6-low-drawdown-reclaim-or-ema-reclaim__aa3de82fbf26,calendar_time_random_same_budget,train,1.03687001805083,1.0318882304772987,False,False,0.0030211480362537764,0.008596713021491783,True,
B6_low_drawdown_reclaim_or_ema_reclaim,B6-low-drawdown-reclaim-or-ema-reclaim__aa3de82fbf26,instrument_matched_random_same_budget,train,0.9861832159651163,0.981444960248401,False,False,0.0030211480362537764,0.008596713021491783,True,
B6_low_drawdown_reclaim_or_ema_reclaim,B6-low-drawdown-reclaim-or-ema-reclaim__aa3de82fbf26,liquidity_size_volatility_matched_same_budget,train,0.9564514584208239,0.9518560531074328,False,False,0.0030211480362537764,0.008596713021491783,True,
B6_low_drawdown_reclaim_or_ema_reclaim,B6-low-drawdown-reclaim-or-ema-reclaim__cc542d49e10f,calendar_time_random_same_budget,train,1.0717937410561729,1.0697878543172306,False,False,0.0032052599137045406,0.00936374549819928,True,
B6_low_drawdown_reclaim_or_ema_reclaim,B6-low-drawdown-reclaim-or-ema-reclaim__cc542d49e10f,instrument_matched_random_same_budget,train,1.0460620237449936,1.0441042945092607,False,False,0.0032052599137045406,0.00936374549819928,True,
B6_low_drawdown_reclaim_or_ema_reclaim,B6-low-drawdown-reclaim-or-ema-reclaim__cc542d49e10f,liquidity_size_volatility_matched_same_budget,train,0.9746332535811019,0.9728092049383434,False,False,0.0032052599137045406,0.00936374549819928,True,
B6_low_drawdown_reclaim_or_ema_reclaim,B6-low-drawdown-reclaim-or-ema-reclaim__b11e1528f798,calendar_time_random_same_budget,train,1.0730299735205684,1.0666534589046497,False,False,0.0033647375504710633,0.009148877183254783,True,
B6_low_drawdown_reclaim_or_ema_reclaim,B6-low-drawdown-reclaim-or-ema-reclaim__b11e1528f798,instrument_matched_random_same_budget,train,1.0008557553741946,0.994908138336405,False,False,0.0033647375504710633,0.009148877183254783,True,
B6_low_drawdown_reclaim_or_ema_reclaim,B6-low-drawdown-reclaim-or-ema-reclaim__b11e1528f798,liquidity_size_volatility_matched_same_budget,train,0.9726244023611985,0.9668445510331811,False,False,0.0033647375504710633,0.009148877183254783,True,
B6_low_drawdown_reclaim_or_ema_reclaim,B6-low-drawdown-reclaim-or-ema-reclaim__06af442bce70,calendar_time_random_same_budget,train,1.1325792063777005,1.1268133097153423,False,False,0.0035428632776853294,0.009139150943396226,True,
B6_low_drawdown_reclaim_or_ema_reclaim,B6-low-drawdown-reclaim-or-ema-reclaim__06af442bce70,instrument_matched_random_same_budget,train,0.9903003979451629,0.9852588346469048,False,False,0.0035428632776853294,0.009139150943396226,True,
B6_low_drawdown_reclaim_or_ema_reclaim,B6-low-drawdown-reclaim-or-ema-reclaim__06af442bce70,liquidity_size_volatility_matched_same_budget,train,1.0135035914085821,1.008343901965156,False,False,0.0035428632776853294,0.009139150943396226,True,
B6_low_drawdown_reclaim_or_ema_reclaim,B6-low-drawdown-reclaim-or-ema-reclaim__c9f958611afe,calendar_time_random_same_budget,train,1.1403995257681088,1.1302038685218134,False,False,0.00370304007644986,0.009135399673735726,True,
B6_low_drawdown_reclaim_or_ema_reclaim,B6-low-drawdown-reclaim-or-ema-reclaim__c9f958611afe,instrument_matched_random_same_budget,train,1.0167738266771698,1.0076834358101427,False,False,0.00370304007644986,0.009135399673735726,True,
B6_low_drawdown_reclaim_or_ema_reclaim,B6-low-drawdown-reclaim-or-ema-reclaim__c9f958611afe,liquidity_size_volatility_matched_same_budget,train,0.9884202115363667,0.9795833140592761,False,False,0.00370304007644986,0.009135399673735726,True,
B6_low_drawdown_reclaim_or_ema_reclaim,B6-low-drawdown-reclaim-or-ema-reclaim__a2bab1afd1dd,calendar_time_random_same_budget,train,1.0054569676955654,1.0004455738198297,False,False,0.002838543637877526,0.008458646616541353,True,
B6_low_drawdown_reclaim_or_ema_reclaim,B6-low-drawdown-reclaim-or-ema-reclaim__a2bab1afd1dd,instrument_matched_random_same_budget,train,1.0030833676773983,0.9980838042876773,False,False,0.002838543637877526,0.008458646616541353,True,
B6_low_drawdown_reclaim_or_ema_reclaim,B6-low-drawdown-reclaim-or-ema-reclaim__a2bab1afd1dd,liquidity_size_volatility_matched_same_budget,train,0.9600228525715,0.955237911198057,False,False,0.002838543637877526,0.008458646616541353,True,
B6_low_drawdown_reclaim_or_ema_reclaim,B6-low-drawdown-reclaim-or-ema-reclaim__b77cae1ae007,calendar_time_random_same_budget,train,1.0066587406746201,1.003940374157991,False,False,0.002987164527421237,0.008879023307436182,True,
B6_low_drawdown_reclaim_or_ema_reclaim,B6-low-drawdown-reclaim-or-ema-reclaim__b77cae1ae007,instrument_matched_random_same_budget,train,0.9951971998893775,0.9925097839495832,False,False,0.002987164527421237,0.008879023307436182,True,
B6_low_drawdown_reclaim_or_ema_reclaim,B6-low-drawdown-reclaim-or-ema-reclaim__b77cae1ae007,liquidity_size_volatility_matched_same_budget,train,0.9564198336807175,0.9538371315725778,False,False,0.002987164527421237,0.008879023307436182,True,
B6_low_drawdown_reclaim_or_ema_reclaim,B6-low-drawdown-reclaim-or-ema-reclaim__d7615eae21fd,calendar_time_random_same_budget,train,1.0524959637665376,1.04766432045057,False,False,0.0031676630677255286,0.00949367088607595,True,
B6_low_drawdown_reclaim_or_ema_reclaim,B6-low-drawdown-reclaim-or-ema-reclaim__d7615eae21fd,instrument_matched_random_same_budget,train,1.0258468691217546,1.0211375625409858,False,False,0.0031676630677255286,0.00949367088607595,True,
B6_low_drawdown_reclaim_or_ema_reclaim,B6-low-drawdown-reclaim-or-ema-reclaim__d7615eae21fd,liquidity_size_volatility_matched_same_budget,train,0.9502990038547806,0.9459365112769333,False,False,0.0031676630677255286,0.00949367088607595,True,
B6_low_drawdown_reclaim_or_ema_reclaim,B6-low-drawdown-reclaim-or-ema-reclaim__bd1ac4585d52,calendar_time_random_same_budget,train,1.0682792398496848,1.0651564154981832,False,False,0.0033053515215110177,0.009431092181320353,True,
B6_low_drawdown_reclaim_or_ema_reclaim,B6-low-drawdown-reclaim-or-ema-reclaim__bd1ac4585d52,instrument_matched_random_same_budget,train,1.022152038629642,1.019164054628737,False,False,0.0033053515215110177,0.009431092181320353,True,
B6_low_drawdown_reclaim_or_ema_reclaim,B6-low-drawdown-reclaim-or-ema-reclaim__bd1ac4585d52,liquidity_size_volatility_matched_same_budget,train,0.9622379721532653,0.9594251306608081,False,False,0.0033053515215110177,0.009431092181320353,True,
B6_low_drawdown_reclaim_or_ema_reclaim,B6-low-drawdown-reclaim-or-ema-reclaim__464a8e2999d6,calendar_time_random_same_budget,train,1.118444466660002,1.1120690907561677,False,False,0.0037183360446200325,0.009693053311793215,True,
B6_low_drawdown_reclaim_or_ema_reclaim,B6-low-drawdown-reclaim-or-ema-reclaim__464a8e2999d6,instrument_matched_random_same_budget,train,0.9962947649210392,0.990615668795362,False,False,0.0037183360446200325,0.009693053311793215,True,
B6_low_drawdown_reclaim_or_ema_reclaim,B6-low-drawdown-reclaim-or-ema-reclaim__464a8e2999d6,liquidity_size_volatility_matched_same_budget,train,1.0066728353889667,1.0009345820119804,False,False,0.0037183360446200325,0.009693053311793215,True,
B6_low_drawdown_reclaim_or_ema_reclaim,B6-low-drawdown-reclaim-or-ema-reclaim__e16adeff9d97,calendar_time_random_same_budget,train,1.0976630924286406,1.0971689368539241,False,False,0.003699857198494093,0.010010725777618877,True,
B6_low_drawdown_reclaim_or_ema_reclaim,B6-low-drawdown-reclaim-or-ema-reclaim__e16adeff9d97,instrument_matched_random_same_budget,train,0.9965159376225593,0.9960673173589586,False,False,0.003699857198494093,0.010010725777618877,True,
B6_low_drawdown_reclaim_or_ema_reclaim,B6-low-drawdown-reclaim-or-ema-reclaim__e16adeff9d97,liquidity_size_volatility_matched_same_budget,train,1.0113838973905815,1.0109285837387683,False,False,0.003699857198494093,0.010010725777618877,True,
