split,seed_family_id,eligible_stock_day_count,eligible_instrument_year_count,executable_seed_stock_day_count,seed_episode_count,seed_day_rate,seed_episode_rate,unique_instrument_count,unique_instrument_year_count,suppressed_reentry_count,next_open_buy_executable_rate,limit_up_unbuyable_reject_count,risk_distance_ineligible_count,seed_day_rate_vs_ep2,seed_episode_rate_vs_ep2,executable_seed_stock_day_count_vs_ep2,seed_episode_count_vs_ep2
train,ep4_boll20_pct_b_1_close_near_high10_0_seed_v0,179135,699,12443,3242,0.06946157925586847,4.638054363376252,382,1098,9362,0.3936689031419029,311,1135,10.82941688424717,2.821583986074848,10.829416884247172,2.8215839860748475
train,ep2_launch_detector_v0_bridge,179135,699,1149,1149,0.006414156920758088,1.6437768240343347,232,649,0,0.9965307892454467,4,378,1.0,1.0,1.0,1.0
validation,ep4_boll20_pct_b_1_close_near_high10_0_seed_v0,107845,448,5845,1684,0.05419815475914507,3.7589285714285716,297,541,4160,0.45993651776728345,60,740,10.98684210526316,3.165413533834587,10.986842105263158,3.1654135338345863
validation,ep2_launch_detector_v0_bridge,107845,448,532,532,0.004933005702628773,1.1875,234,344,0,0.9925373134328358,3,193,1.0,1.0,1.0,1.0
robustness,ep4_boll20_pct_b_1_close_near_high10_0_seed_v0,108406,438,7701,2035,0.07103850340387063,4.646118721461187,329,578,5506,0.46121222830888847,636,923,10.877118644067796,2.8742937853107344,10.877118644067796,2.8742937853107344
robustness,ep2_launch_detector_v0_bridge,108406,438,708,708,0.00653100381897681,1.6164383561643836,248,403,0,0.9135483870967742,66,254,1.0,1.0,1.0,1.0
