run_id,arm_id,semantic_track,return_semantics,weighting,bucket_count,bucket_id,bucket_role,holding_month_n,month_scope,P5_date_scope,series_role,registered_month_n,month_n,gap_month_n,mean_monthly_return,median_monthly_return,monthly_volatility,annualized_mean,annualized_volatility,annualized_sharpe,positive_month_rate,p10,p50,p90,ES10_loss,max_drawdown_of_compounded_gross_series,Newey_West_lag,HAC_t_stat,HAC_two_sided_p_value,nominal_95pct_CI_lower,nominal_95pct_CI_upper,inference_role,missing_reason
20B_trendpv_residual_momentum_design_and_replication_diagnostic_v3,P0_TOTAL_MOMENTUM_12_1,project_return_history_primary,paper_qfq_complete_case_sensitivity,EW,5,1,unfavorable,1,full,,bucket_return,101,99,2,0.000274831372799,-0.00717077309763,0.0697751251171,0.00329797647358,0.241708123614,0.0136444585489,0.464646464646,-0.068601814389,-0.00717077309763,0.0647783676177,0.0996760368439,0.456853358276,3,0.0449666450049,0.964133895479,-0.0117042609622,0.0122539237078,design_only_not_support,
20B_trendpv_residual_momentum_design_and_replication_diagnostic_v3,P0_TOTAL_MOMENTUM_12_1,project_return_history_primary,paper_qfq_complete_case_sensitivity,EW,5,2,middle,1,full,,bucket_return,101,99,2,0.00172035462679,-0.00128233132755,0.0574064402506,0.0206442555215,0.198861742392,0.103812102183,0.484848484848,-0.0657344220847,-0.00128233132755,0.069132902871,0.0799324010343,0.321967720317,3,0.327495352,0.743293257886,-0.00857546511097,0.0120161743645,design_only_not_support,
20B_trendpv_residual_momentum_design_and_replication_diagnostic_v3,P0_TOTAL_MOMENTUM_12_1,project_return_history_primary,paper_qfq_complete_case_sensitivity,EW,5,3,middle,1,full,,bucket_return,101,99,2,0.0053827929202,-0.000463820751444,0.0556060231782,0.0645935150424,0.192624914703,0.335333127295,0.494949494949,-0.0533134822835,-0.000463820751444,0.0711355431202,0.0780748764726,0.305982247265,3,0.996474426558,0.319019686593,-0.00520461402036,0.0159701998608,design_only_not_support,
20B_trendpv_residual_momentum_design_and_replication_diagnostic_v3,P0_TOTAL_MOMENTUM_12_1,project_return_history_primary,paper_qfq_complete_case_sensitivity,EW,5,4,middle,1,full,,bucket_return,101,99,2,0.00668803976698,0.00244689999558,0.0553418382151,0.0802564772037,0.191709751146,0.418635341834,0.515151515152,-0.0585089518257,0.00244689999558,0.0794733201326,0.0829628288577,0.293085263371,3,1.27478098177,0.202386773989,-0.00359475959847,0.0169708391324,design_only_not_support,
20B_trendpv_residual_momentum_design_and_replication_diagnostic_v3,P0_TOTAL_MOMENTUM_12_1,project_return_history_primary,paper_qfq_complete_case_sensitivity,EW,5,5,favorable,1,full,,bucket_return,101,99,2,0.00463226089857,-0.00786001826249,0.072037659911,0.0555871307828,0.249545774048,0.222753244349,0.434343434343,-0.0719263774145,-0.00786001826249,0.0999285507982,0.111380421814,0.508797771353,3,0.702388443763,0.482436950161,-0.0082937270057,0.0175582488028,design_only_not_support,
20B_trendpv_residual_momentum_design_and_replication_diagnostic_v3,P0_TOTAL_MOMENTUM_12_1,project_return_history_primary,paper_qfq_complete_case_sensitivity,EW,5,,,1,full,,favorable_minus_unfavorable,101,99,2,0.00435742952577,0.00870572165842,0.0630804382108,0.0522891543092,0.21851704789,0.239290960656,0.575757575758,-0.0667666486892,0.00870572165842,0.0779316504766,0.108849274268,0.410457424086,3,0.748278551596,0.454292158923,-0.00705597383513,0.0157708328867,design_only_not_support,
20B_trendpv_residual_momentum_design_and_replication_diagnostic_v3,P0_TOTAL_MOMENTUM_12_1,project_return_history_primary,paper_qfq_complete_case_sensitivity,EW,5,,,1,full,,favorable_minus_middle,101,99,2,-0.000750532021631,-0.000760298607632,0.0457825586595,-0.00900638425957,0.158595435397,-0.0567884204044,0.484848484848,-0.0496316725327,-0.000760298607632,0.0544450351152,0.0763247578622,0.489988208477,3,-0.185623158979,0.85274029095,-0.00867527449305,0.00717421044979,design_only_not_support,
20B_trendpv_residual_momentum_design_and_replication_diagnostic_v3,P0_TOTAL_MOMENTUM_12_1,project_return_history_primary,paper_qfq_complete_case_sensitivity,EW,5,1,unfavorable,1,early,,bucket_return,50,49,1,4.10174231102e-05,-0.00717077309763,0.0606088765148,0.000492209077322,0.209955307027,0.00234435168271,0.448979591837,-0.0630345148239,-0.00717077309763,0.058553848423,0.0794639023695,0.26717147543,3,0.00533024719257,0.995747098198,-0.0150413360082,0.0151233708544,design_only_not_support,
20B_trendpv_residual_momentum_design_and_replication_diagnostic_v3,P0_TOTAL_MOMENTUM_12_1,project_return_history_primary,paper_qfq_complete_case_sensitivity,EW,5,2,middle,1,early,,bucket_return,50,49,1,0.000704735790361,-0.00120962937772,0.0567170226284,0.00845682948433,0.196473529693,0.043043098465,0.489795918367,-0.0659070582852,-0.00120962937772,0.050688325218,0.0800421032515,0.316880546155,3,0.0925137934818,0.926289832606,-0.0142255434225,0.0156350150032,design_only_not_support,
20B_trendpv_residual_momentum_design_and_replication_diagnostic_v3,P0_TOTAL_MOMENTUM_12_1,project_return_history_primary,paper_qfq_complete_case_sensitivity,EW,5,3,middle,1,early,,bucket_return,50,49,1,0.00143574220408,0.00199908640645,0.0574768185621,0.0172289064489,0.199105540014,0.0865315271876,0.510204081633,-0.0692760099767,0.00199908640645,0.0803354286867,0.0872828776398,0.305982247265,3,0.174590323509,0.861401552522,-0.0146820067898,0.0175534911979,design_only_not_support,
20B_trendpv_residual_momentum_design_and_replication_diagnostic_v3,P0_TOTAL_MOMENTUM_12_1,project_return_history_primary,paper_qfq_complete_case_sensitivity,EW,5,4,middle,1,early,,bucket_return,50,49,1,0.00485760552199,0.0056805887357,0.0557402207138,0.0582912662639,0.193089788603,0.301886840758,0.530612244898,-0.0633999891404,0.0056805887357,0.075887357723,0.0887063608071,0.273352787657,3,0.60359095136,0.546115630248,-0.0109158779154,0.0206310889593,design_only_not_support,
20B_trendpv_residual_momentum_design_and_replication_diagnostic_v3,P0_TOTAL_MOMENTUM_12_1,project_return_history_primary,paper_qfq_complete_case_sensitivity,EW,5,5,favorable,1,early,,bucket_return,50,49,1,0.00476842910799,0.00453762318155,0.0691860055064,0.0572211492959,0.23966735342,0.238752372734,0.510204081633,-0.0835219445459,0.00453762318155,0.0965138934282,0.110884636387,0.284635539041,3,0.495852552958,0.619998443751,-0.0140798136988,0.0236166719148,design_only_not_support,
20B_trendpv_residual_momentum_design_and_replication_diagnostic_v3,P0_TOTAL_MOMENTUM_12_1,project_return_history_primary,paper_qfq_complete_case_sensitivity,EW,5,,,1,early,,favorable_minus_unfavorable,50,49,1,0.00472741168488,0.00909548819136,0.0614715196952,0.0567289402186,0.212943590661,0.266403605023,0.612244897959,-0.0853752283928,0.00909548819136,0.0871043270103,0.105394014262,0.287842339482,3,0.614290990313,0.539023055159,-0.0103559230678,0.0198107464376,design_only_not_support,
20B_trendpv_residual_momentum_design_and_replication_diagnostic_v3,P0_TOTAL_MOMENTUM_12_1,project_return_history_primary,paper_qfq_complete_case_sensitivity,EW,5,,,1,early,,favorable_minus_middle,50,49,1,0.00333268690392,0.00671707264108,0.0466021653541,0.039992242847,0.161434636272,0.247730250277,0.510204081633,-0.0467105453438,0.00671707264108,0.067865538135,0.0752556324256,0.219913330923,3,0.591960377051,0.553877121596,-0.00770174471795,0.0143671185258,design_only_not_support,
20B_trendpv_residual_momentum_design_and_replication_diagnostic_v3,P0_TOTAL_MOMENTUM_12_1,project_return_history_primary,paper_qfq_complete_case_sensitivity,EW,5,1,unfavorable,1,late,,bucket_return,51,50,1,0.000503969043494,-0.00821325916196,0.078348963574,0.00604762852192,0.271408771261,0.0222823621131,0.48,-0.0858125238289,-0.00821325916196,0.0753981392172,0.113701470725,0.405183300855,3,0.0544041318232,0.956613187013,-0.0176520264934,0.0186599645804,design_only_not_support,
20B_trendpv_residual_momentum_design_and_replication_diagnostic_v3,P0_TOTAL_MOMENTUM_12_1,project_return_history_primary,paper_qfq_complete_case_sensitivity,EW,5,2,middle,1,late,,bucket_return,51,50,1,0.00271566108649,-0.0018275563914,0.0586326289382,0.0325879330379,0.203109384605,0.160445235464,0.48,-0.0608972622509,-0.0018275563914,0.0691635859662,0.0798226988171,0.273541456329,3,0.38418236035,0.700843291413,-0.0111386916196,0.0165700137926,design_only_not_support,
20B_trendpv_residual_momentum_design_and_replication_diagnostic_v3,P0_TOTAL_MOMENTUM_12_1,project_return_history_primary,paper_qfq_complete_case_sensitivity,EW,5,3,middle,1,late,,bucket_return,51,50,1,0.009250902622,-0.00192697346604,0.0540097048335,0.111010831464,0.187095105747,0.593339045513,0.48,-0.0503014159412,-0.00192697346604,0.0679539695326,0.0646450939553,0.163534175113,3,1.38997673909,0.164535940915,-0.00379351420436,0.0222953194483,design_only_not_support,
20B_trendpv_residual_momentum_design_and_replication_diagnostic_v3,P0_TOTAL_MOMENTUM_12_1,project_return_history_primary,paper_qfq_complete_case_sensitivity,EW,5,4,middle,1,late,,bucket_return,51,50,1,0.00848186532706,0.00101327970476,0.0554548423097,0.101782383925,0.192101208812,0.529837290218,0.5,-0.0465002219968,0.00101327970476,0.0803720390817,0.0756621867421,0.217954317254,3,1.3087281684,0.190626446486,-0.00422065836284,0.021184389017,design_only_not_support,
20B_trendpv_residual_momentum_design_and_replication_diagnostic_v3,P0_TOTAL_MOMENTUM_12_1,project_return_history_primary,paper_qfq_complete_case_sensitivity,EW,5,5,favorable,1,late,,bucket_return,51,50,1,0.00449881605333,-0.0102221590456,0.0754307407088,0.0539857926399,0.26129975072,0.206604837896,0.36,-0.0639186897056,-0.0102221590456,0.0995949315106,0.109056428191,0.39075480746,3,0.503252031825,0.614787086851,-0.0130222606239,0.0220198927306,design_only_not_support,
20B_trendpv_residual_momentum_design_and_replication_diagnostic_v3,P0_TOTAL_MOMENTUM_12_1,project_return_history_primary,paper_qfq_complete_case_sensitivity,EW,5,,,1,late,,favorable_minus_unfavorable,51,50,1,0.00399484700983,0.00435422810969,0.0652409526366,0.047938164118,0.226001289402,0.212114560253,0.54,-0.0616728691692,0.00435422810969,0.0704935382371,0.10798305144,0.313396368575,3,0.454768032486,0.649276130728,-0.0132221860789,0.0212118800986,design_only_not_support,
20B_trendpv_residual_momentum_design_and_replication_diagnostic_v3,P0_TOTAL_MOMENTUM_12_1,project_return_history_primary,paper_qfq_complete_case_sensitivity,EW,5,,,1,late,,favorable_minus_middle,51,50,1,-0.00475208656867,-0.00351393748717,0.0450736431719,-0.057025038824,0.156139680112,-0.365218109728,0.46,-0.0495089291755,-0.00351393748717,0.0325307249731,0.0773938832988,0.407905326656,3,-0.840103527369,0.40085034253,-0.0158387184213,0.00633454528392,design_only_not_support,
20B_trendpv_residual_momentum_design_and_replication_diagnostic_v3,P0_TOTAL_MOMENTUM_12_1,project_return_history_primary,paper_qfq_complete_case_sensitivity,EW,10,1,unfavorable,1,full,,bucket_return,101,99,2,-0.000860494303595,-0.0117785148952,0.0764201985115,-0.0103259316431,0.264727333093,-0.039005914208,0.454545454545,-0.0766778788458,-0.0117785148952,0.0708031501197,0.110046869043,0.506353770984,3,-0.127736196996,0.898357743664,-0.0140637826715,0.0123427940643,design_only_not_support,
20B_trendpv_residual_momentum_design_and_replication_diagnostic_v3,P0_TOTAL_MOMENTUM_12_1,project_return_history_primary,paper_qfq_complete_case_sensitivity,EW,10,2,middle,1,full,,bucket_return,101,99,2,0.00141424315905,-0.00262342262018,0.0650306630917,0.0169709179086,0.225272825049,0.0753349539823,0.454545454545,-0.0667693291289,-0.00262342262018,0.0706878842801,0.0940194159333,0.410354775502,3,0.24970982722,0.802811757895,-0.00968610354325,0.0125145898613,design_only_not_support,
20B_trendpv_residual_momentum_design_and_replication_diagnostic_v3,P0_TOTAL_MOMENTUM_12_1,project_return_history_primary,paper_qfq_complete_case_sensitivity,EW,10,3,middle,1,full,,bucket_return,101,99,2,0.00116113647365,-0.00166533464237,0.0585329556166,0.0139336376838,0.20276410609,0.068718462811,0.474747474747,-0.061163849792,-0.00166533464237,0.0571658555685,0.082132183365,0.362661245919,3,0.214095203588,0.830472816067,-0.00946864705885,0.0117909200061,design_only_not_support,
20B_trendpv_residual_momentum_design_and_replication_diagnostic_v3,P0_TOTAL_MOMENTUM_12_1,project_return_history_primary,paper_qfq_complete_case_sensitivity,EW,10,4,middle,1,full,,bucket_return,101,99,2,0.00225635210382,-0.00614699814876,0.0578093263315,0.0270762252459,0.200257380715,0.135207127693,0.464646464646,-0.0565061409552,-0.00614699814876,0.0710654000029,0.0816233300059,0.307960105279,3,0.432902301594,0.665085747866,-0.007959275865,0.0124719800726,design_only_not_support,
20B_trendpv_residual_momentum_design_and_replication_diagnostic_v3,P0_TOTAL_MOMENTUM_12_1,project_return_history_primary,paper_qfq_complete_case_sensitivity,EW,10,5,middle,1,full,,bucket_return,101,99,2,0.00124591834762,-0.00238485846135,0.0569892145049,0.0149510201714,0.197416430012,0.0757334137311,0.464646464646,-0.0590654738033,-0.00238485846135,0.0671598638249,0.0801968724296,0.43365588732,3,0.220502192527,0.82548006501,-0.00982859778769,0.0123204344829,design_only_not_support,
20B_trendpv_residual_momentum_design_and_replication_diagnostic_v3,P0_TOTAL_MOMENTUM_12_1,project_return_history_primary,paper_qfq_complete_case_sensitivity,EW,10,6,middle,1,full,,bucket_return,101,99,2,0.00950274522578,0.0018072819335,0.05632796071,0.114032942709,0.195125779673,0.584407364832,0.505050505051,-0.0579887820016,0.0018072819335,0.0759782799856,0.0781522190372,0.258833055357,3,1.75780663085,0.0787804167245,-0.00109286755093,0.0200983580025,design_only_not_support,
20B_trendpv_residual_momentum_design_and_replication_diagnostic_v3,P0_TOTAL_MOMENTUM_12_1,project_return_history_primary,paper_qfq_complete_case_sensitivity,EW,10,7,middle,1,full,,bucket_return,101,99,2,0.00717374145392,0.00381317162984,0.0555174477543,0.086084897447,0.192318080434,0.447617287219,0.525252525253,-0.0640822516627,0.00381317162984,0.0843123004595,0.0804494483934,0.280681584156,3,1.3113086568,0.18975350486,-0.00354858147986,0.0178960643877,design_only_not_support,
20B_trendpv_residual_momentum_design_and_replication_diagnostic_v3,P0_TOTAL_MOMENTUM_12_1,project_return_history_primary,paper_qfq_complete_case_sensitivity,EW,10,8,middle,1,full,,bucket_return,101,99,2,0.00618362892389,0.000781417323158,0.05761078828,0.0742035470867,0.19956962473,0.371817841453,0.515151515152,-0.0594017314874,0.000781417323158,0.0839988094382,0.0892624010734,0.350419761311,3,1.18069431239,0.237724181766,-0.00408125493077,0.0164485127785,design_only_not_support,
20B_trendpv_residual_momentum_design_and_replication_diagnostic_v3,P0_TOTAL_MOMENTUM_12_1,project_return_history_primary,paper_qfq_complete_case_sensitivity,EW,10,9,middle,1,full,,bucket_return,101,99,2,0.00746827448696,-0.000569914380106,0.0658337410643,0.0896192938436,0.228054768751,0.392972680792,0.494949494949,-0.0646518393413,-0.000569914380106,0.101518962543,0.0977769647394,0.351672287836,3,1.25921101956,0.20795412237,-0.00415610680712,0.019092655781,design_only_not_support,
20B_trendpv_residual_momentum_design_and_replication_diagnostic_v3,P0_TOTAL_MOMENTUM_12_1,project_return_history_primary,paper_qfq_complete_case_sensitivity,EW,10,10,favorable,1,full,,bucket_return,101,99,2,0.00174670289951,-0.0142953426058,0.0822178268404,0.0209604347941,0.284810906751,0.0735942139058,0.454545454545,-0.0956410260938,-0.0142953426058,0.109262825944,0.128220242127,0.633213919141,3,0.232398909079,0.816228196162,-0.0129843248334,0.0164777306324,design_only_not_support,
20B_trendpv_residual_momentum_design_and_replication_diagnostic_v3,P0_TOTAL_MOMENTUM_12_1,project_return_history_primary,paper_qfq_complete_case_sensitivity,EW,10,,,1,full,,favorable_minus_unfavorable,101,99,2,0.00260719720311,0.00577755942166,0.0742218987847,0.0312863664373,0.257112199459,0.12168371047,0.525252525253,-0.0847897115303,0.00577755942166,0.0915445099124,0.129232738847,0.55545740821,3,0.375921671345,0.706975128825,-0.0109860936556,0.0162004880618,design_only_not_support,
20B_trendpv_residual_momentum_design_and_replication_diagnostic_v3,P0_TOTAL_MOMENTUM_12_1,project_return_history_primary,paper_qfq_complete_case_sensitivity,EW,10,,,1,full,,favorable_minus_middle,101,99,2,-0.00362762888719,-0.00410607680792,0.0577239488264,-0.0435315466463,0.199961624362,-0.217699505019,0.444444444444,-0.0694277141199,-0.00410607680792,0.0663633822288,0.100813623514,0.640867434039,3,-0.719057849708,0.472105276576,-0.0135155982224,0.00626034044803,design_only_not_support,
20B_trendpv_residual_momentum_design_and_replication_diagnostic_v3,P0_TOTAL_MOMENTUM_12_1,project_return_history_primary,paper_qfq_complete_case_sensitivity,EW,10,1,unfavorable,1,early,,bucket_return,50,49,1,-5.6164726273e-06,-0.0120768057253,0.065298565221,-6.73976715276e-05,0.226200865248,-0.000297954967828,0.469387755102,-0.0612241389905,-0.0120768057253,0.0695589899328,0.0865802703346,0.295209728231,3,-0.000664343475838,0.999469930637,-0.0165754850271,0.0165642520818,design_only_not_support,
20B_trendpv_residual_momentum_design_and_replication_diagnostic_v3,P0_TOTAL_MOMENTUM_12_1,project_return_history_primary,paper_qfq_complete_case_sensitivity,EW,10,2,middle,1,early,,bucket_return,50,49,1,5.98216144176e-05,-0.00474685433191,0.0582931909372,0.000717859373011,0.201933536877,0.0035549289341,0.428571428571,-0.0630076576942,-0.00474685433191,0.0618325342135,0.0812348153622,0.253405731617,3,0.00834327903931,0.9933431037,-0.0139931914998,0.0141128347287,design_only_not_support,
20B_trendpv_residual_momentum_design_and_replication_diagnostic_v3,P0_TOTAL_MOMENTUM_12_1,project_return_history_primary,paper_qfq_complete_case_sensitivity,EW,10,3,middle,1,early,,bucket_return,50,49,1,-2.14525169872e-05,-0.00221275079061,0.0589587416219,-0.000257430203846,0.204239072079,-0.00126043563176,0.489795918367,-0.0644737817414,-0.00221275079061,0.051302173405,0.0856358954884,0.326556745986,3,-0.00268400519571,0.997858476264,-0.015686906794,0.01564400176,design_only_not_support,
20B_trendpv_residual_momentum_design_and_replication_diagnostic_v3,P0_TOTAL_MOMENTUM_12_1,project_return_history_primary,paper_qfq_complete_case_sensitivity,EW,10,4,middle,1,early,,bucket_return,50,49,1,0.00142608440476,-0.0063115171796,0.0557891312768,0.0171130128572,0.193259219763,0.0885495288564,0.469387755102,-0.0528539148101,-0.0063115171796,0.050336340984,0.0790202993226,0.307960105279,3,0.192671598729,0.847216167594,-0.0130808491064,0.0159330179159,design_only_not_support,
20B_trendpv_residual_momentum_design_and_replication_diagnostic_v3,P0_TOTAL_MOMENTUM_12_1,project_return_history_primary,paper_qfq_complete_case_sensitivity,EW,10,5,middle,1,early,,bucket_return,50,49,1,-0.00563795753074,-0.00377415539511,0.057948963779,-0.0676554903689,0.200741099023,-0.337028594037,0.428571428571,-0.0733476641946,-0.00377415539511,0.0610487368173,0.0915706055883,0.351271178216,3,-0.689265393152,0.490656271704,-0.0216697992805,0.010393884219,design_only_not_support,
20B_trendpv_residual_momentum_design_and_replication_diagnostic_v3,P0_TOTAL_MOMENTUM_12_1,project_return_history_primary,paper_qfq_complete_case_sensitivity,EW,10,6,middle,1,early,,bucket_return,50,49,1,0.00847844596285,0.0083009234504,0.0591130377215,0.101741351554,0.204773569447,0.49684806408,0.530612244898,-0.0631651793498,0.0083009234504,0.0821068475152,0.0838086059816,0.258833055357,3,0.987861195067,0.323220632362,-0.00834319741684,0.0253000893425,design_only_not_support,
20B_trendpv_residual_momentum_design_and_replication_diagnostic_v3,P0_TOTAL_MOMENTUM_12_1,project_return_history_primary,paper_qfq_complete_case_sensitivity,EW,10,7,middle,1,early,,bucket_return,50,49,1,0.00492251331566,0.00561219851554,0.0580245323767,0.0590701597879,0.201002876324,0.293877186577,0.571428571429,-0.0689615222223,0.00561219851554,0.0633957805422,0.0896023068179,0.280681584156,3,0.557564190682,0.577142014738,-0.0123812321066,0.0222262587379,design_only_not_support,
20B_trendpv_residual_momentum_design_and_replication_diagnostic_v3,P0_TOTAL_MOMENTUM_12_1,project_return_history_primary,paper_qfq_complete_case_sensitivity,EW,10,8,middle,1,early,,bucket_return,50,49,1,0.00477763724632,0.00492412606731,0.0566989299877,0.0573316469558,0.196410854947,0.291896529707,0.510204081633,-0.0594481716126,0.00492412606731,0.0842441181679,0.0893947237524,0.266653616973,3,0.628378320318,0.52975613575,-0.0101242087137,0.0196794832063,design_only_not_support,
20B_trendpv_residual_momentum_design_and_replication_diagnostic_v3,P0_TOTAL_MOMENTUM_12_1,project_return_history_primary,paper_qfq_complete_case_sensitivity,EW,10,9,middle,1,early,,bucket_return,50,49,1,0.00537876144728,0.000653923814793,0.0645634575867,0.0645451373674,0.223654377705,0.288593221513,0.510204081633,-0.0697680948557,0.000653923814793,0.098687726937,0.0994757030525,0.270392260754,3,0.632274150725,0.527207751478,-0.0112946684344,0.0220521913289,design_only_not_support,
20B_trendpv_residual_momentum_design_and_replication_diagnostic_v3,P0_TOTAL_MOMENTUM_12_1,project_return_history_primary,paper_qfq_complete_case_sensitivity,EW,10,10,favorable,1,early,,bucket_return,50,49,1,0.00417026702314,0.000644280748231,0.077799565854,0.0500432042776,0.269505601732,0.185685210089,0.510204081633,-0.0911582060072,0.000644280748231,0.117699013066,0.126920133256,0.328234838102,3,0.377923871689,0.705487148277,-0.0174572981654,0.0257978322117,design_only_not_support,
20B_trendpv_residual_momentum_design_and_replication_diagnostic_v3,P0_TOTAL_MOMENTUM_12_1,project_return_history_primary,paper_qfq_complete_case_sensitivity,EW,10,,,1,early,,favorable_minus_unfavorable,50,49,1,0.00417588349576,0.00865335430226,0.0683459321946,0.0501106019491,0.236757254103,0.211653924349,0.551020408163,-0.0913727857619,0.00865335430226,0.0952266274776,0.121970286651,0.337203199474,3,0.491976081579,0.622736252295,-0.0124602530194,0.0208120200109,design_only_not_support,
20B_trendpv_residual_momentum_design_and_replication_diagnostic_v3,P0_TOTAL_MOMENTUM_12_1,project_return_history_primary,paper_qfq_complete_case_sensitivity,EW,10,,,1,early,,favorable_minus_middle,50,49,1,0.00275002280708,0.0022069131517,0.0563316215912,0.033000273685,0.195138461338,0.169112093325,0.510204081633,-0.0668784708761,0.0022069131517,0.0702128160152,0.0925202178821,0.287093749674,3,0.404738734888,0.685669566502,-0.0105670758394,0.0160671214535,design_only_not_support,
20B_trendpv_residual_momentum_design_and_replication_diagnostic_v3,P0_TOTAL_MOMENTUM_12_1,project_return_history_primary,paper_qfq_complete_case_sensitivity,EW,10,1,unfavorable,1,late,,bucket_return,51,50,1,-0.00169827457794,-0.00933022737732,0.0866127142288,-0.0203792949353,0.300035243252,-0.0679230036927,0.44,-0.102770700358,-0.00933022737732,0.0922339192961,0.123568155219,0.462457992942,3,-0.166009970345,0.868149103849,-0.0217486185525,0.0183520693966,design_only_not_support,
20B_trendpv_residual_momentum_design_and_replication_diagnostic_v3,P0_TOTAL_MOMENTUM_12_1,project_return_history_primary,paper_qfq_complete_case_sensitivity,EW,10,2,middle,1,late,,bucket_return,51,50,1,0.00274157627278,-0.000468198869039,0.0715932597984,0.0328989152734,0.2480063269,0.132653532209,0.48,-0.0728352036222,-0.000468198869039,0.0822005062318,0.105078400905,0.364163558669,3,0.320410928283,0.748656842316,-0.0140287342292,0.0195118867747,design_only_not_support,
20B_trendpv_residual_momentum_design_and_replication_diagnostic_v3,P0_TOTAL_MOMENTUM_12_1,project_return_history_primary,paper_qfq_complete_case_sensitivity,EW,10,3,middle,1,late,,bucket_return,51,50,1,0.00232007368447,-0.00102673451571,0.0586877585518,0.0278408842136,0.203300359188,0.136944589399,0.46,-0.0576876917601,-0.00102673451571,0.0580531657988,0.0780610996875,0.29189190066,3,0.325388224808,0.744887266303,-0.0116548046803,0.0162949520493,design_only_not_support,
20B_trendpv_residual_momentum_design_and_replication_diagnostic_v3,P0_TOTAL_MOMENTUM_12_1,project_return_history_primary,paper_qfq_complete_case_sensitivity,EW,10,4,middle,1,late,,bucket_return,51,50,1,0.0030700144489,-0.00528042050791,0.0602790450568,0.0368401733868,0.20881273734,0.176426849511,0.46,-0.0600290971714,-0.00528042050791,0.0729566805722,0.0824430772239,0.256478252954,3,0.425539077033,0.670443741382,-0.0110699742774,0.0172100031752,design_only_not_support,
20B_trendpv_residual_momentum_design_and_replication_diagnostic_v3,P0_TOTAL_MOMENTUM_12_1,project_return_history_primary,paper_qfq_complete_case_sensitivity,EW,10,5,middle,1,late,,bucket_return,51,50,1,0.00799211670841,-0.000882092081538,0.0557867662745,0.0959054005009,0.193251027155,0.49627369082,0.5,-0.0482451281282,-0.000882092081538,0.0827066533593,0.064584854893,0.197171550875,3,1.11993044175,0.262743404675,-0.00599469919087,0.0219789326077,design_only_not_support,
20B_trendpv_residual_momentum_design_and_replication_diagnostic_v3,P0_TOTAL_MOMENTUM_12_1,project_return_history_primary,paper_qfq_complete_case_sensitivity,EW,10,6,middle,1,late,,bucket_return,51,50,1,0.0105065585035,-0.00389587255578,0.0540422333276,0.126078702041,0.187207787756,0.673469322794,0.48,-0.0453647349105,-0.00389587255578,0.0656244840252,0.0704491201277,0.153541784654,3,1.64140507738,0.100713356621,-0.00203908093197,0.0230521979389,design_only_not_support,
20B_trendpv_residual_momentum_design_and_replication_diagnostic_v3,P0_TOTAL_MOMENTUM_12_1,project_return_history_primary,paper_qfq_complete_case_sensitivity,EW,10,7,middle,1,late,,bucket_return,51,50,1,0.00937994502941,-0.000965274197722,0.0534434664596,0.112559340353,0.185133598481,0.607989804531,0.48,-0.047057085916,-0.000965274197722,0.0856290416136,0.067198913552,0.144577279224,3,1.5382640333,0.12398407003,-0.00257141964964,0.0213313097085,design_only_not_support,
20B_trendpv_residual_momentum_design_and_replication_diagnostic_v3,P0_TOTAL_MOMENTUM_12_1,project_return_history_primary,paper_qfq_complete_case_sensitivity,EW,10,8,middle,1,late,,bucket_return,51,50,1,0.00756150076791,0.000633680686034,0.0590333009877,0.0907380092149,0.204497353299,0.443712389189,0.52,-0.0545611827631,0.000633680686034,0.0742786532006,0.0891300783943,0.286698400745,3,1.06654010945,0.286179557393,-0.00633415026567,0.0214571518015,design_only_not_support,
20B_trendpv_residual_momentum_design_and_replication_diagnostic_v3,P0_TOTAL_MOMENTUM_12_1,project_return_history_primary,paper_qfq_complete_case_sensitivity,EW,10,9,middle,1,late,,bucket_return,51,50,1,0.00951599726585,-0.00264492170638,0.06764723399,0.11419196719,0.234336892524,0.487298290764,0.48,-0.0574255924439,-0.00264492170638,0.101341515538,0.0949009540145,0.24178691028,3,1.18512010493,0.235969963004,-0.00622165821769,0.0252536527494,design_only_not_support,
20B_trendpv_residual_momentum_design_and_replication_diagnostic_v3,P0_TOTAL_MOMENTUM_12_1,project_return_history_primary,paper_qfq_complete_case_sensitivity,EW,10,10,favorable,1,late,,bucket_return,51,50,1,-0.000628389941641,-0.0188452080515,0.0870555326736,-0.0075406792997,0.301569211341,-0.0250048049208,0.4,-0.0967485095808,-0.0188452080515,0.0964906094014,0.129520350997,0.515359592691,3,-0.0616980485443,0.950803294047,-0.0205904743661,0.0193336944828,design_only_not_support,
20B_trendpv_residual_momentum_design_and_replication_diagnostic_v3,P0_TOTAL_MOMENTUM_12_1,project_return_history_primary,paper_qfq_complete_case_sensitivity,EW,10,,,1,late,,favorable_minus_unfavorable,51,50,1,0.0010698846363,0.00117920212719,0.0802313633221,0.0128386156356,0.277929595269,0.0461937694084,0.5,-0.0816450095629,0.00117920212719,0.086590859603,0.135656991569,0.432806551801,3,0.0969705906137,0.922749749646,-0.0205545619252,0.0226943311978,design_only_not_support,
20B_trendpv_residual_momentum_design_and_replication_diagnostic_v3,P0_TOTAL_MOMENTUM_12_1,project_return_history_primary,paper_qfq_complete_case_sensitivity,EW,10,,,1,late,,favorable_minus_middle,51,50,1,-0.00987772754757,-0.00999326614957,0.0589498243275,-0.118532730571,0.204208181665,-0.580450448187,0.38,-0.0749385867307,-0.00999326614957,0.0386045088146,0.107638568212,0.541973074236,3,-1.38134326188,0.167173442318,-0.0238930637616,0.0041376086665,design_only_not_support,
20B_trendpv_residual_momentum_design_and_replication_diagnostic_v3,P0_TOTAL_MOMENTUM_12_1,project_return_history_primary,paper_qfq_complete_case_sensitivity,VW,5,1,unfavorable,1,full,,bucket_return,101,99,2,-0.000325239562797,-0.00678281373534,0.0671618490284,-0.00390287475356,0.232655469695,-0.01677534063,0.434343434343,-0.0673895685201,-0.00678281373534,0.0692648167201,0.0957857934109,0.490383532371,3,-0.0546999213794,0.956377532001,-0.0119789643462,0.0113284852206,design_only_not_support,
20B_trendpv_residual_momentum_design_and_replication_diagnostic_v3,P0_TOTAL_MOMENTUM_12_1,project_return_history_primary,paper_qfq_complete_case_sensitivity,VW,5,2,middle,1,full,,bucket_return,101,99,2,0.00287965149743,-0.000343357601453,0.0535990619453,0.0345558179691,0.185672597054,0.186111566905,0.474747474747,-0.0553904524157,-0.000343357601453,0.0738101662721,0.0688330432032,0.266061121413,3,0.599633097597,0.548750784227,-0.00653279295503,0.0122920959499,design_only_not_support,
20B_trendpv_residual_momentum_design_and_replication_diagnostic_v3,P0_TOTAL_MOMENTUM_12_1,project_return_history_primary,paper_qfq_complete_case_sensitivity,VW,5,3,middle,1,full,,bucket_return,101,99,2,0.0039242933971,0.00154724707705,0.0460538281253,0.0470915207652,0.159535140392,0.295179611523,0.505050505051,-0.0458924452516,0.00154724707705,0.0560718201798,0.0579033416978,0.226650346989,3,0.944741132357,0.344791052156,-0.00421706243007,0.0120656492243,design_only_not_support,
20B_trendpv_residual_momentum_design_and_replication_diagnostic_v3,P0_TOTAL_MOMENTUM_12_1,project_return_history_primary,paper_qfq_complete_case_sensitivity,VW,5,4,middle,1,full,,bucket_return,101,99,2,0.00800978454641,0.00596930988923,0.0500923213827,0.0961174145569,0.173524891408,0.553911394366,0.525252525253,-0.0512645911344,0.00596930988923,0.0697449983555,0.0743064459863,0.334355874158,3,1.66145266154,0.0966225688063,-0.00143910894197,0.0174586780348,design_only_not_support,
20B_trendpv_residual_momentum_design_and_replication_diagnostic_v3,P0_TOTAL_MOMENTUM_12_1,project_return_history_primary,paper_qfq_complete_case_sensitivity,VW,5,5,favorable,1,full,,bucket_return,101,99,2,0.00661808990368,-0.00142739137442,0.0649494073841,0.0794170788442,0.224991347022,0.352978369593,0.494949494949,-0.0650935790838,-0.00142739137442,0.0848257577475,0.0911171952134,0.395810832707,3,1.09740689562,0.272463560392,-0.00520179013297,0.0184379699403,design_only_not_support,
20B_trendpv_residual_momentum_design_and_replication_diagnostic_v3,P0_TOTAL_MOMENTUM_12_1,project_return_history_primary,paper_qfq_complete_case_sensitivity,VW,5,,,1,full,,favorable_minus_unfavorable,101,99,2,0.00694332946648,0.0103078895974,0.0721751466511,0.0833199535978,0.250022042087,0.333250432251,0.565656565657,-0.0784977120107,0.0103078895974,0.0909850518078,0.119911661236,0.387932701312,3,1.0631798366,0.287700404526,-0.00585664587034,0.0197433048033,design_only_not_support,
20B_trendpv_residual_momentum_design_and_replication_diagnostic_v3,P0_TOTAL_MOMENTUM_12_1,project_return_history_primary,paper_qfq_complete_case_sensitivity,VW,5,,,1,full,,favorable_minus_middle,101,99,2,0.00269379650658,0.00335402134018,0.053147056351,0.032325558079,0.184106803745,0.175580464282,0.555555555556,-0.0562603902157,0.00335402134018,0.0651424259819,0.0905306909464,0.460438010394,3,0.538486844756,0.590240984818,-0.00711098180138,0.0124985748145,design_only_not_support,
20B_trendpv_residual_momentum_design_and_replication_diagnostic_v3,P0_TOTAL_MOMENTUM_12_1,project_return_history_primary,paper_qfq_complete_case_sensitivity,VW,5,1,unfavorable,1,early,,bucket_return,50,49,1,-0.00369893007721,-0.0085646600209,0.0578052426075,-0.0443871609265,0.20024323428,-0.221666220515,0.408163265306,-0.0641407901868,-0.0085646600209,0.0532874411668,0.0828711375702,0.27477015783,3,-0.523458742286,0.600655054884,-0.017548674378,0.0101508142235,design_only_not_support,
20B_trendpv_residual_momentum_design_and_replication_diagnostic_v3,P0_TOTAL_MOMENTUM_12_1,project_return_history_primary,paper_qfq_complete_case_sensitivity,VW,5,2,middle,1,early,,bucket_return,50,49,1,-0.000306450543034,-0.0077603549295,0.0516687237275,-0.00367740651641,0.178985709316,-0.0205458107826,0.469387755102,-0.0563217196467,-0.0077603549295,0.0730936706294,0.0703533746179,0.266061121413,3,-0.044670466441,0.964369974556,-0.0137522923988,0.0131393913128,design_only_not_support,
20B_trendpv_residual_momentum_design_and_replication_diagnostic_v3,P0_TOTAL_MOMENTUM_12_1,project_return_history_primary,paper_qfq_complete_case_sensitivity,VW,5,3,middle,1,early,,bucket_return,50,49,1,0.000816252816034,0.00496889787497,0.043702448717,0.00979503379241,0.151389723186,0.0647007840842,0.530612244898,-0.0507609283779,0.00496889787497,0.0447472245392,0.0653268906497,0.226650346989,3,0.135465824771,0.89224358303,-0.010993560651,0.0126260662831,design_only_not_support,
20B_trendpv_residual_momentum_design_and_replication_diagnostic_v3,P0_TOTAL_MOMENTUM_12_1,project_return_history_primary,paper_qfq_complete_case_sensitivity,VW,5,4,middle,1,early,,bucket_return,50,49,1,0.00599151574891,-0.00753165399657,0.0558293087679,0.0718981889869,0.193398398675,0.371762069797,0.469387755102,-0.0572481498892,-0.00753165399657,0.07209013258,0.0834721190525,0.246000700869,3,0.728747032169,0.466156417398,-0.0101226563332,0.022105687831,design_only_not_support,
20B_trendpv_residual_momentum_design_and_replication_diagnostic_v3,P0_TOTAL_MOMENTUM_12_1,project_return_history_primary,paper_qfq_complete_case_sensitivity,VW,5,5,favorable,1,early,,bucket_return,50,49,1,0.00723636327936,0.000663622208943,0.0665940821109,0.0868363593524,0.230688667399,0.376422302541,0.510204081633,-0.0670970734049,0.000663622208943,0.0981591991896,0.0938822562429,0.309533684303,3,0.771414753042,0.44046113324,-0.0111493512155,0.0256220777743,design_only_not_support,
20B_trendpv_residual_momentum_design_and_replication_diagnostic_v3,P0_TOTAL_MOMENTUM_12_1,project_return_history_primary,paper_qfq_complete_case_sensitivity,VW,5,,,1,early,,favorable_minus_unfavorable,50,49,1,0.0109352933566,0.0177806838203,0.0694329612606,0.131223520279,0.240522833247,0.545576145547,0.591836734694,-0.0841278433843,0.0177806838203,0.0921761311258,0.115991373689,0.26145885249,3,1.26409648132,0.20619539942,-0.00601972665653,0.0278903133697,design_only_not_support,
20B_trendpv_residual_momentum_design_and_replication_diagnostic_v3,P0_TOTAL_MOMENTUM_12_1,project_return_history_primary,paper_qfq_complete_case_sensitivity,VW,5,,,1,early,,favorable_minus_middle,50,49,1,0.00642011046333,0.00285506110562,0.053390151102,0.07704132556,0.184948908665,0.416554637257,0.551020408163,-0.055884233318,0.00285506110562,0.0668862103299,0.0873251960659,0.269744902332,3,0.897921718802,0.369227284846,-0.00759356692235,0.020433787849,design_only_not_support,
20B_trendpv_residual_momentum_design_and_replication_diagnostic_v3,P0_TOTAL_MOMENTUM_12_1,project_return_history_primary,paper_qfq_complete_case_sensitivity,VW,5,1,unfavorable,1,late,,bucket_return,51,50,1,0.00298097714132,-0.00340262875654,0.0756679502451,0.0357717256959,0.262121468658,0.136470033832,0.46,-0.0932939001442,-0.00340262875654,0.0771840146937,0.103248239984,0.340317945993,3,0.321446314961,0.747872189572,-0.015195021661,0.0211569759436,design_only_not_support,
20B_trendpv_residual_momentum_design_and_replication_diagnostic_v3,P0_TOTAL_MOMENTUM_12_1,project_return_history_primary,paper_qfq_complete_case_sensitivity,VW,5,2,middle,1,late,,bucket_return,51,50,1,0.00600203149708,-0.000232683463787,0.0557713654114,0.0720243779649,0.193197677,0.37280146989,0.48,-0.0533439434894,-0.000232683463787,0.0766532995336,0.067143553814,0.215241718723,3,0.917008934472,0.359137958348,-0.00682637739418,0.0188304403883,design_only_not_support,
20B_trendpv_residual_momentum_design_and_replication_diagnostic_v3,P0_TOTAL_MOMENTUM_12_1,project_return_history_primary,paper_qfq_complete_case_sensitivity,VW,5,3,middle,1,late,,bucket_return,51,50,1,0.00697017316655,-0.00498241271198,0.0484959497803,0.0836420779986,0.167994897961,0.497884632293,0.48,-0.04007451466,-0.00498241271198,0.0694796199158,0.0479727455714,0.154327573695,3,1.23818903437,0.215645976548,-0.00406310849982,0.0180034548329,design_only_not_support,
20B_trendpv_residual_momentum_design_and_replication_diagnostic_v3,P0_TOTAL_MOMENTUM_12_1,project_return_history_primary,paper_qfq_complete_case_sensitivity,VW,5,4,middle,1,late,,bucket_return,51,50,1,0.00998768796795,0.00757171686116,0.0442392890881,0.119852255615,0.153249392783,0.782073282243,0.58,-0.0374500919193,0.00757171686116,0.0641518884195,0.0611178176546,0.162055976177,3,2.03419886781,0.041931548669,0.000364484939075,0.0196108909968,design_only_not_support,
20B_trendpv_residual_momentum_design_and_replication_diagnostic_v3,P0_TOTAL_MOMENTUM_12_1,project_return_history_primary,paper_qfq_complete_case_sensitivity,VW,5,5,favorable,1,late,,bucket_return,51,50,1,0.00601218199552,-0.0017745415911,0.0639673974348,0.0721461839462,0.22158956477,0.325584754052,0.48,-0.0633003211329,-0.0017745415911,0.0783473406436,0.0880630958655,0.258291323029,3,0.801392707771,0.422904335424,-0.00869179529983,0.0207161592909,design_only_not_support,
20B_trendpv_residual_momentum_design_and_replication_diagnostic_v3,P0_TOTAL_MOMENTUM_12_1,project_return_history_primary,paper_qfq_complete_case_sensitivity,VW,5,,,1,late,,favorable_minus_unfavorable,51,50,1,0.0030312048542,0.00447785927911,0.0752622155808,0.0363744582504,0.260715962552,0.139517572665,0.54,-0.0754606832011,0.00447785927911,0.0807201583388,0.123157840477,0.365723864248,3,0.315499256087,0.752382615799,-0.0157994333466,0.021861843055,design_only_not_support,
20B_trendpv_residual_momentum_design_and_replication_diagnostic_v3,P0_TOTAL_MOMENTUM_12_1,project_return_history_primary,paper_qfq_complete_case_sensitivity,VW,5,,,1,late,,favorable_minus_middle,51,50,1,-0.000957991171027,0.00405408056258,0.0531920245639,-0.0114958940523,0.184262578204,-0.0623886529992,0.56,-0.0594785613007,0.00405408056258,0.0614777730771,0.0933896186519,0.314991813747,3,-0.142429098912,0.886741079072,-0.0141408885358,0.0122249061938,design_only_not_support,
20B_trendpv_residual_momentum_design_and_replication_diagnostic_v3,P0_TOTAL_MOMENTUM_12_1,project_return_history_primary,paper_qfq_complete_case_sensitivity,VW,10,1,unfavorable,1,full,,bucket_return,101,99,2,-0.00313725087184,-0.00677641218794,0.072568040334,-0.037647010462,0.251383065728,-0.149759532739,0.40404040404,-0.0749217261357,-0.00677641218794,0.0524157559128,0.102933135797,0.608024846681,3,-0.50155031013,0.615983879982,-0.0153970353741,0.00912253363047,design_only_not_support,
20B_trendpv_residual_momentum_design_and_replication_diagnostic_v3,P0_TOTAL_MOMENTUM_12_1,project_return_history_primary,paper_qfq_complete_case_sensitivity,VW,10,2,middle,1,full,,bucket_return,101,99,2,0.00180043628036,-0.00485997184252,0.0650627613778,0.0216052353643,0.225384016774,0.0958596606515,0.474747474747,-0.0665453471248,-0.00485997184252,0.0676373289571,0.0913521254628,0.375727626661,3,0.312634810534,0.754558127922,-0.00948682331791,0.0130876958786,design_only_not_support,
20B_trendpv_residual_momentum_design_and_replication_diagnostic_v3,P0_TOTAL_MOMENTUM_12_1,project_return_history_primary,paper_qfq_complete_case_sensitivity,VW,10,3,middle,1,full,,bucket_return,101,99,2,0.00286255171719,-0.00227351534394,0.0566535110882,0.0343506206062,0.196253519264,0.17503187069,0.484848484848,-0.0574973859765,-0.00227351534394,0.0712166529995,0.076856211701,0.336927625913,3,0.551105650697,0.58156125204,-0.00731788875275,0.0130429921871,design_only_not_support,
20B_trendpv_residual_momentum_design_and_replication_diagnostic_v3,P0_TOTAL_MOMENTUM_12_1,project_return_history_primary,paper_qfq_complete_case_sensitivity,VW,10,4,middle,1,full,,bucket_return,101,99,2,0.00314903850966,-0.00597797261731,0.0549671279787,0.0377884621159,0.19041171681,0.198456601037,0.464646464646,-0.0522133294401,-0.00597797261731,0.0747256582543,0.0715232965405,0.252193631586,3,0.636402922484,0.524513836544,-0.00654922315258,0.0128473001719,design_only_not_support,
20B_trendpv_residual_momentum_design_and_replication_diagnostic_v3,P0_TOTAL_MOMENTUM_12_1,project_return_history_primary,paper_qfq_complete_case_sensitivity,VW,10,5,middle,1,full,,bucket_return,101,99,2,0.000160814129762,-0.00631478617912,0.0487547604298,0.00192976955714,0.168891444351,0.0114260942262,0.444444444444,-0.0478482208625,-0.00631478617912,0.0508838814172,0.0669763883533,0.350436356895,3,0.0377881380115,0.969856602114,-0.008180160555,0.00850178881452,design_only_not_support,
20B_trendpv_residual_momentum_design_and_replication_diagnostic_v3,P0_TOTAL_MOMENTUM_12_1,project_return_history_primary,paper_qfq_complete_case_sensitivity,VW,10,6,middle,1,full,,bucket_return,101,99,2,0.00800800571474,-0.000210490598975,0.0503954097846,0.0960960685769,0.17457482043,0.550457782743,0.494949494949,-0.0463129616164,-0.000210490598975,0.0613579766046,0.055432118194,0.177106977763,3,1.70554542269,0.0880927483253,-0.00119456525174,0.0172105766812,design_only_not_support,
20B_trendpv_residual_momentum_design_and_replication_diagnostic_v3,P0_TOTAL_MOMENTUM_12_1,project_return_history_primary,paper_qfq_complete_case_sensitivity,VW,10,7,middle,1,full,,bucket_return,101,99,2,0.00724773751095,-0.000840407103893,0.0523608071199,0.0869728501314,0.181383156514,0.479497941281,0.494949494949,-0.0457157201248,-0.000840407103893,0.0660217390015,0.0718167571291,0.303332650357,3,1.3742924403,0.169350912289,-0.00308871204976,0.0175841870717,design_only_not_support,
20B_trendpv_residual_momentum_design_and_replication_diagnostic_v3,P0_TOTAL_MOMENTUM_12_1,project_return_history_primary,paper_qfq_complete_case_sensitivity,VW,10,8,middle,1,full,,bucket_return,101,99,2,0.00973606981639,0.0112475182801,0.0540348382498,0.116832837797,0.187182170455,0.624166487186,0.545454545455,-0.0518378579432,0.0112475182801,0.0759787007499,0.0854304559663,0.326729149316,3,1.91114809935,0.0559855514043,-0.000248685523936,0.0197208251567,design_only_not_support,
20B_trendpv_residual_momentum_design_and_replication_diagnostic_v3,P0_TOTAL_MOMENTUM_12_1,project_return_history_primary,paper_qfq_complete_case_sensitivity,VW,10,9,middle,1,full,,bucket_return,101,99,2,0.00841225924047,0.00387617547224,0.0616564606823,0.100947110886,0.213584245033,0.472633694821,0.515151515152,-0.0597353890188,0.00387617547224,0.0847997883445,0.0880150338777,0.299158335111,3,1.51239871794,0.13043246088,-0.00248944607329,0.0193139645542,design_only_not_support,
20B_trendpv_residual_momentum_design_and_replication_diagnostic_v3,P0_TOTAL_MOMENTUM_12_1,project_return_history_primary,paper_qfq_complete_case_sensitivity,VW,10,10,favorable,1,full,,bucket_return,101,99,2,0.00360016805882,-0.00810516822687,0.0767466469496,0.0432020167059,0.265858183655,0.162500232688,0.434343434343,-0.0846736829366,-0.00810516822687,0.0933583979002,0.11529701549,0.599582399677,3,0.49710623437,0.619114138477,-0.0105943828152,0.0177947189329,design_only_not_support,
20B_trendpv_residual_momentum_design_and_replication_diagnostic_v3,P0_TOTAL_MOMENTUM_12_1,project_return_history_primary,paper_qfq_complete_case_sensitivity,VW,10,,,1,full,,favorable_minus_unfavorable,101,99,2,0.00673741893066,-0.000640796554754,0.0858023121344,0.0808490271679,0.297227928047,0.272010196683,0.494949494949,-0.100636029568,-0.000640796554754,0.1002898104,0.142763082759,0.571051690832,3,0.868264971663,0.385249293374,-0.00847118545142,0.0219460233127,design_only_not_support,
20B_trendpv_residual_momentum_design_and_replication_diagnostic_v3,P0_TOTAL_MOMENTUM_12_1,project_return_history_primary,paper_qfq_complete_case_sensitivity,VW,10,,,1,full,,favorable_minus_middle,101,99,2,-0.00048424186343,0.00187870277672,0.0667096651589,-0.00581090236116,0.231089058822,-0.0251457268932,0.555555555556,-0.073201232901,0.00187870277672,0.0883070773124,0.113213505138,0.671660934964,3,-0.0764169833114,0.939087358384,-0.0129042114959,0.011935727769,design_only_not_support,
20B_trendpv_residual_momentum_design_and_replication_diagnostic_v3,P0_TOTAL_MOMENTUM_12_1,project_return_history_primary,paper_qfq_complete_case_sensitivity,VW,10,1,unfavorable,1,early,,bucket_return,50,49,1,-0.00603795714336,-0.0129167878305,0.061990654822,-0.0724554857203,0.214741927492,-0.337407261667,0.34693877551,-0.0624631341163,-0.0129167878305,0.0465170526555,0.0826187751178,0.332976984614,3,-0.816449344886,0.414243184046,-0.0205326451669,0.00845673088022,design_only_not_support,
20B_trendpv_residual_momentum_design_and_replication_diagnostic_v3,P0_TOTAL_MOMENTUM_12_1,project_return_history_primary,paper_qfq_complete_case_sensitivity,VW,10,2,middle,1,early,,bucket_return,50,49,1,-0.00146778773494,-0.00358906661422,0.0565334005493,-0.0176134528193,0.195837444152,-0.0899391477229,0.469387755102,-0.063463855506,-0.00358906661422,0.0598194118807,0.0872727936284,0.248891436493,3,-0.213095664112,0.831252346517,-0.0149678798622,0.0120323043923,design_only_not_support,
20B_trendpv_residual_momentum_design_and_replication_diagnostic_v3,P0_TOTAL_MOMENTUM_12_1,project_return_history_primary,paper_qfq_complete_case_sensitivity,VW,10,3,middle,1,early,,bucket_return,50,49,1,-0.000621167429067,-0.00577355161878,0.057836530384,-0.0074540091488,0.200351618317,-0.0372046365854,0.448979591837,-0.0624651247753,-0.00577355161878,0.069479829299,0.0818414114988,0.280155371587,3,-0.0814335156641,0.935097195966,-0.0155715939139,0.0143292590558,design_only_not_support,
20B_trendpv_residual_momentum_design_and_replication_diagnostic_v3,P0_TOTAL_MOMENTUM_12_1,project_return_history_primary,paper_qfq_complete_case_sensitivity,VW,10,4,middle,1,early,,bucket_return,50,49,1,0.000585298482046,-0.00853228940552,0.0507289567749,0.00702358178455,0.175730261098,0.0399679698912,0.448979591837,-0.0559491182286,-0.00853228940552,0.0711284499143,0.0700619472025,0.252193631586,3,0.086228703509,0.931284613579,-0.0127184379576,0.0138890349217,design_only_not_support,
20B_trendpv_residual_momentum_design_and_replication_diagnostic_v3,P0_TOTAL_MOMENTUM_12_1,project_return_history_primary,paper_qfq_complete_case_sensitivity,VW,10,5,middle,1,early,,bucket_return,50,49,1,-0.00426213270041,-0.00494528260453,0.0429117483558,-0.0511455924049,0.148650656788,-0.344065700819,0.489795918367,-0.0544108448639,-0.00494528260453,0.0488265742861,0.0781884916606,0.304533004062,3,-0.767861415426,0.442569522723,-0.0151412137719,0.00661694837113,design_only_not_support,
20B_trendpv_residual_momentum_design_and_replication_diagnostic_v3,P0_TOTAL_MOMENTUM_12_1,project_return_history_primary,paper_qfq_complete_case_sensitivity,VW,10,6,middle,1,early,,bucket_return,50,49,1,0.00685165695156,0.00273950389891,0.0552513224444,0.0822198834188,0.191396195318,0.429579508005,0.530612244898,-0.0493257287266,0.00273950389891,0.0586223913438,0.0595899382146,0.177106977763,3,0.889160100383,0.373917042756,-0.00825136088932,0.0219546747924,design_only_not_support,
20B_trendpv_residual_momentum_design_and_replication_diagnostic_v3,P0_TOTAL_MOMENTUM_12_1,project_return_history_primary,paper_qfq_complete_case_sensitivity,VW,10,7,middle,1,early,,bucket_return,50,49,1,0.00450344179447,-0.0021886168461,0.0596564940364,0.0540413015336,0.206656157345,0.261503466569,0.489795918367,-0.0566623517278,-0.0021886168461,0.0695899108174,0.0910669432601,0.25169693165,3,0.488233472576,0.625384477867,-0.0135751706306,0.0225820542195,design_only_not_support,
20B_trendpv_residual_momentum_design_and_replication_diagnostic_v3,P0_TOTAL_MOMENTUM_12_1,project_return_history_primary,paper_qfq_complete_case_sensitivity,VW,10,8,middle,1,early,,bucket_return,50,49,1,0.00868449408571,-0.005949547755,0.0563700524277,0.104213929028,0.19527158966,0.533687103228,0.469387755102,-0.0476321779665,-0.005949547755,0.0739816674395,0.0850022652885,0.216573166544,3,1.09774478911,0.272315946063,-0.00682120068129,0.0241901888527,design_only_not_support,
20B_trendpv_residual_momentum_design_and_replication_diagnostic_v3,P0_TOTAL_MOMENTUM_12_1,project_return_history_primary,paper_qfq_complete_case_sensitivity,VW,10,9,middle,1,early,,bucket_return,50,49,1,0.00718164706391,-0.000460543776975,0.0636372042682,0.0861797647669,0.220445742088,0.390934131685,0.489795918367,-0.0711369337928,-0.000460543776975,0.0847997883445,0.0885423514266,0.299158335111,3,0.803394354412,0.421746837098,-0.0103387269811,0.0247020211089,design_only_not_support,
20B_trendpv_residual_momentum_design_and_replication_diagnostic_v3,P0_TOTAL_MOMENTUM_12_1,project_return_history_primary,paper_qfq_complete_case_sensitivity,VW,10,10,favorable,1,early,,bucket_return,50,49,1,0.00709207364647,-0.00714230473517,0.0790032695321,0.0851048837577,0.273675353587,0.310970215776,0.448979591837,-0.0852861038277,-0.00714230473517,0.100699059263,0.124197154749,0.351669192085,3,0.662293301552,0.5077832689,-0.0138959219896,0.0280800692826,design_only_not_support,
20B_trendpv_residual_momentum_design_and_replication_diagnostic_v3,P0_TOTAL_MOMENTUM_12_1,project_return_history_primary,paper_qfq_complete_case_sensitivity,VW,10,,,1,early,,favorable_minus_unfavorable,50,49,1,0.0131300307898,0.0211195702813,0.082305171265,0.157560369478,0.285113476713,0.552623366999,0.551020408163,-0.100636029568,0.0211195702813,0.1002898104,0.134989476847,0.360066077252,3,1.29462064596,0.195451126603,-0.00674790607474,0.0330079676544,design_only_not_support,
20B_trendpv_residual_momentum_design_and_replication_diagnostic_v3,P0_TOTAL_MOMENTUM_12_1,project_return_history_primary,paper_qfq_complete_case_sensitivity,VW,10,,,1,early,,favorable_minus_middle,50,49,1,0.00579731152089,0.00468677555519,0.0694315597302,0.0695677382507,0.240517978203,0.289241323125,0.571428571429,-0.0628186501427,0.00468677555519,0.0950052997345,0.112069023912,0.366982234569,3,0.665510003632,0.505724347321,-0.0112760934258,0.0228707164676,design_only_not_support,
20B_trendpv_residual_momentum_design_and_replication_diagnostic_v3,P0_TOTAL_MOMENTUM_12_1,project_return_history_primary,paper_qfq_complete_case_sensitivity,VW,10,1,unfavorable,1,late,,bucket_return,51,50,1,-0.000294558725746,-0.00445096430974,0.0821654738386,-0.00353470470895,0.284629550633,-0.0124186146558,0.46,-0.0779656652702,-0.00445096430974,0.0939719036299,0.12140062733,0.467690706246,3,-0.0299161299975,0.976133941729,-0.0195926595778,0.0190035421263,design_only_not_support,
20B_trendpv_residual_momentum_design_and_replication_diagnostic_v3,P0_TOTAL_MOMENTUM_12_1,project_return_history_primary,paper_qfq_complete_case_sensitivity,VW,10,2,middle,1,late,,bucket_return,51,50,1,0.00500329581534,-0.00686930083131,0.0728997703398,0.0600395497841,0.252532212177,0.2377500647,0.48,-0.0675875584526,-0.00686930083131,0.0881025845161,0.0954314572971,0.277128424574,3,0.559724553506,0.57566733192,-0.012516535217,0.0225231268477,design_only_not_support,
20B_trendpv_residual_momentum_design_and_replication_diagnostic_v3,P0_TOTAL_MOMENTUM_12_1,project_return_history_primary,paper_qfq_complete_case_sensitivity,VW,10,3,middle,1,late,,bucket_return,51,50,1,0.00627659648051,0.00358676347384,0.0558427536522,0.0753191577662,0.19344497312,0.389357017405,0.52,-0.0502138410905,0.00358676347384,0.0719461742984,0.0708910936867,0.278454051593,3,0.91613228561,0.359597515967,-0.00715148944172,0.0197046824027,design_only_not_support,
20B_trendpv_residual_momentum_design_and_replication_diagnostic_v3,P0_TOTAL_MOMENTUM_12_1,project_return_history_primary,paper_qfq_complete_case_sensitivity,VW,10,4,middle,1,late,,bucket_return,51,50,1,0.00566150373672,-0.00276117930812,0.059235530806,0.0679380448406,0.205197897939,0.331085481494,0.48,-0.0489508194583,-0.00276117930812,0.0749483613667,0.072265619184,0.208688394145,3,0.803435100055,0.4217232943,-0.00814962229145,0.0194726297649,design_only_not_support,
20B_trendpv_residual_momentum_design_and_replication_diagnostic_v3,P0_TOTAL_MOMENTUM_12_1,project_return_history_primary,paper_qfq_complete_case_sensitivity,VW,10,5,middle,1,late,,bucket_return,51,50,1,0.00449530202333,-0.00655976219324,0.0539581455965,0.0539436242799,0.186916499311,0.288597445805,0.4,-0.0474983923441,-0.00655976219324,0.0771697979659,0.0545487477571,0.177653250267,3,0.723573414262,0.469327667987,-0.00768125102808,0.0166718550747,design_only_not_support,
20B_trendpv_residual_momentum_design_and_replication_diagnostic_v3,P0_TOTAL_MOMENTUM_12_1,project_return_history_primary,paper_qfq_complete_case_sensitivity,VW,10,6,middle,1,late,,bucket_return,51,50,1,0.00914122750266,-0.00263970550869,0.0456764562653,0.109694730032,0.158227885922,0.693270528089,0.46,-0.0351804801066,-0.00263970550869,0.0612893456154,0.0473592408408,0.138060552661,3,1.67748166481,0.0934483318975,-0.00153935223514,0.0198218072405,design_only_not_support,
20B_trendpv_residual_momentum_design_and_replication_diagnostic_v3,P0_TOTAL_MOMENTUM_12_1,project_return_history_primary,paper_qfq_complete_case_sensitivity,VW,10,7,middle,1,late,,bucket_return,51,50,1,0.00993714731311,0.000604230078191,0.0445211166273,0.119245767757,0.154225672016,0.773190132345,0.5,-0.0318497293588,0.000604230078191,0.0638168987291,0.047762575081,0.105357139957,3,2.0099132066,0.0444403757397,0.000246952344084,0.0196273422821,design_only_not_support,
20B_trendpv_residual_momentum_design_and_replication_diagnostic_v3,P0_TOTAL_MOMENTUM_12_1,project_return_history_primary,paper_qfq_complete_case_sensitivity,VW,10,8,middle,1,late,,bucket_return,51,50,1,0.0107666140325,0.0129160084135,0.052197737505,0.129199368389,0.180818266798,0.714526085653,0.62,-0.0512723489394,0.0129160084135,0.0792394510341,0.0858586466441,0.197684071671,3,1.69040498412,0.0909505021857,-0.00171688899625,0.0232501170612,design_only_not_support,
20B_trendpv_residual_momentum_design_and_replication_diagnostic_v3,P0_TOTAL_MOMENTUM_12_1,project_return_history_primary,paper_qfq_complete_case_sensitivity,VW,10,9,middle,1,late,,bucket_return,51,50,1,0.0096182591735,0.00448148533637,0.0602743130007,0.115419110082,0.208796345017,0.552783192027,0.54,-0.0533219444541,0.00448148533637,0.0828805085105,0.0828797317774,0.155867860526,3,1.49809503263,0.134108561507,-0.00296534945171,0.0222018677987,design_only_not_support,
20B_trendpv_residual_momentum_design_and_replication_diagnostic_v3,P0_TOTAL_MOMENTUM_12_1,project_return_history_primary,paper_qfq_complete_case_sensitivity,VW,10,10,favorable,1,late,,bucket_return,51,50,1,0.000178100582925,-0.00992261660815,0.0751120096111,0.0021372069951,0.26019563381,0.0082138464962,0.42,-0.0829745236182,-0.00992261660815,0.0880639185329,0.106396876231,0.4595143642,3,0.0183421501165,0.985365902184,-0.0188529686178,0.0192091697837,design_only_not_support,
20B_trendpv_residual_momentum_design_and_replication_diagnostic_v3,P0_TOTAL_MOMENTUM_12_1,project_return_history_primary,paper_qfq_complete_case_sensitivity,VW,10,,,1,late,,favorable_minus_unfavorable,51,50,1,0.000472659308671,-0.00899195951512,0.0894833304876,0.00567191170405,0.30997934967,0.0182977082508,0.44,-0.0856578733523,-0.00899195951512,0.0981107277147,0.150536688671,0.436456395715,3,0.040977083886,0.967314164924,-0.022134982185,0.0230803008024,design_only_not_support,
20B_trendpv_residual_momentum_design_and_replication_diagnostic_v3,P0_TOTAL_MOMENTUM_12_1,project_return_history_primary,paper_qfq_complete_case_sensitivity,VW,10,,,1,late,,favorable_minus_middle,51,50,1,-0.00664016418007,0.0010101398308,0.0640302520407,-0.0796819701608,0.221807299512,-0.35923962077,0.54,-0.07626106023,0.0010101398308,0.0562640397075,0.111860528506,0.534276857371,3,-0.751395953148,0.452414397497,-0.0239605697397,0.0106802413795,design_only_not_support,
20B_trendpv_residual_momentum_design_and_replication_diagnostic_v3,P0_TOTAL_MOMENTUM_12_1,project_return_history_primary,project_conservative_primary,EW,5,1,unfavorable,1,full,,bucket_return,101,98,3,0.00085043837017,-0.0071216193968,0.0698972126462,0.010205260442,0.242131047221,0.0421476739937,0.469387755102,-0.0687664841761,-0.0071216193968,0.0651233689909,0.0996760368439,0.456853358276,3,0.137995338882,0.890244101338,-0.011228437555,0.0129293142953,design_only_not_support,
20B_trendpv_residual_momentum_design_and_replication_diagnostic_v3,P0_TOTAL_MOMENTUM_12_1,project_return_history_primary,project_conservative_primary,EW,5,2,middle,1,full,,bucket_return,101,98,3,0.0022926015806,-0.00124598035263,0.0574170723146,0.0275112189672,0.198898572942,0.138317829838,0.489795918367,-0.0657349801619,-0.00124598035263,0.0695397355045,0.0799324010343,0.321967720317,3,0.43670551444,0.662324929529,-0.00799674989381,0.012581953055,design_only_not_support,
20B_trendpv_residual_momentum_design_and_replication_diagnostic_v3,P0_TOTAL_MOMENTUM_12_1,project_return_history_primary,project_conservative_primary,EW,5,3,middle,1,full,,bucket_return,101,98,3,0.00588318739856,0.000282712821885,0.0556674212043,0.0705982487827,0.192837603704,0.366102085001,0.5,-0.0535026779303,0.000282712821885,0.072273597896,0.0780748764726,0.28186943894,3,1.08780853758,0.27667963972,-0.00471687227845,0.0164832470756,design_only_not_support,
20B_trendpv_residual_momentum_design_and_replication_diagnostic_v3,P0_TOTAL_MOMENTUM_12_1,project_return_history_primary,project_conservative_primary,EW,5,4,middle,1,full,,bucket_return,101,98,3,0.00715593693016,0.00269605924162,0.0554291998029,0.085871243162,0.192012380563,0.44721722063,0.520408163265,-0.0587459892007,0.00269605924162,0.0797635747363,0.0829628288577,0.293085263371,3,1.3621236697,0.173158859561,-0.00314076297365,0.017452636834,design_only_not_support,
20B_trendpv_residual_momentum_design_and_replication_diagnostic_v3,P0_TOTAL_MOMENTUM_12_1,project_return_history_primary,project_conservative_primary,EW,5,5,favorable,1,full,,bucket_return,101,98,3,0.0050356014755,-0.00762532840004,0.072295587349,0.060427217706,0.250439260903,0.241284922692,0.438775510204,-0.0733362669401,-0.00762532840004,0.100314850503,0.111380421814,0.508797771353,3,0.759337937809,0.447650428665,-0.0079620337552,0.0180332367062,design_only_not_support,
20B_trendpv_residual_momentum_design_and_replication_diagnostic_v3,P0_TOTAL_MOMENTUM_12_1,project_return_history_primary,project_conservative_primary,EW,5,,,1,full,,favorable_minus_unfavorable,101,98,3,0.00418516310533,0.0086543987336,0.0633813504137,0.0502219572639,0.219559438338,0.228739687276,0.571428571429,-0.066973986889,0.0086543987336,0.0785177087589,0.108849274268,0.410457424086,3,0.710081125752,0.477653829881,-0.00736671267109,0.0157370388817,design_only_not_support,
20B_trendpv_residual_momentum_design_and_replication_diagnostic_v3,P0_TOTAL_MOMENTUM_12_1,project_return_history_primary,project_conservative_primary,EW,5,,,1,full,,favorable_minus_middle,101,98,3,-0.000847585923063,-0.00152391365697,0.0460077083173,-0.0101710310768,0.159375376691,-0.0638180833698,0.479591836735,-0.04975441589,-0.00152391365697,0.0549741994773,0.0763247578622,0.489988208477,3,-0.207535547828,0.835591633789,-0.00885218031854,0.00715700847241,design_only_not_support,
20B_trendpv_residual_momentum_design_and_replication_diagnostic_v3,P0_TOTAL_MOMENTUM_12_1,project_return_history_primary,project_conservative_primary,EW,5,1,unfavorable,1,early,,bucket_return,50,48,2,0.00121134391879,-0.00595287931694,0.0606881589306,0.0145361270255,0.210229949371,0.069143940095,0.458333333333,-0.0630717038255,-0.00595287931694,0.059245662979,0.0794639023695,0.263057196265,3,0.154994916446,0.876825324964,-0.0141065162289,0.0165292040665,design_only_not_support,
20B_trendpv_residual_momentum_design_and_replication_diagnostic_v3,P0_TOTAL_MOMENTUM_12_1,project_return_history_primary,project_conservative_primary,EW,5,2,middle,1,early,,bucket_return,50,48,2,0.00185191459531,0.000199098059362,0.0567398157132,0.0222229751437,0.196552487255,0.11306382053,0.5,-0.0659939344627,0.000199098059362,0.0534007300581,0.0800421032515,0.284494857462,3,0.243150576565,0.80788875217,-0.0130758143886,0.0167796435792,design_only_not_support,
20B_trendpv_residual_momentum_design_and_replication_diagnostic_v3,P0_TOTAL_MOMENTUM_12_1,project_return_history_primary,project_conservative_primary,EW,5,3,middle,1,early,,bucket_return,50,48,2,0.00237515070748,0.00216301174032,0.0577036544604,0.0285018084898,0.199891322616,0.1425865221,0.520833333333,-0.0695733185614,0.00216301174032,0.0803831523667,0.0872828776398,0.28186943894,3,0.286586023394,0.774429317449,-0.0138685229699,0.0186188243849,design_only_not_support,
20B_trendpv_residual_momentum_design_and_replication_diagnostic_v3,P0_TOTAL_MOMENTUM_12_1,project_return_history_primary,project_conservative_primary,EW,5,4,middle,1,early,,bucket_return,50,48,2,0.00577476151672,0.00694798617876,0.0559551914143,0.0692971382007,0.193834468953,0.357506786976,0.541666666667,-0.0647032736111,0.00694798617876,0.0766258576279,0.0887063608071,0.243732920282,3,0.713173205254,0.475738584632,-0.0100956112184,0.0216451342519,design_only_not_support,
20B_trendpv_residual_momentum_design_and_replication_diagnostic_v3,P0_TOTAL_MOMENTUM_12_1,project_return_history_primary,project_conservative_primary,EW,5,5,favorable,1,early,,bucket_return,50,48,2,0.00559475295692,0.00548374178452,0.0696733700869,0.0671370354831,0.24135563385,0.278166431883,0.520833333333,-0.0836801700092,0.00548374178452,0.0973270253038,0.110884636387,0.262673857184,3,0.575443916021,0.564991110511,-0.0134609951233,0.0246505010371,design_only_not_support,
20B_trendpv_residual_momentum_design_and_replication_diagnostic_v3,P0_TOTAL_MOMENTUM_12_1,project_return_history_primary,project_conservative_primary,EW,5,,,1,early,,favorable_minus_unfavorable,50,48,2,0.00438340903813,0.00903572774289,0.0620743481229,0.0526009084576,0.215031849591,0.244619150873,0.604166666667,-0.0857557402065,0.00903572774289,0.0872416855316,0.105394014262,0.287842339482,3,0.555347082948,0.578657280119,-0.0110867790803,0.0198535971566,design_only_not_support,
20B_trendpv_residual_momentum_design_and_replication_diagnostic_v3,P0_TOTAL_MOMENTUM_12_1,project_return_history_primary,project_conservative_primary,EW,5,,,1,early,,favorable_minus_middle,50,48,2,0.00321960224944,0.00326019410518,0.0470885289934,0.0386352269933,0.163119449341,0.23685236279,0.5,-0.0473658934498,0.00326019410518,0.0684465969801,0.0752556324256,0.219913330923,3,0.559884526348,0.57555820385,-0.00805112261701,0.0144903271159,design_only_not_support,
20B_trendpv_residual_momentum_design_and_replication_diagnostic_v3,P0_TOTAL_MOMENTUM_12_1,project_return_history_primary,project_conservative_primary,EW,5,1,unfavorable,1,late,,bucket_return,51,50,1,0.000503969043494,-0.00821325916196,0.078348963574,0.00604762852192,0.271408771261,0.0222823621131,0.48,-0.0858125238289,-0.00821325916196,0.0753981392172,0.113701470725,0.405183300855,3,0.0544041318232,0.956613187013,-0.0176520264934,0.0186599645804,design_only_not_support,
20B_trendpv_residual_momentum_design_and_replication_diagnostic_v3,P0_TOTAL_MOMENTUM_12_1,project_return_history_primary,project_conservative_primary,EW,5,2,middle,1,late,,bucket_return,51,50,1,0.00271566108649,-0.0018275563914,0.0586326289382,0.0325879330379,0.203109384605,0.160445235464,0.48,-0.0608972622509,-0.0018275563914,0.0691635859662,0.0798226988171,0.273541456329,3,0.38418236035,0.700843291413,-0.0111386916196,0.0165700137926,design_only_not_support,
20B_trendpv_residual_momentum_design_and_replication_diagnostic_v3,P0_TOTAL_MOMENTUM_12_1,project_return_history_primary,project_conservative_primary,EW,5,3,middle,1,late,,bucket_return,51,50,1,0.009250902622,-0.00192697346604,0.0540097048335,0.111010831464,0.187095105747,0.593339045513,0.48,-0.0503014159412,-0.00192697346604,0.0679539695326,0.0646450939553,0.163534175113,3,1.38997673909,0.164535940915,-0.00379351420436,0.0222953194483,design_only_not_support,
20B_trendpv_residual_momentum_design_and_replication_diagnostic_v3,P0_TOTAL_MOMENTUM_12_1,project_return_history_primary,project_conservative_primary,EW,5,4,middle,1,late,,bucket_return,51,50,1,0.00848186532706,0.00101327970476,0.0554548423097,0.101782383925,0.192101208812,0.529837290218,0.5,-0.0465002219968,0.00101327970476,0.0803720390817,0.0756621867421,0.217954317254,3,1.3087281684,0.190626446486,-0.00422065836284,0.021184389017,design_only_not_support,
20B_trendpv_residual_momentum_design_and_replication_diagnostic_v3,P0_TOTAL_MOMENTUM_12_1,project_return_history_primary,project_conservative_primary,EW,5,5,favorable,1,late,,bucket_return,51,50,1,0.00449881605333,-0.0102221590456,0.0754307407088,0.0539857926399,0.26129975072,0.206604837896,0.36,-0.0639186897056,-0.0102221590456,0.0995949315106,0.109056428191,0.39075480746,3,0.503252031825,0.614787086851,-0.0130222606239,0.0220198927306,design_only_not_support,
20B_trendpv_residual_momentum_design_and_replication_diagnostic_v3,P0_TOTAL_MOMENTUM_12_1,project_return_history_primary,project_conservative_primary,EW,5,,,1,late,,favorable_minus_unfavorable,51,50,1,0.00399484700983,0.00435422810969,0.0652409526366,0.047938164118,0.226001289402,0.212114560253,0.54,-0.0616728691692,0.00435422810969,0.0704935382371,0.10798305144,0.313396368575,3,0.454768032486,0.649276130728,-0.0132221860789,0.0212118800986,design_only_not_support,
20B_trendpv_residual_momentum_design_and_replication_diagnostic_v3,P0_TOTAL_MOMENTUM_12_1,project_return_history_primary,project_conservative_primary,EW,5,,,1,late,,favorable_minus_middle,51,50,1,-0.00475208656867,-0.00351393748717,0.0450736431719,-0.057025038824,0.156139680112,-0.365218109728,0.46,-0.0495089291755,-0.00351393748717,0.0325307249731,0.0773938832988,0.407905326656,3,-0.840103527369,0.40085034253,-0.0158387184213,0.00633454528392,design_only_not_support,
20B_trendpv_residual_momentum_design_and_replication_diagnostic_v3,P0_TOTAL_MOMENTUM_12_1,project_return_history_primary,project_conservative_primary,EW,10,1,unfavorable,1,full,,bucket_return,101,98,3,-0.000354406615415,-0.0114735336957,0.0766461718041,-0.00425287938498,0.265510127541,-0.0160177670975,0.459183673469,-0.077008160745,-0.0114735336957,0.0711798413802,0.110046869043,0.506353770984,3,-0.052079063718,0.958465695057,-0.0136922846898,0.0129834714589,design_only_not_support,
20B_trendpv_residual_momentum_design_and_replication_diagnostic_v3,P0_TOTAL_MOMENTUM_12_1,project_return_history_primary,project_conservative_primary,EW,10,2,middle,1,full,,bucket_return,101,98,3,0.00206079054997,-0.00184003719847,0.0650444000343,0.0247294865997,0.225320411214,0.10975253625,0.459183673469,-0.0674552543097,-0.00184003719847,0.0711250996332,0.0940194159333,0.408591097078,3,0.361977199847,0.717369068643,-0.00909757870459,0.0132191598045,design_only_not_support,
20B_trendpv_residual_momentum_design_and_replication_diagnostic_v3,P0_TOTAL_MOMENTUM_12_1,project_return_history_primary,project_conservative_primary,EW,10,3,middle,1,full,,bucket_return,101,98,3,0.0017967928678,-0.00102673451571,0.0584894293576,0.0215615144136,0.202613326706,0.106417059352,0.479591836735,-0.059300687908,-0.00102673451571,0.0580789312511,0.082132183365,0.362661245919,3,0.332183117903,0.739750990642,-0.00880473718826,0.0123983229239,design_only_not_support,
20B_trendpv_residual_momentum_design_and_replication_diagnostic_v3,P0_TOTAL_MOMENTUM_12_1,project_return_history_primary,project_conservative_primary,EW,10,4,middle,1,full,,bucket_return,101,98,3,0.00276330705858,-0.00582833559326,0.057884931928,0.0331596847029,0.200519286184,0.165369054189,0.469387755102,-0.0567686213864,-0.00582833559326,0.0711320346787,0.0816233300059,0.292089186411,3,0.529193138078,0.59667147633,-0.00747110817347,0.0129977222906,design_only_not_support,
20B_trendpv_residual_momentum_design_and_replication_diagnostic_v3,P0_TOTAL_MOMENTUM_12_1,project_return_history_primary,project_conservative_primary,EW,10,5,middle,1,full,,bucket_return,101,98,3,0.00166276818445,-0.00201011118066,0.0571303140137,0.0199532182134,0.197905213048,0.100822095114,0.469387755102,-0.0591302563943,-0.00201011118066,0.0675498518918,0.0801968724296,0.410300628063,3,0.293449559031,0.769178549206,-0.00944294199934,0.0127684783682,design_only_not_support,
20B_trendpv_residual_momentum_design_and_replication_diagnostic_v3,P0_TOTAL_MOMENTUM_12_1,project_return_history_primary,project_conservative_primary,EW,10,6,middle,1,full,,bucket_return,101,98,3,0.0100865116695,0.00340977116705,0.0563157481283,0.121038140034,0.195083474049,0.620442816204,0.510204081633,-0.0581290560393,0.00340977116705,0.0764983506546,0.0781522190372,0.237896014259,3,1.86480171232,0.0622092032067,-0.000514722483868,0.0206877458228,design_only_not_support,
20B_trendpv_residual_momentum_design_and_replication_diagnostic_v3,P0_TOTAL_MOMENTUM_12_1,project_return_history_primary,project_conservative_primary,EW,10,7,middle,1,full,,bucket_return,101,98,3,0.00775215200447,0.00382886076737,0.0555022463896,0.0930258240537,0.192265421362,0.483840637566,0.530612244898,-0.0642310492711,0.00382886076737,0.0844423957614,0.0804494483934,0.24323295262,3,1.41897240193,0.155907062214,-0.00295555359349,0.0184598576024,design_only_not_support,
20B_trendpv_residual_momentum_design_and_replication_diagnostic_v3,P0_TOTAL_MOMENTUM_12_1,project_return_history_primary,project_conservative_primary,EW,10,8,middle,1,full,,bucket_return,101,98,3,0.00653830852215,0.00149759791993,0.0577982447463,0.0784597022658,0.200218992978,0.391869428064,0.520408163265,-0.059974821647,0.00149759791993,0.0864382915841,0.0892624010734,0.350419761311,3,1.24282966764,0.213930607506,-0.00377271764412,0.0168493346884,design_only_not_support,
20B_trendpv_residual_momentum_design_and_replication_diagnostic_v3,P0_TOTAL_MOMENTUM_12_1,project_return_history_primary,project_conservative_primary,EW,10,9,middle,1,full,,bucket_return,101,98,3,0.00809202674063,4.20047173435e-05,0.0658775227624,0.0971043208875,0.228206433003,0.425510883326,0.5,-0.0650776319383,4.20047173435e-05,0.101696409548,0.0977769647394,0.351672287836,3,1.36572024479,0.172026787556,-0.0035209525896,0.0197050060709,design_only_not_support,
20B_trendpv_residual_momentum_design_and_replication_diagnostic_v3,P0_TOTAL_MOMENTUM_12_1,project_return_history_primary,project_conservative_primary,EW,10,10,favorable,1,full,,bucket_return,101,98,3,0.0019245673692,-0.0132659120671,0.0826213966382,0.0230948084304,0.286208913539,0.0806921354921,0.459183673469,-0.0956776996303,-0.0132659120671,0.110273950328,0.128220242127,0.633213919141,3,0.253771729363,0.799671915313,-0.0129395104338,0.0167886451722,design_only_not_support,
20B_trendpv_residual_momentum_design_and_replication_diagnostic_v3,P0_TOTAL_MOMENTUM_12_1,project_return_history_primary,project_conservative_primary,EW,10,,,1,full,,favorable_minus_unfavorable,101,98,3,0.00227897398461,0.00436996641175,0.0745312529944,0.0273476878154,0.258183833876,0.105923315975,0.520408163265,-0.0852088112664,0.00436996641175,0.0916816815252,0.129232738847,0.55545740821,3,0.324464937425,0.745586063466,-0.0114874038773,0.0160453518466,design_only_not_support,
20B_trendpv_residual_momentum_design_and_replication_diagnostic_v3,P0_TOTAL_MOMENTUM_12_1,project_return_history_primary,project_conservative_primary,EW,10,,,1,full,,favorable_minus_middle,101,98,3,-0.00395007255777,-0.00522111988872,0.0579310470065,-0.0474008706932,0.200679033502,-0.236202406729,0.438775510204,-0.0699363029194,-0.00522111988872,0.0663692727699,0.100813623514,0.640867434039,3,-0.776532803529,0.437434459904,-0.0139200312181,0.00601988610252,design_only_not_support,
20B_trendpv_residual_momentum_design_and_replication_diagnostic_v3,P0_TOTAL_MOMENTUM_12_1,project_return_history_primary,project_conservative_primary,EW,10,1,unfavorable,1,early,,bucket_return,50,48,2,0.00104545584555,-0.0119276603102,0.0655693471874,0.0125454701466,0.227138881495,0.0552325963042,0.479166666667,-0.0615475772041,-0.0119276603102,0.069620337141,0.0865802703346,0.295209728231,3,0.121244481359,0.90349739294,-0.0158547426768,0.0179456543679,design_only_not_support,
20B_trendpv_residual_momentum_design_and_replication_diagnostic_v3,P0_TOTAL_MOMENTUM_12_1,project_return_history_primary,project_conservative_primary,EW,10,2,middle,1,early,,bucket_return,50,48,2,0.00135163875538,-0.00406547304643,0.0581969538565,0.0162196650645,0.201600161851,0.0804546232287,0.4375,-0.0630852820546,-0.00406547304643,0.0622318411378,0.0812348153622,0.22939967678,3,0.186853423476,0.851775558606,-0.0128261227829,0.0155294002937,design_only_not_support,
20B_trendpv_residual_momentum_design_and_replication_diagnostic_v3,P0_TOTAL_MOMENTUM_12_1,project_return_history_primary,project_conservative_primary,EW,10,3,middle,1,early,,bucket_return,50,48,2,0.00125170868377,-0.000393104665647,0.0588980266773,0.0150205042052,0.204028749341,0.0736195475084,0.5,-0.0660674284384,-0.000393104665647,0.052948209358,0.0856358954884,0.291163734399,3,0.157132449153,0.875140464503,-0.014361259564,0.0168646769316,design_only_not_support,
20B_trendpv_residual_momentum_design_and_replication_diagnostic_v3,P0_TOTAL_MOMENTUM_12_1,project_return_history_primary,project_conservative_primary,EW,10,4,middle,1,early,,bucket_return,50,48,2,0.00244382019366,-0.00622925766418,0.0559179366614,0.0293258423239,0.193705414704,0.151394024626,0.479166666667,-0.0529207119598,-0.00622925766418,0.0522755081287,0.0790202993226,0.278777199792,3,0.328878158278,0.742247783989,-0.0121202347419,0.0170078751292,design_only_not_support,
20B_trendpv_residual_momentum_design_and_replication_diagnostic_v3,P0_TOTAL_MOMENTUM_12_1,project_return_history_primary,project_conservative_primary,EW,10,5,middle,1,early,,bucket_return,50,48,2,-0.00493030319467,-0.00270475964754,0.0583478441959,-0.0591636383361,0.202122861319,-0.292711264575,0.4375,-0.0743120106292,-0.00270475964754,0.0617151306765,0.0915706055883,0.32451848585,3,-0.595972775381,0.551193414144,-0.0211444946705,0.0112838882812,design_only_not_support,
20B_trendpv_residual_momentum_design_and_replication_diagnostic_v3,P0_TOTAL_MOMENTUM_12_1,project_return_history_primary,project_conservative_primary,EW,10,6,middle,1,early,,bucket_return,50,48,2,0.00964896288409,0.00881785289075,0.0591619415794,0.115787554609,0.20494297738,0.564974492365,0.541666666667,-0.0635125087171,0.00881785289075,0.0830908486042,0.0838086059816,0.237896014259,3,1.11833521866,0.263423850631,-0.00726154786923,0.0265594736374,design_only_not_support,
20B_trendpv_residual_momentum_design_and_replication_diagnostic_v3,P0_TOTAL_MOMENTUM_12_1,project_return_history_primary,project_conservative_primary,EW,10,7,middle,1,early,,bucket_return,50,48,2,0.00605653427016,0.00632639232992,0.0580872317002,0.072678411242,0.201220073152,0.361188673195,0.583333333333,-0.0691683631961,0.00632639232992,0.065429899673,0.0896023068179,0.24323295262,3,0.683653770568,0.494193822009,-0.0113069171605,0.0234199857008,design_only_not_support,
20B_trendpv_residual_momentum_design_and_replication_diagnostic_v3,P0_TOTAL_MOMENTUM_12_1,project_return_history_primary,project_conservative_primary,EW,10,8,middle,1,early,,bucket_return,50,48,2,0.00547248326614,0.00530503057789,0.0570877123405,0.0656697991937,0.197757636523,0.332072128027,0.520833333333,-0.0600444818348,0.00530503057789,0.0868062546787,0.0893947237524,0.245081852261,3,0.712431217468,0.476197790178,-0.0095828229089,0.0205277894412,design_only_not_support,
20B_trendpv_residual_momentum_design_and_replication_diagnostic_v3,P0_TOTAL_MOMENTUM_12_1,project_return_history_primary,project_conservative_primary,EW,10,9,middle,1,early,,bucket_return,50,48,2,0.00660872411018,0.00106731518749,0.0646639427121,0.0793046893222,0.22400246839,0.354034890294,0.520833333333,-0.0706230522249,0.00106731518749,0.0994057329861,0.0994757030525,0.23464809518,3,0.777513093524,0.436856112495,-0.0100506239414,0.0232680721618,design_only_not_support,
20B_trendpv_residual_momentum_design_and_replication_diagnostic_v3,P0_TOTAL_MOMENTUM_12_1,project_return_history_primary,project_conservative_primary,EW,10,10,favorable,1,early,,bucket_return,50,48,2,0.00458389790132,0.0010745962512,0.0785683971705,0.0550067748159,0.272168911537,0.202105282728,0.520833333333,-0.0917552320545,0.0010745962512,0.117872609093,0.126920133256,0.328234838102,3,0.408184392595,0.683138305659,-0.0174264360516,0.0265942318543,design_only_not_support,
20B_trendpv_residual_momentum_design_and_replication_diagnostic_v3,P0_TOTAL_MOMENTUM_12_1,project_return_history_primary,project_conservative_primary,EW,10,,,1,early,,favorable_minus_unfavorable,50,48,2,0.00353844205577,0.00746160207101,0.0689218332427,0.0424613046693,0.238752233854,0.177846732505,0.541666666667,-0.0929879239331,0.00746160207101,0.0954013704558,0.121970286651,0.337203199474,3,0.405357154801,0.685214999913,-0.0135704677255,0.020647351837,design_only_not_support,
20B_trendpv_residual_momentum_design_and_replication_diagnostic_v3,P0_TOTAL_MOMENTUM_12_1,project_return_history_primary,project_conservative_primary,EW,10,,,1,early,,favorable_minus_middle,50,48,2,0.00222456805662,0.000257156601983,0.0568062558052,0.0266948166794,0.196782642485,0.135656358418,0.5,-0.0669555767224,0.000257156601983,0.0707951577686,0.0925202178821,0.287093749674,3,0.320755210323,0.748395904247,-0.0113685806493,0.0158177167626,design_only_not_support,
20B_trendpv_residual_momentum_design_and_replication_diagnostic_v3,P0_TOTAL_MOMENTUM_12_1,project_return_history_primary,project_conservative_primary,EW,10,1,unfavorable,1,late,,bucket_return,51,50,1,-0.00169827457794,-0.00933022737732,0.0866127142288,-0.0203792949353,0.300035243252,-0.0679230036927,0.44,-0.102770700358,-0.00933022737732,0.0922339192961,0.123568155219,0.462457992942,3,-0.166009970345,0.868149103849,-0.0217486185525,0.0183520693966,design_only_not_support,
20B_trendpv_residual_momentum_design_and_replication_diagnostic_v3,P0_TOTAL_MOMENTUM_12_1,project_return_history_primary,project_conservative_primary,EW,10,2,middle,1,late,,bucket_return,51,50,1,0.00274157627278,-0.000468198869039,0.0715932597984,0.0328989152734,0.2480063269,0.132653532209,0.48,-0.0728352036222,-0.000468198869039,0.0822005062318,0.105078400905,0.364163558669,3,0.320410928283,0.748656842316,-0.0140287342292,0.0195118867747,design_only_not_support,
20B_trendpv_residual_momentum_design_and_replication_diagnostic_v3,P0_TOTAL_MOMENTUM_12_1,project_return_history_primary,project_conservative_primary,EW,10,3,middle,1,late,,bucket_return,51,50,1,0.00232007368447,-0.00102673451571,0.0586877585518,0.0278408842136,0.203300359188,0.136944589399,0.46,-0.0576876917601,-0.00102673451571,0.0580531657988,0.0780610996875,0.29189190066,3,0.325388224808,0.744887266303,-0.0116548046803,0.0162949520493,design_only_not_support,
20B_trendpv_residual_momentum_design_and_replication_diagnostic_v3,P0_TOTAL_MOMENTUM_12_1,project_return_history_primary,project_conservative_primary,EW,10,4,middle,1,late,,bucket_return,51,50,1,0.0030700144489,-0.00528042050791,0.0602790450568,0.0368401733868,0.20881273734,0.176426849511,0.46,-0.0600290971714,-0.00528042050791,0.0729566805722,0.0824430772239,0.256478252954,3,0.425539077033,0.670443741382,-0.0110699742774,0.0172100031752,design_only_not_support,
20B_trendpv_residual_momentum_design_and_replication_diagnostic_v3,P0_TOTAL_MOMENTUM_12_1,project_return_history_primary,project_conservative_primary,EW,10,5,middle,1,late,,bucket_return,51,50,1,0.00799211670841,-0.000882092081538,0.0557867662745,0.0959054005009,0.193251027155,0.49627369082,0.5,-0.0482451281282,-0.000882092081538,0.0827066533593,0.064584854893,0.197171550875,3,1.11993044175,0.262743404675,-0.00599469919087,0.0219789326077,design_only_not_support,
20B_trendpv_residual_momentum_design_and_replication_diagnostic_v3,P0_TOTAL_MOMENTUM_12_1,project_return_history_primary,project_conservative_primary,EW,10,6,middle,1,late,,bucket_return,51,50,1,0.0105065585035,-0.00389587255578,0.0540422333276,0.126078702041,0.187207787756,0.673469322794,0.48,-0.0453647349105,-0.00389587255578,0.0656244840252,0.0704491201277,0.153541784654,3,1.64140507738,0.100713356621,-0.00203908093197,0.0230521979389,design_only_not_support,
20B_trendpv_residual_momentum_design_and_replication_diagnostic_v3,P0_TOTAL_MOMENTUM_12_1,project_return_history_primary,project_conservative_primary,EW,10,7,middle,1,late,,bucket_return,51,50,1,0.00937994502941,-0.000965274197722,0.0534434664596,0.112559340353,0.185133598481,0.607989804531,0.48,-0.047057085916,-0.000965274197722,0.0856290416136,0.067198913552,0.144577279224,3,1.5382640333,0.12398407003,-0.00257141964964,0.0213313097085,design_only_not_support,
20B_trendpv_residual_momentum_design_and_replication_diagnostic_v3,P0_TOTAL_MOMENTUM_12_1,project_return_history_primary,project_conservative_primary,EW,10,8,middle,1,late,,bucket_return,51,50,1,0.00756150076791,0.000633680686034,0.0590333009877,0.0907380092149,0.204497353299,0.443712389189,0.52,-0.0545611827631,0.000633680686034,0.0742786532006,0.0891300783943,0.286698400745,3,1.06654010945,0.286179557393,-0.00633415026567,0.0214571518015,design_only_not_support,
20B_trendpv_residual_momentum_design_and_replication_diagnostic_v3,P0_TOTAL_MOMENTUM_12_1,project_return_history_primary,project_conservative_primary,EW,10,9,middle,1,late,,bucket_return,51,50,1,0.00951599726585,-0.00264492170638,0.06764723399,0.11419196719,0.234336892524,0.487298290764,0.48,-0.0574255924439,-0.00264492170638,0.101341515538,0.0949009540145,0.24178691028,3,1.18512010493,0.235969963004,-0.00622165821769,0.0252536527494,design_only_not_support,
20B_trendpv_residual_momentum_design_and_replication_diagnostic_v3,P0_TOTAL_MOMENTUM_12_1,project_return_history_primary,project_conservative_primary,EW,10,10,favorable,1,late,,bucket_return,51,50,1,-0.000628389941641,-0.0188452080515,0.0870555326736,-0.0075406792997,0.301569211341,-0.0250048049208,0.4,-0.0967485095808,-0.0188452080515,0.0964906094014,0.129520350997,0.515359592691,3,-0.0616980485443,0.950803294047,-0.0205904743661,0.0193336944828,design_only_not_support,
20B_trendpv_residual_momentum_design_and_replication_diagnostic_v3,P0_TOTAL_MOMENTUM_12_1,project_return_history_primary,project_conservative_primary,EW,10,,,1,late,,favorable_minus_unfavorable,51,50,1,0.0010698846363,0.00117920212719,0.0802313633221,0.0128386156356,0.277929595269,0.0461937694084,0.5,-0.0816450095629,0.00117920212719,0.086590859603,0.135656991569,0.432806551801,3,0.0969705906137,0.922749749646,-0.0205545619252,0.0226943311978,design_only_not_support,
20B_trendpv_residual_momentum_design_and_replication_diagnostic_v3,P0_TOTAL_MOMENTUM_12_1,project_return_history_primary,project_conservative_primary,EW,10,,,1,late,,favorable_minus_middle,51,50,1,-0.00987772754757,-0.00999326614957,0.0589498243275,-0.118532730571,0.204208181665,-0.580450448187,0.38,-0.0749385867307,-0.00999326614957,0.0386045088146,0.107638568212,0.541973074236,3,-1.38134326188,0.167173442318,-0.0238930637616,0.0041376086665,design_only_not_support,
20B_trendpv_residual_momentum_design_and_replication_diagnostic_v3,P0_TOTAL_MOMENTUM_12_1,project_return_history_primary,project_conservative_primary,VW,5,1,unfavorable,1,full,,bucket_return,101,98,3,0.000284442053348,-0.00604066597733,0.0672312229494,0.00341330464017,0.232895788007,0.0146559311759,0.438775510204,-0.0681132785131,-0.00604066597733,0.06979627257,0.0957857934109,0.47079818302,3,0.0476859211855,0.961966554605,-0.0114065595335,0.0119754436402,design_only_not_support,
20B_trendpv_residual_momentum_design_and_replication_diagnostic_v3,P0_TOTAL_MOMENTUM_12_1,project_return_history_primary,project_conservative_primary,VW,5,2,middle,1,full,,bucket_return,101,98,3,0.00355016477857,-0.000292169166856,0.0534556682979,0.0426019773428,0.185175866889,0.230062254108,0.479591836735,-0.0541397883237,-0.000292169166856,0.0741542683732,0.0680721076419,0.242114636913,3,0.74440542741,0.456631236497,-0.005797154369,0.0128974839261,design_only_not_support,
20B_trendpv_residual_momentum_design_and_replication_diagnostic_v3,P0_TOTAL_MOMENTUM_12_1,project_return_history_primary,project_conservative_primary,VW,5,3,middle,1,full,,bucket_return,101,98,3,0.00474896208571,0.00191772414967,0.0455499586663,0.0569875450285,0.157789685385,0.36116140855,0.510204081633,-0.0451085001566,0.00191772414967,0.0566746661636,0.0547701785582,0.208426569744,3,1.17128485034,0.241484298851,-0.00319769124052,0.0126956154119,design_only_not_support,
20B_trendpv_residual_momentum_design_and_replication_diagnostic_v3,P0_TOTAL_MOMENTUM_12_1,project_return_history_primary,project_conservative_primary,VW,5,4,middle,1,full,,bucket_return,101,98,3,0.00874983558075,0.00672432482305,0.0498029143355,0.104998026969,0.172522355988,0.608605339102,0.530612244898,-0.0450103590703,0.00672432482305,0.0699781353636,0.0728601554275,0.334355874158,3,1.8440017349,0.0651828873428,-0.000550243852121,0.0180499150136,design_only_not_support,
20B_trendpv_residual_momentum_design_and_replication_diagnostic_v3,P0_TOTAL_MOMENTUM_12_1,project_return_history_primary,project_conservative_primary,VW,5,5,favorable,1,full,,bucket_return,101,98,3,0.00748971684482,-0.000381884582738,0.0646987281588,0.0898766021379,0.224122968712,0.401014686956,0.5,-0.0642253396301,-0.000381884582738,0.0854220093647,0.0897406823026,0.395810832707,3,1.26142938152,0.207154188061,-0.00414753807033,0.01912697176,design_only_not_support,
20B_trendpv_residual_momentum_design_and_replication_diagnostic_v3,P0_TOTAL_MOMENTUM_12_1,project_return_history_primary,project_conservative_primary,VW,5,,,1,full,,favorable_minus_unfavorable,101,98,3,0.00720527479147,0.0107214414155,0.0724989135834,0.0864632974977,0.25114360364,0.344278318239,0.571428571429,-0.078652744668,0.0107214414155,0.0911084284651,0.119911661236,0.387932701312,3,1.09650064575,0.2728597409,-0.00567395071994,0.0200845003029,design_only_not_support,
20B_trendpv_residual_momentum_design_and_replication_diagnostic_v3,P0_TOTAL_MOMENTUM_12_1,project_return_history_primary,project_conservative_primary,VW,5,,,1,full,,favorable_minus_middle,101,98,3,0.00274075475911,0.00365751395429,0.0534182434394,0.0328890571094,0.185046223376,0.177734279086,0.561224489796,-0.0564336738032,0.00365751395429,0.0652296603923,0.0905306909464,0.460438010394,3,0.542697689708,0.587337965169,-0.00715753801087,0.0126390475291,design_only_not_support,
20B_trendpv_residual_momentum_design_and_replication_diagnostic_v3,P0_TOTAL_MOMENTUM_12_1,project_return_history_primary,project_conservative_primary,VW,5,1,unfavorable,1,early,,bucket_return,50,48,2,-0.00252444866329,-0.00785801144699,0.0578231064754,-0.0302933839595,0.200305116534,-0.151236196477,0.416666666667,-0.0643659599802,-0.00785801144699,0.0533512338135,0.0828711375702,0.246898452889,3,-0.355843966962,0.721957420454,-0.016428937485,0.0113800401584,design_only_not_support,
20B_trendpv_residual_momentum_design_and_replication_diagnostic_v3,P0_TOTAL_MOMENTUM_12_1,project_return_history_primary,project_conservative_primary,VW,5,2,middle,1,early,,bucket_return,50,48,2,0.000996136946789,-0.00470304413289,0.0513960048521,0.0119536433615,0.17804098342,0.0671398412426,0.479166666667,-0.0543935252855,-0.00470304413289,0.0730972070594,0.0690006614697,0.21842529777,3,0.146664920197,0.883396508743,-0.0123157888822,0.0143080627758,design_only_not_support,
20B_trendpv_residual_momentum_design_and_replication_diagnostic_v3,P0_TOTAL_MOMENTUM_12_1,project_return_history_primary,project_conservative_primary,VW,5,3,middle,1,early,,bucket_return,50,48,2,0.00243520054316,0.00544174516699,0.042654181049,0.029222406518,0.147758417464,0.197771517992,0.541666666667,-0.0482626177665,0.00544174516699,0.0447994725043,0.0600892817772,0.162231623775,3,0.421142011224,0.673651385778,-0.00889804390294,0.0137684449893,design_only_not_support,
20B_trendpv_residual_momentum_design_and_replication_diagnostic_v3,P0_TOTAL_MOMENTUM_12_1,project_return_history_primary,project_conservative_primary,VW,5,4,middle,1,early,,bucket_return,50,48,2,0.00746040601074,-0.00723276677031,0.0554549839385,0.0895248721289,0.192101699429,0.466028527572,0.479166666667,-0.0563686978913,-0.00723276677031,0.0723301516599,0.0819405402391,0.246000700869,3,0.921069535147,0.357014124456,-0.00841475491157,0.023335566933,design_only_not_support,
20B_trendpv_residual_momentum_design_and_replication_diagnostic_v3,P0_TOTAL_MOMENTUM_12_1,project_return_history_primary,project_conservative_primary,VW,5,5,favorable,1,early,,bucket_return,50,48,2,0.00902881564618,0.00261748700658,0.0660934764217,0.108345787754,0.228954518423,0.473219696648,0.520833333333,-0.0651222580159,0.00261748700658,0.0983809750241,0.0911865882854,0.259417948223,3,0.988633139244,0.322842666208,-0.00887080028526,0.0269284315776,design_only_not_support,
20B_trendpv_residual_momentum_design_and_replication_diagnostic_v3,P0_TOTAL_MOMENTUM_12_1,project_return_history_primary,project_conservative_primary,VW,5,,,1,early,,favorable_minus_unfavorable,50,48,2,0.0115532643095,0.0193994708986,0.070031411257,0.138639171714,0.242595924846,0.571481865583,0.604166666667,-0.0863227784421,0.0193994708986,0.0928950474421,0.115991373689,0.26145885249,3,1.3250534325,0.18515342979,-0.00553584424648,0.0286423728654,design_only_not_support,
20B_trendpv_residual_momentum_design_and_replication_diagnostic_v3,P0_TOTAL_MOMENTUM_12_1,project_return_history_primary,project_conservative_primary,VW,5,,,1,early,,favorable_minus_middle,50,48,2,0.00659361510301,0.0031045412229,0.0539411797429,0.0791233812362,0.18685772787,0.42344184604,0.5625,-0.0558879320333,0.0031045412229,0.0674091648625,0.0873251960659,0.269744902332,3,0.906192172083,0.364834145573,-0.00766743076336,0.0208546609694,design_only_not_support,
20B_trendpv_residual_momentum_design_and_replication_diagnostic_v3,P0_TOTAL_MOMENTUM_12_1,project_return_history_primary,project_conservative_primary,VW,5,1,unfavorable,1,late,,bucket_return,51,50,1,0.00298097714132,-0.00340262875654,0.0756679502451,0.0357717256959,0.262121468658,0.136470033832,0.46,-0.0932939001442,-0.00340262875654,0.0771840146937,0.103248239984,0.340317945993,3,0.321446314961,0.747872189572,-0.015195021661,0.0211569759436,design_only_not_support,
20B_trendpv_residual_momentum_design_and_replication_diagnostic_v3,P0_TOTAL_MOMENTUM_12_1,project_return_history_primary,project_conservative_primary,VW,5,2,middle,1,late,,bucket_return,51,50,1,0.00600203149708,-0.000232683463787,0.0557713654114,0.0720243779649,0.193197677,0.37280146989,0.48,-0.0533439434894,-0.000232683463787,0.0766532995336,0.067143553814,0.215241718723,3,0.917008934472,0.359137958348,-0.00682637739418,0.0188304403883,design_only_not_support,
20B_trendpv_residual_momentum_design_and_replication_diagnostic_v3,P0_TOTAL_MOMENTUM_12_1,project_return_history_primary,project_conservative_primary,VW,5,3,middle,1,late,,bucket_return,51,50,1,0.00697017316655,-0.00498241271198,0.0484959497803,0.0836420779986,0.167994897961,0.497884632293,0.48,-0.04007451466,-0.00498241271198,0.0694796199158,0.0479727455714,0.154327573695,3,1.23818903437,0.215645976548,-0.00406310849982,0.0180034548329,design_only_not_support,
20B_trendpv_residual_momentum_design_and_replication_diagnostic_v3,P0_TOTAL_MOMENTUM_12_1,project_return_history_primary,project_conservative_primary,VW,5,4,middle,1,late,,bucket_return,51,50,1,0.00998768796795,0.00757171686116,0.0442392890881,0.119852255615,0.153249392783,0.782073282243,0.58,-0.0374500919193,0.00757171686116,0.0641518884195,0.0611178176546,0.162055976177,3,2.03419886781,0.041931548669,0.000364484939075,0.0196108909968,design_only_not_support,
20B_trendpv_residual_momentum_design_and_replication_diagnostic_v3,P0_TOTAL_MOMENTUM_12_1,project_return_history_primary,project_conservative_primary,VW,5,5,favorable,1,late,,bucket_return,51,50,1,0.00601218199552,-0.0017745415911,0.0639673974348,0.0721461839462,0.22158956477,0.325584754052,0.48,-0.0633003211329,-0.0017745415911,0.0783473406436,0.0880630958655,0.258291323029,3,0.801392707771,0.422904335424,-0.00869179529983,0.0207161592909,design_only_not_support,
20B_trendpv_residual_momentum_design_and_replication_diagnostic_v3,P0_TOTAL_MOMENTUM_12_1,project_return_history_primary,project_conservative_primary,VW,5,,,1,late,,favorable_minus_unfavorable,51,50,1,0.0030312048542,0.00447785927911,0.0752622155808,0.0363744582504,0.260715962552,0.139517572665,0.54,-0.0754606832011,0.00447785927911,0.0807201583388,0.123157840477,0.365723864248,3,0.315499256087,0.752382615799,-0.0157994333466,0.021861843055,design_only_not_support,
20B_trendpv_residual_momentum_design_and_replication_diagnostic_v3,P0_TOTAL_MOMENTUM_12_1,project_return_history_primary,project_conservative_primary,VW,5,,,1,late,,favorable_minus_middle,51,50,1,-0.000957991171027,0.00405408056258,0.0531920245639,-0.0114958940523,0.184262578204,-0.0623886529992,0.56,-0.0594785613007,0.00405408056258,0.0614777730771,0.0933896186519,0.314991813747,3,-0.142429098912,0.886741079072,-0.0141408885358,0.0122249061938,design_only_not_support,
20B_trendpv_residual_momentum_design_and_replication_diagnostic_v3,P0_TOTAL_MOMENTUM_12_1,project_return_history_primary,project_conservative_primary,VW,10,1,unfavorable,1,full,,bucket_return,101,98,3,-0.00259794284028,-0.0062184693387,0.0727414535701,-0.0311753140834,0.2519837868,-0.123719523702,0.408163265306,-0.0749679898392,-0.0062184693387,0.0524744492155,0.102933135797,0.602045498184,3,-0.412681294894,0.679840131042,-0.0149364579701,0.00974057228954,design_only_not_support,
20B_trendpv_residual_momentum_design_and_replication_diagnostic_v3,P0_TOTAL_MOMENTUM_12_1,project_return_history_primary,project_conservative_primary,VW,10,2,middle,1,full,,bucket_return,101,98,3,0.00245838040811,-0.00422451922837,0.0650653963319,0.0295005648974,0.225393144523,0.130884925359,0.479591836735,-0.0665530443055,-0.00422451922837,0.0691674461151,0.0913521254628,0.367036884413,3,0.426483646845,0.669755461627,-0.0088394433088,0.013756204125,design_only_not_support,
20B_trendpv_residual_momentum_design_and_replication_diagnostic_v3,P0_TOTAL_MOMENTUM_12_1,project_return_history_primary,project_conservative_primary,VW,10,3,middle,1,full,,bucket_return,101,98,3,0.0036175025796,-0.00188714729146,0.0564420265038,0.0434100309552,0.195520915173,0.222022441521,0.489795918367,-0.0565075401131,-0.00188714729146,0.071845783538,0.075422791407,0.336927625913,3,0.705590076403,0.480443097311,-0.00643107237506,0.0136660775343,design_only_not_support,
20B_trendpv_residual_momentum_design_and_replication_diagnostic_v3,P0_TOTAL_MOMENTUM_12_1,project_return_history_primary,project_conservative_primary,VW,10,4,middle,1,full,,bucket_return,101,98,3,0.00374330865994,-0.00561498207411,0.0549291405001,0.0449197039193,0.190280124325,0.23607144508,0.469387755102,-0.0497107486334,-0.00561498207411,0.0748672272389,0.0711637831932,0.23840629908,3,0.755344792061,0.450042129409,-0.0059698054485,0.0134564227684,design_only_not_support,
20B_trendpv_residual_momentum_design_and_replication_diagnostic_v3,P0_TOTAL_MOMENTUM_12_1,project_return_history_primary,project_conservative_primary,VW,10,5,middle,1,full,,bucket_return,101,98,3,0.00104198938913,-0.00579316459502,0.0482065254985,0.0125038726696,0.16699230284,0.0748769401759,0.448979591837,-0.0476117497396,-0.00579316459502,0.0514279006035,0.0631249987966,0.28916651902,3,0.252662772665,0.800528817735,-0.00704096503043,0.00912494380869,design_only_not_support,
20B_trendpv_residual_momentum_design_and_replication_diagnostic_v3,P0_TOTAL_MOMENTUM_12_1,project_return_history_primary,project_conservative_primary,VW,10,6,middle,1,full,,bucket_return,101,98,3,0.00866904464968,5.05517347635e-05,0.050221245673,0.104028535796,0.17397149825,0.597963096499,0.5,-0.0434570038166,5.05517347635e-05,0.0614266075937,0.0543686603234,0.146003091269,3,1.86018712211,0.0628590563846,-0.00046499089533,0.0178030801947,design_only_not_support,
20B_trendpv_residual_momentum_design_and_replication_diagnostic_v3,P0_TOTAL_MOMENTUM_12_1,project_return_history_primary,project_conservative_primary,VW,10,7,middle,1,full,,bucket_return,101,98,3,0.00805025940767,0.000589941809388,0.0520144324112,0.096603112892,0.180183279326,0.536138054837,0.5,-0.0441090579198,0.000589941809388,0.0663158779471,0.0691748134869,0.303332650357,3,1.55230569707,0.120589095409,-0.00211411642052,0.0182146352359,design_only_not_support,
20B_trendpv_residual_momentum_design_and_replication_diagnostic_v3,P0_TOTAL_MOMENTUM_12_1,project_return_history_primary,project_conservative_primary,VW,10,8,middle,1,full,,bucket_return,101,98,3,0.0104308220621,0.0112744697167,0.0538663752388,0.125169864745,0.186598597466,0.670797457455,0.551020408163,-0.0466790189053,0.0112744697167,0.0763515618059,0.0846661749336,0.326729149316,3,2.06829534431,0.038612259296,0.000546336450734,0.0203153076735,design_only_not_support,
20B_trendpv_residual_momentum_design_and_replication_diagnostic_v3,P0_TOTAL_MOMENTUM_12_1,project_return_history_primary,project_conservative_primary,VW,10,9,middle,1,full,,bucket_return,101,98,3,0.00942958031817,0.00448148533637,0.0611325977392,0.113154963818,0.211769530566,0.534330710917,0.520408163265,-0.0590176633162,0.00448148533637,0.0856377866908,0.0848286679339,0.295425671504,3,1.74505495153,0.0809753040682,-0.001161282621,0.0200204432573,design_only_not_support,
20B_trendpv_residual_momentum_design_and_replication_diagnostic_v3,P0_TOTAL_MOMENTUM_12_1,project_return_history_primary,project_conservative_primary,VW,10,10,favorable,1,full,,bucket_return,101,98,3,0.00426324508676,-0.00762373648102,0.0768556685,0.0511589410411,0.266235845383,0.192156473023,0.438775510204,-0.0850337918848,-0.00762373648102,0.0933840380345,0.11529701549,0.599582399677,3,0.589118777293,0.555781598006,-0.00992032391389,0.0184468140874,design_only_not_support,
20B_trendpv_residual_momentum_design_and_replication_diagnostic_v3,P0_TOTAL_MOMENTUM_12_1,project_return_history_primary,project_conservative_primary,VW,10,,,1,full,,favorable_minus_unfavorable,101,98,3,0.00686118792705,0.000562354650852,0.0862345746297,0.0823342551245,0.298725329256,0.275618593608,0.5,-0.100872249381,0.000562354650852,0.10095089354,0.142763082759,0.571051690832,3,0.876336122597,0.380847333063,-0.00848415831785,0.0222065341719,design_only_not_support,
20B_trendpv_residual_momentum_design_and_replication_diagnostic_v3,P0_TOTAL_MOMENTUM_12_1,project_return_history_primary,project_conservative_primary,VW,10,,,1,full,,favorable_minus_middle,101,98,3,-0.00059227193264,0.00163559357504,0.067043942857,-0.00710726319168,0.232247030736,-0.0306021703234,0.551020408163,-0.0735458895909,0.00163559357504,0.0885475973213,0.113213505138,0.671660934964,3,-0.0924820081112,0.926315085401,-0.0131442448054,0.0119597009401,design_only_not_support,
20B_trendpv_residual_momentum_design_and_replication_diagnostic_v3,P0_TOTAL_MOMENTUM_12_1,project_return_history_primary,project_conservative_primary,VW,10,1,unfavorable,1,early,,bucket_return,50,48,2,-0.00499730129293,-0.00990248743832,0.0622126157001,-0.0599676155151,0.215510822529,-0.278258023479,0.354166666667,-0.0629779913032,-0.00990248743832,0.0469231219704,0.0826187751178,0.322801944102,3,-0.667743743031,0.504297182435,-0.0196653991317,0.00967079654588,design_only_not_support,
20B_trendpv_residual_momentum_design_and_replication_diagnostic_v3,P0_TOTAL_MOMENTUM_12_1,project_return_history_primary,project_conservative_primary,VW,10,2,middle,1,early,,bucket_return,50,48,2,-0.000192573141084,-0.00204083769817,0.0564149634917,-0.00231087769301,0.19542716615,-0.0118247515867,0.479166666667,-0.0595703501439,-0.00204083769817,0.0603709950341,0.0872727936284,0.208968005609,3,-0.0280129403391,0.9776518303,-0.0136662184045,0.0132810721223,design_only_not_support,
20B_trendpv_residual_momentum_design_and_replication_diagnostic_v3,P0_TOTAL_MOMENTUM_12_1,project_return_history_primary,project_conservative_primary,VW,10,3,middle,1,early,,bucket_return,50,48,2,0.000847613099488,-0.00517125698248,0.0575176339381,0.0101713571939,0.199246928624,0.0510490036865,0.458333333333,-0.0578518640347,-0.00517125698248,0.0703260628001,0.0796835270273,0.225038036417,3,0.11334624391,0.909756056101,-0.0138091685504,0.0155043947494,design_only_not_support,
20B_trendpv_residual_momentum_design_and_replication_diagnostic_v3,P0_TOTAL_MOMENTUM_12_1,project_return_history_primary,project_conservative_primary,VW,10,4,middle,1,early,,bucket_return,50,48,2,0.0017451887883,-0.00850277530842,0.0506049038902,0.0209422654597,0.1753005293,0.119464929988,0.458333333333,-0.0520788116906,-0.00850277530842,0.0717196699414,0.0700619472025,0.219674397992,3,0.255995352113,0.797954426244,-0.0116164099402,0.0151067875168,design_only_not_support,
20B_trendpv_residual_momentum_design_and_replication_diagnostic_v3,P0_TOTAL_MOMENTUM_12_1,project_return_history_primary,project_conservative_primary,VW,10,5,middle,1,early,,bucket_return,50,48,2,-0.00255521127149,-0.00210582951991,0.0416508611685,-0.0306625352579,0.144282815446,-0.21251689027,0.5,-0.049435055673,-0.00210582951991,0.0489432035619,0.071701249836,0.238933350292,3,-0.494030672326,0.621284517825,-0.0126924807682,0.00758205822522,design_only_not_support,
20B_trendpv_residual_momentum_design_and_replication_diagnostic_v3,P0_TOTAL_MOMENTUM_12_1,project_return_history_primary,project_conservative_primary,VW,10,6,middle,1,early,,bucket_return,50,48,2,0.00817718751115,0.00391679105112,0.0550430154409,0.0981262501338,0.190674598691,0.514626755779,0.541666666667,-0.047310788376,0.00391679105112,0.0606817602358,0.057838689624,0.138291817295,3,1.06706386458,0.285942997911,-0.0068425255057,0.023196900528,design_only_not_support,
20B_trendpv_residual_momentum_design_and_replication_diagnostic_v3,P0_TOTAL_MOMENTUM_12_1,project_return_history_primary,project_conservative_primary,VW,10,7,middle,1,early,,bucket_return,50,48,2,0.00608475117283,-8.41630617158e-05,0.0592409075388,0.073017014074,0.205216523487,0.355804751163,0.5,-0.049954525261,-8.41630617158e-05,0.0701974409428,0.0873826791003,0.25169693165,3,0.66891506864,0.503549657319,-0.0117439593956,0.0239134617413,design_only_not_support,
20B_trendpv_residual_momentum_design_and_replication_diagnostic_v3,P0_TOTAL_MOMENTUM_12_1,project_return_history_primary,project_conservative_primary,VW,10,8,middle,1,early,,bucket_return,50,48,2,0.0100810387596,-0.005353871363,0.0561033966104,0.120972465116,0.194347866813,0.622453269488,0.479166666667,-0.0441067546689,-0.005353871363,0.0741380813393,0.0823228972144,0.216573166544,3,1.29180364822,0.196425151638,-0.00521422141621,0.0253762989355,design_only_not_support,
20B_trendpv_residual_momentum_design_and_replication_diagnostic_v3,P0_TOTAL_MOMENTUM_12_1,project_return_history_primary,project_conservative_primary,VW,10,9,middle,1,early,,bucket_return,50,48,2,0.00923303984386,0.00346901041777,0.0626519574674,0.110796478126,0.217032747054,0.510505809055,0.5,-0.0671802475297,0.00346901041777,0.0856377866908,0.0844494649198,0.228755083767,3,1.07884194,0.280658194906,-0.00754089606906,0.0260069757568,design_only_not_support,
20B_trendpv_residual_momentum_design_and_replication_diagnostic_v3,P0_TOTAL_MOMENTUM_12_1,project_return_history_primary,project_conservative_primary,VW,10,10,favorable,1,early,,bucket_return,50,48,2,0.00851860394493,-0.00545069827537,0.0791989822683,0.102223247339,0.274353322393,0.372597081922,0.458333333333,-0.0859524232213,-0.00545069827537,0.1023752192,0.124197154749,0.351669192085,3,0.798867285155,0.42436737031,-0.0123811840935,0.0294183919834,design_only_not_support,
20B_trendpv_residual_momentum_design_and_replication_diagnostic_v3,P0_TOTAL_MOMENTUM_12_1,project_return_history_primary,project_conservative_primary,VW,10,,,1,early,,favorable_minus_unfavorable,50,48,2,0.0135159052379,0.0245980651478,0.0831313454151,0.162190862854,0.287975427921,0.563210771228,0.5625,-0.100872249381,0.0245980651478,0.10095089354,0.134989476847,0.360066077252,3,1.31284233239,0.189236082159,-0.00666221275176,0.0336940232275,design_only_not_support,
20B_trendpv_residual_momentum_design_and_replication_diagnostic_v3,P0_TOTAL_MOMENTUM_12_1,project_return_history_primary,project_conservative_primary,VW,10,,,1,early,,favorable_minus_middle,50,48,2,0.0057076158251,0.0040018242722,0.0701634366755,0.0684913899012,0.243053274311,0.28179579187,0.5625,-0.062900218516,0.0040018242722,0.0952915053496,0.112069023912,0.366982234569,3,0.641368773245,0.521283116261,-0.0117343332087,0.0231495648589,design_only_not_support,
20B_trendpv_residual_momentum_design_and_replication_diagnostic_v3,P0_TOTAL_MOMENTUM_12_1,project_return_history_primary,project_conservative_primary,VW,10,1,unfavorable,1,late,,bucket_return,51,50,1,-0.000294558725746,-0.00445096430974,0.0821654738386,-0.00353470470895,0.284629550633,-0.0124186146558,0.46,-0.0779656652702,-0.00445096430974,0.0939719036299,0.12140062733,0.467690706246,3,-0.0299161299975,0.976133941729,-0.0195926595778,0.0190035421263,design_only_not_support,
20B_trendpv_residual_momentum_design_and_replication_diagnostic_v3,P0_TOTAL_MOMENTUM_12_1,project_return_history_primary,project_conservative_primary,VW,10,2,middle,1,late,,bucket_return,51,50,1,0.00500329581534,-0.00686930083131,0.0728997703398,0.0600395497841,0.252532212177,0.2377500647,0.48,-0.0675875584526,-0.00686930083131,0.0881025845161,0.0954314572971,0.277128424574,3,0.559724553506,0.57566733192,-0.012516535217,0.0225231268477,design_only_not_support,
20B_trendpv_residual_momentum_design_and_replication_diagnostic_v3,P0_TOTAL_MOMENTUM_12_1,project_return_history_primary,project_conservative_primary,VW,10,3,middle,1,late,,bucket_return,51,50,1,0.00627659648051,0.00358676347384,0.0558427536522,0.0753191577662,0.19344497312,0.389357017405,0.52,-0.0502138410905,0.00358676347384,0.0719461742984,0.0708910936867,0.278454051593,3,0.91613228561,0.359597515967,-0.00715148944172,0.0197046824027,design_only_not_support,
20B_trendpv_residual_momentum_design_and_replication_diagnostic_v3,P0_TOTAL_MOMENTUM_12_1,project_return_history_primary,project_conservative_primary,VW,10,4,middle,1,late,,bucket_return,51,50,1,0.00566150373672,-0.00276117930812,0.059235530806,0.0679380448406,0.205197897939,0.331085481494,0.48,-0.0489508194583,-0.00276117930812,0.0749483613667,0.072265619184,0.208688394145,3,0.803435100055,0.4217232943,-0.00814962229145,0.0194726297649,design_only_not_support,
20B_trendpv_residual_momentum_design_and_replication_diagnostic_v3,P0_TOTAL_MOMENTUM_12_1,project_return_history_primary,project_conservative_primary,VW,10,5,middle,1,late,,bucket_return,51,50,1,0.00449530202333,-0.00655976219324,0.0539581455965,0.0539436242799,0.186916499311,0.288597445805,0.4,-0.0474983923441,-0.00655976219324,0.0771697979659,0.0545487477571,0.177653250267,3,0.723573414262,0.469327667987,-0.00768125102808,0.0166718550747,design_only_not_support,
20B_trendpv_residual_momentum_design_and_replication_diagnostic_v3,P0_TOTAL_MOMENTUM_12_1,project_return_history_primary,project_conservative_primary,VW,10,6,middle,1,late,,bucket_return,51,50,1,0.00914122750266,-0.00263970550869,0.0456764562653,0.109694730032,0.158227885922,0.693270528089,0.46,-0.0351804801066,-0.00263970550869,0.0612893456154,0.0473592408408,0.138060552661,3,1.67748166481,0.0934483318975,-0.00153935223514,0.0198218072405,design_only_not_support,
20B_trendpv_residual_momentum_design_and_replication_diagnostic_v3,P0_TOTAL_MOMENTUM_12_1,project_return_history_primary,project_conservative_primary,VW,10,7,middle,1,late,,bucket_return,51,50,1,0.00993714731311,0.000604230078191,0.0445211166273,0.119245767757,0.154225672016,0.773190132345,0.5,-0.0318497293588,0.000604230078191,0.0638168987291,0.047762575081,0.105357139957,3,2.0099132066,0.0444403757397,0.000246952344084,0.0196273422821,design_only_not_support,
20B_trendpv_residual_momentum_design_and_replication_diagnostic_v3,P0_TOTAL_MOMENTUM_12_1,project_return_history_primary,project_conservative_primary,VW,10,8,middle,1,late,,bucket_return,51,50,1,0.0107666140325,0.0129160084135,0.052197737505,0.129199368389,0.180818266798,0.714526085653,0.62,-0.0512723489394,0.0129160084135,0.0792394510341,0.0858586466441,0.197684071671,3,1.69040498412,0.0909505021857,-0.00171688899625,0.0232501170612,design_only_not_support,
20B_trendpv_residual_momentum_design_and_replication_diagnostic_v3,P0_TOTAL_MOMENTUM_12_1,project_return_history_primary,project_conservative_primary,VW,10,9,middle,1,late,,bucket_return,51,50,1,0.0096182591735,0.00448148533637,0.0602743130007,0.115419110082,0.208796345017,0.552783192027,0.54,-0.0533219444541,0.00448148533637,0.0828805085105,0.0828797317774,0.155867860526,3,1.49809503263,0.134108561507,-0.00296534945171,0.0222018677987,design_only_not_support,
20B_trendpv_residual_momentum_design_and_replication_diagnostic_v3,P0_TOTAL_MOMENTUM_12_1,project_return_history_primary,project_conservative_primary,VW,10,10,favorable,1,late,,bucket_return,51,50,1,0.000178100582925,-0.00992261660815,0.0751120096111,0.0021372069951,0.26019563381,0.0082138464962,0.42,-0.0829745236182,-0.00992261660815,0.0880639185329,0.106396876231,0.4595143642,3,0.0183421501165,0.985365902184,-0.0188529686178,0.0192091697837,design_only_not_support,
20B_trendpv_residual_momentum_design_and_replication_diagnostic_v3,P0_TOTAL_MOMENTUM_12_1,project_return_history_primary,project_conservative_primary,VW,10,,,1,late,,favorable_minus_unfavorable,51,50,1,0.000472659308671,-0.00899195951512,0.0894833304876,0.00567191170405,0.30997934967,0.0182977082508,0.44,-0.0856578733523,-0.00899195951512,0.0981107277147,0.150536688671,0.436456395715,3,0.040977083886,0.967314164924,-0.022134982185,0.0230803008024,design_only_not_support,
20B_trendpv_residual_momentum_design_and_replication_diagnostic_v3,P0_TOTAL_MOMENTUM_12_1,project_return_history_primary,project_conservative_primary,VW,10,,,1,late,,favorable_minus_middle,51,50,1,-0.00664016418007,0.0010101398308,0.0640302520407,-0.0796819701608,0.221807299512,-0.35923962077,0.54,-0.07626106023,0.0010101398308,0.0562640397075,0.111860528506,0.534276857371,3,-0.751395953148,0.452414397497,-0.0239605697397,0.0106802413795,design_only_not_support,
20B_trendpv_residual_momentum_design_and_replication_diagnostic_v3,P1_TRENDPV_RAW_ADAPTATION,paper_fill_sensitivity,paper_qfq_complete_case_sensitivity,EW,5,1,unfavorable,1,full,,bucket_return,55,54,1,0.0101197286947,0.000564617040085,0.0740162802638,0.121436744337,0.256399916008,0.473622402953,0.518518518519,-0.0603449307494,0.000564617040085,0.0951188965495,0.102154495591,0.238387779968,3,1.21664566533,0.223739060269,-0.00618272019415,0.0264221775836,design_only_not_support,
20B_trendpv_residual_momentum_design_and_replication_diagnostic_v3,P1_TRENDPV_RAW_ADAPTATION,paper_fill_sensitivity,paper_qfq_complete_case_sensitivity,EW,5,2,middle,1,full,,bucket_return,55,54,1,0.00652028454367,-0.0035266773575,0.0641046436242,0.078243414524,0.222064999516,0.352344649965,0.462962962963,-0.0632274211498,-0.0035266773575,0.0851363296966,0.0812368183779,0.264498813579,3,0.9358711083,0.349339554284,-0.00713493224976,0.0201755013371,design_only_not_support,
20B_trendpv_residual_momentum_design_and_replication_diagnostic_v3,P1_TRENDPV_RAW_ADAPTATION,paper_fill_sensitivity,paper_qfq_complete_case_sensitivity,EW,5,3,middle,1,full,,bucket_return,55,54,1,0.00285099464825,0.00155013487363,0.0551796370008,0.034211935779,0.191147869657,0.178981517504,0.518518518519,-0.0615567143449,0.00155013487363,0.0654883328211,0.083421227178,0.292859146069,3,0.44301520422,0.657754737362,-0.00976222218373,0.0154642114802,design_only_not_support,
20B_trendpv_residual_momentum_design_and_replication_diagnostic_v3,P1_TRENDPV_RAW_ADAPTATION,paper_fill_sensitivity,paper_qfq_complete_case_sensitivity,EW,5,4,middle,1,full,,bucket_return,55,54,1,0.00331499011302,-0.00310921746737,0.0565239254717,0.0397798813562,0.19580462152,0.203161095215,0.444444444444,-0.0641069127243,-0.00310921746737,0.0655006668898,0.0863164164022,0.360458646496,3,0.510263883463,0.609866601769,-0.0094181494275,0.0160481296535,design_only_not_support,
20B_trendpv_residual_momentum_design_and_replication_diagnostic_v3,P1_TRENDPV_RAW_ADAPTATION,paper_fill_sensitivity,paper_qfq_complete_case_sensitivity,EW,5,5,favorable,1,full,,bucket_return,55,54,1,-0.00181706664652,-0.00595862790339,0.0591818965263,-0.0218047997582,0.205012103344,-0.106358597383,0.425925925926,-0.0678046576205,-0.00595862790339,0.0676727557535,0.0907092308669,0.504636587386,3,-0.241117592373,0.809463978222,-0.0165873915724,0.0129532582793,design_only_not_support,
20B_trendpv_residual_momentum_design_and_replication_diagnostic_v3,P1_TRENDPV_RAW_ADAPTATION,paper_fill_sensitivity,paper_qfq_complete_case_sensitivity,EW,5,,,1,full,,favorable_minus_unfavorable,55,54,1,-0.0119367953413,-0.00575051639533,0.0462934868578,-0.143241544095,0.160365342594,-0.893220079711,0.462962962963,-0.0771325601695,-0.00575051639533,0.0448448713304,0.101623627272,0.550588778183,3,-2.14982278979,0.0315692347948,-0.0228194081179,-0.00105418256463,design_only_not_support,
20B_trendpv_residual_momentum_design_and_replication_diagnostic_v3,P1_TRENDPV_RAW_ADAPTATION,paper_fill_sensitivity,paper_qfq_complete_case_sensitivity,EW,5,,,1,full,,favorable_minus_middle,55,54,1,-0.00466806129477,-0.00279074040915,0.0252677882215,-0.0560167355372,0.0875301859891,-0.639970484516,0.425925925926,-0.0354657111402,-0.00279074040915,0.0200649297021,0.0448001842715,0.335098702992,3,-1.41570180323,0.156862830208,-0.011130744322,0.00179462173247,design_only_not_support,
20B_trendpv_residual_momentum_design_and_replication_diagnostic_v3,P1_TRENDPV_RAW_ADAPTATION,paper_fill_sensitivity,paper_qfq_complete_case_sensitivity,EW,5,1,unfavorable,1,early,,bucket_return,27,27,0,-0.00567346473286,-0.0124182890421,0.0627641175237,-0.0680815767944,0.217421280887,-0.313132074821,0.444444444444,-0.096336920374,-0.0124182890421,0.0738614625576,0.115860130191,0.238387779968,2,-0.567400819854,0.570441893004,-0.0252712272931,0.0139242978274,design_only_not_support,
20B_trendpv_residual_momentum_design_and_replication_diagnostic_v3,P1_TRENDPV_RAW_ADAPTATION,paper_fill_sensitivity,paper_qfq_complete_case_sensitivity,EW,5,2,middle,1,early,,bucket_return,27,27,0,-0.00858203941068,-0.0107905207424,0.0500019053631,-0.102984472928,0.173211681128,-0.594558474679,0.333333333333,-0.066437811171,-0.0107905207424,0.0577454911258,0.0853231989162,0.264498813579,2,-1.06473775734,0.286994618683,-0.0243798150064,0.00721573618508,design_only_not_support,
20B_trendpv_residual_momentum_design_and_replication_diagnostic_v3,P1_TRENDPV_RAW_ADAPTATION,paper_fill_sensitivity,paper_qfq_complete_case_sensitivity,EW,5,3,middle,1,early,,bucket_return,27,27,0,-0.0104638878463,-0.00656150793994,0.0483039357054,-0.125566654156,0.167329741695,-0.750414438487,0.444444444444,-0.0714091961334,-0.00656150793994,0.0462682724904,0.0921466517439,0.292859146069,2,-1.19306378264,0.232844394255,-0.0276539522967,0.00672617660406,design_only_not_support,
20B_trendpv_residual_momentum_design_and_replication_diagnostic_v3,P1_TRENDPV_RAW_ADAPTATION,paper_fill_sensitivity,paper_qfq_complete_case_sensitivity,EW,5,4,middle,1,early,,bucket_return,27,27,0,-0.0128527732479,-0.00789151727718,0.0535503913629,-0.154233278975,0.185503997211,-0.831428331967,0.333333333333,-0.0838941126446,-0.00789151727718,0.0550546513432,0.0998658577605,0.360458646496,2,-1.53246216624,0.125408426909,-0.029291007889,0.00358546139323,design_only_not_support,
20B_trendpv_residual_momentum_design_and_replication_diagnostic_v3,P1_TRENDPV_RAW_ADAPTATION,paper_fill_sensitivity,paper_qfq_complete_case_sensitivity,EW,5,5,favorable,1,early,,bucket_return,27,27,0,-0.0228183809303,-0.0290801520689,0.0549067482937,-0.273820571163,0.190202555446,-1.43962614235,0.259259259259,-0.0867266768147,-0.0290801520689,0.0619556165289,0.101620273285,0.504636587386,2,-2.614590468,0.00893344986093,-0.0399236237422,-0.00571313811833,design_only_not_support,
20B_trendpv_residual_momentum_design_and_replication_diagnostic_v3,P1_TRENDPV_RAW_ADAPTATION,paper_fill_sensitivity,paper_qfq_complete_case_sensitivity,EW,5,,,1,early,,favorable_minus_unfavorable,27,27,0,-0.0171449161974,-0.00937068480158,0.0427117559407,-0.205738994369,0.14795786274,-1.39052423818,0.407407407407,-0.0699467906911,-0.00937068480158,0.0309705985091,0.100445895921,0.437496148118,2,-2.66850204411,0.00761903149017,-0.0297375309713,-0.00455230142347,design_only_not_support,
20B_trendpv_residual_momentum_design_and_replication_diagnostic_v3,P1_TRENDPV_RAW_ADAPTATION,paper_fill_sensitivity,paper_qfq_complete_case_sensitivity,EW,5,,,1,early,,favorable_minus_middle,27,27,0,-0.0123544930839,-0.0158908074442,0.0270965877194,-0.148253917007,0.0938653332836,-1.57943206316,0.333333333333,-0.0455941542004,-0.0158908074442,0.0135297121234,0.0497395753781,0.322207890756,2,-2.76863896795,0.00562909737625,-0.0211004371279,-0.00360854903993,design_only_not_support,
20B_trendpv_residual_momentum_design_and_replication_diagnostic_v3,P1_TRENDPV_RAW_ADAPTATION,paper_fill_sensitivity,paper_qfq_complete_case_sensitivity,EW,5,1,unfavorable,1,late,,bucket_return,28,27,1,0.0259129221223,0.0141850301199,0.0819155458639,0.310955065468,0.283763774732,1.09582368561,0.592592592593,-0.0530168905948,0.0141850301199,0.131263751276,0.0769789134527,0.146322788243,2,1.79732319475,0.0722843260146,-0.00234487494078,0.0541707191854,design_only_not_support,
20B_trendpv_residual_momentum_design_and_replication_diagnostic_v3,P1_TRENDPV_RAW_ADAPTATION,paper_fill_sensitivity,paper_qfq_complete_case_sensitivity,EW,5,2,middle,1,late,,bucket_return,28,27,1,0.021622608498,0.0104580334562,0.0735048921649,0.259471301976,0.254628415669,1.01901942599,0.592592592593,-0.0591399262154,0.0104580334562,0.10967527329,0.0768581171272,0.119567965352,2,1.84111689692,0.0656044300439,-0.00139577451658,0.0446409915126,design_only_not_support,
20B_trendpv_residual_momentum_design_and_replication_diagnostic_v3,P1_TRENDPV_RAW_ADAPTATION,paper_fill_sensitivity,paper_qfq_complete_case_sensitivity,EW,5,3,middle,1,late,,bucket_return,28,27,1,0.0161658771428,0.00374499487844,0.0592048333201,0.193990525714,0.205091558728,0.945872794166,0.592592592593,-0.0371762085872,0.00374499487844,0.0853195970531,0.060197085548,0.107080026607,2,1.67098974684,0.0947237030388,-0.00279566169263,0.0351274159783,design_only_not_support,
20B_trendpv_residual_momentum_design_and_replication_diagnostic_v3,P1_TRENDPV_RAW_ADAPTATION,paper_fill_sensitivity,paper_qfq_complete_case_sensitivity,EW,5,4,middle,1,late,,bucket_return,28,27,1,0.0194827534739,0.00841378146687,0.0556978111373,0.233793041687,0.19294287752,1.21172154522,0.555555555556,-0.0356241691491,0.00841378146687,0.0828020285163,0.0548222368841,0.100372562286,2,2.11990427168,0.0340141190955,0.00146991410251,0.0374955928453,design_only_not_support,
20B_trendpv_residual_momentum_design_and_replication_diagnostic_v3,P1_TRENDPV_RAW_ADAPTATION,paper_fill_sensitivity,paper_qfq_complete_case_sensitivity,EW,5,5,favorable,1,late,,bucket_return,28,27,1,0.0191842476372,0.00386385940199,0.0566472985811,0.230210971647,0.196231998508,1.17315714765,0.592592592593,-0.0426366247524,0.00386385940199,0.0779423524642,0.0505917978193,0.0886437212991,2,2.06857130056,0.0385863333873,0.00100724091318,0.0373612543613,design_only_not_support,
20B_trendpv_residual_momentum_design_and_replication_diagnostic_v3,P1_TRENDPV_RAW_ADAPTATION,paper_fill_sensitivity,paper_qfq_complete_case_sensitivity,EW,5,,,1,late,,favorable_minus_unfavorable,28,27,1,-0.00672867448511,0.00110200148492,0.0498795612261,-0.0807440938214,0.172787868606,-0.467301868313,0.518518518519,-0.0848327816759,0.00110200148492,0.0570010024245,0.100119152628,0.235124311672,2,-0.7177219039,0.472928774802,-0.0251034232323,0.0116460742621,design_only_not_support,
20B_trendpv_residual_momentum_design_and_replication_diagnostic_v3,P1_TRENDPV_RAW_ADAPTATION,paper_fill_sensitivity,paper_qfq_complete_case_sensitivity,EW,5,,,1,late,,favorable_minus_middle,28,27,1,0.00301837049439,0.000478604267182,0.0210842641936,0.0362204459327,0.073038033647,0.49591211762,0.518518518519,-0.0249223360318,0.000478604267182,0.0239051018159,0.0319526029191,0.0698426500563,2,0.926392441414,0.354242070766,-0.00336758128645,0.00940432227523,design_only_not_support,
20B_trendpv_residual_momentum_design_and_replication_diagnostic_v3,P1_TRENDPV_RAW_ADAPTATION,paper_fill_sensitivity,paper_qfq_complete_case_sensitivity,EW,10,1,unfavorable,1,full,,bucket_return,55,54,1,0.0121067296298,0.0039429525794,0.0814709097108,0.145280755558,0.282223509916,0.514771981969,0.537037037037,-0.0717609932161,0.0039429525794,0.108669394657,0.113025024947,0.25843335928,3,1.31578249826,0.188247055165,-0.00592721904813,0.0301406783077,design_only_not_support,
20B_trendpv_residual_momentum_design_and_replication_diagnostic_v3,P1_TRENDPV_RAW_ADAPTATION,paper_fill_sensitivity,paper_qfq_complete_case_sensitivity,EW,10,2,middle,1,full,,bucket_return,55,54,1,0.00807990835577,-0.000913356289669,0.0684391462154,0.0969589002692,0.237080156943,0.408970963742,0.5,-0.06032431635,-0.000913356289669,0.0848676503362,0.0934196632053,0.249393772649,3,1.05587909463,0.291023456264,-0.00691833287875,0.0230781495903,design_only_not_support,
20B_trendpv_residual_momentum_design_and_replication_diagnostic_v3,P1_TRENDPV_RAW_ADAPTATION,paper_fill_sensitivity,paper_qfq_complete_case_sensitivity,EW,10,3,middle,1,full,,bucket_return,55,54,1,0.00763023002537,-0.00289451726247,0.0684064744748,0.0915627603044,0.236966978714,0.386394597261,0.444444444444,-0.0639374682643,-0.00289451726247,0.0942585514839,0.0858999763856,0.258685358968,3,0.988742750746,0.32278902063,-0.00749501466765,0.0227554747184,design_only_not_support,
20B_trendpv_residual_momentum_design_and_replication_diagnostic_v3,P1_TRENDPV_RAW_ADAPTATION,paper_fill_sensitivity,paper_qfq_complete_case_sensitivity,EW,10,4,middle,1,full,,bucket_return,55,54,1,0.00538699541348,-0.00315067788,0.0619230288981,0.0646439449617,0.21450766442,0.301359604733,0.444444444444,-0.0557441938936,-0.00315067788,0.0808376523873,0.0845911855032,0.276203639575,3,0.83241013574,0.405177482861,-0.00729703682252,0.0180710276495,design_only_not_support,
20B_trendpv_residual_momentum_design_and_replication_diagnostic_v3,P1_TRENDPV_RAW_ADAPTATION,paper_fill_sensitivity,paper_qfq_complete_case_sensitivity,EW,10,5,middle,1,full,,bucket_return,55,54,1,0.005062755679,0.00277534119452,0.0541604311818,0.060753068148,0.187617237134,0.323813894054,0.537037037037,-0.0627927523545,0.00277534119452,0.0698773550732,0.0795307137448,0.263520385472,3,0.863911452882,0.387636534808,-0.00642316543046,0.0165486767885,design_only_not_support,
20B_trendpv_residual_momentum_design_and_replication_diagnostic_v3,P1_TRENDPV_RAW_ADAPTATION,paper_fill_sensitivity,paper_qfq_complete_case_sensitivity,EW,10,6,middle,1,full,,bucket_return,55,54,1,0.0006457051835,-0.00455392731654,0.0579935276402,0.007748462202,0.200895472766,0.0385696207849,0.462962962963,-0.0578886658186,-0.00455392731654,0.064242323967,0.0878142989116,0.357681909987,3,0.0877954965224,0.930039217199,-0.0137691447168,0.0150605550838,design_only_not_support,
20B_trendpv_residual_momentum_design_and_replication_diagnostic_v3,P1_TRENDPV_RAW_ADAPTATION,paper_fill_sensitivity,paper_qfq_complete_case_sensitivity,EW,10,7,middle,1,full,,bucket_return,55,54,1,0.00418026243916,0.00157503739855,0.057550078078,0.0501631492699,0.199359318421,0.251621793589,0.518518518519,-0.0717605021911,0.00157503739855,0.0608786443182,0.0883409649855,0.348605076321,3,0.634410128906,0.525813201026,-0.00873435454655,0.0170948794249,design_only_not_support,
20B_trendpv_residual_momentum_design_and_replication_diagnostic_v3,P1_TRENDPV_RAW_ADAPTATION,paper_fill_sensitivity,paper_qfq_complete_case_sensitivity,EW,10,8,middle,1,full,,bucket_return,55,54,1,0.00245259973639,-0.00276484734952,0.0567952076093,0.0294311968367,0.196744370412,0.149591049417,0.481481481481,-0.06405140643,-0.00276484734952,0.0725688268661,0.0861249491587,0.372983943083,3,0.375546273044,0.707254239456,-0.0103474398243,0.0152526392971,design_only_not_support,
20B_trendpv_residual_momentum_design_and_replication_diagnostic_v3,P1_TRENDPV_RAW_ADAPTATION,paper_fill_sensitivity,paper_qfq_complete_case_sensitivity,EW,10,9,middle,1,full,,bucket_return,55,54,1,-7.53261209338e-05,-0.00250934545069,0.0587862679844,-0.000903913451205,0.203641605873,-0.00443874643068,0.462962962963,-0.0635923816701,-0.00250934545069,0.0627301346314,0.0956026119731,0.474097169239,3,-0.010229003183,0.991838578613,-0.0145084513711,0.0143577991292,design_only_not_support,
20B_trendpv_residual_momentum_design_and_replication_diagnostic_v3,P1_TRENDPV_RAW_ADAPTATION,paper_fill_sensitivity,paper_qfq_complete_case_sensitivity,EW,10,10,favorable,1,full,,bucket_return,55,54,1,-0.00358222941754,-0.0115296962081,0.0620358777552,-0.0429867530104,0.214898584328,-0.200032741699,0.425925925926,-0.0789990937686,-0.0115296962081,0.0741055132516,0.0871905622126,0.536211722212,3,-0.441064394558,0.659166379164,-0.0195006321029,0.0123361732678,design_only_not_support,
20B_trendpv_residual_momentum_design_and_replication_diagnostic_v3,P1_TRENDPV_RAW_ADAPTATION,paper_fill_sensitivity,paper_qfq_complete_case_sensitivity,EW,10,,,1,full,,favorable_minus_unfavorable,55,54,1,-0.0156889590473,-0.0143497886553,0.0583347514705,-0.188267508568,0.202077506788,-0.931659894071,0.444444444444,-0.0973736593805,-0.0143497886553,0.0538469759411,0.130956287333,0.643007119799,3,-2.1695884676,0.0300380358035,-0.0298620592214,-0.00151585887333,design_only_not_support,
20B_trendpv_residual_momentum_design_and_replication_diagnostic_v3,P1_TRENDPV_RAW_ADAPTATION,paper_fill_sensitivity,paper_qfq_complete_case_sensitivity,EW,10,,,1,full,,favorable_minus_middle,55,54,1,-0.00643645984878,-0.010443060511,0.0304811363867,-0.0772375181854,0.105589753788,-0.731486866994,0.407407407407,-0.0397651024224,-0.010443060511,0.028142718663,0.0584722271572,0.415483063033,3,-1.52294962837,0.12777130812,-0.0147198785887,0.00184695889109,design_only_not_support,
20B_trendpv_residual_momentum_design_and_replication_diagnostic_v3,P1_TRENDPV_RAW_ADAPTATION,paper_fill_sensitivity,paper_qfq_complete_case_sensitivity,EW,10,1,unfavorable,1,early,,bucket_return,27,27,0,-0.00436251281274,0.00170195362426,0.0683698308192,-0.0523501537529,0.236840041368,-0.221035908669,0.518518518519,-0.11153182217,0.00170195362426,0.0864229005449,0.124445787591,0.25843335928,2,-0.388101536086,0.697940895244,-0.0263937783452,0.0176687527197,design_only_not_support,
20B_trendpv_residual_momentum_design_and_replication_diagnostic_v3,P1_TRENDPV_RAW_ADAPTATION,paper_fill_sensitivity,paper_qfq_complete_case_sensitivity,EW,10,2,middle,1,early,,bucket_return,27,27,0,-0.00702189903793,-0.00516176805717,0.0596134503608,-0.0842627884552,0.206507049679,-0.408038314364,0.407407407407,-0.0731664356347,-0.00516176805717,0.0608793871167,0.107274472791,0.249393772649,2,-0.765211194074,0.444145794997,-0.0250073510596,0.0109635529837,design_only_not_support,
20B_trendpv_residual_momentum_design_and_replication_diagnostic_v3,P1_TRENDPV_RAW_ADAPTATION,paper_fill_sensitivity,paper_qfq_complete_case_sensitivity,EW,10,3,middle,1,early,,bucket_return,27,27,0,-0.00859950791186,-0.0181869890568,0.054002452019,-0.103194094942,0.187069981261,-0.551633641309,0.296296296296,-0.0644192469265,-0.0181869890568,0.0680587003193,0.0958686545962,0.25566001514,2,-0.984663785857,0.324789246705,-0.0257167473535,0.00851773152976,design_only_not_support,
20B_trendpv_residual_momentum_design_and_replication_diagnostic_v3,P1_TRENDPV_RAW_ADAPTATION,paper_fill_sensitivity,paper_qfq_complete_case_sensitivity,EW,10,4,middle,1,early,,bucket_return,27,27,0,-0.00855774037681,-0.00987811059741,0.0490656258691,-0.102692884522,0.169968313821,-0.604188405552,0.37037037037,-0.0598104661668,-0.00987811059741,0.0511343082042,0.0913314529757,0.276203639575,2,-1.07393135918,0.28285344708,-0.0241759293646,0.00706044861098,design_only_not_support,
20B_trendpv_residual_momentum_design_and_replication_diagnostic_v3,P1_TRENDPV_RAW_ADAPTATION,paper_fill_sensitivity,paper_qfq_complete_case_sensitivity,EW,10,5,middle,1,early,,bucket_return,27,27,0,-0.00834282619292,-0.0129605614011,0.0470714571727,-0.100113914315,0.163060310819,-0.613968621869,0.444444444444,-0.0693174617554,-0.0129605614011,0.0460927568628,0.0869402220615,0.263520385472,2,-0.999227900114,0.317684303249,-0.0247070999142,0.00802144752835,design_only_not_support,
20B_trendpv_residual_momentum_design_and_replication_diagnostic_v3,P1_TRENDPV_RAW_ADAPTATION,paper_fill_sensitivity,paper_qfq_complete_case_sensitivity,EW,10,6,middle,1,early,,bucket_return,27,27,0,-0.0126105114204,-0.00636877532173,0.0516941144167,-0.151326137045,0.179073665244,-0.845049643892,0.37037037037,-0.074866878688,-0.00636877532173,0.0548071998213,0.101271126737,0.338616366188,2,-1.32026112943,0.186747848662,-0.0313311627064,0.00611013986562,design_only_not_support,
20B_trendpv_residual_momentum_design_and_replication_diagnostic_v3,P1_TRENDPV_RAW_ADAPTATION,paper_fill_sensitivity,paper_qfq_complete_case_sensitivity,EW,10,7,middle,1,early,,bucket_return,27,27,0,-0.0118302641547,-0.00906983124304,0.0544441707676,-0.141963169857,0.188600139891,-0.752720384718,0.407407407407,-0.0816906418147,-0.00906983124304,0.058752301419,0.102903881528,0.348605076321,2,-1.43030097531,0.152630655009,-0.0280414617076,0.00438093339821,design_only_not_support,
20B_trendpv_residual_momentum_design_and_replication_diagnostic_v3,P1_TRENDPV_RAW_ADAPTATION,paper_fill_sensitivity,paper_qfq_complete_case_sensitivity,EW,10,8,middle,1,early,,bucket_return,27,27,0,-0.0138609622534,-0.0144972834344,0.0539658229431,-0.16633154704,0.186943094419,-0.889744269811,0.37037037037,-0.0817168484993,-0.0144972834344,0.0536545939062,0.101566047904,0.372983943083,2,-1.59773104848,0.110102845723,-0.030864441552,0.0031425170453,design_only_not_support,
20B_trendpv_residual_momentum_design_and_replication_diagnostic_v3,P1_TRENDPV_RAW_ADAPTATION,paper_fill_sensitivity,paper_qfq_complete_case_sensitivity,EW,10,9,middle,1,early,,bucket_return,27,27,0,-0.0197917226698,-0.0237780363125,0.0568061159539,-0.237500672038,0.196782158026,-1.20692177798,0.333333333333,-0.0943037519184,-0.0237780363125,0.0619340772603,0.112638346546,0.474097169239,2,-2.09579987905,0.0360999471014,-0.0383006767034,-0.00128276863627,design_only_not_support,
20B_trendpv_residual_momentum_design_and_replication_diagnostic_v3,P1_TRENDPV_RAW_ADAPTATION,paper_fill_sensitivity,paper_qfq_complete_case_sensitivity,EW,10,10,favorable,1,early,,bucket_return,27,27,0,-0.0258934422219,-0.025604421922,0.0561657972516,-0.310721306663,0.194564028975,-1.59701311851,0.296296296296,-0.0831390124702,-0.025604421922,0.065014443977,0.0935101117216,0.536211722212,2,-2.91521571937,0.00355442764207,-0.0433021759405,-0.00848470850335,design_only_not_support,
20B_trendpv_residual_momentum_design_and_replication_diagnostic_v3,P1_TRENDPV_RAW_ADAPTATION,paper_fill_sensitivity,paper_qfq_complete_case_sensitivity,EW,10,,,1,early,,favorable_minus_unfavorable,27,27,0,-0.0215309294092,-0.0211496099721,0.0548044008524,-0.25837115291,0.189848013509,-1.36093682591,0.37037037037,-0.083996894381,-0.0211496099721,0.040681772993,0.130762197145,0.517839460447,2,-2.53857059231,0.0111306345177,-0.0381543970895,-0.00490746172881,design_only_not_support,
20B_trendpv_residual_momentum_design_and_replication_diagnostic_v3,P1_TRENDPV_RAW_ADAPTATION,paper_fill_sensitivity,paper_qfq_complete_case_sensitivity,EW,10,,,1,early,,favorable_minus_middle,27,27,0,-0.0154167734153,-0.0161260632401,0.0336947849954,-0.185001280983,0.116722159124,-1.58497137451,0.296296296296,-0.0538653764094,-0.0161260632401,0.0195523297043,0.0685481399436,0.381973841825,2,-2.78654693728,0.00532729024545,-0.0262604165807,-0.00457313024977,design_only_not_support,
20B_trendpv_residual_momentum_design_and_replication_diagnostic_v3,P1_TRENDPV_RAW_ADAPTATION,paper_fill_sensitivity,paper_qfq_complete_case_sensitivity,EW,10,1,unfavorable,1,late,,bucket_return,28,27,1,0.0285759720723,0.010666680724,0.0910633686383,0.342911664868,0.31545276238,1.08704600423,0.555555555556,-0.05976238738,0.010666680724,0.142629888873,0.0851637239957,0.174920296859,2,1.7145982051,0.0864189180597,-0.00408933453918,0.0612412786839,design_only_not_support,
20B_trendpv_residual_momentum_design_and_replication_diagnostic_v3,P1_TRENDPV_RAW_ADAPTATION,paper_fill_sensitivity,paper_qfq_complete_case_sensitivity,EW,10,2,middle,1,late,,bucket_return,28,27,1,0.0231817157495,0.0138457415658,0.0743003906199,0.278180588994,0.257384103152,1.08079941841,0.592592592593,-0.0421387824952,0.0138457415658,0.11452214921,0.0731878208267,0.116636486328,2,1.87873025275,0.0602813347982,-0.00100234574758,0.0473657772465,design_only_not_support,
20B_trendpv_residual_momentum_design_and_replication_diagnostic_v3,P1_TRENDPV_RAW_ADAPTATION,paper_fill_sensitivity,paper_qfq_complete_case_sensitivity,EW,10,3,middle,1,late,,bucket_return,28,27,1,0.0238599679626,0.011366690701,0.0779457163372,0.286319615551,0.270011881857,1.06039635583,0.592592592593,-0.0635625652311,0.011366690701,0.114063079664,0.075931298175,0.129851733803,2,1.87506189488,0.0607842089875,-0.00108037027721,0.0488003062024,design_only_not_support,
20B_trendpv_residual_momentum_design_and_replication_diagnostic_v3,P1_TRENDPV_RAW_ADAPTATION,paper_fill_sensitivity,paper_qfq_complete_case_sensitivity,EW,10,4,middle,1,late,,bucket_return,28,27,1,0.0193317312038,0.00636018792795,0.0707467117451,0.231980774445,0.245073798422,0.94657517833,0.518518518519,-0.0527890914696,0.00636018792795,0.0872171267852,0.0777849360794,0.117138944767,2,1.7456999265,0.0808631078819,-0.00237274179468,0.0410362042022,design_only_not_support,
20B_trendpv_residual_momentum_design_and_replication_diagnostic_v3,P1_TRENDPV_RAW_ADAPTATION,paper_fill_sensitivity,paper_qfq_complete_case_sensitivity,EW,10,5,middle,1,late,,bucket_return,28,27,1,0.0184683375509,0.0119690290331,0.0582285214117,0.221620050611,0.201709515069,1.09870895547,0.62962962963,-0.0307161725136,0.0119690290331,0.0878301054114,0.0547808036659,0.0880496596916,2,2.07716046383,0.0377867515396,0.00104201104196,0.0358946640599,design_only_not_support,
20B_trendpv_residual_momentum_design_and_replication_diagnostic_v3,P1_TRENDPV_RAW_ADAPTATION,paper_fill_sensitivity,paper_qfq_complete_case_sensitivity,EW,10,6,middle,1,late,,bucket_return,28,27,1,0.0139019217874,0.0104603457421,0.0617948277045,0.166823061449,0.214063562458,0.779315543164,0.555555555556,-0.0499264366316,0.0104603457421,0.0840008396673,0.0665600480654,0.142243087045,2,1.26544885834,0.205710470259,-0.00762977887328,0.0354336224481,design_only_not_support,
20B_trendpv_residual_momentum_design_and_replication_diagnostic_v3,P1_TRENDPV_RAW_ADAPTATION,paper_fill_sensitivity,paper_qfq_complete_case_sensitivity,EW,10,7,middle,1,late,,bucket_return,28,27,1,0.020190789033,0.0154810908247,0.0570512764863,0.242289468396,0.197631419022,1.2259663448,0.62962962963,-0.0299508035378,0.0154810908247,0.0805152092833,0.0524150719757,0.0875718272032,2,2.12177044247,0.0338570198863,0.00153975189345,0.0388418261726,design_only_not_support,
20B_trendpv_residual_momentum_design_and_replication_diagnostic_v3,P1_TRENDPV_RAW_ADAPTATION,paper_fill_sensitivity,paper_qfq_complete_case_sensitivity,EW,10,8,middle,1,late,,bucket_return,28,27,1,0.0187661617262,0.00954159349742,0.0557710503682,0.225193940714,0.193196585659,1.16562070673,0.592592592593,-0.0432379374037,0.00954159349742,0.087354751009,0.0572886333943,0.113291176873,2,2.06369866519,0.0390462960007,0.000943307192343,0.03658901626,design_only_not_support,
20B_trendpv_residual_momentum_design_and_replication_diagnostic_v3,P1_TRENDPV_RAW_ADAPTATION,paper_fill_sensitivity,paper_qfq_complete_case_sensitivity,EW,10,9,middle,1,late,,bucket_return,28,27,1,0.019641070428,0.00668936087458,0.0548658069988,0.235692845136,0.19006073064,1.24009228177,0.592592592593,-0.034165766428,0.00668936087458,0.0779121947832,0.048867963527,0.0825233678701,2,2.18268830251,0.0290587719409,0.00200420005473,0.0372779408012,design_only_not_support,
20B_trendpv_residual_momentum_design_and_replication_diagnostic_v3,P1_TRENDPV_RAW_ADAPTATION,paper_fill_sensitivity,paper_qfq_complete_case_sensitivity,EW,10,10,favorable,1,late,,bucket_return,28,27,1,0.0187289833868,0.00753181860809,0.0604685769694,0.224747800642,0.209469295145,1.07293911734,0.555555555556,-0.0515903521519,0.00753181860809,0.0907538442681,0.0589411729497,0.11920367604,2,1.86726212801,0.0618649913591,-0.000929816711287,0.038387783485,design_only_not_support,
20B_trendpv_residual_momentum_design_and_replication_diagnostic_v3,P1_TRENDPV_RAW_ADAPTATION,paper_fill_sensitivity,paper_qfq_complete_case_sensitivity,EW,10,,,1,late,,favorable_minus_unfavorable,28,27,1,-0.0098469886855,0.00927278516454,0.0621479205095,-0.118163864226,0.215286711815,-0.548867429997,0.518518518519,-0.0963762734949,0.00927278516454,0.0617650730839,0.131150377521,0.319082488962,2,-0.816513325373,0.414206605353,-0.0334837654288,0.0137897880578,design_only_not_support,
20B_trendpv_residual_momentum_design_and_replication_diagnostic_v3,P1_TRENDPV_RAW_ADAPTATION,paper_fill_sensitivity,paper_qfq_complete_case_sensitivity,EW,10,,,1,late,,favorable_minus_middle,28,27,1,0.00254385371768,0.00495609332458,0.0243125443641,0.0305262446122,0.0842211241998,0.362453540038,0.518518518519,-0.0281763951701,0.00495609332458,0.0320658628348,0.0351636055852,0.115407532743,2,0.600314133227,0.548296901392,-0.0057615673821,0.0108492748175,design_only_not_support,
20B_trendpv_residual_momentum_design_and_replication_diagnostic_v3,P1_TRENDPV_RAW_ADAPTATION,paper_fill_sensitivity,paper_qfq_complete_case_sensitivity,VW,5,1,unfavorable,1,full,,bucket_return,55,54,1,0.00868753052824,-0.00171795663561,0.0635944372363,0.104250366339,0.220297592744,0.473225172551,0.481481481481,-0.0621456144474,-0.00171795663561,0.0694036460653,0.0821136053445,0.173988229828,3,1.22539523952,0.220426339703,-0.0052077796548,0.0225828407113,design_only_not_support,
20B_trendpv_residual_momentum_design_and_replication_diagnostic_v3,P1_TRENDPV_RAW_ADAPTATION,paper_fill_sensitivity,paper_qfq_complete_case_sensitivity,VW,5,2,middle,1,full,,bucket_return,55,54,1,0.00672557889402,0.00214853713164,0.0543046582226,0.0807069467282,0.188116854258,0.429025602444,0.537037037037,-0.045535150186,0.00214853713164,0.0598312341285,0.0671705536855,0.133135502154,3,1.21711834757,0.223559190856,-0.00410483249016,0.0175559902782,design_only_not_support,
20B_trendpv_residual_momentum_design_and_replication_diagnostic_v3,P1_TRENDPV_RAW_ADAPTATION,paper_fill_sensitivity,paper_qfq_complete_case_sensitivity,VW,5,3,middle,1,full,,bucket_return,55,54,1,0.00375042217879,0.00238639163846,0.0422474289634,0.0450050661454,0.146349386907,0.307517968448,0.555555555556,-0.0456825753055,0.00238639163846,0.0533481327161,0.0584782586098,0.203915531109,3,0.801153943577,0.423042530406,-0.00542470883839,0.012925553196,design_only_not_support,
20B_trendpv_residual_momentum_design_and_replication_diagnostic_v3,P1_TRENDPV_RAW_ADAPTATION,paper_fill_sensitivity,paper_qfq_complete_case_sensitivity,VW,5,4,middle,1,full,,bucket_return,55,54,1,0.00674786965338,0.00144049083156,0.0483196805673,0.0809744358406,0.167384283496,0.483763673323,0.518518518519,-0.0452064512972,0.00144049083156,0.0596430782043,0.0618526183207,0.225563457219,3,1.16555856413,0.243792969065,-0.00459912045079,0.0180948597576,design_only_not_support,
20B_trendpv_residual_momentum_design_and_replication_diagnostic_v3,P1_TRENDPV_RAW_ADAPTATION,paper_fill_sensitivity,paper_qfq_complete_case_sensitivity,VW,5,5,favorable,1,full,,bucket_return,55,54,1,-0.00432565430946,-0.00633189822004,0.0500515341539,-0.0519078517135,0.173383600303,-0.299381554097,0.388888888889,-0.0664919815657,-0.00633189822004,0.0634374705773,0.0923967252976,0.516288969062,3,-0.646744447807,0.517797351199,-0.0174345827044,0.00878327408545,design_only_not_support,
20B_trendpv_residual_momentum_design_and_replication_diagnostic_v3,P1_TRENDPV_RAW_ADAPTATION,paper_fill_sensitivity,paper_qfq_complete_case_sensitivity,VW,5,,,1,full,,favorable_minus_unfavorable,55,54,1,-0.0130131848377,-0.00680877789661,0.0539109943793,-0.156158218052,0.186753162703,-0.836174422925,0.388888888889,-0.0759036764565,-0.00680877789661,0.041504031316,0.115728353701,0.59873294712,3,-1.99447033132,0.0461006791358,-0.0258012284629,-0.000225141212513,design_only_not_support,
20B_trendpv_residual_momentum_design_and_replication_diagnostic_v3,P1_TRENDPV_RAW_ADAPTATION,paper_fill_sensitivity,paper_qfq_complete_case_sensitivity,VW,5,,,1,full,,favorable_minus_middle,55,54,1,-0.00807607648825,-0.00991613975957,0.0341300846045,-0.096912917859,0.118230081203,-0.819697634245,0.37037037037,-0.0483426480003,-0.00991613975957,0.0396225575526,0.0643689488134,0.486239787589,3,-1.72908906036,0.0837931567706,-0.0172305031839,0.0010783502074,design_only_not_support,
20B_trendpv_residual_momentum_design_and_replication_diagnostic_v3,P1_TRENDPV_RAW_ADAPTATION,paper_fill_sensitivity,paper_qfq_complete_case_sensitivity,VW,5,1,unfavorable,1,early,,bucket_return,27,27,0,-0.000733660499616,-0.00610341449669,0.0569140089462,-0.0088039259954,0.197155910314,-0.0446546389675,0.481481481481,-0.072239188787,-0.00610341449669,0.0567635962478,0.0879917206924,0.173988229828,2,-0.0818369197089,0.934776396844,-0.0183045583443,0.0168372373451,design_only_not_support,
20B_trendpv_residual_momentum_design_and_replication_diagnostic_v3,P1_TRENDPV_RAW_ADAPTATION,paper_fill_sensitivity,paper_qfq_complete_case_sensitivity,VW,5,2,middle,1,early,,bucket_return,27,27,0,-0.00125525294844,-0.00167185437165,0.0422279892511,-0.0150630353813,0.146282045769,-0.102972550747,0.481481481481,-0.0434460667436,-0.00167185437165,0.0379455866729,0.0693927527459,0.133135502154,2,-0.194297486436,0.845942953667,-0.0139175401224,0.0114070342255,design_only_not_support,
20B_trendpv_residual_momentum_design_and_replication_diagnostic_v3,P1_TRENDPV_RAW_ADAPTATION,paper_fill_sensitivity,paper_qfq_complete_case_sensitivity,VW,5,3,middle,1,early,,bucket_return,27,27,0,-0.00464332765022,-0.00304946104801,0.0388627426098,-0.0557199318026,0.134624489443,-0.413891499481,0.481481481481,-0.0528375452365,-0.00304946104801,0.0493438929834,0.0621221717067,0.203915531109,2,-0.684694502724,0.493536718707,-0.0179350291706,0.00864837387016,design_only_not_support,
20B_trendpv_residual_momentum_design_and_replication_diagnostic_v3,P1_TRENDPV_RAW_ADAPTATION,paper_fill_sensitivity,paper_qfq_complete_case_sensitivity,VW,5,4,middle,1,early,,bucket_return,27,27,0,-0.00767230224102,-0.0148299271046,0.0483627709157,-0.0920676268923,0.167533552842,-0.549547391138,0.407407407407,-0.053950319737,-0.0148299271046,0.05566539036,0.0756873588017,0.225563457219,2,-1.00689273919,0.313986321573,-0.0226067987227,0.00726219424065,design_only_not_support,
20B_trendpv_residual_momentum_design_and_replication_diagnostic_v3,P1_TRENDPV_RAW_ADAPTATION,paper_fill_sensitivity,paper_qfq_complete_case_sensitivity,VW,5,5,favorable,1,early,,bucket_return,27,27,0,-0.0252349053093,-0.0275774081516,0.0514861293999,-0.302818863711,0.178353184011,-1.69786071042,0.259259259259,-0.0847323922143,-0.0275774081516,0.0369883689014,0.110152053805,0.516288969062,2,-3.22941873959,0.00124042126727,-0.0405502018216,-0.00991960879691,design_only_not_support,
20B_trendpv_residual_momentum_design_and_replication_diagnostic_v3,P1_TRENDPV_RAW_ADAPTATION,paper_fill_sensitivity,paper_qfq_complete_case_sensitivity,VW,5,,,1,early,,favorable_minus_unfavorable,27,27,0,-0.0245012448097,-0.0129044125763,0.050215412556,-0.294014937716,0.17395129174,-1.69021416728,0.296296296296,-0.0875298116023,-0.0129044125763,0.0173047575731,0.123738062224,0.511421464505,2,-2.82539010865,0.00472230832165,-0.0414976791273,-0.00750481049203,design_only_not_support,
20B_trendpv_residual_momentum_design_and_replication_diagnostic_v3,P1_TRENDPV_RAW_ADAPTATION,paper_fill_sensitivity,paper_qfq_complete_case_sensitivity,VW,5,,,1,early,,favorable_minus_middle,27,27,0,-0.0205915776591,-0.0182852071102,0.0295829251668,-0.247098931909,0.102478258851,-2.41123273053,0.259259259259,-0.0558339503995,-0.0182852071102,0.00780428655131,0.0699132111386,0.43955308338,2,-3.90336846372,9.48631154856e-05,-0.0309310449606,-0.0102521103575,design_only_not_support,
20B_trendpv_residual_momentum_design_and_replication_diagnostic_v3,P1_TRENDPV_RAW_ADAPTATION,paper_fill_sensitivity,paper_qfq_complete_case_sensitivity,VW,5,1,unfavorable,1,late,,bucket_return,28,27,1,0.0181087215561,-0.000127279305643,0.0694298449348,0.217304658673,0.240512037977,0.903508450142,0.481481481481,-0.0476271379719,-0.000127279305643,0.0963797899093,0.0702546479066,0.139975711191,2,1.59437367818,0.110852364298,-0.00415233464536,0.0403697777576,design_only_not_support,
20B_trendpv_residual_momentum_design_and_replication_diagnostic_v3,P1_TRENDPV_RAW_ADAPTATION,paper_fill_sensitivity,paper_qfq_complete_case_sensitivity,VW,5,2,middle,1,late,,bucket_return,28,27,1,0.0147064107365,0.00709263250492,0.0639994123814,0.176476928838,0.221700467798,0.796015139662,0.592592592593,-0.0448170093036,0.00709263250492,0.0671638375834,0.0649483546251,0.104311645435,2,1.50294117073,0.132854215027,-0.00447200818423,0.0338848296572,design_only_not_support,
20B_trendpv_residual_momentum_design_and_replication_diagnostic_v3,P1_TRENDPV_RAW_ADAPTATION,paper_fill_sensitivity,paper_qfq_complete_case_sensitivity,VW,5,3,middle,1,late,,bucket_return,28,27,1,0.0121441720078,0.00777074678726,0.04451624365,0.145730064093,0.154208791528,0.94501787252,0.62962962963,-0.0225387151454,0.00777074678726,0.0498754869778,0.0452919824723,0.104320846024,2,1.91838179283,0.055062617981,-0.000263232944819,0.0245515769604,design_only_not_support,
20B_trendpv_residual_momentum_design_and_replication_diagnostic_v3,P1_TRENDPV_RAW_ADAPTATION,paper_fill_sensitivity,paper_qfq_complete_case_sensitivity,VW,5,4,middle,1,late,,bucket_return,28,27,1,0.0211680415478,0.0138386057559,0.0445931263747,0.254016498573,0.154475121098,1.64438452462,0.62962962963,-0.0201322431428,0.0138386057559,0.0643500570425,0.0341464743375,0.05636195822,2,3.08436833576,0.00203984876576,0.00771679495835,0.0346192881372,design_only_not_support,
20B_trendpv_residual_momentum_design_and_replication_diagnostic_v3,P1_TRENDPV_RAW_ADAPTATION,paper_fill_sensitivity,paper_qfq_complete_case_sensitivity,VW,5,5,favorable,1,late,,bucket_return,28,27,1,0.0165835966904,0.00485749934405,0.0393423271076,0.199003160284,0.136285818877,1.46018978295,0.518518518519,-0.0293731447789,0.00485749934405,0.061686500724,0.033822883075,0.04670363265,2,2.72694627953,0.00639234452309,0.00466431082423,0.0285028825565,design_only_not_support,
20B_trendpv_residual_momentum_design_and_replication_diagnostic_v3,P1_TRENDPV_RAW_ADAPTATION,paper_fill_sensitivity,paper_qfq_complete_case_sensitivity,VW,5,,,1,late,,favorable_minus_unfavorable,28,27,1,-0.00152512486575,-0.0027875022299,0.0559364317764,-0.018301498389,0.193769483662,-0.0944498485682,0.481481481481,-0.0625555173396,-0.0027875022299,0.0584579800549,0.0999585959649,0.202192914771,2,-0.163047914229,0.870480709303,-0.0198583235634,0.0168080738319,design_only_not_support,
20B_trendpv_residual_momentum_design_and_replication_diagnostic_v3,P1_TRENDPV_RAW_ADAPTATION,paper_fill_sensitivity,paper_qfq_complete_case_sensitivity,VW,5,,,1,late,,favorable_minus_middle,28,27,1,0.00443942468257,-0.000403990066194,0.0342644670333,0.0532730961908,0.118695595592,0.448821170872,0.481481481481,-0.0317856292075,-0.000403990066194,0.0427197889537,0.050738818826,0.119416894553,2,0.771818504905,0.44022193013,-0.0068340967925,0.0157129461576,design_only_not_support,
20B_trendpv_residual_momentum_design_and_replication_diagnostic_v3,P1_TRENDPV_RAW_ADAPTATION,paper_fill_sensitivity,paper_qfq_complete_case_sensitivity,VW,10,1,unfavorable,1,full,,bucket_return,55,54,1,0.0116423020503,0.00226764408986,0.0702722669934,0.139707624603,0.243430273591,0.573912285199,0.518518518519,-0.0704026473413,0.00226764408986,0.0927660643531,0.0857109741365,0.187744111013,3,1.45466788301,0.145761228059,-0.00404409137476,0.0273286954753,design_only_not_support,
20B_trendpv_residual_momentum_design_and_replication_diagnostic_v3,P1_TRENDPV_RAW_ADAPTATION,paper_fill_sensitivity,paper_qfq_complete_case_sensitivity,VW,10,2,middle,1,full,,bucket_return,55,54,1,0.00693114516756,-0.00197269712992,0.0611523801177,0.0831737420107,0.211838058735,0.392628890707,0.481481481481,-0.0514478590674,-0.00197269712992,0.0658215669902,0.0789465817134,0.229840888898,3,1.01160160911,0.311728576223,-0.00649785175935,0.0203601420945,design_only_not_support,
20B_trendpv_residual_momentum_design_and_replication_diagnostic_v3,P1_TRENDPV_RAW_ADAPTATION,paper_fill_sensitivity,paper_qfq_complete_case_sensitivity,VW,10,3,middle,1,full,,bucket_return,55,54,1,0.00939524164505,0.00306426044491,0.0595375207968,0.112742899741,0.206244021954,0.54664808547,0.574074074074,-0.0515944118409,0.00306426044491,0.0740240450914,0.0672937119982,0.149320051967,3,1.46976045,0.1416266442,-0.00313355871173,0.0219240420018,design_only_not_support,
20B_trendpv_residual_momentum_design_and_replication_diagnostic_v3,P1_TRENDPV_RAW_ADAPTATION,paper_fill_sensitivity,paper_qfq_complete_case_sensitivity,VW,10,4,middle,1,full,,bucket_return,55,54,1,0.00349678378391,0.000703162820342,0.0531789077759,0.041961405407,0.184217140318,0.227782308066,0.518518518519,-0.0481377313504,0.000703162820342,0.0595342934664,0.073040313661,0.144246349709,3,0.706626206803,0.479798798536,-0.00620222003481,0.0131957876026,design_only_not_support,
20B_trendpv_residual_momentum_design_and_replication_diagnostic_v3,P1_TRENDPV_RAW_ADAPTATION,paper_fill_sensitivity,paper_qfq_complete_case_sensitivity,VW,10,5,middle,1,full,,bucket_return,55,54,1,0.00681108026486,0.00253202669732,0.0417380335365,0.0817329631783,0.144584789386,0.56529434061,0.537037037037,-0.038930122001,0.00253202669732,0.0584990803538,0.0557800381316,0.178858308441,3,1.44020667427,0.149808935499,-0.00245805607053,0.0160802166002,design_only_not_support,
20B_trendpv_residual_momentum_design_and_replication_diagnostic_v3,P1_TRENDPV_RAW_ADAPTATION,paper_fill_sensitivity,paper_qfq_complete_case_sensitivity,VW,10,6,middle,1,full,,bucket_return,55,54,1,0.00144632910683,-0.000766348929436,0.0478023539737,0.017355949282,0.165592211608,0.104811386438,0.462962962963,-0.0575468674886,-0.000766348929436,0.0542624676769,0.0749039940371,0.268993769983,3,0.260669980015,0.794347018345,-0.00942854401441,0.0123212022281,design_only_not_support,
20B_trendpv_residual_momentum_design_and_replication_diagnostic_v3,P1_TRENDPV_RAW_ADAPTATION,paper_fill_sensitivity,paper_qfq_complete_case_sensitivity,VW,10,7,middle,1,full,,bucket_return,55,54,1,0.00813276177647,0.00863469920058,0.0484886522856,0.0975931413177,0.167969618698,0.581016627137,0.574074074074,-0.0418869005413,0.00863469920058,0.0654874466465,0.0673148023824,0.211164326082,3,1.33325448804,0.182448303656,-0.00382288534095,0.0200884088939,design_only_not_support,
20B_trendpv_residual_momentum_design_and_replication_diagnostic_v3,P1_TRENDPV_RAW_ADAPTATION,paper_fill_sensitivity,paper_qfq_complete_case_sensitivity,VW,10,8,middle,1,full,,bucket_return,55,54,1,0.0041561439804,-0.00288758330373,0.0521422723744,0.0498737277648,0.180626129949,0.276115796639,0.481481481481,-0.0492143054319,-0.00288758330373,0.0736640451006,0.0672733781367,0.254482477456,3,0.712635083195,0.476071596421,-0.0072745204764,0.0155868084372,design_only_not_support,
20B_trendpv_residual_momentum_design_and_replication_diagnostic_v3,P1_TRENDPV_RAW_ADAPTATION,paper_fill_sensitivity,paper_qfq_complete_case_sensitivity,VW,10,9,middle,1,full,,bucket_return,55,54,1,-0.00570928268213,-0.00481379808679,0.0509584364972,-0.0685113921856,0.176525202175,-0.38811111015,0.444444444444,-0.067967247452,-0.00481379808679,0.0655621164812,0.097254333767,0.530506521703,3,-0.856675684011,0.391624145367,-0.0187713884981,0.00735282313386,design_only_not_support,
20B_trendpv_residual_momentum_design_and_replication_diagnostic_v3,P1_TRENDPV_RAW_ADAPTATION,paper_fill_sensitivity,paper_qfq_complete_case_sensitivity,VW,10,10,favorable,1,full,,bucket_return,55,54,1,-0.00227614754324,-0.00840855764587,0.0547614744735,-0.0273137705188,0.189699312171,-0.143984552217,0.444444444444,-0.076980604787,-0.00840855764587,0.0716341949331,0.0914502820088,0.497160617898,3,-0.302984754941,0.761901479671,-0.0170002124854,0.012447917399,design_only_not_support,
20B_trendpv_residual_momentum_design_and_replication_diagnostic_v3,P1_TRENDPV_RAW_ADAPTATION,paper_fill_sensitivity,paper_qfq_complete_case_sensitivity,VW,10,,,1,full,,favorable_minus_unfavorable,55,54,1,-0.0139184495935,-0.00687903322405,0.0602123910056,-0.167021395122,0.208581840934,-0.800747535713,0.388888888889,-0.081839227788,-0.00687903322405,0.0591618285318,0.121475635454,0.660724359303,3,-1.77629593403,0.0756841530453,-0.0292760594385,0.00143916025143,design_only_not_support,
20B_trendpv_residual_momentum_design_and_replication_diagnostic_v3,P1_TRENDPV_RAW_ADAPTATION,paper_fill_sensitivity,paper_qfq_complete_case_sensitivity,VW,10,,,1,full,,favorable_minus_middle,55,54,1,-0.00640485222908,-0.0077277543802,0.0372039557736,-0.076858226749,0.128878283285,-0.596362899862,0.425925925926,-0.0523018037004,-0.0077277543802,0.0420071406908,0.0662531124377,0.487403677259,3,-1.13656652293,0.255719541493,-0.0174497664,0.00464006194185,design_only_not_support,
20B_trendpv_residual_momentum_design_and_replication_diagnostic_v3,P1_TRENDPV_RAW_ADAPTATION,paper_fill_sensitivity,paper_qfq_complete_case_sensitivity,VW,10,1,unfavorable,1,early,,bucket_return,27,27,0,0.000400187456333,-0.00631704160942,0.0593907017011,0.004802249476,0.205735425687,0.0233418695879,0.481481481481,-0.0745910099085,-0.00631704160942,0.07095754375,0.0917162388872,0.187744111013,2,0.0426037697556,0.96601739039,-0.0180102256592,0.0188106005718,design_only_not_support,
20B_trendpv_residual_momentum_design_and_replication_diagnostic_v3,P1_TRENDPV_RAW_ADAPTATION,paper_fill_sensitivity,paper_qfq_complete_case_sensitivity,VW,10,2,middle,1,early,,bucket_return,27,27,0,-0.0015657012289,-0.00601519350885,0.0592003568473,-0.0187884147468,0.205076051771,-0.0916168152472,0.444444444444,-0.066475211619,-0.00601519350885,0.0554223613067,0.0850633671921,0.229840888898,2,-0.16695934213,0.867402040096,-0.0199457330381,0.0168143305803,design_only_not_support,
20B_trendpv_residual_momentum_design_and_replication_diagnostic_v3,P1_TRENDPV_RAW_ADAPTATION,paper_fill_sensitivity,paper_qfq_complete_case_sensitivity,VW,10,3,middle,1,early,,bucket_return,27,27,0,0.000162000606552,0.00288888679942,0.0481394828612,0.00194400727863,0.166760060331,0.0116575112456,0.555555555556,-0.0506912571096,0.00288888679942,0.0397557633789,0.0733289049477,0.149320051967,2,0.0191420231905,0.984727807905,-0.0164253450025,0.0167493462156,design_only_not_support,
20B_trendpv_residual_momentum_design_and_replication_diagnostic_v3,P1_TRENDPV_RAW_ADAPTATION,paper_fill_sensitivity,paper_qfq_complete_case_sensitivity,VW,10,4,middle,1,early,,bucket_return,27,27,0,-0.00369115028127,-0.00175852677639,0.0416920151324,-0.0442938033752,0.144425376958,-0.306689892788,0.481481481481,-0.0527148704584,-0.00175852677639,0.0537180305053,0.0689363043909,0.144246349709,2,-0.692312316396,0.488741217106,-0.0141409450364,0.00675864447389,design_only_not_support,
20B_trendpv_residual_momentum_design_and_replication_diagnostic_v3,P1_TRENDPV_RAW_ADAPTATION,paper_fill_sensitivity,paper_qfq_complete_case_sensitivity,VW,10,5,middle,1,early,,bucket_return,27,27,0,-0.000106668595136,-0.00516717260555,0.0399442719899,-0.00128002314164,0.138371017116,-0.00925065933834,0.481481481481,-0.0539000989372,-0.00516717260555,0.0565508083847,0.0596144410725,0.178858308441,2,-0.0154563150607,0.987668135857,-0.0136329589126,0.0134196217223,design_only_not_support,
20B_trendpv_residual_momentum_design_and_replication_diagnostic_v3,P1_TRENDPV_RAW_ADAPTATION,paper_fill_sensitivity,paper_qfq_complete_case_sensitivity,VW,10,6,middle,1,early,,bucket_return,27,27,0,-0.00874663399553,-0.00552006182149,0.0438302979164,-0.104959607946,0.151832605804,-0.691285033214,0.333333333333,-0.0621557560925,-0.00552006182149,0.0491057585282,0.0763993739761,0.268993769983,2,-1.10573194801,0.268842557619,-0.024250470751,0.00675720275989,design_only_not_support,
20B_trendpv_residual_momentum_design_and_replication_diagnostic_v3,P1_TRENDPV_RAW_ADAPTATION,paper_fill_sensitivity,paper_qfq_complete_case_sensitivity,VW,10,7,middle,1,early,,bucket_return,27,27,0,-0.00640068120447,-0.0072476767232,0.0503195749989,-0.0768081744536,0.174312121027,-0.440635877764,0.37037037037,-0.0603723007374,-0.0072476767232,0.0605678386353,0.0821407392782,0.211164326082,2,-0.76521346223,0.444144444597,-0.022794936215,0.00999357380605,design_only_not_support,
20B_trendpv_residual_momentum_design_and_replication_diagnostic_v3,P1_TRENDPV_RAW_ADAPTATION,paper_fill_sensitivity,paper_qfq_complete_case_sensitivity,VW,10,8,middle,1,early,,bucket_return,27,27,0,-0.00958066465721,-0.0269282496399,0.0503014557406,-0.114967975886,0.174249354075,-0.659789968789,0.333333333333,-0.0634147025416,-0.0269282496399,0.0522431927785,0.0787753002106,0.254482477456,2,-1.26396046587,0.206244217128,-0.0244369502635,0.00527562094909,design_only_not_support,
20B_trendpv_residual_momentum_design_and_replication_diagnostic_v3,P1_TRENDPV_RAW_ADAPTATION,paper_fill_sensitivity,paper_qfq_complete_case_sensitivity,VW,10,9,middle,1,early,,bucket_return,27,27,0,-0.025714351675,-0.0196035673907,0.0543092899587,-0.3085722201,0.188132899063,-1.64018213528,0.333333333333,-0.0846517129044,-0.0196035673907,0.0351473511165,0.117361117751,0.530506521703,2,-2.97856897017,0.00289597845246,-0.0426349614288,-0.00879374192129,design_only_not_support,
20B_trendpv_residual_momentum_design_and_replication_diagnostic_v3,P1_TRENDPV_RAW_ADAPTATION,paper_fill_sensitivity,paper_qfq_complete_case_sensitivity,VW,10,10,favorable,1,early,,bucket_return,27,27,0,-0.0237627346214,-0.0193706075822,0.0530567731325,-0.285152815457,0.183794053502,-1.55148009428,0.333333333333,-0.0856793189316,-0.0193706075822,0.0441828138678,0.100424128638,0.497160617898,2,-2.80167617844,0.00508378742675,-0.0403863916987,-0.00713907754404,design_only_not_support,
20B_trendpv_residual_momentum_design_and_replication_diagnostic_v3,P1_TRENDPV_RAW_ADAPTATION,paper_fill_sensitivity,paper_qfq_complete_case_sensitivity,VW,10,,,1,early,,favorable_minus_unfavorable,27,27,0,-0.0241629220777,-0.021632534812,0.0531414645321,-0.289955064933,0.184087433116,-1.57509429092,0.296296296296,-0.0963197287997,-0.021632534812,0.0222677680328,0.125429619411,0.504739733088,2,-2.75439783041,0.00588002455412,-0.0413566827287,-0.00696916142679,design_only_not_support,
20B_trendpv_residual_momentum_design_and_replication_diagnostic_v3,P1_TRENDPV_RAW_ADAPTATION,paper_fill_sensitivity,paper_qfq_complete_case_sensitivity,VW,10,,,1,early,,favorable_minus_middle,27,27,0,-0.0193360833261,-0.0191337418563,0.0321863008909,-0.232032999913,0.111496616902,-2.08107659551,0.296296296296,-0.0572860166788,-0.0191337418563,0.0153739767317,0.0781574599516,0.417994784478,2,-3.32711854835,0.000877490344989,-0.0307267285256,-0.00794543812649,design_only_not_support,
20B_trendpv_residual_momentum_design_and_replication_diagnostic_v3,P1_TRENDPV_RAW_ADAPTATION,paper_fill_sensitivity,paper_qfq_complete_case_sensitivity,VW,10,1,unfavorable,1,late,,bucket_return,28,27,1,0.0228844166442,0.0148847216481,0.0792247801884,0.274612999731,0.274442689009,1.00062056935,0.555555555556,-0.0670201965112,0.0148847216481,0.107102193955,0.0785846132881,0.176955212193,2,1.66227388673,0.0964578711699,-0.00409828024338,0.0498671135318,design_only_not_support,
20B_trendpv_residual_momentum_design_and_replication_diagnostic_v3,P1_TRENDPV_RAW_ADAPTATION,paper_fill_sensitivity,paper_qfq_complete_case_sensitivity,VW,10,2,middle,1,late,,bucket_return,28,27,1,0.015427991564,0.000417393636209,0.0629954749395,0.185135898768,0.218222726484,0.848380467748,0.518518518519,-0.0389403845284,0.000417393636209,0.0812037354801,0.0668513275084,0.124160850812,2,1.55770289618,0.11930369365,-0.00398412347634,0.0348401066044,design_only_not_support,
20B_trendpv_residual_momentum_design_and_replication_diagnostic_v3,P1_TRENDPV_RAW_ADAPTATION,paper_fill_sensitivity,paper_qfq_complete_case_sensitivity,VW,10,3,middle,1,late,,bucket_return,28,27,1,0.0186284826835,0.0032396340904,0.0687844082432,0.223541792202,0.238276179692,0.938162566194,0.592592592593,-0.0522564780132,0.0032396340904,0.0762921654799,0.061143989446,0.0860811731175,2,1.71283070774,0.0867436890157,-0.00268778341411,0.0399447487812,design_only_not_support,
20B_trendpv_residual_momentum_design_and_replication_diagnostic_v3,P1_TRENDPV_RAW_ADAPTATION,paper_fill_sensitivity,paper_qfq_complete_case_sensitivity,VW,10,4,middle,1,late,,bucket_return,28,27,1,0.0106847178491,0.0117118259913,0.0626037562302,0.128216614189,0.216865773071,0.591225680169,0.555555555556,-0.0370282201554,0.0117118259913,0.0646486141323,0.0733675266592,0.140734181157,2,1.17383154594,0.240462505715,-0.00715571440164,0.0285251500998,design_only_not_support,
20B_trendpv_residual_momentum_design_and_replication_diagnostic_v3,P1_TRENDPV_RAW_ADAPTATION,paper_fill_sensitivity,paper_qfq_complete_case_sensitivity,VW,10,5,middle,1,late,,bucket_return,28,27,1,0.0137288291249,0.00865143007335,0.04308355592,0.164745949498,0.149245815648,1.10385640484,0.592592592593,-0.0279192464628,0.00865143007335,0.0531634817689,0.0396045642831,0.0935185075008,2,2.20977416247,0.0271208397535,0.0015520143663,0.0259056438834,design_only_not_support,
20B_trendpv_residual_momentum_design_and_replication_diagnostic_v3,P1_TRENDPV_RAW_ADAPTATION,paper_fill_sensitivity,paper_qfq_complete_case_sensitivity,VW,10,6,middle,1,late,,bucket_return,28,27,1,0.0116392922092,0.00681110458657,0.0502109267065,0.13967150651,0.173935752301,0.803006309296,0.592592592593,-0.0273120876744,0.00681110458657,0.0604622517865,0.0648673428593,0.107069935932,2,1.53440307531,0.124930521515,-0.00322811382161,0.02650669824,design_only_not_support,
20B_trendpv_residual_momentum_design_and_replication_diagnostic_v3,P1_TRENDPV_RAW_ADAPTATION,paper_fill_sensitivity,paper_qfq_complete_case_sensitivity,VW,10,7,middle,1,late,,bucket_return,28,27,1,0.0226662047574,0.0189170727978,0.0426846377481,0.271994457089,0.147863922565,1.8394916919,0.777777777778,-0.0239436539217,0.0189170727978,0.058316276515,0.0328466503663,0.0463312680285,2,3.28590685862,0.00101654617561,0.00914636171191,0.0361860478029,design_only_not_support,
20B_trendpv_residual_momentum_design_and_replication_diagnostic_v3,P1_TRENDPV_RAW_ADAPTATION,paper_fill_sensitivity,paper_qfq_complete_case_sensitivity,VW,10,8,middle,1,late,,bucket_return,28,27,1,0.017892952618,0.00829565278426,0.0511864372098,0.214715431416,0.177315019812,1.21092635945,0.62962962963,-0.0340464952448,0.00829565278426,0.0811879609689,0.0437841978215,0.0709435820262,2,2.3484564083,0.0188514056835,0.0029599342386,0.0328259709974,design_only_not_support,
20B_trendpv_residual_momentum_design_and_replication_diagnostic_v3,P1_TRENDPV_RAW_ADAPTATION,paper_fill_sensitivity,paper_qfq_complete_case_sensitivity,VW,10,9,middle,1,late,,bucket_return,28,27,1,0.0142957863108,0.0154890555338,0.0388935803875,0.171549435729,0.134731314639,1.27327070317,0.555555555556,-0.0253174754549,0.0154890555338,0.0672714829252,0.0333589531781,0.0531362773249,2,2.30998999218,0.0208887081944,0.00216619856597,0.0264253740556,design_only_not_support,
20B_trendpv_residual_momentum_design_and_replication_diagnostic_v3,P1_TRENDPV_RAW_ADAPTATION,paper_fill_sensitivity,paper_qfq_complete_case_sensitivity,VW,10,10,favorable,1,late,,bucket_return,28,27,1,0.0192104395349,0.00813122071094,0.0483642016844,0.230525274419,0.16753850917,1.37595395567,0.555555555556,-0.0314252050458,0.00813122071094,0.0861404160871,0.0446861944092,0.0891486544145,2,2.46809944925,0.013583257639,0.00395506981025,0.0344658092596,design_only_not_support,
20B_trendpv_residual_momentum_design_and_replication_diagnostic_v3,P1_TRENDPV_RAW_ADAPTATION,paper_fill_sensitivity,paper_qfq_complete_case_sensitivity,VW,10,,,1,late,,favorable_minus_unfavorable,28,27,1,-0.00367397710931,-0.000923188327487,0.0659433157995,-0.0440877253118,0.228434346769,-0.192999546414,0.481481481481,-0.0714407693838,-0.000923188327487,0.073215369749,0.111553976051,0.316158027188,2,-0.299590500496,0.764489531043,-0.0277096618268,0.0203617076082,design_only_not_support,
20B_trendpv_residual_momentum_design_and_replication_diagnostic_v3,P1_TRENDPV_RAW_ADAPTATION,paper_fill_sensitivity,paper_qfq_complete_case_sensitivity,VW,10,,,1,late,,favorable_minus_middle,28,27,1,0.0065263788679,0.00504173312261,0.0379242708514,0.0783165464148,0.131373527909,0.596136433733,0.555555555556,-0.0433990636491,0.00504173312261,0.0557883376516,0.0513888648612,0.147421225191,2,0.899416937279,0.368430620883,-0.00769557649047,0.0207483342263,design_only_not_support,
20B_trendpv_residual_momentum_design_and_replication_diagnostic_v3,P1_TRENDPV_RAW_ADAPTATION,paper_fill_sensitivity,project_conservative_primary,EW,5,1,unfavorable,1,full,,bucket_return,55,54,1,0.0101197286947,0.000564617040085,0.0740162802638,0.121436744337,0.256399916008,0.473622402953,0.518518518519,-0.0603449307494,0.000564617040085,0.0951188965495,0.102154495591,0.238387779968,3,1.21664566533,0.223739060269,-0.00618272019415,0.0264221775836,design_only_not_support,
20B_trendpv_residual_momentum_design_and_replication_diagnostic_v3,P1_TRENDPV_RAW_ADAPTATION,paper_fill_sensitivity,project_conservative_primary,EW,5,2,middle,1,full,,bucket_return,55,54,1,0.00652028454367,-0.0035266773575,0.0641046436242,0.078243414524,0.222064999516,0.352344649965,0.462962962963,-0.0632274211498,-0.0035266773575,0.0851363296966,0.0812368183779,0.264498813579,3,0.9358711083,0.349339554284,-0.00713493224976,0.0201755013371,design_only_not_support,
20B_trendpv_residual_momentum_design_and_replication_diagnostic_v3,P1_TRENDPV_RAW_ADAPTATION,paper_fill_sensitivity,project_conservative_primary,EW,5,3,middle,1,full,,bucket_return,55,54,1,0.00285099464825,0.00155013487363,0.0551796370008,0.034211935779,0.191147869657,0.178981517504,0.518518518519,-0.0615567143449,0.00155013487363,0.0654883328211,0.083421227178,0.292859146069,3,0.44301520422,0.657754737362,-0.00976222218373,0.0154642114802,design_only_not_support,
20B_trendpv_residual_momentum_design_and_replication_diagnostic_v3,P1_TRENDPV_RAW_ADAPTATION,paper_fill_sensitivity,project_conservative_primary,EW,5,4,middle,1,full,,bucket_return,55,54,1,0.00331499011302,-0.00310921746737,0.0565239254717,0.0397798813562,0.19580462152,0.203161095215,0.444444444444,-0.0641069127243,-0.00310921746737,0.0655006668898,0.0863164164022,0.360458646496,3,0.510263883463,0.609866601769,-0.0094181494275,0.0160481296535,design_only_not_support,
20B_trendpv_residual_momentum_design_and_replication_diagnostic_v3,P1_TRENDPV_RAW_ADAPTATION,paper_fill_sensitivity,project_conservative_primary,EW,5,5,favorable,1,full,,bucket_return,55,54,1,-0.00181706664652,-0.00595862790339,0.0591818965263,-0.0218047997582,0.205012103344,-0.106358597383,0.425925925926,-0.0678046576205,-0.00595862790339,0.0676727557535,0.0907092308669,0.504636587386,3,-0.241117592373,0.809463978222,-0.0165873915724,0.0129532582793,design_only_not_support,
20B_trendpv_residual_momentum_design_and_replication_diagnostic_v3,P1_TRENDPV_RAW_ADAPTATION,paper_fill_sensitivity,project_conservative_primary,EW,5,,,1,full,,favorable_minus_unfavorable,55,54,1,-0.0119367953413,-0.00575051639533,0.0462934868578,-0.143241544095,0.160365342594,-0.893220079711,0.462962962963,-0.0771325601695,-0.00575051639533,0.0448448713304,0.101623627272,0.550588778183,3,-2.14982278979,0.0315692347948,-0.0228194081179,-0.00105418256463,design_only_not_support,
20B_trendpv_residual_momentum_design_and_replication_diagnostic_v3,P1_TRENDPV_RAW_ADAPTATION,paper_fill_sensitivity,project_conservative_primary,EW,5,,,1,full,,favorable_minus_middle,55,54,1,-0.00466806129477,-0.00279074040915,0.0252677882215,-0.0560167355372,0.0875301859891,-0.639970484516,0.425925925926,-0.0354657111402,-0.00279074040915,0.0200649297021,0.0448001842715,0.335098702992,3,-1.41570180323,0.156862830208,-0.011130744322,0.00179462173247,design_only_not_support,
20B_trendpv_residual_momentum_design_and_replication_diagnostic_v3,P1_TRENDPV_RAW_ADAPTATION,paper_fill_sensitivity,project_conservative_primary,EW,5,1,unfavorable,1,early,,bucket_return,27,27,0,-0.00567346473286,-0.0124182890421,0.0627641175237,-0.0680815767944,0.217421280887,-0.313132074821,0.444444444444,-0.096336920374,-0.0124182890421,0.0738614625576,0.115860130191,0.238387779968,2,-0.567400819854,0.570441893004,-0.0252712272931,0.0139242978274,design_only_not_support,
20B_trendpv_residual_momentum_design_and_replication_diagnostic_v3,P1_TRENDPV_RAW_ADAPTATION,paper_fill_sensitivity,project_conservative_primary,EW,5,2,middle,1,early,,bucket_return,27,27,0,-0.00858203941068,-0.0107905207424,0.0500019053631,-0.102984472928,0.173211681128,-0.594558474679,0.333333333333,-0.066437811171,-0.0107905207424,0.0577454911258,0.0853231989162,0.264498813579,2,-1.06473775734,0.286994618683,-0.0243798150064,0.00721573618508,design_only_not_support,
20B_trendpv_residual_momentum_design_and_replication_diagnostic_v3,P1_TRENDPV_RAW_ADAPTATION,paper_fill_sensitivity,project_conservative_primary,EW,5,3,middle,1,early,,bucket_return,27,27,0,-0.0104638878463,-0.00656150793994,0.0483039357054,-0.125566654156,0.167329741695,-0.750414438487,0.444444444444,-0.0714091961334,-0.00656150793994,0.0462682724904,0.0921466517439,0.292859146069,2,-1.19306378264,0.232844394255,-0.0276539522967,0.00672617660406,design_only_not_support,
20B_trendpv_residual_momentum_design_and_replication_diagnostic_v3,P1_TRENDPV_RAW_ADAPTATION,paper_fill_sensitivity,project_conservative_primary,EW,5,4,middle,1,early,,bucket_return,27,27,0,-0.0128527732479,-0.00789151727718,0.0535503913629,-0.154233278975,0.185503997211,-0.831428331967,0.333333333333,-0.0838941126446,-0.00789151727718,0.0550546513432,0.0998658577605,0.360458646496,2,-1.53246216624,0.125408426909,-0.029291007889,0.00358546139323,design_only_not_support,
20B_trendpv_residual_momentum_design_and_replication_diagnostic_v3,P1_TRENDPV_RAW_ADAPTATION,paper_fill_sensitivity,project_conservative_primary,EW,5,5,favorable,1,early,,bucket_return,27,27,0,-0.0228183809303,-0.0290801520689,0.0549067482937,-0.273820571163,0.190202555446,-1.43962614235,0.259259259259,-0.0867266768147,-0.0290801520689,0.0619556165289,0.101620273285,0.504636587386,2,-2.614590468,0.00893344986093,-0.0399236237422,-0.00571313811833,design_only_not_support,
20B_trendpv_residual_momentum_design_and_replication_diagnostic_v3,P1_TRENDPV_RAW_ADAPTATION,paper_fill_sensitivity,project_conservative_primary,EW,5,,,1,early,,favorable_minus_unfavorable,27,27,0,-0.0171449161974,-0.00937068480158,0.0427117559407,-0.205738994369,0.14795786274,-1.39052423818,0.407407407407,-0.0699467906911,-0.00937068480158,0.0309705985091,0.100445895921,0.437496148118,2,-2.66850204411,0.00761903149017,-0.0297375309713,-0.00455230142347,design_only_not_support,
20B_trendpv_residual_momentum_design_and_replication_diagnostic_v3,P1_TRENDPV_RAW_ADAPTATION,paper_fill_sensitivity,project_conservative_primary,EW,5,,,1,early,,favorable_minus_middle,27,27,0,-0.0123544930839,-0.0158908074442,0.0270965877194,-0.148253917007,0.0938653332836,-1.57943206316,0.333333333333,-0.0455941542004,-0.0158908074442,0.0135297121234,0.0497395753781,0.322207890756,2,-2.76863896795,0.00562909737625,-0.0211004371279,-0.00360854903993,design_only_not_support,
20B_trendpv_residual_momentum_design_and_replication_diagnostic_v3,P1_TRENDPV_RAW_ADAPTATION,paper_fill_sensitivity,project_conservative_primary,EW,5,1,unfavorable,1,late,,bucket_return,28,27,1,0.0259129221223,0.0141850301199,0.0819155458639,0.310955065468,0.283763774732,1.09582368561,0.592592592593,-0.0530168905948,0.0141850301199,0.131263751276,0.0769789134527,0.146322788243,2,1.79732319475,0.0722843260146,-0.00234487494078,0.0541707191854,design_only_not_support,
20B_trendpv_residual_momentum_design_and_replication_diagnostic_v3,P1_TRENDPV_RAW_ADAPTATION,paper_fill_sensitivity,project_conservative_primary,EW,5,2,middle,1,late,,bucket_return,28,27,1,0.021622608498,0.0104580334562,0.0735048921649,0.259471301976,0.254628415669,1.01901942599,0.592592592593,-0.0591399262154,0.0104580334562,0.10967527329,0.0768581171272,0.119567965352,2,1.84111689692,0.0656044300439,-0.00139577451658,0.0446409915126,design_only_not_support,
20B_trendpv_residual_momentum_design_and_replication_diagnostic_v3,P1_TRENDPV_RAW_ADAPTATION,paper_fill_sensitivity,project_conservative_primary,EW,5,3,middle,1,late,,bucket_return,28,27,1,0.0161658771428,0.00374499487844,0.0592048333201,0.193990525714,0.205091558728,0.945872794166,0.592592592593,-0.0371762085872,0.00374499487844,0.0853195970531,0.060197085548,0.107080026607,2,1.67098974684,0.0947237030388,-0.00279566169263,0.0351274159783,design_only_not_support,
20B_trendpv_residual_momentum_design_and_replication_diagnostic_v3,P1_TRENDPV_RAW_ADAPTATION,paper_fill_sensitivity,project_conservative_primary,EW,5,4,middle,1,late,,bucket_return,28,27,1,0.0194827534739,0.00841378146687,0.0556978111373,0.233793041687,0.19294287752,1.21172154522,0.555555555556,-0.0356241691491,0.00841378146687,0.0828020285163,0.0548222368841,0.100372562286,2,2.11990427168,0.0340141190955,0.00146991410251,0.0374955928453,design_only_not_support,
20B_trendpv_residual_momentum_design_and_replication_diagnostic_v3,P1_TRENDPV_RAW_ADAPTATION,paper_fill_sensitivity,project_conservative_primary,EW,5,5,favorable,1,late,,bucket_return,28,27,1,0.0191842476372,0.00386385940199,0.0566472985811,0.230210971647,0.196231998508,1.17315714765,0.592592592593,-0.0426366247524,0.00386385940199,0.0779423524642,0.0505917978193,0.0886437212991,2,2.06857130056,0.0385863333873,0.00100724091318,0.0373612543613,design_only_not_support,
20B_trendpv_residual_momentum_design_and_replication_diagnostic_v3,P1_TRENDPV_RAW_ADAPTATION,paper_fill_sensitivity,project_conservative_primary,EW,5,,,1,late,,favorable_minus_unfavorable,28,27,1,-0.00672867448511,0.00110200148492,0.0498795612261,-0.0807440938214,0.172787868606,-0.467301868313,0.518518518519,-0.0848327816759,0.00110200148492,0.0570010024245,0.100119152628,0.235124311672,2,-0.7177219039,0.472928774802,-0.0251034232323,0.0116460742621,design_only_not_support,
20B_trendpv_residual_momentum_design_and_replication_diagnostic_v3,P1_TRENDPV_RAW_ADAPTATION,paper_fill_sensitivity,project_conservative_primary,EW,5,,,1,late,,favorable_minus_middle,28,27,1,0.00301837049439,0.000478604267182,0.0210842641936,0.0362204459327,0.073038033647,0.49591211762,0.518518518519,-0.0249223360318,0.000478604267182,0.0239051018159,0.0319526029191,0.0698426500563,2,0.926392441414,0.354242070766,-0.00336758128645,0.00940432227523,design_only_not_support,
20B_trendpv_residual_momentum_design_and_replication_diagnostic_v3,P1_TRENDPV_RAW_ADAPTATION,paper_fill_sensitivity,project_conservative_primary,EW,10,1,unfavorable,1,full,,bucket_return,55,54,1,0.0121067296298,0.0039429525794,0.0814709097108,0.145280755558,0.282223509916,0.514771981969,0.537037037037,-0.0717609932161,0.0039429525794,0.108669394657,0.113025024947,0.25843335928,3,1.31578249826,0.188247055165,-0.00592721904813,0.0301406783077,design_only_not_support,
20B_trendpv_residual_momentum_design_and_replication_diagnostic_v3,P1_TRENDPV_RAW_ADAPTATION,paper_fill_sensitivity,project_conservative_primary,EW,10,2,middle,1,full,,bucket_return,55,54,1,0.00807990835577,-0.000913356289669,0.0684391462154,0.0969589002692,0.237080156943,0.408970963742,0.5,-0.06032431635,-0.000913356289669,0.0848676503362,0.0934196632053,0.249393772649,3,1.05587909463,0.291023456264,-0.00691833287875,0.0230781495903,design_only_not_support,
20B_trendpv_residual_momentum_design_and_replication_diagnostic_v3,P1_TRENDPV_RAW_ADAPTATION,paper_fill_sensitivity,project_conservative_primary,EW,10,3,middle,1,full,,bucket_return,55,54,1,0.00763023002537,-0.00289451726247,0.0684064744748,0.0915627603044,0.236966978714,0.386394597261,0.444444444444,-0.0639374682643,-0.00289451726247,0.0942585514839,0.0858999763856,0.258685358968,3,0.988742750746,0.32278902063,-0.00749501466765,0.0227554747184,design_only_not_support,
20B_trendpv_residual_momentum_design_and_replication_diagnostic_v3,P1_TRENDPV_RAW_ADAPTATION,paper_fill_sensitivity,project_conservative_primary,EW,10,4,middle,1,full,,bucket_return,55,54,1,0.00538699541348,-0.00315067788,0.0619230288981,0.0646439449617,0.21450766442,0.301359604733,0.444444444444,-0.0557441938936,-0.00315067788,0.0808376523873,0.0845911855032,0.276203639575,3,0.83241013574,0.405177482861,-0.00729703682252,0.0180710276495,design_only_not_support,
20B_trendpv_residual_momentum_design_and_replication_diagnostic_v3,P1_TRENDPV_RAW_ADAPTATION,paper_fill_sensitivity,project_conservative_primary,EW,10,5,middle,1,full,,bucket_return,55,54,1,0.005062755679,0.00277534119452,0.0541604311818,0.060753068148,0.187617237134,0.323813894054,0.537037037037,-0.0627927523545,0.00277534119452,0.0698773550732,0.0795307137448,0.263520385472,3,0.863911452882,0.387636534808,-0.00642316543046,0.0165486767885,design_only_not_support,
20B_trendpv_residual_momentum_design_and_replication_diagnostic_v3,P1_TRENDPV_RAW_ADAPTATION,paper_fill_sensitivity,project_conservative_primary,EW,10,6,middle,1,full,,bucket_return,55,54,1,0.0006457051835,-0.00455392731654,0.0579935276402,0.007748462202,0.200895472766,0.0385696207849,0.462962962963,-0.0578886658186,-0.00455392731654,0.064242323967,0.0878142989116,0.357681909987,3,0.0877954965224,0.930039217199,-0.0137691447168,0.0150605550838,design_only_not_support,
20B_trendpv_residual_momentum_design_and_replication_diagnostic_v3,P1_TRENDPV_RAW_ADAPTATION,paper_fill_sensitivity,project_conservative_primary,EW,10,7,middle,1,full,,bucket_return,55,54,1,0.00418026243916,0.00157503739855,0.057550078078,0.0501631492699,0.199359318421,0.251621793589,0.518518518519,-0.0717605021911,0.00157503739855,0.0608786443182,0.0883409649855,0.348605076321,3,0.634410128906,0.525813201026,-0.00873435454655,0.0170948794249,design_only_not_support,
20B_trendpv_residual_momentum_design_and_replication_diagnostic_v3,P1_TRENDPV_RAW_ADAPTATION,paper_fill_sensitivity,project_conservative_primary,EW,10,8,middle,1,full,,bucket_return,55,54,1,0.00245259973639,-0.00276484734952,0.0567952076093,0.0294311968367,0.196744370412,0.149591049417,0.481481481481,-0.06405140643,-0.00276484734952,0.0725688268661,0.0861249491587,0.372983943083,3,0.375546273044,0.707254239456,-0.0103474398243,0.0152526392971,design_only_not_support,
20B_trendpv_residual_momentum_design_and_replication_diagnostic_v3,P1_TRENDPV_RAW_ADAPTATION,paper_fill_sensitivity,project_conservative_primary,EW,10,9,middle,1,full,,bucket_return,55,54,1,-7.53261209338e-05,-0.00250934545069,0.0587862679844,-0.000903913451205,0.203641605873,-0.00443874643068,0.462962962963,-0.0635923816701,-0.00250934545069,0.0627301346314,0.0956026119731,0.474097169239,3,-0.010229003183,0.991838578613,-0.0145084513711,0.0143577991292,design_only_not_support,
20B_trendpv_residual_momentum_design_and_replication_diagnostic_v3,P1_TRENDPV_RAW_ADAPTATION,paper_fill_sensitivity,project_conservative_primary,EW,10,10,favorable,1,full,,bucket_return,55,54,1,-0.00358222941754,-0.0115296962081,0.0620358777552,-0.0429867530104,0.214898584328,-0.200032741699,0.425925925926,-0.0789990937686,-0.0115296962081,0.0741055132516,0.0871905622126,0.536211722212,3,-0.441064394558,0.659166379164,-0.0195006321029,0.0123361732678,design_only_not_support,
20B_trendpv_residual_momentum_design_and_replication_diagnostic_v3,P1_TRENDPV_RAW_ADAPTATION,paper_fill_sensitivity,project_conservative_primary,EW,10,,,1,full,,favorable_minus_unfavorable,55,54,1,-0.0156889590473,-0.0143497886553,0.0583347514705,-0.188267508568,0.202077506788,-0.931659894071,0.444444444444,-0.0973736593805,-0.0143497886553,0.0538469759411,0.130956287333,0.643007119799,3,-2.1695884676,0.0300380358035,-0.0298620592214,-0.00151585887333,design_only_not_support,
20B_trendpv_residual_momentum_design_and_replication_diagnostic_v3,P1_TRENDPV_RAW_ADAPTATION,paper_fill_sensitivity,project_conservative_primary,EW,10,,,1,full,,favorable_minus_middle,55,54,1,-0.00643645984878,-0.010443060511,0.0304811363867,-0.0772375181854,0.105589753788,-0.731486866994,0.407407407407,-0.0397651024224,-0.010443060511,0.028142718663,0.0584722271572,0.415483063033,3,-1.52294962837,0.12777130812,-0.0147198785887,0.00184695889109,design_only_not_support,
20B_trendpv_residual_momentum_design_and_replication_diagnostic_v3,P1_TRENDPV_RAW_ADAPTATION,paper_fill_sensitivity,project_conservative_primary,EW,10,1,unfavorable,1,early,,bucket_return,27,27,0,-0.00436251281274,0.00170195362426,0.0683698308192,-0.0523501537529,0.236840041368,-0.221035908669,0.518518518519,-0.11153182217,0.00170195362426,0.0864229005449,0.124445787591,0.25843335928,2,-0.388101536086,0.697940895244,-0.0263937783452,0.0176687527197,design_only_not_support,
20B_trendpv_residual_momentum_design_and_replication_diagnostic_v3,P1_TRENDPV_RAW_ADAPTATION,paper_fill_sensitivity,project_conservative_primary,EW,10,2,middle,1,early,,bucket_return,27,27,0,-0.00702189903793,-0.00516176805717,0.0596134503608,-0.0842627884552,0.206507049679,-0.408038314364,0.407407407407,-0.0731664356347,-0.00516176805717,0.0608793871167,0.107274472791,0.249393772649,2,-0.765211194074,0.444145794997,-0.0250073510596,0.0109635529837,design_only_not_support,
20B_trendpv_residual_momentum_design_and_replication_diagnostic_v3,P1_TRENDPV_RAW_ADAPTATION,paper_fill_sensitivity,project_conservative_primary,EW,10,3,middle,1,early,,bucket_return,27,27,0,-0.00859950791186,-0.0181869890568,0.054002452019,-0.103194094942,0.187069981261,-0.551633641309,0.296296296296,-0.0644192469265,-0.0181869890568,0.0680587003193,0.0958686545962,0.25566001514,2,-0.984663785857,0.324789246705,-0.0257167473535,0.00851773152976,design_only_not_support,
20B_trendpv_residual_momentum_design_and_replication_diagnostic_v3,P1_TRENDPV_RAW_ADAPTATION,paper_fill_sensitivity,project_conservative_primary,EW,10,4,middle,1,early,,bucket_return,27,27,0,-0.00855774037681,-0.00987811059741,0.0490656258691,-0.102692884522,0.169968313821,-0.604188405552,0.37037037037,-0.0598104661668,-0.00987811059741,0.0511343082042,0.0913314529757,0.276203639575,2,-1.07393135918,0.28285344708,-0.0241759293646,0.00706044861098,design_only_not_support,
20B_trendpv_residual_momentum_design_and_replication_diagnostic_v3,P1_TRENDPV_RAW_ADAPTATION,paper_fill_sensitivity,project_conservative_primary,EW,10,5,middle,1,early,,bucket_return,27,27,0,-0.00834282619292,-0.0129605614011,0.0470714571727,-0.100113914315,0.163060310819,-0.613968621869,0.444444444444,-0.0693174617554,-0.0129605614011,0.0460927568628,0.0869402220615,0.263520385472,2,-0.999227900114,0.317684303249,-0.0247070999142,0.00802144752835,design_only_not_support,
20B_trendpv_residual_momentum_design_and_replication_diagnostic_v3,P1_TRENDPV_RAW_ADAPTATION,paper_fill_sensitivity,project_conservative_primary,EW,10,6,middle,1,early,,bucket_return,27,27,0,-0.0126105114204,-0.00636877532173,0.0516941144167,-0.151326137045,0.179073665244,-0.845049643892,0.37037037037,-0.074866878688,-0.00636877532173,0.0548071998213,0.101271126737,0.338616366188,2,-1.32026112943,0.186747848662,-0.0313311627064,0.00611013986562,design_only_not_support,
20B_trendpv_residual_momentum_design_and_replication_diagnostic_v3,P1_TRENDPV_RAW_ADAPTATION,paper_fill_sensitivity,project_conservative_primary,EW,10,7,middle,1,early,,bucket_return,27,27,0,-0.0118302641547,-0.00906983124304,0.0544441707676,-0.141963169857,0.188600139891,-0.752720384718,0.407407407407,-0.0816906418147,-0.00906983124304,0.058752301419,0.102903881528,0.348605076321,2,-1.43030097531,0.152630655009,-0.0280414617076,0.00438093339821,design_only_not_support,
20B_trendpv_residual_momentum_design_and_replication_diagnostic_v3,P1_TRENDPV_RAW_ADAPTATION,paper_fill_sensitivity,project_conservative_primary,EW,10,8,middle,1,early,,bucket_return,27,27,0,-0.0138609622534,-0.0144972834344,0.0539658229431,-0.16633154704,0.186943094419,-0.889744269811,0.37037037037,-0.0817168484993,-0.0144972834344,0.0536545939062,0.101566047904,0.372983943083,2,-1.59773104848,0.110102845723,-0.030864441552,0.0031425170453,design_only_not_support,
20B_trendpv_residual_momentum_design_and_replication_diagnostic_v3,P1_TRENDPV_RAW_ADAPTATION,paper_fill_sensitivity,project_conservative_primary,EW,10,9,middle,1,early,,bucket_return,27,27,0,-0.0197917226698,-0.0237780363125,0.0568061159539,-0.237500672038,0.196782158026,-1.20692177798,0.333333333333,-0.0943037519184,-0.0237780363125,0.0619340772603,0.112638346546,0.474097169239,2,-2.09579987905,0.0360999471014,-0.0383006767034,-0.00128276863627,design_only_not_support,
20B_trendpv_residual_momentum_design_and_replication_diagnostic_v3,P1_TRENDPV_RAW_ADAPTATION,paper_fill_sensitivity,project_conservative_primary,EW,10,10,favorable,1,early,,bucket_return,27,27,0,-0.0258934422219,-0.025604421922,0.0561657972516,-0.310721306663,0.194564028975,-1.59701311851,0.296296296296,-0.0831390124702,-0.025604421922,0.065014443977,0.0935101117216,0.536211722212,2,-2.91521571937,0.00355442764207,-0.0433021759405,-0.00848470850335,design_only_not_support,
20B_trendpv_residual_momentum_design_and_replication_diagnostic_v3,P1_TRENDPV_RAW_ADAPTATION,paper_fill_sensitivity,project_conservative_primary,EW,10,,,1,early,,favorable_minus_unfavorable,27,27,0,-0.0215309294092,-0.0211496099721,0.0548044008524,-0.25837115291,0.189848013509,-1.36093682591,0.37037037037,-0.083996894381,-0.0211496099721,0.040681772993,0.130762197145,0.517839460447,2,-2.53857059231,0.0111306345177,-0.0381543970895,-0.00490746172881,design_only_not_support,
20B_trendpv_residual_momentum_design_and_replication_diagnostic_v3,P1_TRENDPV_RAW_ADAPTATION,paper_fill_sensitivity,project_conservative_primary,EW,10,,,1,early,,favorable_minus_middle,27,27,0,-0.0154167734153,-0.0161260632401,0.0336947849954,-0.185001280983,0.116722159124,-1.58497137451,0.296296296296,-0.0538653764094,-0.0161260632401,0.0195523297043,0.0685481399436,0.381973841825,2,-2.78654693728,0.00532729024545,-0.0262604165807,-0.00457313024977,design_only_not_support,
20B_trendpv_residual_momentum_design_and_replication_diagnostic_v3,P1_TRENDPV_RAW_ADAPTATION,paper_fill_sensitivity,project_conservative_primary,EW,10,1,unfavorable,1,late,,bucket_return,28,27,1,0.0285759720723,0.010666680724,0.0910633686383,0.342911664868,0.31545276238,1.08704600423,0.555555555556,-0.05976238738,0.010666680724,0.142629888873,0.0851637239957,0.174920296859,2,1.7145982051,0.0864189180597,-0.00408933453918,0.0612412786839,design_only_not_support,
20B_trendpv_residual_momentum_design_and_replication_diagnostic_v3,P1_TRENDPV_RAW_ADAPTATION,paper_fill_sensitivity,project_conservative_primary,EW,10,2,middle,1,late,,bucket_return,28,27,1,0.0231817157495,0.0138457415658,0.0743003906199,0.278180588994,0.257384103152,1.08079941841,0.592592592593,-0.0421387824952,0.0138457415658,0.11452214921,0.0731878208267,0.116636486328,2,1.87873025275,0.0602813347982,-0.00100234574758,0.0473657772465,design_only_not_support,
20B_trendpv_residual_momentum_design_and_replication_diagnostic_v3,P1_TRENDPV_RAW_ADAPTATION,paper_fill_sensitivity,project_conservative_primary,EW,10,3,middle,1,late,,bucket_return,28,27,1,0.0238599679626,0.011366690701,0.0779457163372,0.286319615551,0.270011881857,1.06039635583,0.592592592593,-0.0635625652311,0.011366690701,0.114063079664,0.075931298175,0.129851733803,2,1.87506189488,0.0607842089875,-0.00108037027721,0.0488003062024,design_only_not_support,
20B_trendpv_residual_momentum_design_and_replication_diagnostic_v3,P1_TRENDPV_RAW_ADAPTATION,paper_fill_sensitivity,project_conservative_primary,EW,10,4,middle,1,late,,bucket_return,28,27,1,0.0193317312038,0.00636018792795,0.0707467117451,0.231980774445,0.245073798422,0.94657517833,0.518518518519,-0.0527890914696,0.00636018792795,0.0872171267852,0.0777849360794,0.117138944767,2,1.7456999265,0.0808631078819,-0.00237274179468,0.0410362042022,design_only_not_support,
20B_trendpv_residual_momentum_design_and_replication_diagnostic_v3,P1_TRENDPV_RAW_ADAPTATION,paper_fill_sensitivity,project_conservative_primary,EW,10,5,middle,1,late,,bucket_return,28,27,1,0.0184683375509,0.0119690290331,0.0582285214117,0.221620050611,0.201709515069,1.09870895547,0.62962962963,-0.0307161725136,0.0119690290331,0.0878301054114,0.0547808036659,0.0880496596916,2,2.07716046383,0.0377867515396,0.00104201104196,0.0358946640599,design_only_not_support,
20B_trendpv_residual_momentum_design_and_replication_diagnostic_v3,P1_TRENDPV_RAW_ADAPTATION,paper_fill_sensitivity,project_conservative_primary,EW,10,6,middle,1,late,,bucket_return,28,27,1,0.0139019217874,0.0104603457421,0.0617948277045,0.166823061449,0.214063562458,0.779315543164,0.555555555556,-0.0499264366316,0.0104603457421,0.0840008396673,0.0665600480654,0.142243087045,2,1.26544885834,0.205710470259,-0.00762977887328,0.0354336224481,design_only_not_support,
20B_trendpv_residual_momentum_design_and_replication_diagnostic_v3,P1_TRENDPV_RAW_ADAPTATION,paper_fill_sensitivity,project_conservative_primary,EW,10,7,middle,1,late,,bucket_return,28,27,1,0.020190789033,0.0154810908247,0.0570512764863,0.242289468396,0.197631419022,1.2259663448,0.62962962963,-0.0299508035378,0.0154810908247,0.0805152092833,0.0524150719757,0.0875718272032,2,2.12177044247,0.0338570198863,0.00153975189345,0.0388418261726,design_only_not_support,
20B_trendpv_residual_momentum_design_and_replication_diagnostic_v3,P1_TRENDPV_RAW_ADAPTATION,paper_fill_sensitivity,project_conservative_primary,EW,10,8,middle,1,late,,bucket_return,28,27,1,0.0187661617262,0.00954159349742,0.0557710503682,0.225193940714,0.193196585659,1.16562070673,0.592592592593,-0.0432379374037,0.00954159349742,0.087354751009,0.0572886333943,0.113291176873,2,2.06369866519,0.0390462960007,0.000943307192343,0.03658901626,design_only_not_support,
20B_trendpv_residual_momentum_design_and_replication_diagnostic_v3,P1_TRENDPV_RAW_ADAPTATION,paper_fill_sensitivity,project_conservative_primary,EW,10,9,middle,1,late,,bucket_return,28,27,1,0.019641070428,0.00668936087458,0.0548658069988,0.235692845136,0.19006073064,1.24009228177,0.592592592593,-0.034165766428,0.00668936087458,0.0779121947832,0.048867963527,0.0825233678701,2,2.18268830251,0.0290587719409,0.00200420005473,0.0372779408012,design_only_not_support,
20B_trendpv_residual_momentum_design_and_replication_diagnostic_v3,P1_TRENDPV_RAW_ADAPTATION,paper_fill_sensitivity,project_conservative_primary,EW,10,10,favorable,1,late,,bucket_return,28,27,1,0.0187289833868,0.00753181860809,0.0604685769694,0.224747800642,0.209469295145,1.07293911734,0.555555555556,-0.0515903521519,0.00753181860809,0.0907538442681,0.0589411729497,0.11920367604,2,1.86726212801,0.0618649913591,-0.000929816711287,0.038387783485,design_only_not_support,
20B_trendpv_residual_momentum_design_and_replication_diagnostic_v3,P1_TRENDPV_RAW_ADAPTATION,paper_fill_sensitivity,project_conservative_primary,EW,10,,,1,late,,favorable_minus_unfavorable,28,27,1,-0.0098469886855,0.00927278516454,0.0621479205095,-0.118163864226,0.215286711815,-0.548867429997,0.518518518519,-0.0963762734949,0.00927278516454,0.0617650730839,0.131150377521,0.319082488962,2,-0.816513325373,0.414206605353,-0.0334837654288,0.0137897880578,design_only_not_support,
20B_trendpv_residual_momentum_design_and_replication_diagnostic_v3,P1_TRENDPV_RAW_ADAPTATION,paper_fill_sensitivity,project_conservative_primary,EW,10,,,1,late,,favorable_minus_middle,28,27,1,0.00254385371768,0.00495609332458,0.0243125443641,0.0305262446122,0.0842211241998,0.362453540038,0.518518518519,-0.0281763951701,0.00495609332458,0.0320658628348,0.0351636055852,0.115407532743,2,0.600314133227,0.548296901392,-0.0057615673821,0.0108492748175,design_only_not_support,
20B_trendpv_residual_momentum_design_and_replication_diagnostic_v3,P1_TRENDPV_RAW_ADAPTATION,paper_fill_sensitivity,project_conservative_primary,VW,5,1,unfavorable,1,full,,bucket_return,55,54,1,0.00868753052824,-0.00171795663561,0.0635944372363,0.104250366339,0.220297592744,0.473225172551,0.481481481481,-0.0621456144474,-0.00171795663561,0.0694036460653,0.0821136053445,0.173988229828,3,1.22539523952,0.220426339703,-0.0052077796548,0.0225828407113,design_only_not_support,
20B_trendpv_residual_momentum_design_and_replication_diagnostic_v3,P1_TRENDPV_RAW_ADAPTATION,paper_fill_sensitivity,project_conservative_primary,VW,5,2,middle,1,full,,bucket_return,55,54,1,0.00672557889402,0.00214853713164,0.0543046582226,0.0807069467282,0.188116854258,0.429025602444,0.537037037037,-0.045535150186,0.00214853713164,0.0598312341285,0.0671705536855,0.133135502154,3,1.21711834757,0.223559190856,-0.00410483249016,0.0175559902782,design_only_not_support,
20B_trendpv_residual_momentum_design_and_replication_diagnostic_v3,P1_TRENDPV_RAW_ADAPTATION,paper_fill_sensitivity,project_conservative_primary,VW,5,3,middle,1,full,,bucket_return,55,54,1,0.00375042217879,0.00238639163846,0.0422474289634,0.0450050661454,0.146349386907,0.307517968448,0.555555555556,-0.0456825753055,0.00238639163846,0.0533481327161,0.0584782586098,0.203915531109,3,0.801153943577,0.423042530406,-0.00542470883839,0.012925553196,design_only_not_support,
20B_trendpv_residual_momentum_design_and_replication_diagnostic_v3,P1_TRENDPV_RAW_ADAPTATION,paper_fill_sensitivity,project_conservative_primary,VW,5,4,middle,1,full,,bucket_return,55,54,1,0.00674786965338,0.00144049083156,0.0483196805673,0.0809744358406,0.167384283496,0.483763673323,0.518518518519,-0.0452064512972,0.00144049083156,0.0596430782043,0.0618526183207,0.225563457219,3,1.16555856413,0.243792969065,-0.00459912045079,0.0180948597576,design_only_not_support,
20B_trendpv_residual_momentum_design_and_replication_diagnostic_v3,P1_TRENDPV_RAW_ADAPTATION,paper_fill_sensitivity,project_conservative_primary,VW,5,5,favorable,1,full,,bucket_return,55,54,1,-0.00432565430946,-0.00633189822004,0.0500515341539,-0.0519078517135,0.173383600303,-0.299381554097,0.388888888889,-0.0664919815657,-0.00633189822004,0.0634374705773,0.0923967252976,0.516288969062,3,-0.646744447807,0.517797351199,-0.0174345827044,0.00878327408545,design_only_not_support,
20B_trendpv_residual_momentum_design_and_replication_diagnostic_v3,P1_TRENDPV_RAW_ADAPTATION,paper_fill_sensitivity,project_conservative_primary,VW,5,,,1,full,,favorable_minus_unfavorable,55,54,1,-0.0130131848377,-0.00680877789661,0.0539109943793,-0.156158218052,0.186753162703,-0.836174422925,0.388888888889,-0.0759036764565,-0.00680877789661,0.041504031316,0.115728353701,0.59873294712,3,-1.99447033132,0.0461006791358,-0.0258012284629,-0.000225141212513,design_only_not_support,
20B_trendpv_residual_momentum_design_and_replication_diagnostic_v3,P1_TRENDPV_RAW_ADAPTATION,paper_fill_sensitivity,project_conservative_primary,VW,5,,,1,full,,favorable_minus_middle,55,54,1,-0.00807607648825,-0.00991613975957,0.0341300846045,-0.096912917859,0.118230081203,-0.819697634245,0.37037037037,-0.0483426480003,-0.00991613975957,0.0396225575526,0.0643689488134,0.486239787589,3,-1.72908906036,0.0837931567706,-0.0172305031839,0.0010783502074,design_only_not_support,
20B_trendpv_residual_momentum_design_and_replication_diagnostic_v3,P1_TRENDPV_RAW_ADAPTATION,paper_fill_sensitivity,project_conservative_primary,VW,5,1,unfavorable,1,early,,bucket_return,27,27,0,-0.000733660499616,-0.00610341449669,0.0569140089462,-0.0088039259954,0.197155910314,-0.0446546389675,0.481481481481,-0.072239188787,-0.00610341449669,0.0567635962478,0.0879917206924,0.173988229828,2,-0.0818369197089,0.934776396844,-0.0183045583443,0.0168372373451,design_only_not_support,
20B_trendpv_residual_momentum_design_and_replication_diagnostic_v3,P1_TRENDPV_RAW_ADAPTATION,paper_fill_sensitivity,project_conservative_primary,VW,5,2,middle,1,early,,bucket_return,27,27,0,-0.00125525294844,-0.00167185437165,0.0422279892511,-0.0150630353813,0.146282045769,-0.102972550747,0.481481481481,-0.0434460667436,-0.00167185437165,0.0379455866729,0.0693927527459,0.133135502154,2,-0.194297486436,0.845942953667,-0.0139175401224,0.0114070342255,design_only_not_support,
20B_trendpv_residual_momentum_design_and_replication_diagnostic_v3,P1_TRENDPV_RAW_ADAPTATION,paper_fill_sensitivity,project_conservative_primary,VW,5,3,middle,1,early,,bucket_return,27,27,0,-0.00464332765022,-0.00304946104801,0.0388627426098,-0.0557199318026,0.134624489443,-0.413891499481,0.481481481481,-0.0528375452365,-0.00304946104801,0.0493438929834,0.0621221717067,0.203915531109,2,-0.684694502724,0.493536718707,-0.0179350291706,0.00864837387016,design_only_not_support,
20B_trendpv_residual_momentum_design_and_replication_diagnostic_v3,P1_TRENDPV_RAW_ADAPTATION,paper_fill_sensitivity,project_conservative_primary,VW,5,4,middle,1,early,,bucket_return,27,27,0,-0.00767230224102,-0.0148299271046,0.0483627709157,-0.0920676268923,0.167533552842,-0.549547391138,0.407407407407,-0.053950319737,-0.0148299271046,0.05566539036,0.0756873588017,0.225563457219,2,-1.00689273919,0.313986321573,-0.0226067987227,0.00726219424065,design_only_not_support,
20B_trendpv_residual_momentum_design_and_replication_diagnostic_v3,P1_TRENDPV_RAW_ADAPTATION,paper_fill_sensitivity,project_conservative_primary,VW,5,5,favorable,1,early,,bucket_return,27,27,0,-0.0252349053093,-0.0275774081516,0.0514861293999,-0.302818863711,0.178353184011,-1.69786071042,0.259259259259,-0.0847323922143,-0.0275774081516,0.0369883689014,0.110152053805,0.516288969062,2,-3.22941873959,0.00124042126727,-0.0405502018216,-0.00991960879691,design_only_not_support,
20B_trendpv_residual_momentum_design_and_replication_diagnostic_v3,P1_TRENDPV_RAW_ADAPTATION,paper_fill_sensitivity,project_conservative_primary,VW,5,,,1,early,,favorable_minus_unfavorable,27,27,0,-0.0245012448097,-0.0129044125763,0.050215412556,-0.294014937716,0.17395129174,-1.69021416728,0.296296296296,-0.0875298116023,-0.0129044125763,0.0173047575731,0.123738062224,0.511421464505,2,-2.82539010865,0.00472230832165,-0.0414976791273,-0.00750481049203,design_only_not_support,
20B_trendpv_residual_momentum_design_and_replication_diagnostic_v3,P1_TRENDPV_RAW_ADAPTATION,paper_fill_sensitivity,project_conservative_primary,VW,5,,,1,early,,favorable_minus_middle,27,27,0,-0.0205915776591,-0.0182852071102,0.0295829251668,-0.247098931909,0.102478258851,-2.41123273053,0.259259259259,-0.0558339503995,-0.0182852071102,0.00780428655131,0.0699132111386,0.43955308338,2,-3.90336846372,9.48631154856e-05,-0.0309310449606,-0.0102521103575,design_only_not_support,
20B_trendpv_residual_momentum_design_and_replication_diagnostic_v3,P1_TRENDPV_RAW_ADAPTATION,paper_fill_sensitivity,project_conservative_primary,VW,5,1,unfavorable,1,late,,bucket_return,28,27,1,0.0181087215561,-0.000127279305643,0.0694298449348,0.217304658673,0.240512037977,0.903508450142,0.481481481481,-0.0476271379719,-0.000127279305643,0.0963797899093,0.0702546479066,0.139975711191,2,1.59437367818,0.110852364298,-0.00415233464536,0.0403697777576,design_only_not_support,
20B_trendpv_residual_momentum_design_and_replication_diagnostic_v3,P1_TRENDPV_RAW_ADAPTATION,paper_fill_sensitivity,project_conservative_primary,VW,5,2,middle,1,late,,bucket_return,28,27,1,0.0147064107365,0.00709263250492,0.0639994123814,0.176476928838,0.221700467798,0.796015139662,0.592592592593,-0.0448170093036,0.00709263250492,0.0671638375834,0.0649483546251,0.104311645435,2,1.50294117073,0.132854215027,-0.00447200818423,0.0338848296572,design_only_not_support,
20B_trendpv_residual_momentum_design_and_replication_diagnostic_v3,P1_TRENDPV_RAW_ADAPTATION,paper_fill_sensitivity,project_conservative_primary,VW,5,3,middle,1,late,,bucket_return,28,27,1,0.0121441720078,0.00777074678726,0.04451624365,0.145730064093,0.154208791528,0.94501787252,0.62962962963,-0.0225387151454,0.00777074678726,0.0498754869778,0.0452919824723,0.104320846024,2,1.91838179283,0.055062617981,-0.000263232944819,0.0245515769604,design_only_not_support,
20B_trendpv_residual_momentum_design_and_replication_diagnostic_v3,P1_TRENDPV_RAW_ADAPTATION,paper_fill_sensitivity,project_conservative_primary,VW,5,4,middle,1,late,,bucket_return,28,27,1,0.0211680415478,0.0138386057559,0.0445931263747,0.254016498573,0.154475121098,1.64438452462,0.62962962963,-0.0201322431428,0.0138386057559,0.0643500570425,0.0341464743375,0.05636195822,2,3.08436833576,0.00203984876576,0.00771679495835,0.0346192881372,design_only_not_support,
20B_trendpv_residual_momentum_design_and_replication_diagnostic_v3,P1_TRENDPV_RAW_ADAPTATION,paper_fill_sensitivity,project_conservative_primary,VW,5,5,favorable,1,late,,bucket_return,28,27,1,0.0165835966904,0.00485749934405,0.0393423271076,0.199003160284,0.136285818877,1.46018978295,0.518518518519,-0.0293731447789,0.00485749934405,0.061686500724,0.033822883075,0.04670363265,2,2.72694627953,0.00639234452309,0.00466431082423,0.0285028825565,design_only_not_support,
20B_trendpv_residual_momentum_design_and_replication_diagnostic_v3,P1_TRENDPV_RAW_ADAPTATION,paper_fill_sensitivity,project_conservative_primary,VW,5,,,1,late,,favorable_minus_unfavorable,28,27,1,-0.00152512486575,-0.0027875022299,0.0559364317764,-0.018301498389,0.193769483662,-0.0944498485682,0.481481481481,-0.0625555173396,-0.0027875022299,0.0584579800549,0.0999585959649,0.202192914771,2,-0.163047914229,0.870480709303,-0.0198583235634,0.0168080738319,design_only_not_support,
20B_trendpv_residual_momentum_design_and_replication_diagnostic_v3,P1_TRENDPV_RAW_ADAPTATION,paper_fill_sensitivity,project_conservative_primary,VW,5,,,1,late,,favorable_minus_middle,28,27,1,0.00443942468257,-0.000403990066194,0.0342644670333,0.0532730961908,0.118695595592,0.448821170872,0.481481481481,-0.0317856292075,-0.000403990066194,0.0427197889537,0.050738818826,0.119416894553,2,0.771818504905,0.44022193013,-0.0068340967925,0.0157129461576,design_only_not_support,
20B_trendpv_residual_momentum_design_and_replication_diagnostic_v3,P1_TRENDPV_RAW_ADAPTATION,paper_fill_sensitivity,project_conservative_primary,VW,10,1,unfavorable,1,full,,bucket_return,55,54,1,0.0116423020503,0.00226764408986,0.0702722669934,0.139707624603,0.243430273591,0.573912285199,0.518518518519,-0.0704026473413,0.00226764408986,0.0927660643531,0.0857109741365,0.187744111013,3,1.45466788301,0.145761228059,-0.00404409137476,0.0273286954753,design_only_not_support,
20B_trendpv_residual_momentum_design_and_replication_diagnostic_v3,P1_TRENDPV_RAW_ADAPTATION,paper_fill_sensitivity,project_conservative_primary,VW,10,2,middle,1,full,,bucket_return,55,54,1,0.00693114516756,-0.00197269712992,0.0611523801177,0.0831737420107,0.211838058735,0.392628890707,0.481481481481,-0.0514478590674,-0.00197269712992,0.0658215669902,0.0789465817134,0.229840888898,3,1.01160160911,0.311728576223,-0.00649785175935,0.0203601420945,design_only_not_support,
20B_trendpv_residual_momentum_design_and_replication_diagnostic_v3,P1_TRENDPV_RAW_ADAPTATION,paper_fill_sensitivity,project_conservative_primary,VW,10,3,middle,1,full,,bucket_return,55,54,1,0.00939524164505,0.00306426044491,0.0595375207968,0.112742899741,0.206244021954,0.54664808547,0.574074074074,-0.0515944118409,0.00306426044491,0.0740240450914,0.0672937119982,0.149320051967,3,1.46976045,0.1416266442,-0.00313355871173,0.0219240420018,design_only_not_support,
20B_trendpv_residual_momentum_design_and_replication_diagnostic_v3,P1_TRENDPV_RAW_ADAPTATION,paper_fill_sensitivity,project_conservative_primary,VW,10,4,middle,1,full,,bucket_return,55,54,1,0.00349678378391,0.000703162820342,0.0531789077759,0.041961405407,0.184217140318,0.227782308066,0.518518518519,-0.0481377313504,0.000703162820342,0.0595342934664,0.073040313661,0.144246349709,3,0.706626206803,0.479798798536,-0.00620222003481,0.0131957876026,design_only_not_support,
20B_trendpv_residual_momentum_design_and_replication_diagnostic_v3,P1_TRENDPV_RAW_ADAPTATION,paper_fill_sensitivity,project_conservative_primary,VW,10,5,middle,1,full,,bucket_return,55,54,1,0.00681108026486,0.00253202669732,0.0417380335365,0.0817329631783,0.144584789386,0.56529434061,0.537037037037,-0.038930122001,0.00253202669732,0.0584990803538,0.0557800381316,0.178858308441,3,1.44020667427,0.149808935499,-0.00245805607053,0.0160802166002,design_only_not_support,
20B_trendpv_residual_momentum_design_and_replication_diagnostic_v3,P1_TRENDPV_RAW_ADAPTATION,paper_fill_sensitivity,project_conservative_primary,VW,10,6,middle,1,full,,bucket_return,55,54,1,0.00144632910683,-0.000766348929436,0.0478023539737,0.017355949282,0.165592211608,0.104811386438,0.462962962963,-0.0575468674886,-0.000766348929436,0.0542624676769,0.0749039940371,0.268993769983,3,0.260669980015,0.794347018345,-0.00942854401441,0.0123212022281,design_only_not_support,
20B_trendpv_residual_momentum_design_and_replication_diagnostic_v3,P1_TRENDPV_RAW_ADAPTATION,paper_fill_sensitivity,project_conservative_primary,VW,10,7,middle,1,full,,bucket_return,55,54,1,0.00813276177647,0.00863469920058,0.0484886522856,0.0975931413177,0.167969618698,0.581016627137,0.574074074074,-0.0418869005413,0.00863469920058,0.0654874466465,0.0673148023824,0.211164326082,3,1.33325448804,0.182448303656,-0.00382288534095,0.0200884088939,design_only_not_support,
20B_trendpv_residual_momentum_design_and_replication_diagnostic_v3,P1_TRENDPV_RAW_ADAPTATION,paper_fill_sensitivity,project_conservative_primary,VW,10,8,middle,1,full,,bucket_return,55,54,1,0.0041561439804,-0.00288758330373,0.0521422723744,0.0498737277648,0.180626129949,0.276115796639,0.481481481481,-0.0492143054319,-0.00288758330373,0.0736640451006,0.0672733781367,0.254482477456,3,0.712635083195,0.476071596421,-0.0072745204764,0.0155868084372,design_only_not_support,
20B_trendpv_residual_momentum_design_and_replication_diagnostic_v3,P1_TRENDPV_RAW_ADAPTATION,paper_fill_sensitivity,project_conservative_primary,VW,10,9,middle,1,full,,bucket_return,55,54,1,-0.00570928268213,-0.00481379808679,0.0509584364972,-0.0685113921856,0.176525202175,-0.38811111015,0.444444444444,-0.067967247452,-0.00481379808679,0.0655621164812,0.097254333767,0.530506521703,3,-0.856675684011,0.391624145367,-0.0187713884981,0.00735282313386,design_only_not_support,
20B_trendpv_residual_momentum_design_and_replication_diagnostic_v3,P1_TRENDPV_RAW_ADAPTATION,paper_fill_sensitivity,project_conservative_primary,VW,10,10,favorable,1,full,,bucket_return,55,54,1,-0.00227614754324,-0.00840855764587,0.0547614744735,-0.0273137705188,0.189699312171,-0.143984552217,0.444444444444,-0.076980604787,-0.00840855764587,0.0716341949331,0.0914502820088,0.497160617898,3,-0.302984754941,0.761901479671,-0.0170002124854,0.012447917399,design_only_not_support,
20B_trendpv_residual_momentum_design_and_replication_diagnostic_v3,P1_TRENDPV_RAW_ADAPTATION,paper_fill_sensitivity,project_conservative_primary,VW,10,,,1,full,,favorable_minus_unfavorable,55,54,1,-0.0139184495935,-0.00687903322405,0.0602123910056,-0.167021395122,0.208581840934,-0.800747535713,0.388888888889,-0.081839227788,-0.00687903322405,0.0591618285318,0.121475635454,0.660724359303,3,-1.77629593403,0.0756841530453,-0.0292760594385,0.00143916025143,design_only_not_support,
20B_trendpv_residual_momentum_design_and_replication_diagnostic_v3,P1_TRENDPV_RAW_ADAPTATION,paper_fill_sensitivity,project_conservative_primary,VW,10,,,1,full,,favorable_minus_middle,55,54,1,-0.00640485222908,-0.0077277543802,0.0372039557736,-0.076858226749,0.128878283285,-0.596362899862,0.425925925926,-0.0523018037004,-0.0077277543802,0.0420071406908,0.0662531124377,0.487403677259,3,-1.13656652293,0.255719541493,-0.0174497664,0.00464006194185,design_only_not_support,
20B_trendpv_residual_momentum_design_and_replication_diagnostic_v3,P1_TRENDPV_RAW_ADAPTATION,paper_fill_sensitivity,project_conservative_primary,VW,10,1,unfavorable,1,early,,bucket_return,27,27,0,0.000400187456333,-0.00631704160942,0.0593907017011,0.004802249476,0.205735425687,0.0233418695879,0.481481481481,-0.0745910099085,-0.00631704160942,0.07095754375,0.0917162388872,0.187744111013,2,0.0426037697556,0.96601739039,-0.0180102256592,0.0188106005718,design_only_not_support,
20B_trendpv_residual_momentum_design_and_replication_diagnostic_v3,P1_TRENDPV_RAW_ADAPTATION,paper_fill_sensitivity,project_conservative_primary,VW,10,2,middle,1,early,,bucket_return,27,27,0,-0.0015657012289,-0.00601519350885,0.0592003568473,-0.0187884147468,0.205076051771,-0.0916168152472,0.444444444444,-0.066475211619,-0.00601519350885,0.0554223613067,0.0850633671921,0.229840888898,2,-0.16695934213,0.867402040096,-0.0199457330381,0.0168143305803,design_only_not_support,
20B_trendpv_residual_momentum_design_and_replication_diagnostic_v3,P1_TRENDPV_RAW_ADAPTATION,paper_fill_sensitivity,project_conservative_primary,VW,10,3,middle,1,early,,bucket_return,27,27,0,0.000162000606552,0.00288888679942,0.0481394828612,0.00194400727863,0.166760060331,0.0116575112456,0.555555555556,-0.0506912571096,0.00288888679942,0.0397557633789,0.0733289049477,0.149320051967,2,0.0191420231905,0.984727807905,-0.0164253450025,0.0167493462156,design_only_not_support,
20B_trendpv_residual_momentum_design_and_replication_diagnostic_v3,P1_TRENDPV_RAW_ADAPTATION,paper_fill_sensitivity,project_conservative_primary,VW,10,4,middle,1,early,,bucket_return,27,27,0,-0.00369115028127,-0.00175852677639,0.0416920151324,-0.0442938033752,0.144425376958,-0.306689892788,0.481481481481,-0.0527148704584,-0.00175852677639,0.0537180305053,0.0689363043909,0.144246349709,2,-0.692312316396,0.488741217106,-0.0141409450364,0.00675864447389,design_only_not_support,
20B_trendpv_residual_momentum_design_and_replication_diagnostic_v3,P1_TRENDPV_RAW_ADAPTATION,paper_fill_sensitivity,project_conservative_primary,VW,10,5,middle,1,early,,bucket_return,27,27,0,-0.000106668595136,-0.00516717260555,0.0399442719899,-0.00128002314164,0.138371017116,-0.00925065933834,0.481481481481,-0.0539000989372,-0.00516717260555,0.0565508083847,0.0596144410725,0.178858308441,2,-0.0154563150607,0.987668135857,-0.0136329589126,0.0134196217223,design_only_not_support,
20B_trendpv_residual_momentum_design_and_replication_diagnostic_v3,P1_TRENDPV_RAW_ADAPTATION,paper_fill_sensitivity,project_conservative_primary,VW,10,6,middle,1,early,,bucket_return,27,27,0,-0.00874663399553,-0.00552006182149,0.0438302979164,-0.104959607946,0.151832605804,-0.691285033214,0.333333333333,-0.0621557560925,-0.00552006182149,0.0491057585282,0.0763993739761,0.268993769983,2,-1.10573194801,0.268842557619,-0.024250470751,0.00675720275989,design_only_not_support,
20B_trendpv_residual_momentum_design_and_replication_diagnostic_v3,P1_TRENDPV_RAW_ADAPTATION,paper_fill_sensitivity,project_conservative_primary,VW,10,7,middle,1,early,,bucket_return,27,27,0,-0.00640068120447,-0.0072476767232,0.0503195749989,-0.0768081744536,0.174312121027,-0.440635877764,0.37037037037,-0.0603723007374,-0.0072476767232,0.0605678386353,0.0821407392782,0.211164326082,2,-0.76521346223,0.444144444597,-0.022794936215,0.00999357380605,design_only_not_support,
20B_trendpv_residual_momentum_design_and_replication_diagnostic_v3,P1_TRENDPV_RAW_ADAPTATION,paper_fill_sensitivity,project_conservative_primary,VW,10,8,middle,1,early,,bucket_return,27,27,0,-0.00958066465721,-0.0269282496399,0.0503014557406,-0.114967975886,0.174249354075,-0.659789968789,0.333333333333,-0.0634147025416,-0.0269282496399,0.0522431927785,0.0787753002106,0.254482477456,2,-1.26396046587,0.206244217128,-0.0244369502635,0.00527562094909,design_only_not_support,
20B_trendpv_residual_momentum_design_and_replication_diagnostic_v3,P1_TRENDPV_RAW_ADAPTATION,paper_fill_sensitivity,project_conservative_primary,VW,10,9,middle,1,early,,bucket_return,27,27,0,-0.025714351675,-0.0196035673907,0.0543092899587,-0.3085722201,0.188132899063,-1.64018213528,0.333333333333,-0.0846517129044,-0.0196035673907,0.0351473511165,0.117361117751,0.530506521703,2,-2.97856897017,0.00289597845246,-0.0426349614288,-0.00879374192129,design_only_not_support,
20B_trendpv_residual_momentum_design_and_replication_diagnostic_v3,P1_TRENDPV_RAW_ADAPTATION,paper_fill_sensitivity,project_conservative_primary,VW,10,10,favorable,1,early,,bucket_return,27,27,0,-0.0237627346214,-0.0193706075822,0.0530567731325,-0.285152815457,0.183794053502,-1.55148009428,0.333333333333,-0.0856793189316,-0.0193706075822,0.0441828138678,0.100424128638,0.497160617898,2,-2.80167617844,0.00508378742675,-0.0403863916987,-0.00713907754404,design_only_not_support,
20B_trendpv_residual_momentum_design_and_replication_diagnostic_v3,P1_TRENDPV_RAW_ADAPTATION,paper_fill_sensitivity,project_conservative_primary,VW,10,,,1,early,,favorable_minus_unfavorable,27,27,0,-0.0241629220777,-0.021632534812,0.0531414645321,-0.289955064933,0.184087433116,-1.57509429092,0.296296296296,-0.0963197287997,-0.021632534812,0.0222677680328,0.125429619411,0.504739733088,2,-2.75439783041,0.00588002455412,-0.0413566827287,-0.00696916142679,design_only_not_support,
20B_trendpv_residual_momentum_design_and_replication_diagnostic_v3,P1_TRENDPV_RAW_ADAPTATION,paper_fill_sensitivity,project_conservative_primary,VW,10,,,1,early,,favorable_minus_middle,27,27,0,-0.0193360833261,-0.0191337418563,0.0321863008909,-0.232032999913,0.111496616902,-2.08107659551,0.296296296296,-0.0572860166788,-0.0191337418563,0.0153739767317,0.0781574599516,0.417994784478,2,-3.32711854835,0.000877490344989,-0.0307267285256,-0.00794543812649,design_only_not_support,
20B_trendpv_residual_momentum_design_and_replication_diagnostic_v3,P1_TRENDPV_RAW_ADAPTATION,paper_fill_sensitivity,project_conservative_primary,VW,10,1,unfavorable,1,late,,bucket_return,28,27,1,0.0228844166442,0.0148847216481,0.0792247801884,0.274612999731,0.274442689009,1.00062056935,0.555555555556,-0.0670201965112,0.0148847216481,0.107102193955,0.0785846132881,0.176955212193,2,1.66227388673,0.0964578711699,-0.00409828024338,0.0498671135318,design_only_not_support,
20B_trendpv_residual_momentum_design_and_replication_diagnostic_v3,P1_TRENDPV_RAW_ADAPTATION,paper_fill_sensitivity,project_conservative_primary,VW,10,2,middle,1,late,,bucket_return,28,27,1,0.015427991564,0.000417393636209,0.0629954749395,0.185135898768,0.218222726484,0.848380467748,0.518518518519,-0.0389403845284,0.000417393636209,0.0812037354801,0.0668513275084,0.124160850812,2,1.55770289618,0.11930369365,-0.00398412347634,0.0348401066044,design_only_not_support,
20B_trendpv_residual_momentum_design_and_replication_diagnostic_v3,P1_TRENDPV_RAW_ADAPTATION,paper_fill_sensitivity,project_conservative_primary,VW,10,3,middle,1,late,,bucket_return,28,27,1,0.0186284826835,0.0032396340904,0.0687844082432,0.223541792202,0.238276179692,0.938162566194,0.592592592593,-0.0522564780132,0.0032396340904,0.0762921654799,0.061143989446,0.0860811731175,2,1.71283070774,0.0867436890157,-0.00268778341411,0.0399447487812,design_only_not_support,
20B_trendpv_residual_momentum_design_and_replication_diagnostic_v3,P1_TRENDPV_RAW_ADAPTATION,paper_fill_sensitivity,project_conservative_primary,VW,10,4,middle,1,late,,bucket_return,28,27,1,0.0106847178491,0.0117118259913,0.0626037562302,0.128216614189,0.216865773071,0.591225680169,0.555555555556,-0.0370282201554,0.0117118259913,0.0646486141323,0.0733675266592,0.140734181157,2,1.17383154594,0.240462505715,-0.00715571440164,0.0285251500998,design_only_not_support,
20B_trendpv_residual_momentum_design_and_replication_diagnostic_v3,P1_TRENDPV_RAW_ADAPTATION,paper_fill_sensitivity,project_conservative_primary,VW,10,5,middle,1,late,,bucket_return,28,27,1,0.0137288291249,0.00865143007335,0.04308355592,0.164745949498,0.149245815648,1.10385640484,0.592592592593,-0.0279192464628,0.00865143007335,0.0531634817689,0.0396045642831,0.0935185075008,2,2.20977416247,0.0271208397535,0.0015520143663,0.0259056438834,design_only_not_support,
20B_trendpv_residual_momentum_design_and_replication_diagnostic_v3,P1_TRENDPV_RAW_ADAPTATION,paper_fill_sensitivity,project_conservative_primary,VW,10,6,middle,1,late,,bucket_return,28,27,1,0.0116392922092,0.00681110458657,0.0502109267065,0.13967150651,0.173935752301,0.803006309296,0.592592592593,-0.0273120876744,0.00681110458657,0.0604622517865,0.0648673428593,0.107069935932,2,1.53440307531,0.124930521515,-0.00322811382161,0.02650669824,design_only_not_support,
20B_trendpv_residual_momentum_design_and_replication_diagnostic_v3,P1_TRENDPV_RAW_ADAPTATION,paper_fill_sensitivity,project_conservative_primary,VW,10,7,middle,1,late,,bucket_return,28,27,1,0.0226662047574,0.0189170727978,0.0426846377481,0.271994457089,0.147863922565,1.8394916919,0.777777777778,-0.0239436539217,0.0189170727978,0.058316276515,0.0328466503663,0.0463312680285,2,3.28590685862,0.00101654617561,0.00914636171191,0.0361860478029,design_only_not_support,
20B_trendpv_residual_momentum_design_and_replication_diagnostic_v3,P1_TRENDPV_RAW_ADAPTATION,paper_fill_sensitivity,project_conservative_primary,VW,10,8,middle,1,late,,bucket_return,28,27,1,0.017892952618,0.00829565278426,0.0511864372098,0.214715431416,0.177315019812,1.21092635945,0.62962962963,-0.0340464952448,0.00829565278426,0.0811879609689,0.0437841978215,0.0709435820262,2,2.3484564083,0.0188514056835,0.0029599342386,0.0328259709974,design_only_not_support,
20B_trendpv_residual_momentum_design_and_replication_diagnostic_v3,P1_TRENDPV_RAW_ADAPTATION,paper_fill_sensitivity,project_conservative_primary,VW,10,9,middle,1,late,,bucket_return,28,27,1,0.0142957863108,0.0154890555338,0.0388935803875,0.171549435729,0.134731314639,1.27327070317,0.555555555556,-0.0253174754549,0.0154890555338,0.0672714829252,0.0333589531781,0.0531362773249,2,2.30998999218,0.0208887081944,0.00216619856597,0.0264253740556,design_only_not_support,
20B_trendpv_residual_momentum_design_and_replication_diagnostic_v3,P1_TRENDPV_RAW_ADAPTATION,paper_fill_sensitivity,project_conservative_primary,VW,10,10,favorable,1,late,,bucket_return,28,27,1,0.0192104395349,0.00813122071094,0.0483642016844,0.230525274419,0.16753850917,1.37595395567,0.555555555556,-0.0314252050458,0.00813122071094,0.0861404160871,0.0446861944092,0.0891486544145,2,2.46809944925,0.013583257639,0.00395506981025,0.0344658092596,design_only_not_support,
20B_trendpv_residual_momentum_design_and_replication_diagnostic_v3,P1_TRENDPV_RAW_ADAPTATION,paper_fill_sensitivity,project_conservative_primary,VW,10,,,1,late,,favorable_minus_unfavorable,28,27,1,-0.00367397710931,-0.000923188327487,0.0659433157995,-0.0440877253118,0.228434346769,-0.192999546414,0.481481481481,-0.0714407693838,-0.000923188327487,0.073215369749,0.111553976051,0.316158027188,2,-0.299590500496,0.764489531043,-0.0277096618268,0.0203617076082,design_only_not_support,
20B_trendpv_residual_momentum_design_and_replication_diagnostic_v3,P1_TRENDPV_RAW_ADAPTATION,paper_fill_sensitivity,project_conservative_primary,VW,10,,,1,late,,favorable_minus_middle,28,27,1,0.0065263788679,0.00504173312261,0.0379242708514,0.0783165464148,0.131373527909,0.596136433733,0.555555555556,-0.0433990636491,0.00504173312261,0.0557883376516,0.0513888648612,0.147421225191,2,0.899416937279,0.368430620883,-0.00769557649047,0.0207483342263,design_only_not_support,
20B_trendpv_residual_momentum_design_and_replication_diagnostic_v3,P1_TRENDPV_RAW_ADAPTATION,project_strict_primary,paper_qfq_complete_case_sensitivity,EW,5,1,unfavorable,1,full,,bucket_return,55,54,1,0.011467202147,0.000822309687887,0.0790430408024,0.137606425764,0.273813125309,0.502555988173,0.518518518519,-0.0604157585064,0.000822309687887,0.0940274393143,0.101779412612,0.232261726305,3,1.38391374973,0.16638486608,-0.00477319088036,0.0277075951744,design_only_not_support,
20B_trendpv_residual_momentum_design_and_replication_diagnostic_v3,P1_TRENDPV_RAW_ADAPTATION,project_strict_primary,paper_qfq_complete_case_sensitivity,EW,5,2,middle,1,full,,bucket_return,55,54,1,0.00740655883708,0.00035748707446,0.0631772890884,0.0888787060449,0.218852549171,0.406112272311,0.518518518519,-0.0630603504785,0.00035748707446,0.0802434766786,0.0795978302377,0.181935599799,3,1.14215873612,0.253388044462,-0.00530322318443,0.0201163408586,design_only_not_support,
20B_trendpv_residual_momentum_design_and_replication_diagnostic_v3,P1_TRENDPV_RAW_ADAPTATION,project_strict_primary,paper_qfq_complete_case_sensitivity,EW,5,3,middle,1,full,,bucket_return,55,54,1,0.00302540014441,-0.00205323182944,0.054921314457,0.0363048017329,0.190253014116,0.190823792735,0.462962962963,-0.0581460263868,-0.00205323182944,0.0708435302278,0.0838755200268,0.322048957148,3,0.483703195623,0.628596524963,-0.00923351270859,0.0152843129974,design_only_not_support,
20B_trendpv_residual_momentum_design_and_replication_diagnostic_v3,P1_TRENDPV_RAW_ADAPTATION,project_strict_primary,paper_qfq_complete_case_sensitivity,EW,5,4,middle,1,full,,bucket_return,55,54,1,0.00326359281514,-0.00251054996704,0.0525852543885,0.0391631137817,0.18216066466,0.214992154617,0.481481481481,-0.0663589749366,-0.00251054996704,0.0693293179471,0.0778639295435,0.362606021942,3,0.481498233301,0.630162435063,-0.0100210340754,0.0165482197057,design_only_not_support,
20B_trendpv_residual_momentum_design_and_replication_diagnostic_v3,P1_TRENDPV_RAW_ADAPTATION,project_strict_primary,paper_qfq_complete_case_sensitivity,EW,5,5,favorable,1,full,,bucket_return,55,54,1,-0.0041919535134,-0.011760099516,0.0608033393097,-0.0503034421608,0.210628945909,-0.238824924769,0.407407407407,-0.0643405235895,-0.011760099516,0.0711679675155,0.10236111542,0.557396903894,3,-0.496051953327,0.619857756544,-0.0207548918428,0.012370984816,design_only_not_support,
20B_trendpv_residual_momentum_design_and_replication_diagnostic_v3,P1_TRENDPV_RAW_ADAPTATION,project_strict_primary,paper_qfq_complete_case_sensitivity,EW,5,,,1,full,,favorable_minus_unfavorable,55,54,1,-0.0156591556604,-0.0100797548377,0.0506108010091,-0.187909867925,0.175320957519,-1.07180493755,0.37037037037,-0.0758408822671,-0.0100797548377,0.0414664232383,0.11827214128,0.639993229211,3,-2.40846104742,0.0160199357262,-0.028402305962,-0.00291600535888,design_only_not_support,
20B_trendpv_residual_momentum_design_and_replication_diagnostic_v3,P1_TRENDPV_RAW_ADAPTATION,project_strict_primary,paper_qfq_complete_case_sensitivity,EW,5,,,1,full,,favorable_minus_middle,55,54,1,-0.00721735365781,-0.00510629698512,0.0303117729746,-0.0866082438937,0.105003061719,-0.824816367025,0.407407407407,-0.0391895094471,-0.00510629698512,0.0235515386481,0.0632493776638,0.447897205446,3,-1.53478946498,0.124835551409,-0.016434092211,0.00199938489542,design_only_not_support,
20B_trendpv_residual_momentum_design_and_replication_diagnostic_v3,P1_TRENDPV_RAW_ADAPTATION,project_strict_primary,paper_qfq_complete_case_sensitivity,EW,5,1,unfavorable,1,early,,bucket_return,27,27,0,-0.00408146948206,-0.0127372258451,0.0697097071137,-0.0489776337847,0.241481509003,-0.202821466484,0.444444444444,-0.0994272850324,-0.0127372258451,0.0864022012574,0.117424245342,0.232261726305,2,-0.377661304741,0.705682216842,-0.0252632349646,0.0171002960004,design_only_not_support,
20B_trendpv_residual_momentum_design_and_replication_diagnostic_v3,P1_TRENDPV_RAW_ADAPTATION,project_strict_primary,paper_qfq_complete_case_sensitivity,EW,5,2,middle,1,early,,bucket_return,27,27,0,-0.00405416077129,-0.00723440099157,0.0525447327562,-0.0486499292554,0.182020293608,-0.267277501267,0.444444444444,-0.0653896045608,-0.00723440099157,0.0656798545382,0.0861398310996,0.181935599799,2,-0.502771919654,0.61512463828,-0.0198585619095,0.0117502403669,design_only_not_support,
20B_trendpv_residual_momentum_design_and_replication_diagnostic_v3,P1_TRENDPV_RAW_ADAPTATION,project_strict_primary,paper_qfq_complete_case_sensitivity,EW,5,3,middle,1,early,,bucket_return,27,27,0,-0.0112220503311,-0.010519715198,0.0480225171852,-0.134664603973,0.166354879344,-0.809501978564,0.37037037037,-0.083454877965,-0.010519715198,0.0473765781436,0.0925201098191,0.322048957148,2,-1.33671229697,0.18131656641,-0.0276764620482,0.00523236138603,design_only_not_support,
20B_trendpv_residual_momentum_design_and_replication_diagnostic_v3,P1_TRENDPV_RAW_ADAPTATION,project_strict_primary,paper_qfq_complete_case_sensitivity,EW,5,4,middle,1,early,,bucket_return,27,27,0,-0.0139489511617,-0.0151665030218,0.047703888333,-0.167387413941,0.165251116623,-1.01292758174,0.37037037037,-0.0726132537429,-0.0151665030218,0.0473867190219,0.0883383302435,0.362606021942,2,-1.67205760626,0.0945129631948,-0.0302997286689,0.00240182634545,design_only_not_support,
20B_trendpv_residual_momentum_design_and_replication_diagnostic_v3,P1_TRENDPV_RAW_ADAPTATION,project_strict_primary,paper_qfq_complete_case_sensitivity,EW,5,5,favorable,1,early,,bucket_return,27,27,0,-0.0269843726452,-0.0231781238486,0.0533229331458,-0.323812471743,0.184716058834,-1.75302826287,0.222222222222,-0.103062855584,-0.0231781238486,0.0403159707733,0.120655643644,0.556244589824,2,-3.06027039726,0.00221137243326,-0.0442666358653,-0.00970210942514,design_only_not_support,
20B_trendpv_residual_momentum_design_and_replication_diagnostic_v3,P1_TRENDPV_RAW_ADAPTATION,project_strict_primary,paper_qfq_complete_case_sensitivity,EW,5,,,1,early,,favorable_minus_unfavorable,27,27,0,-0.0229029031631,-0.0157520024495,0.0502080363926,-0.274834837958,0.173925739961,-1.58018495721,0.259259259259,-0.0742689316162,-0.0157520024495,0.0372045396516,0.124712655603,0.500963799002,2,-2.7901759949,0.00526793972934,-0.0389910873577,-0.00681471896858,design_only_not_support,
20B_trendpv_residual_momentum_design_and_replication_diagnostic_v3,P1_TRENDPV_RAW_ADAPTATION,project_strict_primary,paper_qfq_complete_case_sensitivity,EW,5,,,1,early,,favorable_minus_middle,27,27,0,-0.0157623223141,-0.0173250598979,0.0284763557516,-0.18914786777,0.0986449899523,-1.91746045959,0.333333333333,-0.0493173889998,-0.0173250598979,0.0202499574608,0.073786348046,0.356954698194,2,-3.00555594463,0.00265095824778,-0.0260411474692,-0.00548349715913,design_only_not_support,
20B_trendpv_residual_momentum_design_and_replication_diagnostic_v3,P1_TRENDPV_RAW_ADAPTATION,project_strict_primary,paper_qfq_complete_case_sensitivity,EW,5,1,unfavorable,1,late,,bucket_return,28,27,1,0.0270158737761,0.00489403870128,0.0858739892383,0.324190485314,0.297476224819,1.08980301035,0.592592592593,-0.051341901535,0.00489403870128,0.127415634116,0.0715838995342,0.118763022856,2,1.87272771935,0.0611059935828,-0.00125846587567,0.0552902134279,design_only_not_support,
20B_trendpv_residual_momentum_design_and_replication_diagnostic_v3,P1_TRENDPV_RAW_ADAPTATION,project_strict_primary,paper_qfq_complete_case_sensitivity,EW,5,2,middle,1,late,,bucket_return,28,27,1,0.0188672784454,0.0130970393055,0.0714318214141,0.226407341345,0.247447087933,0.914972745231,0.592592592593,-0.0593090185722,0.0130970393055,0.0933456875585,0.0727438741601,0.132131423558,2,1.60793284821,0.107849886702,-0.00413068834192,0.0418652452328,design_only_not_support,
20B_trendpv_residual_momentum_design_and_replication_diagnostic_v3,P1_TRENDPV_RAW_ADAPTATION,project_strict_primary,paper_qfq_complete_case_sensitivity,EW,5,3,middle,1,late,,bucket_return,28,27,1,0.0172728506199,0.011728783195,0.0584889613911,0.207274207439,0.202611705623,1.02301200615,0.555555555556,-0.0355831759264,0.011728783195,0.0843408882154,0.0612319049283,0.0999009330133,2,1.89038850385,0.0587060198019,-0.000635724816565,0.0351814260563,design_only_not_support,
20B_trendpv_residual_momentum_design_and_replication_diagnostic_v3,P1_TRENDPV_RAW_ADAPTATION,project_strict_primary,paper_qfq_complete_case_sensitivity,EW,5,4,middle,1,late,,bucket_return,28,27,1,0.020476136792,0.00542394811756,0.0524001690727,0.245713641504,0.181519510318,1.35364865778,0.592592592593,-0.0299812045903,0.00542394811756,0.0789307331148,0.0450282708479,0.0779386956134,2,2.33373589034,0.0196095555593,0.00327946478601,0.037672808798,design_only_not_support,
20B_trendpv_residual_momentum_design_and_replication_diagnostic_v3,P1_TRENDPV_RAW_ADAPTATION,project_strict_primary,paper_qfq_complete_case_sensitivity,EW,5,5,favorable,1,late,,bucket_return,28,27,1,0.0186004656184,0.00409552603359,0.0601165632557,0.223205587421,0.208249883871,1.07181614353,0.592592592593,-0.0449363914183,0.00409552603359,0.0778904522977,0.0672646428054,0.101811211061,2,1.71192758936,0.0869100135957,-0.00269496938386,0.0398959006207,design_only_not_support,
20B_trendpv_residual_momentum_design_and_replication_diagnostic_v3,P1_TRENDPV_RAW_ADAPTATION,project_strict_primary,paper_qfq_complete_case_sensitivity,EW,5,,,1,late,,favorable_minus_unfavorable,28,27,1,-0.00841540815773,-0.000145910535218,0.0509077284413,-0.100984897893,0.176349544316,-0.572640537769,0.481481481481,-0.0690633395051,-0.000145910535218,0.0473229569506,0.111831626957,0.278595881283,2,-0.850222741567,0.395201260391,-0.0278149091332,0.0109840928177,design_only_not_support,
20B_trendpv_residual_momentum_design_and_replication_diagnostic_v3,P1_TRENDPV_RAW_ADAPTATION,project_strict_primary,paper_qfq_complete_case_sensitivity,EW,5,,,1,late,,favorable_minus_middle,28,27,1,0.00132761499853,-0.00126498747253,0.0301727243119,0.0159313799823,0.104521383022,0.15242220799,0.481481481481,-0.0276794855746,-0.00126498747253,0.0368359476055,0.0488567866181,0.141424728547,2,0.207261149359,0.83580591365,-0.0112269693531,0.0138821993502,design_only_not_support,
20B_trendpv_residual_momentum_design_and_replication_diagnostic_v3,P1_TRENDPV_RAW_ADAPTATION,project_strict_primary,paper_qfq_complete_case_sensitivity,EW,10,1,unfavorable,1,full,,bucket_return,55,54,1,0.0120521181084,-1.12057610535e-05,0.0814987203285,0.144625417301,0.282319848722,0.512275059495,0.5,-0.0673115524165,-1.12057610535e-05,0.104597699059,0.109929206392,0.234370895796,3,1.40050581225,0.161361904119,-0.00481444340336,0.0289186796201,design_only_not_support,
20B_trendpv_residual_momentum_design_and_replication_diagnostic_v3,P1_TRENDPV_RAW_ADAPTATION,project_strict_primary,paper_qfq_complete_case_sensitivity,EW,10,2,middle,1,full,,bucket_return,55,54,1,0.0108752911905,-0.00183006530957,0.0785746994587,0.130503494287,0.272190743304,0.479456034039,0.5,-0.0706799849969,-0.00183006530957,0.0978169373475,0.0977592107225,0.243645194253,3,1.31900588583,0.187167144756,-0.00528474212232,0.0270353245034,design_only_not_support,
20B_trendpv_residual_momentum_design_and_replication_diagnostic_v3,P1_TRENDPV_RAW_ADAPTATION,project_strict_primary,paper_qfq_complete_case_sensitivity,EW,10,3,middle,1,full,,bucket_return,55,54,1,0.00633512045099,-0.00011610824239,0.0642394761309,0.0760214454119,0.222532073021,0.341620173578,0.5,-0.065521510931,-0.00011610824239,0.0771453622662,0.0737686312083,0.176503865786,3,0.959496026716,0.337308920341,-0.00660563967301,0.019275880575,design_only_not_support,
20B_trendpv_residual_momentum_design_and_replication_diagnostic_v3,P1_TRENDPV_RAW_ADAPTATION,project_strict_primary,paper_qfq_complete_case_sensitivity,EW,10,4,middle,1,full,,bucket_return,55,54,1,0.00851261725424,0.00153421311372,0.0638034270143,0.102151407051,0.221021554572,0.462178484125,0.537037037037,-0.0595832695478,0.00153421311372,0.0908179207682,0.0873215818466,0.201336687929,3,1.30370687615,0.19233354406,-0.00428506260596,0.0213102971144,design_only_not_support,
20B_trendpv_residual_momentum_design_and_replication_diagnostic_v3,P1_TRENDPV_RAW_ADAPTATION,project_strict_primary,paper_qfq_complete_case_sensitivity,EW,10,5,middle,1,full,,bucket_return,55,54,1,0.00370668053243,0.00311759259746,0.0585256913464,0.0444801663891,0.20273894192,0.219396263825,0.518518518519,-0.062542772319,0.00311759259746,0.0549497341105,0.0874286889108,0.303793736025,3,0.592092395707,0.55378871874,-0.00856329692114,0.015976657986,design_only_not_support,
20B_trendpv_residual_momentum_design_and_replication_diagnostic_v3,P1_TRENDPV_RAW_ADAPTATION,project_strict_primary,paper_qfq_complete_case_sensitivity,EW,10,6,middle,1,full,,bucket_return,55,54,1,0.00232712316456,-0.00253622766357,0.0529331206431,0.0279254779747,0.183365708714,0.152293894919,0.444444444444,-0.0537755819195,-0.00253622766357,0.07231325341,0.0804773122172,0.349173262662,3,0.361507517056,0.717720086616,-0.0102897032496,0.0149439495788,design_only_not_support,
20B_trendpv_residual_momentum_design_and_replication_diagnostic_v3,P1_TRENDPV_RAW_ADAPTATION,project_strict_primary,paper_qfq_complete_case_sensitivity,EW,10,7,middle,1,full,,bucket_return,55,54,1,0.00462933715771,-0.00355494556741,0.0561765353404,0.0555520458925,0.194601226806,0.285466062082,0.481481481481,-0.0597298251284,-0.00355494556741,0.0758918763838,0.0822804266766,0.371075396598,3,0.642893726572,0.520293060364,-0.00948393495303,0.0187426092684,design_only_not_support,
20B_trendpv_residual_momentum_design_and_replication_diagnostic_v3,P1_TRENDPV_RAW_ADAPTATION,project_strict_primary,paper_qfq_complete_case_sensitivity,EW,10,8,middle,1,full,,bucket_return,55,54,1,0.00185818014568,-0.0041719412847,0.0506453025124,0.0222981617482,0.175440474232,0.127098161617,0.481481481481,-0.0655667494688,-0.0041719412847,0.0639050506693,0.0770732502305,0.362837157536,3,0.286344142351,0.774614552131,-0.0108606627558,0.0145770230472,design_only_not_support,
20B_trendpv_residual_momentum_design_and_replication_diagnostic_v3,P1_TRENDPV_RAW_ADAPTATION,project_strict_primary,paper_qfq_complete_case_sensitivity,EW,10,9,middle,1,full,,bucket_return,55,54,1,-0.000704255134537,-0.0102926601456,0.0586835805786,-0.00845106161445,0.203285886264,-0.0415722988435,0.407407407407,-0.0653802072412,-0.0102926601456,0.0701259503715,0.0950126541014,0.479461527541,3,-0.0876735839506,0.930136115708,-0.0164480474768,0.0150395372077,design_only_not_support,
20B_trendpv_residual_momentum_design_and_replication_diagnostic_v3,P1_TRENDPV_RAW_ADAPTATION,project_strict_primary,paper_qfq_complete_case_sensitivity,EW,10,10,favorable,1,full,,bucket_return,55,54,1,-0.00774147566484,-0.0129034610268,0.0663240817886,-0.092897707978,0.229753358847,-0.404336669742,0.425925925926,-0.0956941098965,-0.0129034610268,0.0688797219658,0.116261570432,0.633755172926,3,-0.843096557299,0.39917444401,-0.0257382440764,0.0102552927467,design_only_not_support,
20B_trendpv_residual_momentum_design_and_replication_diagnostic_v3,P1_TRENDPV_RAW_ADAPTATION,project_strict_primary,paper_qfq_complete_case_sensitivity,EW,10,,,1,full,,favorable_minus_unfavorable,55,54,1,-0.0197935937732,-0.0171164209022,0.0592948848916,-0.237523125279,0.205403506522,-1.15637327376,0.37037037037,-0.0881521397923,-0.0171164209022,0.0514289478886,0.139593477325,0.727775180488,3,-2.55858987547,0.0105097649342,-0.0349561375213,-0.00463105002515,design_only_not_support,
20B_trendpv_residual_momentum_design_and_replication_diagnostic_v3,P1_TRENDPV_RAW_ADAPTATION,project_strict_primary,paper_qfq_complete_case_sensitivity,EW,10,,,1,full,,favorable_minus_middle,55,54,1,-0.0107583775133,-0.00731852747508,0.0390922975752,-0.12910053016,0.13541969117,-0.95333646861,0.388888888889,-0.0490368183703,-0.00731852747508,0.0280335484815,0.0868796190244,0.550335152546,3,-1.93552915165,0.0529253949284,-0.0216525727468,0.000135817720184,design_only_not_support,
20B_trendpv_residual_momentum_design_and_replication_diagnostic_v3,P1_TRENDPV_RAW_ADAPTATION,project_strict_primary,paper_qfq_complete_case_sensitivity,EW,10,1,unfavorable,1,early,,bucket_return,27,27,0,-0.00312735091416,-0.00616247624048,0.0739217446048,-0.0375282109699,0.256072434879,-0.146553107083,0.407407407407,-0.106111287607,-0.00616247624048,0.0859832603677,0.130949794817,0.234370895796,2,-0.273412814029,0.784535903748,-0.0255458142935,0.0192911124652,design_only_not_support,
20B_trendpv_residual_momentum_design_and_replication_diagnostic_v3,P1_TRENDPV_RAW_ADAPTATION,project_strict_primary,paper_qfq_complete_case_sensitivity,EW,10,2,middle,1,early,,bucket_return,27,27,0,-0.0050477745913,-0.0152728008085,0.0671842695887,-0.0605732950955,0.232733136794,-0.260269319316,0.407407407407,-0.0808623953054,-0.0152728008085,0.0829753592037,0.1089938222,0.243645194253,2,-0.485958493477,0.626996594669,-0.0254064194834,0.0153108703008,design_only_not_support,
20B_trendpv_residual_momentum_design_and_replication_diagnostic_v3,P1_TRENDPV_RAW_ADAPTATION,project_strict_primary,paper_qfq_complete_case_sensitivity,EW,10,3,middle,1,early,,bucket_return,27,27,0,-0.00451593616563,-0.00628483001743,0.052581427535,-0.0541912339875,0.18214740805,-0.297513066848,0.481481481481,-0.0694748193031,-0.00628483001743,0.0717715120884,0.0804661914496,0.176503865786,2,-0.578070326442,0.563216639916,-0.0198273469685,0.0107954746373,design_only_not_support,
20B_trendpv_residual_momentum_design_and_replication_diagnostic_v3,P1_TRENDPV_RAW_ADAPTATION,project_strict_primary,paper_qfq_complete_case_sensitivity,EW,10,4,middle,1,early,,bucket_return,27,27,0,-0.00356106383584,-0.00102464076343,0.0537582923889,-0.04273276603,0.186224187492,-0.229469472283,0.444444444444,-0.0639281506007,-0.00102464076343,0.0576794557524,0.0939752711045,0.201336687929,2,-0.419563130548,0.674804627174,-0.0201963598299,0.0130742321583,design_only_not_support,
20B_trendpv_residual_momentum_design_and_replication_diagnostic_v3,P1_TRENDPV_RAW_ADAPTATION,project_strict_primary,paper_qfq_complete_case_sensitivity,EW,10,5,middle,1,early,,bucket_return,27,27,0,-0.00962958558904,-0.0110296924492,0.049650247121,-0.115555027068,0.171993501244,-0.671856937807,0.37037037037,-0.0743053913804,-0.0110296924492,0.0513793414666,0.0943923607937,0.303793736025,2,-1.16075773222,0.245740436475,-0.0258893445522,0.00663017337414,design_only_not_support,
20B_trendpv_residual_momentum_design_and_replication_diagnostic_v3,P1_TRENDPV_RAW_ADAPTATION,project_strict_primary,paper_qfq_complete_case_sensitivity,EW,10,6,middle,1,early,,bucket_return,27,27,0,-0.0128098529401,-0.0171210823735,0.0482137524237,-0.153718235281,0.167017337643,-0.92037292326,0.37037037037,-0.087269094841,-0.0171210823735,0.0446326575028,0.0929331921808,0.342544128815,2,-1.46343069773,0.14334956395,-0.0299660124008,0.00434630652059,design_only_not_support,
20B_trendpv_residual_momentum_design_and_replication_diagnostic_v3,P1_TRENDPV_RAW_ADAPTATION,project_strict_primary,paper_qfq_complete_case_sensitivity,EW,10,7,middle,1,early,,bucket_return,27,27,0,-0.0135033612671,-0.00958068744715,0.0497458425858,-0.162040335206,0.172324653648,-0.940320097998,0.37037037037,-0.079362646017,-0.00958068744715,0.0524456977213,0.0938657361522,0.371075396598,2,-1.51863729902,0.128853817121,-0.0309308943396,0.00392417180537,design_only_not_support,
20B_trendpv_residual_momentum_design_and_replication_diagnostic_v3,P1_TRENDPV_RAW_ADAPTATION,project_strict_primary,paper_qfq_complete_case_sensitivity,EW,10,8,middle,1,early,,bucket_return,27,27,0,-0.014397910671,-0.017942397857,0.0472191307933,-0.172774928052,0.163571867246,-1.05626310294,0.333333333333,-0.0724308702555,-0.017942397857,0.0481424277796,0.0859276478005,0.362837157536,2,-1.80105244218,0.0716946146093,-0.0300661864562,0.00127036511422,design_only_not_support,
20B_trendpv_residual_momentum_design_and_replication_diagnostic_v3,P1_TRENDPV_RAW_ADAPTATION,project_strict_primary,paper_qfq_complete_case_sensitivity,EW,10,9,middle,1,early,,bucket_return,27,27,0,-0.02110204372,-0.020818312623,0.0523158011384,-0.25322452464,0.181227251221,-1.39727619845,0.296296296296,-0.0861965312249,-0.020818312623,0.0419769661985,0.113408164233,0.479461527541,2,-2.39617430095,0.0165672099456,-0.0383625767601,-0.00384151067992,design_only_not_support,
20B_trendpv_residual_momentum_design_and_replication_diagnostic_v3,P1_TRENDPV_RAW_ADAPTATION,project_strict_primary,paper_qfq_complete_case_sensitivity,EW,10,10,favorable,1,early,,bucket_return,27,27,0,-0.0329960943751,-0.024803472016,0.0570544659433,-0.395953132501,0.197642467625,-2.00338083844,0.259259259259,-0.115858961043,-0.024803472016,0.038654975348,0.128081608747,0.625079589631,2,-3.4735692931,0.0005135847301,-0.0516141644778,-0.0143780242724,design_only_not_support,
20B_trendpv_residual_momentum_design_and_replication_diagnostic_v3,P1_TRENDPV_RAW_ADAPTATION,project_strict_primary,paper_qfq_complete_case_sensitivity,EW,10,,,1,early,,favorable_minus_unfavorable,27,27,0,-0.0298687434609,-0.0209638673731,0.0592147173552,-0.358424921531,0.20512579803,-1.74734199683,0.259259259259,-0.0836920003353,-0.0209638673731,0.0384278392701,0.152996546164,0.601127108147,2,-3.01388669758,0.00257924110164,-0.0492927189853,-0.0104447679366,design_only_not_support,
20B_trendpv_residual_momentum_design_and_replication_diagnostic_v3,P1_TRENDPV_RAW_ADAPTATION,project_strict_primary,paper_qfq_complete_case_sensitivity,EW,10,,,1,early,,favorable_minus_middle,27,27,0,-0.0217763751105,-0.016410088134,0.03661141815,-0.261316501326,0.126825672746,-2.06043851902,0.296296296296,-0.0649384700878,-0.016410088134,0.0159238392484,0.101998054926,0.458368883365,2,-3.22584910648,0.00125599555571,-0.0350072825466,-0.00854546767447,design_only_not_support,
20B_trendpv_residual_momentum_design_and_replication_diagnostic_v3,P1_TRENDPV_RAW_ADAPTATION,project_strict_primary,paper_qfq_complete_case_sensitivity,EW,10,1,unfavorable,1,late,,bucket_return,28,27,1,0.0272315871309,0.00537386764289,0.0871582741194,0.326779045571,0.30192511815,1.08231818397,0.592592592593,-0.0509225836592,0.00537386764289,0.122729380695,0.073553758845,0.131781714554,2,1.78504452091,0.0742540957221,-0.00266846824199,0.0571316425038,design_only_not_support,
20B_trendpv_residual_momentum_design_and_replication_diagnostic_v3,P1_TRENDPV_RAW_ADAPTATION,project_strict_primary,paper_qfq_complete_case_sensitivity,EW,10,2,middle,1,late,,bucket_return,28,27,1,0.0267983569724,0.00451871363224,0.0868625936492,0.321580283669,0.300900850955,1.06872507222,0.592592592593,-0.0526040163761,0.00451871363224,0.132197525361,0.0769845851376,0.145429770993,2,1.90003116017,0.0574290305527,-0.000845302569457,0.0544420165142,design_only_not_support,
20B_trendpv_residual_momentum_design_and_replication_diagnostic_v3,P1_TRENDPV_RAW_ADAPTATION,project_strict_primary,paper_qfq_complete_case_sensitivity,EW,10,3,middle,1,late,,bucket_return,28,27,1,0.0171861770676,0.0180543459415,0.0735036427128,0.206234124811,0.25462408744,0.80995528304,0.518518518519,-0.064121282369,0.0180543459415,0.0878178732294,0.0655947619375,0.141369917064,2,1.41260127799,0.157772993084,-0.00665939677504,0.0410317509103,design_only_not_support,
20B_trendpv_residual_momentum_design_and_replication_diagnostic_v3,P1_TRENDPV_RAW_ADAPTATION,project_strict_primary,paper_qfq_complete_case_sensitivity,EW,10,4,middle,1,late,,bucket_return,28,27,1,0.0205862983443,0.00859748731907,0.071453564525,0.247035580132,0.247522408278,0.998033195661,0.62962962963,-0.0528532334798,0.00859748731907,0.109091562126,0.0801270642823,0.122861128368,2,1.77594113371,0.0757426202074,-0.00213315027023,0.0433057469589,design_only_not_support,
20B_trendpv_residual_momentum_design_and_replication_diagnostic_v3,P1_TRENDPV_RAW_ADAPTATION,project_strict_primary,paper_qfq_complete_case_sensitivity,EW,10,5,middle,1,late,,bucket_return,28,27,1,0.0170429466539,0.0105121555521,0.0644027443047,0.204515359847,0.223097650565,0.916707815293,0.666666666667,-0.0374103975868,0.0105121555521,0.0965094478261,0.0721551721232,0.111600238525,2,1.7081950014,0.0876001657189,-0.00251194116903,0.0365978344768,design_only_not_support,
20B_trendpv_residual_momentum_design_and_replication_diagnostic_v3,P1_TRENDPV_RAW_ADAPTATION,project_strict_primary,paper_qfq_complete_case_sensitivity,EW,10,6,middle,1,late,,bucket_return,28,27,1,0.0174640992692,0.0129702399735,0.0539550669111,0.209569191231,0.186905834432,1.1212554807,0.518518518519,-0.0351833993118,0.0129702399735,0.0757133255116,0.0505282786693,0.0989226199713,2,2.03855592131,0.0414943682381,0.000673289052855,0.0342549094856,design_only_not_support,
20B_trendpv_residual_momentum_design_and_replication_diagnostic_v3,P1_TRENDPV_RAW_ADAPTATION,project_strict_primary,paper_qfq_complete_case_sensitivity,EW,10,7,middle,1,late,,bucket_return,28,27,1,0.0227620355826,0.00784936912617,0.0572315736807,0.273144426991,0.198255986824,1.37773608437,0.592592592593,-0.0354032643044,0.00784936912617,0.0888254983988,0.0453895160133,0.0797217461851,2,2.40964683327,0.0159679692159,0.00424779966187,0.0412762715032,design_only_not_support,
20B_trendpv_residual_momentum_design_and_replication_diagnostic_v3,P1_TRENDPV_RAW_ADAPTATION,project_strict_primary,paper_qfq_complete_case_sensitivity,EW,10,8,middle,1,late,,bucket_return,28,27,1,0.0181142709623,0.00962038728784,0.0494979808474,0.217371251548,0.1714660354,1.26772191963,0.62962962963,-0.0257931024573,0.00962038728784,0.0672984281479,0.0493751225752,0.0760371402526,2,2.14909011065,0.03162725754,0.00159410807271,0.034634433852,design_only_not_support,
20B_trendpv_residual_momentum_design_and_replication_diagnostic_v3,P1_TRENDPV_RAW_ADAPTATION,project_strict_primary,paper_qfq_complete_case_sensitivity,EW,10,9,middle,1,late,,bucket_return,28,27,1,0.019693533451,0.000270320270846,0.0584712723748,0.236322401411,0.202550429073,1.16673364995,0.518518518519,-0.0377537426165,0.000270320270846,0.101018165606,0.0578351730754,0.112989746829,2,1.81891723527,0.0689240579372,-0.00152712219168,0.0409141890936,design_only_not_support,
20B_trendpv_residual_momentum_design_and_replication_diagnostic_v3,P1_TRENDPV_RAW_ADAPTATION,project_strict_primary,paper_qfq_complete_case_sensitivity,EW,10,10,favorable,1,late,,bucket_return,28,27,1,0.0175131430454,0.0179782009148,0.0662351165197,0.210157716545,0.229445174115,0.915938708913,0.592592592593,-0.0567585556842,0.0179782009148,0.0766302665188,0.0901060707231,0.124062086398,2,1.55995641712,0.118770180809,-0.00449075991514,0.039517046006,design_only_not_support,
20B_trendpv_residual_momentum_design_and_replication_diagnostic_v3,P1_TRENDPV_RAW_ADAPTATION,project_strict_primary,paper_qfq_complete_case_sensitivity,EW,10,,,1,late,,favorable_minus_unfavorable,28,27,1,-0.0097184440855,-0.00473567131636,0.0587348673389,-0.116621329026,0.203463548814,-0.573180452745,0.481481481481,-0.0876140927898,-0.00473567131636,0.0603105434642,0.126190408487,0.325592106336,2,-0.849407573961,0.395654540139,-0.0321432504768,0.0127063623058,design_only_not_support,
20B_trendpv_residual_momentum_design_and_replication_diagnostic_v3,P1_TRENDPV_RAW_ADAPTATION,project_strict_primary,paper_qfq_complete_case_sensitivity,EW,10,,,1,late,,favorable_minus_middle,28,27,1,0.000259620083853,-0.00624947343194,0.0390213534367,0.00311544100623,0.135173933465,0.0230476462907,0.481481481481,-0.0357575130358,-0.00624947343194,0.0367114385204,0.066229141638,0.169795025352,2,0.038033296564,0.969661134406,-0.0131193415099,0.0136385816776,design_only_not_support,
20B_trendpv_residual_momentum_design_and_replication_diagnostic_v3,P1_TRENDPV_RAW_ADAPTATION,project_strict_primary,paper_qfq_complete_case_sensitivity,VW,5,1,unfavorable,1,full,,bucket_return,55,54,1,0.0108419512784,-0.000132942226233,0.0720481805684,0.130103415341,0.249582218675,0.521284793571,0.5,-0.0572404575637,-0.000132942226233,0.0876518408331,0.079785259344,0.159018787987,3,1.45970825008,0.144370273538,-0.00371563858695,0.0253995411437,design_only_not_support,
20B_trendpv_residual_momentum_design_and_replication_diagnostic_v3,P1_TRENDPV_RAW_ADAPTATION,project_strict_primary,paper_qfq_complete_case_sensitivity,VW,5,2,middle,1,full,,bucket_return,55,54,1,0.00794314582242,0.0015039030521,0.0552529624248,0.0953177498691,0.191401876377,0.49799799079,0.518518518519,-0.0525741395831,0.0015039030521,0.064310424623,0.0613080230027,0.12517898076,3,1.45279436212,0.146280857783,-0.00277294734382,0.0186592389887,design_only_not_support,
20B_trendpv_residual_momentum_design_and_replication_diagnostic_v3,P1_TRENDPV_RAW_ADAPTATION,project_strict_primary,paper_qfq_complete_case_sensitivity,VW,5,3,middle,1,full,,bucket_return,55,54,1,0.00375349071903,-0.00264040125026,0.0468870913981,0.0450418886284,0.162421649041,0.277314563017,0.444444444444,-0.042271475397,-0.00264040125026,0.0556288552102,0.0593234799168,0.18461390041,3,0.725314803235,0.468258926251,-0.00638928672436,0.0138962681624,design_only_not_support,
20B_trendpv_residual_momentum_design_and_replication_diagnostic_v3,P1_TRENDPV_RAW_ADAPTATION,project_strict_primary,paper_qfq_complete_case_sensitivity,VW,5,4,middle,1,full,,bucket_return,55,54,1,0.00758695508799,0.00597452750863,0.0432523787161,0.0910434610559,0.149830634969,0.607642496307,0.574074074074,-0.0428465594806,0.00597452750863,0.0587357308143,0.0607631488695,0.280952038584,3,1.23134067706,0.218195474259,-0.0044894418035,0.0196633519795,design_only_not_support,
20B_trendpv_residual_momentum_design_and_replication_diagnostic_v3,P1_TRENDPV_RAW_ADAPTATION,project_strict_primary,paper_qfq_complete_case_sensitivity,VW,5,5,favorable,1,full,,bucket_return,55,54,1,-0.00355190426862,-0.00368700481764,0.0503602968379,-0.0426228512235,0.174453185615,-0.244322573264,0.462962962963,-0.0540656100892,-0.00368700481764,0.0670421836408,0.0921171265255,0.513602291213,3,-0.462389121283,0.643802299235,-0.0186076314097,0.0115038228724,design_only_not_support,
20B_trendpv_residual_momentum_design_and_replication_diagnostic_v3,P1_TRENDPV_RAW_ADAPTATION,project_strict_primary,paper_qfq_complete_case_sensitivity,VW,5,,,1,full,,favorable_minus_unfavorable,55,54,1,-0.014393855547,-0.00490173875966,0.0596465454257,-0.172726266564,0.206621694347,-0.835954167884,0.351851851852,-0.0814782275874,-0.00490173875966,0.0590707328644,0.123408045669,0.663556857829,3,-1.79181303984,0.073162919317,-0.0301384884097,0.00135077731567,design_only_not_support,
20B_trendpv_residual_momentum_design_and_replication_diagnostic_v3,P1_TRENDPV_RAW_ADAPTATION,project_strict_primary,paper_qfq_complete_case_sensitivity,VW,5,,,1,full,,favorable_minus_middle,55,54,1,-0.00730539498766,-0.00898276112547,0.0387763132199,-0.0876647398519,0.134325089254,-0.652631167705,0.407407407407,-0.050669783229,-0.00898276112547,0.0445261249657,0.0693932317214,0.534636800738,3,-1.14100028846,0.253869802956,-0.0198543059857,0.00524351601042,design_only_not_support,
20B_trendpv_residual_momentum_design_and_replication_diagnostic_v3,P1_TRENDPV_RAW_ADAPTATION,project_strict_primary,paper_qfq_complete_case_sensitivity,VW,5,1,unfavorable,1,early,,bucket_return,27,27,0,0.000818557570852,-0.0156316530545,0.0642863787975,0.00982269085022,0.222694548624,0.0441083578872,0.407407407407,-0.0605190813524,-0.0156316530545,0.0750245785235,0.0914611327458,0.159018787987,2,0.085129158236,0.932158709521,-0.0180274335254,0.0196645486671,design_only_not_support,
20B_trendpv_residual_momentum_design_and_replication_diagnostic_v3,P1_TRENDPV_RAW_ADAPTATION,project_strict_primary,paper_qfq_complete_case_sensitivity,VW,5,2,middle,1,early,,bucket_return,27,27,0,0.00278495188463,-0.00207934415971,0.0437023561559,0.0334194226155,0.151389402545,0.220751400387,0.481481481481,-0.0525356027554,-0.00207934415971,0.0663643598677,0.0666167568575,0.103746307491,2,0.455154762232,0.648997903033,-0.00920746442182,0.0147773681911,design_only_not_support,
20B_trendpv_residual_momentum_design_and_replication_diagnostic_v3,P1_TRENDPV_RAW_ADAPTATION,project_strict_primary,paper_qfq_complete_case_sensitivity,VW,5,3,middle,1,early,,bucket_return,27,27,0,-0.00559554597154,-0.00415744235454,0.0424551246058,-0.0671465516585,0.147068865718,-0.456565373853,0.37037037037,-0.0597181527062,-0.00415744235454,0.0581435728224,0.0697014994088,0.18461390041,2,-0.803002860084,0.421973081461,-0.0192531169756,0.00806202503251,design_only_not_support,
20B_trendpv_residual_momentum_design_and_replication_diagnostic_v3,P1_TRENDPV_RAW_ADAPTATION,project_strict_primary,paper_qfq_complete_case_sensitivity,VW,5,4,middle,1,early,,bucket_return,27,27,0,-0.0110685179167,-0.0131852079532,0.0422668349111,-0.132822215,0.146416611082,-0.907152638067,0.333333333333,-0.0603632979863,-0.0131852079532,0.04614718494,0.0710168913027,0.280952038584,2,-1.64909472341,0.0991282304803,-0.0242235515063,0.00208651567297,design_only_not_support,
20B_trendpv_residual_momentum_design_and_replication_diagnostic_v3,P1_TRENDPV_RAW_ADAPTATION,project_strict_primary,paper_qfq_complete_case_sensitivity,VW,5,5,favorable,1,early,,bucket_return,27,27,0,-0.0252772599805,-0.0249664289544,0.0461311296229,-0.303327119766,0.159802920635,-1.89813251573,0.259259259259,-0.0923840929295,-0.0249664289544,0.0282389879283,0.10880484164,0.513602291213,2,-3.34274231686,0.000829548929612,-0.0400981807974,-0.0104563391635,design_only_not_support,
20B_trendpv_residual_momentum_design_and_replication_diagnostic_v3,P1_TRENDPV_RAW_ADAPTATION,project_strict_primary,paper_qfq_complete_case_sensitivity,VW,5,,,1,early,,favorable_minus_unfavorable,27,27,0,-0.0260958175513,-0.0160300094915,0.0548280420225,-0.313149810616,0.189929908925,-1.64876512808,0.259259259259,-0.0809641642864,-0.0160300094915,0.0256438785085,0.120315213996,0.536071933053,2,-2.72769298688,0.00637789377838,-0.0448467777194,-0.00734485738323,design_only_not_support,
20B_trendpv_residual_momentum_design_and_replication_diagnostic_v3,P1_TRENDPV_RAW_ADAPTATION,project_strict_primary,paper_qfq_complete_case_sensitivity,VW,5,,,1,early,,favorable_minus_middle,27,27,0,-0.0196817140089,-0.0165138484366,0.0267277815822,-0.236180568107,0.0925877513478,-2.55088350963,0.259259259259,-0.0544992370945,-0.0165138484366,0.0154274794069,0.0628565207464,0.426700384547,2,-4.17391759766,2.99406086084e-05,-0.0289237389672,-0.0104396890506,design_only_not_support,
20B_trendpv_residual_momentum_design_and_replication_diagnostic_v3,P1_TRENDPV_RAW_ADAPTATION,project_strict_primary,paper_qfq_complete_case_sensitivity,VW,5,1,unfavorable,1,late,,bucket_return,28,27,1,0.0208653449859,0.00192565708908,0.0789944840826,0.250384139831,0.273644919897,0.914996484953,0.592592592593,-0.053618782755,0.00192565708908,0.105478737191,0.0681093859421,0.151163406169,2,1.64817227105,0.0993173252333,-0.00394718548534,0.0456778754572,design_only_not_support,
20B_trendpv_residual_momentum_design_and_replication_diagnostic_v3,P1_TRENDPV_RAW_ADAPTATION,project_strict_primary,paper_qfq_complete_case_sensitivity,VW,5,2,middle,1,late,,bucket_return,28,27,1,0.0131013397602,0.00218845557935,0.0652536742376,0.157216077123,0.22604535832,0.695506770371,0.555555555556,-0.0503043797742,0.00218845557935,0.0583096907355,0.0559992891479,0.12517898076,2,1.28660865782,0.198230724499,-0.00685667460816,0.0330593541286,design_only_not_support,
20B_trendpv_residual_momentum_design_and_replication_diagnostic_v3,P1_TRENDPV_RAW_ADAPTATION,project_strict_primary,paper_qfq_complete_case_sensitivity,VW,5,3,middle,1,late,,bucket_return,28,27,1,0.0131025274096,0.00459979717231,0.0499738181337,0.157230328915,0.173114384111,0.908245318391,0.518518518519,-0.0294920360921,0.00459979717231,0.0431684746604,0.0337293695502,0.0853396971807,2,1.63993777448,0.101018105675,-0.00255689713011,0.0287619519493,design_only_not_support,
20B_trendpv_residual_momentum_design_and_replication_diagnostic_v3,P1_TRENDPV_RAW_ADAPTATION,project_strict_primary,paper_qfq_complete_case_sensitivity,VW,5,4,middle,1,late,,bucket_return,28,27,1,0.0262424280927,0.0171946724546,0.0361134212276,0.314909137112,0.125100560803,2.51724800506,0.814814814815,-0.00502658472452,0.0171946724546,0.0602406224907,0.0143894156911,0.0267437185979,2,4.44853227135,8.64590604976e-06,0.0146803642947,0.0378044918906,design_only_not_support,
20B_trendpv_residual_momentum_design_and_replication_diagnostic_v3,P1_TRENDPV_RAW_ADAPTATION,project_strict_primary,paper_qfq_complete_case_sensitivity,VW,5,5,favorable,1,late,,bucket_return,28,27,1,0.0181734514432,0.0156696964728,0.0454036705911,0.218081417319,0.157282928628,1.38655491236,0.666666666667,-0.0347203133718,0.0156696964728,0.0765123947556,0.0485890016474,0.0791231072126,2,2.23213244223,0.025606210818,0.00221592597132,0.0341309769151,design_only_not_support,
20B_trendpv_residual_momentum_design_and_replication_diagnostic_v3,P1_TRENDPV_RAW_ADAPTATION,project_strict_primary,paper_qfq_complete_case_sensitivity,VW,5,,,1,late,,favorable_minus_unfavorable,28,27,1,-0.00269189354272,-0.0014047868785,0.0629423245811,-0.0323027225127,0.218038608242,-0.148151388294,0.444444444444,-0.0677691295908,-0.0014047868785,0.0815162633757,0.126500877343,0.274794593945,2,-0.237675839428,0.812132524094,-0.0248902558443,0.0195064687588,design_only_not_support,
20B_trendpv_residual_momentum_design_and_replication_diagnostic_v3,P1_TRENDPV_RAW_ADAPTATION,project_strict_primary,paper_qfq_complete_case_sensitivity,VW,5,,,1,late,,favorable_minus_middle,28,27,1,0.00507092403361,0.00138822548637,0.045083615485,0.0608510884033,0.156174225218,0.389635923075,0.555555555556,-0.0365872742109,0.00138822548637,0.058123889646,0.0737697399603,0.188272263371,2,0.527758441825,0.597667004768,-0.0137612303889,0.0239030784561,design_only_not_support,
20B_trendpv_residual_momentum_design_and_replication_diagnostic_v3,P1_TRENDPV_RAW_ADAPTATION,project_strict_primary,paper_qfq_complete_case_sensitivity,VW,10,1,unfavorable,1,full,,bucket_return,55,54,1,0.00956280141738,-0.00566850844008,0.0741636705864,0.114753617009,0.256910491063,0.446667695561,0.444444444444,-0.0634389505785,-0.00566850844008,0.0848848699428,0.0873293058294,0.234069019645,3,1.26135496162,0.207180987395,-0.00529641501237,0.0244220178471,design_only_not_support,
20B_trendpv_residual_momentum_design_and_replication_diagnostic_v3,P1_TRENDPV_RAW_ADAPTATION,project_strict_primary,paper_qfq_complete_case_sensitivity,VW,10,2,middle,1,full,,bucket_return,55,54,1,0.0114707865044,-0.00153591497146,0.0738959477364,0.137649438053,0.255983071906,0.537728674902,0.462962962963,-0.0588909281319,-0.00153591497146,0.091208132341,0.0808310510998,0.173326150445,3,1.47744935236,0.139555225224,-0.00374620106074,0.0266877740696,design_only_not_support,
20B_trendpv_residual_momentum_design_and_replication_diagnostic_v3,P1_TRENDPV_RAW_ADAPTATION,project_strict_primary,paper_qfq_complete_case_sensitivity,VW,10,3,middle,1,full,,bucket_return,55,54,1,0.00609419672034,-0.000361479229587,0.0623816260512,0.0731303606441,0.216096291559,0.338415620724,0.462962962963,-0.0647963868639,-0.000361479229587,0.0739045427284,0.0746963373634,0.161978808831,3,0.962994548291,0.335550259156,-0.00630920276698,0.0184975962077,design_only_not_support,
20B_trendpv_residual_momentum_design_and_replication_diagnostic_v3,P1_TRENDPV_RAW_ADAPTATION,project_strict_primary,paper_qfq_complete_case_sensitivity,VW,10,4,middle,1,full,,bucket_return,55,54,1,0.00996851474168,0.00310608500862,0.0525168667367,0.1196221769,0.181923762884,0.65754014211,0.537037037037,-0.0468654333478,0.00310608500862,0.0785321392176,0.0575363976986,0.146843442016,3,1.85310772025,0.0638669205006,-0.000574817229525,0.0205118467129,design_only_not_support,
20B_trendpv_residual_momentum_design_and_replication_diagnostic_v3,P1_TRENDPV_RAW_ADAPTATION,project_strict_primary,paper_qfq_complete_case_sensitivity,VW,10,5,middle,1,full,,bucket_return,55,54,1,0.00491727916753,0.00057305348826,0.0506179007963,0.0590073500104,0.175345551903,0.336520370035,0.518518518519,-0.0513393943613,0.00057305348826,0.0618391490822,0.0610370741876,0.164723061993,3,0.920300196655,0.357415906345,-0.00555505377918,0.0153896121142,design_only_not_support,
20B_trendpv_residual_momentum_design_and_replication_diagnostic_v3,P1_TRENDPV_RAW_ADAPTATION,project_strict_primary,paper_qfq_complete_case_sensitivity,VW,10,6,middle,1,full,,bucket_return,55,54,1,0.00315033241358,-0.00457425207545,0.0462740054086,0.037803988963,0.160297856875,0.235835897622,0.425925925926,-0.0417765168079,-0.00457425207545,0.0546612128262,0.063092629435,0.237301682519,3,0.578630532224,0.56283849851,-0.00752061860972,0.0138212834369,design_only_not_support,
20B_trendpv_residual_momentum_design_and_replication_diagnostic_v3,P1_TRENDPV_RAW_ADAPTATION,project_strict_primary,paper_qfq_complete_case_sensitivity,VW,10,7,middle,1,full,,bucket_return,55,54,1,0.00928363920911,-0.000343443160028,0.044639603901,0.111403670509,0.154636123972,0.72042461779,0.481481481481,-0.0426633930765,-0.000343443160028,0.0664937632457,0.0596970888532,0.280131673599,3,1.54017469644,0.123517776008,-0.00253034431977,0.021097622738,design_only_not_support,
20B_trendpv_residual_momentum_design_and_replication_diagnostic_v3,P1_TRENDPV_RAW_ADAPTATION,project_strict_primary,paper_qfq_complete_case_sensitivity,VW,10,8,middle,1,full,,bucket_return,55,54,1,0.00600846404441,0.00725650829881,0.0473200730381,0.0721015685329,0.16392154144,0.439854139362,0.574074074074,-0.0508556159183,0.00725650829881,0.0585493886197,0.0668733871208,0.310889507207,3,0.851150439402,0.394685789481,-0.00782736636146,0.0198442944503,design_only_not_support,
20B_trendpv_residual_momentum_design_and_replication_diagnostic_v3,P1_TRENDPV_RAW_ADAPTATION,project_strict_primary,paper_qfq_complete_case_sensitivity,VW,10,9,middle,1,full,,bucket_return,55,54,1,0.00107034823951,0.00441985462216,0.0478826650685,0.0128441788741,0.165870417401,0.0774350187056,0.555555555556,-0.0523099420793,0.00441985462216,0.0614665110034,0.080228871061,0.407875966187,3,0.165762255995,0.868344050476,-0.0115853916801,0.0137260881591,design_only_not_support,
20B_trendpv_residual_momentum_design_and_replication_diagnostic_v3,P1_TRENDPV_RAW_ADAPTATION,project_strict_primary,paper_qfq_complete_case_sensitivity,VW,10,10,favorable,1,full,,bucket_return,55,54,1,-0.00764852646501,-0.0134635558661,0.0661355237507,-0.0917823175801,0.229100174643,-0.400620897488,0.388888888889,-0.0857831447187,-0.0134635558661,0.0611152240618,0.116694976327,0.651438640961,3,-0.718864256227,0.472224561703,-0.0285020273539,0.0132049744239,design_only_not_support,
20B_trendpv_residual_momentum_design_and_replication_diagnostic_v3,P1_TRENDPV_RAW_ADAPTATION,project_strict_primary,paper_qfq_complete_case_sensitivity,VW,10,,,1,full,,favorable_minus_unfavorable,55,54,1,-0.0172113278824,-0.0141084691418,0.0694856941354,-0.206535934589,0.240705505284,-0.858044083144,0.333333333333,-0.0972001173586,-0.0141084691418,0.0650985425937,0.14487993356,0.732270093007,3,-1.71465952419,0.086407668557,-0.0368849612187,0.00246230545392,design_only_not_support,
20B_trendpv_residual_momentum_design_and_replication_diagnostic_v3,P1_TRENDPV_RAW_ADAPTATION,project_strict_primary,paper_qfq_complete_case_sensitivity,VW,10,,,1,full,,favorable_minus_middle,55,54,1,-0.0116823322556,-0.0127203942777,0.0533147276423,-0.140187987067,0.184687634136,-0.759054539425,0.314814814815,-0.0637762862769,-0.0127203942777,0.0514455329412,0.0897892156708,0.661644219904,3,-1.26412064117,0.206186729013,-0.0297952794938,0.00643061498268,design_only_not_support,
20B_trendpv_residual_momentum_design_and_replication_diagnostic_v3,P1_TRENDPV_RAW_ADAPTATION,project_strict_primary,paper_qfq_complete_case_sensitivity,VW,10,1,unfavorable,1,early,,bucket_return,27,27,0,-0.00237985510282,-0.0175153393372,0.0670237294478,-0.0285582612338,0.232177009433,-0.123002106469,0.37037037037,-0.088948027671,-0.0175153393372,0.0792414809488,0.10191233823,0.234069019645,2,-0.234073598947,0.814927841614,-0.022307050271,0.0175473400654,design_only_not_support,
20B_trendpv_residual_momentum_design_and_replication_diagnostic_v3,P1_TRENDPV_RAW_ADAPTATION,project_strict_primary,paper_qfq_complete_case_sensitivity,VW,10,2,middle,1,early,,bucket_return,27,27,0,0.00129868794611,-0.0135551113943,0.0661490622822,0.0155842553534,0.229147073492,0.0680098380307,0.37037037037,-0.0633946515028,-0.0135551113943,0.0689332124688,0.0876603911319,0.173326150445,2,0.125025069914,0.900503703137,-0.0190602816853,0.0216576575775,design_only_not_support,
20B_trendpv_residual_momentum_design_and_replication_diagnostic_v3,P1_TRENDPV_RAW_ADAPTATION,project_strict_primary,paper_qfq_complete_case_sensitivity,VW,10,3,middle,1,early,,bucket_return,27,27,0,0.00249225719471,-4.35882830424e-05,0.053764015427,0.0299070863365,0.186244012677,0.160580122317,0.481481481481,-0.0747514415582,-4.35882830424e-05,0.0734011960866,0.080108287121,0.135031425555,2,0.33854552671,0.734952124907,-0.0119363320391,0.0169208464285,design_only_not_support,
20B_trendpv_residual_momentum_design_and_replication_diagnostic_v3,P1_TRENDPV_RAW_ADAPTATION,project_strict_primary,paper_qfq_complete_case_sensitivity,VW,10,4,middle,1,early,,bucket_return,27,27,0,0.00204159115683,-0.00369831607662,0.0400868456676,0.024499093882,0.138864906823,0.176423939227,0.481481481481,-0.04704281407,-0.00369831607662,0.0529247137306,0.0606059082078,0.146843442016,2,0.329578605478,0.74171839052,-0.0100995037809,0.0141826860946,design_only_not_support,
20B_trendpv_residual_momentum_design_and_replication_diagnostic_v3,P1_TRENDPV_RAW_ADAPTATION,project_strict_primary,paper_qfq_complete_case_sensitivity,VW,10,5,middle,1,early,,bucket_return,27,27,0,-0.00185803833631,0.00033614764461,0.0450064102359,-0.0222964600358,0.15590677839,-0.143011485877,0.518518518519,-0.0551875686536,0.00033614764461,0.0671729080773,0.0684679287537,0.164723061993,2,-0.249119842147,0.803268081397,-0.0164762565789,0.0127601799063,design_only_not_support,
20B_trendpv_residual_momentum_design_and_replication_diagnostic_v3,P1_TRENDPV_RAW_ADAPTATION,project_strict_primary,paper_qfq_complete_case_sensitivity,VW,10,6,middle,1,early,,bucket_return,27,27,0,-0.00914193959222,-0.0129077572132,0.0416948472947,-0.109703275107,0.144435187856,-0.759532886236,0.296296296296,-0.0591252182655,-0.0129077572132,0.0522219798344,0.0746097289849,0.237301682519,2,-1.36775350881,0.171389244619,-0.022242159942,0.00395828075755,design_only_not_support,
20B_trendpv_residual_momentum_design_and_replication_diagnostic_v3,P1_TRENDPV_RAW_ADAPTATION,project_strict_primary,paper_qfq_complete_case_sensitivity,VW,10,7,middle,1,early,,bucket_return,27,27,0,-0.00981361464311,-0.0115328879957,0.0408444439149,-0.117763375717,0.141489304135,-0.832312918897,0.259259259259,-0.0629862101449,-0.0115328879957,0.0500856492849,0.0666162679576,0.280131673599,2,-1.48499764259,0.137544448586,-0.0227660468269,0.00313881754064,design_only_not_support,
20B_trendpv_residual_momentum_design_and_replication_diagnostic_v3,P1_TRENDPV_RAW_ADAPTATION,project_strict_primary,paper_qfq_complete_case_sensitivity,VW,10,8,middle,1,early,,bucket_return,27,27,0,-0.0127087238519,-0.0145837792161,0.0453853740595,-0.152504686223,0.157219547583,-0.970010972344,0.37037037037,-0.0628105733365,-0.0145837792161,0.0534252412621,0.0763179471096,0.310889507207,2,-1.64798538872,0.0993556695356,-0.027823324509,0.0024058768052,design_only_not_support,
20B_trendpv_residual_momentum_design_and_replication_diagnostic_v3,P1_TRENDPV_RAW_ADAPTATION,project_strict_primary,paper_qfq_complete_case_sensitivity,VW,10,9,middle,1,early,,bucket_return,27,27,0,-0.0167862435684,-0.0205658900327,0.0445017967374,-0.201434922821,0.154158745954,-1.30667203845,0.37037037037,-0.072103693634,-0.0205658900327,0.0352784419058,0.100344195646,0.407875966187,2,-2.34769830064,0.0188898150187,-0.030800153627,-0.00277233350984,design_only_not_support,
20B_trendpv_residual_momentum_design_and_replication_diagnostic_v3,P1_TRENDPV_RAW_ADAPTATION,project_strict_primary,paper_qfq_complete_case_sensitivity,VW,10,10,favorable,1,early,,bucket_return,27,27,0,-0.0356171244775,-0.0274253895672,0.0541874806872,-0.427405493729,0.187710939369,-2.27693439267,0.222222222222,-0.120655189869,-0.0274253895672,0.0239331520304,0.126485733364,0.63965318158,2,-3.84273735301,0.000121669653569,-0.0537834144931,-0.0174508344618,design_only_not_support,
20B_trendpv_residual_momentum_design_and_replication_diagnostic_v3,P1_TRENDPV_RAW_ADAPTATION,project_strict_primary,paper_qfq_complete_case_sensitivity,VW,10,,,1,early,,favorable_minus_unfavorable,27,27,0,-0.0332372693746,-0.0234067859329,0.0607874407998,-0.398847232496,0.210573871855,-1.89409649442,0.259259259259,-0.0962547975118,-0.0234067859329,0.0312968499497,0.15239212786,0.644945020212,2,-3.03746277942,0.00238578866461,-0.0546840674589,-0.0117904712903,design_only_not_support,
20B_trendpv_residual_momentum_design_and_replication_diagnostic_v3,P1_TRENDPV_RAW_ADAPTATION,project_strict_primary,paper_qfq_complete_case_sensitivity,VW,10,,,1,early,,favorable_minus_middle,27,27,0,-0.0301171355132,-0.0165102478377,0.037531894712,-0.361405626158,0.130014297091,-2.77973756921,0.185185185185,-0.0856559231752,-0.0165102478377,0.0122559591843,0.100132227407,0.570632102451,2,-4.18263298889,2.88152357955e-05,-0.0442298968002,-0.0160043742262,design_only_not_support,
20B_trendpv_residual_momentum_design_and_replication_diagnostic_v3,P1_TRENDPV_RAW_ADAPTATION,project_strict_primary,paper_qfq_complete_case_sensitivity,VW,10,1,unfavorable,1,late,,bucket_return,28,27,1,0.0215054579376,0.00190534888923,0.0801476290243,0.258065495251,0.277639531153,0.929498382955,0.518518518519,-0.0493038596429,0.00190534888923,0.094284421095,0.0620713172028,0.160106223912,2,1.63718563776,0.101591687054,-0.00423989558657,0.0472508114617,design_only_not_support,
20B_trendpv_residual_momentum_design_and_replication_diagnostic_v3,P1_TRENDPV_RAW_ADAPTATION,project_strict_primary,paper_qfq_complete_case_sensitivity,VW,10,2,middle,1,late,,bucket_return,28,27,1,0.0216428850628,0.00551250423163,0.0808742524867,0.259714620753,0.280156628662,0.927033645406,0.555555555556,-0.0559047046043,0.00551250423163,0.114868579265,0.0733347751196,0.138636118183,2,1.6880611876,0.0913994839185,-0.0034861064431,0.0467718765687,design_only_not_support,
20B_trendpv_residual_momentum_design_and_replication_diagnostic_v3,P1_TRENDPV_RAW_ADAPTATION,project_strict_primary,paper_qfq_complete_case_sensitivity,VW,10,3,middle,1,late,,bucket_return,28,27,1,0.00969613624597,-0.00537385548875,0.0708173076763,0.116353634952,0.245318349901,0.474296500847,0.444444444444,-0.0558624081903,-0.00537385548875,0.0621874270831,0.0655319465853,0.161978808831,2,0.862512702346,0.388405446189,-0.012337252688,0.0317295251799,design_only_not_support,
20B_trendpv_residual_momentum_design_and_replication_diagnostic_v3,P1_TRENDPV_RAW_ADAPTATION,project_strict_primary,paper_qfq_complete_case_sensitivity,VW,10,4,middle,1,late,,bucket_return,28,27,1,0.0178954383265,0.00417739644919,0.0623270354465,0.214745259918,0.215907184157,0.994618408632,0.592592592593,-0.0458392954375,0.00417739644919,0.0894678705107,0.0544668871894,0.111900205203,2,1.83846946211,0.0659932577484,-0.00118261291689,0.03697348957,design_only_not_support,
20B_trendpv_residual_momentum_design_and_replication_diagnostic_v3,P1_TRENDPV_RAW_ADAPTATION,project_strict_primary,paper_qfq_complete_case_sensitivity,VW,10,5,middle,1,late,,bucket_return,28,27,1,0.0116925966714,0.0023861899698,0.0556953397445,0.140311160057,0.192934316365,0.727248333528,0.518518518519,-0.0335490546916,0.0023861899698,0.0451669525573,0.0432063747299,0.0931253608838,2,1.28450799407,0.198964268297,-0.00614852885482,0.0295337221976,design_only_not_support,
20B_trendpv_residual_momentum_design_and_replication_diagnostic_v3,P1_TRENDPV_RAW_ADAPTATION,project_strict_primary,paper_qfq_complete_case_sensitivity,VW,10,6,middle,1,late,,bucket_return,28,27,1,0.0154426044194,0.00949424695772,0.0480899256345,0.185311253033,0.166588389062,1.11238996953,0.555555555556,-0.028778500794,0.00949424695772,0.0555428784777,0.0369700972592,0.0736265249563,2,2.0623307739,0.0391762550852,0.000766516144607,0.0301186926942,design_only_not_support,
20B_trendpv_residual_momentum_design_and_replication_diagnostic_v3,P1_TRENDPV_RAW_ADAPTATION,project_strict_primary,paper_qfq_complete_case_sensitivity,VW,10,7,middle,1,late,,bucket_return,28,27,1,0.0283808930613,0.0220972914286,0.04045117442,0.340570716736,0.140126978642,2.43044358792,0.703703703704,-0.003890566201,0.0220972914286,0.0830463705031,0.0161936192515,0.0464424069743,2,4.63507880815,3.5680152064e-06,0.0163799043939,0.0403818817288,design_only_not_support,
20B_trendpv_residual_momentum_design_and_replication_diagnostic_v3,P1_TRENDPV_RAW_ADAPTATION,project_strict_primary,paper_qfq_complete_case_sensitivity,VW,10,8,middle,1,late,,bucket_return,28,27,1,0.0247256519407,0.0179288410365,0.0421551202675,0.296707823288,0.146029620205,2.03183315051,0.777777777778,-0.022067962309,0.0179288410365,0.0553049232986,0.031431113873,0.0614763996024,2,3.23129056445,0.00123232596822,0.00972811880914,0.0397231850723,design_only_not_support,
20B_trendpv_residual_momentum_design_and_replication_diagnostic_v3,P1_TRENDPV_RAW_ADAPTATION,project_strict_primary,paper_qfq_complete_case_sensitivity,VW,10,9,middle,1,late,,bucket_return,28,27,1,0.0189269400474,0.0141510505136,0.0450669360196,0.227123280569,0.156116445855,1.45483250868,0.740740740741,-0.0398587123859,0.0141510505136,0.0836425237319,0.0493338999642,0.069096978197,2,2.74678038592,0.00601834188234,0.0054216299685,0.0324322501264,design_only_not_support,
20B_trendpv_residual_momentum_design_and_replication_diagnostic_v3,P1_TRENDPV_RAW_ADAPTATION,project_strict_primary,paper_qfq_complete_case_sensitivity,VW,10,10,favorable,1,late,,bucket_return,28,27,1,0.0203200715474,0.0169356086501,0.0659931943788,0.243840858569,0.228607131236,1.06663714842,0.555555555556,-0.0411213187757,0.0169356086501,0.0783500887113,0.0581096816577,0.0943512494085,2,1.55047974142,0.121026412231,-0.0053665642287,0.0460067073236,design_only_not_support,
20B_trendpv_residual_momentum_design_and_replication_diagnostic_v3,P1_TRENDPV_RAW_ADAPTATION,project_strict_primary,paper_qfq_complete_case_sensitivity,VW,10,,,1,late,,favorable_minus_unfavorable,28,27,1,-0.00118538639013,-0.00664102877173,0.0749245952661,-0.0142246366816,0.259546411475,-0.0548057536252,0.407407407407,-0.0987826419286,-0.00664102877173,0.0870393717711,0.13736773926,0.290803723486,2,-0.082621411107,0.934152575879,-0.0293053930723,0.0269346202921,design_only_not_support,
20B_trendpv_residual_momentum_design_and_replication_diagnostic_v3,P1_TRENDPV_RAW_ADAPTATION,project_strict_primary,paper_qfq_complete_case_sensitivity,VW,10,,,1,late,,favorable_minus_middle,28,27,1,0.00675247100206,-0.00582893762606,0.060661165549,0.0810296520247,0.210136441555,0.385604949933,0.444444444444,-0.0555297550986,-0.00582893762606,0.067427507418,0.0695660599418,0.211967680799,2,0.510995533196,0.60935418455,-0.019147168253,0.0326521102571,design_only_not_support,
20B_trendpv_residual_momentum_design_and_replication_diagnostic_v3,P1_TRENDPV_RAW_ADAPTATION,project_strict_primary,project_conservative_primary,EW,5,1,unfavorable,1,full,,bucket_return,55,54,1,0.011467202147,0.000822309687887,0.0790430408024,0.137606425764,0.273813125309,0.502555988173,0.518518518519,-0.0604157585064,0.000822309687887,0.0940274393143,0.101779412612,0.232261726305,3,1.38391374973,0.16638486608,-0.00477319088036,0.0277075951744,design_only_not_support,
20B_trendpv_residual_momentum_design_and_replication_diagnostic_v3,P1_TRENDPV_RAW_ADAPTATION,project_strict_primary,project_conservative_primary,EW,5,2,middle,1,full,,bucket_return,55,54,1,0.00740655883708,0.00035748707446,0.0631772890884,0.0888787060449,0.218852549171,0.406112272311,0.518518518519,-0.0630603504785,0.00035748707446,0.0802434766786,0.0795978302377,0.181935599799,3,1.14215873612,0.253388044462,-0.00530322318443,0.0201163408586,design_only_not_support,
20B_trendpv_residual_momentum_design_and_replication_diagnostic_v3,P1_TRENDPV_RAW_ADAPTATION,project_strict_primary,project_conservative_primary,EW,5,3,middle,1,full,,bucket_return,55,54,1,0.00302540014441,-0.00205323182944,0.054921314457,0.0363048017329,0.190253014116,0.190823792735,0.462962962963,-0.0581460263868,-0.00205323182944,0.0708435302278,0.0838755200268,0.322048957148,3,0.483703195623,0.628596524963,-0.00923351270859,0.0152843129974,design_only_not_support,
20B_trendpv_residual_momentum_design_and_replication_diagnostic_v3,P1_TRENDPV_RAW_ADAPTATION,project_strict_primary,project_conservative_primary,EW,5,4,middle,1,full,,bucket_return,55,54,1,0.00326359281514,-0.00251054996704,0.0525852543885,0.0391631137817,0.18216066466,0.214992154617,0.481481481481,-0.0663589749366,-0.00251054996704,0.0693293179471,0.0778639295435,0.362606021942,3,0.481498233301,0.630162435063,-0.0100210340754,0.0165482197057,design_only_not_support,
20B_trendpv_residual_momentum_design_and_replication_diagnostic_v3,P1_TRENDPV_RAW_ADAPTATION,project_strict_primary,project_conservative_primary,EW,5,5,favorable,1,full,,bucket_return,55,54,1,-0.0041919535134,-0.011760099516,0.0608033393097,-0.0503034421608,0.210628945909,-0.238824924769,0.407407407407,-0.0643405235895,-0.011760099516,0.0711679675155,0.10236111542,0.557396903894,3,-0.496051953327,0.619857756544,-0.0207548918428,0.012370984816,design_only_not_support,
20B_trendpv_residual_momentum_design_and_replication_diagnostic_v3,P1_TRENDPV_RAW_ADAPTATION,project_strict_primary,project_conservative_primary,EW,5,,,1,full,,favorable_minus_unfavorable,55,54,1,-0.0156591556604,-0.0100797548377,0.0506108010091,-0.187909867925,0.175320957519,-1.07180493755,0.37037037037,-0.0758408822671,-0.0100797548377,0.0414664232383,0.11827214128,0.639993229211,3,-2.40846104742,0.0160199357262,-0.028402305962,-0.00291600535888,design_only_not_support,
20B_trendpv_residual_momentum_design_and_replication_diagnostic_v3,P1_TRENDPV_RAW_ADAPTATION,project_strict_primary,project_conservative_primary,EW,5,,,1,full,,favorable_minus_middle,55,54,1,-0.00721735365781,-0.00510629698512,0.0303117729746,-0.0866082438937,0.105003061719,-0.824816367025,0.407407407407,-0.0391895094471,-0.00510629698512,0.0235515386481,0.0632493776638,0.447897205446,3,-1.53478946498,0.124835551409,-0.016434092211,0.00199938489542,design_only_not_support,
20B_trendpv_residual_momentum_design_and_replication_diagnostic_v3,P1_TRENDPV_RAW_ADAPTATION,project_strict_primary,project_conservative_primary,EW,5,1,unfavorable,1,early,,bucket_return,27,27,0,-0.00408146948206,-0.0127372258451,0.0697097071137,-0.0489776337847,0.241481509003,-0.202821466484,0.444444444444,-0.0994272850324,-0.0127372258451,0.0864022012574,0.117424245342,0.232261726305,2,-0.377661304741,0.705682216842,-0.0252632349646,0.0171002960004,design_only_not_support,
20B_trendpv_residual_momentum_design_and_replication_diagnostic_v3,P1_TRENDPV_RAW_ADAPTATION,project_strict_primary,project_conservative_primary,EW,5,2,middle,1,early,,bucket_return,27,27,0,-0.00405416077129,-0.00723440099157,0.0525447327562,-0.0486499292554,0.182020293608,-0.267277501267,0.444444444444,-0.0653896045608,-0.00723440099157,0.0656798545382,0.0861398310996,0.181935599799,2,-0.502771919654,0.61512463828,-0.0198585619095,0.0117502403669,design_only_not_support,
20B_trendpv_residual_momentum_design_and_replication_diagnostic_v3,P1_TRENDPV_RAW_ADAPTATION,project_strict_primary,project_conservative_primary,EW,5,3,middle,1,early,,bucket_return,27,27,0,-0.0112220503311,-0.010519715198,0.0480225171852,-0.134664603973,0.166354879344,-0.809501978564,0.37037037037,-0.083454877965,-0.010519715198,0.0473765781436,0.0925201098191,0.322048957148,2,-1.33671229697,0.18131656641,-0.0276764620482,0.00523236138603,design_only_not_support,
20B_trendpv_residual_momentum_design_and_replication_diagnostic_v3,P1_TRENDPV_RAW_ADAPTATION,project_strict_primary,project_conservative_primary,EW,5,4,middle,1,early,,bucket_return,27,27,0,-0.0139489511617,-0.0151665030218,0.047703888333,-0.167387413941,0.165251116623,-1.01292758174,0.37037037037,-0.0726132537429,-0.0151665030218,0.0473867190219,0.0883383302435,0.362606021942,2,-1.67205760626,0.0945129631948,-0.0302997286689,0.00240182634545,design_only_not_support,
20B_trendpv_residual_momentum_design_and_replication_diagnostic_v3,P1_TRENDPV_RAW_ADAPTATION,project_strict_primary,project_conservative_primary,EW,5,5,favorable,1,early,,bucket_return,27,27,0,-0.0269843726452,-0.0231781238486,0.0533229331458,-0.323812471743,0.184716058834,-1.75302826287,0.222222222222,-0.103062855584,-0.0231781238486,0.0403159707733,0.120655643644,0.556244589824,2,-3.06027039726,0.00221137243326,-0.0442666358653,-0.00970210942514,design_only_not_support,
20B_trendpv_residual_momentum_design_and_replication_diagnostic_v3,P1_TRENDPV_RAW_ADAPTATION,project_strict_primary,project_conservative_primary,EW,5,,,1,early,,favorable_minus_unfavorable,27,27,0,-0.0229029031631,-0.0157520024495,0.0502080363926,-0.274834837958,0.173925739961,-1.58018495721,0.259259259259,-0.0742689316162,-0.0157520024495,0.0372045396516,0.124712655603,0.500963799002,2,-2.7901759949,0.00526793972934,-0.0389910873577,-0.00681471896858,design_only_not_support,
20B_trendpv_residual_momentum_design_and_replication_diagnostic_v3,P1_TRENDPV_RAW_ADAPTATION,project_strict_primary,project_conservative_primary,EW,5,,,1,early,,favorable_minus_middle,27,27,0,-0.0157623223141,-0.0173250598979,0.0284763557516,-0.18914786777,0.0986449899523,-1.91746045959,0.333333333333,-0.0493173889998,-0.0173250598979,0.0202499574608,0.073786348046,0.356954698194,2,-3.00555594463,0.00265095824778,-0.0260411474692,-0.00548349715913,design_only_not_support,
20B_trendpv_residual_momentum_design_and_replication_diagnostic_v3,P1_TRENDPV_RAW_ADAPTATION,project_strict_primary,project_conservative_primary,EW,5,1,unfavorable,1,late,,bucket_return,28,27,1,0.0270158737761,0.00489403870128,0.0858739892383,0.324190485314,0.297476224819,1.08980301035,0.592592592593,-0.051341901535,0.00489403870128,0.127415634116,0.0715838995342,0.118763022856,2,1.87272771935,0.0611059935828,-0.00125846587567,0.0552902134279,design_only_not_support,
20B_trendpv_residual_momentum_design_and_replication_diagnostic_v3,P1_TRENDPV_RAW_ADAPTATION,project_strict_primary,project_conservative_primary,EW,5,2,middle,1,late,,bucket_return,28,27,1,0.0188672784454,0.0130970393055,0.0714318214141,0.226407341345,0.247447087933,0.914972745231,0.592592592593,-0.0593090185722,0.0130970393055,0.0933456875585,0.0727438741601,0.132131423558,2,1.60793284821,0.107849886702,-0.00413068834192,0.0418652452328,design_only_not_support,
20B_trendpv_residual_momentum_design_and_replication_diagnostic_v3,P1_TRENDPV_RAW_ADAPTATION,project_strict_primary,project_conservative_primary,EW,5,3,middle,1,late,,bucket_return,28,27,1,0.0172728506199,0.011728783195,0.0584889613911,0.207274207439,0.202611705623,1.02301200615,0.555555555556,-0.0355831759264,0.011728783195,0.0843408882154,0.0612319049283,0.0999009330133,2,1.89038850385,0.0587060198019,-0.000635724816565,0.0351814260563,design_only_not_support,
20B_trendpv_residual_momentum_design_and_replication_diagnostic_v3,P1_TRENDPV_RAW_ADAPTATION,project_strict_primary,project_conservative_primary,EW,5,4,middle,1,late,,bucket_return,28,27,1,0.020476136792,0.00542394811756,0.0524001690727,0.245713641504,0.181519510318,1.35364865778,0.592592592593,-0.0299812045903,0.00542394811756,0.0789307331148,0.0450282708479,0.0779386956134,2,2.33373589034,0.0196095555593,0.00327946478601,0.037672808798,design_only_not_support,
20B_trendpv_residual_momentum_design_and_replication_diagnostic_v3,P1_TRENDPV_RAW_ADAPTATION,project_strict_primary,project_conservative_primary,EW,5,5,favorable,1,late,,bucket_return,28,27,1,0.0186004656184,0.00409552603359,0.0601165632557,0.223205587421,0.208249883871,1.07181614353,0.592592592593,-0.0449363914183,0.00409552603359,0.0778904522977,0.0672646428054,0.101811211061,2,1.71192758936,0.0869100135957,-0.00269496938386,0.0398959006207,design_only_not_support,
20B_trendpv_residual_momentum_design_and_replication_diagnostic_v3,P1_TRENDPV_RAW_ADAPTATION,project_strict_primary,project_conservative_primary,EW,5,,,1,late,,favorable_minus_unfavorable,28,27,1,-0.00841540815773,-0.000145910535218,0.0509077284413,-0.100984897893,0.176349544316,-0.572640537769,0.481481481481,-0.0690633395051,-0.000145910535218,0.0473229569506,0.111831626957,0.278595881283,2,-0.850222741567,0.395201260391,-0.0278149091332,0.0109840928177,design_only_not_support,
20B_trendpv_residual_momentum_design_and_replication_diagnostic_v3,P1_TRENDPV_RAW_ADAPTATION,project_strict_primary,project_conservative_primary,EW,5,,,1,late,,favorable_minus_middle,28,27,1,0.00132761499853,-0.00126498747253,0.0301727243119,0.0159313799823,0.104521383022,0.15242220799,0.481481481481,-0.0276794855746,-0.00126498747253,0.0368359476055,0.0488567866181,0.141424728547,2,0.207261149359,0.83580591365,-0.0112269693531,0.0138821993502,design_only_not_support,
20B_trendpv_residual_momentum_design_and_replication_diagnostic_v3,P1_TRENDPV_RAW_ADAPTATION,project_strict_primary,project_conservative_primary,EW,10,1,unfavorable,1,full,,bucket_return,55,54,1,0.0120521181084,-1.12057610535e-05,0.0814987203285,0.144625417301,0.282319848722,0.512275059495,0.5,-0.0673115524165,-1.12057610535e-05,0.104597699059,0.109929206392,0.234370895796,3,1.40050581225,0.161361904119,-0.00481444340336,0.0289186796201,design_only_not_support,
20B_trendpv_residual_momentum_design_and_replication_diagnostic_v3,P1_TRENDPV_RAW_ADAPTATION,project_strict_primary,project_conservative_primary,EW,10,2,middle,1,full,,bucket_return,55,54,1,0.0108752911905,-0.00183006530957,0.0785746994587,0.130503494287,0.272190743304,0.479456034039,0.5,-0.0706799849969,-0.00183006530957,0.0978169373475,0.0977592107225,0.243645194253,3,1.31900588583,0.187167144756,-0.00528474212232,0.0270353245034,design_only_not_support,
20B_trendpv_residual_momentum_design_and_replication_diagnostic_v3,P1_TRENDPV_RAW_ADAPTATION,project_strict_primary,project_conservative_primary,EW,10,3,middle,1,full,,bucket_return,55,54,1,0.00633512045099,-0.00011610824239,0.0642394761309,0.0760214454119,0.222532073021,0.341620173578,0.5,-0.065521510931,-0.00011610824239,0.0771453622662,0.0737686312083,0.176503865786,3,0.959496026716,0.337308920341,-0.00660563967301,0.019275880575,design_only_not_support,
20B_trendpv_residual_momentum_design_and_replication_diagnostic_v3,P1_TRENDPV_RAW_ADAPTATION,project_strict_primary,project_conservative_primary,EW,10,4,middle,1,full,,bucket_return,55,54,1,0.00851261725424,0.00153421311372,0.0638034270143,0.102151407051,0.221021554572,0.462178484125,0.537037037037,-0.0595832695478,0.00153421311372,0.0908179207682,0.0873215818466,0.201336687929,3,1.30370687615,0.19233354406,-0.00428506260596,0.0213102971144,design_only_not_support,
20B_trendpv_residual_momentum_design_and_replication_diagnostic_v3,P1_TRENDPV_RAW_ADAPTATION,project_strict_primary,project_conservative_primary,EW,10,5,middle,1,full,,bucket_return,55,54,1,0.00370668053243,0.00311759259746,0.0585256913464,0.0444801663891,0.20273894192,0.219396263825,0.518518518519,-0.062542772319,0.00311759259746,0.0549497341105,0.0874286889108,0.303793736025,3,0.592092395707,0.55378871874,-0.00856329692114,0.015976657986,design_only_not_support,
20B_trendpv_residual_momentum_design_and_replication_diagnostic_v3,P1_TRENDPV_RAW_ADAPTATION,project_strict_primary,project_conservative_primary,EW,10,6,middle,1,full,,bucket_return,55,54,1,0.00232712316456,-0.00253622766357,0.0529331206431,0.0279254779747,0.183365708714,0.152293894919,0.444444444444,-0.0537755819195,-0.00253622766357,0.07231325341,0.0804773122172,0.349173262662,3,0.361507517056,0.717720086616,-0.0102897032496,0.0149439495788,design_only_not_support,
20B_trendpv_residual_momentum_design_and_replication_diagnostic_v3,P1_TRENDPV_RAW_ADAPTATION,project_strict_primary,project_conservative_primary,EW,10,7,middle,1,full,,bucket_return,55,54,1,0.00462933715771,-0.00355494556741,0.0561765353404,0.0555520458925,0.194601226806,0.285466062082,0.481481481481,-0.0597298251284,-0.00355494556741,0.0758918763838,0.0822804266766,0.371075396598,3,0.642893726572,0.520293060364,-0.00948393495303,0.0187426092684,design_only_not_support,
20B_trendpv_residual_momentum_design_and_replication_diagnostic_v3,P1_TRENDPV_RAW_ADAPTATION,project_strict_primary,project_conservative_primary,EW,10,8,middle,1,full,,bucket_return,55,54,1,0.00185818014568,-0.0041719412847,0.0506453025124,0.0222981617482,0.175440474232,0.127098161617,0.481481481481,-0.0655667494688,-0.0041719412847,0.0639050506693,0.0770732502305,0.362837157536,3,0.286344142351,0.774614552131,-0.0108606627558,0.0145770230472,design_only_not_support,
20B_trendpv_residual_momentum_design_and_replication_diagnostic_v3,P1_TRENDPV_RAW_ADAPTATION,project_strict_primary,project_conservative_primary,EW,10,9,middle,1,full,,bucket_return,55,54,1,-0.000704255134537,-0.0102926601456,0.0586835805786,-0.00845106161445,0.203285886264,-0.0415722988435,0.407407407407,-0.0653802072412,-0.0102926601456,0.0701259503715,0.0950126541014,0.479461527541,3,-0.0876735839506,0.930136115708,-0.0164480474768,0.0150395372077,design_only_not_support,
20B_trendpv_residual_momentum_design_and_replication_diagnostic_v3,P1_TRENDPV_RAW_ADAPTATION,project_strict_primary,project_conservative_primary,EW,10,10,favorable,1,full,,bucket_return,55,54,1,-0.00774147566484,-0.0129034610268,0.0663240817886,-0.092897707978,0.229753358847,-0.404336669742,0.425925925926,-0.0956941098965,-0.0129034610268,0.0688797219658,0.116261570432,0.633755172926,3,-0.843096557299,0.39917444401,-0.0257382440764,0.0102552927467,design_only_not_support,
20B_trendpv_residual_momentum_design_and_replication_diagnostic_v3,P1_TRENDPV_RAW_ADAPTATION,project_strict_primary,project_conservative_primary,EW,10,,,1,full,,favorable_minus_unfavorable,55,54,1,-0.0197935937732,-0.0171164209022,0.0592948848916,-0.237523125279,0.205403506522,-1.15637327376,0.37037037037,-0.0881521397923,-0.0171164209022,0.0514289478886,0.139593477325,0.727775180488,3,-2.55858987547,0.0105097649342,-0.0349561375213,-0.00463105002515,design_only_not_support,
20B_trendpv_residual_momentum_design_and_replication_diagnostic_v3,P1_TRENDPV_RAW_ADAPTATION,project_strict_primary,project_conservative_primary,EW,10,,,1,full,,favorable_minus_middle,55,54,1,-0.0107583775133,-0.00731852747508,0.0390922975752,-0.12910053016,0.13541969117,-0.95333646861,0.388888888889,-0.0490368183703,-0.00731852747508,0.0280335484815,0.0868796190244,0.550335152546,3,-1.93552915165,0.0529253949284,-0.0216525727468,0.000135817720184,design_only_not_support,
20B_trendpv_residual_momentum_design_and_replication_diagnostic_v3,P1_TRENDPV_RAW_ADAPTATION,project_strict_primary,project_conservative_primary,EW,10,1,unfavorable,1,early,,bucket_return,27,27,0,-0.00312735091416,-0.00616247624048,0.0739217446048,-0.0375282109699,0.256072434879,-0.146553107083,0.407407407407,-0.106111287607,-0.00616247624048,0.0859832603677,0.130949794817,0.234370895796,2,-0.273412814029,0.784535903748,-0.0255458142935,0.0192911124652,design_only_not_support,
20B_trendpv_residual_momentum_design_and_replication_diagnostic_v3,P1_TRENDPV_RAW_ADAPTATION,project_strict_primary,project_conservative_primary,EW,10,2,middle,1,early,,bucket_return,27,27,0,-0.0050477745913,-0.0152728008085,0.0671842695887,-0.0605732950955,0.232733136794,-0.260269319316,0.407407407407,-0.0808623953054,-0.0152728008085,0.0829753592037,0.1089938222,0.243645194253,2,-0.485958493477,0.626996594669,-0.0254064194834,0.0153108703008,design_only_not_support,
20B_trendpv_residual_momentum_design_and_replication_diagnostic_v3,P1_TRENDPV_RAW_ADAPTATION,project_strict_primary,project_conservative_primary,EW,10,3,middle,1,early,,bucket_return,27,27,0,-0.00451593616563,-0.00628483001743,0.052581427535,-0.0541912339875,0.18214740805,-0.297513066848,0.481481481481,-0.0694748193031,-0.00628483001743,0.0717715120884,0.0804661914496,0.176503865786,2,-0.578070326442,0.563216639916,-0.0198273469685,0.0107954746373,design_only_not_support,
20B_trendpv_residual_momentum_design_and_replication_diagnostic_v3,P1_TRENDPV_RAW_ADAPTATION,project_strict_primary,project_conservative_primary,EW,10,4,middle,1,early,,bucket_return,27,27,0,-0.00356106383584,-0.00102464076343,0.0537582923889,-0.04273276603,0.186224187492,-0.229469472283,0.444444444444,-0.0639281506007,-0.00102464076343,0.0576794557524,0.0939752711045,0.201336687929,2,-0.419563130548,0.674804627174,-0.0201963598299,0.0130742321583,design_only_not_support,
20B_trendpv_residual_momentum_design_and_replication_diagnostic_v3,P1_TRENDPV_RAW_ADAPTATION,project_strict_primary,project_conservative_primary,EW,10,5,middle,1,early,,bucket_return,27,27,0,-0.00962958558904,-0.0110296924492,0.049650247121,-0.115555027068,0.171993501244,-0.671856937807,0.37037037037,-0.0743053913804,-0.0110296924492,0.0513793414666,0.0943923607937,0.303793736025,2,-1.16075773222,0.245740436475,-0.0258893445522,0.00663017337414,design_only_not_support,
20B_trendpv_residual_momentum_design_and_replication_diagnostic_v3,P1_TRENDPV_RAW_ADAPTATION,project_strict_primary,project_conservative_primary,EW,10,6,middle,1,early,,bucket_return,27,27,0,-0.0128098529401,-0.0171210823735,0.0482137524237,-0.153718235281,0.167017337643,-0.92037292326,0.37037037037,-0.087269094841,-0.0171210823735,0.0446326575028,0.0929331921808,0.342544128815,2,-1.46343069773,0.14334956395,-0.0299660124008,0.00434630652059,design_only_not_support,
20B_trendpv_residual_momentum_design_and_replication_diagnostic_v3,P1_TRENDPV_RAW_ADAPTATION,project_strict_primary,project_conservative_primary,EW,10,7,middle,1,early,,bucket_return,27,27,0,-0.0135033612671,-0.00958068744715,0.0497458425858,-0.162040335206,0.172324653648,-0.940320097998,0.37037037037,-0.079362646017,-0.00958068744715,0.0524456977213,0.0938657361522,0.371075396598,2,-1.51863729902,0.128853817121,-0.0309308943396,0.00392417180537,design_only_not_support,
20B_trendpv_residual_momentum_design_and_replication_diagnostic_v3,P1_TRENDPV_RAW_ADAPTATION,project_strict_primary,project_conservative_primary,EW,10,8,middle,1,early,,bucket_return,27,27,0,-0.014397910671,-0.017942397857,0.0472191307933,-0.172774928052,0.163571867246,-1.05626310294,0.333333333333,-0.0724308702555,-0.017942397857,0.0481424277796,0.0859276478005,0.362837157536,2,-1.80105244218,0.0716946146093,-0.0300661864562,0.00127036511422,design_only_not_support,
20B_trendpv_residual_momentum_design_and_replication_diagnostic_v3,P1_TRENDPV_RAW_ADAPTATION,project_strict_primary,project_conservative_primary,EW,10,9,middle,1,early,,bucket_return,27,27,0,-0.02110204372,-0.020818312623,0.0523158011384,-0.25322452464,0.181227251221,-1.39727619845,0.296296296296,-0.0861965312249,-0.020818312623,0.0419769661985,0.113408164233,0.479461527541,2,-2.39617430095,0.0165672099456,-0.0383625767601,-0.00384151067992,design_only_not_support,
20B_trendpv_residual_momentum_design_and_replication_diagnostic_v3,P1_TRENDPV_RAW_ADAPTATION,project_strict_primary,project_conservative_primary,EW,10,10,favorable,1,early,,bucket_return,27,27,0,-0.0329960943751,-0.024803472016,0.0570544659433,-0.395953132501,0.197642467625,-2.00338083844,0.259259259259,-0.115858961043,-0.024803472016,0.038654975348,0.128081608747,0.625079589631,2,-3.4735692931,0.0005135847301,-0.0516141644778,-0.0143780242724,design_only_not_support,
20B_trendpv_residual_momentum_design_and_replication_diagnostic_v3,P1_TRENDPV_RAW_ADAPTATION,project_strict_primary,project_conservative_primary,EW,10,,,1,early,,favorable_minus_unfavorable,27,27,0,-0.0298687434609,-0.0209638673731,0.0592147173552,-0.358424921531,0.20512579803,-1.74734199683,0.259259259259,-0.0836920003353,-0.0209638673731,0.0384278392701,0.152996546164,0.601127108147,2,-3.01388669758,0.00257924110164,-0.0492927189853,-0.0104447679366,design_only_not_support,
20B_trendpv_residual_momentum_design_and_replication_diagnostic_v3,P1_TRENDPV_RAW_ADAPTATION,project_strict_primary,project_conservative_primary,EW,10,,,1,early,,favorable_minus_middle,27,27,0,-0.0217763751105,-0.016410088134,0.03661141815,-0.261316501326,0.126825672746,-2.06043851902,0.296296296296,-0.0649384700878,-0.016410088134,0.0159238392484,0.101998054926,0.458368883365,2,-3.22584910648,0.00125599555571,-0.0350072825466,-0.00854546767447,design_only_not_support,
20B_trendpv_residual_momentum_design_and_replication_diagnostic_v3,P1_TRENDPV_RAW_ADAPTATION,project_strict_primary,project_conservative_primary,EW,10,1,unfavorable,1,late,,bucket_return,28,27,1,0.0272315871309,0.00537386764289,0.0871582741194,0.326779045571,0.30192511815,1.08231818397,0.592592592593,-0.0509225836592,0.00537386764289,0.122729380695,0.073553758845,0.131781714554,2,1.78504452091,0.0742540957221,-0.00266846824199,0.0571316425038,design_only_not_support,
20B_trendpv_residual_momentum_design_and_replication_diagnostic_v3,P1_TRENDPV_RAW_ADAPTATION,project_strict_primary,project_conservative_primary,EW,10,2,middle,1,late,,bucket_return,28,27,1,0.0267983569724,0.00451871363224,0.0868625936492,0.321580283669,0.300900850955,1.06872507222,0.592592592593,-0.0526040163761,0.00451871363224,0.132197525361,0.0769845851376,0.145429770993,2,1.90003116017,0.0574290305527,-0.000845302569457,0.0544420165142,design_only_not_support,
20B_trendpv_residual_momentum_design_and_replication_diagnostic_v3,P1_TRENDPV_RAW_ADAPTATION,project_strict_primary,project_conservative_primary,EW,10,3,middle,1,late,,bucket_return,28,27,1,0.0171861770676,0.0180543459415,0.0735036427128,0.206234124811,0.25462408744,0.80995528304,0.518518518519,-0.064121282369,0.0180543459415,0.0878178732294,0.0655947619375,0.141369917064,2,1.41260127799,0.157772993084,-0.00665939677504,0.0410317509103,design_only_not_support,
20B_trendpv_residual_momentum_design_and_replication_diagnostic_v3,P1_TRENDPV_RAW_ADAPTATION,project_strict_primary,project_conservative_primary,EW,10,4,middle,1,late,,bucket_return,28,27,1,0.0205862983443,0.00859748731907,0.071453564525,0.247035580132,0.247522408278,0.998033195661,0.62962962963,-0.0528532334798,0.00859748731907,0.109091562126,0.0801270642823,0.122861128368,2,1.77594113371,0.0757426202074,-0.00213315027023,0.0433057469589,design_only_not_support,
20B_trendpv_residual_momentum_design_and_replication_diagnostic_v3,P1_TRENDPV_RAW_ADAPTATION,project_strict_primary,project_conservative_primary,EW,10,5,middle,1,late,,bucket_return,28,27,1,0.0170429466539,0.0105121555521,0.0644027443047,0.204515359847,0.223097650565,0.916707815293,0.666666666667,-0.0374103975868,0.0105121555521,0.0965094478261,0.0721551721232,0.111600238525,2,1.7081950014,0.0876001657189,-0.00251194116903,0.0365978344768,design_only_not_support,
20B_trendpv_residual_momentum_design_and_replication_diagnostic_v3,P1_TRENDPV_RAW_ADAPTATION,project_strict_primary,project_conservative_primary,EW,10,6,middle,1,late,,bucket_return,28,27,1,0.0174640992692,0.0129702399735,0.0539550669111,0.209569191231,0.186905834432,1.1212554807,0.518518518519,-0.0351833993118,0.0129702399735,0.0757133255116,0.0505282786693,0.0989226199713,2,2.03855592131,0.0414943682381,0.000673289052855,0.0342549094856,design_only_not_support,
20B_trendpv_residual_momentum_design_and_replication_diagnostic_v3,P1_TRENDPV_RAW_ADAPTATION,project_strict_primary,project_conservative_primary,EW,10,7,middle,1,late,,bucket_return,28,27,1,0.0227620355826,0.00784936912617,0.0572315736807,0.273144426991,0.198255986824,1.37773608437,0.592592592593,-0.0354032643044,0.00784936912617,0.0888254983988,0.0453895160133,0.0797217461851,2,2.40964683327,0.0159679692159,0.00424779966187,0.0412762715032,design_only_not_support,
20B_trendpv_residual_momentum_design_and_replication_diagnostic_v3,P1_TRENDPV_RAW_ADAPTATION,project_strict_primary,project_conservative_primary,EW,10,8,middle,1,late,,bucket_return,28,27,1,0.0181142709623,0.00962038728784,0.0494979808474,0.217371251548,0.1714660354,1.26772191963,0.62962962963,-0.0257931024573,0.00962038728784,0.0672984281479,0.0493751225752,0.0760371402526,2,2.14909011065,0.03162725754,0.00159410807271,0.034634433852,design_only_not_support,
20B_trendpv_residual_momentum_design_and_replication_diagnostic_v3,P1_TRENDPV_RAW_ADAPTATION,project_strict_primary,project_conservative_primary,EW,10,9,middle,1,late,,bucket_return,28,27,1,0.019693533451,0.000270320270846,0.0584712723748,0.236322401411,0.202550429073,1.16673364995,0.518518518519,-0.0377537426165,0.000270320270846,0.101018165606,0.0578351730754,0.112989746829,2,1.81891723527,0.0689240579372,-0.00152712219168,0.0409141890936,design_only_not_support,
20B_trendpv_residual_momentum_design_and_replication_diagnostic_v3,P1_TRENDPV_RAW_ADAPTATION,project_strict_primary,project_conservative_primary,EW,10,10,favorable,1,late,,bucket_return,28,27,1,0.0175131430454,0.0179782009148,0.0662351165197,0.210157716545,0.229445174115,0.915938708913,0.592592592593,-0.0567585556842,0.0179782009148,0.0766302665188,0.0901060707231,0.124062086398,2,1.55995641712,0.118770180809,-0.00449075991514,0.039517046006,design_only_not_support,
20B_trendpv_residual_momentum_design_and_replication_diagnostic_v3,P1_TRENDPV_RAW_ADAPTATION,project_strict_primary,project_conservative_primary,EW,10,,,1,late,,favorable_minus_unfavorable,28,27,1,-0.0097184440855,-0.00473567131636,0.0587348673389,-0.116621329026,0.203463548814,-0.573180452745,0.481481481481,-0.0876140927898,-0.00473567131636,0.0603105434642,0.126190408487,0.325592106336,2,-0.849407573961,0.395654540139,-0.0321432504768,0.0127063623058,design_only_not_support,
20B_trendpv_residual_momentum_design_and_replication_diagnostic_v3,P1_TRENDPV_RAW_ADAPTATION,project_strict_primary,project_conservative_primary,EW,10,,,1,late,,favorable_minus_middle,28,27,1,0.000259620083853,-0.00624947343194,0.0390213534367,0.00311544100623,0.135173933465,0.0230476462907,0.481481481481,-0.0357575130358,-0.00624947343194,0.0367114385204,0.066229141638,0.169795025352,2,0.038033296564,0.969661134406,-0.0131193415099,0.0136385816776,design_only_not_support,
20B_trendpv_residual_momentum_design_and_replication_diagnostic_v3,P1_TRENDPV_RAW_ADAPTATION,project_strict_primary,project_conservative_primary,VW,5,1,unfavorable,1,full,,bucket_return,55,54,1,0.0108419512784,-0.000132942226233,0.0720481805684,0.130103415341,0.249582218675,0.521284793571,0.5,-0.0572404575637,-0.000132942226233,0.0876518408331,0.079785259344,0.159018787987,3,1.45970825008,0.144370273538,-0.00371563858695,0.0253995411437,design_only_not_support,
20B_trendpv_residual_momentum_design_and_replication_diagnostic_v3,P1_TRENDPV_RAW_ADAPTATION,project_strict_primary,project_conservative_primary,VW,5,2,middle,1,full,,bucket_return,55,54,1,0.00794314582242,0.0015039030521,0.0552529624248,0.0953177498691,0.191401876377,0.49799799079,0.518518518519,-0.0525741395831,0.0015039030521,0.064310424623,0.0613080230027,0.12517898076,3,1.45279436212,0.146280857783,-0.00277294734382,0.0186592389887,design_only_not_support,
20B_trendpv_residual_momentum_design_and_replication_diagnostic_v3,P1_TRENDPV_RAW_ADAPTATION,project_strict_primary,project_conservative_primary,VW,5,3,middle,1,full,,bucket_return,55,54,1,0.00375349071903,-0.00264040125026,0.0468870913981,0.0450418886284,0.162421649041,0.277314563017,0.444444444444,-0.042271475397,-0.00264040125026,0.0556288552102,0.0593234799168,0.18461390041,3,0.725314803235,0.468258926251,-0.00638928672436,0.0138962681624,design_only_not_support,
20B_trendpv_residual_momentum_design_and_replication_diagnostic_v3,P1_TRENDPV_RAW_ADAPTATION,project_strict_primary,project_conservative_primary,VW,5,4,middle,1,full,,bucket_return,55,54,1,0.00758695508799,0.00597452750863,0.0432523787161,0.0910434610559,0.149830634969,0.607642496307,0.574074074074,-0.0428465594806,0.00597452750863,0.0587357308143,0.0607631488695,0.280952038584,3,1.23134067706,0.218195474259,-0.0044894418035,0.0196633519795,design_only_not_support,
20B_trendpv_residual_momentum_design_and_replication_diagnostic_v3,P1_TRENDPV_RAW_ADAPTATION,project_strict_primary,project_conservative_primary,VW,5,5,favorable,1,full,,bucket_return,55,54,1,-0.00355190426862,-0.00368700481764,0.0503602968379,-0.0426228512235,0.174453185615,-0.244322573264,0.462962962963,-0.0540656100892,-0.00368700481764,0.0670421836408,0.0921171265255,0.513602291213,3,-0.462389121283,0.643802299235,-0.0186076314097,0.0115038228724,design_only_not_support,
20B_trendpv_residual_momentum_design_and_replication_diagnostic_v3,P1_TRENDPV_RAW_ADAPTATION,project_strict_primary,project_conservative_primary,VW,5,,,1,full,,favorable_minus_unfavorable,55,54,1,-0.014393855547,-0.00490173875966,0.0596465454257,-0.172726266564,0.206621694347,-0.835954167884,0.351851851852,-0.0814782275874,-0.00490173875966,0.0590707328644,0.123408045669,0.663556857829,3,-1.79181303984,0.073162919317,-0.0301384884097,0.00135077731567,design_only_not_support,
20B_trendpv_residual_momentum_design_and_replication_diagnostic_v3,P1_TRENDPV_RAW_ADAPTATION,project_strict_primary,project_conservative_primary,VW,5,,,1,full,,favorable_minus_middle,55,54,1,-0.00730539498766,-0.00898276112547,0.0387763132199,-0.0876647398519,0.134325089254,-0.652631167705,0.407407407407,-0.050669783229,-0.00898276112547,0.0445261249657,0.0693932317214,0.534636800738,3,-1.14100028846,0.253869802956,-0.0198543059857,0.00524351601042,design_only_not_support,
20B_trendpv_residual_momentum_design_and_replication_diagnostic_v3,P1_TRENDPV_RAW_ADAPTATION,project_strict_primary,project_conservative_primary,VW,5,1,unfavorable,1,early,,bucket_return,27,27,0,0.000818557570852,-0.0156316530545,0.0642863787975,0.00982269085022,0.222694548624,0.0441083578872,0.407407407407,-0.0605190813524,-0.0156316530545,0.0750245785235,0.0914611327458,0.159018787987,2,0.085129158236,0.932158709521,-0.0180274335254,0.0196645486671,design_only_not_support,
20B_trendpv_residual_momentum_design_and_replication_diagnostic_v3,P1_TRENDPV_RAW_ADAPTATION,project_strict_primary,project_conservative_primary,VW,5,2,middle,1,early,,bucket_return,27,27,0,0.00278495188463,-0.00207934415971,0.0437023561559,0.0334194226155,0.151389402545,0.220751400387,0.481481481481,-0.0525356027554,-0.00207934415971,0.0663643598677,0.0666167568575,0.103746307491,2,0.455154762232,0.648997903033,-0.00920746442182,0.0147773681911,design_only_not_support,
20B_trendpv_residual_momentum_design_and_replication_diagnostic_v3,P1_TRENDPV_RAW_ADAPTATION,project_strict_primary,project_conservative_primary,VW,5,3,middle,1,early,,bucket_return,27,27,0,-0.00559554597154,-0.00415744235454,0.0424551246058,-0.0671465516585,0.147068865718,-0.456565373853,0.37037037037,-0.0597181527062,-0.00415744235454,0.0581435728224,0.0697014994088,0.18461390041,2,-0.803002860084,0.421973081461,-0.0192531169756,0.00806202503251,design_only_not_support,
20B_trendpv_residual_momentum_design_and_replication_diagnostic_v3,P1_TRENDPV_RAW_ADAPTATION,project_strict_primary,project_conservative_primary,VW,5,4,middle,1,early,,bucket_return,27,27,0,-0.0110685179167,-0.0131852079532,0.0422668349111,-0.132822215,0.146416611082,-0.907152638067,0.333333333333,-0.0603632979863,-0.0131852079532,0.04614718494,0.0710168913027,0.280952038584,2,-1.64909472341,0.0991282304803,-0.0242235515063,0.00208651567297,design_only_not_support,
20B_trendpv_residual_momentum_design_and_replication_diagnostic_v3,P1_TRENDPV_RAW_ADAPTATION,project_strict_primary,project_conservative_primary,VW,5,5,favorable,1,early,,bucket_return,27,27,0,-0.0252772599805,-0.0249664289544,0.0461311296229,-0.303327119766,0.159802920635,-1.89813251573,0.259259259259,-0.0923840929295,-0.0249664289544,0.0282389879283,0.10880484164,0.513602291213,2,-3.34274231686,0.000829548929612,-0.0400981807974,-0.0104563391635,design_only_not_support,
20B_trendpv_residual_momentum_design_and_replication_diagnostic_v3,P1_TRENDPV_RAW_ADAPTATION,project_strict_primary,project_conservative_primary,VW,5,,,1,early,,favorable_minus_unfavorable,27,27,0,-0.0260958175513,-0.0160300094915,0.0548280420225,-0.313149810616,0.189929908925,-1.64876512808,0.259259259259,-0.0809641642864,-0.0160300094915,0.0256438785085,0.120315213996,0.536071933053,2,-2.72769298688,0.00637789377838,-0.0448467777194,-0.00734485738323,design_only_not_support,
20B_trendpv_residual_momentum_design_and_replication_diagnostic_v3,P1_TRENDPV_RAW_ADAPTATION,project_strict_primary,project_conservative_primary,VW,5,,,1,early,,favorable_minus_middle,27,27,0,-0.0196817140089,-0.0165138484366,0.0267277815822,-0.236180568107,0.0925877513478,-2.55088350963,0.259259259259,-0.0544992370945,-0.0165138484366,0.0154274794069,0.0628565207464,0.426700384547,2,-4.17391759766,2.99406086084e-05,-0.0289237389672,-0.0104396890506,design_only_not_support,
20B_trendpv_residual_momentum_design_and_replication_diagnostic_v3,P1_TRENDPV_RAW_ADAPTATION,project_strict_primary,project_conservative_primary,VW,5,1,unfavorable,1,late,,bucket_return,28,27,1,0.0208653449859,0.00192565708908,0.0789944840826,0.250384139831,0.273644919897,0.914996484953,0.592592592593,-0.053618782755,0.00192565708908,0.105478737191,0.0681093859421,0.151163406169,2,1.64817227105,0.0993173252333,-0.00394718548534,0.0456778754572,design_only_not_support,
20B_trendpv_residual_momentum_design_and_replication_diagnostic_v3,P1_TRENDPV_RAW_ADAPTATION,project_strict_primary,project_conservative_primary,VW,5,2,middle,1,late,,bucket_return,28,27,1,0.0131013397602,0.00218845557935,0.0652536742376,0.157216077123,0.22604535832,0.695506770371,0.555555555556,-0.0503043797742,0.00218845557935,0.0583096907355,0.0559992891479,0.12517898076,2,1.28660865782,0.198230724499,-0.00685667460816,0.0330593541286,design_only_not_support,
20B_trendpv_residual_momentum_design_and_replication_diagnostic_v3,P1_TRENDPV_RAW_ADAPTATION,project_strict_primary,project_conservative_primary,VW,5,3,middle,1,late,,bucket_return,28,27,1,0.0131025274096,0.00459979717231,0.0499738181337,0.157230328915,0.173114384111,0.908245318391,0.518518518519,-0.0294920360921,0.00459979717231,0.0431684746604,0.0337293695502,0.0853396971807,2,1.63993777448,0.101018105675,-0.00255689713011,0.0287619519493,design_only_not_support,
20B_trendpv_residual_momentum_design_and_replication_diagnostic_v3,P1_TRENDPV_RAW_ADAPTATION,project_strict_primary,project_conservative_primary,VW,5,4,middle,1,late,,bucket_return,28,27,1,0.0262424280927,0.0171946724546,0.0361134212276,0.314909137112,0.125100560803,2.51724800506,0.814814814815,-0.00502658472452,0.0171946724546,0.0602406224907,0.0143894156911,0.0267437185979,2,4.44853227135,8.64590604976e-06,0.0146803642947,0.0378044918906,design_only_not_support,
20B_trendpv_residual_momentum_design_and_replication_diagnostic_v3,P1_TRENDPV_RAW_ADAPTATION,project_strict_primary,project_conservative_primary,VW,5,5,favorable,1,late,,bucket_return,28,27,1,0.0181734514432,0.0156696964728,0.0454036705911,0.218081417319,0.157282928628,1.38655491236,0.666666666667,-0.0347203133718,0.0156696964728,0.0765123947556,0.0485890016474,0.0791231072126,2,2.23213244223,0.025606210818,0.00221592597132,0.0341309769151,design_only_not_support,
20B_trendpv_residual_momentum_design_and_replication_diagnostic_v3,P1_TRENDPV_RAW_ADAPTATION,project_strict_primary,project_conservative_primary,VW,5,,,1,late,,favorable_minus_unfavorable,28,27,1,-0.00269189354272,-0.0014047868785,0.0629423245811,-0.0323027225127,0.218038608242,-0.148151388294,0.444444444444,-0.0677691295908,-0.0014047868785,0.0815162633757,0.126500877343,0.274794593945,2,-0.237675839428,0.812132524094,-0.0248902558443,0.0195064687588,design_only_not_support,
20B_trendpv_residual_momentum_design_and_replication_diagnostic_v3,P1_TRENDPV_RAW_ADAPTATION,project_strict_primary,project_conservative_primary,VW,5,,,1,late,,favorable_minus_middle,28,27,1,0.00507092403361,0.00138822548637,0.045083615485,0.0608510884033,0.156174225218,0.389635923075,0.555555555556,-0.0365872742109,0.00138822548637,0.058123889646,0.0737697399603,0.188272263371,2,0.527758441825,0.597667004768,-0.0137612303889,0.0239030784561,design_only_not_support,
20B_trendpv_residual_momentum_design_and_replication_diagnostic_v3,P1_TRENDPV_RAW_ADAPTATION,project_strict_primary,project_conservative_primary,VW,10,1,unfavorable,1,full,,bucket_return,55,54,1,0.00956280141738,-0.00566850844008,0.0741636705864,0.114753617009,0.256910491063,0.446667695561,0.444444444444,-0.0634389505785,-0.00566850844008,0.0848848699428,0.0873293058294,0.234069019645,3,1.26135496162,0.207180987395,-0.00529641501237,0.0244220178471,design_only_not_support,
20B_trendpv_residual_momentum_design_and_replication_diagnostic_v3,P1_TRENDPV_RAW_ADAPTATION,project_strict_primary,project_conservative_primary,VW,10,2,middle,1,full,,bucket_return,55,54,1,0.0114707865044,-0.00153591497146,0.0738959477364,0.137649438053,0.255983071906,0.537728674902,0.462962962963,-0.0588909281319,-0.00153591497146,0.091208132341,0.0808310510998,0.173326150445,3,1.47744935236,0.139555225224,-0.00374620106074,0.0266877740696,design_only_not_support,
20B_trendpv_residual_momentum_design_and_replication_diagnostic_v3,P1_TRENDPV_RAW_ADAPTATION,project_strict_primary,project_conservative_primary,VW,10,3,middle,1,full,,bucket_return,55,54,1,0.00609419672034,-0.000361479229587,0.0623816260512,0.0731303606441,0.216096291559,0.338415620724,0.462962962963,-0.0647963868639,-0.000361479229587,0.0739045427284,0.0746963373634,0.161978808831,3,0.962994548291,0.335550259156,-0.00630920276698,0.0184975962077,design_only_not_support,
20B_trendpv_residual_momentum_design_and_replication_diagnostic_v3,P1_TRENDPV_RAW_ADAPTATION,project_strict_primary,project_conservative_primary,VW,10,4,middle,1,full,,bucket_return,55,54,1,0.00996851474168,0.00310608500862,0.0525168667367,0.1196221769,0.181923762884,0.65754014211,0.537037037037,-0.0468654333478,0.00310608500862,0.0785321392176,0.0575363976986,0.146843442016,3,1.85310772025,0.0638669205006,-0.000574817229525,0.0205118467129,design_only_not_support,
20B_trendpv_residual_momentum_design_and_replication_diagnostic_v3,P1_TRENDPV_RAW_ADAPTATION,project_strict_primary,project_conservative_primary,VW,10,5,middle,1,full,,bucket_return,55,54,1,0.00491727916753,0.00057305348826,0.0506179007963,0.0590073500104,0.175345551903,0.336520370035,0.518518518519,-0.0513393943613,0.00057305348826,0.0618391490822,0.0610370741876,0.164723061993,3,0.920300196655,0.357415906345,-0.00555505377918,0.0153896121142,design_only_not_support,
20B_trendpv_residual_momentum_design_and_replication_diagnostic_v3,P1_TRENDPV_RAW_ADAPTATION,project_strict_primary,project_conservative_primary,VW,10,6,middle,1,full,,bucket_return,55,54,1,0.00315033241358,-0.00457425207545,0.0462740054086,0.037803988963,0.160297856875,0.235835897622,0.425925925926,-0.0417765168079,-0.00457425207545,0.0546612128262,0.063092629435,0.237301682519,3,0.578630532224,0.56283849851,-0.00752061860972,0.0138212834369,design_only_not_support,
20B_trendpv_residual_momentum_design_and_replication_diagnostic_v3,P1_TRENDPV_RAW_ADAPTATION,project_strict_primary,project_conservative_primary,VW,10,7,middle,1,full,,bucket_return,55,54,1,0.00928363920911,-0.000343443160028,0.044639603901,0.111403670509,0.154636123972,0.72042461779,0.481481481481,-0.0426633930765,-0.000343443160028,0.0664937632457,0.0596970888532,0.280131673599,3,1.54017469644,0.123517776008,-0.00253034431977,0.021097622738,design_only_not_support,
20B_trendpv_residual_momentum_design_and_replication_diagnostic_v3,P1_TRENDPV_RAW_ADAPTATION,project_strict_primary,project_conservative_primary,VW,10,8,middle,1,full,,bucket_return,55,54,1,0.00600846404441,0.00725650829881,0.0473200730381,0.0721015685329,0.16392154144,0.439854139362,0.574074074074,-0.0508556159183,0.00725650829881,0.0585493886197,0.0668733871208,0.310889507207,3,0.851150439402,0.394685789481,-0.00782736636146,0.0198442944503,design_only_not_support,
20B_trendpv_residual_momentum_design_and_replication_diagnostic_v3,P1_TRENDPV_RAW_ADAPTATION,project_strict_primary,project_conservative_primary,VW,10,9,middle,1,full,,bucket_return,55,54,1,0.00107034823951,0.00441985462216,0.0478826650685,0.0128441788741,0.165870417401,0.0774350187056,0.555555555556,-0.0523099420793,0.00441985462216,0.0614665110034,0.080228871061,0.407875966187,3,0.165762255995,0.868344050476,-0.0115853916801,0.0137260881591,design_only_not_support,
20B_trendpv_residual_momentum_design_and_replication_diagnostic_v3,P1_TRENDPV_RAW_ADAPTATION,project_strict_primary,project_conservative_primary,VW,10,10,favorable,1,full,,bucket_return,55,54,1,-0.00764852646501,-0.0134635558661,0.0661355237507,-0.0917823175801,0.229100174643,-0.400620897488,0.388888888889,-0.0857831447187,-0.0134635558661,0.0611152240618,0.116694976327,0.651438640961,3,-0.718864256227,0.472224561703,-0.0285020273539,0.0132049744239,design_only_not_support,
20B_trendpv_residual_momentum_design_and_replication_diagnostic_v3,P1_TRENDPV_RAW_ADAPTATION,project_strict_primary,project_conservative_primary,VW,10,,,1,full,,favorable_minus_unfavorable,55,54,1,-0.0172113278824,-0.0141084691418,0.0694856941354,-0.206535934589,0.240705505284,-0.858044083144,0.333333333333,-0.0972001173586,-0.0141084691418,0.0650985425937,0.14487993356,0.732270093007,3,-1.71465952419,0.086407668557,-0.0368849612187,0.00246230545392,design_only_not_support,
20B_trendpv_residual_momentum_design_and_replication_diagnostic_v3,P1_TRENDPV_RAW_ADAPTATION,project_strict_primary,project_conservative_primary,VW,10,,,1,full,,favorable_minus_middle,55,54,1,-0.0116823322556,-0.0127203942777,0.0533147276423,-0.140187987067,0.184687634136,-0.759054539425,0.314814814815,-0.0637762862769,-0.0127203942777,0.0514455329412,0.0897892156708,0.661644219904,3,-1.26412064117,0.206186729013,-0.0297952794938,0.00643061498268,design_only_not_support,
20B_trendpv_residual_momentum_design_and_replication_diagnostic_v3,P1_TRENDPV_RAW_ADAPTATION,project_strict_primary,project_conservative_primary,VW,10,1,unfavorable,1,early,,bucket_return,27,27,0,-0.00237985510282,-0.0175153393372,0.0670237294478,-0.0285582612338,0.232177009433,-0.123002106469,0.37037037037,-0.088948027671,-0.0175153393372,0.0792414809488,0.10191233823,0.234069019645,2,-0.234073598947,0.814927841614,-0.022307050271,0.0175473400654,design_only_not_support,
20B_trendpv_residual_momentum_design_and_replication_diagnostic_v3,P1_TRENDPV_RAW_ADAPTATION,project_strict_primary,project_conservative_primary,VW,10,2,middle,1,early,,bucket_return,27,27,0,0.00129868794611,-0.0135551113943,0.0661490622822,0.0155842553534,0.229147073492,0.0680098380307,0.37037037037,-0.0633946515028,-0.0135551113943,0.0689332124688,0.0876603911319,0.173326150445,2,0.125025069914,0.900503703137,-0.0190602816853,0.0216576575775,design_only_not_support,
20B_trendpv_residual_momentum_design_and_replication_diagnostic_v3,P1_TRENDPV_RAW_ADAPTATION,project_strict_primary,project_conservative_primary,VW,10,3,middle,1,early,,bucket_return,27,27,0,0.00249225719471,-4.35882830424e-05,0.053764015427,0.0299070863365,0.186244012677,0.160580122317,0.481481481481,-0.0747514415582,-4.35882830424e-05,0.0734011960866,0.080108287121,0.135031425555,2,0.33854552671,0.734952124907,-0.0119363320391,0.0169208464285,design_only_not_support,
20B_trendpv_residual_momentum_design_and_replication_diagnostic_v3,P1_TRENDPV_RAW_ADAPTATION,project_strict_primary,project_conservative_primary,VW,10,4,middle,1,early,,bucket_return,27,27,0,0.00204159115683,-0.00369831607662,0.0400868456676,0.024499093882,0.138864906823,0.176423939227,0.481481481481,-0.04704281407,-0.00369831607662,0.0529247137306,0.0606059082078,0.146843442016,2,0.329578605478,0.74171839052,-0.0100995037809,0.0141826860946,design_only_not_support,
20B_trendpv_residual_momentum_design_and_replication_diagnostic_v3,P1_TRENDPV_RAW_ADAPTATION,project_strict_primary,project_conservative_primary,VW,10,5,middle,1,early,,bucket_return,27,27,0,-0.00185803833631,0.00033614764461,0.0450064102359,-0.0222964600358,0.15590677839,-0.143011485877,0.518518518519,-0.0551875686536,0.00033614764461,0.0671729080773,0.0684679287537,0.164723061993,2,-0.249119842147,0.803268081397,-0.0164762565789,0.0127601799063,design_only_not_support,
20B_trendpv_residual_momentum_design_and_replication_diagnostic_v3,P1_TRENDPV_RAW_ADAPTATION,project_strict_primary,project_conservative_primary,VW,10,6,middle,1,early,,bucket_return,27,27,0,-0.00914193959222,-0.0129077572132,0.0416948472947,-0.109703275107,0.144435187856,-0.759532886236,0.296296296296,-0.0591252182655,-0.0129077572132,0.0522219798344,0.0746097289849,0.237301682519,2,-1.36775350881,0.171389244619,-0.022242159942,0.00395828075755,design_only_not_support,
20B_trendpv_residual_momentum_design_and_replication_diagnostic_v3,P1_TRENDPV_RAW_ADAPTATION,project_strict_primary,project_conservative_primary,VW,10,7,middle,1,early,,bucket_return,27,27,0,-0.00981361464311,-0.0115328879957,0.0408444439149,-0.117763375717,0.141489304135,-0.832312918897,0.259259259259,-0.0629862101449,-0.0115328879957,0.0500856492849,0.0666162679576,0.280131673599,2,-1.48499764259,0.137544448586,-0.0227660468269,0.00313881754064,design_only_not_support,
20B_trendpv_residual_momentum_design_and_replication_diagnostic_v3,P1_TRENDPV_RAW_ADAPTATION,project_strict_primary,project_conservative_primary,VW,10,8,middle,1,early,,bucket_return,27,27,0,-0.0127087238519,-0.0145837792161,0.0453853740595,-0.152504686223,0.157219547583,-0.970010972344,0.37037037037,-0.0628105733365,-0.0145837792161,0.0534252412621,0.0763179471096,0.310889507207,2,-1.64798538872,0.0993556695356,-0.027823324509,0.0024058768052,design_only_not_support,
20B_trendpv_residual_momentum_design_and_replication_diagnostic_v3,P1_TRENDPV_RAW_ADAPTATION,project_strict_primary,project_conservative_primary,VW,10,9,middle,1,early,,bucket_return,27,27,0,-0.0167862435684,-0.0205658900327,0.0445017967374,-0.201434922821,0.154158745954,-1.30667203845,0.37037037037,-0.072103693634,-0.0205658900327,0.0352784419058,0.100344195646,0.407875966187,2,-2.34769830064,0.0188898150187,-0.030800153627,-0.00277233350984,design_only_not_support,
20B_trendpv_residual_momentum_design_and_replication_diagnostic_v3,P1_TRENDPV_RAW_ADAPTATION,project_strict_primary,project_conservative_primary,VW,10,10,favorable,1,early,,bucket_return,27,27,0,-0.0356171244775,-0.0274253895672,0.0541874806872,-0.427405493729,0.187710939369,-2.27693439267,0.222222222222,-0.120655189869,-0.0274253895672,0.0239331520304,0.126485733364,0.63965318158,2,-3.84273735301,0.000121669653569,-0.0537834144931,-0.0174508344618,design_only_not_support,
20B_trendpv_residual_momentum_design_and_replication_diagnostic_v3,P1_TRENDPV_RAW_ADAPTATION,project_strict_primary,project_conservative_primary,VW,10,,,1,early,,favorable_minus_unfavorable,27,27,0,-0.0332372693746,-0.0234067859329,0.0607874407998,-0.398847232496,0.210573871855,-1.89409649442,0.259259259259,-0.0962547975118,-0.0234067859329,0.0312968499497,0.15239212786,0.644945020212,2,-3.03746277942,0.00238578866461,-0.0546840674589,-0.0117904712903,design_only_not_support,
20B_trendpv_residual_momentum_design_and_replication_diagnostic_v3,P1_TRENDPV_RAW_ADAPTATION,project_strict_primary,project_conservative_primary,VW,10,,,1,early,,favorable_minus_middle,27,27,0,-0.0301171355132,-0.0165102478377,0.037531894712,-0.361405626158,0.130014297091,-2.77973756921,0.185185185185,-0.0856559231752,-0.0165102478377,0.0122559591843,0.100132227407,0.570632102451,2,-4.18263298889,2.88152357955e-05,-0.0442298968002,-0.0160043742262,design_only_not_support,
20B_trendpv_residual_momentum_design_and_replication_diagnostic_v3,P1_TRENDPV_RAW_ADAPTATION,project_strict_primary,project_conservative_primary,VW,10,1,unfavorable,1,late,,bucket_return,28,27,1,0.0215054579376,0.00190534888923,0.0801476290243,0.258065495251,0.277639531153,0.929498382955,0.518518518519,-0.0493038596429,0.00190534888923,0.094284421095,0.0620713172028,0.160106223912,2,1.63718563776,0.101591687054,-0.00423989558657,0.0472508114617,design_only_not_support,
20B_trendpv_residual_momentum_design_and_replication_diagnostic_v3,P1_TRENDPV_RAW_ADAPTATION,project_strict_primary,project_conservative_primary,VW,10,2,middle,1,late,,bucket_return,28,27,1,0.0216428850628,0.00551250423163,0.0808742524867,0.259714620753,0.280156628662,0.927033645406,0.555555555556,-0.0559047046043,0.00551250423163,0.114868579265,0.0733347751196,0.138636118183,2,1.6880611876,0.0913994839185,-0.0034861064431,0.0467718765687,design_only_not_support,
20B_trendpv_residual_momentum_design_and_replication_diagnostic_v3,P1_TRENDPV_RAW_ADAPTATION,project_strict_primary,project_conservative_primary,VW,10,3,middle,1,late,,bucket_return,28,27,1,0.00969613624597,-0.00537385548875,0.0708173076763,0.116353634952,0.245318349901,0.474296500847,0.444444444444,-0.0558624081903,-0.00537385548875,0.0621874270831,0.0655319465853,0.161978808831,2,0.862512702346,0.388405446189,-0.012337252688,0.0317295251799,design_only_not_support,
20B_trendpv_residual_momentum_design_and_replication_diagnostic_v3,P1_TRENDPV_RAW_ADAPTATION,project_strict_primary,project_conservative_primary,VW,10,4,middle,1,late,,bucket_return,28,27,1,0.0178954383265,0.00417739644919,0.0623270354465,0.214745259918,0.215907184157,0.994618408632,0.592592592593,-0.0458392954375,0.00417739644919,0.0894678705107,0.0544668871894,0.111900205203,2,1.83846946211,0.0659932577484,-0.00118261291689,0.03697348957,design_only_not_support,
20B_trendpv_residual_momentum_design_and_replication_diagnostic_v3,P1_TRENDPV_RAW_ADAPTATION,project_strict_primary,project_conservative_primary,VW,10,5,middle,1,late,,bucket_return,28,27,1,0.0116925966714,0.0023861899698,0.0556953397445,0.140311160057,0.192934316365,0.727248333528,0.518518518519,-0.0335490546916,0.0023861899698,0.0451669525573,0.0432063747299,0.0931253608838,2,1.28450799407,0.198964268297,-0.00614852885482,0.0295337221976,design_only_not_support,
20B_trendpv_residual_momentum_design_and_replication_diagnostic_v3,P1_TRENDPV_RAW_ADAPTATION,project_strict_primary,project_conservative_primary,VW,10,6,middle,1,late,,bucket_return,28,27,1,0.0154426044194,0.00949424695772,0.0480899256345,0.185311253033,0.166588389062,1.11238996953,0.555555555556,-0.028778500794,0.00949424695772,0.0555428784777,0.0369700972592,0.0736265249563,2,2.0623307739,0.0391762550852,0.000766516144607,0.0301186926942,design_only_not_support,
20B_trendpv_residual_momentum_design_and_replication_diagnostic_v3,P1_TRENDPV_RAW_ADAPTATION,project_strict_primary,project_conservative_primary,VW,10,7,middle,1,late,,bucket_return,28,27,1,0.0283808930613,0.0220972914286,0.04045117442,0.340570716736,0.140126978642,2.43044358792,0.703703703704,-0.003890566201,0.0220972914286,0.0830463705031,0.0161936192515,0.0464424069743,2,4.63507880815,3.5680152064e-06,0.0163799043939,0.0403818817288,design_only_not_support,
20B_trendpv_residual_momentum_design_and_replication_diagnostic_v3,P1_TRENDPV_RAW_ADAPTATION,project_strict_primary,project_conservative_primary,VW,10,8,middle,1,late,,bucket_return,28,27,1,0.0247256519407,0.0179288410365,0.0421551202675,0.296707823288,0.146029620205,2.03183315051,0.777777777778,-0.022067962309,0.0179288410365,0.0553049232986,0.031431113873,0.0614763996024,2,3.23129056445,0.00123232596822,0.00972811880914,0.0397231850723,design_only_not_support,
20B_trendpv_residual_momentum_design_and_replication_diagnostic_v3,P1_TRENDPV_RAW_ADAPTATION,project_strict_primary,project_conservative_primary,VW,10,9,middle,1,late,,bucket_return,28,27,1,0.0189269400474,0.0141510505136,0.0450669360196,0.227123280569,0.156116445855,1.45483250868,0.740740740741,-0.0398587123859,0.0141510505136,0.0836425237319,0.0493338999642,0.069096978197,2,2.74678038592,0.00601834188234,0.0054216299685,0.0324322501264,design_only_not_support,
20B_trendpv_residual_momentum_design_and_replication_diagnostic_v3,P1_TRENDPV_RAW_ADAPTATION,project_strict_primary,project_conservative_primary,VW,10,10,favorable,1,late,,bucket_return,28,27,1,0.0203200715474,0.0169356086501,0.0659931943788,0.243840858569,0.228607131236,1.06663714842,0.555555555556,-0.0411213187757,0.0169356086501,0.0783500887113,0.0581096816577,0.0943512494085,2,1.55047974142,0.121026412231,-0.0053665642287,0.0460067073236,design_only_not_support,
20B_trendpv_residual_momentum_design_and_replication_diagnostic_v3,P1_TRENDPV_RAW_ADAPTATION,project_strict_primary,project_conservative_primary,VW,10,,,1,late,,favorable_minus_unfavorable,28,27,1,-0.00118538639013,-0.00664102877173,0.0749245952661,-0.0142246366816,0.259546411475,-0.0548057536252,0.407407407407,-0.0987826419286,-0.00664102877173,0.0870393717711,0.13736773926,0.290803723486,2,-0.082621411107,0.934152575879,-0.0293053930723,0.0269346202921,design_only_not_support,
20B_trendpv_residual_momentum_design_and_replication_diagnostic_v3,P1_TRENDPV_RAW_ADAPTATION,project_strict_primary,project_conservative_primary,VW,10,,,1,late,,favorable_minus_middle,28,27,1,0.00675247100206,-0.00582893762606,0.060661165549,0.0810296520247,0.210136441555,0.385604949933,0.444444444444,-0.0555297550986,-0.00582893762606,0.067427507418,0.0695660599418,0.211967680799,2,0.510995533196,0.60935418455,-0.019147168253,0.0326521102571,design_only_not_support,
20B_trendpv_residual_momentum_design_and_replication_diagnostic_v3,P4_RESMOM_R2_MARKET_ONLY_ADAPTATION,project_sequential_market_residual_primary,paper_qfq_complete_case_sensitivity,EW,5,1,unfavorable,1,full,,bucket_return,64,63,1,2.6351912424e-05,-0.000804845174514,0.0667218957004,0.000316222949088,0.231131426661,0.00136815211006,0.492063492063,-0.081807585913,-0.000804845174514,0.0610021003303,0.0994484278615,0.439142516469,3,0.00363169936588,0.997102329516,-0.0141953096491,0.014248013474,design_only_not_support,
20B_trendpv_residual_momentum_design_and_replication_diagnostic_v3,P4_RESMOM_R2_MARKET_ONLY_ADAPTATION,project_sequential_market_residual_primary,paper_qfq_complete_case_sensitivity,EW,5,2,middle,1,full,,bucket_return,64,63,1,0.00163822969633,0.0031064420326,0.0550465452629,0.0196587563559,0.190686826353,0.103094465055,0.539682539683,-0.0625563552023,0.0031064420326,0.0637939044962,0.0807832154093,0.333685411436,3,0.286217623031,0.774711446878,-0.0095800564777,0.0128565158704,design_only_not_support,
20B_trendpv_residual_momentum_design_and_replication_diagnostic_v3,P4_RESMOM_R2_MARKET_ONLY_ADAPTATION,project_sequential_market_residual_primary,paper_qfq_complete_case_sensitivity,EW,5,3,middle,1,full,,bucket_return,64,63,1,0.00664214715902,0.00290477405268,0.0568968117524,0.0797057659082,0.197096337488,0.404400035658,0.507936507937,-0.0563088687188,0.00290477405268,0.0715845135826,0.0789829191612,0.308636883285,3,1.01810891632,0.308626198488,-0.00614466671035,0.0194289610284,design_only_not_support,
20B_trendpv_residual_momentum_design_and_replication_diagnostic_v3,P4_RESMOM_R2_MARKET_ONLY_ADAPTATION,project_sequential_market_residual_primary,paper_qfq_complete_case_sensitivity,EW,5,4,middle,1,full,,bucket_return,64,63,1,0.00756641679842,-0.0047840846971,0.0585484429574,0.0907970015811,0.202817755813,0.447677774647,0.47619047619,-0.0569259925352,-0.0047840846971,0.0859076769665,0.0814816418156,0.274463743133,3,1.32244984783,0.186018399209,-0.00364754677177,0.0187803803686,design_only_not_support,
20B_trendpv_residual_momentum_design_and_replication_diagnostic_v3,P4_RESMOM_R2_MARKET_ONLY_ADAPTATION,project_sequential_market_residual_primary,paper_qfq_complete_case_sensitivity,EW,5,5,favorable,1,full,,bucket_return,64,63,1,0.0060681987102,-0.00497052359865,0.0619450102432,0.0728183845224,0.214583810033,0.339347057502,0.444444444444,-0.0485333060703,-0.00497052359865,0.0800720044552,0.0899717497547,0.384021286363,3,0.88888130272,0.374066874962,-0.00731204777112,0.0194484451915,design_only_not_support,
20B_trendpv_residual_momentum_design_and_replication_diagnostic_v3,P4_RESMOM_R2_MARKET_ONLY_ADAPTATION,project_sequential_market_residual_primary,paper_qfq_complete_case_sensitivity,EW,5,,,1,full,,favorable_minus_unfavorable,64,63,1,0.00604184679778,-0.00571889144681,0.058878426068,0.0725021615733,0.203960850839,0.35547097041,0.47619047619,-0.0553597869354,-0.00571889144681,0.0745787081751,0.0969777948625,0.302187207747,3,0.866111169939,0.386429200288,-0.00763053445622,0.0197142280518,design_only_not_support,
20B_trendpv_residual_momentum_design_and_replication_diagnostic_v3,P4_RESMOM_R2_MARKET_ONLY_ADAPTATION,project_sequential_market_residual_primary,paper_qfq_complete_case_sensitivity,EW,5,,,1,full,,favorable_minus_middle,64,63,1,-0.000573948448816,0.00279413239831,0.034150180456,-0.00688738138579,0.118299695275,-0.0582197728388,0.52380952381,-0.0417249255309,0.00279413239831,0.0363878003888,0.0653768919159,0.2329750101,3,-0.149349312487,0.881278005826,-0.00810607745514,0.00695818055751,design_only_not_support,
20B_trendpv_residual_momentum_design_and_replication_diagnostic_v3,P4_RESMOM_R2_MARKET_ONLY_ADAPTATION,project_sequential_market_residual_primary,paper_qfq_complete_case_sensitivity,EW,5,1,unfavorable,1,early,,bucket_return,32,32,0,-0.00751859671092,-0.00942913493667,0.0584431302775,-0.0902231605311,0.202452941988,-0.445650034251,0.40625,-0.0904613882277,-0.00942913493667,0.0577678742317,0.0969083006669,0.296335416809,3,-0.930840888881,0.35193587519,-0.0233496360902,0.00831244266832,design_only_not_support,
20B_trendpv_residual_momentum_design_and_replication_diagnostic_v3,P4_RESMOM_R2_MARKET_ONLY_ADAPTATION,project_sequential_market_residual_primary,paper_qfq_complete_case_sensitivity,EW,5,2,middle,1,early,,bucket_return,32,32,0,-0.00583638376285,-0.00552465320077,0.0501115527014,-0.0700366051542,0.17359151065,-0.403456395373,0.5,-0.0629839814482,-0.00552465320077,0.0646895169177,0.0821567690657,0.260847957112,3,-0.854670040917,0.392733840511,-0.0192206156038,0.0075478480781,design_only_not_support,
20B_trendpv_residual_momentum_design_and_replication_diagnostic_v3,P4_RESMOM_R2_MARKET_ONLY_ADAPTATION,project_sequential_market_residual_primary,paper_qfq_complete_case_sensitivity,EW,5,3,middle,1,early,,bucket_return,32,32,0,-0.00176590683067,0.00133746501326,0.0490106058446,-0.021190881968,0.169777718865,-0.124815447573,0.5,-0.0563674746504,0.00133746501326,0.0698114881448,0.0840679352392,0.230512776707,3,-0.243221845647,0.807833544523,-0.0159961819894,0.012464368328,design_only_not_support,
20B_trendpv_residual_momentum_design_and_replication_diagnostic_v3,P4_RESMOM_R2_MARKET_ONLY_ADAPTATION,project_sequential_market_residual_primary,paper_qfq_complete_case_sensitivity,EW,5,4,middle,1,early,,bucket_return,32,32,0,0.000468842220618,0.0015487705608,0.0506847216548,0.00562610664742,0.175577026147,0.0320435239785,0.5,-0.0614639135599,0.0015487705608,0.0683218782565,0.0844488078637,0.19599174428,3,0.0725106118104,0.942195560697,-0.0122039768868,0.0131416613281,design_only_not_support,
20B_trendpv_residual_momentum_design_and_replication_diagnostic_v3,P4_RESMOM_R2_MARKET_ONLY_ADAPTATION,project_sequential_market_residual_primary,paper_qfq_complete_case_sensitivity,EW,5,5,favorable,1,early,,bucket_return,32,32,0,-0.0044861752523,-0.00498282787782,0.0528029444752,-0.0538341030277,0.182914765241,-0.294312506466,0.40625,-0.0657243697697,-0.00498282787782,0.0586927519717,0.0919814237438,0.336809125776,3,-0.527884085453,0.597579791145,-0.0211427522645,0.0121704017599,design_only_not_support,
20B_trendpv_residual_momentum_design_and_replication_diagnostic_v3,P4_RESMOM_R2_MARKET_ONLY_ADAPTATION,project_sequential_market_residual_primary,paper_qfq_complete_case_sensitivity,EW,5,,,1,early,,favorable_minus_unfavorable,32,32,0,0.00303242145862,-0.00834613690786,0.0604743615433,0.0363890575034,0.209489333497,0.173703629183,0.46875,-0.0611257600042,-0.00834613690786,0.0631183726837,0.0949848338145,0.302187207747,3,0.302971362094,0.76191168624,-0.0165847357663,0.0226495786835,design_only_not_support,
20B_trendpv_residual_momentum_design_and_replication_diagnostic_v3,P4_RESMOM_R2_MARKET_ONLY_ADAPTATION,project_sequential_market_residual_primary,paper_qfq_complete_case_sensitivity,EW,5,,,1,early,,favorable_minus_middle,32,32,0,-0.00272026842164,-0.00582839828276,0.0363501939199,-0.0326432210596,0.125920765469,-0.259236202529,0.40625,-0.0425850051485,-0.00582839828276,0.0435459621675,0.0644234022213,0.189646804588,3,-0.460221723464,0.645357079821,-0.0143051803518,0.00886464350855,design_only_not_support,
20B_trendpv_residual_momentum_design_and_replication_diagnostic_v3,P4_RESMOM_R2_MARKET_ONLY_ADAPTATION,project_sequential_market_residual_primary,paper_qfq_complete_case_sensitivity,EW,5,1,unfavorable,1,late,,bucket_return,32,31,1,0.00781468597523,0.00740982067091,0.0744819168981,0.0937762317028,0.258012928625,0.363455553187,0.58064516129,-0.0484263886211,0.00740982067091,0.0617887945851,0.0826204174718,0.20352414391,3,0.691420304018,0.489301448075,-0.0143375461373,0.0299669180878,design_only_not_support,
20B_trendpv_residual_momentum_design_and_replication_diagnostic_v3,P4_RESMOM_R2_MARKET_ONLY_ADAPTATION,project_sequential_market_residual_primary,paper_qfq_complete_case_sensitivity,EW,5,2,middle,1,late,,bucket_return,32,31,1,0.00935395971871,0.0060664153047,0.0595505476069,0.112247516625,0.206289148147,0.544127103305,0.58064516129,-0.0370388861997,0.0060664153047,0.0530020073619,0.0684735794505,0.132103318849,3,1.13228619767,0.257514130958,-0.00683755104888,0.0255454704863,design_only_not_support,
20B_trendpv_residual_momentum_design_and_replication_diagnostic_v3,P4_RESMOM_R2_MARKET_ONLY_ADAPTATION,project_sequential_market_residual_primary,paper_qfq_complete_case_sensitivity,EW,5,3,middle,1,late,,bucket_return,32,31,1,0.0153214286968,0.00603264709322,0.0636785212136,0.183857144361,0.220588868186,0.833483329749,0.516129032258,-0.0414012866309,0.00603264709322,0.082397256568,0.0645024949506,0.150992131202,3,1.56255752594,0.118156705212,-0.00389671075657,0.0345395681501,design_only_not_support,
20B_trendpv_residual_momentum_design_and_replication_diagnostic_v3,P4_RESMOM_R2_MARKET_ONLY_ADAPTATION,project_sequential_market_residual_primary,paper_qfq_complete_case_sensitivity,EW,5,4,middle,1,late,,bucket_return,32,31,1,0.0148929453949,-0.00884229668536,0.065731231209,0.178715344738,0.227699664196,0.784873115072,0.451612903226,-0.0442778344745,-0.00884229668536,0.115329859439,0.0691563945969,0.124887397042,3,1.75384319889,0.0794573786493,-0.00175029649597,0.0315361872857,design_only_not_support,
20B_trendpv_residual_momentum_design_and_replication_diagnostic_v3,P4_RESMOM_R2_MARKET_ONLY_ADAPTATION,project_sequential_market_residual_primary,paper_qfq_complete_case_sensitivity,EW,5,5,favorable,1,late,,bucket_return,32,31,1,0.0169630363489,-0.00311438992045,0.0693369768866,0.203556436187,0.240190333622,0.847479717929,0.483870967742,-0.0407157299628,-0.00311438992045,0.135791577147,0.0734066954474,0.128636345584,3,1.8259031984,0.067864844348,-0.0012454537515,0.0351715264493,design_only_not_support,
20B_trendpv_residual_momentum_design_and_replication_diagnostic_v3,P4_RESMOM_R2_MARKET_ONLY_ADAPTATION,project_sequential_market_residual_primary,paper_qfq_complete_case_sensitivity,EW,5,,,1,late,,favorable_minus_unfavorable,32,31,1,0.00914835037368,-0.00104887707518,0.0580152012133,0.109780204484,0.200970552225,0.546250200681,0.483870967742,-0.0371761453536,-0.00104887707518,0.0749397891383,0.0813535599155,0.244392355112,3,0.947726891591,0.343268507166,-0.00977106344633,0.0280677641937,design_only_not_support,
20B_trendpv_residual_momentum_design_and_replication_diagnostic_v3,P4_RESMOM_R2_MARKET_ONLY_ADAPTATION,project_sequential_market_residual_primary,paper_qfq_complete_case_sensitivity,EW,5,,,1,late,,favorable_minus_middle,32,31,1,0.00164160765216,0.00461304319372,0.0321691058868,0.0196992918259,0.11143705166,0.176775062984,0.645161290323,-0.0269911233786,0.00461304319372,0.0308851620961,0.0567339394761,0.163269275234,3,0.340981975065,0.733117151274,-0.00779435116755,0.0110775664719,design_only_not_support,
20B_trendpv_residual_momentum_design_and_replication_diagnostic_v3,P4_RESMOM_R2_MARKET_ONLY_ADAPTATION,project_sequential_market_residual_primary,paper_qfq_complete_case_sensitivity,EW,10,1,unfavorable,1,full,,bucket_return,64,63,1,-0.00310491730444,-0.00465796791966,0.07158793487,-0.0372590076532,0.247987880808,-0.150245276228,0.460317460317,-0.0915742250404,-0.00465796791966,0.0602217807971,0.113688828892,0.527213472646,3,-0.412124608616,0.680248092371,-0.017871145684,0.0116613110752,design_only_not_support,
20B_trendpv_residual_momentum_design_and_replication_diagnostic_v3,P4_RESMOM_R2_MARKET_ONLY_ADAPTATION,project_sequential_market_residual_primary,paper_qfq_complete_case_sensitivity,EW,10,2,middle,1,full,,bucket_return,64,63,1,0.00318541977974,0.00229306665012,0.0642407859354,0.0382250373569,0.222536610317,0.171769657597,0.52380952381,-0.0690158925318,0.00229306665012,0.0638836688658,0.0885875285208,0.37957857319,3,0.431221411522,0.666307386727,-0.0112927760545,0.017663615614,design_only_not_support,
20B_trendpv_residual_momentum_design_and_replication_diagnostic_v3,P4_RESMOM_R2_MARKET_ONLY_ADAPTATION,project_sequential_market_residual_primary,paper_qfq_complete_case_sensitivity,EW,10,3,middle,1,full,,bucket_return,64,63,1,0.00242444760069,-0.00444525685835,0.055524056793,0.0290933712083,0.192340974815,0.151259351972,0.492063492063,-0.0572786104046,-0.00444525685835,0.060706672231,0.0759625307169,0.381556274398,3,0.409236565471,0.682366062717,-0.00918700254989,0.0140358977513,design_only_not_support,
20B_trendpv_residual_momentum_design_and_replication_diagnostic_v3,P4_RESMOM_R2_MARKET_ONLY_ADAPTATION,project_sequential_market_residual_primary,paper_qfq_complete_case_sensitivity,EW,10,4,middle,1,full,,bucket_return,64,63,1,0.000821299356136,0.000888530743558,0.0567396457237,0.00985559227364,0.196551898394,0.0501424425516,0.52380952381,-0.0712900215712,0.000888530743558,0.0615448712367,0.0864189928165,0.318575704572,3,0.137462092396,0.890665554144,-0.0108889629459,0.0125315616582,design_only_not_support,
20B_trendpv_residual_momentum_design_and_replication_diagnostic_v3,P4_RESMOM_R2_MARKET_ONLY_ADAPTATION,project_sequential_market_residual_primary,paper_qfq_complete_case_sensitivity,EW,10,5,middle,1,full,,bucket_return,64,63,1,0.00516229570364,0.00216184793819,0.057964780883,0.0619475484437,0.200795891078,0.308510040276,0.507936507937,-0.0581849830265,0.00216184793819,0.0724054233464,0.078739752236,0.334590900395,3,0.770148734678,0.441211669887,-0.00797531421649,0.0182999056238,design_only_not_support,
20B_trendpv_residual_momentum_design_and_replication_diagnostic_v3,P4_RESMOM_R2_MARKET_ONLY_ADAPTATION,project_sequential_market_residual_primary,paper_qfq_complete_case_sensitivity,EW,10,6,middle,1,full,,bucket_return,64,63,1,0.0081086353144,-0.000377594529258,0.0580935406268,0.0973036237728,0.201241927914,0.483515660883,0.492063492063,-0.0602918052225,-0.000377594529258,0.0692091806068,0.0838303178274,0.287406440253,3,1.19915444022,0.230467898903,-0.00514456431278,0.0213618349416,design_only_not_support,
20B_trendpv_residual_momentum_design_and_replication_diagnostic_v3,P4_RESMOM_R2_MARKET_ONLY_ADAPTATION,project_sequential_market_residual_primary,paper_qfq_complete_case_sensitivity,EW,10,7,middle,1,full,,bucket_return,64,63,1,0.00916458972643,-0.00130494772207,0.0592018286887,0.109975076717,0.20508115038,0.536251510748,0.47619047619,-0.0483213685178,-0.00130494772207,0.0836474529881,0.0763934253633,0.207400368914,3,1.49871369925,0.133947921257,-0.00282053178534,0.0211497112382,design_only_not_support,
20B_trendpv_residual_momentum_design_and_replication_diagnostic_v3,P4_RESMOM_R2_MARKET_ONLY_ADAPTATION,project_sequential_market_residual_primary,paper_qfq_complete_case_sensitivity,EW,10,8,middle,1,full,,bucket_return,64,63,1,0.00597850872174,-0.00150335147781,0.0613322040592,0.0717421046609,0.212460987141,0.337671897444,0.492063492063,-0.064552334908,-0.00150335147781,0.0826576146053,0.0891797914121,0.366743451529,3,1.02519486275,0.305271251753,-0.00545118352665,0.0174082009701,design_only_not_support,
20B_trendpv_residual_momentum_design_and_replication_diagnostic_v3,P4_RESMOM_R2_MARKET_ONLY_ADAPTATION,project_sequential_market_residual_primary,paper_qfq_complete_case_sensitivity,EW,10,9,middle,1,full,,bucket_return,64,63,1,0.00863594283959,-0.00238487026785,0.0627311220988,0.103631314075,0.217306981382,0.476889023151,0.492063492063,-0.0579794404602,-0.00238487026785,0.0822543430545,0.0935833655761,0.322172256813,3,1.30985226756,0.190245817354,-0.00428622965066,0.0215581153298,design_only_not_support,
20B_trendpv_residual_momentum_design_and_replication_diagnostic_v3,P4_RESMOM_R2_MARKET_ONLY_ADAPTATION,project_sequential_market_residual_primary,paper_qfq_complete_case_sensitivity,EW,10,10,favorable,1,full,,bucket_return,64,63,1,0.00349591312028,-0.00442396375301,0.0659111078888,0.0419509574433,0.228322775293,0.183735316766,0.460317460317,-0.0636078822132,-0.00442396375301,0.0953959173284,0.0910672481688,0.445435351639,3,0.448274907885,0.653954807332,-0.0117890463729,0.0187808726134,design_only_not_support,
20B_trendpv_residual_momentum_design_and_replication_diagnostic_v3,P4_RESMOM_R2_MARKET_ONLY_ADAPTATION,project_sequential_market_residual_primary,paper_qfq_complete_case_sensitivity,EW,10,,,1,full,,favorable_minus_unfavorable,64,63,1,0.00660083042471,-0.000566722312426,0.0702748718922,0.0792099650965,0.243439297225,0.325378712473,0.492063492063,-0.0739612221343,-0.000566722312426,0.0968642589839,0.111419315228,0.417038808006,3,0.790901696039,0.42900135861,-0.00975694193219,0.0229586027816,design_only_not_support,
20B_trendpv_residual_momentum_design_and_replication_diagnostic_v3,P4_RESMOM_R2_MARKET_ONLY_ADAPTATION,project_sequential_market_residual_primary,paper_qfq_complete_case_sensitivity,EW,10,,,1,full,,favorable_minus_middle,64,63,1,-0.00313955238874,-0.00174464408776,0.0457508468708,-0.0376746286649,0.158485582539,-0.237716441214,0.492063492063,-0.0620056534231,-0.00174464408776,0.045869389085,0.0800055244912,0.42239751161,3,-0.567989737446,0.570041936447,-0.0139732157524,0.00769411097494,design_only_not_support,
20B_trendpv_residual_momentum_design_and_replication_diagnostic_v3,P4_RESMOM_R2_MARKET_ONLY_ADAPTATION,project_sequential_market_residual_primary,paper_qfq_complete_case_sensitivity,EW,10,1,unfavorable,1,early,,bucket_return,32,32,0,-0.0094062203058,-0.00714806451592,0.064115046841,-0.11287464367,0.222101037317,-0.508213041386,0.4375,-0.101084537226,-0.00714806451592,0.059571022514,0.112940322565,0.37035409361,3,-1.04652134419,0.295320395672,-0.0270225385323,0.00821009792071,design_only_not_support,
20B_trendpv_residual_momentum_design_and_replication_diagnostic_v3,P4_RESMOM_R2_MARKET_ONLY_ADAPTATION,project_sequential_market_residual_primary,paper_qfq_complete_case_sensitivity,EW,10,2,middle,1,early,,bucket_return,32,32,0,-0.00561368576138,-0.0103986136817,0.0560170585051,-0.0673642291366,0.194048782843,-0.347151000639,0.46875,-0.0810984947669,-0.0103986136817,0.0656614762591,0.0888550740361,0.304590151717,3,-0.68313074253,0.49452423099,-0.0217198587497,0.0104924872269,design_only_not_support,
20B_trendpv_residual_momentum_design_and_replication_diagnostic_v3,P4_RESMOM_R2_MARKET_ONLY_ADAPTATION,project_sequential_market_residual_primary,paper_qfq_complete_case_sensitivity,EW,10,3,middle,1,early,,bucket_return,32,32,0,-0.00823713176163,-0.013232950732,0.050229036802,-0.0988455811395,0.173998487513,-0.568082990562,0.375,-0.0580134963013,-0.013232950732,0.0611966176019,0.0788265231844,0.321064307519,3,-1.1810191269,0.237595125095,-0.0219070895303,0.00543282600703,design_only_not_support,
20B_trendpv_residual_momentum_design_and_replication_diagnostic_v3,P4_RESMOM_R2_MARKET_ONLY_ADAPTATION,project_sequential_market_residual_primary,paper_qfq_complete_case_sensitivity,EW,10,4,middle,1,early,,bucket_return,32,32,0,-0.00347507208353,-0.00153103861859,0.0527967404156,-0.0417008650024,0.182893273748,-0.228006553483,0.5,-0.0715307197671,-0.00153103861859,0.0616275932865,0.0863871162108,0.235132292237,3,-0.474789486314,0.634937027519,-0.0178204110679,0.0108702669009,design_only_not_support,
20B_trendpv_residual_momentum_design_and_replication_diagnostic_v3,P4_RESMOM_R2_MARKET_ONLY_ADAPTATION,project_sequential_market_residual_primary,paper_qfq_complete_case_sensitivity,EW,10,5,middle,1,early,,bucket_return,32,32,0,-0.00303297536461,-0.00636874400002,0.0495256148208,-0.0363957043753,0.171561762291,-0.212143451368,0.4375,-0.0683630394653,-0.00636874400002,0.0724591063898,0.0824880970323,0.228526965587,3,-0.402066491923,0.68763509221,-0.0178178992517,0.0117519485225,design_only_not_support,
20B_trendpv_residual_momentum_design_and_replication_diagnostic_v3,P4_RESMOM_R2_MARKET_ONLY_ADAPTATION,project_sequential_market_residual_primary,paper_qfq_complete_case_sensitivity,EW,10,6,middle,1,early,,bucket_return,32,32,0,-0.000505206434243,-0.0029718838851,0.05121813809,-0.00606247721091,0.177424834882,-0.0341692706939,0.46875,-0.066355747514,-0.0029718838851,0.065582152937,0.0917037415923,0.243742546354,3,-0.065447606933,0.94781762045,-0.0156346582549,0.0146242453865,design_only_not_support,
20B_trendpv_residual_momentum_design_and_replication_diagnostic_v3,P4_RESMOM_R2_MARKET_ONLY_ADAPTATION,project_sequential_market_residual_primary,paper_qfq_complete_case_sensitivity,EW,10,7,middle,1,early,,bucket_return,32,32,0,0.00114755179591,-0.00243233217978,0.0532577556506,0.013770621551,0.184490277368,0.0746414485762,0.46875,-0.0569367693171,-0.00243233217978,0.0749703561908,0.0863247763005,0.198052743069,3,0.183712432334,0.85423905532,-0.0110952788161,0.0133903824079,design_only_not_support,
20B_trendpv_residual_momentum_design_and_replication_diagnostic_v3,P4_RESMOM_R2_MARKET_ONLY_ADAPTATION,project_sequential_market_residual_primary,paper_qfq_complete_case_sensitivity,EW,10,8,middle,1,early,,bucket_return,32,32,0,-0.000194990674752,0.00307746060947,0.0525100560098,-0.00233988809702,0.181900169835,-0.0128635839051,0.53125,-0.0682253569557,0.00307746060947,0.068127291436,0.0850792190954,0.26171652308,3,-0.0250056668151,0.980050443558,-0.015478514312,0.0150885329625,design_only_not_support,
20B_trendpv_residual_momentum_design_and_replication_diagnostic_v3,P4_RESMOM_R2_MARKET_ONLY_ADAPTATION,project_sequential_market_residual_primary,paper_qfq_complete_case_sensitivity,EW,10,9,middle,1,early,,bucket_return,32,32,0,-0.00337723998591,-0.0024003397768,0.051814347214,-0.0405268798309,0.179490163871,-0.225788861946,0.46875,-0.0678484252212,-0.0024003397768,0.0685326915327,0.0927141408407,0.25895387776,3,-0.513372591946,0.607690713986,-0.0162709332671,0.00951645329531,design_only_not_support,
20B_trendpv_residual_momentum_design_and_replication_diagnostic_v3,P4_RESMOM_R2_MARKET_ONLY_ADAPTATION,project_sequential_market_residual_primary,paper_qfq_complete_case_sensitivity,EW,10,10,favorable,1,early,,bucket_return,32,32,0,-0.0055745314847,-0.00689009289616,0.0615552427313,-0.0668943778164,0.213233615766,-0.313714034141,0.4375,-0.0727886431459,-0.00689009289616,0.0564320220516,0.0930826310192,0.409914971694,3,-0.479526800465,0.63156390689,-0.0283592453528,0.0172101823834,design_only_not_support,
20B_trendpv_residual_momentum_design_and_replication_diagnostic_v3,P4_RESMOM_R2_MARKET_ONLY_ADAPTATION,project_sequential_market_residual_primary,paper_qfq_complete_case_sensitivity,EW,10,,,1,early,,favorable_minus_unfavorable,32,32,0,0.00383168882111,-0.00440126739191,0.0747509338935,0.0459802658533,0.258944830834,0.177567807418,0.5,-0.0848653045298,-0.00440126739191,0.0875945465876,0.107005318576,0.417038808006,3,0.305041335261,0.760334670641,-0.0207878339164,0.0284512115586,design_only_not_support,
20B_trendpv_residual_momentum_design_and_replication_diagnostic_v3,P4_RESMOM_R2_MARKET_ONLY_ADAPTATION,project_sequential_market_residual_primary,paper_qfq_complete_case_sensitivity,EW,10,,,1,early,,favorable_minus_middle,32,32,0,-0.00380544058527,-0.00872725047888,0.051490860048,-0.0456652870232,0.178369571457,-0.256015006653,0.46875,-0.0696503790057,-0.00872725047888,0.0582753218917,0.0760543546649,0.322994682036,3,-0.420215520756,0.674328017449,-0.0215547290433,0.0139438478728,design_only_not_support,
20B_trendpv_residual_momentum_design_and_replication_diagnostic_v3,P4_RESMOM_R2_MARKET_ONLY_ADAPTATION,project_sequential_market_residual_primary,paper_qfq_complete_case_sensitivity,EW,10,1,unfavorable,1,late,,bucket_return,32,31,1,0.00339965353569,-0.00142089491242,0.0791042551912,0.0407958424282,0.274025178172,0.148876255461,0.483870967742,-0.0566769971399,-0.00142089491242,0.058361922666,0.0974394403351,0.249123161835,3,0.296569306738,0.766795346805,-0.0190679394973,0.0258672465686,design_only_not_support,
20B_trendpv_residual_momentum_design_and_replication_diagnostic_v3,P4_RESMOM_R2_MARKET_ONLY_ADAPTATION,project_sequential_market_residual_primary,paper_qfq_complete_case_sensitivity,EW,10,2,middle,1,late,,bucket_return,32,31,1,0.0122683674351,0.00379014874396,0.0715439634801,0.147220409221,0.247835559445,0.594024560281,0.58064516129,-0.0389483128558,0.00379014874396,0.058555678312,0.0681307836337,0.178781417774,3,1.08232326786,0.279108910519,-0.00994824661724,0.0344849814874,design_only_not_support,
20B_trendpv_residual_momentum_design_and_replication_diagnostic_v3,P4_RESMOM_R2_MARKET_ONLY_ADAPTATION,project_sequential_market_residual_primary,paper_qfq_complete_case_sensitivity,EW,10,3,middle,1,late,,bucket_return,32,31,1,0.0134299488779,0.00863358542072,0.059311967555,0.161159386535,0.205462682604,0.784373028194,0.612903225806,-0.0345838470315,0.00863358542072,0.0559038124884,0.0623219606765,0.110596160198,3,1.70760173608,0.0877102660425,-0.00198477901725,0.0288446767731,design_only_not_support,
20B_trendpv_residual_momentum_design_and_replication_diagnostic_v3,P4_RESMOM_R2_MARKET_ONLY_ADAPTATION,project_sequential_market_residual_primary,paper_qfq_complete_case_sensitivity,EW,10,4,middle,1,late,,bucket_return,32,31,1,0.00525626342289,0.00129928329514,0.0610980716867,0.0630751610747,0.211649928812,0.298016453059,0.548387096774,-0.0494750279326,0.00129928329514,0.05067536756,0.0772148782012,0.156442704339,3,0.581009721096,0.561233901854,-0.0124750870658,0.0229876139116,design_only_not_support,
20B_trendpv_residual_momentum_design_and_replication_diagnostic_v3,P4_RESMOM_R2_MARKET_ONLY_ADAPTATION,project_sequential_market_residual_primary,paper_qfq_complete_case_sensitivity,EW,10,5,middle,1,late,,bucket_return,32,31,1,0.0136219303547,0.0108720236977,0.065296929955,0.163463164257,0.226195200521,0.72266415857,0.58064516129,-0.0535776226096,0.0108720236977,0.068360756292,0.0681970229591,0.174658335846,3,1.35038889632,0.176891270646,-0.00614903560025,0.0333928963097,design_only_not_support,
20B_trendpv_residual_momentum_design_and_replication_diagnostic_v3,P4_RESMOM_R2_MARKET_ONLY_ADAPTATION,project_sequential_market_residual_primary,paper_qfq_complete_case_sensitivity,EW,10,6,middle,1,late,,bucket_return,32,31,1,0.0170003429259,0.00144530153339,0.0640556471374,0.204004115111,0.221895270707,0.919371172088,0.516129032258,-0.0366084168273,0.00144530153339,0.096433756844,0.0641514188125,0.127835311261,3,1.68667314522,0.0916662186077,-0.00275455739608,0.0367552432479,design_only_not_support,
20B_trendpv_residual_momentum_design_and_replication_diagnostic_v3,P4_RESMOM_R2_MARKET_ONLY_ADAPTATION,project_sequential_market_residual_primary,paper_qfq_complete_case_sensitivity,EW,10,7,middle,1,late,,bucket_return,32,31,1,0.0174402417837,-0.00130494772207,0.0645995995768,0.209282901405,0.223779577231,0.935218950693,0.483870967742,-0.0455274434014,-0.00130494772207,0.103611491918,0.058164690114,0.107645767779,3,1.8529579615,0.0638883843263,-0.00100715232235,0.0358876358898,design_only_not_support,
20B_trendpv_residual_momentum_design_and_replication_diagnostic_v3,P4_RESMOM_R2_MARKET_ONLY_ADAPTATION,project_sequential_market_residual_primary,paper_qfq_complete_case_sensitivity,EW,10,8,middle,1,late,,bucket_return,32,31,1,0.0123511532601,-0.00413825309059,0.0695860696701,0.148213839121,0.241053216335,0.614859413095,0.451612903226,-0.0462193854964,-0.00413825309059,0.1366854363,0.0811767325234,0.142258267633,3,1.56672919884,0.117178002744,-0.00310002718332,0.0278023337034,design_only_not_support,
20B_trendpv_residual_momentum_design_and_replication_diagnostic_v3,P4_RESMOM_R2_MARKET_ONLY_ADAPTATION,project_sequential_market_residual_primary,paper_qfq_complete_case_sensitivity,EW,10,9,middle,1,late,,bucket_return,32,31,1,0.0210366476917,0.00462505712178,0.071032915463,0.252439772301,0.246065237183,1.02590587435,0.516129032258,-0.0395050481148,0.00462505712178,0.144782634708,0.0773582008875,0.135055000934,3,2.17428461886,0.0296837668216,0.00207359590284,0.0399996994806,design_only_not_support,
20B_trendpv_residual_momentum_design_and_replication_diagnostic_v3,P4_RESMOM_R2_MARKET_ONLY_ADAPTATION,project_sequential_market_residual_primary,paper_qfq_complete_case_sensitivity,EW,10,10,favorable,1,late,,bucket_return,32,31,1,0.0128589527125,-0.00343801802124,0.0698889869774,0.15430743255,0.242102552669,0.637363922227,0.483870967742,-0.0458552968748,-0.00343801802124,0.12395214428,0.0734262810452,0.131630839468,3,1.37758979638,0.168329973048,-0.00543610454018,0.0311540099652,design_only_not_support,
20B_trendpv_residual_momentum_design_and_replication_diagnostic_v3,P4_RESMOM_R2_MARKET_ONLY_ADAPTATION,project_sequential_market_residual_primary,paper_qfq_complete_case_sensitivity,EW,10,,,1,late,,favorable_minus_unfavorable,32,31,1,0.00945929917682,-0.000566722312426,0.0664512678463,0.113511590122,0.230193944274,0.493112842215,0.483870967742,-0.0488404126554,-0.000566722312426,0.0990933372488,0.0902968971222,0.280726232798,3,0.871552377476,0.383452620172,-0.0118129572987,0.0307315556524,design_only_not_support,
20B_trendpv_residual_momentum_design_and_replication_diagnostic_v3,P4_RESMOM_R2_MARKET_ONLY_ADAPTATION,project_sequential_market_residual_primary,paper_qfq_complete_case_sensitivity,EW,10,,,1,late,,favorable_minus_middle,32,31,1,-0.00245218392781,0.00673591386133,0.0398142666453,-0.0294262071338,0.137920665391,-0.213356040955,0.516129032258,-0.0405817342567,0.00673591386133,0.0376080642129,0.0739530366827,0.278752338615,3,-0.395388735909,0.692556020723,-0.014607796229,0.00970342837341,design_only_not_support,
20B_trendpv_residual_momentum_design_and_replication_diagnostic_v3,P4_RESMOM_R2_MARKET_ONLY_ADAPTATION,project_sequential_market_residual_primary,paper_qfq_complete_case_sensitivity,VW,5,1,unfavorable,1,full,,bucket_return,64,63,1,-0.0012967938162,-0.00105038406743,0.0629935193495,-0.0155615257944,0.218215952122,-0.0713125032478,0.428571428571,-0.0765651673407,-0.00105038406743,0.0711650821794,0.0917108967049,0.474974478959,3,-0.185647438796,0.852721249392,-0.0149876327075,0.0123940450751,design_only_not_support,
20B_trendpv_residual_momentum_design_and_replication_diagnostic_v3,P4_RESMOM_R2_MARKET_ONLY_ADAPTATION,project_sequential_market_residual_primary,paper_qfq_complete_case_sensitivity,VW,5,2,middle,1,full,,bucket_return,64,63,1,0.00194783442134,-0.0017911101501,0.0536581962504,0.0233740130561,0.185877444296,0.125749593473,0.47619047619,-0.0576944033295,-0.0017911101501,0.0586349500766,0.0751146212157,0.352709912359,3,0.330863715513,0.740747430588,-0.00959070889628,0.013486377739,design_only_not_support,
20B_trendpv_residual_momentum_design_and_replication_diagnostic_v3,P4_RESMOM_R2_MARKET_ONLY_ADAPTATION,project_sequential_market_residual_primary,paper_qfq_complete_case_sensitivity,VW,5,3,middle,1,full,,bucket_return,64,63,1,0.00255961647871,-0.00279538383964,0.0464230582785,0.0307153977445,0.160814191162,0.190999298772,0.460317460317,-0.0471680154713,-0.00279538383964,0.0625919847934,0.0598987185979,0.251260598905,3,0.493906871115,0.621371951737,-0.00759767511998,0.0127169080774,design_only_not_support,
20B_trendpv_residual_momentum_design_and_replication_diagnostic_v3,P4_RESMOM_R2_MARKET_ONLY_ADAPTATION,project_sequential_market_residual_primary,paper_qfq_complete_case_sensitivity,VW,5,4,middle,1,full,,bucket_return,64,63,1,0.00704209545668,-0.00339159919902,0.0504357133014,0.0845051454802,0.174714435908,0.483675805271,0.47619047619,-0.0459847500172,-0.00339159919902,0.0614786824386,0.066598705245,0.223934077866,3,1.46912857683,0.141797918057,-0.00235276193598,0.0164369528493,design_only_not_support,
20B_trendpv_residual_momentum_design_and_replication_diagnostic_v3,P4_RESMOM_R2_MARKET_ONLY_ADAPTATION,project_sequential_market_residual_primary,paper_qfq_complete_case_sensitivity,VW,5,5,favorable,1,full,,bucket_return,64,63,1,0.00693242733476,0.0108067965794,0.0483053128098,0.0831891280171,0.167334512124,0.497142681215,0.571428571429,-0.052008858414,0.0108067965794,0.0661770137249,0.0744224601076,0.246483052688,3,1.43402029488,0.15156647139,-0.00254254868205,0.0164074033516,design_only_not_support,
20B_trendpv_residual_momentum_design_and_replication_diagnostic_v3,P4_RESMOM_R2_MARKET_ONLY_ADAPTATION,project_sequential_market_residual_primary,paper_qfq_complete_case_sensitivity,VW,5,,,1,full,,favorable_minus_unfavorable,64,63,1,0.00822922115096,0.0063970641958,0.0624568496605,0.0987506538115,0.216356873785,0.456424850682,0.571428571429,-0.055170499769,0.0063970641958,0.081629529696,0.10957831525,0.240359058406,3,1.16384686909,0.244486074335,-0.00562911150867,0.0220875538106,design_only_not_support,
20B_trendpv_residual_momentum_design_and_replication_diagnostic_v3,P4_RESMOM_R2_MARKET_ONLY_ADAPTATION,project_sequential_market_residual_primary,paper_qfq_complete_case_sensitivity,VW,5,,,1,full,,favorable_minus_middle,64,63,1,0.00437281085605,0.0115024669289,0.0397914416284,0.0524737302726,0.137841597214,0.380681385977,0.603174603175,-0.0516065635868,0.0115024669289,0.0539644829397,0.0664815187036,0.186668497597,3,0.94508093684,0.344617556837,-0.00469577941487,0.013441401127,design_only_not_support,
20B_trendpv_residual_momentum_design_and_replication_diagnostic_v3,P4_RESMOM_R2_MARKET_ONLY_ADAPTATION,project_sequential_market_residual_primary,paper_qfq_complete_case_sensitivity,VW,5,1,unfavorable,1,early,,bucket_return,32,32,0,-0.0103160713118,-0.0154270497609,0.0603523708784,-0.123792855742,0.209066745437,-0.592121216998,0.375,-0.0793710379019,-0.0154270497609,0.0794718484438,0.0928169493887,0.383509317158,3,-1.21537477704,0.224223183571,-0.0269521975629,0.00632005493922,design_only_not_support,
20B_trendpv_residual_momentum_design_and_replication_diagnostic_v3,P4_RESMOM_R2_MARKET_ONLY_ADAPTATION,project_sequential_market_residual_primary,paper_qfq_complete_case_sensitivity,VW,5,2,middle,1,early,,bucket_return,32,32,0,-0.00773997597838,-0.0152503948411,0.0528550502917,-0.0928797117406,0.183095265084,-0.507275333954,0.40625,-0.0661826832601,-0.0152503948411,0.0590723843239,0.0849774105833,0.352709912359,3,-1.06310420049,0.287734699782,-0.0220095782919,0.00652962633517,design_only_not_support,
20B_trendpv_residual_momentum_design_and_replication_diagnostic_v3,P4_RESMOM_R2_MARKET_ONLY_ADAPTATION,project_sequential_market_residual_primary,paper_qfq_complete_case_sensitivity,VW,5,3,middle,1,early,,bucket_return,32,32,0,-0.00409440205168,-0.00452641560376,0.0449703483197,-0.0491328246202,0.155781856248,-0.315395038958,0.40625,-0.0548194622566,-0.00452641560376,0.0628156495607,0.0684841304351,0.248234608369,3,-0.690322618839,0.48999132678,-0.0157192283873,0.00753042428389,design_only_not_support,
20B_trendpv_residual_momentum_design_and_replication_diagnostic_v3,P4_RESMOM_R2_MARKET_ONLY_ADAPTATION,project_sequential_market_residual_primary,paper_qfq_complete_case_sensitivity,VW,5,4,middle,1,early,,bucket_return,32,32,0,0.000851455238,-0.000883976540938,0.0498100856096,0.010217462856,0.17254719801,0.0592154666886,0.5,-0.0627961890319,-0.000883976540938,0.0573811627691,0.0782593309241,0.223934077866,3,0.142001725732,0.887078642565,-0.0109006667333,0.0126035772093,design_only_not_support,
20B_trendpv_residual_momentum_design_and_replication_diagnostic_v3,P4_RESMOM_R2_MARKET_ONLY_ADAPTATION,project_sequential_market_residual_primary,paper_qfq_complete_case_sensitivity,VW,5,5,favorable,1,early,,bucket_return,32,32,0,-0.00237094752427,-0.00531774638337,0.0461877741298,-0.0284513702912,0.159999142963,-0.177822016821,0.5,-0.0642521252541,-0.00531774638337,0.054573432493,0.0719540511335,0.246483052688,3,-0.340820800981,0.733238490096,-0.0160055958304,0.0112637007819,design_only_not_support,
20B_trendpv_residual_momentum_design_and_replication_diagnostic_v3,P4_RESMOM_R2_MARKET_ONLY_ADAPTATION,project_sequential_market_residual_primary,paper_qfq_complete_case_sensitivity,VW,5,,,1,early,,favorable_minus_unfavorable,32,32,0,0.00794512378758,0.00751698152867,0.0622645407702,0.095341485451,0.215690696248,0.442028734246,0.5625,-0.0664462652455,0.00751698152867,0.0817904480493,0.102492240536,0.240359058406,3,0.71385800424,0.475314987975,-0.0138689574217,0.0297592049969,design_only_not_support,
20B_trendpv_residual_momentum_design_and_replication_diagnostic_v3,P4_RESMOM_R2_MARKET_ONLY_ADAPTATION,project_sequential_market_residual_primary,paper_qfq_complete_case_sensitivity,VW,5,,,1,early,,favorable_minus_middle,32,32,0,0.00172345452742,0.0075460653576,0.0374619545661,0.020681454329,0.129772017319,0.159367595236,0.53125,-0.0480351595328,0.0075460653576,0.0499207373824,0.0568732000071,0.186668497597,3,0.247263033926,0.804704665322,-0.0119377416049,0.0153846506597,design_only_not_support,
20B_trendpv_residual_momentum_design_and_replication_diagnostic_v3,P4_RESMOM_R2_MARKET_ONLY_ADAPTATION,project_sequential_market_residual_primary,paper_qfq_complete_case_sensitivity,VW,5,1,unfavorable,1,late,,bucket_return,32,31,1,0.00801342811479,-0.000147336972703,0.0652744217486,0.0961611373775,0.226117229807,0.425271163368,0.483870967742,-0.0405601983858,-0.000147336972703,0.0565684804192,0.0668445095979,0.180201895155,3,0.811780090172,0.416917828409,-0.0113342137994,0.0273610700289,design_only_not_support,
20B_trendpv_residual_momentum_design_and_replication_diagnostic_v3,P4_RESMOM_R2_MARKET_ONLY_ADAPTATION,project_sequential_market_residual_primary,paper_qfq_complete_case_sensitivity,VW,5,2,middle,1,late,,bucket_return,32,31,1,0.011948154834,0.00646639172489,0.0534801093395,0.143377858008,0.185260533141,0.773925539222,0.548387096774,-0.0290737597384,0.00646639172489,0.0319175307898,0.0402918171593,0.0871819268824,3,1.5457540975,0.122163966729,-0.0032017019215,0.0270980115894,design_only_not_support,
20B_trendpv_residual_momentum_design_and_replication_diagnostic_v3,P4_RESMOM_R2_MARKET_ONLY_ADAPTATION,project_sequential_market_residual_primary,paper_qfq_complete_case_sensitivity,VW,5,3,middle,1,late,,bucket_return,32,31,1,0.00942828076815,0.00113891054176,0.0476251180862,0.113139369218,0.164978248483,0.685783551819,0.516129032258,-0.033363204843,0.00113891054176,0.0591581922936,0.044679428322,0.118975440771,3,1.23203411554,0.217936340528,-0.00557056586171,0.024427127398,design_only_not_support,
20B_trendpv_residual_momentum_design_and_replication_diagnostic_v3,P4_RESMOM_R2_MARKET_ONLY_ADAPTATION,project_sequential_market_residual_primary,paper_qfq_complete_case_sensitivity,VW,5,4,middle,1,late,,bucket_return,32,31,1,0.0134324337469,-0.00339159919902,0.0510909357501,0.161189204963,0.176984193051,0.910754809142,0.451612903226,-0.0284157556575,-0.00339159919902,0.0840639700194,0.0358381343515,0.0790923965127,3,2.04080835753,0.0412698795368,0.000532111052976,0.0263327564409,design_only_not_support,
20B_trendpv_residual_momentum_design_and_replication_diagnostic_v3,P4_RESMOM_R2_MARKET_ONLY_ADAPTATION,project_sequential_market_residual_primary,paper_qfq_complete_case_sensitivity,VW,5,5,favorable,1,late,,bucket_return,32,31,1,0.0165359110602,0.0180603354797,0.0492982938883,0.198430932722,0.170774299482,1.16194845082,0.645161290323,-0.0315430009911,0.0180603354797,0.0666211003561,0.0609090633858,0.12409915236,3,3.3627764149,0.000771628322858,0.00689810404278,0.0261737180776,design_only_not_support,
20B_trendpv_residual_momentum_design_and_replication_diagnostic_v3,P4_RESMOM_R2_MARKET_ONLY_ADAPTATION,project_sequential_market_residual_primary,paper_qfq_complete_case_sensitivity,VW,5,,,1,late,,favorable_minus_unfavorable,32,31,1,0.00852248294542,0.0063970641958,0.0636827782356,0.102269795345,0.220603614943,0.463590750186,0.58064516129,-0.0430069174806,0.0063970641958,0.0782214947127,0.097780780155,0.221774676649,3,0.988144353057,0.323081956551,-0.00838168655188,0.0254266524427,design_only_not_support,
20B_trendpv_residual_momentum_design_and_replication_diagnostic_v3,P4_RESMOM_R2_MARKET_ONLY_ADAPTATION,project_sequential_market_residual_primary,paper_qfq_complete_case_sensitivity,VW,5,,,1,late,,favorable_minus_middle,32,31,1,0.00710763029205,0.0149592420449,0.0425074271252,0.0852915635046,0.14725004696,0.579229448585,0.677419354839,-0.0517358811567,0.0149592420449,0.0547799553271,0.0715129127675,0.141816552186,3,1.20127885501,0.229643049867,-0.00448892726803,0.0187041878521,design_only_not_support,
20B_trendpv_residual_momentum_design_and_replication_diagnostic_v3,P4_RESMOM_R2_MARKET_ONLY_ADAPTATION,project_sequential_market_residual_primary,paper_qfq_complete_case_sensitivity,VW,10,1,unfavorable,1,full,,bucket_return,64,63,1,-0.000217742307594,-0.00352871214225,0.0691466409646,-0.00261290769112,0.239530990647,-0.0109084327004,0.396825396825,-0.0778089924471,-0.00352871214225,0.0919308292186,0.0995829319126,0.454486025576,3,-0.0290367114053,0.976835311462,-0.0149152428212,0.014479758206,design_only_not_support,
20B_trendpv_residual_momentum_design_and_replication_diagnostic_v3,P4_RESMOM_R2_MARKET_ONLY_ADAPTATION,project_sequential_market_residual_primary,paper_qfq_complete_case_sensitivity,VW,10,2,middle,1,full,,bucket_return,64,63,1,-0.00174887177307,-0.00515942173202,0.0617189824464,-0.0209864612768,0.213800826777,-0.0981589341498,0.444444444444,-0.0698554342585,-0.00515942173202,0.0493948834716,0.0885073706161,0.514187731774,3,-0.232574252711,0.816092022458,-0.0164870710743,0.0129893275282,design_only_not_support,
20B_trendpv_residual_momentum_design_and_replication_diagnostic_v3,P4_RESMOM_R2_MARKET_ONLY_ADAPTATION,project_sequential_market_residual_primary,paper_qfq_complete_case_sensitivity,VW,10,3,middle,1,full,,bucket_return,64,63,1,0.000567263235813,-0.00141739378455,0.0582338975268,0.00680715882975,0.201728138478,0.0337442207176,0.492063492063,-0.0677867911387,-0.00141739378455,0.0591078140773,0.086508026197,0.444918204917,3,0.0864350525559,0.931120583276,-0.012295753319,0.0134302797907,design_only_not_support,
20B_trendpv_residual_momentum_design_and_replication_diagnostic_v3,P4_RESMOM_R2_MARKET_ONLY_ADAPTATION,project_sequential_market_residual_primary,paper_qfq_complete_case_sensitivity,VW,10,4,middle,1,full,,bucket_return,64,63,1,0.00259838335706,-0.000431579790877,0.0544882922865,0.0311806002848,0.188752981316,0.165192624071,0.47619047619,-0.062681587375,-0.000431579790877,0.0562979030453,0.0794706306486,0.282912598559,3,0.429052924003,0.667884710229,-0.00927133600148,0.0144681027156,design_only_not_support,
20B_trendpv_residual_momentum_design_and_replication_diagnostic_v3,P4_RESMOM_R2_MARKET_ONLY_ADAPTATION,project_sequential_market_residual_primary,paper_qfq_complete_case_sensitivity,VW,10,5,middle,1,full,,bucket_return,64,63,1,0.00163047357228,-0.00752289868189,0.050891990781,0.0195656828674,0.176295027462,0.110982613345,0.460317460317,-0.0569200867828,-0.00752289868189,0.0728627689376,0.0619715152875,0.332656962748,3,0.277341927152,0.781517568501,-0.00989201605718,0.0131529632017,design_only_not_support,
20B_trendpv_residual_momentum_design_and_replication_diagnostic_v3,P4_RESMOM_R2_MARKET_ONLY_ADAPTATION,project_sequential_market_residual_primary,paper_qfq_complete_case_sensitivity,VW,10,6,middle,1,full,,bucket_return,64,63,1,0.00401296432568,-0.00127172302776,0.050030028967,0.0481555719082,0.17330910415,0.277859447398,0.492063492063,-0.0469123728725,-0.00127172302776,0.0715521835021,0.07520180536,0.296368315539,3,0.710194195758,0.477583719698,-0.00706184534829,0.0150877739997,design_only_not_support,
20B_trendpv_residual_momentum_design_and_replication_diagnostic_v3,P4_RESMOM_R2_MARKET_ONLY_ADAPTATION,project_sequential_market_residual_primary,paper_qfq_complete_case_sensitivity,VW,10,7,middle,1,full,,bucket_return,64,63,1,0.00555802677925,0.00205357193062,0.0565003738867,0.066696321351,0.195723036437,0.340768887328,0.52380952381,-0.0504508226172,0.00205357193062,0.0668425357375,0.0853698032964,0.295418827329,3,0.957434346353,0.338348069474,-0.00581981061914,0.0169358641776,design_only_not_support,
20B_trendpv_residual_momentum_design_and_replication_diagnostic_v3,P4_RESMOM_R2_MARKET_ONLY_ADAPTATION,project_sequential_market_residual_primary,paper_qfq_complete_case_sensitivity,VW,10,8,middle,1,full,,bucket_return,64,63,1,0.00823338279356,-0.00219763963346,0.0516911037149,0.0988005935228,0.179063235867,0.551763699815,0.492063492063,-0.0463137116034,-0.00219763963346,0.0752490602452,0.0631429139188,0.151396535732,3,1.75170514874,0.079824521106,-0.000978860350191,0.0174456259373,design_only_not_support,
20B_trendpv_residual_momentum_design_and_replication_diagnostic_v3,P4_RESMOM_R2_MARKET_ONLY_ADAPTATION,project_sequential_market_residual_primary,paper_qfq_complete_case_sensitivity,VW,10,9,middle,1,full,,bucket_return,64,63,1,0.00942313815206,0.00306427555562,0.052222190452,0.113077657825,0.180902974291,0.625073513955,0.52380952381,-0.0476748448042,0.00306427555562,0.0730310182328,0.0649799006067,0.129838900893,3,2.0496707996,0.0403965663568,0.000412417307058,0.0184338589971,design_only_not_support,
20B_trendpv_residual_momentum_design_and_replication_diagnostic_v3,P4_RESMOM_R2_MARKET_ONLY_ADAPTATION,project_sequential_market_residual_primary,paper_qfq_complete_case_sensitivity,VW,10,10,favorable,1,full,,bucket_return,64,63,1,0.00299520251263,0.00942080628162,0.0565476693256,0.0359424301516,0.195886872643,0.183485649991,0.555555555556,-0.0731027681532,0.00942080628162,0.071061156959,0.103067057649,0.44075103576,3,0.446302972524,0.655378409357,-0.0101583936151,0.0161487986403,design_only_not_support,
20B_trendpv_residual_momentum_design_and_replication_diagnostic_v3,P4_RESMOM_R2_MARKET_ONLY_ADAPTATION,project_sequential_market_residual_primary,paper_qfq_complete_case_sensitivity,VW,10,,,1,full,,favorable_minus_unfavorable,64,63,1,0.00321294482023,0.0119673436363,0.074224683305,0.0385553378427,0.25712184532,0.149949677729,0.555555555556,-0.0921285914733,0.0119673436363,0.0846008788791,0.142720768133,0.442067930665,3,0.362185124558,0.717213694924,-0.0141738988268,0.0205997884672,design_only_not_support,
20B_trendpv_residual_momentum_design_and_replication_diagnostic_v3,P4_RESMOM_R2_MARKET_ONLY_ADAPTATION,project_sequential_market_residual_primary,paper_qfq_complete_case_sensitivity,VW,10,,,1,full,,favorable_minus_middle,64,63,1,0.00017348356365,0.00775370239623,0.0476702004665,0.00208180276381,0.16513441843,0.0126067162957,0.539682539683,-0.0565238192074,0.00775370239623,0.0637310599945,0.0893879267066,0.326658432659,3,0.0296052157015,0.97638190561,-0.0113117067519,0.0116586738792,design_only_not_support,
20B_trendpv_residual_momentum_design_and_replication_diagnostic_v3,P4_RESMOM_R2_MARKET_ONLY_ADAPTATION,project_sequential_market_residual_primary,paper_qfq_complete_case_sensitivity,VW,10,1,unfavorable,1,early,,bucket_return,32,32,0,-0.00649053584708,-0.00375351548124,0.0677285046367,-0.077886430165,0.234618422303,-0.331970650048,0.375,-0.0865628233315,-0.00375351548124,0.0814706349009,0.102674265126,0.298238706241,3,-0.683311195154,0.494410221525,-0.02510755338,0.0121264816859,design_only_not_support,
20B_trendpv_residual_momentum_design_and_replication_diagnostic_v3,P4_RESMOM_R2_MARKET_ONLY_ADAPTATION,project_sequential_market_residual_primary,paper_qfq_complete_case_sensitivity,VW,10,2,middle,1,early,,bucket_return,32,32,0,-0.0143605698145,-0.0212188770722,0.0559173521324,-0.172326837774,0.193703389836,-0.889642860252,0.34375,-0.0761906418981,-0.0212188770722,0.0631972833814,0.094476895946,0.480059852689,3,-1.65205858833,0.0985226078671,-0.0313976167043,0.00267647707524,design_only_not_support,
20B_trendpv_residual_momentum_design_and_replication_diagnostic_v3,P4_RESMOM_R2_MARKET_ONLY_ADAPTATION,project_sequential_market_residual_primary,paper_qfq_complete_case_sensitivity,VW,10,3,middle,1,early,,bucket_return,32,32,0,-0.0134222637255,-0.0136481359097,0.0562617399494,-0.161067164706,0.194896384229,-0.826424591418,0.375,-0.0721687838449,-0.0136481359097,0.0596995453132,0.0983499851981,0.406602021687,3,-1.77458836068,0.0759658804752,-0.0282466331825,0.00140210573156,design_only_not_support,
20B_trendpv_residual_momentum_design_and_replication_diagnostic_v3,P4_RESMOM_R2_MARKET_ONLY_ADAPTATION,project_sequential_market_residual_primary,paper_qfq_complete_case_sensitivity,VW,10,4,middle,1,early,,bucket_return,32,32,0,-0.00351967400873,-0.00837168361436,0.0525423359427,-0.0422360881048,0.182011990802,-0.232051129811,0.4375,-0.0680139896201,-0.00837168361436,0.0576343643572,0.080714689254,0.282912598559,3,-0.465550193166,0.641537501233,-0.01833748398,0.0112981359626,design_only_not_support,
20B_trendpv_residual_momentum_design_and_replication_diagnostic_v3,P4_RESMOM_R2_MARKET_ONLY_ADAPTATION,project_sequential_market_residual_primary,paper_qfq_complete_case_sensitivity,VW,10,5,middle,1,early,,bucket_return,32,32,0,-0.00725348531233,-0.0187742861694,0.0481518392723,-0.087041823748,0.166802864195,-0.521824515233,0.375,-0.0593599463417,-0.0187742861694,0.0738555622136,0.065307266227,0.262456752258,3,-1.01006313469,0.312465043037,-0.02132841735,0.00682144672536,design_only_not_support,
20B_trendpv_residual_momentum_design_and_replication_diagnostic_v3,P4_RESMOM_R2_MARKET_ONLY_ADAPTATION,project_sequential_market_residual_primary,paper_qfq_complete_case_sensitivity,VW,10,6,middle,1,early,,bucket_return,32,32,0,-0.00121956396742,-0.00157700585535,0.0521529784477,-0.014634767609,0.180663216875,-0.0810057955469,0.5,-0.0679024903652,-0.00157700585535,0.0607416087521,0.0913148629078,0.296368315539,3,-0.156653270087,0.875518117325,-0.016478112044,0.0140389841092,design_only_not_support,
20B_trendpv_residual_momentum_design_and_replication_diagnostic_v3,P4_RESMOM_R2_MARKET_ONLY_ADAPTATION,project_sequential_market_residual_primary,paper_qfq_complete_case_sensitivity,VW,10,7,middle,1,early,,bucket_return,32,32,0,-0.00180702297463,0.00560005643119,0.0578723090148,-0.0216842756955,0.20047555913,-0.108164186146,0.53125,-0.0720051113641,0.00560005643119,0.0531196761293,0.106399471769,0.295418827329,3,-0.251271870176,0.801603921965,-0.0159021142677,0.0122880683184,design_only_not_support,
20B_trendpv_residual_momentum_design_and_replication_diagnostic_v3,P4_RESMOM_R2_MARKET_ONLY_ADAPTATION,project_sequential_market_residual_primary,paper_qfq_complete_case_sensitivity,VW,10,8,middle,1,early,,bucket_return,32,32,0,0.00238071704068,-0.000212979709864,0.0484454123262,0.0285686044882,0.167819831085,0.17023378169,0.5,-0.0564350982456,-0.000212979709864,0.070743203311,0.0615456142227,0.151092436073,3,0.453545327147,0.650156112001,-0.00790738290837,0.0126688169897,design_only_not_support,
20B_trendpv_residual_momentum_design_and_replication_diagnostic_v3,P4_RESMOM_R2_MARKET_ONLY_ADAPTATION,project_sequential_market_residual_primary,paper_qfq_complete_case_sensitivity,VW,10,9,middle,1,early,,bucket_return,32,32,0,0.00302478949599,-0.00717880712779,0.0439072345891,0.0362974739518,0.152099122256,0.238643546481,0.46875,-0.0476030801263,-0.00717880712779,0.0648923073864,0.0604126067247,0.129838900893,3,0.523479427421,0.600640663725,-0.00830035178445,0.0143499307764,design_only_not_support,
20B_trendpv_residual_momentum_design_and_replication_diagnostic_v3,P4_RESMOM_R2_MARKET_ONLY_ADAPTATION,project_sequential_market_residual_primary,paper_qfq_complete_case_sensitivity,VW,10,10,favorable,1,early,,bucket_return,32,32,0,-0.0100521309011,-0.00200544115193,0.0581086940917,-0.120625570813,0.201294421057,-0.599249448542,0.5,-0.094102458255,-0.00200544115193,0.0355748094997,0.10532118156,0.44075103576,3,-0.963721407462,0.335185618598,-0.0304956059359,0.0103913441338,design_only_not_support,
20B_trendpv_residual_momentum_design_and_replication_diagnostic_v3,P4_RESMOM_R2_MARKET_ONLY_ADAPTATION,project_sequential_market_residual_primary,paper_qfq_complete_case_sensitivity,VW,10,,,1,early,,favorable_minus_unfavorable,32,32,0,-0.00356159505399,0.0113046446271,0.0767436763804,-0.0427391406479,0.265847893301,-0.160765391507,0.53125,-0.0929746956438,0.0113046446271,0.0813217709219,0.151638431793,0.442067930665,3,-0.248138501335,0.804027247189,-0.0316934568803,0.0245702667723,design_only_not_support,
20B_trendpv_residual_momentum_design_and_replication_diagnostic_v3,P4_RESMOM_R2_MARKET_ONLY_ADAPTATION,project_sequential_market_residual_primary,paper_qfq_complete_case_sensitivity,VW,10,,,1,early,,favorable_minus_middle,32,32,0,-0.0058156062612,0.0022479334622,0.0492376708468,-0.0697872751344,0.170564295106,-0.409155240204,0.5,-0.0744375851463,0.0022479334622,0.0436482931555,0.0897745203629,0.326658432659,3,-0.627420950983,0.530383337898,-0.0239826419688,0.0123514294464,design_only_not_support,
20B_trendpv_residual_momentum_design_and_replication_diagnostic_v3,P4_RESMOM_R2_MARKET_ONLY_ADAPTATION,project_sequential_market_residual_primary,paper_qfq_complete_case_sensitivity,VW,10,1,unfavorable,1,late,,bucket_return,32,31,1,0.00625739941059,-0.00253481577955,0.0711049570365,0.075088792927,0.246314796514,0.304848892513,0.41935483871,-0.0533566522015,-0.00253481577955,0.0938745300747,0.0794326106033,0.222650238371,3,0.581568753654,0.560857194829,-0.0148308681495,0.0273456669707,design_only_not_support,
20B_trendpv_residual_momentum_design_and_replication_diagnostic_v3,P4_RESMOM_R2_MARKET_ONLY_ADAPTATION,project_sequential_market_residual_primary,paper_qfq_complete_case_sensitivity,VW,10,2,middle,1,late,,bucket_return,32,31,1,0.0112696552375,0.00828479443456,0.0655488300929,0.13523586285,0.227067808195,0.595574792943,0.548387096774,-0.0268000492008,0.00828479443456,0.0451551589207,0.0583785755331,0.136678910878,3,1.09357187596,0.274142789517,-0.00892848524977,0.0314677957247,design_only_not_support,
20B_trendpv_residual_momentum_design_and_replication_diagnostic_v3,P4_RESMOM_R2_MARKET_ONLY_ADAPTATION,project_sequential_market_residual_primary,paper_qfq_complete_case_sensitivity,VW,10,3,middle,1,late,,bucket_return,32,31,1,0.0150080652604,0.00912445195331,0.0575613987385,0.180096783124,0.19939853434,0.90320013495,0.612903225806,-0.0295794187846,0.00912445195331,0.0479702013727,0.0543368557136,0.0962928905923,3,1.88277691794,0.0597306063978,-0.000615276574571,0.0306314070953,design_only_not_support,
20B_trendpv_residual_momentum_design_and_replication_diagnostic_v3,P4_RESMOM_R2_MARKET_ONLY_ADAPTATION,project_sequential_market_residual_primary,paper_qfq_complete_case_sensitivity,VW,10,4,middle,1,late,,bucket_return,32,31,1,0.00891379741208,0.00031806968759,0.0565863884074,0.106965568945,0.196020999477,0.545684233988,0.516129032258,-0.0307798883965,0.00031806968759,0.0315608727718,0.0500897353208,0.128437361451,3,1.00863819726,0.313148181421,-0.00840730141268,0.0262348962368,design_only_not_support,
20B_trendpv_residual_momentum_design_and_replication_diagnostic_v3,P4_RESMOM_R2_MARKET_ONLY_ADAPTATION,project_sequential_market_residual_primary,paper_qfq_complete_case_sensitivity,VW,10,5,middle,1,late,,bucket_return,32,31,1,0.0108010117758,0.00371318134664,0.0527795514355,0.129612141309,0.182833729374,0.70890716802,0.548387096774,-0.0341154176385,0.00371318134664,0.048194922809,0.0473759620091,0.126817605491,3,1.35606238173,0.175079320697,-0.00481006509088,0.0264120886424,design_only_not_support,
20B_trendpv_residual_momentum_design_and_replication_diagnostic_v3,P4_RESMOM_R2_MARKET_ONLY_ADAPTATION,project_sequential_market_residual_primary,paper_qfq_complete_case_sensitivity,VW,10,6,middle,1,late,,bucket_return,32,31,1,0.00941428385404,-0.00127172302776,0.0479888064749,0.112971406248,0.166238102018,0.679575890707,0.483870967742,-0.0375289789777,-0.00127172302776,0.0727356232134,0.0480480076308,0.110265366564,3,1.24496180498,0.213145790441,-0.00540677910574,0.0242353468138,design_only_not_support,
20B_trendpv_residual_momentum_design_and_replication_diagnostic_v3,P4_RESMOM_R2_MARKET_ONLY_ADAPTATION,project_sequential_market_residual_primary,paper_qfq_complete_case_sensitivity,VW,10,7,middle,1,late,,bucket_return,32,31,1,0.0131606587832,0.00151306247444,0.0549451798673,0.157927905399,0.190335686322,0.829733553652,0.516129032258,-0.0376367073967,0.00151306247444,0.0904407875712,0.0431380626722,0.130794410205,3,1.63349325533,0.102365298096,-0.00263029544553,0.028951613012,design_only_not_support,
20B_trendpv_residual_momentum_design_and_replication_diagnostic_v3,P4_RESMOM_R2_MARKET_ONLY_ADAPTATION,project_sequential_market_residual_primary,paper_qfq_complete_case_sensitivity,VW,10,8,middle,1,late,,bucket_return,32,31,1,0.0142748442159,-0.00298964671687,0.0549784382397,0.171298130591,0.190450896704,0.899434623598,0.483870967742,-0.0266364870689,-0.00298964671687,0.0757853887732,0.0475889528495,0.151396535732,3,1.98916531137,0.0466829593626,0.000209557440529,0.0283401309913,design_only_not_support,
20B_trendpv_residual_momentum_design_and_replication_diagnostic_v3,P4_RESMOM_R2_MARKET_ONLY_ADAPTATION,project_sequential_market_residual_primary,paper_qfq_complete_case_sensitivity,VW,10,9,middle,1,late,,bucket_return,32,31,1,0.0160278851519,0.0120379971041,0.0596261115319,0.192334621823,0.206550909262,0.931172961231,0.58064516129,-0.0443187707259,0.0120379971041,0.0879675971986,0.0643819120185,0.104787058256,3,2.48265790521,0.0130406256248,0.00337447946917,0.0286812908346,design_only_not_support,
20B_trendpv_residual_momentum_design_and_replication_diagnostic_v3,P4_RESMOM_R2_MARKET_ONLY_ADAPTATION,project_sequential_market_residual_primary,paper_qfq_complete_case_sensitivity,VW,10,10,favorable,1,late,,bucket_return,32,31,1,0.0164634176494,0.0104905697536,0.0524429059386,0.197561011792,0.181667555164,1.08748648934,0.612903225806,-0.0286107107548,0.0104905697536,0.0736299464505,0.0650951786292,0.137011406574,3,2.98554276778,0.00283075551268,0.00565543124118,0.0272714040575,design_only_not_support,
20B_trendpv_residual_momentum_design_and_replication_diagnostic_v3,P4_RESMOM_R2_MARKET_ONLY_ADAPTATION,project_sequential_market_residual_primary,paper_qfq_complete_case_sensitivity,VW,10,,,1,late,,favorable_minus_unfavorable,32,31,1,0.0102060182388,0.0132296617162,0.072114460012,0.122472218865,0.249811817402,0.490257907488,0.58064516129,-0.0655532079015,0.0132296617162,0.0965255389099,0.114511214415,0.271428103858,3,1.04816518868,0.294562506107,-0.00887821427489,0.0292902507524,design_only_not_support,
20B_trendpv_residual_momentum_design_and_replication_diagnostic_v3,P4_RESMOM_R2_MARKET_ONLY_ADAPTATION,project_sequential_market_residual_primary,paper_qfq_complete_case_sensitivity,VW,10,,,1,late,,favorable_minus_middle,32,31,1,0.00635576983446,0.00942777750755,0.0459725739842,0.0762692380135,0.159253667791,0.478916680988,0.58064516129,-0.0388424661829,0.00942777750755,0.0710451793489,0.075245813027,0.168930262958,3,0.979482994109,0.327341387228,-0.00636224573548,0.0190737854044,design_only_not_support,
20B_trendpv_residual_momentum_design_and_replication_diagnostic_v3,P4_RESMOM_R2_MARKET_ONLY_ADAPTATION,project_sequential_market_residual_primary,project_conservative_primary,EW,5,1,unfavorable,1,full,,bucket_return,64,63,1,2.6351912424e-05,-0.000804845174514,0.0667218957004,0.000316222949088,0.231131426661,0.00136815211006,0.492063492063,-0.081807585913,-0.000804845174514,0.0610021003303,0.0994484278615,0.439142516469,3,0.00363169936588,0.997102329516,-0.0141953096491,0.014248013474,design_only_not_support,
20B_trendpv_residual_momentum_design_and_replication_diagnostic_v3,P4_RESMOM_R2_MARKET_ONLY_ADAPTATION,project_sequential_market_residual_primary,project_conservative_primary,EW,5,2,middle,1,full,,bucket_return,64,63,1,0.00163822969633,0.0031064420326,0.0550465452629,0.0196587563559,0.190686826353,0.103094465055,0.539682539683,-0.0625563552023,0.0031064420326,0.0637939044962,0.0807832154093,0.333685411436,3,0.286217623031,0.774711446878,-0.0095800564777,0.0128565158704,design_only_not_support,
20B_trendpv_residual_momentum_design_and_replication_diagnostic_v3,P4_RESMOM_R2_MARKET_ONLY_ADAPTATION,project_sequential_market_residual_primary,project_conservative_primary,EW,5,3,middle,1,full,,bucket_return,64,63,1,0.00664214715902,0.00290477405268,0.0568968117524,0.0797057659082,0.197096337488,0.404400035658,0.507936507937,-0.0563088687188,0.00290477405268,0.0715845135826,0.0789829191612,0.308636883285,3,1.01810891632,0.308626198488,-0.00614466671035,0.0194289610284,design_only_not_support,
20B_trendpv_residual_momentum_design_and_replication_diagnostic_v3,P4_RESMOM_R2_MARKET_ONLY_ADAPTATION,project_sequential_market_residual_primary,project_conservative_primary,EW,5,4,middle,1,full,,bucket_return,64,63,1,0.00756641679842,-0.0047840846971,0.0585484429574,0.0907970015811,0.202817755813,0.447677774647,0.47619047619,-0.0569259925352,-0.0047840846971,0.0859076769665,0.0814816418156,0.274463743133,3,1.32244984783,0.186018399209,-0.00364754677177,0.0187803803686,design_only_not_support,
20B_trendpv_residual_momentum_design_and_replication_diagnostic_v3,P4_RESMOM_R2_MARKET_ONLY_ADAPTATION,project_sequential_market_residual_primary,project_conservative_primary,EW,5,5,favorable,1,full,,bucket_return,64,63,1,0.0060681987102,-0.00497052359865,0.0619450102432,0.0728183845224,0.214583810033,0.339347057502,0.444444444444,-0.0485333060703,-0.00497052359865,0.0800720044552,0.0899717497547,0.384021286363,3,0.88888130272,0.374066874962,-0.00731204777112,0.0194484451915,design_only_not_support,
20B_trendpv_residual_momentum_design_and_replication_diagnostic_v3,P4_RESMOM_R2_MARKET_ONLY_ADAPTATION,project_sequential_market_residual_primary,project_conservative_primary,EW,5,,,1,full,,favorable_minus_unfavorable,64,63,1,0.00604184679778,-0.00571889144681,0.058878426068,0.0725021615733,0.203960850839,0.35547097041,0.47619047619,-0.0553597869354,-0.00571889144681,0.0745787081751,0.0969777948625,0.302187207747,3,0.866111169939,0.386429200288,-0.00763053445622,0.0197142280518,design_only_not_support,
20B_trendpv_residual_momentum_design_and_replication_diagnostic_v3,P4_RESMOM_R2_MARKET_ONLY_ADAPTATION,project_sequential_market_residual_primary,project_conservative_primary,EW,5,,,1,full,,favorable_minus_middle,64,63,1,-0.000573948448816,0.00279413239831,0.034150180456,-0.00688738138579,0.118299695275,-0.0582197728388,0.52380952381,-0.0417249255309,0.00279413239831,0.0363878003888,0.0653768919159,0.2329750101,3,-0.149349312487,0.881278005826,-0.00810607745514,0.00695818055751,design_only_not_support,
20B_trendpv_residual_momentum_design_and_replication_diagnostic_v3,P4_RESMOM_R2_MARKET_ONLY_ADAPTATION,project_sequential_market_residual_primary,project_conservative_primary,EW,5,1,unfavorable,1,early,,bucket_return,32,32,0,-0.00751859671092,-0.00942913493667,0.0584431302775,-0.0902231605311,0.202452941988,-0.445650034251,0.40625,-0.0904613882277,-0.00942913493667,0.0577678742317,0.0969083006669,0.296335416809,3,-0.930840888881,0.35193587519,-0.0233496360902,0.00831244266832,design_only_not_support,
20B_trendpv_residual_momentum_design_and_replication_diagnostic_v3,P4_RESMOM_R2_MARKET_ONLY_ADAPTATION,project_sequential_market_residual_primary,project_conservative_primary,EW,5,2,middle,1,early,,bucket_return,32,32,0,-0.00583638376285,-0.00552465320077,0.0501115527014,-0.0700366051542,0.17359151065,-0.403456395373,0.5,-0.0629839814482,-0.00552465320077,0.0646895169177,0.0821567690657,0.260847957112,3,-0.854670040917,0.392733840511,-0.0192206156038,0.0075478480781,design_only_not_support,
20B_trendpv_residual_momentum_design_and_replication_diagnostic_v3,P4_RESMOM_R2_MARKET_ONLY_ADAPTATION,project_sequential_market_residual_primary,project_conservative_primary,EW,5,3,middle,1,early,,bucket_return,32,32,0,-0.00176590683067,0.00133746501326,0.0490106058446,-0.021190881968,0.169777718865,-0.124815447573,0.5,-0.0563674746504,0.00133746501326,0.0698114881448,0.0840679352392,0.230512776707,3,-0.243221845647,0.807833544523,-0.0159961819894,0.012464368328,design_only_not_support,
20B_trendpv_residual_momentum_design_and_replication_diagnostic_v3,P4_RESMOM_R2_MARKET_ONLY_ADAPTATION,project_sequential_market_residual_primary,project_conservative_primary,EW,5,4,middle,1,early,,bucket_return,32,32,0,0.000468842220618,0.0015487705608,0.0506847216548,0.00562610664742,0.175577026147,0.0320435239785,0.5,-0.0614639135599,0.0015487705608,0.0683218782565,0.0844488078637,0.19599174428,3,0.0725106118104,0.942195560697,-0.0122039768868,0.0131416613281,design_only_not_support,
20B_trendpv_residual_momentum_design_and_replication_diagnostic_v3,P4_RESMOM_R2_MARKET_ONLY_ADAPTATION,project_sequential_market_residual_primary,project_conservative_primary,EW,5,5,favorable,1,early,,bucket_return,32,32,0,-0.0044861752523,-0.00498282787782,0.0528029444752,-0.0538341030277,0.182914765241,-0.294312506466,0.40625,-0.0657243697697,-0.00498282787782,0.0586927519717,0.0919814237438,0.336809125776,3,-0.527884085453,0.597579791145,-0.0211427522645,0.0121704017599,design_only_not_support,
20B_trendpv_residual_momentum_design_and_replication_diagnostic_v3,P4_RESMOM_R2_MARKET_ONLY_ADAPTATION,project_sequential_market_residual_primary,project_conservative_primary,EW,5,,,1,early,,favorable_minus_unfavorable,32,32,0,0.00303242145862,-0.00834613690786,0.0604743615433,0.0363890575034,0.209489333497,0.173703629183,0.46875,-0.0611257600042,-0.00834613690786,0.0631183726837,0.0949848338145,0.302187207747,3,0.302971362094,0.76191168624,-0.0165847357663,0.0226495786835,design_only_not_support,
20B_trendpv_residual_momentum_design_and_replication_diagnostic_v3,P4_RESMOM_R2_MARKET_ONLY_ADAPTATION,project_sequential_market_residual_primary,project_conservative_primary,EW,5,,,1,early,,favorable_minus_middle,32,32,0,-0.00272026842164,-0.00582839828276,0.0363501939199,-0.0326432210596,0.125920765469,-0.259236202529,0.40625,-0.0425850051485,-0.00582839828276,0.0435459621675,0.0644234022213,0.189646804588,3,-0.460221723464,0.645357079821,-0.0143051803518,0.00886464350855,design_only_not_support,
20B_trendpv_residual_momentum_design_and_replication_diagnostic_v3,P4_RESMOM_R2_MARKET_ONLY_ADAPTATION,project_sequential_market_residual_primary,project_conservative_primary,EW,5,1,unfavorable,1,late,,bucket_return,32,31,1,0.00781468597523,0.00740982067091,0.0744819168981,0.0937762317028,0.258012928625,0.363455553187,0.58064516129,-0.0484263886211,0.00740982067091,0.0617887945851,0.0826204174718,0.20352414391,3,0.691420304018,0.489301448075,-0.0143375461373,0.0299669180878,design_only_not_support,
20B_trendpv_residual_momentum_design_and_replication_diagnostic_v3,P4_RESMOM_R2_MARKET_ONLY_ADAPTATION,project_sequential_market_residual_primary,project_conservative_primary,EW,5,2,middle,1,late,,bucket_return,32,31,1,0.00935395971871,0.0060664153047,0.0595505476069,0.112247516625,0.206289148147,0.544127103305,0.58064516129,-0.0370388861997,0.0060664153047,0.0530020073619,0.0684735794505,0.132103318849,3,1.13228619767,0.257514130958,-0.00683755104888,0.0255454704863,design_only_not_support,
20B_trendpv_residual_momentum_design_and_replication_diagnostic_v3,P4_RESMOM_R2_MARKET_ONLY_ADAPTATION,project_sequential_market_residual_primary,project_conservative_primary,EW,5,3,middle,1,late,,bucket_return,32,31,1,0.0153214286968,0.00603264709322,0.0636785212136,0.183857144361,0.220588868186,0.833483329749,0.516129032258,-0.0414012866309,0.00603264709322,0.082397256568,0.0645024949506,0.150992131202,3,1.56255752594,0.118156705212,-0.00389671075657,0.0345395681501,design_only_not_support,
20B_trendpv_residual_momentum_design_and_replication_diagnostic_v3,P4_RESMOM_R2_MARKET_ONLY_ADAPTATION,project_sequential_market_residual_primary,project_conservative_primary,EW,5,4,middle,1,late,,bucket_return,32,31,1,0.0148929453949,-0.00884229668536,0.065731231209,0.178715344738,0.227699664196,0.784873115072,0.451612903226,-0.0442778344745,-0.00884229668536,0.115329859439,0.0691563945969,0.124887397042,3,1.75384319889,0.0794573786493,-0.00175029649597,0.0315361872857,design_only_not_support,
20B_trendpv_residual_momentum_design_and_replication_diagnostic_v3,P4_RESMOM_R2_MARKET_ONLY_ADAPTATION,project_sequential_market_residual_primary,project_conservative_primary,EW,5,5,favorable,1,late,,bucket_return,32,31,1,0.0169630363489,-0.00311438992045,0.0693369768866,0.203556436187,0.240190333622,0.847479717929,0.483870967742,-0.0407157299628,-0.00311438992045,0.135791577147,0.0734066954474,0.128636345584,3,1.8259031984,0.067864844348,-0.0012454537515,0.0351715264493,design_only_not_support,
20B_trendpv_residual_momentum_design_and_replication_diagnostic_v3,P4_RESMOM_R2_MARKET_ONLY_ADAPTATION,project_sequential_market_residual_primary,project_conservative_primary,EW,5,,,1,late,,favorable_minus_unfavorable,32,31,1,0.00914835037368,-0.00104887707518,0.0580152012133,0.109780204484,0.200970552225,0.546250200681,0.483870967742,-0.0371761453536,-0.00104887707518,0.0749397891383,0.0813535599155,0.244392355112,3,0.947726891591,0.343268507166,-0.00977106344633,0.0280677641937,design_only_not_support,
20B_trendpv_residual_momentum_design_and_replication_diagnostic_v3,P4_RESMOM_R2_MARKET_ONLY_ADAPTATION,project_sequential_market_residual_primary,project_conservative_primary,EW,5,,,1,late,,favorable_minus_middle,32,31,1,0.00164160765216,0.00461304319372,0.0321691058868,0.0196992918259,0.11143705166,0.176775062984,0.645161290323,-0.0269911233786,0.00461304319372,0.0308851620961,0.0567339394761,0.163269275234,3,0.340981975065,0.733117151274,-0.00779435116755,0.0110775664719,design_only_not_support,
20B_trendpv_residual_momentum_design_and_replication_diagnostic_v3,P4_RESMOM_R2_MARKET_ONLY_ADAPTATION,project_sequential_market_residual_primary,project_conservative_primary,EW,10,1,unfavorable,1,full,,bucket_return,64,63,1,-0.00310491730444,-0.00465796791966,0.07158793487,-0.0372590076532,0.247987880808,-0.150245276228,0.460317460317,-0.0915742250404,-0.00465796791966,0.0602217807971,0.113688828892,0.527213472646,3,-0.412124608616,0.680248092371,-0.017871145684,0.0116613110752,design_only_not_support,
20B_trendpv_residual_momentum_design_and_replication_diagnostic_v3,P4_RESMOM_R2_MARKET_ONLY_ADAPTATION,project_sequential_market_residual_primary,project_conservative_primary,EW,10,2,middle,1,full,,bucket_return,64,63,1,0.00318541977974,0.00229306665012,0.0642407859354,0.0382250373569,0.222536610317,0.171769657597,0.52380952381,-0.0690158925318,0.00229306665012,0.0638836688658,0.0885875285208,0.37957857319,3,0.431221411522,0.666307386727,-0.0112927760545,0.017663615614,design_only_not_support,
20B_trendpv_residual_momentum_design_and_replication_diagnostic_v3,P4_RESMOM_R2_MARKET_ONLY_ADAPTATION,project_sequential_market_residual_primary,project_conservative_primary,EW,10,3,middle,1,full,,bucket_return,64,63,1,0.00242444760069,-0.00444525685835,0.055524056793,0.0290933712083,0.192340974815,0.151259351972,0.492063492063,-0.0572786104046,-0.00444525685835,0.060706672231,0.0759625307169,0.381556274398,3,0.409236565471,0.682366062717,-0.00918700254989,0.0140358977513,design_only_not_support,
20B_trendpv_residual_momentum_design_and_replication_diagnostic_v3,P4_RESMOM_R2_MARKET_ONLY_ADAPTATION,project_sequential_market_residual_primary,project_conservative_primary,EW,10,4,middle,1,full,,bucket_return,64,63,1,0.000821299356136,0.000888530743558,0.0567396457237,0.00985559227364,0.196551898394,0.0501424425516,0.52380952381,-0.0712900215712,0.000888530743558,0.0615448712367,0.0864189928165,0.318575704572,3,0.137462092396,0.890665554144,-0.0108889629459,0.0125315616582,design_only_not_support,
20B_trendpv_residual_momentum_design_and_replication_diagnostic_v3,P4_RESMOM_R2_MARKET_ONLY_ADAPTATION,project_sequential_market_residual_primary,project_conservative_primary,EW,10,5,middle,1,full,,bucket_return,64,63,1,0.00516229570364,0.00216184793819,0.057964780883,0.0619475484437,0.200795891078,0.308510040276,0.507936507937,-0.0581849830265,0.00216184793819,0.0724054233464,0.078739752236,0.334590900395,3,0.770148734678,0.441211669887,-0.00797531421649,0.0182999056238,design_only_not_support,
20B_trendpv_residual_momentum_design_and_replication_diagnostic_v3,P4_RESMOM_R2_MARKET_ONLY_ADAPTATION,project_sequential_market_residual_primary,project_conservative_primary,EW,10,6,middle,1,full,,bucket_return,64,63,1,0.0081086353144,-0.000377594529258,0.0580935406268,0.0973036237728,0.201241927914,0.483515660883,0.492063492063,-0.0602918052225,-0.000377594529258,0.0692091806068,0.0838303178274,0.287406440253,3,1.19915444022,0.230467898903,-0.00514456431278,0.0213618349416,design_only_not_support,
20B_trendpv_residual_momentum_design_and_replication_diagnostic_v3,P4_RESMOM_R2_MARKET_ONLY_ADAPTATION,project_sequential_market_residual_primary,project_conservative_primary,EW,10,7,middle,1,full,,bucket_return,64,63,1,0.00916458972643,-0.00130494772207,0.0592018286887,0.109975076717,0.20508115038,0.536251510748,0.47619047619,-0.0483213685178,-0.00130494772207,0.0836474529881,0.0763934253633,0.207400368914,3,1.49871369925,0.133947921257,-0.00282053178534,0.0211497112382,design_only_not_support,
20B_trendpv_residual_momentum_design_and_replication_diagnostic_v3,P4_RESMOM_R2_MARKET_ONLY_ADAPTATION,project_sequential_market_residual_primary,project_conservative_primary,EW,10,8,middle,1,full,,bucket_return,64,63,1,0.00597850872174,-0.00150335147781,0.0613322040592,0.0717421046609,0.212460987141,0.337671897444,0.492063492063,-0.064552334908,-0.00150335147781,0.0826576146053,0.0891797914121,0.366743451529,3,1.02519486275,0.305271251753,-0.00545118352665,0.0174082009701,design_only_not_support,
20B_trendpv_residual_momentum_design_and_replication_diagnostic_v3,P4_RESMOM_R2_MARKET_ONLY_ADAPTATION,project_sequential_market_residual_primary,project_conservative_primary,EW,10,9,middle,1,full,,bucket_return,64,63,1,0.00863594283959,-0.00238487026785,0.0627311220988,0.103631314075,0.217306981382,0.476889023151,0.492063492063,-0.0579794404602,-0.00238487026785,0.0822543430545,0.0935833655761,0.322172256813,3,1.30985226756,0.190245817354,-0.00428622965066,0.0215581153298,design_only_not_support,
20B_trendpv_residual_momentum_design_and_replication_diagnostic_v3,P4_RESMOM_R2_MARKET_ONLY_ADAPTATION,project_sequential_market_residual_primary,project_conservative_primary,EW,10,10,favorable,1,full,,bucket_return,64,63,1,0.00349591312028,-0.00442396375301,0.0659111078888,0.0419509574433,0.228322775293,0.183735316766,0.460317460317,-0.0636078822132,-0.00442396375301,0.0953959173284,0.0910672481688,0.445435351639,3,0.448274907885,0.653954807332,-0.0117890463729,0.0187808726134,design_only_not_support,
20B_trendpv_residual_momentum_design_and_replication_diagnostic_v3,P4_RESMOM_R2_MARKET_ONLY_ADAPTATION,project_sequential_market_residual_primary,project_conservative_primary,EW,10,,,1,full,,favorable_minus_unfavorable,64,63,1,0.00660083042471,-0.000566722312426,0.0702748718922,0.0792099650965,0.243439297225,0.325378712473,0.492063492063,-0.0739612221343,-0.000566722312426,0.0968642589839,0.111419315228,0.417038808006,3,0.790901696039,0.42900135861,-0.00975694193219,0.0229586027816,design_only_not_support,
20B_trendpv_residual_momentum_design_and_replication_diagnostic_v3,P4_RESMOM_R2_MARKET_ONLY_ADAPTATION,project_sequential_market_residual_primary,project_conservative_primary,EW,10,,,1,full,,favorable_minus_middle,64,63,1,-0.00313955238874,-0.00174464408776,0.0457508468708,-0.0376746286649,0.158485582539,-0.237716441214,0.492063492063,-0.0620056534231,-0.00174464408776,0.045869389085,0.0800055244912,0.42239751161,3,-0.567989737446,0.570041936447,-0.0139732157524,0.00769411097494,design_only_not_support,
20B_trendpv_residual_momentum_design_and_replication_diagnostic_v3,P4_RESMOM_R2_MARKET_ONLY_ADAPTATION,project_sequential_market_residual_primary,project_conservative_primary,EW,10,1,unfavorable,1,early,,bucket_return,32,32,0,-0.0094062203058,-0.00714806451592,0.064115046841,-0.11287464367,0.222101037317,-0.508213041386,0.4375,-0.101084537226,-0.00714806451592,0.059571022514,0.112940322565,0.37035409361,3,-1.04652134419,0.295320395672,-0.0270225385323,0.00821009792071,design_only_not_support,
20B_trendpv_residual_momentum_design_and_replication_diagnostic_v3,P4_RESMOM_R2_MARKET_ONLY_ADAPTATION,project_sequential_market_residual_primary,project_conservative_primary,EW,10,2,middle,1,early,,bucket_return,32,32,0,-0.00561368576138,-0.0103986136817,0.0560170585051,-0.0673642291366,0.194048782843,-0.347151000639,0.46875,-0.0810984947669,-0.0103986136817,0.0656614762591,0.0888550740361,0.304590151717,3,-0.68313074253,0.49452423099,-0.0217198587497,0.0104924872269,design_only_not_support,
20B_trendpv_residual_momentum_design_and_replication_diagnostic_v3,P4_RESMOM_R2_MARKET_ONLY_ADAPTATION,project_sequential_market_residual_primary,project_conservative_primary,EW,10,3,middle,1,early,,bucket_return,32,32,0,-0.00823713176163,-0.013232950732,0.050229036802,-0.0988455811395,0.173998487513,-0.568082990562,0.375,-0.0580134963013,-0.013232950732,0.0611966176019,0.0788265231844,0.321064307519,3,-1.1810191269,0.237595125095,-0.0219070895303,0.00543282600703,design_only_not_support,
20B_trendpv_residual_momentum_design_and_replication_diagnostic_v3,P4_RESMOM_R2_MARKET_ONLY_ADAPTATION,project_sequential_market_residual_primary,project_conservative_primary,EW,10,4,middle,1,early,,bucket_return,32,32,0,-0.00347507208353,-0.00153103861859,0.0527967404156,-0.0417008650024,0.182893273748,-0.228006553483,0.5,-0.0715307197671,-0.00153103861859,0.0616275932865,0.0863871162108,0.235132292237,3,-0.474789486314,0.634937027519,-0.0178204110679,0.0108702669009,design_only_not_support,
20B_trendpv_residual_momentum_design_and_replication_diagnostic_v3,P4_RESMOM_R2_MARKET_ONLY_ADAPTATION,project_sequential_market_residual_primary,project_conservative_primary,EW,10,5,middle,1,early,,bucket_return,32,32,0,-0.00303297536461,-0.00636874400002,0.0495256148208,-0.0363957043753,0.171561762291,-0.212143451368,0.4375,-0.0683630394653,-0.00636874400002,0.0724591063898,0.0824880970323,0.228526965587,3,-0.402066491923,0.68763509221,-0.0178178992517,0.0117519485225,design_only_not_support,
20B_trendpv_residual_momentum_design_and_replication_diagnostic_v3,P4_RESMOM_R2_MARKET_ONLY_ADAPTATION,project_sequential_market_residual_primary,project_conservative_primary,EW,10,6,middle,1,early,,bucket_return,32,32,0,-0.000505206434243,-0.0029718838851,0.05121813809,-0.00606247721091,0.177424834882,-0.0341692706939,0.46875,-0.066355747514,-0.0029718838851,0.065582152937,0.0917037415923,0.243742546354,3,-0.065447606933,0.94781762045,-0.0156346582549,0.0146242453865,design_only_not_support,
20B_trendpv_residual_momentum_design_and_replication_diagnostic_v3,P4_RESMOM_R2_MARKET_ONLY_ADAPTATION,project_sequential_market_residual_primary,project_conservative_primary,EW,10,7,middle,1,early,,bucket_return,32,32,0,0.00114755179591,-0.00243233217978,0.0532577556506,0.013770621551,0.184490277368,0.0746414485762,0.46875,-0.0569367693171,-0.00243233217978,0.0749703561908,0.0863247763005,0.198052743069,3,0.183712432334,0.85423905532,-0.0110952788161,0.0133903824079,design_only_not_support,
20B_trendpv_residual_momentum_design_and_replication_diagnostic_v3,P4_RESMOM_R2_MARKET_ONLY_ADAPTATION,project_sequential_market_residual_primary,project_conservative_primary,EW,10,8,middle,1,early,,bucket_return,32,32,0,-0.000194990674752,0.00307746060947,0.0525100560098,-0.00233988809702,0.181900169835,-0.0128635839051,0.53125,-0.0682253569557,0.00307746060947,0.068127291436,0.0850792190954,0.26171652308,3,-0.0250056668151,0.980050443558,-0.015478514312,0.0150885329625,design_only_not_support,
20B_trendpv_residual_momentum_design_and_replication_diagnostic_v3,P4_RESMOM_R2_MARKET_ONLY_ADAPTATION,project_sequential_market_residual_primary,project_conservative_primary,EW,10,9,middle,1,early,,bucket_return,32,32,0,-0.00337723998591,-0.0024003397768,0.051814347214,-0.0405268798309,0.179490163871,-0.225788861946,0.46875,-0.0678484252212,-0.0024003397768,0.0685326915327,0.0927141408407,0.25895387776,3,-0.513372591946,0.607690713986,-0.0162709332671,0.00951645329531,design_only_not_support,
20B_trendpv_residual_momentum_design_and_replication_diagnostic_v3,P4_RESMOM_R2_MARKET_ONLY_ADAPTATION,project_sequential_market_residual_primary,project_conservative_primary,EW,10,10,favorable,1,early,,bucket_return,32,32,0,-0.0055745314847,-0.00689009289616,0.0615552427313,-0.0668943778164,0.213233615766,-0.313714034141,0.4375,-0.0727886431459,-0.00689009289616,0.0564320220516,0.0930826310192,0.409914971694,3,-0.479526800465,0.63156390689,-0.0283592453528,0.0172101823834,design_only_not_support,
20B_trendpv_residual_momentum_design_and_replication_diagnostic_v3,P4_RESMOM_R2_MARKET_ONLY_ADAPTATION,project_sequential_market_residual_primary,project_conservative_primary,EW,10,,,1,early,,favorable_minus_unfavorable,32,32,0,0.00383168882111,-0.00440126739191,0.0747509338935,0.0459802658533,0.258944830834,0.177567807418,0.5,-0.0848653045298,-0.00440126739191,0.0875945465876,0.107005318576,0.417038808006,3,0.305041335261,0.760334670641,-0.0207878339164,0.0284512115586,design_only_not_support,
20B_trendpv_residual_momentum_design_and_replication_diagnostic_v3,P4_RESMOM_R2_MARKET_ONLY_ADAPTATION,project_sequential_market_residual_primary,project_conservative_primary,EW,10,,,1,early,,favorable_minus_middle,32,32,0,-0.00380544058527,-0.00872725047888,0.051490860048,-0.0456652870232,0.178369571457,-0.256015006653,0.46875,-0.0696503790057,-0.00872725047888,0.0582753218917,0.0760543546649,0.322994682036,3,-0.420215520756,0.674328017449,-0.0215547290433,0.0139438478728,design_only_not_support,
20B_trendpv_residual_momentum_design_and_replication_diagnostic_v3,P4_RESMOM_R2_MARKET_ONLY_ADAPTATION,project_sequential_market_residual_primary,project_conservative_primary,EW,10,1,unfavorable,1,late,,bucket_return,32,31,1,0.00339965353569,-0.00142089491242,0.0791042551912,0.0407958424282,0.274025178172,0.148876255461,0.483870967742,-0.0566769971399,-0.00142089491242,0.058361922666,0.0974394403351,0.249123161835,3,0.296569306738,0.766795346805,-0.0190679394973,0.0258672465686,design_only_not_support,
20B_trendpv_residual_momentum_design_and_replication_diagnostic_v3,P4_RESMOM_R2_MARKET_ONLY_ADAPTATION,project_sequential_market_residual_primary,project_conservative_primary,EW,10,2,middle,1,late,,bucket_return,32,31,1,0.0122683674351,0.00379014874396,0.0715439634801,0.147220409221,0.247835559445,0.594024560281,0.58064516129,-0.0389483128558,0.00379014874396,0.058555678312,0.0681307836337,0.178781417774,3,1.08232326786,0.279108910519,-0.00994824661724,0.0344849814874,design_only_not_support,
20B_trendpv_residual_momentum_design_and_replication_diagnostic_v3,P4_RESMOM_R2_MARKET_ONLY_ADAPTATION,project_sequential_market_residual_primary,project_conservative_primary,EW,10,3,middle,1,late,,bucket_return,32,31,1,0.0134299488779,0.00863358542072,0.059311967555,0.161159386535,0.205462682604,0.784373028194,0.612903225806,-0.0345838470315,0.00863358542072,0.0559038124884,0.0623219606765,0.110596160198,3,1.70760173608,0.0877102660425,-0.00198477901725,0.0288446767731,design_only_not_support,
20B_trendpv_residual_momentum_design_and_replication_diagnostic_v3,P4_RESMOM_R2_MARKET_ONLY_ADAPTATION,project_sequential_market_residual_primary,project_conservative_primary,EW,10,4,middle,1,late,,bucket_return,32,31,1,0.00525626342289,0.00129928329514,0.0610980716867,0.0630751610747,0.211649928812,0.298016453059,0.548387096774,-0.0494750279326,0.00129928329514,0.05067536756,0.0772148782012,0.156442704339,3,0.581009721096,0.561233901854,-0.0124750870658,0.0229876139116,design_only_not_support,
20B_trendpv_residual_momentum_design_and_replication_diagnostic_v3,P4_RESMOM_R2_MARKET_ONLY_ADAPTATION,project_sequential_market_residual_primary,project_conservative_primary,EW,10,5,middle,1,late,,bucket_return,32,31,1,0.0136219303547,0.0108720236977,0.065296929955,0.163463164257,0.226195200521,0.72266415857,0.58064516129,-0.0535776226096,0.0108720236977,0.068360756292,0.0681970229591,0.174658335846,3,1.35038889632,0.176891270646,-0.00614903560025,0.0333928963097,design_only_not_support,
20B_trendpv_residual_momentum_design_and_replication_diagnostic_v3,P4_RESMOM_R2_MARKET_ONLY_ADAPTATION,project_sequential_market_residual_primary,project_conservative_primary,EW,10,6,middle,1,late,,bucket_return,32,31,1,0.0170003429259,0.00144530153339,0.0640556471374,0.204004115111,0.221895270707,0.919371172088,0.516129032258,-0.0366084168273,0.00144530153339,0.096433756844,0.0641514188125,0.127835311261,3,1.68667314522,0.0916662186077,-0.00275455739608,0.0367552432479,design_only_not_support,
20B_trendpv_residual_momentum_design_and_replication_diagnostic_v3,P4_RESMOM_R2_MARKET_ONLY_ADAPTATION,project_sequential_market_residual_primary,project_conservative_primary,EW,10,7,middle,1,late,,bucket_return,32,31,1,0.0174402417837,-0.00130494772207,0.0645995995768,0.209282901405,0.223779577231,0.935218950693,0.483870967742,-0.0455274434014,-0.00130494772207,0.103611491918,0.058164690114,0.107645767779,3,1.8529579615,0.0638883843263,-0.00100715232235,0.0358876358898,design_only_not_support,
20B_trendpv_residual_momentum_design_and_replication_diagnostic_v3,P4_RESMOM_R2_MARKET_ONLY_ADAPTATION,project_sequential_market_residual_primary,project_conservative_primary,EW,10,8,middle,1,late,,bucket_return,32,31,1,0.0123511532601,-0.00413825309059,0.0695860696701,0.148213839121,0.241053216335,0.614859413095,0.451612903226,-0.0462193854964,-0.00413825309059,0.1366854363,0.0811767325234,0.142258267633,3,1.56672919884,0.117178002744,-0.00310002718332,0.0278023337034,design_only_not_support,
20B_trendpv_residual_momentum_design_and_replication_diagnostic_v3,P4_RESMOM_R2_MARKET_ONLY_ADAPTATION,project_sequential_market_residual_primary,project_conservative_primary,EW,10,9,middle,1,late,,bucket_return,32,31,1,0.0210366476917,0.00462505712178,0.071032915463,0.252439772301,0.246065237183,1.02590587435,0.516129032258,-0.0395050481148,0.00462505712178,0.144782634708,0.0773582008875,0.135055000934,3,2.17428461886,0.0296837668216,0.00207359590284,0.0399996994806,design_only_not_support,
20B_trendpv_residual_momentum_design_and_replication_diagnostic_v3,P4_RESMOM_R2_MARKET_ONLY_ADAPTATION,project_sequential_market_residual_primary,project_conservative_primary,EW,10,10,favorable,1,late,,bucket_return,32,31,1,0.0128589527125,-0.00343801802124,0.0698889869774,0.15430743255,0.242102552669,0.637363922227,0.483870967742,-0.0458552968748,-0.00343801802124,0.12395214428,0.0734262810452,0.131630839468,3,1.37758979638,0.168329973048,-0.00543610454018,0.0311540099652,design_only_not_support,
20B_trendpv_residual_momentum_design_and_replication_diagnostic_v3,P4_RESMOM_R2_MARKET_ONLY_ADAPTATION,project_sequential_market_residual_primary,project_conservative_primary,EW,10,,,1,late,,favorable_minus_unfavorable,32,31,1,0.00945929917682,-0.000566722312426,0.0664512678463,0.113511590122,0.230193944274,0.493112842215,0.483870967742,-0.0488404126554,-0.000566722312426,0.0990933372488,0.0902968971222,0.280726232798,3,0.871552377476,0.383452620172,-0.0118129572987,0.0307315556524,design_only_not_support,
20B_trendpv_residual_momentum_design_and_replication_diagnostic_v3,P4_RESMOM_R2_MARKET_ONLY_ADAPTATION,project_sequential_market_residual_primary,project_conservative_primary,EW,10,,,1,late,,favorable_minus_middle,32,31,1,-0.00245218392781,0.00673591386133,0.0398142666453,-0.0294262071338,0.137920665391,-0.213356040955,0.516129032258,-0.0405817342567,0.00673591386133,0.0376080642129,0.0739530366827,0.278752338615,3,-0.395388735909,0.692556020723,-0.014607796229,0.00970342837341,design_only_not_support,
20B_trendpv_residual_momentum_design_and_replication_diagnostic_v3,P4_RESMOM_R2_MARKET_ONLY_ADAPTATION,project_sequential_market_residual_primary,project_conservative_primary,VW,5,1,unfavorable,1,full,,bucket_return,64,63,1,-0.0012967938162,-0.00105038406743,0.0629935193495,-0.0155615257944,0.218215952122,-0.0713125032478,0.428571428571,-0.0765651673407,-0.00105038406743,0.0711650821794,0.0917108967049,0.474974478959,3,-0.185647438796,0.852721249392,-0.0149876327075,0.0123940450751,design_only_not_support,
20B_trendpv_residual_momentum_design_and_replication_diagnostic_v3,P4_RESMOM_R2_MARKET_ONLY_ADAPTATION,project_sequential_market_residual_primary,project_conservative_primary,VW,5,2,middle,1,full,,bucket_return,64,63,1,0.00194783442134,-0.0017911101501,0.0536581962504,0.0233740130561,0.185877444296,0.125749593473,0.47619047619,-0.0576944033295,-0.0017911101501,0.0586349500766,0.0751146212157,0.352709912359,3,0.330863715513,0.740747430588,-0.00959070889628,0.013486377739,design_only_not_support,
20B_trendpv_residual_momentum_design_and_replication_diagnostic_v3,P4_RESMOM_R2_MARKET_ONLY_ADAPTATION,project_sequential_market_residual_primary,project_conservative_primary,VW,5,3,middle,1,full,,bucket_return,64,63,1,0.00255961647871,-0.00279538383964,0.0464230582785,0.0307153977445,0.160814191162,0.190999298772,0.460317460317,-0.0471680154713,-0.00279538383964,0.0625919847934,0.0598987185979,0.251260598905,3,0.493906871115,0.621371951737,-0.00759767511998,0.0127169080774,design_only_not_support,
20B_trendpv_residual_momentum_design_and_replication_diagnostic_v3,P4_RESMOM_R2_MARKET_ONLY_ADAPTATION,project_sequential_market_residual_primary,project_conservative_primary,VW,5,4,middle,1,full,,bucket_return,64,63,1,0.00704209545668,-0.00339159919902,0.0504357133014,0.0845051454802,0.174714435908,0.483675805271,0.47619047619,-0.0459847500172,-0.00339159919902,0.0614786824386,0.066598705245,0.223934077866,3,1.46912857683,0.141797918057,-0.00235276193598,0.0164369528493,design_only_not_support,
20B_trendpv_residual_momentum_design_and_replication_diagnostic_v3,P4_RESMOM_R2_MARKET_ONLY_ADAPTATION,project_sequential_market_residual_primary,project_conservative_primary,VW,5,5,favorable,1,full,,bucket_return,64,63,1,0.00693242733476,0.0108067965794,0.0483053128098,0.0831891280171,0.167334512124,0.497142681215,0.571428571429,-0.052008858414,0.0108067965794,0.0661770137249,0.0744224601076,0.246483052688,3,1.43402029488,0.15156647139,-0.00254254868205,0.0164074033516,design_only_not_support,
20B_trendpv_residual_momentum_design_and_replication_diagnostic_v3,P4_RESMOM_R2_MARKET_ONLY_ADAPTATION,project_sequential_market_residual_primary,project_conservative_primary,VW,5,,,1,full,,favorable_minus_unfavorable,64,63,1,0.00822922115096,0.0063970641958,0.0624568496605,0.0987506538115,0.216356873785,0.456424850682,0.571428571429,-0.055170499769,0.0063970641958,0.081629529696,0.10957831525,0.240359058406,3,1.16384686909,0.244486074335,-0.00562911150867,0.0220875538106,design_only_not_support,
20B_trendpv_residual_momentum_design_and_replication_diagnostic_v3,P4_RESMOM_R2_MARKET_ONLY_ADAPTATION,project_sequential_market_residual_primary,project_conservative_primary,VW,5,,,1,full,,favorable_minus_middle,64,63,1,0.00437281085605,0.0115024669289,0.0397914416284,0.0524737302726,0.137841597214,0.380681385977,0.603174603175,-0.0516065635868,0.0115024669289,0.0539644829397,0.0664815187036,0.186668497597,3,0.94508093684,0.344617556837,-0.00469577941487,0.013441401127,design_only_not_support,
20B_trendpv_residual_momentum_design_and_replication_diagnostic_v3,P4_RESMOM_R2_MARKET_ONLY_ADAPTATION,project_sequential_market_residual_primary,project_conservative_primary,VW,5,1,unfavorable,1,early,,bucket_return,32,32,0,-0.0103160713118,-0.0154270497609,0.0603523708784,-0.123792855742,0.209066745437,-0.592121216998,0.375,-0.0793710379019,-0.0154270497609,0.0794718484438,0.0928169493887,0.383509317158,3,-1.21537477704,0.224223183571,-0.0269521975629,0.00632005493922,design_only_not_support,
20B_trendpv_residual_momentum_design_and_replication_diagnostic_v3,P4_RESMOM_R2_MARKET_ONLY_ADAPTATION,project_sequential_market_residual_primary,project_conservative_primary,VW,5,2,middle,1,early,,bucket_return,32,32,0,-0.00773997597838,-0.0152503948411,0.0528550502917,-0.0928797117406,0.183095265084,-0.507275333954,0.40625,-0.0661826832601,-0.0152503948411,0.0590723843239,0.0849774105833,0.352709912359,3,-1.06310420049,0.287734699782,-0.0220095782919,0.00652962633517,design_only_not_support,
20B_trendpv_residual_momentum_design_and_replication_diagnostic_v3,P4_RESMOM_R2_MARKET_ONLY_ADAPTATION,project_sequential_market_residual_primary,project_conservative_primary,VW,5,3,middle,1,early,,bucket_return,32,32,0,-0.00409440205168,-0.00452641560376,0.0449703483197,-0.0491328246202,0.155781856248,-0.315395038958,0.40625,-0.0548194622566,-0.00452641560376,0.0628156495607,0.0684841304351,0.248234608369,3,-0.690322618839,0.48999132678,-0.0157192283873,0.00753042428389,design_only_not_support,
20B_trendpv_residual_momentum_design_and_replication_diagnostic_v3,P4_RESMOM_R2_MARKET_ONLY_ADAPTATION,project_sequential_market_residual_primary,project_conservative_primary,VW,5,4,middle,1,early,,bucket_return,32,32,0,0.000851455238,-0.000883976540938,0.0498100856096,0.010217462856,0.17254719801,0.0592154666886,0.5,-0.0627961890319,-0.000883976540938,0.0573811627691,0.0782593309241,0.223934077866,3,0.142001725732,0.887078642565,-0.0109006667333,0.0126035772093,design_only_not_support,
20B_trendpv_residual_momentum_design_and_replication_diagnostic_v3,P4_RESMOM_R2_MARKET_ONLY_ADAPTATION,project_sequential_market_residual_primary,project_conservative_primary,VW,5,5,favorable,1,early,,bucket_return,32,32,0,-0.00237094752427,-0.00531774638337,0.0461877741298,-0.0284513702912,0.159999142963,-0.177822016821,0.5,-0.0642521252541,-0.00531774638337,0.054573432493,0.0719540511335,0.246483052688,3,-0.340820800981,0.733238490096,-0.0160055958304,0.0112637007819,design_only_not_support,
20B_trendpv_residual_momentum_design_and_replication_diagnostic_v3,P4_RESMOM_R2_MARKET_ONLY_ADAPTATION,project_sequential_market_residual_primary,project_conservative_primary,VW,5,,,1,early,,favorable_minus_unfavorable,32,32,0,0.00794512378758,0.00751698152867,0.0622645407702,0.095341485451,0.215690696248,0.442028734246,0.5625,-0.0664462652455,0.00751698152867,0.0817904480493,0.102492240536,0.240359058406,3,0.71385800424,0.475314987975,-0.0138689574217,0.0297592049969,design_only_not_support,
20B_trendpv_residual_momentum_design_and_replication_diagnostic_v3,P4_RESMOM_R2_MARKET_ONLY_ADAPTATION,project_sequential_market_residual_primary,project_conservative_primary,VW,5,,,1,early,,favorable_minus_middle,32,32,0,0.00172345452742,0.0075460653576,0.0374619545661,0.020681454329,0.129772017319,0.159367595236,0.53125,-0.0480351595328,0.0075460653576,0.0499207373824,0.0568732000071,0.186668497597,3,0.247263033926,0.804704665322,-0.0119377416049,0.0153846506597,design_only_not_support,
20B_trendpv_residual_momentum_design_and_replication_diagnostic_v3,P4_RESMOM_R2_MARKET_ONLY_ADAPTATION,project_sequential_market_residual_primary,project_conservative_primary,VW,5,1,unfavorable,1,late,,bucket_return,32,31,1,0.00801342811479,-0.000147336972703,0.0652744217486,0.0961611373775,0.226117229807,0.425271163368,0.483870967742,-0.0405601983858,-0.000147336972703,0.0565684804192,0.0668445095979,0.180201895155,3,0.811780090172,0.416917828409,-0.0113342137994,0.0273610700289,design_only_not_support,
20B_trendpv_residual_momentum_design_and_replication_diagnostic_v3,P4_RESMOM_R2_MARKET_ONLY_ADAPTATION,project_sequential_market_residual_primary,project_conservative_primary,VW,5,2,middle,1,late,,bucket_return,32,31,1,0.011948154834,0.00646639172489,0.0534801093395,0.143377858008,0.185260533141,0.773925539222,0.548387096774,-0.0290737597384,0.00646639172489,0.0319175307898,0.0402918171593,0.0871819268824,3,1.5457540975,0.122163966729,-0.0032017019215,0.0270980115894,design_only_not_support,
20B_trendpv_residual_momentum_design_and_replication_diagnostic_v3,P4_RESMOM_R2_MARKET_ONLY_ADAPTATION,project_sequential_market_residual_primary,project_conservative_primary,VW,5,3,middle,1,late,,bucket_return,32,31,1,0.00942828076815,0.00113891054176,0.0476251180862,0.113139369218,0.164978248483,0.685783551819,0.516129032258,-0.033363204843,0.00113891054176,0.0591581922936,0.044679428322,0.118975440771,3,1.23203411554,0.217936340528,-0.00557056586171,0.024427127398,design_only_not_support,
20B_trendpv_residual_momentum_design_and_replication_diagnostic_v3,P4_RESMOM_R2_MARKET_ONLY_ADAPTATION,project_sequential_market_residual_primary,project_conservative_primary,VW,5,4,middle,1,late,,bucket_return,32,31,1,0.0134324337469,-0.00339159919902,0.0510909357501,0.161189204963,0.176984193051,0.910754809142,0.451612903226,-0.0284157556575,-0.00339159919902,0.0840639700194,0.0358381343515,0.0790923965127,3,2.04080835753,0.0412698795368,0.000532111052976,0.0263327564409,design_only_not_support,
20B_trendpv_residual_momentum_design_and_replication_diagnostic_v3,P4_RESMOM_R2_MARKET_ONLY_ADAPTATION,project_sequential_market_residual_primary,project_conservative_primary,VW,5,5,favorable,1,late,,bucket_return,32,31,1,0.0165359110602,0.0180603354797,0.0492982938883,0.198430932722,0.170774299482,1.16194845082,0.645161290323,-0.0315430009911,0.0180603354797,0.0666211003561,0.0609090633858,0.12409915236,3,3.3627764149,0.000771628322858,0.00689810404278,0.0261737180776,design_only_not_support,
20B_trendpv_residual_momentum_design_and_replication_diagnostic_v3,P4_RESMOM_R2_MARKET_ONLY_ADAPTATION,project_sequential_market_residual_primary,project_conservative_primary,VW,5,,,1,late,,favorable_minus_unfavorable,32,31,1,0.00852248294542,0.0063970641958,0.0636827782356,0.102269795345,0.220603614943,0.463590750186,0.58064516129,-0.0430069174806,0.0063970641958,0.0782214947127,0.097780780155,0.221774676649,3,0.988144353057,0.323081956551,-0.00838168655188,0.0254266524427,design_only_not_support,
20B_trendpv_residual_momentum_design_and_replication_diagnostic_v3,P4_RESMOM_R2_MARKET_ONLY_ADAPTATION,project_sequential_market_residual_primary,project_conservative_primary,VW,5,,,1,late,,favorable_minus_middle,32,31,1,0.00710763029205,0.0149592420449,0.0425074271252,0.0852915635046,0.14725004696,0.579229448585,0.677419354839,-0.0517358811567,0.0149592420449,0.0547799553271,0.0715129127675,0.141816552186,3,1.20127885501,0.229643049867,-0.00448892726803,0.0187041878521,design_only_not_support,
20B_trendpv_residual_momentum_design_and_replication_diagnostic_v3,P4_RESMOM_R2_MARKET_ONLY_ADAPTATION,project_sequential_market_residual_primary,project_conservative_primary,VW,10,1,unfavorable,1,full,,bucket_return,64,63,1,-0.000217742307594,-0.00352871214225,0.0691466409646,-0.00261290769112,0.239530990647,-0.0109084327004,0.396825396825,-0.0778089924471,-0.00352871214225,0.0919308292186,0.0995829319126,0.454486025576,3,-0.0290367114053,0.976835311462,-0.0149152428212,0.014479758206,design_only_not_support,
20B_trendpv_residual_momentum_design_and_replication_diagnostic_v3,P4_RESMOM_R2_MARKET_ONLY_ADAPTATION,project_sequential_market_residual_primary,project_conservative_primary,VW,10,2,middle,1,full,,bucket_return,64,63,1,-0.00174887177307,-0.00515942173202,0.0617189824464,-0.0209864612768,0.213800826777,-0.0981589341498,0.444444444444,-0.0698554342585,-0.00515942173202,0.0493948834716,0.0885073706161,0.514187731774,3,-0.232574252711,0.816092022458,-0.0164870710743,0.0129893275282,design_only_not_support,
20B_trendpv_residual_momentum_design_and_replication_diagnostic_v3,P4_RESMOM_R2_MARKET_ONLY_ADAPTATION,project_sequential_market_residual_primary,project_conservative_primary,VW,10,3,middle,1,full,,bucket_return,64,63,1,0.000567263235813,-0.00141739378455,0.0582338975268,0.00680715882975,0.201728138478,0.0337442207176,0.492063492063,-0.0677867911387,-0.00141739378455,0.0591078140773,0.086508026197,0.444918204917,3,0.0864350525559,0.931120583276,-0.012295753319,0.0134302797907,design_only_not_support,
20B_trendpv_residual_momentum_design_and_replication_diagnostic_v3,P4_RESMOM_R2_MARKET_ONLY_ADAPTATION,project_sequential_market_residual_primary,project_conservative_primary,VW,10,4,middle,1,full,,bucket_return,64,63,1,0.00259838335706,-0.000431579790877,0.0544882922865,0.0311806002848,0.188752981316,0.165192624071,0.47619047619,-0.062681587375,-0.000431579790877,0.0562979030453,0.0794706306486,0.282912598559,3,0.429052924003,0.667884710229,-0.00927133600148,0.0144681027156,design_only_not_support,
20B_trendpv_residual_momentum_design_and_replication_diagnostic_v3,P4_RESMOM_R2_MARKET_ONLY_ADAPTATION,project_sequential_market_residual_primary,project_conservative_primary,VW,10,5,middle,1,full,,bucket_return,64,63,1,0.00163047357228,-0.00752289868189,0.050891990781,0.0195656828674,0.176295027462,0.110982613345,0.460317460317,-0.0569200867828,-0.00752289868189,0.0728627689376,0.0619715152875,0.332656962748,3,0.277341927152,0.781517568501,-0.00989201605718,0.0131529632017,design_only_not_support,
20B_trendpv_residual_momentum_design_and_replication_diagnostic_v3,P4_RESMOM_R2_MARKET_ONLY_ADAPTATION,project_sequential_market_residual_primary,project_conservative_primary,VW,10,6,middle,1,full,,bucket_return,64,63,1,0.00401296432568,-0.00127172302776,0.050030028967,0.0481555719082,0.17330910415,0.277859447398,0.492063492063,-0.0469123728725,-0.00127172302776,0.0715521835021,0.07520180536,0.296368315539,3,0.710194195758,0.477583719698,-0.00706184534829,0.0150877739997,design_only_not_support,
20B_trendpv_residual_momentum_design_and_replication_diagnostic_v3,P4_RESMOM_R2_MARKET_ONLY_ADAPTATION,project_sequential_market_residual_primary,project_conservative_primary,VW,10,7,middle,1,full,,bucket_return,64,63,1,0.00555802677925,0.00205357193062,0.0565003738867,0.066696321351,0.195723036437,0.340768887328,0.52380952381,-0.0504508226172,0.00205357193062,0.0668425357375,0.0853698032964,0.295418827329,3,0.957434346353,0.338348069474,-0.00581981061914,0.0169358641776,design_only_not_support,
20B_trendpv_residual_momentum_design_and_replication_diagnostic_v3,P4_RESMOM_R2_MARKET_ONLY_ADAPTATION,project_sequential_market_residual_primary,project_conservative_primary,VW,10,8,middle,1,full,,bucket_return,64,63,1,0.00823338279356,-0.00219763963346,0.0516911037149,0.0988005935228,0.179063235867,0.551763699815,0.492063492063,-0.0463137116034,-0.00219763963346,0.0752490602452,0.0631429139188,0.151396535732,3,1.75170514874,0.079824521106,-0.000978860350191,0.0174456259373,design_only_not_support,
20B_trendpv_residual_momentum_design_and_replication_diagnostic_v3,P4_RESMOM_R2_MARKET_ONLY_ADAPTATION,project_sequential_market_residual_primary,project_conservative_primary,VW,10,9,middle,1,full,,bucket_return,64,63,1,0.00942313815206,0.00306427555562,0.052222190452,0.113077657825,0.180902974291,0.625073513955,0.52380952381,-0.0476748448042,0.00306427555562,0.0730310182328,0.0649799006067,0.129838900893,3,2.0496707996,0.0403965663568,0.000412417307058,0.0184338589971,design_only_not_support,
20B_trendpv_residual_momentum_design_and_replication_diagnostic_v3,P4_RESMOM_R2_MARKET_ONLY_ADAPTATION,project_sequential_market_residual_primary,project_conservative_primary,VW,10,10,favorable,1,full,,bucket_return,64,63,1,0.00299520251263,0.00942080628162,0.0565476693256,0.0359424301516,0.195886872643,0.183485649991,0.555555555556,-0.0731027681532,0.00942080628162,0.071061156959,0.103067057649,0.44075103576,3,0.446302972524,0.655378409357,-0.0101583936151,0.0161487986403,design_only_not_support,
20B_trendpv_residual_momentum_design_and_replication_diagnostic_v3,P4_RESMOM_R2_MARKET_ONLY_ADAPTATION,project_sequential_market_residual_primary,project_conservative_primary,VW,10,,,1,full,,favorable_minus_unfavorable,64,63,1,0.00321294482023,0.0119673436363,0.074224683305,0.0385553378427,0.25712184532,0.149949677729,0.555555555556,-0.0921285914733,0.0119673436363,0.0846008788791,0.142720768133,0.442067930665,3,0.362185124558,0.717213694924,-0.0141738988268,0.0205997884672,design_only_not_support,
20B_trendpv_residual_momentum_design_and_replication_diagnostic_v3,P4_RESMOM_R2_MARKET_ONLY_ADAPTATION,project_sequential_market_residual_primary,project_conservative_primary,VW,10,,,1,full,,favorable_minus_middle,64,63,1,0.00017348356365,0.00775370239623,0.0476702004665,0.00208180276381,0.16513441843,0.0126067162957,0.539682539683,-0.0565238192074,0.00775370239623,0.0637310599945,0.0893879267066,0.326658432659,3,0.0296052157015,0.97638190561,-0.0113117067519,0.0116586738792,design_only_not_support,
20B_trendpv_residual_momentum_design_and_replication_diagnostic_v3,P4_RESMOM_R2_MARKET_ONLY_ADAPTATION,project_sequential_market_residual_primary,project_conservative_primary,VW,10,1,unfavorable,1,early,,bucket_return,32,32,0,-0.00649053584708,-0.00375351548124,0.0677285046367,-0.077886430165,0.234618422303,-0.331970650048,0.375,-0.0865628233315,-0.00375351548124,0.0814706349009,0.102674265126,0.298238706241,3,-0.683311195154,0.494410221525,-0.02510755338,0.0121264816859,design_only_not_support,
20B_trendpv_residual_momentum_design_and_replication_diagnostic_v3,P4_RESMOM_R2_MARKET_ONLY_ADAPTATION,project_sequential_market_residual_primary,project_conservative_primary,VW,10,2,middle,1,early,,bucket_return,32,32,0,-0.0143605698145,-0.0212188770722,0.0559173521324,-0.172326837774,0.193703389836,-0.889642860252,0.34375,-0.0761906418981,-0.0212188770722,0.0631972833814,0.094476895946,0.480059852689,3,-1.65205858833,0.0985226078671,-0.0313976167043,0.00267647707524,design_only_not_support,
20B_trendpv_residual_momentum_design_and_replication_diagnostic_v3,P4_RESMOM_R2_MARKET_ONLY_ADAPTATION,project_sequential_market_residual_primary,project_conservative_primary,VW,10,3,middle,1,early,,bucket_return,32,32,0,-0.0134222637255,-0.0136481359097,0.0562617399494,-0.161067164706,0.194896384229,-0.826424591418,0.375,-0.0721687838449,-0.0136481359097,0.0596995453132,0.0983499851981,0.406602021687,3,-1.77458836068,0.0759658804752,-0.0282466331825,0.00140210573156,design_only_not_support,
20B_trendpv_residual_momentum_design_and_replication_diagnostic_v3,P4_RESMOM_R2_MARKET_ONLY_ADAPTATION,project_sequential_market_residual_primary,project_conservative_primary,VW,10,4,middle,1,early,,bucket_return,32,32,0,-0.00351967400873,-0.00837168361436,0.0525423359427,-0.0422360881048,0.182011990802,-0.232051129811,0.4375,-0.0680139896201,-0.00837168361436,0.0576343643572,0.080714689254,0.282912598559,3,-0.465550193166,0.641537501233,-0.01833748398,0.0112981359626,design_only_not_support,
20B_trendpv_residual_momentum_design_and_replication_diagnostic_v3,P4_RESMOM_R2_MARKET_ONLY_ADAPTATION,project_sequential_market_residual_primary,project_conservative_primary,VW,10,5,middle,1,early,,bucket_return,32,32,0,-0.00725348531233,-0.0187742861694,0.0481518392723,-0.087041823748,0.166802864195,-0.521824515233,0.375,-0.0593599463417,-0.0187742861694,0.0738555622136,0.065307266227,0.262456752258,3,-1.01006313469,0.312465043037,-0.02132841735,0.00682144672536,design_only_not_support,
20B_trendpv_residual_momentum_design_and_replication_diagnostic_v3,P4_RESMOM_R2_MARKET_ONLY_ADAPTATION,project_sequential_market_residual_primary,project_conservative_primary,VW,10,6,middle,1,early,,bucket_return,32,32,0,-0.00121956396742,-0.00157700585535,0.0521529784477,-0.014634767609,0.180663216875,-0.0810057955469,0.5,-0.0679024903652,-0.00157700585535,0.0607416087521,0.0913148629078,0.296368315539,3,-0.156653270087,0.875518117325,-0.016478112044,0.0140389841092,design_only_not_support,
20B_trendpv_residual_momentum_design_and_replication_diagnostic_v3,P4_RESMOM_R2_MARKET_ONLY_ADAPTATION,project_sequential_market_residual_primary,project_conservative_primary,VW,10,7,middle,1,early,,bucket_return,32,32,0,-0.00180702297463,0.00560005643119,0.0578723090148,-0.0216842756955,0.20047555913,-0.108164186146,0.53125,-0.0720051113641,0.00560005643119,0.0531196761293,0.106399471769,0.295418827329,3,-0.251271870176,0.801603921965,-0.0159021142677,0.0122880683184,design_only_not_support,
20B_trendpv_residual_momentum_design_and_replication_diagnostic_v3,P4_RESMOM_R2_MARKET_ONLY_ADAPTATION,project_sequential_market_residual_primary,project_conservative_primary,VW,10,8,middle,1,early,,bucket_return,32,32,0,0.00238071704068,-0.000212979709864,0.0484454123262,0.0285686044882,0.167819831085,0.17023378169,0.5,-0.0564350982456,-0.000212979709864,0.070743203311,0.0615456142227,0.151092436073,3,0.453545327147,0.650156112001,-0.00790738290837,0.0126688169897,design_only_not_support,
20B_trendpv_residual_momentum_design_and_replication_diagnostic_v3,P4_RESMOM_R2_MARKET_ONLY_ADAPTATION,project_sequential_market_residual_primary,project_conservative_primary,VW,10,9,middle,1,early,,bucket_return,32,32,0,0.00302478949599,-0.00717880712779,0.0439072345891,0.0362974739518,0.152099122256,0.238643546481,0.46875,-0.0476030801263,-0.00717880712779,0.0648923073864,0.0604126067247,0.129838900893,3,0.523479427421,0.600640663725,-0.00830035178445,0.0143499307764,design_only_not_support,
20B_trendpv_residual_momentum_design_and_replication_diagnostic_v3,P4_RESMOM_R2_MARKET_ONLY_ADAPTATION,project_sequential_market_residual_primary,project_conservative_primary,VW,10,10,favorable,1,early,,bucket_return,32,32,0,-0.0100521309011,-0.00200544115193,0.0581086940917,-0.120625570813,0.201294421057,-0.599249448542,0.5,-0.094102458255,-0.00200544115193,0.0355748094997,0.10532118156,0.44075103576,3,-0.963721407462,0.335185618598,-0.0304956059359,0.0103913441338,design_only_not_support,
20B_trendpv_residual_momentum_design_and_replication_diagnostic_v3,P4_RESMOM_R2_MARKET_ONLY_ADAPTATION,project_sequential_market_residual_primary,project_conservative_primary,VW,10,,,1,early,,favorable_minus_unfavorable,32,32,0,-0.00356159505399,0.0113046446271,0.0767436763804,-0.0427391406479,0.265847893301,-0.160765391507,0.53125,-0.0929746956438,0.0113046446271,0.0813217709219,0.151638431793,0.442067930665,3,-0.248138501335,0.804027247189,-0.0316934568803,0.0245702667723,design_only_not_support,
20B_trendpv_residual_momentum_design_and_replication_diagnostic_v3,P4_RESMOM_R2_MARKET_ONLY_ADAPTATION,project_sequential_market_residual_primary,project_conservative_primary,VW,10,,,1,early,,favorable_minus_middle,32,32,0,-0.0058156062612,0.0022479334622,0.0492376708468,-0.0697872751344,0.170564295106,-0.409155240204,0.5,-0.0744375851463,0.0022479334622,0.0436482931555,0.0897745203629,0.326658432659,3,-0.627420950983,0.530383337898,-0.0239826419688,0.0123514294464,design_only_not_support,
20B_trendpv_residual_momentum_design_and_replication_diagnostic_v3,P4_RESMOM_R2_MARKET_ONLY_ADAPTATION,project_sequential_market_residual_primary,project_conservative_primary,VW,10,1,unfavorable,1,late,,bucket_return,32,31,1,0.00625739941059,-0.00253481577955,0.0711049570365,0.075088792927,0.246314796514,0.304848892513,0.41935483871,-0.0533566522015,-0.00253481577955,0.0938745300747,0.0794326106033,0.222650238371,3,0.581568753654,0.560857194829,-0.0148308681495,0.0273456669707,design_only_not_support,
20B_trendpv_residual_momentum_design_and_replication_diagnostic_v3,P4_RESMOM_R2_MARKET_ONLY_ADAPTATION,project_sequential_market_residual_primary,project_conservative_primary,VW,10,2,middle,1,late,,bucket_return,32,31,1,0.0112696552375,0.00828479443456,0.0655488300929,0.13523586285,0.227067808195,0.595574792943,0.548387096774,-0.0268000492008,0.00828479443456,0.0451551589207,0.0583785755331,0.136678910878,3,1.09357187596,0.274142789517,-0.00892848524977,0.0314677957247,design_only_not_support,
20B_trendpv_residual_momentum_design_and_replication_diagnostic_v3,P4_RESMOM_R2_MARKET_ONLY_ADAPTATION,project_sequential_market_residual_primary,project_conservative_primary,VW,10,3,middle,1,late,,bucket_return,32,31,1,0.0150080652604,0.00912445195331,0.0575613987385,0.180096783124,0.19939853434,0.90320013495,0.612903225806,-0.0295794187846,0.00912445195331,0.0479702013727,0.0543368557136,0.0962928905923,3,1.88277691794,0.0597306063978,-0.000615276574571,0.0306314070953,design_only_not_support,
20B_trendpv_residual_momentum_design_and_replication_diagnostic_v3,P4_RESMOM_R2_MARKET_ONLY_ADAPTATION,project_sequential_market_residual_primary,project_conservative_primary,VW,10,4,middle,1,late,,bucket_return,32,31,1,0.00891379741208,0.00031806968759,0.0565863884074,0.106965568945,0.196020999477,0.545684233988,0.516129032258,-0.0307798883965,0.00031806968759,0.0315608727718,0.0500897353208,0.128437361451,3,1.00863819726,0.313148181421,-0.00840730141268,0.0262348962368,design_only_not_support,
20B_trendpv_residual_momentum_design_and_replication_diagnostic_v3,P4_RESMOM_R2_MARKET_ONLY_ADAPTATION,project_sequential_market_residual_primary,project_conservative_primary,VW,10,5,middle,1,late,,bucket_return,32,31,1,0.0108010117758,0.00371318134664,0.0527795514355,0.129612141309,0.182833729374,0.70890716802,0.548387096774,-0.0341154176385,0.00371318134664,0.048194922809,0.0473759620091,0.126817605491,3,1.35606238173,0.175079320697,-0.00481006509088,0.0264120886424,design_only_not_support,
20B_trendpv_residual_momentum_design_and_replication_diagnostic_v3,P4_RESMOM_R2_MARKET_ONLY_ADAPTATION,project_sequential_market_residual_primary,project_conservative_primary,VW,10,6,middle,1,late,,bucket_return,32,31,1,0.00941428385404,-0.00127172302776,0.0479888064749,0.112971406248,0.166238102018,0.679575890707,0.483870967742,-0.0375289789777,-0.00127172302776,0.0727356232134,0.0480480076308,0.110265366564,3,1.24496180498,0.213145790441,-0.00540677910574,0.0242353468138,design_only_not_support,
20B_trendpv_residual_momentum_design_and_replication_diagnostic_v3,P4_RESMOM_R2_MARKET_ONLY_ADAPTATION,project_sequential_market_residual_primary,project_conservative_primary,VW,10,7,middle,1,late,,bucket_return,32,31,1,0.0131606587832,0.00151306247444,0.0549451798673,0.157927905399,0.190335686322,0.829733553652,0.516129032258,-0.0376367073967,0.00151306247444,0.0904407875712,0.0431380626722,0.130794410205,3,1.63349325533,0.102365298096,-0.00263029544553,0.028951613012,design_only_not_support,
20B_trendpv_residual_momentum_design_and_replication_diagnostic_v3,P4_RESMOM_R2_MARKET_ONLY_ADAPTATION,project_sequential_market_residual_primary,project_conservative_primary,VW,10,8,middle,1,late,,bucket_return,32,31,1,0.0142748442159,-0.00298964671687,0.0549784382397,0.171298130591,0.190450896704,0.899434623598,0.483870967742,-0.0266364870689,-0.00298964671687,0.0757853887732,0.0475889528495,0.151396535732,3,1.98916531137,0.0466829593626,0.000209557440529,0.0283401309913,design_only_not_support,
20B_trendpv_residual_momentum_design_and_replication_diagnostic_v3,P4_RESMOM_R2_MARKET_ONLY_ADAPTATION,project_sequential_market_residual_primary,project_conservative_primary,VW,10,9,middle,1,late,,bucket_return,32,31,1,0.0160278851519,0.0120379971041,0.0596261115319,0.192334621823,0.206550909262,0.931172961231,0.58064516129,-0.0443187707259,0.0120379971041,0.0879675971986,0.0643819120185,0.104787058256,3,2.48265790521,0.0130406256248,0.00337447946917,0.0286812908346,design_only_not_support,
20B_trendpv_residual_momentum_design_and_replication_diagnostic_v3,P4_RESMOM_R2_MARKET_ONLY_ADAPTATION,project_sequential_market_residual_primary,project_conservative_primary,VW,10,10,favorable,1,late,,bucket_return,32,31,1,0.0164634176494,0.0104905697536,0.0524429059386,0.197561011792,0.181667555164,1.08748648934,0.612903225806,-0.0286107107548,0.0104905697536,0.0736299464505,0.0650951786292,0.137011406574,3,2.98554276778,0.00283075551268,0.00565543124118,0.0272714040575,design_only_not_support,
20B_trendpv_residual_momentum_design_and_replication_diagnostic_v3,P4_RESMOM_R2_MARKET_ONLY_ADAPTATION,project_sequential_market_residual_primary,project_conservative_primary,VW,10,,,1,late,,favorable_minus_unfavorable,32,31,1,0.0102060182388,0.0132296617162,0.072114460012,0.122472218865,0.249811817402,0.490257907488,0.58064516129,-0.0655532079015,0.0132296617162,0.0965255389099,0.114511214415,0.271428103858,3,1.04816518868,0.294562506107,-0.00887821427489,0.0292902507524,design_only_not_support,
20B_trendpv_residual_momentum_design_and_replication_diagnostic_v3,P4_RESMOM_R2_MARKET_ONLY_ADAPTATION,project_sequential_market_residual_primary,project_conservative_primary,VW,10,,,1,late,,favorable_minus_middle,32,31,1,0.00635576983446,0.00942777750755,0.0459725739842,0.0762692380135,0.159253667791,0.478916680988,0.58064516129,-0.0388424661829,0.00942777750755,0.0710451793489,0.075245813027,0.168930262958,3,0.979482994109,0.327341387228,-0.00636224573548,0.0190737854044,design_only_not_support,
20B_trendpv_residual_momentum_design_and_replication_diagnostic_v3,P5_RESMOM_R3_BOARD_ADAPTATION,full_history_retrospective_proxy,paper_qfq_complete_case_sensitivity,EW,5,1,unfavorable,1,full,,bucket_return,64,63,1,0.00482633827371,0.00333234162802,0.0615650379178,0.0579160592845,0.213267547287,0.271565271047,0.539682539683,-0.0716194354065,0.00333234162802,0.0719798461708,0.0819861682012,0.295035704764,3,0.718180268698,0.472646142396,-0.00834507509695,0.0179977516444,design_only_not_support,
20B_trendpv_residual_momentum_design_and_replication_diagnostic_v3,P5_RESMOM_R3_BOARD_ADAPTATION,full_history_retrospective_proxy,paper_qfq_complete_case_sensitivity,EW,5,2,middle,1,full,,bucket_return,64,63,1,0.00539755996169,0.00206460158903,0.056521741691,0.0647707195402,0.195797056682,0.330805378987,0.507936507937,-0.0622648319659,0.00206460158903,0.0584463837157,0.07999905188,0.295191763246,3,0.928469386441,0.353164140643,-0.00599648628668,0.0167916062101,design_only_not_support,
20B_trendpv_residual_momentum_design_and_replication_diagnostic_v3,P5_RESMOM_R3_BOARD_ADAPTATION,full_history_retrospective_proxy,paper_qfq_complete_case_sensitivity,EW,5,3,middle,1,full,,bucket_return,64,63,1,0.00429741620176,0.000812508998577,0.0551251354423,0.0515689944211,0.19095907072,0.270052604606,0.507936507937,-0.060391659029,0.000812508998577,0.0646560679406,0.0822069351486,0.302635726021,3,0.756064828383,0.449610328157,-0.00684287318326,0.0154377055868,design_only_not_support,
20B_trendpv_residual_momentum_design_and_replication_diagnostic_v3,P5_RESMOM_R3_BOARD_ADAPTATION,full_history_retrospective_proxy,paper_qfq_complete_case_sensitivity,EW,5,4,middle,1,full,,bucket_return,64,63,1,0.0066012403186,-0.00102703189245,0.0568434516508,0.0792148838232,0.196911492674,0.402286746942,0.47619047619,-0.0625521092342,-0.00102703189245,0.062615527243,0.0767302870521,0.281646741014,3,1.10689846,0.268337831793,-0.00508744996811,0.0182899306053,design_only_not_support,
20B_trendpv_residual_momentum_design_and_replication_diagnostic_v3,P5_RESMOM_R3_BOARD_ADAPTATION,full_history_retrospective_proxy,paper_qfq_complete_case_sensitivity,EW,5,5,favorable,1,full,,bucket_return,64,63,1,0.0037540390539,0.000175915748026,0.0496559666584,0.0450484686468,0.172013314303,0.261889428905,0.507936507937,-0.0574139256358,0.000175915748026,0.0730584298854,0.0656493550105,0.286922709043,3,0.726393370231,0.467597654332,-0.00637515766476,0.0138832357726,design_only_not_support,
20B_trendpv_residual_momentum_design_and_replication_diagnostic_v3,P5_RESMOM_R3_BOARD_ADAPTATION,full_history_retrospective_proxy,paper_qfq_complete_case_sensitivity,EW,5,,,1,full,,favorable_minus_unfavorable,64,63,1,-0.00107229921981,0.00150656825922,0.0251983892911,-0.0128675906377,0.0872897810422,-0.147412337207,0.52380952381,-0.0286954972494,0.00150656825922,0.0302716316205,0.0429475752043,0.203240270717,3,-0.35137695718,0.725305567166,-0.00705353335746,0.00490893491785,design_only_not_support,
20B_trendpv_residual_momentum_design_and_replication_diagnostic_v3,P5_RESMOM_R3_BOARD_ADAPTATION,full_history_retrospective_proxy,paper_qfq_complete_case_sensitivity,EW,5,,,1,full,,favorable_minus_middle,64,63,1,-0.000543377147859,-0.000665595920886,0.0207701978176,-0.00652052577431,0.0719500758067,-0.0906256970712,0.460317460317,-0.0228338654455,-0.000665595920886,0.0257370464929,0.0354901747204,0.163266970936,3,-0.227648918686,0.819919186669,-0.00522163191829,0.00413487762257,design_only_not_support,
20B_trendpv_residual_momentum_design_and_replication_diagnostic_v3,P5_RESMOM_R3_BOARD_ADAPTATION,full_history_retrospective_proxy,paper_qfq_complete_case_sensitivity,EW,5,1,unfavorable,1,early,,bucket_return,32,32,0,-0.0033010777883,-0.00144686448927,0.0556919736528,-0.0396129334595,0.192922655881,-0.205330645479,0.5,-0.0729689115902,-0.00144686448927,0.0543325361573,0.0827706515723,0.252105665581,3,-0.421424264374,0.67344530396,-0.0186537618224,0.0120516062458,design_only_not_support,
20B_trendpv_residual_momentum_design_and_replication_diagnostic_v3,P5_RESMOM_R3_BOARD_ADAPTATION,full_history_retrospective_proxy,paper_qfq_complete_case_sensitivity,EW,5,2,middle,1,early,,bucket_return,32,32,0,-0.00377071514276,-0.00239673174981,0.0516786720976,-0.0452485817132,0.179020171482,-0.252756889565,0.4375,-0.0744178202617,-0.00239673174981,0.055981400453,0.0811679257512,0.22358051905,3,-0.579419403295,0.562306214834,-0.0165256657601,0.0089842354746,design_only_not_support,
20B_trendpv_residual_momentum_design_and_replication_diagnostic_v3,P5_RESMOM_R3_BOARD_ADAPTATION,full_history_retrospective_proxy,paper_qfq_complete_case_sensitivity,EW,5,3,middle,1,early,,bucket_return,32,32,0,-0.000795747943556,-0.00374471191394,0.0508807512126,-0.00954897532267,0.176256092455,-0.0541767106582,0.46875,-0.0603229422337,-0.00374471191394,0.0624414068465,0.0862405082922,0.242132702399,3,-0.110836847327,0.911745725412,-0.0148672173849,0.0132757214978,design_only_not_support,
20B_trendpv_residual_momentum_design_and_replication_diagnostic_v3,P5_RESMOM_R3_BOARD_ADAPTATION,full_history_retrospective_proxy,paper_qfq_complete_case_sensitivity,EW,5,4,middle,1,early,,bucket_return,32,32,0,-0.000437291842762,-0.00304842899094,0.0476558194494,-0.00524750211314,0.165084601125,-0.0317867449621,0.4375,-0.0687613990234,-0.00304842899094,0.0558594326471,0.0784126508279,0.225004123833,3,-0.0696910233047,0.944439586776,-0.012735522259,0.0118609385735,design_only_not_support,
20B_trendpv_residual_momentum_design_and_replication_diagnostic_v3,P5_RESMOM_R3_BOARD_ADAPTATION,full_history_retrospective_proxy,paper_qfq_complete_case_sensitivity,EW,5,5,favorable,1,early,,bucket_return,32,32,0,-0.00567221022125,-0.0015448113842,0.040461474872,-0.0680665226549,0.140162660455,-0.485625218827,0.5,-0.0585351020793,-0.0015448113842,0.0327123329203,0.0645991903536,0.201883732704,3,-1.13808972931,0.255083016366,-0.0154406207956,0.00409620035314,design_only_not_support,
20B_trendpv_residual_momentum_design_and_replication_diagnostic_v3,P5_RESMOM_R3_BOARD_ADAPTATION,full_history_retrospective_proxy,paper_qfq_complete_case_sensitivity,EW,5,,,1,early,,favorable_minus_unfavorable,32,32,0,-0.00237113243295,0.000162406256088,0.0233599033178,-0.0284535891954,0.0809210788127,-0.351621476294,0.5,-0.0346171955187,0.000162406256088,0.0287554532,0.039990441929,0.129737197989,3,-0.569005113323,0.569352669869,-0.0105386059096,0.00579634104373,design_only_not_support,
20B_trendpv_residual_momentum_design_and_replication_diagnostic_v3,P5_RESMOM_R3_BOARD_ADAPTATION,full_history_retrospective_proxy,paper_qfq_complete_case_sensitivity,EW,5,,,1,early,,favorable_minus_middle,32,32,0,-0.00487646227769,-0.00654559604838,0.0204631707421,-0.0585175473323,0.0708865028184,-0.825510428723,0.40625,-0.0334181016323,-0.00654559604838,0.0177253417858,0.0384643994333,0.163266970936,3,-1.39403254948,0.163307775723,-0.0117326080971,0.00197968354174,design_only_not_support,
20B_trendpv_residual_momentum_design_and_replication_diagnostic_v3,P5_RESMOM_R3_BOARD_ADAPTATION,full_history_retrospective_proxy,paper_qfq_complete_case_sensitivity,EW,5,1,unfavorable,1,late,,bucket_return,32,31,1,0.0132159290474,0.00874716725818,0.066970284165,0.158591148569,0.231991869542,0.683606493976,0.58064516129,-0.0535658697638,0.00874716725818,0.0741718479477,0.0694986952769,0.137599752489,3,1.32099350917,0.18650352849,-0.00639260405697,0.0328244621517,design_only_not_support,
20B_trendpv_residual_momentum_design_and_replication_diagnostic_v3,P5_RESMOM_R3_BOARD_ADAPTATION,full_history_retrospective_proxy,paper_qfq_complete_case_sensitivity,EW,5,2,middle,1,late,,bucket_return,32,31,1,0.014861585876,0.00808528910285,0.0605018396362,0.178339030511,0.209584520403,0.850916996011,0.58064516129,-0.043013113093,0.00808528910285,0.0588031750886,0.0585913110154,0.141918998285,3,1.78672059529,0.0739826586573,-0.00144100398993,0.0311641757418,design_only_not_support,
20B_trendpv_residual_momentum_design_and_replication_diagnostic_v3,P5_RESMOM_R3_BOARD_ADAPTATION,full_history_retrospective_proxy,paper_qfq_complete_case_sensitivity,EW,5,3,middle,1,late,,bucket_return,32,31,1,0.00955487596467,0.00542020550692,0.059571542634,0.114658511576,0.206361877055,0.555618669555,0.548387096774,-0.0579309866954,0.00542020550692,0.0649467998405,0.0721043748917,0.148711545771,3,1.16978761999,0.242086446929,-0.0064541947824,0.0255639467117,design_only_not_support,
20B_trendpv_residual_momentum_design_and_replication_diagnostic_v3,P5_RESMOM_R3_BOARD_ADAPTATION,full_history_retrospective_proxy,paper_qfq_complete_case_sensitivity,EW,5,4,middle,1,late,,bucket_return,32,31,1,0.0138668219045,0.0016425491095,0.0649892006177,0.166401862854,0.225129194826,0.739139421622,0.516129032258,-0.0344348651283,0.0016425491095,0.0706917497806,0.0601394034518,0.146860984478,3,1.48441078476,0.137699975369,-0.004442443827,0.032176087636,design_only_not_support,
20B_trendpv_residual_momentum_design_and_replication_diagnostic_v3,P5_RESMOM_R3_BOARD_ADAPTATION,full_history_retrospective_proxy,paper_qfq_complete_case_sensitivity,EW,5,5,favorable,1,late,,bucket_return,32,31,1,0.0134843608863,0.0103671949348,0.0566700639545,0.161812330636,0.196310860075,0.824265812773,0.516129032258,-0.0412696384893,0.0103671949348,0.100788738467,0.0568035615187,0.111990912053,3,1.77335186685,0.0761704195228,-0.00141897679061,0.0283876985632,design_only_not_support,
20B_trendpv_residual_momentum_design_and_replication_diagnostic_v3,P5_RESMOM_R3_BOARD_ADAPTATION,full_history_retrospective_proxy,paper_qfq_complete_case_sensitivity,EW,5,,,1,late,,favorable_minus_unfavorable,32,31,1,0.000268431838923,0.00150656825922,0.0272894986666,0.00322118206708,0.0945335964074,0.0340744686492,0.548387096774,-0.025142204235,0.00150656825922,0.0305119300279,0.0408553713653,0.130282592658,3,0.0603939225465,0.951841898929,-0.00844298670138,0.00897985037922,design_only_not_support,
20B_trendpv_residual_momentum_design_and_replication_diagnostic_v3,P5_RESMOM_R3_BOARD_ADAPTATION,full_history_retrospective_proxy,paper_qfq_complete_case_sensitivity,EW,5,,,1,late,,favorable_minus_middle,32,31,1,0.00392948492164,0.00395539756153,0.0204490144936,0.0471538190597,0.0708374641351,0.665662155407,0.516129032258,-0.0203700565052,0.00395539756153,0.0282776750286,0.0287359204537,0.0467904083681,3,1.5634078927,0.117956684893,-0.000996708018902,0.00885567786219,design_only_not_support,
20B_trendpv_residual_momentum_design_and_replication_diagnostic_v3,P5_RESMOM_R3_BOARD_ADAPTATION,full_history_retrospective_proxy,paper_qfq_complete_case_sensitivity,EW,5,1,unfavorable,1,P5_date_scope,pre_snapshot_decision_retrospective,bucket_return,48,48,0,0.000704646060276,-0.00466600531566,0.065032799721,0.00845575272331,0.22528022655,0.037534375976,0.479166666667,-0.0725566394157,-0.00466600531566,0.0629639103509,0.0840500206055,0.295035704764,3,0.093276622251,0.925683803841,-0.0141016458772,0.0155109379977,design_only_not_support,
20B_trendpv_residual_momentum_design_and_replication_diagnostic_v3,P5_RESMOM_R3_BOARD_ADAPTATION,full_history_retrospective_proxy,paper_qfq_complete_case_sensitivity,EW,5,2,middle,1,P5_date_scope,pre_snapshot_decision_retrospective,bucket_return,48,48,0,-4.0308609317e-05,-0.00304014326997,0.0598329037208,-0.000483703311804,0.207267258418,-0.00233371790362,0.4375,-0.0731420232527,-0.00304014326997,0.0600159790385,0.0850332121506,0.295191763246,3,-0.00631905500606,0.994958157126,-0.0125427195636,0.0124621023449,design_only_not_support,
20B_trendpv_residual_momentum_design_and_replication_diagnostic_v3,P5_RESMOM_R3_BOARD_ADAPTATION,full_history_retrospective_proxy,paper_qfq_complete_case_sensitivity,EW,5,3,middle,1,P5_date_scope,pre_snapshot_decision_retrospective,bucket_return,48,48,0,0.000135706471681,-0.00857063865951,0.0582834443281,0.00162847766017,0.201899773633,0.00806577259036,0.416666666667,-0.063034738547,-0.00857063865951,0.0646416899444,0.085139855945,0.302635726021,3,0.020969782748,0.983269760247,-0.0125482493022,0.0128196622455,design_only_not_support,
20B_trendpv_residual_momentum_design_and_replication_diagnostic_v3,P5_RESMOM_R3_BOARD_ADAPTATION,full_history_retrospective_proxy,paper_qfq_complete_case_sensitivity,EW,5,4,middle,1,P5_date_scope,pre_snapshot_decision_retrospective,bucket_return,48,48,0,0.002138624655,-0.00512782120017,0.0591068636779,0.02566349586,0.204752181932,0.125339303434,0.416666666667,-0.0668841631834,-0.00512782120017,0.05845015994,0.0788948264361,0.281646741014,3,0.318800760211,0.74987760177,-0.0110094848334,0.0152867341434,design_only_not_support,
20B_trendpv_residual_momentum_design_and_replication_diagnostic_v3,P5_RESMOM_R3_BOARD_ADAPTATION,full_history_retrospective_proxy,paper_qfq_complete_case_sensitivity,EW,5,5,favorable,1,P5_date_scope,pre_snapshot_decision_retrospective,bucket_return,48,48,0,-0.00244916635534,-0.00752070936268,0.0478145164739,-0.0293899962641,0.165634343744,-0.177439023814,0.4375,-0.0579824442318,-0.00752070936268,0.0388206829148,0.0634104656249,0.286922709043,3,-0.479096181483,0.631870206137,-0.0124686113732,0.00757027866248,design_only_not_support,
20B_trendpv_residual_momentum_design_and_replication_diagnostic_v3,P5_RESMOM_R3_BOARD_ADAPTATION,full_history_retrospective_proxy,paper_qfq_complete_case_sensitivity,EW,5,,,1,P5_date_scope,pre_snapshot_decision_retrospective,favorable_minus_unfavorable,48,48,0,-0.00315381241562,0.0014462912276,0.024613724761,-0.0378457489874,0.0852644436993,-0.443863201886,0.520833333333,-0.0316326644393,0.0014462912276,0.0282564978482,0.0482729517772,0.203240270717,3,-0.936888249939,0.34881604391,-0.00975156700269,0.00344394217145,design_only_not_support,
20B_trendpv_residual_momentum_design_and_replication_diagnostic_v3,P5_RESMOM_R3_BOARD_ADAPTATION,full_history_retrospective_proxy,paper_qfq_complete_case_sensitivity,EW,5,,,1,P5_date_scope,pre_snapshot_decision_retrospective,favorable_minus_middle,48,48,0,-0.00258487282702,-0.00258951634216,0.0202754457052,-0.0310184739243,0.070236204215,-0.441630840831,0.4375,-0.0344152069718,-0.00258951634216,0.0221356761173,0.0381767510355,0.163266970936,3,-0.977084119355,0.328527509098,-0.00776995110761,0.00260020545357,design_only_not_support,
20B_trendpv_residual_momentum_design_and_replication_diagnostic_v3,P5_RESMOM_R3_BOARD_ADAPTATION,full_history_retrospective_proxy,paper_qfq_complete_case_sensitivity,EW,5,1,unfavorable,1,P5_date_scope,mixed_post_snapshot_decision,bucket_return,12,12,0,0.0212444285098,0.0195397928392,0.0431983153328,0.254933142117,0.149643353916,1.70360484075,0.75,-0.0407212242609,0.0195397928392,0.0720584952296,0.0436871130239,0.0601852002511,2,1.40275820303,0.160688954675,-0.00843874472811,0.0509276017476,design_only_not_support,
20B_trendpv_residual_momentum_design_and_replication_diagnostic_v3,P5_RESMOM_R3_BOARD_ADAPTATION,full_history_retrospective_proxy,paper_qfq_complete_case_sensitivity,EW,5,2,middle,1,P5_date_scope,mixed_post_snapshot_decision,bucket_return,12,12,0,0.0274957056381,0.0367283782793,0.0421699823252,0.329948467658,0.146081103883,2.25866630856,0.75,-0.0216483993871,0.0367283782793,0.0586247794021,0.0335919788654,0.0470593158554,2,2.19293371211,0.0283121553812,0.00292104910263,0.0520703621737,design_only_not_support,
20B_trendpv_residual_momentum_design_and_replication_diagnostic_v3,P5_RESMOM_R3_BOARD_ADAPTATION,full_history_retrospective_proxy,paper_qfq_complete_case_sensitivity,EW,5,3,middle,1,P5_date_scope,mixed_post_snapshot_decision,bucket_return,12,12,0,0.0233205357742,0.0269456477271,0.0331268450083,0.27984642929,0.114754757298,2.43864773784,0.833333333333,-0.0257378089276,0.0269456477271,0.0632623684386,0.0296172379612,0.0301464650146,2,2.13629761858,0.0326551628756,0.00192491663382,0.0447161549146,design_only_not_support,
20B_trendpv_residual_momentum_design_and_replication_diagnostic_v3,P5_RESMOM_R3_BOARD_ADAPTATION,full_history_retrospective_proxy,paper_qfq_complete_case_sensitivity,EW,5,4,middle,1,P5_date_scope,mixed_post_snapshot_decision,bucket_return,12,12,0,0.0231595292538,0.0201524031071,0.0427108558432,0.277914351046,0.14795474471,1.87837403653,0.666666666667,-0.0311476047441,0.0201524031071,0.068284561374,0.0340217134815,0.0431239770184,2,1.72586069977,0.0843724764858,-0.00314145972083,0.0494605182285,design_only_not_support,
20B_trendpv_residual_momentum_design_and_replication_diagnostic_v3,P5_RESMOM_R3_BOARD_ADAPTATION,full_history_retrospective_proxy,paper_qfq_complete_case_sensitivity,EW,5,5,favorable,1,P5_date_scope,mixed_post_snapshot_decision,bucket_return,12,12,0,0.026200274777,0.0236061504005,0.0425089344443,0.314403297325,0.147255268466,2.13509031357,0.75,-0.0328046051115,0.0236061504005,0.0824115067082,0.0393337429337,0.042501999234,2,2.25815964935,0.0239357079052,0.00345981222259,0.0489407373315,design_only_not_support,
20B_trendpv_residual_momentum_design_and_replication_diagnostic_v3,P5_RESMOM_R3_BOARD_ADAPTATION,full_history_retrospective_proxy,paper_qfq_complete_case_sensitivity,EW,5,,,1,P5_date_scope,mixed_post_snapshot_decision,favorable_minus_unfavorable,12,12,0,0.0049558462673,0.00152598750027,0.0280819212575,0.0594701552076,0.0972786287844,0.611338337625,0.583333333333,-0.0194789958485,0.00152598750027,0.0355788257295,0.0225401599225,0.0545769403312,2,0.633032651259,0.526712321032,-0.010388196694,0.0202998892286,design_only_not_support,
20B_trendpv_residual_momentum_design_and_replication_diagnostic_v3,P5_RESMOM_R3_BOARD_ADAPTATION,full_history_retrospective_proxy,paper_qfq_complete_case_sensitivity,EW,5,,,1,P5_date_scope,mixed_post_snapshot_decision,favorable_minus_middle,12,12,0,0.00287973900284,-0.000358081607177,0.0212503506943,0.0345568680341,0.0736133741625,0.469437360089,0.416666666667,-0.0199247664674,-0.000358081607177,0.0226372722513,0.0218336254617,0.0232971944182,2,0.659432361733,0.509618166714,-0.00567941741407,0.0114388954198,design_only_not_support,
20B_trendpv_residual_momentum_design_and_replication_diagnostic_v3,P5_RESMOM_R3_BOARD_ADAPTATION,full_history_retrospective_proxy,paper_qfq_complete_case_sensitivity,EW,5,1,unfavorable,1,P5_date_scope,fully_post_snapshot_score,bucket_return,3,3,0,0.00510105274442,0.0333938902223,0.0762985397773,0.0612126329331,0.264305894875,0.23159768329,0.666666666667,-0.0583632787972,0.0333938902223,0.0572482492949,0.0813025710521,0.0813025710521,1,0.236772213076,0.812833509413,-0.0371246777685,0.0473267832573,design_only_not_support,
20B_trendpv_residual_momentum_design_and_replication_diagnostic_v3,P5_RESMOM_R3_BOARD_ADAPTATION,full_history_retrospective_proxy,paper_qfq_complete_case_sensitivity,EW,5,2,middle,1,P5_date_scope,fully_post_snapshot_score,bucket_return,3,3,0,0.00401087439191,0.0179039525921,0.0385129569909,0.0481304927029,0.133412796516,0.360763689539,0.666666666667,-0.0280359863178,0.0179039525921,0.0305005038215,0.0395209710452,0.0395209710452,1,0.36759489224,0.713175323972,-0.0173745406957,0.0253962894795,design_only_not_support,
20B_trendpv_residual_momentum_design_and_replication_diagnostic_v3,P5_RESMOM_R3_BOARD_ADAPTATION,full_history_retrospective_proxy,paper_qfq_complete_case_sensitivity,EW,5,3,middle,1,P5_date_scope,fully_post_snapshot_score,bucket_return,3,3,0,-0.00520770640676,0.0170149229012,0.0749368763386,-0.0624924768811,0.259588954358,-0.240736271062,0.666666666667,-0.0675909667819,0.0170149229012,0.0482865022452,0.0887424392027,0.0887424392027,1,-0.239562629167,0.810669338793,-0.0478141723434,0.0373987595298,design_only_not_support,
20B_trendpv_residual_momentum_design_and_replication_diagnostic_v3,P5_RESMOM_R3_BOARD_ADAPTATION,full_history_retrospective_proxy,paper_qfq_complete_case_sensitivity,EW,5,4,middle,1,P5_date_scope,fully_post_snapshot_score,bucket_return,3,3,0,0.0117699351953,0.0550268397544,0.0766167648081,0.141239222343,0.265408258719,0.532158354925,0.666666666667,-0.050348497586,0.0550268397544,0.0565856061529,0.0766923319211,0.0766923319211,1,0.56434793193,0.572517366839,-0.029106708056,0.0526465784465,design_only_not_support,
20B_trendpv_residual_momentum_design_and_replication_diagnostic_v3,P5_RESMOM_R3_BOARD_ADAPTATION,full_history_retrospective_proxy,paper_qfq_complete_case_sensitivity,EW,5,5,favorable,1,P5_date_scope,fully_post_snapshot_score,bucket_return,3,3,0,0.0132203827092,0.0236594513013,0.0932272661592,0.15864459251,0.322948723277,0.49123771384,0.666666666667,-0.0630977430526,0.0236594513013,0.0853628810341,0.0847870416411,0.0847870416411,1,0.449732110979,0.652903614647,-0.0443949694955,0.0708357349139,design_only_not_support,
20B_trendpv_residual_momentum_design_and_replication_diagnostic_v3,P5_RESMOM_R3_BOARD_ADAPTATION,full_history_retrospective_proxy,paper_qfq_complete_case_sensitivity,EW,5,,,1,P5_date_scope,fully_post_snapshot_score,favorable_minus_unfavorable,3,3,0,0.00811932996476,-0.00348447058902,0.0257016891273,0.0974319595771,0.0890332628178,1.09433212367,0.333333333333,-0.00848444525455,-0.00348447058902,0.0293646254056,0.00973443892093,0.0131849901438,1,0.707141906844,0.479478295616,-0.0143847730385,0.030623432968,design_only_not_support,
20B_trendpv_residual_momentum_design_and_replication_diagnostic_v3,P5_RESMOM_R3_BOARD_ADAPTATION,full_history_retrospective_proxy,paper_qfq_complete_case_sensitivity,EW,5,,,1,P5_date_scope,fully_post_snapshot_score,favorable_minus_middle,3,3,0,0.0184280891159,0.00664452840014,0.0227782998405,0.221137069391,0.0789063452676,2.80252581261,1,0.00449322372925,0.00664452840014,0.0370763787889,-0.00395539756153,0,1,1.92097913974,0.0547343374109,-0.00037398438084,0.0372301626127,design_only_not_support,
20B_trendpv_residual_momentum_design_and_replication_diagnostic_v3,P5_RESMOM_R3_BOARD_ADAPTATION,full_history_retrospective_proxy,paper_qfq_complete_case_sensitivity,EW,10,1,unfavorable,1,full,,bucket_return,64,63,1,0.00677116964967,0.00338755892664,0.0661495177945,0.0812540357961,0.229148651432,0.354590940371,0.555555555556,-0.0625226075803,0.00338755892664,0.077499345706,0.0861294100266,0.331378141689,3,0.885675536581,0.375792394464,-0.00821315372658,0.0217554930259,design_only_not_support,
20B_trendpv_residual_momentum_design_and_replication_diagnostic_v3,P5_RESMOM_R3_BOARD_ADAPTATION,full_history_retrospective_proxy,paper_qfq_complete_case_sensitivity,EW,10,2,middle,1,full,,bucket_return,64,63,1,0.00284412647488,-0.000286279150955,0.059271865502,0.0341295176986,0.205323765018,0.166222929409,0.492063492063,-0.0686944630994,-0.000286279150955,0.062175850283,0.0860406309258,0.265790802298,3,0.459452592031,0.645909188766,-0.00928854086649,0.0149767938163,design_only_not_support,
20B_trendpv_residual_momentum_design_and_replication_diagnostic_v3,P5_RESMOM_R3_BOARD_ADAPTATION,full_history_retrospective_proxy,paper_qfq_complete_case_sensitivity,EW,10,3,middle,1,full,,bucket_return,64,63,1,0.00522864093374,0.00607241919213,0.0591327045135,0.0627436912049,0.204841697213,0.306303316457,0.52380952381,-0.0705922522721,0.00607241919213,0.0726422248066,0.0873050128591,0.299982833834,3,0.884265984735,0.376552645812,-0.00636057327911,0.0168178551466,design_only_not_support,
20B_trendpv_residual_momentum_design_and_replication_diagnostic_v3,P5_RESMOM_R3_BOARD_ADAPTATION,full_history_retrospective_proxy,paper_qfq_complete_case_sensitivity,EW,10,4,middle,1,full,,bucket_return,64,63,1,0.00548645926346,0.00199947336469,0.0565611525994,0.0658375111615,0.195933580074,0.336019538543,0.539682539683,-0.0511243748454,0.00199947336469,0.0786664102126,0.073737461024,0.312922287401,3,0.914855609005,0.360267436856,-0.00626759509569,0.0172405136226,design_only_not_support,
20B_trendpv_residual_momentum_design_and_replication_diagnostic_v3,P5_RESMOM_R3_BOARD_ADAPTATION,full_history_retrospective_proxy,paper_qfq_complete_case_sensitivity,EW,10,5,middle,1,full,,bucket_return,64,63,1,0.00269470774374,-0.00233671902147,0.0571344906244,0.0323364929249,0.197919681252,0.163381896739,0.492063492063,-0.0681795203276,-0.00233671902147,0.0738736690158,0.0871213657204,0.330764299707,3,0.45130532318,0.651769508818,-0.00900807938357,0.014397494871,design_only_not_support,
20B_trendpv_residual_momentum_design_and_replication_diagnostic_v3,P5_RESMOM_R3_BOARD_ADAPTATION,full_history_retrospective_proxy,paper_qfq_complete_case_sensitivity,EW,10,6,middle,1,full,,bucket_return,64,63,1,0.00586514312062,0.003863323643,0.0564786368371,0.0703817174474,0.195647737088,0.359736935857,0.52380952381,-0.0559396822948,0.003863323643,0.0592501930106,0.0815088465547,0.312021343253,3,1.01239701027,0.311348267278,-0.00548956176684,0.0172198480081,design_only_not_support,
20B_trendpv_residual_momentum_design_and_replication_diagnostic_v3,P5_RESMOM_R3_BOARD_ADAPTATION,full_history_retrospective_proxy,paper_qfq_complete_case_sensitivity,EW,10,7,middle,1,full,,bucket_return,64,63,1,0.00878610260037,0.00190022687563,0.0593237551976,0.105433231204,0.205503516196,0.513048307669,0.52380952381,-0.0579396515183,0.00190022687563,0.0724162992601,0.0769416046054,0.226469773021,3,1.39295373158,0.163633782546,-0.00357643627715,0.0211486414779,design_only_not_support,
20B_trendpv_residual_momentum_design_and_replication_diagnostic_v3,P5_RESMOM_R3_BOARD_ADAPTATION,full_history_retrospective_proxy,paper_qfq_complete_case_sensitivity,EW,10,8,middle,1,full,,bucket_return,64,63,1,0.00435618496984,-0.00719121111937,0.0567528609529,0.052274219638,0.19659767729,0.265894390811,0.460317460317,-0.0655744172661,-0.00719121111937,0.0570821748478,0.0766845139477,0.337248149738,3,0.72210206388,0.470231729398,-0.00746758078012,0.0161799507198,design_only_not_support,
20B_trendpv_residual_momentum_design_and_replication_diagnostic_v3,P5_RESMOM_R3_BOARD_ADAPTATION,full_history_retrospective_proxy,paper_qfq_complete_case_sensitivity,EW,10,9,middle,1,full,,bucket_return,64,63,1,0.00279614032398,0.00153459648887,0.0509832573552,0.0335536838878,0.176611184149,0.189986178109,0.507936507937,-0.0588760982798,0.00153459648887,0.066853009665,0.0680277046965,0.356394838846,3,0.486262992108,0.626780714516,-0.00847416899355,0.0140664496415,design_only_not_support,
20B_trendpv_residual_momentum_design_and_replication_diagnostic_v3,P5_RESMOM_R3_BOARD_ADAPTATION,full_history_retrospective_proxy,paper_qfq_complete_case_sensitivity,EW,10,10,favorable,1,full,,bucket_return,64,63,1,0.00469661614688,-0.00221712593219,0.0516194392401,0.0563593937625,0.178814982844,0.315182726112,0.47619047619,-0.0512003463688,-0.00221712593219,0.0807759449121,0.0665946755728,0.231993320265,3,0.948987617585,0.342626909821,-0.00500340345982,0.0143966357536,design_only_not_support,
20B_trendpv_residual_momentum_design_and_replication_diagnostic_v3,P5_RESMOM_R3_BOARD_ADAPTATION,full_history_retrospective_proxy,paper_qfq_complete_case_sensitivity,EW,10,,,1,full,,favorable_minus_unfavorable,64,63,1,-0.0020745535028,-0.00315232183393,0.0321888786142,-0.0248946420336,0.111505546397,-0.223259226451,0.428571428571,-0.0337052564273,-0.00315232183393,0.0398166768372,0.0564428703847,0.273831731221,3,-0.536477603473,0.591628510584,-0.00965371453984,0.00550460753424,design_only_not_support,
20B_trendpv_residual_momentum_design_and_replication_diagnostic_v3,P5_RESMOM_R3_BOARD_ADAPTATION,full_history_retrospective_proxy,paper_qfq_complete_case_sensitivity,EW,10,,,1,full,,favorable_minus_middle,64,63,1,0.000416690714696,-0.00119583621939,0.0264233755113,0.00500028857636,0.0915332577861,0.0546281067374,0.47619047619,-0.0255499975842,-0.00119583621939,0.0304678526287,0.0448296594731,0.140465736724,3,0.152598438219,0.878714956695,-0.00493525654655,0.00576863797594,design_only_not_support,
20B_trendpv_residual_momentum_design_and_replication_diagnostic_v3,P5_RESMOM_R3_BOARD_ADAPTATION,full_history_retrospective_proxy,paper_qfq_complete_case_sensitivity,EW,10,1,unfavorable,1,early,,bucket_return,32,32,0,-0.00437671070385,0.00292829165221,0.0580941685844,-0.0525205284462,0.201244103223,-0.260979216807,0.53125,-0.0733134469601,0.00292829165221,0.0509789738696,0.0891200653177,0.263199299471,3,-0.504848411669,0.613665310201,-0.0213683366098,0.0126149152021,design_only_not_support,
20B_trendpv_residual_momentum_design_and_replication_diagnostic_v3,P5_RESMOM_R3_BOARD_ADAPTATION,full_history_retrospective_proxy,paper_qfq_complete_case_sensitivity,EW,10,2,middle,1,early,,bucket_return,32,32,0,-0.00222163267338,-0.00840657650379,0.056504449886,-0.0266595920806,0.195737156113,-0.136200977934,0.46875,-0.0820743072027,-0.00840657650379,0.0629446532481,0.0937918770042,0.241965221283,3,-0.28486206359,0.775749821177,-0.0175073466496,0.0130640813028,design_only_not_support,
20B_trendpv_residual_momentum_design_and_replication_diagnostic_v3,P5_RESMOM_R3_BOARD_ADAPTATION,full_history_retrospective_proxy,paper_qfq_complete_case_sensitivity,EW,10,3,middle,1,early,,bucket_return,32,32,0,-0.00352299509645,-0.0040532846814,0.0579101049519,-0.0422759411574,0.200606488097,-0.210740647317,0.46875,-0.0826802764334,-0.0040532846814,0.0701213020069,0.0917884644717,0.245398910135,3,-0.497471359766,0.618856694684,-0.01740307758,0.0103570873871,design_only_not_support,
20B_trendpv_residual_momentum_design_and_replication_diagnostic_v3,P5_RESMOM_R3_BOARD_ADAPTATION,full_history_retrospective_proxy,paper_qfq_complete_case_sensitivity,EW,10,4,middle,1,early,,bucket_return,32,32,0,-0.0041281473593,-0.00303754509313,0.0488945204477,-0.0495377683116,0.169375587254,-0.292472894794,0.46875,-0.0623248606087,-0.00303754509313,0.0636689843388,0.0775200169806,0.225289765665,3,-0.629553040039,0.528987056083,-0.0169801544699,0.00872385975134,design_only_not_support,
20B_trendpv_residual_momentum_design_and_replication_diagnostic_v3,P5_RESMOM_R3_BOARD_ADAPTATION,full_history_retrospective_proxy,paper_qfq_complete_case_sensitivity,EW,10,5,middle,1,early,,bucket_return,32,32,0,-0.00137189899736,-0.0030580123147,0.0546862204205,-0.0164627879683,0.189438624485,-0.0869030168112,0.46875,-0.0736083066804,-0.0030580123147,0.0670647647423,0.0928884250312,0.26034086436,3,-0.178504661243,0.858326660844,-0.016435217829,0.0136914198343,design_only_not_support,
20B_trendpv_residual_momentum_design_and_replication_diagnostic_v3,P5_RESMOM_R3_BOARD_ADAPTATION,full_history_retrospective_proxy,paper_qfq_complete_case_sensitivity,EW,10,6,middle,1,early,,bucket_return,32,32,0,-0.00023344132791,9.09324815853e-05,0.0514754782852,-0.00280129593492,0.178316287468,-0.0157097031051,0.5,-0.0555787367748,9.09324815853e-05,0.0569525965528,0.0868688081833,0.242158724346,3,-0.0320399352403,0.974440203517,-0.014513638581,0.0140467559252,design_only_not_support,
20B_trendpv_residual_momentum_design_and_replication_diagnostic_v3,P5_RESMOM_R3_BOARD_ADAPTATION,full_history_retrospective_proxy,paper_qfq_complete_case_sensitivity,EW,10,7,middle,1,early,,bucket_return,32,32,0,0.0011587073818,-0.00170473470463,0.0499065742617,0.0139044885816,0.172881444506,0.080427882942,0.46875,-0.0662387970673,-0.00170473470463,0.0662383843231,0.0786895083802,0.219855339056,3,0.170714760718,0.864448055837,-0.0121443293761,0.0144617441397,design_only_not_support,
20B_trendpv_residual_momentum_design_and_replication_diagnostic_v3,P5_RESMOM_R3_BOARD_ADAPTATION,full_history_retrospective_proxy,paper_qfq_complete_case_sensitivity,EW,10,8,middle,1,early,,bucket_return,32,32,0,-0.00210471966181,-0.00667203312136,0.049385286226,-0.0252566359417,0.17107564978,-0.147634312506,0.4375,-0.0683105079534,-0.00667203312136,0.0554962864244,0.0796411937786,0.264779023722,3,-0.308991839406,0.757327734496,-0.0154551522902,0.0112457129666,design_only_not_support,
20B_trendpv_residual_momentum_design_and_replication_diagnostic_v3,P5_RESMOM_R3_BOARD_ADAPTATION,full_history_retrospective_proxy,paper_qfq_complete_case_sensitivity,EW,10,9,middle,1,early,,bucket_return,32,32,0,-0.00839077958074,-0.00209775119126,0.0425009506996,-0.100689354969,0.147227611963,-0.683902656751,0.46875,-0.0643480790313,-0.00209775119126,0.0472835737362,0.0731353667855,0.274851116798,3,-1.40988427617,0.158573856281,-0.0200553013138,0.0032737421523,design_only_not_support,
20B_trendpv_residual_momentum_design_and_replication_diagnostic_v3,P5_RESMOM_R3_BOARD_ADAPTATION,full_history_retrospective_proxy,paper_qfq_complete_case_sensitivity,EW,10,10,favorable,1,early,,bucket_return,32,32,0,-0.00297691019421,-0.00334402095987,0.0427344950403,-0.0357229223305,0.148036633291,-0.241311366898,0.5,-0.0571258427852,-0.00334402095987,0.0441525778138,0.0610883936407,0.169573719333,3,-0.622698909552,0.533482399435,-0.01234682666,0.0063930062716,design_only_not_support,
20B_trendpv_residual_momentum_design_and_replication_diagnostic_v3,P5_RESMOM_R3_BOARD_ADAPTATION,full_history_retrospective_proxy,paper_qfq_complete_case_sensitivity,EW,10,,,1,early,,favorable_minus_unfavorable,32,32,0,0.00139980050965,0.000893880822123,0.0299270045148,0.0167976061157,0.103670184676,0.162029287092,0.5,-0.0337239394927,0.000893880822123,0.0401901062421,0.0455968708723,0.11894257264,3,0.272542860215,0.785204640369,-0.00866672107263,0.0114663220919,design_only_not_support,
20B_trendpv_residual_momentum_design_and_replication_diagnostic_v3,P5_RESMOM_R3_BOARD_ADAPTATION,full_history_retrospective_proxy,paper_qfq_complete_case_sensitivity,EW,10,,,1,early,,favorable_minus_middle,32,32,0,-0.00217424003157,-0.00562371276359,0.0267832576761,-0.0260908803789,0.0927799261743,-0.28121255809,0.4375,-0.0286899442084,-0.00562371276359,0.0295616266056,0.0480033480856,0.104531245249,3,-0.51216990189,0.608532105822,-0.0104945886891,0.00614610862599,design_only_not_support,
20B_trendpv_residual_momentum_design_and_replication_diagnostic_v3,P5_RESMOM_R3_BOARD_ADAPTATION,full_history_retrospective_proxy,paper_qfq_complete_case_sensitivity,EW,10,1,unfavorable,1,late,,bucket_return,32,31,1,0.0182786590469,0.0121111590675,0.0727076876502,0.219343908562,0.251866818222,0.870872590962,0.58064516129,-0.0458338724741,0.0121111590675,0.0958283466219,0.0699783460776,0.161130742552,3,1.65831547483,0.0972538071612,-0.00332489827458,0.0398822163683,design_only_not_support,
20B_trendpv_residual_momentum_design_and_replication_diagnostic_v3,P5_RESMOM_R3_BOARD_ADAPTATION,full_history_retrospective_proxy,paper_qfq_complete_case_sensitivity,EW,10,2,middle,1,late,,bucket_return,32,31,1,0.00807329720857,0.000874830202417,0.0624956957435,0.0968795665029,0.216491440564,0.44749836876,0.516129032258,-0.0568955954789,0.000874830202417,0.0546629163811,0.0691981442864,0.123277729719,3,0.872248584249,0.383072780168,-0.0100675998373,0.0262141942545,design_only_not_support,
20B_trendpv_residual_momentum_design_and_replication_diagnostic_v3,P5_RESMOM_R3_BOARD_ADAPTATION,full_history_retrospective_proxy,paper_qfq_complete_case_sensitivity,EW,10,3,middle,1,late,,bucket_return,32,31,1,0.0142625878036,0.00987704867969,0.0599588958674,0.171151053643,0.207703708016,0.824015398079,0.58064516129,-0.0428050651294,0.00987704867969,0.0769793206373,0.0629044207534,0.13416428971,3,1.72153667891,0.085153482304,-0.00197532264225,0.0305004982495,design_only_not_support,
20B_trendpv_residual_momentum_design_and_replication_diagnostic_v3,P5_RESMOM_R3_BOARD_ADAPTATION,full_history_retrospective_proxy,paper_qfq_complete_case_sensitivity,EW,10,4,middle,1,late,,bucket_return,32,31,1,0.015411214487,0.00475723151975,0.0627762279994,0.184934573843,0.217463232805,0.85041766122,0.612903225806,-0.0422360530795,0.00475723151975,0.0819415545841,0.0612197391221,0.149730112959,3,1.79177635165,0.0731687983913,-0.00144659554308,0.032269024517,design_only_not_support,
20B_trendpv_residual_momentum_design_and_replication_diagnostic_v3,P5_RESMOM_R3_BOARD_ADAPTATION,full_history_retrospective_proxy,paper_qfq_complete_case_sensitivity,EW,10,5,middle,1,late,,bucket_return,32,31,1,0.00689249534745,0.00416404860283,0.060168147724,0.0827099441694,0.20842857771,0.396826313733,0.516129032258,-0.0623285302844,0.00416404860283,0.0754509678188,0.0751560975506,0.204568764041,3,0.785034045779,0.432433607426,-0.0103157298464,0.0241007205413,design_only_not_support,
20B_trendpv_residual_momentum_design_and_replication_diagnostic_v3,P5_RESMOM_R3_BOARD_ADAPTATION,full_history_retrospective_proxy,paper_qfq_complete_case_sensitivity,EW,10,6,middle,1,late,,bucket_return,32,31,1,0.0121604560997,0.0110122564083,0.0614300848683,0.145925473197,0.21280005621,0.685739824489,0.548387096774,-0.053659087209,0.0110122564083,0.0800845166289,0.0691864450896,0.136185289359,3,1.50549100416,0.132197887932,-0.00367096097632,0.0279918731758,design_only_not_support,
20B_trendpv_residual_momentum_design_and_replication_diagnostic_v3,P5_RESMOM_R3_BOARD_ADAPTATION,full_history_retrospective_proxy,paper_qfq_complete_case_sensitivity,EW,10,7,middle,1,late,,bucket_return,32,31,1,0.016659542826,0.00317967410745,0.0676271762372,0.199914513912,0.23426741043,0.85336032675,0.58064516129,-0.0484189449874,0.00317967410745,0.0856430973056,0.065222037072,0.132459476937,3,1.69259389408,0.0905327941106,-0.00263161972167,0.0359507053736,design_only_not_support,
20B_trendpv_residual_momentum_design_and_replication_diagnostic_v3,P5_RESMOM_R3_BOARD_ADAPTATION,full_history_retrospective_proxy,paper_qfq_complete_case_sensitivity,EW,10,8,middle,1,late,,bucket_return,32,31,1,0.0110255058799,-0.00719121111937,0.0636066679806,0.132306070559,0.220339961285,0.600463346673,0.483870967742,-0.0387537219107,-0.00719121111937,0.0681232480356,0.0596793943755,0.16150968932,3,1.20719840007,0.227355746473,-0.0068751096566,0.0289261214164,design_only_not_support,
20B_trendpv_residual_momentum_design_and_replication_diagnostic_v3,P5_RESMOM_R3_BOARD_ADAPTATION,full_history_retrospective_proxy,paper_qfq_complete_case_sensitivity,EW,10,9,middle,1,late,,bucket_return,32,31,1,0.0143439286127,0.00718952598922,0.0568686434586,0.172127143353,0.196998759655,0.873747345688,0.548387096774,-0.0439143839788,0.00718952598922,0.075818641506,0.0543550848698,0.113810949476,3,1.82471689361,0.0680437625866,-0.00106316471565,0.0297510219411,design_only_not_support,
20B_trendpv_residual_momentum_design_and_replication_diagnostic_v3,P5_RESMOM_R3_BOARD_ADAPTATION,full_history_retrospective_proxy,paper_qfq_complete_case_sensitivity,EW,10,10,favorable,1,late,,bucket_return,32,31,1,0.0126176755957,-0.00221712593219,0.0590932820579,0.151412107149,0.20470513382,0.739659549924,0.451612903226,-0.0386248929998,-0.00221712593219,0.0996814543661,0.0651085118616,0.110053780054,3,1.63369435842,0.10232304355,-0.00251991094776,0.0277552621392,design_only_not_support,
20B_trendpv_residual_momentum_design_and_replication_diagnostic_v3,P5_RESMOM_R3_BOARD_ADAPTATION,full_history_retrospective_proxy,paper_qfq_complete_case_sensitivity,EW,10,,,1,late,,favorable_minus_unfavorable,32,31,1,-0.00566098345113,-0.00558953909847,0.0344916779356,-0.0679318014135,0.119482677245,-0.568549374517,0.354838709677,-0.0320090950923,-0.00558953909847,0.0305644086473,0.061180426074,0.264847961202,3,-1.05288847087,0.292392110691,-0.0161989691811,0.00487700227884,design_only_not_support,
20B_trendpv_residual_momentum_design_and_replication_diagnostic_v3,P5_RESMOM_R3_BOARD_ADAPTATION,full_history_retrospective_proxy,paper_qfq_complete_case_sensitivity,EW,10,,,1,late,,favorable_minus_middle,32,31,1,0.00309119987214,0.0026926425533,0.0262131581609,0.0370943984656,0.0908050435229,0.408505926835,0.516129032258,-0.0223283971686,0.0026926425533,0.0298510762546,0.0350413788746,0.0965049611366,3,0.944514599621,0.344906744818,-0.00332335467348,0.00950575441775,design_only_not_support,
20B_trendpv_residual_momentum_design_and_replication_diagnostic_v3,P5_RESMOM_R3_BOARD_ADAPTATION,full_history_retrospective_proxy,paper_qfq_complete_case_sensitivity,EW,10,1,unfavorable,1,P5_date_scope,pre_snapshot_decision_retrospective,bucket_return,48,48,0,0.000862390711388,0.000241519937697,0.0687666887057,0.0103486885367,0.238214797413,0.0434426771512,0.5,-0.0662209713258,0.000241519937697,0.0596362323313,0.0905208327159,0.331378141689,3,0.102213142848,0.91858749591,-0.0156741787339,0.0173989601567,design_only_not_support,
20B_trendpv_residual_momentum_design_and_replication_diagnostic_v3,P5_RESMOM_R3_BOARD_ADAPTATION,full_history_retrospective_proxy,paper_qfq_complete_case_sensitivity,EW,10,2,middle,1,P5_date_scope,pre_snapshot_decision_retrospective,bucket_return,48,48,0,0.000525442927302,-0.00399055429738,0.0636309532032,0.00630531512762,0.220424087764,0.0286053815243,0.4375,-0.0736970012208,-0.00399055429738,0.0697383751872,0.0914335598031,0.265790802298,3,0.0735048235457,0.941404405826,-0.0134851915286,0.0145360773832,design_only_not_support,
20B_trendpv_residual_momentum_design_and_replication_diagnostic_v3,P5_RESMOM_R3_BOARD_ADAPTATION,full_history_retrospective_proxy,paper_qfq_complete_case_sensitivity,EW,10,3,middle,1,P5_date_scope,pre_snapshot_decision_retrospective,bucket_return,48,48,0,-0.000163809647445,-0.00500383259738,0.0631335004722,-0.00196571576934,0.218700860955,-0.00898814828966,0.458333333333,-0.0769266966933,-0.00500383259738,0.0719936170504,0.0932928807315,0.299982833834,3,-0.0247499161397,0.980254439936,-0.0131360155936,0.0128083962987,design_only_not_support,
20B_trendpv_residual_momentum_design_and_replication_diagnostic_v3,P5_RESMOM_R3_BOARD_ADAPTATION,full_history_retrospective_proxy,paper_qfq_complete_case_sensitivity,EW,10,4,middle,1,P5_date_scope,pre_snapshot_decision_retrospective,bucket_return,48,48,0,-2.50162658261e-06,-0.00165207306671,0.0590763133244,-3.00195189914e-05,0.204646352403,-0.000146689733967,0.479166666667,-0.0561827935337,-0.00165207306671,0.0708744450465,0.0823588221478,0.312922287401,3,-0.000385761003691,0.999692207259,-0.0127126977267,0.0127076944735,design_only_not_support,
20B_trendpv_residual_momentum_design_and_replication_diagnostic_v3,P5_RESMOM_R3_BOARD_ADAPTATION,full_history_retrospective_proxy,paper_qfq_complete_case_sensitivity,EW,10,5,middle,1,P5_date_scope,pre_snapshot_decision_retrospective,bucket_return,48,48,0,-0.00196988303369,-0.00986924899155,0.0610064611245,-0.0236385964043,0.211332580515,-0.111854955571,0.395833333333,-0.0705465526887,-0.00986924899155,0.0705299678594,0.0915348778629,0.330764299707,3,-0.296152855448,0.767113350564,-0.0150067311639,0.0110669650965,design_only_not_support,
20B_trendpv_residual_momentum_design_and_replication_diagnostic_v3,P5_RESMOM_R3_BOARD_ADAPTATION,full_history_retrospective_proxy,paper_qfq_complete_case_sensitivity,EW,10,6,middle,1,P5_date_scope,pre_snapshot_decision_retrospective,bucket_return,48,48,0,0.00221924272095,-0.00230497740059,0.0589117975416,0.0266309126515,0.204076453015,0.13049478398,0.458333333333,-0.0571615892775,-0.00230497740059,0.057826344048,0.083978788504,0.312021343253,3,0.328388439693,0.742617982592,-0.0110261559602,0.0154646414021,design_only_not_support,
20B_trendpv_residual_momentum_design_and_replication_diagnostic_v3,P5_RESMOM_R3_BOARD_ADAPTATION,full_history_retrospective_proxy,paper_qfq_complete_case_sensitivity,EW,10,7,middle,1,P5_date_scope,pre_snapshot_decision_retrospective,bucket_return,48,48,0,0.00427610257047,-0.00170473470463,0.0610284979519,0.0513132308456,0.211408918325,0.242720275248,0.479166666667,-0.0622212327568,-0.00170473470463,0.0687642767768,0.0804386639859,0.226469773021,3,0.606739861984,0.544023563692,-0.00953707760351,0.0180892827444,design_only_not_support,
20B_trendpv_residual_momentum_design_and_replication_diagnostic_v3,P5_RESMOM_R3_BOARD_ADAPTATION,full_history_retrospective_proxy,paper_qfq_complete_case_sensitivity,EW,10,8,middle,1,P5_date_scope,pre_snapshot_decision_retrospective,bucket_return,48,48,0,-6.36390705529e-05,-0.00906355705622,0.0596961491712,-0.000763668846634,0.206793526762,-0.00369290498882,0.375,-0.0671844263833,-0.00906355705622,0.0562868931583,0.0785942019801,0.337248149738,3,-0.00923447119425,0.992632062724,-0.0135706698111,0.01344339167,design_only_not_support,
20B_trendpv_residual_momentum_design_and_replication_diagnostic_v3,P5_RESMOM_R3_BOARD_ADAPTATION,full_history_retrospective_proxy,paper_qfq_complete_case_sensitivity,EW,10,9,middle,1,P5_date_scope,pre_snapshot_decision_retrospective,bucket_return,48,48,0,-0.00322434466944,-0.010156959902,0.0514626865733,-0.0386921360332,0.178271975678,-0.217039923892,0.416666666667,-0.0594087904719,-0.010156959902,0.0515356100399,0.0704205192748,0.356394838846,3,-0.532724267256,0.594224465029,-0.0150871408931,0.00863845155419,design_only_not_support,
20B_trendpv_residual_momentum_design_and_replication_diagnostic_v3,P5_RESMOM_R3_BOARD_ADAPTATION,full_history_retrospective_proxy,paper_qfq_complete_case_sensitivity,EW,10,10,favorable,1,P5_date_scope,pre_snapshot_decision_retrospective,bucket_return,48,48,0,-0.0017212299972,-0.0105709407034,0.0474147757763,-0.0206547599664,0.164249601348,-0.12575226848,0.416666666667,-0.0525806712977,-0.0105709407034,0.0515201213941,0.0619826136449,0.231993320265,3,-0.371120771386,0.710547580706,-0.0108113943419,0.00736893434747,design_only_not_support,
20B_trendpv_residual_momentum_design_and_replication_diagnostic_v3,P5_RESMOM_R3_BOARD_ADAPTATION,full_history_retrospective_proxy,paper_qfq_complete_case_sensitivity,EW,10,,,1,P5_date_scope,pre_snapshot_decision_retrospective,favorable_minus_unfavorable,48,48,0,-0.00258362070859,-0.00101260932613,0.0325745590017,-0.0310034485031,0.11284158245,-0.274751982645,0.479166666667,-0.0345532102396,-0.00101260932613,0.0346344019319,0.0632117508331,0.228625726202,3,-0.553325230883,0.580040727099,-0.0117352068932,0.00656796547602,design_only_not_support,
20B_trendpv_residual_momentum_design_and_replication_diagnostic_v3,P5_RESMOM_R3_BOARD_ADAPTATION,full_history_retrospective_proxy,paper_qfq_complete_case_sensitivity,EW,10,,,1,P5_date_scope,pre_snapshot_decision_retrospective,favorable_minus_middle,48,48,0,-0.00184590984083,-0.00195594935413,0.025342815582,-0.02215091809,0.0877900883896,-0.252316844604,0.458333333333,-0.0271242605442,-0.00195594935413,0.0300823673949,0.0503863255394,0.114815217935,3,-0.604730231308,0.545358257661,-0.00782860529648,0.00413678561482,design_only_not_support,
20B_trendpv_residual_momentum_design_and_replication_diagnostic_v3,P5_RESMOM_R3_BOARD_ADAPTATION,full_history_retrospective_proxy,paper_qfq_complete_case_sensitivity,EW,10,1,unfavorable,1,P5_date_scope,mixed_post_snapshot_decision,bucket_return,12,12,0,0.0299252342802,0.032156519705,0.049150258872,0.359102811363,0.170261491143,2.10912525758,0.75,-0.03732541879,0.032156519705,0.0935477106687,0.0426885195844,0.0562221600603,2,1.75653093528,0.0789977940293,-0.00346579814636,0.0633162667068,design_only_not_support,
20B_trendpv_residual_momentum_design_and_replication_diagnostic_v3,P5_RESMOM_R3_BOARD_ADAPTATION,full_history_retrospective_proxy,paper_qfq_complete_case_sensitivity,EW,10,2,middle,1,P5_date_scope,mixed_post_snapshot_decision,bucket_return,12,12,0,0.0124933595308,0.020263278281,0.03924031355,0.149920314369,0.135932433547,1.10290318842,0.666666666667,-0.0386554054107,0.020263278281,0.0506992206986,0.0447477259189,0.0642742041692,2,0.912423384607,0.361545884125,-0.0143434523477,0.0393301714092,design_only_not_support,
20B_trendpv_residual_momentum_design_and_replication_diagnostic_v3,P5_RESMOM_R3_BOARD_ADAPTATION,full_history_retrospective_proxy,paper_qfq_complete_case_sensitivity,EW,10,3,middle,1,P5_date_scope,mixed_post_snapshot_decision,bucket_return,12,12,0,0.0284147703136,0.0368844751497,0.0386757591001,0.340977243764,0.133976759565,2.54504769984,0.75,-0.0193260487424,0.0368844751497,0.07411041129,0.0282593541802,0.0445772039194,2,2.52276278272,0.011643691722,0.00633900210224,0.0504905385251,design_only_not_support,
20B_trendpv_residual_momentum_design_and_replication_diagnostic_v3,P5_RESMOM_R3_BOARD_ADAPTATION,full_history_retrospective_proxy,paper_qfq_complete_case_sensitivity,EW,10,4,middle,1,P5_date_scope,mixed_post_snapshot_decision,bucket_return,12,12,0,0.0264877073876,0.0290416127875,0.0486630639023,0.317852488651,0.168573798261,1.88553910471,0.75,-0.0241729807356,0.0290416127875,0.0774533107068,0.0390288905501,0.0512563564332,2,1.86032827725,0.0628390952155,-0.00141863212658,0.0543940469018,design_only_not_support,
20B_trendpv_residual_momentum_design_and_replication_diagnostic_v3,P5_RESMOM_R3_BOARD_ADAPTATION,full_history_retrospective_proxy,paper_qfq_complete_case_sensitivity,EW,10,5,middle,1,P5_date_scope,mixed_post_snapshot_decision,bucket_return,12,12,0,0.0238881330434,0.0192671364742,0.0328943009935,0.28665759652,0.1139492012,2.51566130785,0.833333333333,-0.0172834625101,0.0192671364742,0.0718529136885,0.0248078536978,0.0296062696237,2,2.17557162667,0.0295873068604,0.00236740724932,0.0454088588374,design_only_not_support,
20B_trendpv_residual_momentum_design_and_replication_diagnostic_v3,P5_RESMOM_R3_BOARD_ADAPTATION,full_history_retrospective_proxy,paper_qfq_complete_case_sensitivity,EW,10,6,middle,1,P5_date_scope,mixed_post_snapshot_decision,bucket_return,12,12,0,0.0227036352675,0.0221183743344,0.0384030521284,0.27244362321,0.133032074904,2.04795440052,0.75,-0.0262198226055,0.0221183743344,0.076780372749,0.0345744177658,0.0405650763475,2,1.89917344775,0.0575416746359,-0.000726719392899,0.0461339899279,design_only_not_support,
20B_trendpv_residual_momentum_design_and_replication_diagnostic_v3,P5_RESMOM_R3_BOARD_ADAPTATION,full_history_retrospective_proxy,paper_qfq_complete_case_sensitivity,EW,10,7,middle,1,P5_date_scope,mixed_post_snapshot_decision,bucket_return,12,12,0,0.0221906362583,0.0182790165114,0.0455513395791,0.266287635099,0.157794469008,1.68756000622,0.666666666667,-0.0283504531819,0.0182790165114,0.0713258772307,0.0392674766667,0.0602760795249,2,1.53822410143,0.123993829968,-0.00608407860278,0.0504653511193,design_only_not_support,
20B_trendpv_residual_momentum_design_and_replication_diagnostic_v3,P5_RESMOM_R3_BOARD_ADAPTATION,full_history_retrospective_proxy,paper_qfq_complete_case_sensitivity,EW,10,8,middle,1,P5_date_scope,mixed_post_snapshot_decision,bucket_return,12,12,0,0.0241379125351,0.0217542875878,0.0407689155883,0.289654950421,0.141227666337,2.0509788056,0.75,-0.017854876118,0.0217542875878,0.0658954525936,0.0285702505303,0.0513150468371,2,1.92364326428,0.0543993141227,-0.000455753093693,0.0487315781639,design_only_not_support,
20B_trendpv_residual_momentum_design_and_replication_diagnostic_v3,P5_RESMOM_R3_BOARD_ADAPTATION,full_history_retrospective_proxy,paper_qfq_complete_case_sensitivity,EW,10,9,middle,1,P5_date_scope,mixed_post_snapshot_decision,bucket_return,12,12,0,0.0240750004275,0.0240247931647,0.0413634513454,0.28890000513,0.143287198613,2.0162303955,0.833333333333,-0.0185409609228,0.0240247931647,0.0723010383859,0.0391632098578,0.0570064816717,2,2.06577558217,0.0388496747311,0.00123315150014,0.0469168493548,design_only_not_support,
20B_trendpv_residual_momentum_design_and_replication_diagnostic_v3,P5_RESMOM_R3_BOARD_ADAPTATION,full_history_retrospective_proxy,paper_qfq_complete_case_sensitivity,EW,10,10,favorable,1,P5_date_scope,mixed_post_snapshot_decision,bucket_return,12,12,0,0.0284509652099,0.03060980491,0.0467182096543,0.341411582518,0.16183662552,2.10960640968,0.666666666667,-0.0263145577456,0.03060980491,0.0939431258907,0.0395090130394,0.0525001632906,2,2.30921434229,0.0209316900871,0.00430298287854,0.0525989475412,design_only_not_support,
20B_trendpv_residual_momentum_design_and_replication_diagnostic_v3,P5_RESMOM_R3_BOARD_ADAPTATION,full_history_retrospective_proxy,paper_qfq_complete_case_sensitivity,EW,10,,,1,P5_date_scope,mixed_post_snapshot_decision,favorable_minus_unfavorable,12,12,0,-0.00147426907036,-0.00769436110747,0.0307153685053,-0.0176912288443,0.106401157649,-0.16626913875,0.25,-0.0266547480429,-0.00769436110747,0.0474939289852,0.0359086238665,0.101058351798,2,-0.178443529237,0.858374666445,-0.0176671469728,0.0147186088321,design_only_not_support,
20B_trendpv_residual_momentum_design_and_replication_diagnostic_v3,P5_RESMOM_R3_BOARD_ADAPTATION,full_history_retrospective_proxy,paper_qfq_complete_case_sensitivity,EW,10,,,1,P5_date_scope,mixed_post_snapshot_decision,favorable_minus_middle,12,12,0,0.00515508105444,0.0058762551502,0.0260912527137,0.0618609726533,0.0903827506666,0.684433392402,0.583333333333,-0.0215228011691,0.0058762551502,0.028853264269,0.0289314835357,0.0407496605879,2,0.927227729891,0.353808308191,-0.0057416737323,0.0160518358412,design_only_not_support,
20B_trendpv_residual_momentum_design_and_replication_diagnostic_v3,P5_RESMOM_R3_BOARD_ADAPTATION,full_history_retrospective_proxy,paper_qfq_complete_case_sensitivity,EW,10,1,unfavorable,1,P5_date_scope,fully_post_snapshot_score,bucket_return,3,3,0,0.00869537414005,0.0421898038475,0.0846971623495,0.104344489681,0.293399576893,0.355639536995,0.666666666667,-0.0616636177089,0.0421898038475,0.065656594106,0.0876269730981,0.0876269730981,1,0.366385927953,0.714077118705,-0.0378201136185,0.0552108618986,design_only_not_support,
20B_trendpv_residual_momentum_design_and_replication_diagnostic_v3,P5_RESMOM_R3_BOARD_ADAPTATION,full_history_retrospective_proxy,paper_qfq_complete_case_sensitivity,EW,10,2,middle,1,P5_date_scope,fully_post_snapshot_score,bucket_return,3,3,0,0.00134613101262,0.0243536456629,0.0678138042944,0.0161535721514,0.234913908985,0.0687637961551,0.666666666667,-0.0551118060723,0.0243536456629,0.0486010622374,0.0749781690062,0.0749781690062,1,0.0695445610351,0.944556163913,-0.036591678414,0.0392839404392,design_only_not_support,
20B_trendpv_residual_momentum_design_and_replication_diagnostic_v3,P5_RESMOM_R3_BOARD_ADAPTATION,full_history_retrospective_proxy,paper_qfq_complete_case_sensitivity,EW,10,3,middle,1,P5_date_scope,fully_post_snapshot_score,bucket_return,3,3,0,-0.0012366672869,0.0128900594165,0.0501659444531,-0.0148400074428,0.173779929205,-0.0853954050431,0.666666666667,-0.0429830500432,0.0128900594165,0.034859024788,0.0569513274081,0.0569513274081,1,-0.0844684328216,0.93268400008,-0.0299316869791,0.0274583524053,design_only_not_support,
20B_trendpv_residual_momentum_design_and_replication_diagnostic_v3,P5_RESMOM_R3_BOARD_ADAPTATION,full_history_retrospective_proxy,paper_qfq_complete_case_sensitivity,EW,10,4,middle,1,P5_date_scope,fully_post_snapshot_score,bucket_return,3,3,0,0.00930484100752,0.0230571205781,0.0272587737705,0.11165809209,0.0944271622449,1.18247853092,0.666666666667,-0.0130610676303,0.0230571205781,0.0261698378171,0.0220906146824,0.0220906146824,1,1.24786782029,0.212079466961,-0.00530981044846,0.0239194924635,design_only_not_support,
20B_trendpv_residual_momentum_design_and_replication_diagnostic_v3,P5_RESMOM_R3_BOARD_ADAPTATION,full_history_retrospective_proxy,paper_qfq_complete_case_sensitivity,EW,10,5,middle,1,P5_date_scope,fully_post_snapshot_score,bucket_return,3,3,0,-0.00744554101593,0.0209158672713,0.0664095359071,-0.0893464921912,0.230049380596,-0.388379625103,0.666666666667,-0.0624782074328,0.0209158672713,0.036242562086,0.0833267261088,0.0833267261088,1,-0.403626396754,0.68648747162,-0.0436002433693,0.0287091613375,design_only_not_support,
20B_trendpv_residual_momentum_design_and_replication_diagnostic_v3,P5_RESMOM_R3_BOARD_ADAPTATION,full_history_retrospective_proxy,paper_qfq_complete_case_sensitivity,EW,10,6,middle,1,P5_date_scope,fully_post_snapshot_score,bucket_return,3,3,0,-0.00315441907223,0.0130056189652,0.0840963881488,-0.0378530288667,0.291318434014,-0.129936950248,0.666666666667,-0.0727253980442,0.0130056189652,0.0599525446847,0.0941581522965,0.0941581522965,1,-0.123592143086,0.901638213698,-0.053178212004,0.0468693738596,design_only_not_support,
20B_trendpv_residual_momentum_design_and_replication_diagnostic_v3,P5_RESMOM_R3_BOARD_ADAPTATION,full_history_retrospective_proxy,paper_qfq_complete_case_sensitivity,EW,10,7,middle,1,P5_date_scope,fully_post_snapshot_score,bucket_return,3,3,0,0.0273279684471,0.0725262697427,0.0898848455416,0.327935621365,0.311370238617,1.05320156101,0.666666666667,-0.0464431154171,0.0725262697427,0.083019731793,0.0761854617071,0.0761854617071,1,1.11118882553,0.266487080133,-0.0208743106761,0.0755302475702,design_only_not_support,
20B_trendpv_residual_momentum_design_and_replication_diagnostic_v3,P5_RESMOM_R3_BOARD_ADAPTATION,full_history_retrospective_proxy,paper_qfq_complete_case_sensitivity,EW,10,8,middle,1,P5_date_scope,fully_post_snapshot_score,bucket_return,3,3,0,-0.004053540645,0.027511170434,0.0635436630098,-0.04864248774,0.220121705664,-0.220979969209,0.666666666667,-0.0562571276213,0.027511170434,0.0355241618997,0.0771992021351,0.0771992021351,1,-0.232942170031,0.815806312065,-0.0381598326617,0.0300527513717,design_only_not_support,
20B_trendpv_residual_momentum_design_and_replication_diagnostic_v3,P5_RESMOM_R3_BOARD_ADAPTATION,full_history_retrospective_proxy,paper_qfq_complete_case_sensitivity,EW,10,9,middle,1,P5_date_scope,fully_post_snapshot_score,bucket_return,3,3,0,0.0140084598046,0.0309545719772,0.0717991055115,0.168101517655,0.248719397368,0.67586814472,0.666666666667,-0.0456073528601,0.0309545719772,0.0668458276002,0.0647478340695,0.0647478340695,1,0.655713172192,0.512008692002,-0.027863623692,0.0558805433012,design_only_not_support,
20B_trendpv_residual_momentum_design_and_replication_diagnostic_v3,P5_RESMOM_R3_BOARD_ADAPTATION,full_history_retrospective_proxy,paper_qfq_complete_case_sensitivity,EW,10,10,favorable,1,P5_date_scope,fully_post_snapshot_score,bucket_return,3,3,0,0.0123647582001,0.0161616883845,0.115339424413,0.148377098401,0.399547486398,0.371362862871,0.666666666667,-0.0806286616933,0.0161616883845,0.10383940602,0.104826249213,0.104826249213,1,0.326943856856,0.743710349266,-0.0617595302414,0.0864890466417,design_only_not_support,
20B_trendpv_residual_momentum_design_and_replication_diagnostic_v3,P5_RESMOM_R3_BOARD_ADAPTATION,full_history_retrospective_proxy,paper_qfq_complete_case_sensitivity,EW,10,,,1,P5_date_scope,fully_post_snapshot_score,favorable_minus_unfavorable,3,3,0,0.00366938406007,-0.0171992761147,0.0440135147541,0.0440326087209,0.152467287548,0.288800367798,0.333333333333,-0.0242623475934,-0.0171992761147,0.0399485797835,0.0260281154631,0.0427797268332,1,0.187718053114,0.851097677512,-0.0346426508448,0.0419814189649,design_only_not_support,
20B_trendpv_residual_momentum_design_and_replication_diagnostic_v3,P5_RESMOM_R3_BOARD_ADAPTATION,full_history_retrospective_proxy,paper_qfq_complete_case_sensitivity,EW,10,,,1,P5_date_scope,fully_post_snapshot_score,favorable_minus_middle,3,3,0,0.0176647382442,-0.000799054733811,0.0458585037772,0.21197685893,0.158858517002,1.33437515929,0.333333333333,-0.0130268589549,-0.000799054733811,0.0557418526345,0.0160838100101,0.0168700128994,1,0.956904782189,0.338615317241,-0.018516762151,0.0538462386394,design_only_not_support,
20B_trendpv_residual_momentum_design_and_replication_diagnostic_v3,P5_RESMOM_R3_BOARD_ADAPTATION,full_history_retrospective_proxy,paper_qfq_complete_case_sensitivity,VW,5,1,unfavorable,1,full,,bucket_return,64,63,1,0.00331524061315,-0.0020621583297,0.0578757519487,0.0397828873578,0.200487485803,0.198430775859,0.492063492063,-0.0635670580381,-0.0020621583297,0.0720273454934,0.086025522474,0.354972275872,3,0.499094910097,0.617712523135,-0.00970383065045,0.0163343118768,design_only_not_support,
20B_trendpv_residual_momentum_design_and_replication_diagnostic_v3,P5_RESMOM_R3_BOARD_ADAPTATION,full_history_retrospective_proxy,paper_qfq_complete_case_sensitivity,VW,5,2,middle,1,full,,bucket_return,64,63,1,0.0031914540149,0.00211750459909,0.0527342291548,0.0382974481788,0.182676728388,0.209646015213,0.52380952381,-0.0647066443735,0.00211750459909,0.0691090396742,0.0816366745276,0.332096029013,3,0.590413172705,0.554913681386,-0.00740305033679,0.0137859583666,design_only_not_support,
20B_trendpv_residual_momentum_design_and_replication_diagnostic_v3,P5_RESMOM_R3_BOARD_ADAPTATION,full_history_retrospective_proxy,paper_qfq_complete_case_sensitivity,VW,5,3,middle,1,full,,bucket_return,64,63,1,0.00422277093776,0.00134580824394,0.0498780892285,0.0506732512531,0.172782769456,0.293277225574,0.52380952381,-0.0476222412884,0.00134580824394,0.0561301112847,0.0721283525495,0.22871671861,3,0.894238753817,0.371194161385,-0.00503256374512,0.0134781056206,design_only_not_support,
20B_trendpv_residual_momentum_design_and_replication_diagnostic_v3,P5_RESMOM_R3_BOARD_ADAPTATION,full_history_retrospective_proxy,paper_qfq_complete_case_sensitivity,VW,5,4,middle,1,full,,bucket_return,64,63,1,0.00461600094592,0.00528078997331,0.0470125456459,0.0553920113511,0.162856235304,0.34012828092,0.587301587302,-0.0495437262819,0.00528078997331,0.0494478135656,0.0749142251975,0.301964457684,3,0.941660943403,0.346366257197,-0.00499169879993,0.0142237006918,design_only_not_support,
20B_trendpv_residual_momentum_design_and_replication_diagnostic_v3,P5_RESMOM_R3_BOARD_ADAPTATION,full_history_retrospective_proxy,paper_qfq_complete_case_sensitivity,VW,5,5,favorable,1,full,,bucket_return,64,63,1,0.00488847023574,0.00178015041512,0.0374539510151,0.0586616428288,0.129744292205,0.452132743815,0.52380952381,-0.032191750537,0.00178015041512,0.044244011884,0.0494791757817,0.198157285357,3,1.28953230511,0.197213092857,-0.00254153020982,0.0123184706813,design_only_not_support,
20B_trendpv_residual_momentum_design_and_replication_diagnostic_v3,P5_RESMOM_R3_BOARD_ADAPTATION,full_history_retrospective_proxy,paper_qfq_complete_case_sensitivity,VW,5,,,1,full,,favorable_minus_unfavorable,64,63,1,0.00157322962259,0.00595391895029,0.0346431983623,0.018878755471,0.1200075594,0.157313052322,0.555555555556,-0.0372905977386,0.00595391895029,0.048239778982,0.0587560363039,0.23708533028,3,0.365717065379,0.714576210682,-0.00685807887127,0.0100045381164,design_only_not_support,
20B_trendpv_residual_momentum_design_and_replication_diagnostic_v3,P5_RESMOM_R3_BOARD_ADAPTATION,full_history_retrospective_proxy,paper_qfq_complete_case_sensitivity,VW,5,,,1,full,,favorable_minus_middle,64,63,1,0.000665699297975,-0.000472563346065,0.03181327986,0.0079883915757,0.110204434146,0.0724870250242,0.492063492063,-0.0303954472815,-0.000472563346065,0.0390538434263,0.0538200682692,0.174459922618,3,0.184860990951,0.853338068295,-0.00639228866289,0.00772368725884,design_only_not_support,
20B_trendpv_residual_momentum_design_and_replication_diagnostic_v3,P5_RESMOM_R3_BOARD_ADAPTATION,full_history_retrospective_proxy,paper_qfq_complete_case_sensitivity,VW,5,1,unfavorable,1,early,,bucket_return,32,32,0,-0.00911649523289,-0.00872560823914,0.0589835448988,-0.109397942795,0.20432499315,-0.535411459498,0.40625,-0.0820536324016,-0.00872560823914,0.0698388581834,0.0946525778739,0.354972275872,3,-1.12551221438,0.260372044279,-0.0249919358486,0.00675894538285,design_only_not_support,
20B_trendpv_residual_momentum_design_and_replication_diagnostic_v3,P5_RESMOM_R3_BOARD_ADAPTATION,full_history_retrospective_proxy,paper_qfq_complete_case_sensitivity,VW,5,2,middle,1,early,,bucket_return,32,32,0,-0.00476803865672,-0.00450759143975,0.0588582407743,-0.0572164638806,0.20389092693,-0.280622903344,0.46875,-0.0701144787385,-0.00450759143975,0.0706360648345,0.0919767899627,0.332096029013,3,-0.640719353422,0.52170503776,-0.0193534948227,0.00981741750931,design_only_not_support,
20B_trendpv_residual_momentum_design_and_replication_diagnostic_v3,P5_RESMOM_R3_BOARD_ADAPTATION,full_history_retrospective_proxy,paper_qfq_complete_case_sensitivity,VW,5,3,middle,1,early,,bucket_return,32,32,0,-0.000113088297932,0.00132390398954,0.0527537772995,-0.00135705957519,0.182744445148,-0.00742599630915,0.53125,-0.0578614393974,0.00132390398954,0.0563894994318,0.0861335591269,0.188640126721,3,-0.0181137728457,0.985548090613,-0.0123495777863,0.0121234011904,design_only_not_support,
20B_trendpv_residual_momentum_design_and_replication_diagnostic_v3,P5_RESMOM_R3_BOARD_ADAPTATION,full_history_retrospective_proxy,paper_qfq_complete_case_sensitivity,VW,5,4,middle,1,early,,bucket_return,32,32,0,-0.00327688225636,0.0043034567156,0.0532182055634,-0.0393225870764,0.184353271847,-0.213300185467,0.5625,-0.0698197473671,0.0043034567156,0.0525118812033,0.0917231666137,0.301964457684,3,-0.490129171525,0.624042496761,-0.0163807160561,0.00982695154335,design_only_not_support,
20B_trendpv_residual_momentum_design_and_replication_diagnostic_v3,P5_RESMOM_R3_BOARD_ADAPTATION,full_history_retrospective_proxy,paper_qfq_complete_case_sensitivity,VW,5,5,favorable,1,early,,bucket_return,32,32,0,-0.00126140545087,-0.002159737224,0.0336986334172,-0.0151368654105,0.116735490449,-0.129668067117,0.5,-0.033008351371,-0.002159737224,0.0333430208612,0.0543426997923,0.198157285357,3,-0.319401394529,0.749422153484,-0.0090018514726,0.00647904057085,design_only_not_support,
20B_trendpv_residual_momentum_design_and_replication_diagnostic_v3,P5_RESMOM_R3_BOARD_ADAPTATION,full_history_retrospective_proxy,paper_qfq_complete_case_sensitivity,VW,5,,,1,early,,favorable_minus_unfavorable,32,32,0,0.00785508978202,0.010460761584,0.0365622927621,0.0942610773842,0.12665549741,0.744232025545,0.625,-0.0345690243595,0.010460761584,0.0491266086602,0.0537797270713,0.136894088448,3,1.24540451631,0.212983094017,-0.00450691217512,0.0202170917392,design_only_not_support,
20B_trendpv_residual_momentum_design_and_replication_diagnostic_v3,P5_RESMOM_R3_BOARD_ADAPTATION,full_history_retrospective_proxy,paper_qfq_complete_case_sensitivity,VW,5,,,1,early,,favorable_minus_middle,32,32,0,-0.00114831715294,-0.00455385976526,0.0344238298459,-0.0137798058353,0.119247644568,-0.115556209812,0.46875,-0.0307156769822,-0.00455385976526,0.0305700611318,0.0547886296894,0.174459922618,3,-0.213902598785,0.8306230136,-0.0116702101799,0.00937357587398,design_only_not_support,
20B_trendpv_residual_momentum_design_and_replication_diagnostic_v3,P5_RESMOM_R3_BOARD_ADAPTATION,full_history_retrospective_proxy,paper_qfq_complete_case_sensitivity,VW,5,1,unfavorable,1,late,,bucket_return,32,31,1,0.0161480001962,0.00776622168423,0.0547034247679,0.193776002354,0.189498222092,1.02257425011,0.58064516129,-0.0371292307199,0.00776622168423,0.0748052047052,0.0387605607259,0.0711740183438,3,1.9567508657,0.0503767663783,-2.65161214433e-05,0.0323225165138,design_only_not_support,
20B_trendpv_residual_momentum_design_and_replication_diagnostic_v3,P5_RESMOM_R3_BOARD_ADAPTATION,full_history_retrospective_proxy,paper_qfq_complete_case_sensitivity,VW,5,2,middle,1,late,,bucket_return,32,31,1,0.0114077045146,0.0045157799282,0.0450564989423,0.136892454176,0.156080290759,0.877064320614,0.58064516129,-0.0362856486109,0.0045157799282,0.0443893829642,0.0479823721786,0.111619918612,3,1.76355865669,0.0778063135288,-0.00127046182259,0.0240858708518,design_only_not_support,
20B_trendpv_residual_momentum_design_and_replication_diagnostic_v3,P5_RESMOM_R3_BOARD_ADAPTATION,full_history_retrospective_proxy,paper_qfq_complete_case_sensitivity,VW,5,3,middle,1,late,,bucket_return,32,31,1,0.00869849660041,0.00432357123788,0.0471701521933,0.104381959205,0.163402200399,0.638803877487,0.516129032258,-0.0336963523867,0.00432357123788,0.0363174767902,0.0407226151429,0.127965013257,3,1.3452415847,0.178547231058,-0.00397487021362,0.0213718634144,design_only_not_support,
20B_trendpv_residual_momentum_design_and_replication_diagnostic_v3,P5_RESMOM_R3_BOARD_ADAPTATION,full_history_retrospective_proxy,paper_qfq_complete_case_sensitivity,VW,5,4,middle,1,late,,bucket_return,32,31,1,0.0127634932838,0.0136157880453,0.0388081917198,0.153161919405,0.134435519617,1.13929651807,0.612903225806,-0.0288076716118,0.0136157880453,0.0386414670537,0.0307846037101,0.0786849176365,3,2.28219762571,0.0224776752188,0.00180213442894,0.0237248521386,design_only_not_support,
20B_trendpv_residual_momentum_design_and_replication_diagnostic_v3,P5_RESMOM_R3_BOARD_ADAPTATION,full_history_retrospective_proxy,paper_qfq_complete_case_sensitivity,VW,5,5,favorable,1,late,,bucket_return,32,31,1,0.011236729009,0.00178015041512,0.0405423177385,0.134840748108,0.140442708359,0.960112131725,0.548387096774,-0.0306379494823,0.00178015041512,0.0616017792649,0.0399053451963,0.0819751123858,3,1.96076093875,0.0499069166379,4.56718528528e-06,0.0224688908327,design_only_not_support,
20B_trendpv_residual_momentum_design_and_replication_diagnostic_v3,P5_RESMOM_R3_BOARD_ADAPTATION,full_history_retrospective_proxy,paper_qfq_complete_case_sensitivity,VW,5,,,1,late,,favorable_minus_unfavorable,32,31,1,-0.00491127118715,-0.000591330993304,0.0318340736317,-0.0589352542458,0.110276465884,-0.534431837051,0.483870967742,-0.0374367651286,-0.000591330993304,0.0220347006979,0.0577043296383,0.23708533028,3,-1.03511693234,0.300614305886,-0.0142106211875,0.00438807881317,design_only_not_support,
20B_trendpv_residual_momentum_design_and_replication_diagnostic_v3,P5_RESMOM_R3_BOARD_ADAPTATION,full_history_retrospective_proxy,paper_qfq_complete_case_sensitivity,VW,5,,,1,late,,favorable_minus_middle,32,31,1,0.0025382324086,0.00158303482802,0.0293259017532,0.0304587889032,0.101587903629,0.299826926388,0.516129032258,-0.0272099824011,0.00158303482802,0.0410311250464,0.0461989853819,0.163658361462,3,0.546790898129,0.584522396933,-0.00656002457093,0.0116364893881,design_only_not_support,
20B_trendpv_residual_momentum_design_and_replication_diagnostic_v3,P5_RESMOM_R3_BOARD_ADAPTATION,full_history_retrospective_proxy,paper_qfq_complete_case_sensitivity,VW,5,1,unfavorable,1,P5_date_scope,pre_snapshot_decision_retrospective,bucket_return,48,48,0,-0.0012771347162,-0.00872560823914,0.0627328276782,-0.0153256165944,0.217312889682,-0.0705232746057,0.4375,-0.0782159525347,-0.00872560823914,0.0719963199043,0.091740081405,0.354972275872,3,-0.167750408113,0.866779638102,-0.0161989347601,0.0136446653277,design_only_not_support,
20B_trendpv_residual_momentum_design_and_replication_diagnostic_v3,P5_RESMOM_R3_BOARD_ADAPTATION,full_history_retrospective_proxy,paper_qfq_complete_case_sensitivity,VW,5,2,middle,1,P5_date_scope,pre_snapshot_decision_retrospective,bucket_return,48,48,0,-0.00101551334213,-0.00366779119586,0.0570975811064,-0.0121861601055,0.197791822931,-0.0616110409669,0.479166666667,-0.0680335393016,-0.00366779119586,0.0734421169126,0.0875784039428,0.332096029013,3,-0.166190468303,0.868007060332,-0.012991949757,0.0109609230728,design_only_not_support,
20B_trendpv_residual_momentum_design_and_replication_diagnostic_v3,P5_RESMOM_R3_BOARD_ADAPTATION,full_history_retrospective_proxy,paper_qfq_complete_case_sensitivity,VW,5,3,middle,1,P5_date_scope,pre_snapshot_decision_retrospective,bucket_return,48,48,0,0.00117814468065,-0.00260525986556,0.0554453758416,0.0141377361679,0.192068416005,0.0736078136215,0.479166666667,-0.054277058202,-0.00260525986556,0.0586549653806,0.080877509757,0.22871671861,3,0.206708084465,0.836237843272,-0.00999278338748,0.0123490727488,design_only_not_support,
20B_trendpv_residual_momentum_design_and_replication_diagnostic_v3,P5_RESMOM_R3_BOARD_ADAPTATION,full_history_retrospective_proxy,paper_qfq_complete_case_sensitivity,VW,5,4,middle,1,P5_date_scope,pre_snapshot_decision_retrospective,bucket_return,48,48,0,0.00184815773924,0.0034499238431,0.0524928702843,0.0221778928708,0.181840636735,0.121963348067,0.541666666667,-0.0531121881076,0.0034499238431,0.060549709733,0.0845204538886,0.301964457684,3,0.301430167444,0.763086493111,-0.0101689626352,0.0138652781136,design_only_not_support,
20B_trendpv_residual_momentum_design_and_replication_diagnostic_v3,P5_RESMOM_R3_BOARD_ADAPTATION,full_history_retrospective_proxy,paper_qfq_complete_case_sensitivity,VW,5,5,favorable,1,P5_date_scope,pre_snapshot_decision_retrospective,bucket_return,48,48,0,0.00169451510936,-0.00230986847047,0.0362386339994,0.0203341813123,0.125534310568,0.16198106494,0.5,-0.0326185073059,-0.00230986847047,0.0344003236312,0.0515212458387,0.198157285357,3,0.450537326164,0.652323046292,-0.00567710183054,0.00906613204926,design_only_not_support,
20B_trendpv_residual_momentum_design_and_replication_diagnostic_v3,P5_RESMOM_R3_BOARD_ADAPTATION,full_history_retrospective_proxy,paper_qfq_complete_case_sensitivity,VW,5,,,1,P5_date_scope,pre_snapshot_decision_retrospective,favorable_minus_unfavorable,48,48,0,0.00297164982556,0.00761589181549,0.0361189246804,0.0356597979067,0.125119625322,0.285005632129,0.583333333333,-0.0374929583842,0.00761589181549,0.0489514071386,0.0660680428551,0.152809754467,3,0.574174926753,0.565849434534,-0.00717216935112,0.0131154690022,design_only_not_support,
20B_trendpv_residual_momentum_design_and_replication_diagnostic_v3,P5_RESMOM_R3_BOARD_ADAPTATION,full_history_retrospective_proxy,paper_qfq_complete_case_sensitivity,VW,5,,,1,P5_date_scope,pre_snapshot_decision_retrospective,favorable_minus_middle,48,48,0,0.000516370428706,3.11650953045e-05,0.0322387510838,0.00619644514447,0.1116783097,0.0554847683596,0.5,-0.0287942987779,3.11650953045e-05,0.042298232247,0.05713928067,0.174459922618,3,0.121292917649,0.9034590295,-0.00782762411409,0.0088603649715,design_only_not_support,
20B_trendpv_residual_momentum_design_and_replication_diagnostic_v3,P5_RESMOM_R3_BOARD_ADAPTATION,full_history_retrospective_proxy,paper_qfq_complete_case_sensitivity,VW,5,1,unfavorable,1,P5_date_scope,mixed_post_snapshot_decision,bucket_return,12,12,0,0.0209946417168,0.0154400274929,0.0367720235786,0.251935700602,0.127382026271,1.9777963028,0.666666666667,-0.0143646357668,0.0154400274929,0.0731846998439,0.0245783158791,0.0391722362959,2,1.66911440277,0.0950947094611,-0.00365839678377,0.0456476802174,design_only_not_support,
20B_trendpv_residual_momentum_design_and_replication_diagnostic_v3,P5_RESMOM_R3_BOARD_ADAPTATION,full_history_retrospective_proxy,paper_qfq_complete_case_sensitivity,VW,5,2,middle,1,P5_date_scope,mixed_post_snapshot_decision,bucket_return,12,12,0,0.0222695242856,0.0274254391165,0.0316168273787,0.267234291428,0.109523902788,2.43996319182,0.75,-0.0176855485519,0.0274254391165,0.0443603412643,0.0246317112977,0.0354790454848,2,2.40495666362,0.0161743837031,0.00412056292889,0.0404184856424,design_only_not_support,
20B_trendpv_residual_momentum_design_and_replication_diagnostic_v3,P5_RESMOM_R3_BOARD_ADAPTATION,full_history_retrospective_proxy,paper_qfq_complete_case_sensitivity,VW,5,3,middle,1,P5_date_scope,mixed_post_snapshot_decision,bucket_return,12,12,0,0.017705006693,0.0170314564279,0.0245440522872,0.212460080316,0.08502309117,2.49885151659,0.75,-0.0101272492356,0.0170314564279,0.0326731796962,0.0144604098811,0.0186533874236,2,2.69671968824,0.00700261897001,0.00483708585731,0.0305729275286,design_only_not_support,
20B_trendpv_residual_momentum_design_and_replication_diagnostic_v3,P5_RESMOM_R3_BOARD_ADAPTATION,full_history_retrospective_proxy,paper_qfq_complete_case_sensitivity,VW,5,4,middle,1,P5_date_scope,mixed_post_snapshot_decision,bucket_return,12,12,0,0.0125711942652,0.0151215680026,0.0198239303739,0.150854331183,0.0686721092267,2.19673362129,0.75,-0.0109926880364,0.0151215680026,0.0345691802424,0.0179290460558,0.0237195781105,2,2.17779400414,0.029421376496,0.00125741162293,0.0238849769076,design_only_not_support,
20B_trendpv_residual_momentum_design_and_replication_diagnostic_v3,P5_RESMOM_R3_BOARD_ADAPTATION,full_history_retrospective_proxy,paper_qfq_complete_case_sensitivity,VW,5,5,favorable,1,P5_date_scope,mixed_post_snapshot_decision,bucket_return,12,12,0,0.0160368629469,0.0184338695793,0.030325195915,0.192442355363,0.105049560149,1.83191966811,0.666666666667,-0.0186254820527,0.0184338695793,0.0447454896491,0.0199230084774,0.0243655803248,2,1.90006827469,0.0574241604142,-0.000505528829019,0.0325792547228,design_only_not_support,
20B_trendpv_residual_momentum_design_and_replication_diagnostic_v3,P5_RESMOM_R3_BOARD_ADAPTATION,full_history_retrospective_proxy,paper_qfq_complete_case_sensitivity,VW,5,,,1,P5_date_scope,mixed_post_snapshot_decision,favorable_minus_unfavorable,12,12,0,-0.00495777876992,0.000458125510911,0.0251193554325,-0.059493345239,0.0870159997251,-0.683705817631,0.5,-0.0373636814336,0.000458125510911,0.0208114370889,0.0404760199258,0.0907690800405,2,-0.642985567552,0.520233464775,-0.0200701985857,0.0101546410459,design_only_not_support,
20B_trendpv_residual_momentum_design_and_replication_diagnostic_v3,P5_RESMOM_R3_BOARD_ADAPTATION,full_history_retrospective_proxy,paper_qfq_complete_case_sensitivity,VW,5,,,1,P5_date_scope,mixed_post_snapshot_decision,favorable_minus_middle,12,12,0,-0.00166814374608,0.00125652354256,0.0205786197097,-0.0200177249529,0.0712864297735,-0.280806950447,0.5,-0.0255683501408,0.00125652354256,0.0191734630692,0.0379439403365,0.0491274582274,2,-0.271534653873,0.785979850553,-0.0137089702731,0.0103726827809,design_only_not_support,
20B_trendpv_residual_momentum_design_and_replication_diagnostic_v3,P5_RESMOM_R3_BOARD_ADAPTATION,full_history_retrospective_proxy,paper_qfq_complete_case_sensitivity,VW,5,1,unfavorable,1,P5_date_scope,fully_post_snapshot_score,bucket_return,3,3,0,0.00607564146815,0.021257422194,0.0390595441031,0.0729076976178,0.135306229814,0.538834743366,0.666666666667,-0.026384874938,0.021257422194,0.032463445584,0.038295449221,0.038295449221,1,0.553986245445,0.579588259043,-0.0154195464692,0.0275708294055,design_only_not_support,
20B_trendpv_residual_momentum_design_and_replication_diagnostic_v3,P5_RESMOM_R3_BOARD_ADAPTATION,full_history_retrospective_proxy,paper_qfq_complete_case_sensitivity,VW,5,2,middle,1,P5_date_scope,fully_post_snapshot_score,bucket_return,3,3,0,-0.00580934935568,-0.00841370682509,0.0369684769272,-0.0697121922681,0.128062560633,-0.544360443237,0.333333333333,-0.03480816651,-0.00841370682509,0.0242312107864,0.0414067814312,0.0494721037368,1,-0.455153780335,0.648998609384,-0.0308253241815,0.0192066254702,design_only_not_support,
20B_trendpv_residual_momentum_design_and_replication_diagnostic_v3,P5_RESMOM_R3_BOARD_ADAPTATION,full_history_retrospective_proxy,paper_qfq_complete_case_sensitivity,VW,5,3,middle,1,P5_date_scope,fully_post_snapshot_score,bucket_return,3,3,0,-0.000992151969328,-0.00370207310848,0.0145578287034,-0.0119058236319,0.0504297979242,-0.236087077918,0.333333333333,-0.0119440999737,-0.00370207310848,0.0110437644907,0.0140046066899,0.0176548337206,1,-0.18656242775,0.852003727769,-0.0114153767875,0.00943107284889,design_only_not_support,
20B_trendpv_residual_momentum_design_and_replication_diagnostic_v3,P5_RESMOM_R3_BOARD_ADAPTATION,full_history_retrospective_proxy,paper_qfq_complete_case_sensitivity,VW,5,4,middle,1,P5_date_scope,fully_post_snapshot_score,bucket_return,3,3,0,0.0170807189756,0.0276209300567,0.0283410787221,0.204968627707,0.098176376576,2.08775914182,0.666666666667,-0.00649200613554,0.0276209300567,0.0364373596543,0.0150202401836,0.0150202401836,1,2.13516047553,0.0327479041716,0.00140152558201,0.0327599123692,design_only_not_support,
20B_trendpv_residual_momentum_design_and_replication_diagnostic_v3,P5_RESMOM_R3_BOARD_ADAPTATION,full_history_retrospective_proxy,paper_qfq_complete_case_sensitivity,VW,5,5,favorable,1,P5_date_scope,fully_post_snapshot_score,bucket_return,3,3,0,0.0113981814132,-0.010117312406,0.080707073664,0.136778176958,0.279577504233,0.489231697426,0.333333333333,-0.0471200888432,-0.010117312406,0.0785226491972,0.0563707829525,0.0659177745368,1,0.372326353639,0.709649879465,-0.0486030106612,0.0713993734875,design_only_not_support,
20B_trendpv_residual_momentum_design_and_replication_diagnostic_v3,P5_RESMOM_R3_BOARD_ADAPTATION,full_history_retrospective_proxy,paper_qfq_complete_case_sensitivity,VW,5,,,1,P5_date_scope,fully_post_snapshot_score,favorable_minus_unfavorable,3,3,0,0.00532253994501,-0.0180753337315,0.0524670243647,0.0638704793401,0.181751103843,0.351417284349,0.333333333333,-0.0287148544263,-0.0180753337315,0.0487190837869,0.0313747346,0.0488829595328,1,0.226768019714,0.820604132473,-0.0406803603389,0.0513254402289,design_only_not_support,
20B_trendpv_residual_momentum_design_and_replication_diagnostic_v3,P5_RESMOM_R3_BOARD_ADAPTATION,full_history_retrospective_proxy,paper_qfq_complete_case_sensitivity,VW,5,,,1,P5_date_scope,fully_post_snapshot_score,favorable_minus_middle,3,3,0,0.0123903333825,-0.0064152392975,0.0661940513503,0.14868400059,0.229302920195,0.648417388071,0.333333333333,-0.0351759888695,-0.0064152392975,0.0674788847065,0.0423661762625,0.0485096264012,1,0.489557241431,0.624447239731,-0.0372149121964,0.0619955789613,design_only_not_support,
20B_trendpv_residual_momentum_design_and_replication_diagnostic_v3,P5_RESMOM_R3_BOARD_ADAPTATION,full_history_retrospective_proxy,paper_qfq_complete_case_sensitivity,VW,10,1,unfavorable,1,full,,bucket_return,64,63,1,0.00440054211122,-0.00791890609061,0.0655523121109,0.0528065053346,0.227079870259,0.232545955193,0.428571428571,-0.0667679576273,-0.00791890609061,0.0759647060315,0.0848308729418,0.397959248773,3,0.548370943856,0.583437223382,-0.0113276873785,0.0201287716009,design_only_not_support,
20B_trendpv_residual_momentum_design_and_replication_diagnostic_v3,P5_RESMOM_R3_BOARD_ADAPTATION,full_history_retrospective_proxy,paper_qfq_complete_case_sensitivity,VW,10,2,middle,1,full,,bucket_return,64,63,1,0.0033485724639,-0.00121346853712,0.0564578481288,0.0401828695668,0.19557572289,0.20545939431,0.47619047619,-0.0674910420613,-0.00121346853712,0.0635971168133,0.0860767263105,0.343521605779,3,0.538628194701,0.590143428948,-0.00883623608017,0.015533381008,design_only_not_support,
20B_trendpv_residual_momentum_design_and_replication_diagnostic_v3,P5_RESMOM_R3_BOARD_ADAPTATION,full_history_retrospective_proxy,paper_qfq_complete_case_sensitivity,VW,10,3,middle,1,full,,bucket_return,64,63,1,0.00215877538634,-0.00440145098803,0.0593406021359,0.0259053046361,0.205561875702,0.126021931584,0.492063492063,-0.0645834538496,-0.00440145098803,0.0779435968339,0.086655840124,0.347999700235,3,0.370311432046,0.711150456801,-0.00926707226993,0.0135846230426,design_only_not_support,
20B_trendpv_residual_momentum_design_and_replication_diagnostic_v3,P5_RESMOM_R3_BOARD_ADAPTATION,full_history_retrospective_proxy,paper_qfq_complete_case_sensitivity,VW,10,4,middle,1,full,,bucket_return,64,63,1,0.00283580644227,0.0064085104288,0.0508320595597,0.0340296773072,0.176087419622,0.193254449297,0.587301587302,-0.0555005845816,0.0064085104288,0.0640487780715,0.0747370349124,0.322456147631,3,0.514064967676,0.607206569246,-0.0079762092434,0.0136478221279,design_only_not_support,
20B_trendpv_residual_momentum_design_and_replication_diagnostic_v3,P5_RESMOM_R3_BOARD_ADAPTATION,full_history_retrospective_proxy,paper_qfq_complete_case_sensitivity,VW,10,5,middle,1,full,,bucket_return,64,63,1,0.001528698086,-0.00402002574965,0.0534542424777,0.018344377032,0.185170927703,0.0990672632011,0.428571428571,-0.0556998221907,-0.00402002574965,0.0698670366355,0.0755719859211,0.324606275172,3,0.296681410909,0.76670975035,-0.0085703276083,0.0116277237803,design_only_not_support,
20B_trendpv_residual_momentum_design_and_replication_diagnostic_v3,P5_RESMOM_R3_BOARD_ADAPTATION,full_history_retrospective_proxy,paper_qfq_complete_case_sensitivity,VW,10,6,middle,1,full,,bucket_return,64,63,1,0.00621293750704,0.0059101347493,0.0522400137807,0.0745552500844,0.180964716112,0.411987771352,0.555555555556,-0.0475342836937,0.0059101347493,0.0556132000059,0.076324172936,0.198977440611,3,1.25623194439,0.209031888077,-0.00348044260991,0.015906317624,design_only_not_support,
20B_trendpv_residual_momentum_design_and_replication_diagnostic_v3,P5_RESMOM_R3_BOARD_ADAPTATION,full_history_retrospective_proxy,paper_qfq_complete_case_sensitivity,VW,10,7,middle,1,full,,bucket_return,64,63,1,0.00386378677961,0.00455811297903,0.0560425229059,0.0463654413553,0.194136994115,0.238828470415,0.555555555556,-0.0631884350118,0.00455811297903,0.0590095086075,0.0879490858271,0.344389664817,3,0.662657219142,0.507550114859,-0.00756426789665,0.0152918414559,design_only_not_support,
20B_trendpv_residual_momentum_design_and_replication_diagnostic_v3,P5_RESMOM_R3_BOARD_ADAPTATION,full_history_retrospective_proxy,paper_qfq_complete_case_sensitivity,VW,10,8,middle,1,full,,bucket_return,64,63,1,0.00677704424413,0.00826000857371,0.0476549066931,0.0813245309295,0.165081439245,0.492632795676,0.555555555556,-0.051247402859,0.00826000857371,0.0561469555096,0.0668919266679,0.24955410309,3,1.25653889701,0.208920652541,-0.00379386818185,0.0173479566701,design_only_not_support,
20B_trendpv_residual_momentum_design_and_replication_diagnostic_v3,P5_RESMOM_R3_BOARD_ADAPTATION,full_history_retrospective_proxy,paper_qfq_complete_case_sensitivity,VW,10,9,middle,1,full,,bucket_return,64,63,1,0.00131413336501,-0.00595817642568,0.0415581418094,0.0157696003802,0.143961626164,0.109540304596,0.428571428571,-0.0402518836099,-0.00595817642568,0.0577730492999,0.0595986307892,0.317706280761,3,0.288378210684,0.773057244958,-0.00761738077468,0.0102456475047,design_only_not_support,
20B_trendpv_residual_momentum_design_and_replication_diagnostic_v3,P5_RESMOM_R3_BOARD_ADAPTATION,full_history_retrospective_proxy,paper_qfq_complete_case_sensitivity,VW,10,10,favorable,1,full,,bucket_return,64,63,1,0.00699337566823,8.70098992694e-05,0.0415062922123,0.0839205080187,0.143782013891,0.583664853118,0.507936507937,-0.0336693380289,8.70098992694e-05,0.0721045059147,0.0555176750792,0.140571352196,3,1.63323954328,0.10241862632,-0.00139900283893,0.0153857541754,design_only_not_support,
20B_trendpv_residual_momentum_design_and_replication_diagnostic_v3,P5_RESMOM_R3_BOARD_ADAPTATION,full_history_retrospective_proxy,paper_qfq_complete_case_sensitivity,VW,10,,,1,full,,favorable_minus_unfavorable,64,63,1,0.00259283355701,0.00556268719346,0.0507816713491,0.0311140026841,0.17591286974,0.176871667946,0.571428571429,-0.0520476928961,0.00556268719346,0.0619477489432,0.0895278147555,0.402701744575,3,0.369470796694,0.711776836591,-0.0111615969287,0.0163472640428,design_only_not_support,
20B_trendpv_residual_momentum_design_and_replication_diagnostic_v3,P5_RESMOM_R3_BOARD_ADAPTATION,full_history_retrospective_proxy,paper_qfq_complete_case_sensitivity,VW,10,,,1,full,,favorable_minus_middle,64,63,1,0.00312255787171,0.00159608987164,0.0382465065508,0.0374706944605,0.132489785116,0.282819497576,0.507936507937,-0.0402119020896,0.00159608987164,0.0540771633108,0.061047018345,0.172095095905,3,0.673335558177,0.50073383581,-0.0059666709591,0.0122117867025,design_only_not_support,
20B_trendpv_residual_momentum_design_and_replication_diagnostic_v3,P5_RESMOM_R3_BOARD_ADAPTATION,full_history_retrospective_proxy,paper_qfq_complete_case_sensitivity,VW,10,1,unfavorable,1,early,,bucket_return,32,32,0,-0.00962219479231,-0.0131614648028,0.063077781162,-0.115466337508,0.218507843602,-0.528431087892,0.3125,-0.0812126386572,-0.0131614648028,0.0775745068062,0.0945395775429,0.367368653123,3,-0.967423591975,0.333332321001,-0.0291164012615,0.0098720116769,design_only_not_support,
20B_trendpv_residual_momentum_design_and_replication_diagnostic_v3,P5_RESMOM_R3_BOARD_ADAPTATION,full_history_retrospective_proxy,paper_qfq_complete_case_sensitivity,VW,10,2,middle,1,early,,bucket_return,32,32,0,-0.00704902491337,-0.00780598829618,0.0602343554062,-0.0845882989604,0.208657927849,-0.405392212183,0.4375,-0.076595431412,-0.00780598829618,0.0636264577631,0.0980837463221,0.343521605779,3,-0.870098563896,0.384246542446,-0.022927496077,0.00882944625025,design_only_not_support,
20B_trendpv_residual_momentum_design_and_replication_diagnostic_v3,P5_RESMOM_R3_BOARD_ADAPTATION,full_history_retrospective_proxy,paper_qfq_complete_case_sensitivity,VW,10,3,middle,1,early,,bucket_return,32,32,0,-0.00564262605013,-0.00825628343888,0.0671980707081,-0.0677115126016,0.232780945274,-0.290880821546,0.4375,-0.076671526014,-0.00825628343888,0.0828948301718,0.097822134607,0.347999700235,3,-0.676967679874,0.498426460934,-0.0219792166515,0.0106939645513,design_only_not_support,
20B_trendpv_residual_momentum_design_and_replication_diagnostic_v3,P5_RESMOM_R3_BOARD_ADAPTATION,full_history_retrospective_proxy,paper_qfq_complete_case_sensitivity,VW,10,4,middle,1,early,,bucket_return,32,32,0,-0.00563340917955,-0.00626770297158,0.0550346292762,-0.0676009101545,0.190645548164,-0.354589502905,0.5,-0.0674527155814,-0.00626770297158,0.0646776878971,0.0868226929158,0.322456147631,3,-0.752491261939,0.451755682716,-0.0203063757116,0.00903955735249,design_only_not_support,
20B_trendpv_residual_momentum_design_and_replication_diagnostic_v3,P5_RESMOM_R3_BOARD_ADAPTATION,full_history_retrospective_proxy,paper_qfq_complete_case_sensitivity,VW,10,5,middle,1,early,,bucket_return,32,32,0,-0.00153732153171,-0.00967867862508,0.0568862841849,-0.0184478583805,0.197059868924,-0.0936155011225,0.40625,-0.0709194223135,-0.00967867862508,0.075099908516,0.0846099966985,0.241418093648,3,-0.207642904167,0.835507801724,-0.0160482668823,0.0129736238189,design_only_not_support,
20B_trendpv_residual_momentum_design_and_replication_diagnostic_v3,P5_RESMOM_R3_BOARD_ADAPTATION,full_history_retrospective_proxy,paper_qfq_complete_case_sensitivity,VW,10,6,middle,1,early,,bucket_return,32,32,0,0.00114911338924,0.00507527561415,0.0529874971045,0.0137893606709,0.183554074302,0.0751242418528,0.53125,-0.0528836259271,0.00507527561415,0.0530077087063,0.0882345173413,0.169787964473,3,0.183399642027,0.854484456724,-0.011131286028,0.0134295128065,design_only_not_support,
20B_trendpv_residual_momentum_design_and_replication_diagnostic_v3,P5_RESMOM_R3_BOARD_ADAPTATION,full_history_retrospective_proxy,paper_qfq_complete_case_sensitivity,VW,10,7,middle,1,early,,bucket_return,32,32,0,-0.00522632809659,0.00247211446607,0.0616408085269,-0.0627159371591,0.213530024376,-0.293710157821,0.53125,-0.0680700019069,0.00247211446607,0.0591535379632,0.103717369923,0.312057786913,3,-0.631989719097,0.527393595207,-0.021434526634,0.0109818704408,design_only_not_support,
20B_trendpv_residual_momentum_design_and_replication_diagnostic_v3,P5_RESMOM_R3_BOARD_ADAPTATION,full_history_retrospective_proxy,paper_qfq_complete_case_sensitivity,VW,10,8,middle,1,early,,bucket_return,32,32,0,0.00339679309527,0.00740738951305,0.0533735768529,0.0407615171432,0.184891493782,0.220461830393,0.5625,-0.0613903597895,0.00740738951305,0.072752742933,0.0749127629176,0.24955410309,3,0.445713846592,0.65580396123,-0.0115401270398,0.0183337132304,design_only_not_support,
20B_trendpv_residual_momentum_design_and_replication_diagnostic_v3,P5_RESMOM_R3_BOARD_ADAPTATION,full_history_retrospective_proxy,paper_qfq_complete_case_sensitivity,VW,10,9,middle,1,early,,bucket_return,32,32,0,-0.00655323930435,-0.0120928524009,0.0386930779109,-0.0786388716522,0.134036753686,-0.586696331339,0.375,-0.0581796079767,-0.0120928524009,0.0387144662817,0.0679078270495,0.270186045297,3,-1.44034125689,0.149770874413,-0.0154706489509,0.00236417034224,design_only_not_support,
20B_trendpv_residual_momentum_design_and_replication_diagnostic_v3,P5_RESMOM_R3_BOARD_ADAPTATION,full_history_retrospective_proxy,paper_qfq_complete_case_sensitivity,VW,10,10,favorable,1,early,,bucket_return,32,32,0,0.00366609131084,0.00143342614328,0.0389924346223,0.0439930957301,0.135073755753,0.325696842328,0.53125,-0.0343015879189,0.00143342614328,0.0645395607123,0.0575069560226,0.140571352196,3,0.745257118911,0.456116298656,-0.00597542267266,0.0133076052943,design_only_not_support,
20B_trendpv_residual_momentum_design_and_replication_diagnostic_v3,P5_RESMOM_R3_BOARD_ADAPTATION,full_history_retrospective_proxy,paper_qfq_complete_case_sensitivity,VW,10,,,1,early,,favorable_minus_unfavorable,32,32,0,0.0132882861032,0.0159815584351,0.0507201107441,0.159459433238,0.175699617548,0.907568470909,0.6875,-0.0509109664203,0.0159815584351,0.0792423536721,0.0753941676542,0.166194121603,3,1.40475497915,0.160094150791,-0.0052520021073,0.0318285743136,design_only_not_support,
20B_trendpv_residual_momentum_design_and_replication_diagnostic_v3,P5_RESMOM_R3_BOARD_ADAPTATION,full_history_retrospective_proxy,paper_qfq_complete_case_sensitivity,VW,10,,,1,early,,favorable_minus_middle,32,32,0,0.00386019538207,-0.000830700279464,0.0415722913483,0.0463223445849,0.144010641605,0.321659177883,0.5,-0.0488429825371,-0.000830700279464,0.0680043625682,0.0609978476261,0.132870869631,3,0.562044230612,0.574085883987,-0.00960110091825,0.0173214916824,design_only_not_support,
20B_trendpv_residual_momentum_design_and_replication_diagnostic_v3,P5_RESMOM_R3_BOARD_ADAPTATION,full_history_retrospective_proxy,paper_qfq_complete_case_sensitivity,VW,10,1,unfavorable,1,late,,bucket_return,32,31,1,0.0188756253665,0.0129105623986,0.0659013884437,0.226507504398,0.228289106148,0.992195852969,0.548387096774,-0.0343756883327,0.0129105623986,0.0605723984008,0.0496298936992,0.127864920404,3,1.8614825228,0.0626760664704,-0.000998612210763,0.0387498629437,design_only_not_support,
20B_trendpv_residual_momentum_design_and_replication_diagnostic_v3,P5_RESMOM_R3_BOARD_ADAPTATION,full_history_retrospective_proxy,paper_qfq_complete_case_sensitivity,VW,10,2,middle,1,late,,bucket_return,32,31,1,0.0140815762082,0.000633164903905,0.0510294522781,0.168978914498,0.176771208056,0.955918762769,0.516129032258,-0.0401923654897,0.000633164903905,0.0556758518123,0.0409275376134,0.0875033610988,3,1.83363765406,0.0667077989298,-0.000970133791565,0.0291332862079,design_only_not_support,
20B_trendpv_residual_momentum_design_and_replication_diagnostic_v3,P5_RESMOM_R3_BOARD_ADAPTATION,full_history_retrospective_proxy,paper_qfq_complete_case_sensitivity,VW,10,3,middle,1,late,,bucket_return,32,31,1,0.0102118349337,0.0024221064865,0.0497929216691,0.122542019204,0.172487740376,0.710439008224,0.548387096774,-0.052942381578,0.0024221064865,0.0707283530341,0.0623530795953,0.108270910772,3,1.46018406471,0.144239493659,-0.00349522376517,0.0239188936325,design_only_not_support,
20B_trendpv_residual_momentum_design_and_replication_diagnostic_v3,P5_RESMOM_R3_BOARD_ADAPTATION,full_history_retrospective_proxy,paper_qfq_complete_case_sensitivity,VW,10,4,middle,1,late,,bucket_return,32,31,1,0.011578222568,0.00764302472569,0.0453298877274,0.138938670816,0.15702733729,0.884805621833,0.677419354839,-0.0416587273767,0.00764302472569,0.0516816973361,0.0482416350406,0.109591576801,3,1.77492518682,0.0759102408991,-0.00120704827425,0.0243634934103,design_only_not_support,
20B_trendpv_residual_momentum_design_and_replication_diagnostic_v3,P5_RESMOM_R3_BOARD_ADAPTATION,full_history_retrospective_proxy,paper_qfq_complete_case_sensitivity,VW,10,5,middle,1,late,,bucket_return,32,31,1,0.00469362156233,-0.0030889711592,0.0504074105101,0.056323458748,0.174616392163,0.322555391566,0.451612903226,-0.0365694280809,-0.0030889711592,0.0446423233081,0.053272102663,0.201100634621,3,0.685053017723,0.493310465873,-0.00873501677841,0.0181222599031,design_only_not_support,
20B_trendpv_residual_momentum_design_and_replication_diagnostic_v3,P5_RESMOM_R3_BOARD_ADAPTATION,full_history_retrospective_proxy,paper_qfq_complete_case_sensitivity,VW,10,6,middle,1,late,,bucket_return,32,31,1,0.0114401107899,0.00689325713216,0.051798868234,0.137281329479,0.179436543112,0.765068960304,0.58064516129,-0.0368353185609,0.00689325713216,0.0774024275725,0.0528554414956,0.103568714092,3,1.66620287539,0.0956730134727,-0.00201695704891,0.0248971786288,design_only_not_support,
20B_trendpv_residual_momentum_design_and_replication_diagnostic_v3,P5_RESMOM_R3_BOARD_ADAPTATION,full_history_retrospective_proxy,paper_qfq_complete_case_sensitivity,VW,10,7,middle,1,late,,bucket_return,32,31,1,0.0132471311679,0.00823978846143,0.0488420910948,0.158965574015,0.169193966648,0.939546351235,0.58064516129,-0.0241986302874,0.00823978846143,0.0559310244101,0.0448708956963,0.113158776274,3,2.0011421743,0.045377070496,0.00027259076744,0.0262216715685,design_only_not_support,
20B_trendpv_residual_momentum_design_and_replication_diagnostic_v3,P5_RESMOM_R3_BOARD_ADAPTATION,full_history_retrospective_proxy,paper_qfq_complete_case_sensitivity,VW,10,8,middle,1,late,,bucket_return,32,31,1,0.0102663357526,0.00826000857371,0.0415320853272,0.123196029031,0.143871363862,0.85629291142,0.548387096774,-0.0381792223938,0.00826000857371,0.0553237033379,0.046511560606,0.109197783387,3,1.45647035979,0.145262637592,-0.00354901462037,0.0240816861256,design_only_not_support,
20B_trendpv_residual_momentum_design_and_replication_diagnostic_v3,P5_RESMOM_R3_BOARD_ADAPTATION,full_history_retrospective_proxy,paper_qfq_complete_case_sensitivity,VW,10,9,middle,1,late,,bucket_return,32,31,1,0.00943529224951,-0.00103025862846,0.0434518573282,0.113223506994,0.150521649151,0.752207457415,0.483870967742,-0.0355624591577,-0.00103025862846,0.0613700092505,0.045280391621,0.138019642151,3,1.38730721623,0.165348103609,-0.00389472778951,0.0227653122885,design_only_not_support,
20B_trendpv_residual_momentum_design_and_replication_diagnostic_v3,P5_RESMOM_R3_BOARD_ADAPTATION,full_history_retrospective_proxy,paper_qfq_complete_case_sensitivity,VW,10,10,favorable,1,late,,bucket_return,32,31,1,0.0104279917791,-0.00263038290417,0.044331784304,0.125135901349,0.153569805609,0.814847038793,0.483870967742,-0.0282849641875,-0.00263038290417,0.0735476815382,0.0467202164129,0.113058907634,3,1.51133980616,0.130701897022,-0.00309543176519,0.0239514153233,design_only_not_support,
20B_trendpv_residual_momentum_design_and_replication_diagnostic_v3,P5_RESMOM_R3_BOARD_ADAPTATION,full_history_retrospective_proxy,paper_qfq_complete_case_sensitivity,VW,10,,,1,late,,favorable_minus_unfavorable,32,31,1,-0.0084476335874,-0.00757540175007,0.0492262160563,-0.101371603049,0.170524614548,-0.59446903497,0.451612903226,-0.0519256515172,-0.00757540175007,0.0430122056344,0.0942609210473,0.402701744575,3,-0.991398245319,0.321491156724,-0.0251483466097,0.00825307943491,design_only_not_support,
20B_trendpv_residual_momentum_design_and_replication_diagnostic_v3,P5_RESMOM_R3_BOARD_ADAPTATION,full_history_retrospective_proxy,paper_qfq_complete_case_sensitivity,VW,10,,,1,late,,favorable_minus_middle,32,31,1,0.00236112560295,0.00159608987164,0.0351577416973,0.0283335072354,0.121789989798,0.232642331955,0.516129032258,-0.03754892548,0.00159608987164,0.0324601353445,0.0548302738768,0.172095095905,3,0.386442217325,0.699169188893,-0.00961407000789,0.0143363212138,design_only_not_support,
20B_trendpv_residual_momentum_design_and_replication_diagnostic_v3,P5_RESMOM_R3_BOARD_ADAPTATION,full_history_retrospective_proxy,paper_qfq_complete_case_sensitivity,VW,10,1,unfavorable,1,P5_date_scope,pre_snapshot_decision_retrospective,bucket_return,48,48,0,-0.000620495133222,-0.0129963477505,0.070461088111,-0.00744594159866,0.24408436913,-0.0305056060133,0.354166666667,-0.0718543993382,-0.0129963477505,0.0799693260625,0.0915517783843,0.397959248773,3,-0.0660396095666,0.947346290394,-0.0190359297743,0.0177949395079,design_only_not_support,
20B_trendpv_residual_momentum_design_and_replication_diagnostic_v3,P5_RESMOM_R3_BOARD_ADAPTATION,full_history_retrospective_proxy,paper_qfq_complete_case_sensitivity,VW,10,2,middle,1,P5_date_scope,pre_snapshot_decision_retrospective,bucket_return,48,48,0,-0.000612570884806,-0.00364068716114,0.0608873804082,-0.00735085061767,0.210920072814,-0.0348513563437,0.416666666667,-0.0700832777428,-0.00364068716114,0.0648917975916,0.0929678909415,0.343521605779,3,-0.0869427227372,0.930717040238,-0.0144218562902,0.0131967145206,design_only_not_support,
20B_trendpv_residual_momentum_design_and_replication_diagnostic_v3,P5_RESMOM_R3_BOARD_ADAPTATION,full_history_retrospective_proxy,paper_qfq_complete_case_sensitivity,VW,10,3,middle,1,P5_date_scope,pre_snapshot_decision_retrospective,bucket_return,48,48,0,-0.00299874482584,-0.00701174724445,0.0639071762942,-0.0359849379101,0.22138095262,-0.162547579113,0.4375,-0.0708811680819,-0.00701174724445,0.0755521831113,0.0947255676858,0.347999700235,3,-0.466600365134,0.640785825716,-0.0155950312771,0.0095975416254,design_only_not_support,
20B_trendpv_residual_momentum_design_and_replication_diagnostic_v3,P5_RESMOM_R3_BOARD_ADAPTATION,full_history_retrospective_proxy,paper_qfq_complete_case_sensitivity,VW,10,4,middle,1,P5_date_scope,pre_snapshot_decision_retrospective,bucket_return,48,48,0,-0.000648593656722,0.00127786406759,0.0546140446625,-0.00778312388067,0.189188600325,-0.0411394971331,0.541666666667,-0.0593668735272,0.00127786406759,0.0670474384787,0.0819032965577,0.322456147631,3,-0.101511142178,0.91914471307,-0.013171555969,0.0118743686556,design_only_not_support,
20B_trendpv_residual_momentum_design_and_replication_diagnostic_v3,P5_RESMOM_R3_BOARD_ADAPTATION,full_history_retrospective_proxy,paper_qfq_complete_case_sensitivity,VW,10,5,middle,1,P5_date_scope,pre_snapshot_decision_retrospective,bucket_return,48,48,0,-0.00169043127793,-0.0119151967215,0.0596692848783,-0.0202851753351,0.206700466121,-0.0981380241458,0.354166666667,-0.0670146238916,-0.0119151967215,0.0743399414771,0.0811856941006,0.324606275172,3,-0.265224613537,0.790836434808,-0.0141824258138,0.0108015632579,design_only_not_support,
20B_trendpv_residual_momentum_design_and_replication_diagnostic_v3,P5_RESMOM_R3_BOARD_ADAPTATION,full_history_retrospective_proxy,paper_qfq_complete_case_sensitivity,VW,10,6,middle,1,P5_date_scope,pre_snapshot_decision_retrospective,bucket_return,48,48,0,0.00389938124345,0.000611474033623,0.0556307321759,0.0467925749214,0.192710509182,0.242812782344,0.5,-0.0495307911326,0.000611474033623,0.0542086781931,0.0813562229642,0.198977440611,3,0.678184197917,0.497654910508,-0.00736989754928,0.0151686600362,design_only_not_support,
20B_trendpv_residual_momentum_design_and_replication_diagnostic_v3,P5_RESMOM_R3_BOARD_ADAPTATION,full_history_retrospective_proxy,paper_qfq_complete_case_sensitivity,VW,10,7,middle,1,P5_date_scope,pre_snapshot_decision_retrospective,bucket_return,48,48,0,-0.0013326905835,-0.00417401458737,0.0616178133987,-0.015992287002,0.213450366916,-0.0749227430858,0.458333333333,-0.0649050725043,-0.00417401458737,0.0667827695186,0.0978068750126,0.344389664817,3,-0.193515547262,0.846555231227,-0.0148304461032,0.0121650649362,design_only_not_support,
20B_trendpv_residual_momentum_design_and_replication_diagnostic_v3,P5_RESMOM_R3_BOARD_ADAPTATION,full_history_retrospective_proxy,paper_qfq_complete_case_sensitivity,VW,10,8,middle,1,P5_date_scope,pre_snapshot_decision_retrospective,bucket_return,48,48,0,0.00635114193172,0.00270089116463,0.052228399104,0.0762137031807,0.180924481692,0.421245939012,0.541666666667,-0.0537295497597,0.00270089116463,0.0733846086537,0.0714092161916,0.24955410309,3,0.967612193196,0.333238085399,-0.0065135258912,0.0192158097546,design_only_not_support,
20B_trendpv_residual_momentum_design_and_replication_diagnostic_v3,P5_RESMOM_R3_BOARD_ADAPTATION,full_history_retrospective_proxy,paper_qfq_complete_case_sensitivity,VW,10,9,middle,1,P5_date_scope,pre_snapshot_decision_retrospective,bucket_return,48,48,0,-0.00245918098448,-0.00825648852935,0.0422568273968,-0.0295101718137,0.146381944036,-0.201597075432,0.395833333333,-0.0519008221475,-0.00825648852935,0.0456063024444,0.065058374021,0.317706280761,3,-0.488498733908,0.625196622298,-0.012325954072,0.0074075921031,design_only_not_support,
20B_trendpv_residual_momentum_design_and_replication_diagnostic_v3,P5_RESMOM_R3_BOARD_ADAPTATION,full_history_retrospective_proxy,paper_qfq_complete_case_sensitivity,VW,10,10,favorable,1,P5_date_scope,pre_snapshot_decision_retrospective,bucket_return,48,48,0,0.00337642586255,-0.00487308279868,0.0391393627707,0.0405171103506,0.135582729789,0.298836809183,0.479166666667,-0.0362181961621,-0.00487308279868,0.0631114173963,0.055702056104,0.140571352196,3,0.857272986597,0.391294034035,-0.00434302079042,0.0110958725155,design_only_not_support,
20B_trendpv_residual_momentum_design_and_replication_diagnostic_v3,P5_RESMOM_R3_BOARD_ADAPTATION,full_history_retrospective_proxy,paper_qfq_complete_case_sensitivity,VW,10,,,1,P5_date_scope,pre_snapshot_decision_retrospective,favorable_minus_unfavorable,48,48,0,0.00399692099577,0.0069106711698,0.0523140824435,0.0479630519493,0.181221297487,0.264665646998,0.583333333333,-0.0493985498912,0.0069106711698,0.0633588679539,0.0942555734456,0.32168970311,3,0.463271757359,0.643169587082,-0.0129128540473,0.0209066960389,design_only_not_support,
20B_trendpv_residual_momentum_design_and_replication_diagnostic_v3,P5_RESMOM_R3_BOARD_ADAPTATION,full_history_retrospective_proxy,paper_qfq_complete_case_sensitivity,VW,10,,,1,P5_date_scope,pre_snapshot_decision_retrospective,favorable_minus_middle,48,48,0,0.00227195087979,-0.00260281324273,0.0385307232649,0.0272634105575,0.133474340694,0.204259563416,0.479166666667,-0.0432976712899,-0.00260281324273,0.0417746573072,0.0661499517313,0.139795335043,3,0.419598330959,0.674778907856,-0.00834044094945,0.012884342709,design_only_not_support,
20B_trendpv_residual_momentum_design_and_replication_diagnostic_v3,P5_RESMOM_R3_BOARD_ADAPTATION,full_history_retrospective_proxy,paper_qfq_complete_case_sensitivity,VW,10,1,unfavorable,1,P5_date_scope,mixed_post_snapshot_decision,bucket_return,12,12,0,0.0259394997721,0.0309889655605,0.0422570235631,0.311273997266,0.146382623576,2.12644089621,0.666666666667,-0.0171747099983,0.0309889655605,0.059256306819,0.0235828053949,0.0466420907103,2,1.86903239704,0.061618307231,-0.00126200053946,0.0531410000838,design_only_not_support,
20B_trendpv_residual_momentum_design_and_replication_diagnostic_v3,P5_RESMOM_R3_BOARD_ADAPTATION,full_history_retrospective_proxy,paper_qfq_complete_case_sensitivity,VW,10,2,middle,1,P5_date_scope,mixed_post_snapshot_decision,bucket_return,12,12,0,0.0172912887981,0.00949184513094,0.0410232056845,0.207495465577,0.14210855307,1.46011947272,0.666666666667,-0.019046986396,0.00949184513094,0.0546749028484,0.0305881966559,0.0410350000446,2,1.30381908692,0.192295273201,-0.00870181379601,0.0432843913922,design_only_not_support,
20B_trendpv_residual_momentum_design_and_replication_diagnostic_v3,P5_RESMOM_R3_BOARD_ADAPTATION,full_history_retrospective_proxy,paper_qfq_complete_case_sensitivity,VW,10,3,middle,1,P5_date_scope,mixed_post_snapshot_decision,bucket_return,12,12,0,0.0236303577234,0.0190234643815,0.0365896736436,0.28356429268,0.126750347566,2.23718749593,0.666666666667,-0.0155619725154,0.0190234643815,0.07714278558,0.0169026656626,0.0334297350775,2,2.36460912244,0.018049109231,0.00404375897428,0.0432169564724,design_only_not_support,
20B_trendpv_residual_momentum_design_and_replication_diagnostic_v3,P5_RESMOM_R3_BOARD_ADAPTATION,full_history_retrospective_proxy,paper_qfq_complete_case_sensitivity,VW,10,4,middle,1,P5_date_scope,mixed_post_snapshot_decision,bucket_return,12,12,0,0.0202941572725,0.023157778332,0.0354020760485,0.24352988727,0.122636388819,1.9857881467,0.833333333333,-0.021784061042,0.023157778332,0.0504409320568,0.0369806061583,0.0492010439195,2,1.98318572901,0.0473466873727,0.000237630660334,0.0403506838847,design_only_not_support,
20B_trendpv_residual_momentum_design_and_replication_diagnostic_v3,P5_RESMOM_R3_BOARD_ADAPTATION,full_history_retrospective_proxy,paper_qfq_complete_case_sensitivity,VW,10,5,middle,1,P5_date_scope,mixed_post_snapshot_decision,bucket_return,12,12,0,0.0106407778688,0.00707628353514,0.0252632384463,0.127689334426,0.0875144251053,1.45906613992,0.583333333333,-0.0132291563065,0.00707628353514,0.0425837796505,0.0154654073564,0.0222297657346,2,1.65584816663,0.0977525706673,-0.00195430289442,0.0232358586321,design_only_not_support,
20B_trendpv_residual_momentum_design_and_replication_diagnostic_v3,P5_RESMOM_R3_BOARD_ADAPTATION,full_history_retrospective_proxy,paper_qfq_complete_case_sensitivity,VW,10,6,middle,1,P5_date_scope,mixed_post_snapshot_decision,bucket_return,12,12,0,0.0238209946529,0.0225852825056,0.033261558196,0.285851935834,0.115221417469,2.48089237326,0.833333333333,-0.00839334588956,0.0225852825056,0.0736038263175,0.0222402339093,0.034820613025,2,2.79288740039,0.00522398727223,0.00710414040767,0.040537848898,design_only_not_support,
20B_trendpv_residual_momentum_design_and_replication_diagnostic_v3,P5_RESMOM_R3_BOARD_ADAPTATION,full_history_retrospective_proxy,paper_qfq_complete_case_sensitivity,VW,10,7,middle,1,P5_date_scope,mixed_post_snapshot_decision,bucket_return,12,12,0,0.0177288333083,0.0215513884552,0.0177502331449,0.2127459997,0.0614886113064,3.45992526388,0.916666666667,0.002731327987,0.0215513884552,0.0321280828461,0.00771316883256,0.0175456144883,2,3.44854017727,0.000563625612349,0.00765272197248,0.0278049446441,design_only_not_support,
20B_trendpv_residual_momentum_design_and_replication_diagnostic_v3,P5_RESMOM_R3_BOARD_ADAPTATION,full_history_retrospective_proxy,paper_qfq_complete_case_sensitivity,VW,10,8,middle,1,P5_date_scope,mixed_post_snapshot_decision,bucket_return,12,12,0,0.00777016529796,0.00982937821985,0.0330521339632,0.0932419835756,0.114495950646,0.814369268517,0.583333333333,-0.0200408088197,0.00982937821985,0.045725887175,0.0395654042814,0.0976099651096,2,0.717410072297,0.4731211065,-0.0134579226897,0.0289982532856,design_only_not_support,
20B_trendpv_residual_momentum_design_and_replication_diagnostic_v3,P5_RESMOM_R3_BOARD_ADAPTATION,full_history_retrospective_proxy,paper_qfq_complete_case_sensitivity,VW,10,9,middle,1,P5_date_scope,mixed_post_snapshot_decision,bucket_return,12,12,0,0.0131936189312,0.00587452463255,0.0348514873356,0.158323427174,0.120729093569,1.3113941511,0.583333333333,-0.0144606061056,0.00587452463255,0.0430787245422,0.0246975111778,0.0369496740965,2,1.39824837571,0.162038494404,-0.00530024695129,0.0316874848136,design_only_not_support,
20B_trendpv_residual_momentum_design_and_replication_diagnostic_v3,P5_RESMOM_R3_BOARD_ADAPTATION,full_history_retrospective_proxy,paper_qfq_complete_case_sensitivity,VW,10,10,favorable,1,P5_date_scope,mixed_post_snapshot_decision,bucket_return,12,12,0,0.0213253328822,0.0224404610563,0.0331151964039,0.255903994586,0.114714405348,2.23079214689,0.666666666667,-0.0200111028032,0.0224404610563,0.0707414862115,0.0250021402278,0.0282849641875,2,2.25400126234,0.0241960885617,0.00278191628974,0.0398687494747,design_only_not_support,
20B_trendpv_residual_momentum_design_and_replication_diagnostic_v3,P5_RESMOM_R3_BOARD_ADAPTATION,full_history_retrospective_proxy,paper_qfq_complete_case_sensitivity,VW,10,,,1,P5_date_scope,mixed_post_snapshot_decision,favorable_minus_unfavorable,12,12,0,-0.00461416688995,0.00271407764543,0.0430669489833,-0.0553700026794,0.149188287532,-0.371141753789,0.583333333333,-0.050422988327,0.00271407764543,0.0402725212374,0.0776321421686,0.116866267084,2,-0.401875333026,0.687775777209,-0.0271176653128,0.0178893315329,design_only_not_support,
20B_trendpv_residual_momentum_design_and_replication_diagnostic_v3,P5_RESMOM_R3_BOARD_ADAPTATION,full_history_retrospective_proxy,paper_qfq_complete_case_sensitivity,VW,10,,,1,P5_date_scope,mixed_post_snapshot_decision,favorable_minus_middle,12,12,0,0.00409444662135,0.00916286205564,0.0303111708455,0.0491333594562,0.105000975883,0.467932407706,0.666666666667,-0.034945800665,0.00916286205564,0.0258356873172,0.0468016397861,0.0651812517631,2,0.459015320952,0.646223163981,-0.0133885600413,0.021577453284,design_only_not_support,
20B_trendpv_residual_momentum_design_and_replication_diagnostic_v3,P5_RESMOM_R3_BOARD_ADAPTATION,full_history_retrospective_proxy,paper_qfq_complete_case_sensitivity,VW,10,1,unfavorable,1,P5_date_scope,fully_post_snapshot_score,bucket_return,3,3,0,-0.00141869262142,0.0309411863177,0.0572518565047,-0.017024311457,0.198326248588,-0.0858399308122,0.666666666667,-0.0478298521727,0.0309411863177,0.0320485153543,0.0675226117953,0.0675226117953,1,-0.0910336941358,0.927465818151,-0.0319632780028,0.0291258927599,design_only_not_support,
20B_trendpv_residual_momentum_design_and_replication_diagnostic_v3,P5_RESMOM_R3_BOARD_ADAPTATION,full_history_retrospective_proxy,paper_qfq_complete_case_sensitivity,VW,10,2,middle,1,P5_date_scope,fully_post_snapshot_score,bucket_return,3,3,0,0.0109560007064,0.0120551211953,0.0283809694459,0.131472008477,0.0983145620965,1.33725875062,0.666666666667,-0.0119558255391,0.0120551211953,0.0334281787564,0.0179585622227,0.0179585622227,1,1.18072440826,0.237712221869,-0.00723060291503,0.0291426043279,design_only_not_support,
20B_trendpv_residual_momentum_design_and_replication_diagnostic_v3,P5_RESMOM_R3_BOARD_ADAPTATION,full_history_retrospective_proxy,paper_qfq_complete_case_sensitivity,VW,10,3,middle,1,P5_date_scope,fully_post_snapshot_score,bucket_return,3,3,0,-0.00120723056681,0.01024621992,0.0489748763253,-0.0144867668017,0.16965394818,-0.0853900952919,0.666666666667,-0.0418658436419,0.01024621992,0.0348700023136,0.0548938595324,0.0548938595324,1,-0.082765086325,0.934038330923,-0.0297957156037,0.0273812544701,design_only_not_support,
20B_trendpv_residual_momentum_design_and_replication_diagnostic_v3,P5_RESMOM_R3_BOARD_ADAPTATION,full_history_retrospective_proxy,paper_qfq_complete_case_sensitivity,VW,10,4,middle,1,P5_date_scope,fully_post_snapshot_score,bucket_return,3,3,0,-0.011247195295,-0.0218341495093,0.0263952006969,-0.13496634354,0.091435657366,-1.47607998266,0.333333333333,-0.02893112029,-0.0218341495093,0.0106715113858,0.0307053629852,0.0518690870084,1,-1.05919706895,0.289510039644,-0.032059278666,0.00956488807602,design_only_not_support,
20B_trendpv_residual_momentum_design_and_replication_diagnostic_v3,P5_RESMOM_R3_BOARD_ADAPTATION,full_history_retrospective_proxy,paper_qfq_complete_case_sensitivity,VW,10,5,middle,1,P5_date_scope,fully_post_snapshot_score,bucket_return,3,3,0,0.0165864487774,0.00735659047023,0.0176301184873,0.199037385329,0.0610725219269,3.25903334346,1,0.00586125687525,0.00735659047023,0.0310035840024,-0.00548742347651,0,1,2.14837101424,0.0316842935397,0.00145459211967,0.0317183054351,design_only_not_support,
20B_trendpv_residual_momentum_design_and_replication_diagnostic_v3,P5_RESMOM_R3_BOARD_ADAPTATION,full_history_retrospective_proxy,paper_qfq_complete_case_sensitivity,VW,10,6,middle,1,P5_date_scope,fully_post_snapshot_score,bucket_return,3,3,0,-0.0272023908588,-0.00886670771304,0.0460855453104,-0.326428690306,0.159645011944,-2.04471587512,0.333333333333,-0.0654803191391,-0.00886670771304,0.00374126416312,0.0796337219956,0.0877943407716,1,-2.10799442474,0.0350314716891,-0.0524945385755,-0.00191024314208,design_only_not_support,
20B_trendpv_residual_momentum_design_and_replication_diagnostic_v3,P5_RESMOM_R3_BOARD_ADAPTATION,full_history_retrospective_proxy,paper_qfq_complete_case_sensitivity,VW,10,7,middle,1,P5_date_scope,fully_post_snapshot_score,bucket_return,3,3,0,0.0315472384746,0.0559310244101,0.0587876442528,0.378566861695,0.203646373406,1.85894231929,0.666666666667,-0.0172207322616,0.0559310244101,0.0705616948365,0.0355086714295,0.0355086714295,1,1.92566596328,0.0541460964576,-0.000561887615235,0.0636563645644,design_only_not_support,
20B_trendpv_residual_momentum_design_and_replication_diagnostic_v3,P5_RESMOM_R3_BOARD_ADAPTATION,full_history_retrospective_proxy,paper_qfq_complete_case_sensitivity,VW,10,8,middle,1,P5_date_scope,fully_post_snapshot_score,bucket_return,3,3,0,0.00961899702725,0.00826000857371,0.0163228364901,0.115427964327,0.056543964249,2.041384361,0.666666666667,-0.00313348670086,0.00826000857371,0.0229150761368,0.0059818605195,0.0059818605195,1,1.25225947121,0.210475331815,-0.00543609991889,0.0246740939734,design_only_not_support,
20B_trendpv_residual_momentum_design_and_replication_diagnostic_v3,P5_RESMOM_R3_BOARD_ADAPTATION,full_history_retrospective_proxy,paper_qfq_complete_case_sensitivity,VW,10,9,middle,1,P5_date_scope,fully_post_snapshot_score,bucket_return,3,3,0,0.0141692206922,-0.00103025862846,0.0588231229346,0.170030648307,0.203769275165,0.834427310834,0.333333333333,-0.0286560190519,-0.00103025862846,0.0630742521646,0.0355624591577,0.0365560792558,1,0.637425990825,0.523847403166,-0.0293984446454,0.0577368860298,design_only_not_support,
20B_trendpv_residual_momentum_design_and_replication_diagnostic_v3,P5_RESMOM_R3_BOARD_ADAPTATION,full_history_retrospective_proxy,paper_qfq_complete_case_sensitivity,VW,10,10,favorable,1,P5_date_scope,fully_post_snapshot_score,bucket_return,3,3,0,0.00753674370317,-0.0197528556274,0.0991377564465,0.0904409244381,0.343423262227,0.263351189001,0.333333333333,-0.0640289819618,-0.0197528556274,0.0900183091004,0.0750980135454,0.0933674689533,1,0.199629198593,0.841770590231,-0.0664591763477,0.0815326637541,design_only_not_support,
20B_trendpv_residual_momentum_design_and_replication_diagnostic_v3,P5_RESMOM_R3_BOARD_ADAPTATION,full_history_retrospective_proxy,paper_qfq_complete_case_sensitivity,VW,10,,,1,P5_date_scope,fully_post_snapshot_score,favorable_minus_unfavorable,3,3,0,0.00895543632459,-0.00757540175007,0.0707623556618,0.107465235895,0.245127990539,0.438404588798,0.333333333333,-0.0431776429427,-0.00757540175007,0.0677008508217,0.0520782032408,0.0592590916789,1,0.27220641544,0.785463309223,-0.0555262645702,0.0734371372193,design_only_not_support,
20B_trendpv_residual_momentum_design_and_replication_diagnostic_v3,P5_RESMOM_R3_BOARD_ADAPTATION,full_history_retrospective_proxy,paper_qfq_complete_case_sensitivity,VW,10,,,1,P5_date_scope,fully_post_snapshot_score,favorable_minus_middle,3,3,0,0.0128447147439,-0.0180632135091,0.0723887465187,0.154136576927,0.250761973733,0.614672849442,0.333333333333,-0.034780200928,-0.0180632135091,0.072832801717,0.0389594477827,0.0563189284684,1,0.436408670606,0.662540249205,-0.0448424486545,0.0705318781422,design_only_not_support,
20B_trendpv_residual_momentum_design_and_replication_diagnostic_v3,P5_RESMOM_R3_BOARD_ADAPTATION,full_history_retrospective_proxy,project_conservative_primary,EW,5,1,unfavorable,1,full,,bucket_return,64,63,1,0.00482633827371,0.00333234162802,0.0615650379178,0.0579160592845,0.213267547287,0.271565271047,0.539682539683,-0.0716194354065,0.00333234162802,0.0719798461708,0.0819861682012,0.295035704764,3,0.718180268698,0.472646142396,-0.00834507509695,0.0179977516444,design_only_not_support,
20B_trendpv_residual_momentum_design_and_replication_diagnostic_v3,P5_RESMOM_R3_BOARD_ADAPTATION,full_history_retrospective_proxy,project_conservative_primary,EW,5,2,middle,1,full,,bucket_return,64,63,1,0.00539755996169,0.00206460158903,0.056521741691,0.0647707195402,0.195797056682,0.330805378987,0.507936507937,-0.0622648319659,0.00206460158903,0.0584463837157,0.07999905188,0.295191763246,3,0.928469386441,0.353164140643,-0.00599648628668,0.0167916062101,design_only_not_support,
20B_trendpv_residual_momentum_design_and_replication_diagnostic_v3,P5_RESMOM_R3_BOARD_ADAPTATION,full_history_retrospective_proxy,project_conservative_primary,EW,5,3,middle,1,full,,bucket_return,64,63,1,0.00429741620176,0.000812508998577,0.0551251354423,0.0515689944211,0.19095907072,0.270052604606,0.507936507937,-0.060391659029,0.000812508998577,0.0646560679406,0.0822069351486,0.302635726021,3,0.756064828383,0.449610328157,-0.00684287318326,0.0154377055868,design_only_not_support,
20B_trendpv_residual_momentum_design_and_replication_diagnostic_v3,P5_RESMOM_R3_BOARD_ADAPTATION,full_history_retrospective_proxy,project_conservative_primary,EW,5,4,middle,1,full,,bucket_return,64,63,1,0.0066012403186,-0.00102703189245,0.0568434516508,0.0792148838232,0.196911492674,0.402286746942,0.47619047619,-0.0625521092342,-0.00102703189245,0.062615527243,0.0767302870521,0.281646741014,3,1.10689846,0.268337831793,-0.00508744996811,0.0182899306053,design_only_not_support,
20B_trendpv_residual_momentum_design_and_replication_diagnostic_v3,P5_RESMOM_R3_BOARD_ADAPTATION,full_history_retrospective_proxy,project_conservative_primary,EW,5,5,favorable,1,full,,bucket_return,64,63,1,0.0037540390539,0.000175915748026,0.0496559666584,0.0450484686468,0.172013314303,0.261889428905,0.507936507937,-0.0574139256358,0.000175915748026,0.0730584298854,0.0656493550105,0.286922709043,3,0.726393370231,0.467597654332,-0.00637515766476,0.0138832357726,design_only_not_support,
20B_trendpv_residual_momentum_design_and_replication_diagnostic_v3,P5_RESMOM_R3_BOARD_ADAPTATION,full_history_retrospective_proxy,project_conservative_primary,EW,5,,,1,full,,favorable_minus_unfavorable,64,63,1,-0.00107229921981,0.00150656825922,0.0251983892911,-0.0128675906377,0.0872897810422,-0.147412337207,0.52380952381,-0.0286954972494,0.00150656825922,0.0302716316205,0.0429475752043,0.203240270717,3,-0.35137695718,0.725305567166,-0.00705353335746,0.00490893491785,design_only_not_support,
20B_trendpv_residual_momentum_design_and_replication_diagnostic_v3,P5_RESMOM_R3_BOARD_ADAPTATION,full_history_retrospective_proxy,project_conservative_primary,EW,5,,,1,full,,favorable_minus_middle,64,63,1,-0.000543377147859,-0.000665595920886,0.0207701978176,-0.00652052577431,0.0719500758067,-0.0906256970712,0.460317460317,-0.0228338654455,-0.000665595920886,0.0257370464929,0.0354901747204,0.163266970936,3,-0.227648918686,0.819919186669,-0.00522163191829,0.00413487762257,design_only_not_support,
20B_trendpv_residual_momentum_design_and_replication_diagnostic_v3,P5_RESMOM_R3_BOARD_ADAPTATION,full_history_retrospective_proxy,project_conservative_primary,EW,5,1,unfavorable,1,early,,bucket_return,32,32,0,-0.0033010777883,-0.00144686448927,0.0556919736528,-0.0396129334595,0.192922655881,-0.205330645479,0.5,-0.0729689115902,-0.00144686448927,0.0543325361573,0.0827706515723,0.252105665581,3,-0.421424264374,0.67344530396,-0.0186537618224,0.0120516062458,design_only_not_support,
20B_trendpv_residual_momentum_design_and_replication_diagnostic_v3,P5_RESMOM_R3_BOARD_ADAPTATION,full_history_retrospective_proxy,project_conservative_primary,EW,5,2,middle,1,early,,bucket_return,32,32,0,-0.00377071514276,-0.00239673174981,0.0516786720976,-0.0452485817132,0.179020171482,-0.252756889565,0.4375,-0.0744178202617,-0.00239673174981,0.055981400453,0.0811679257512,0.22358051905,3,-0.579419403295,0.562306214834,-0.0165256657601,0.0089842354746,design_only_not_support,
20B_trendpv_residual_momentum_design_and_replication_diagnostic_v3,P5_RESMOM_R3_BOARD_ADAPTATION,full_history_retrospective_proxy,project_conservative_primary,EW,5,3,middle,1,early,,bucket_return,32,32,0,-0.000795747943556,-0.00374471191394,0.0508807512126,-0.00954897532267,0.176256092455,-0.0541767106582,0.46875,-0.0603229422337,-0.00374471191394,0.0624414068465,0.0862405082922,0.242132702399,3,-0.110836847327,0.911745725412,-0.0148672173849,0.0132757214978,design_only_not_support,
20B_trendpv_residual_momentum_design_and_replication_diagnostic_v3,P5_RESMOM_R3_BOARD_ADAPTATION,full_history_retrospective_proxy,project_conservative_primary,EW,5,4,middle,1,early,,bucket_return,32,32,0,-0.000437291842762,-0.00304842899094,0.0476558194494,-0.00524750211314,0.165084601125,-0.0317867449621,0.4375,-0.0687613990234,-0.00304842899094,0.0558594326471,0.0784126508279,0.225004123833,3,-0.0696910233047,0.944439586776,-0.012735522259,0.0118609385735,design_only_not_support,
20B_trendpv_residual_momentum_design_and_replication_diagnostic_v3,P5_RESMOM_R3_BOARD_ADAPTATION,full_history_retrospective_proxy,project_conservative_primary,EW,5,5,favorable,1,early,,bucket_return,32,32,0,-0.00567221022125,-0.0015448113842,0.040461474872,-0.0680665226549,0.140162660455,-0.485625218827,0.5,-0.0585351020793,-0.0015448113842,0.0327123329203,0.0645991903536,0.201883732704,3,-1.13808972931,0.255083016366,-0.0154406207956,0.00409620035314,design_only_not_support,
20B_trendpv_residual_momentum_design_and_replication_diagnostic_v3,P5_RESMOM_R3_BOARD_ADAPTATION,full_history_retrospective_proxy,project_conservative_primary,EW,5,,,1,early,,favorable_minus_unfavorable,32,32,0,-0.00237113243295,0.000162406256088,0.0233599033178,-0.0284535891954,0.0809210788127,-0.351621476294,0.5,-0.0346171955187,0.000162406256088,0.0287554532,0.039990441929,0.129737197989,3,-0.569005113323,0.569352669869,-0.0105386059096,0.00579634104373,design_only_not_support,
20B_trendpv_residual_momentum_design_and_replication_diagnostic_v3,P5_RESMOM_R3_BOARD_ADAPTATION,full_history_retrospective_proxy,project_conservative_primary,EW,5,,,1,early,,favorable_minus_middle,32,32,0,-0.00487646227769,-0.00654559604838,0.0204631707421,-0.0585175473323,0.0708865028184,-0.825510428723,0.40625,-0.0334181016323,-0.00654559604838,0.0177253417858,0.0384643994333,0.163266970936,3,-1.39403254948,0.163307775723,-0.0117326080971,0.00197968354174,design_only_not_support,
20B_trendpv_residual_momentum_design_and_replication_diagnostic_v3,P5_RESMOM_R3_BOARD_ADAPTATION,full_history_retrospective_proxy,project_conservative_primary,EW,5,1,unfavorable,1,late,,bucket_return,32,31,1,0.0132159290474,0.00874716725818,0.066970284165,0.158591148569,0.231991869542,0.683606493976,0.58064516129,-0.0535658697638,0.00874716725818,0.0741718479477,0.0694986952769,0.137599752489,3,1.32099350917,0.18650352849,-0.00639260405697,0.0328244621517,design_only_not_support,
20B_trendpv_residual_momentum_design_and_replication_diagnostic_v3,P5_RESMOM_R3_BOARD_ADAPTATION,full_history_retrospective_proxy,project_conservative_primary,EW,5,2,middle,1,late,,bucket_return,32,31,1,0.014861585876,0.00808528910285,0.0605018396362,0.178339030511,0.209584520403,0.850916996011,0.58064516129,-0.043013113093,0.00808528910285,0.0588031750886,0.0585913110154,0.141918998285,3,1.78672059529,0.0739826586573,-0.00144100398993,0.0311641757418,design_only_not_support,
20B_trendpv_residual_momentum_design_and_replication_diagnostic_v3,P5_RESMOM_R3_BOARD_ADAPTATION,full_history_retrospective_proxy,project_conservative_primary,EW,5,3,middle,1,late,,bucket_return,32,31,1,0.00955487596467,0.00542020550692,0.059571542634,0.114658511576,0.206361877055,0.555618669555,0.548387096774,-0.0579309866954,0.00542020550692,0.0649467998405,0.0721043748917,0.148711545771,3,1.16978761999,0.242086446929,-0.0064541947824,0.0255639467117,design_only_not_support,
20B_trendpv_residual_momentum_design_and_replication_diagnostic_v3,P5_RESMOM_R3_BOARD_ADAPTATION,full_history_retrospective_proxy,project_conservative_primary,EW,5,4,middle,1,late,,bucket_return,32,31,1,0.0138668219045,0.0016425491095,0.0649892006177,0.166401862854,0.225129194826,0.739139421622,0.516129032258,-0.0344348651283,0.0016425491095,0.0706917497806,0.0601394034518,0.146860984478,3,1.48441078476,0.137699975369,-0.004442443827,0.032176087636,design_only_not_support,
20B_trendpv_residual_momentum_design_and_replication_diagnostic_v3,P5_RESMOM_R3_BOARD_ADAPTATION,full_history_retrospective_proxy,project_conservative_primary,EW,5,5,favorable,1,late,,bucket_return,32,31,1,0.0134843608863,0.0103671949348,0.0566700639545,0.161812330636,0.196310860075,0.824265812773,0.516129032258,-0.0412696384893,0.0103671949348,0.100788738467,0.0568035615187,0.111990912053,3,1.77335186685,0.0761704195228,-0.00141897679061,0.0283876985632,design_only_not_support,
20B_trendpv_residual_momentum_design_and_replication_diagnostic_v3,P5_RESMOM_R3_BOARD_ADAPTATION,full_history_retrospective_proxy,project_conservative_primary,EW,5,,,1,late,,favorable_minus_unfavorable,32,31,1,0.000268431838923,0.00150656825922,0.0272894986666,0.00322118206708,0.0945335964074,0.0340744686492,0.548387096774,-0.025142204235,0.00150656825922,0.0305119300279,0.0408553713653,0.130282592658,3,0.0603939225465,0.951841898929,-0.00844298670138,0.00897985037922,design_only_not_support,
20B_trendpv_residual_momentum_design_and_replication_diagnostic_v3,P5_RESMOM_R3_BOARD_ADAPTATION,full_history_retrospective_proxy,project_conservative_primary,EW,5,,,1,late,,favorable_minus_middle,32,31,1,0.00392948492164,0.00395539756153,0.0204490144936,0.0471538190597,0.0708374641351,0.665662155407,0.516129032258,-0.0203700565052,0.00395539756153,0.0282776750286,0.0287359204537,0.0467904083681,3,1.5634078927,0.117956684893,-0.000996708018902,0.00885567786219,design_only_not_support,
20B_trendpv_residual_momentum_design_and_replication_diagnostic_v3,P5_RESMOM_R3_BOARD_ADAPTATION,full_history_retrospective_proxy,project_conservative_primary,EW,5,1,unfavorable,1,P5_date_scope,pre_snapshot_decision_retrospective,bucket_return,48,48,0,0.000704646060276,-0.00466600531566,0.065032799721,0.00845575272331,0.22528022655,0.037534375976,0.479166666667,-0.0725566394157,-0.00466600531566,0.0629639103509,0.0840500206055,0.295035704764,3,0.093276622251,0.925683803841,-0.0141016458772,0.0155109379977,design_only_not_support,
20B_trendpv_residual_momentum_design_and_replication_diagnostic_v3,P5_RESMOM_R3_BOARD_ADAPTATION,full_history_retrospective_proxy,project_conservative_primary,EW,5,2,middle,1,P5_date_scope,pre_snapshot_decision_retrospective,bucket_return,48,48,0,-4.0308609317e-05,-0.00304014326997,0.0598329037208,-0.000483703311804,0.207267258418,-0.00233371790362,0.4375,-0.0731420232527,-0.00304014326997,0.0600159790385,0.0850332121506,0.295191763246,3,-0.00631905500606,0.994958157126,-0.0125427195636,0.0124621023449,design_only_not_support,
20B_trendpv_residual_momentum_design_and_replication_diagnostic_v3,P5_RESMOM_R3_BOARD_ADAPTATION,full_history_retrospective_proxy,project_conservative_primary,EW,5,3,middle,1,P5_date_scope,pre_snapshot_decision_retrospective,bucket_return,48,48,0,0.000135706471681,-0.00857063865951,0.0582834443281,0.00162847766017,0.201899773633,0.00806577259036,0.416666666667,-0.063034738547,-0.00857063865951,0.0646416899444,0.085139855945,0.302635726021,3,0.020969782748,0.983269760247,-0.0125482493022,0.0128196622455,design_only_not_support,
20B_trendpv_residual_momentum_design_and_replication_diagnostic_v3,P5_RESMOM_R3_BOARD_ADAPTATION,full_history_retrospective_proxy,project_conservative_primary,EW,5,4,middle,1,P5_date_scope,pre_snapshot_decision_retrospective,bucket_return,48,48,0,0.002138624655,-0.00512782120017,0.0591068636779,0.02566349586,0.204752181932,0.125339303434,0.416666666667,-0.0668841631834,-0.00512782120017,0.05845015994,0.0788948264361,0.281646741014,3,0.318800760211,0.74987760177,-0.0110094848334,0.0152867341434,design_only_not_support,
20B_trendpv_residual_momentum_design_and_replication_diagnostic_v3,P5_RESMOM_R3_BOARD_ADAPTATION,full_history_retrospective_proxy,project_conservative_primary,EW,5,5,favorable,1,P5_date_scope,pre_snapshot_decision_retrospective,bucket_return,48,48,0,-0.00244916635534,-0.00752070936268,0.0478145164739,-0.0293899962641,0.165634343744,-0.177439023814,0.4375,-0.0579824442318,-0.00752070936268,0.0388206829148,0.0634104656249,0.286922709043,3,-0.479096181483,0.631870206137,-0.0124686113732,0.00757027866248,design_only_not_support,
20B_trendpv_residual_momentum_design_and_replication_diagnostic_v3,P5_RESMOM_R3_BOARD_ADAPTATION,full_history_retrospective_proxy,project_conservative_primary,EW,5,,,1,P5_date_scope,pre_snapshot_decision_retrospective,favorable_minus_unfavorable,48,48,0,-0.00315381241562,0.0014462912276,0.024613724761,-0.0378457489874,0.0852644436993,-0.443863201886,0.520833333333,-0.0316326644393,0.0014462912276,0.0282564978482,0.0482729517772,0.203240270717,3,-0.936888249939,0.34881604391,-0.00975156700269,0.00344394217145,design_only_not_support,
20B_trendpv_residual_momentum_design_and_replication_diagnostic_v3,P5_RESMOM_R3_BOARD_ADAPTATION,full_history_retrospective_proxy,project_conservative_primary,EW,5,,,1,P5_date_scope,pre_snapshot_decision_retrospective,favorable_minus_middle,48,48,0,-0.00258487282702,-0.00258951634216,0.0202754457052,-0.0310184739243,0.070236204215,-0.441630840831,0.4375,-0.0344152069718,-0.00258951634216,0.0221356761173,0.0381767510355,0.163266970936,3,-0.977084119355,0.328527509098,-0.00776995110761,0.00260020545357,design_only_not_support,
20B_trendpv_residual_momentum_design_and_replication_diagnostic_v3,P5_RESMOM_R3_BOARD_ADAPTATION,full_history_retrospective_proxy,project_conservative_primary,EW,5,1,unfavorable,1,P5_date_scope,mixed_post_snapshot_decision,bucket_return,12,12,0,0.0212444285098,0.0195397928392,0.0431983153328,0.254933142117,0.149643353916,1.70360484075,0.75,-0.0407212242609,0.0195397928392,0.0720584952296,0.0436871130239,0.0601852002511,2,1.40275820303,0.160688954675,-0.00843874472811,0.0509276017476,design_only_not_support,
20B_trendpv_residual_momentum_design_and_replication_diagnostic_v3,P5_RESMOM_R3_BOARD_ADAPTATION,full_history_retrospective_proxy,project_conservative_primary,EW,5,2,middle,1,P5_date_scope,mixed_post_snapshot_decision,bucket_return,12,12,0,0.0274957056381,0.0367283782793,0.0421699823252,0.329948467658,0.146081103883,2.25866630856,0.75,-0.0216483993871,0.0367283782793,0.0586247794021,0.0335919788654,0.0470593158554,2,2.19293371211,0.0283121553812,0.00292104910263,0.0520703621737,design_only_not_support,
20B_trendpv_residual_momentum_design_and_replication_diagnostic_v3,P5_RESMOM_R3_BOARD_ADAPTATION,full_history_retrospective_proxy,project_conservative_primary,EW,5,3,middle,1,P5_date_scope,mixed_post_snapshot_decision,bucket_return,12,12,0,0.0233205357742,0.0269456477271,0.0331268450083,0.27984642929,0.114754757298,2.43864773784,0.833333333333,-0.0257378089276,0.0269456477271,0.0632623684386,0.0296172379612,0.0301464650146,2,2.13629761858,0.0326551628756,0.00192491663382,0.0447161549146,design_only_not_support,
20B_trendpv_residual_momentum_design_and_replication_diagnostic_v3,P5_RESMOM_R3_BOARD_ADAPTATION,full_history_retrospective_proxy,project_conservative_primary,EW,5,4,middle,1,P5_date_scope,mixed_post_snapshot_decision,bucket_return,12,12,0,0.0231595292538,0.0201524031071,0.0427108558432,0.277914351046,0.14795474471,1.87837403653,0.666666666667,-0.0311476047441,0.0201524031071,0.068284561374,0.0340217134815,0.0431239770184,2,1.72586069977,0.0843724764858,-0.00314145972083,0.0494605182285,design_only_not_support,
20B_trendpv_residual_momentum_design_and_replication_diagnostic_v3,P5_RESMOM_R3_BOARD_ADAPTATION,full_history_retrospective_proxy,project_conservative_primary,EW,5,5,favorable,1,P5_date_scope,mixed_post_snapshot_decision,bucket_return,12,12,0,0.026200274777,0.0236061504005,0.0425089344443,0.314403297325,0.147255268466,2.13509031357,0.75,-0.0328046051115,0.0236061504005,0.0824115067082,0.0393337429337,0.042501999234,2,2.25815964935,0.0239357079052,0.00345981222259,0.0489407373315,design_only_not_support,
20B_trendpv_residual_momentum_design_and_replication_diagnostic_v3,P5_RESMOM_R3_BOARD_ADAPTATION,full_history_retrospective_proxy,project_conservative_primary,EW,5,,,1,P5_date_scope,mixed_post_snapshot_decision,favorable_minus_unfavorable,12,12,0,0.0049558462673,0.00152598750027,0.0280819212575,0.0594701552076,0.0972786287844,0.611338337625,0.583333333333,-0.0194789958485,0.00152598750027,0.0355788257295,0.0225401599225,0.0545769403312,2,0.633032651259,0.526712321032,-0.010388196694,0.0202998892286,design_only_not_support,
20B_trendpv_residual_momentum_design_and_replication_diagnostic_v3,P5_RESMOM_R3_BOARD_ADAPTATION,full_history_retrospective_proxy,project_conservative_primary,EW,5,,,1,P5_date_scope,mixed_post_snapshot_decision,favorable_minus_middle,12,12,0,0.00287973900284,-0.000358081607177,0.0212503506943,0.0345568680341,0.0736133741625,0.469437360089,0.416666666667,-0.0199247664674,-0.000358081607177,0.0226372722513,0.0218336254617,0.0232971944182,2,0.659432361733,0.509618166714,-0.00567941741407,0.0114388954198,design_only_not_support,
20B_trendpv_residual_momentum_design_and_replication_diagnostic_v3,P5_RESMOM_R3_BOARD_ADAPTATION,full_history_retrospective_proxy,project_conservative_primary,EW,5,1,unfavorable,1,P5_date_scope,fully_post_snapshot_score,bucket_return,3,3,0,0.00510105274442,0.0333938902223,0.0762985397773,0.0612126329331,0.264305894875,0.23159768329,0.666666666667,-0.0583632787972,0.0333938902223,0.0572482492949,0.0813025710521,0.0813025710521,1,0.236772213076,0.812833509413,-0.0371246777685,0.0473267832573,design_only_not_support,
20B_trendpv_residual_momentum_design_and_replication_diagnostic_v3,P5_RESMOM_R3_BOARD_ADAPTATION,full_history_retrospective_proxy,project_conservative_primary,EW,5,2,middle,1,P5_date_scope,fully_post_snapshot_score,bucket_return,3,3,0,0.00401087439191,0.0179039525921,0.0385129569909,0.0481304927029,0.133412796516,0.360763689539,0.666666666667,-0.0280359863178,0.0179039525921,0.0305005038215,0.0395209710452,0.0395209710452,1,0.36759489224,0.713175323972,-0.0173745406957,0.0253962894795,design_only_not_support,
20B_trendpv_residual_momentum_design_and_replication_diagnostic_v3,P5_RESMOM_R3_BOARD_ADAPTATION,full_history_retrospective_proxy,project_conservative_primary,EW,5,3,middle,1,P5_date_scope,fully_post_snapshot_score,bucket_return,3,3,0,-0.00520770640676,0.0170149229012,0.0749368763386,-0.0624924768811,0.259588954358,-0.240736271062,0.666666666667,-0.0675909667819,0.0170149229012,0.0482865022452,0.0887424392027,0.0887424392027,1,-0.239562629167,0.810669338793,-0.0478141723434,0.0373987595298,design_only_not_support,
20B_trendpv_residual_momentum_design_and_replication_diagnostic_v3,P5_RESMOM_R3_BOARD_ADAPTATION,full_history_retrospective_proxy,project_conservative_primary,EW,5,4,middle,1,P5_date_scope,fully_post_snapshot_score,bucket_return,3,3,0,0.0117699351953,0.0550268397544,0.0766167648081,0.141239222343,0.265408258719,0.532158354925,0.666666666667,-0.050348497586,0.0550268397544,0.0565856061529,0.0766923319211,0.0766923319211,1,0.56434793193,0.572517366839,-0.029106708056,0.0526465784465,design_only_not_support,
20B_trendpv_residual_momentum_design_and_replication_diagnostic_v3,P5_RESMOM_R3_BOARD_ADAPTATION,full_history_retrospective_proxy,project_conservative_primary,EW,5,5,favorable,1,P5_date_scope,fully_post_snapshot_score,bucket_return,3,3,0,0.0132203827092,0.0236594513013,0.0932272661592,0.15864459251,0.322948723277,0.49123771384,0.666666666667,-0.0630977430526,0.0236594513013,0.0853628810341,0.0847870416411,0.0847870416411,1,0.449732110979,0.652903614647,-0.0443949694955,0.0708357349139,design_only_not_support,
20B_trendpv_residual_momentum_design_and_replication_diagnostic_v3,P5_RESMOM_R3_BOARD_ADAPTATION,full_history_retrospective_proxy,project_conservative_primary,EW,5,,,1,P5_date_scope,fully_post_snapshot_score,favorable_minus_unfavorable,3,3,0,0.00811932996476,-0.00348447058902,0.0257016891273,0.0974319595771,0.0890332628178,1.09433212367,0.333333333333,-0.00848444525455,-0.00348447058902,0.0293646254056,0.00973443892093,0.0131849901438,1,0.707141906844,0.479478295616,-0.0143847730385,0.030623432968,design_only_not_support,
20B_trendpv_residual_momentum_design_and_replication_diagnostic_v3,P5_RESMOM_R3_BOARD_ADAPTATION,full_history_retrospective_proxy,project_conservative_primary,EW,5,,,1,P5_date_scope,fully_post_snapshot_score,favorable_minus_middle,3,3,0,0.0184280891159,0.00664452840014,0.0227782998405,0.221137069391,0.0789063452676,2.80252581261,1,0.00449322372925,0.00664452840014,0.0370763787889,-0.00395539756153,0,1,1.92097913974,0.0547343374109,-0.00037398438084,0.0372301626127,design_only_not_support,
20B_trendpv_residual_momentum_design_and_replication_diagnostic_v3,P5_RESMOM_R3_BOARD_ADAPTATION,full_history_retrospective_proxy,project_conservative_primary,EW,10,1,unfavorable,1,full,,bucket_return,64,63,1,0.00677116964967,0.00338755892664,0.0661495177945,0.0812540357961,0.229148651432,0.354590940371,0.555555555556,-0.0625226075803,0.00338755892664,0.077499345706,0.0861294100266,0.331378141689,3,0.885675536581,0.375792394464,-0.00821315372658,0.0217554930259,design_only_not_support,
20B_trendpv_residual_momentum_design_and_replication_diagnostic_v3,P5_RESMOM_R3_BOARD_ADAPTATION,full_history_retrospective_proxy,project_conservative_primary,EW,10,2,middle,1,full,,bucket_return,64,63,1,0.00284412647488,-0.000286279150955,0.059271865502,0.0341295176986,0.205323765018,0.166222929409,0.492063492063,-0.0686944630994,-0.000286279150955,0.062175850283,0.0860406309258,0.265790802298,3,0.459452592031,0.645909188766,-0.00928854086649,0.0149767938163,design_only_not_support,
20B_trendpv_residual_momentum_design_and_replication_diagnostic_v3,P5_RESMOM_R3_BOARD_ADAPTATION,full_history_retrospective_proxy,project_conservative_primary,EW,10,3,middle,1,full,,bucket_return,64,63,1,0.00522864093374,0.00607241919213,0.0591327045135,0.0627436912049,0.204841697213,0.306303316457,0.52380952381,-0.0705922522721,0.00607241919213,0.0726422248066,0.0873050128591,0.299982833834,3,0.884265984735,0.376552645812,-0.00636057327911,0.0168178551466,design_only_not_support,
20B_trendpv_residual_momentum_design_and_replication_diagnostic_v3,P5_RESMOM_R3_BOARD_ADAPTATION,full_history_retrospective_proxy,project_conservative_primary,EW,10,4,middle,1,full,,bucket_return,64,63,1,0.00548645926346,0.00199947336469,0.0565611525994,0.0658375111615,0.195933580074,0.336019538543,0.539682539683,-0.0511243748454,0.00199947336469,0.0786664102126,0.073737461024,0.312922287401,3,0.914855609005,0.360267436856,-0.00626759509569,0.0172405136226,design_only_not_support,
20B_trendpv_residual_momentum_design_and_replication_diagnostic_v3,P5_RESMOM_R3_BOARD_ADAPTATION,full_history_retrospective_proxy,project_conservative_primary,EW,10,5,middle,1,full,,bucket_return,64,63,1,0.00269470774374,-0.00233671902147,0.0571344906244,0.0323364929249,0.197919681252,0.163381896739,0.492063492063,-0.0681795203276,-0.00233671902147,0.0738736690158,0.0871213657204,0.330764299707,3,0.45130532318,0.651769508818,-0.00900807938357,0.014397494871,design_only_not_support,
20B_trendpv_residual_momentum_design_and_replication_diagnostic_v3,P5_RESMOM_R3_BOARD_ADAPTATION,full_history_retrospective_proxy,project_conservative_primary,EW,10,6,middle,1,full,,bucket_return,64,63,1,0.00586514312062,0.003863323643,0.0564786368371,0.0703817174474,0.195647737088,0.359736935857,0.52380952381,-0.0559396822948,0.003863323643,0.0592501930106,0.0815088465547,0.312021343253,3,1.01239701027,0.311348267278,-0.00548956176684,0.0172198480081,design_only_not_support,
20B_trendpv_residual_momentum_design_and_replication_diagnostic_v3,P5_RESMOM_R3_BOARD_ADAPTATION,full_history_retrospective_proxy,project_conservative_primary,EW,10,7,middle,1,full,,bucket_return,64,63,1,0.00878610260037,0.00190022687563,0.0593237551976,0.105433231204,0.205503516196,0.513048307669,0.52380952381,-0.0579396515183,0.00190022687563,0.0724162992601,0.0769416046054,0.226469773021,3,1.39295373158,0.163633782546,-0.00357643627715,0.0211486414779,design_only_not_support,
20B_trendpv_residual_momentum_design_and_replication_diagnostic_v3,P5_RESMOM_R3_BOARD_ADAPTATION,full_history_retrospective_proxy,project_conservative_primary,EW,10,8,middle,1,full,,bucket_return,64,63,1,0.00435618496984,-0.00719121111937,0.0567528609529,0.052274219638,0.19659767729,0.265894390811,0.460317460317,-0.0655744172661,-0.00719121111937,0.0570821748478,0.0766845139477,0.337248149738,3,0.72210206388,0.470231729398,-0.00746758078012,0.0161799507198,design_only_not_support,
20B_trendpv_residual_momentum_design_and_replication_diagnostic_v3,P5_RESMOM_R3_BOARD_ADAPTATION,full_history_retrospective_proxy,project_conservative_primary,EW,10,9,middle,1,full,,bucket_return,64,63,1,0.00279614032398,0.00153459648887,0.0509832573552,0.0335536838878,0.176611184149,0.189986178109,0.507936507937,-0.0588760982798,0.00153459648887,0.066853009665,0.0680277046965,0.356394838846,3,0.486262992108,0.626780714516,-0.00847416899355,0.0140664496415,design_only_not_support,
20B_trendpv_residual_momentum_design_and_replication_diagnostic_v3,P5_RESMOM_R3_BOARD_ADAPTATION,full_history_retrospective_proxy,project_conservative_primary,EW,10,10,favorable,1,full,,bucket_return,64,63,1,0.00469661614688,-0.00221712593219,0.0516194392401,0.0563593937625,0.178814982844,0.315182726112,0.47619047619,-0.0512003463688,-0.00221712593219,0.0807759449121,0.0665946755728,0.231993320265,3,0.948987617585,0.342626909821,-0.00500340345982,0.0143966357536,design_only_not_support,
20B_trendpv_residual_momentum_design_and_replication_diagnostic_v3,P5_RESMOM_R3_BOARD_ADAPTATION,full_history_retrospective_proxy,project_conservative_primary,EW,10,,,1,full,,favorable_minus_unfavorable,64,63,1,-0.0020745535028,-0.00315232183393,0.0321888786142,-0.0248946420336,0.111505546397,-0.223259226451,0.428571428571,-0.0337052564273,-0.00315232183393,0.0398166768372,0.0564428703847,0.273831731221,3,-0.536477603473,0.591628510584,-0.00965371453984,0.00550460753424,design_only_not_support,
20B_trendpv_residual_momentum_design_and_replication_diagnostic_v3,P5_RESMOM_R3_BOARD_ADAPTATION,full_history_retrospective_proxy,project_conservative_primary,EW,10,,,1,full,,favorable_minus_middle,64,63,1,0.000416690714696,-0.00119583621939,0.0264233755113,0.00500028857636,0.0915332577861,0.0546281067374,0.47619047619,-0.0255499975842,-0.00119583621939,0.0304678526287,0.0448296594731,0.140465736724,3,0.152598438219,0.878714956695,-0.00493525654655,0.00576863797594,design_only_not_support,
20B_trendpv_residual_momentum_design_and_replication_diagnostic_v3,P5_RESMOM_R3_BOARD_ADAPTATION,full_history_retrospective_proxy,project_conservative_primary,EW,10,1,unfavorable,1,early,,bucket_return,32,32,0,-0.00437671070385,0.00292829165221,0.0580941685844,-0.0525205284462,0.201244103223,-0.260979216807,0.53125,-0.0733134469601,0.00292829165221,0.0509789738696,0.0891200653177,0.263199299471,3,-0.504848411669,0.613665310201,-0.0213683366098,0.0126149152021,design_only_not_support,
20B_trendpv_residual_momentum_design_and_replication_diagnostic_v3,P5_RESMOM_R3_BOARD_ADAPTATION,full_history_retrospective_proxy,project_conservative_primary,EW,10,2,middle,1,early,,bucket_return,32,32,0,-0.00222163267338,-0.00840657650379,0.056504449886,-0.0266595920806,0.195737156113,-0.136200977934,0.46875,-0.0820743072027,-0.00840657650379,0.0629446532481,0.0937918770042,0.241965221283,3,-0.28486206359,0.775749821177,-0.0175073466496,0.0130640813028,design_only_not_support,
20B_trendpv_residual_momentum_design_and_replication_diagnostic_v3,P5_RESMOM_R3_BOARD_ADAPTATION,full_history_retrospective_proxy,project_conservative_primary,EW,10,3,middle,1,early,,bucket_return,32,32,0,-0.00352299509645,-0.0040532846814,0.0579101049519,-0.0422759411574,0.200606488097,-0.210740647317,0.46875,-0.0826802764334,-0.0040532846814,0.0701213020069,0.0917884644717,0.245398910135,3,-0.497471359766,0.618856694684,-0.01740307758,0.0103570873871,design_only_not_support,
20B_trendpv_residual_momentum_design_and_replication_diagnostic_v3,P5_RESMOM_R3_BOARD_ADAPTATION,full_history_retrospective_proxy,project_conservative_primary,EW,10,4,middle,1,early,,bucket_return,32,32,0,-0.0041281473593,-0.00303754509313,0.0488945204477,-0.0495377683116,0.169375587254,-0.292472894794,0.46875,-0.0623248606087,-0.00303754509313,0.0636689843388,0.0775200169806,0.225289765665,3,-0.629553040039,0.528987056083,-0.0169801544699,0.00872385975134,design_only_not_support,
20B_trendpv_residual_momentum_design_and_replication_diagnostic_v3,P5_RESMOM_R3_BOARD_ADAPTATION,full_history_retrospective_proxy,project_conservative_primary,EW,10,5,middle,1,early,,bucket_return,32,32,0,-0.00137189899736,-0.0030580123147,0.0546862204205,-0.0164627879683,0.189438624485,-0.0869030168112,0.46875,-0.0736083066804,-0.0030580123147,0.0670647647423,0.0928884250312,0.26034086436,3,-0.178504661243,0.858326660844,-0.016435217829,0.0136914198343,design_only_not_support,
20B_trendpv_residual_momentum_design_and_replication_diagnostic_v3,P5_RESMOM_R3_BOARD_ADAPTATION,full_history_retrospective_proxy,project_conservative_primary,EW,10,6,middle,1,early,,bucket_return,32,32,0,-0.00023344132791,9.09324815853e-05,0.0514754782852,-0.00280129593492,0.178316287468,-0.0157097031051,0.5,-0.0555787367748,9.09324815853e-05,0.0569525965528,0.0868688081833,0.242158724346,3,-0.0320399352403,0.974440203517,-0.014513638581,0.0140467559252,design_only_not_support,
20B_trendpv_residual_momentum_design_and_replication_diagnostic_v3,P5_RESMOM_R3_BOARD_ADAPTATION,full_history_retrospective_proxy,project_conservative_primary,EW,10,7,middle,1,early,,bucket_return,32,32,0,0.0011587073818,-0.00170473470463,0.0499065742617,0.0139044885816,0.172881444506,0.080427882942,0.46875,-0.0662387970673,-0.00170473470463,0.0662383843231,0.0786895083802,0.219855339056,3,0.170714760718,0.864448055837,-0.0121443293761,0.0144617441397,design_only_not_support,
20B_trendpv_residual_momentum_design_and_replication_diagnostic_v3,P5_RESMOM_R3_BOARD_ADAPTATION,full_history_retrospective_proxy,project_conservative_primary,EW,10,8,middle,1,early,,bucket_return,32,32,0,-0.00210471966181,-0.00667203312136,0.049385286226,-0.0252566359417,0.17107564978,-0.147634312506,0.4375,-0.0683105079534,-0.00667203312136,0.0554962864244,0.0796411937786,0.264779023722,3,-0.308991839406,0.757327734496,-0.0154551522902,0.0112457129666,design_only_not_support,
20B_trendpv_residual_momentum_design_and_replication_diagnostic_v3,P5_RESMOM_R3_BOARD_ADAPTATION,full_history_retrospective_proxy,project_conservative_primary,EW,10,9,middle,1,early,,bucket_return,32,32,0,-0.00839077958074,-0.00209775119126,0.0425009506996,-0.100689354969,0.147227611963,-0.683902656751,0.46875,-0.0643480790313,-0.00209775119126,0.0472835737362,0.0731353667855,0.274851116798,3,-1.40988427617,0.158573856281,-0.0200553013138,0.0032737421523,design_only_not_support,
20B_trendpv_residual_momentum_design_and_replication_diagnostic_v3,P5_RESMOM_R3_BOARD_ADAPTATION,full_history_retrospective_proxy,project_conservative_primary,EW,10,10,favorable,1,early,,bucket_return,32,32,0,-0.00297691019421,-0.00334402095987,0.0427344950403,-0.0357229223305,0.148036633291,-0.241311366898,0.5,-0.0571258427852,-0.00334402095987,0.0441525778138,0.0610883936407,0.169573719333,3,-0.622698909552,0.533482399435,-0.01234682666,0.0063930062716,design_only_not_support,
20B_trendpv_residual_momentum_design_and_replication_diagnostic_v3,P5_RESMOM_R3_BOARD_ADAPTATION,full_history_retrospective_proxy,project_conservative_primary,EW,10,,,1,early,,favorable_minus_unfavorable,32,32,0,0.00139980050965,0.000893880822123,0.0299270045148,0.0167976061157,0.103670184676,0.162029287092,0.5,-0.0337239394927,0.000893880822123,0.0401901062421,0.0455968708723,0.11894257264,3,0.272542860215,0.785204640369,-0.00866672107263,0.0114663220919,design_only_not_support,
20B_trendpv_residual_momentum_design_and_replication_diagnostic_v3,P5_RESMOM_R3_BOARD_ADAPTATION,full_history_retrospective_proxy,project_conservative_primary,EW,10,,,1,early,,favorable_minus_middle,32,32,0,-0.00217424003157,-0.00562371276359,0.0267832576761,-0.0260908803789,0.0927799261743,-0.28121255809,0.4375,-0.0286899442084,-0.00562371276359,0.0295616266056,0.0480033480856,0.104531245249,3,-0.51216990189,0.608532105822,-0.0104945886891,0.00614610862599,design_only_not_support,
20B_trendpv_residual_momentum_design_and_replication_diagnostic_v3,P5_RESMOM_R3_BOARD_ADAPTATION,full_history_retrospective_proxy,project_conservative_primary,EW,10,1,unfavorable,1,late,,bucket_return,32,31,1,0.0182786590469,0.0121111590675,0.0727076876502,0.219343908562,0.251866818222,0.870872590962,0.58064516129,-0.0458338724741,0.0121111590675,0.0958283466219,0.0699783460776,0.161130742552,3,1.65831547483,0.0972538071612,-0.00332489827458,0.0398822163683,design_only_not_support,
20B_trendpv_residual_momentum_design_and_replication_diagnostic_v3,P5_RESMOM_R3_BOARD_ADAPTATION,full_history_retrospective_proxy,project_conservative_primary,EW,10,2,middle,1,late,,bucket_return,32,31,1,0.00807329720857,0.000874830202417,0.0624956957435,0.0968795665029,0.216491440564,0.44749836876,0.516129032258,-0.0568955954789,0.000874830202417,0.0546629163811,0.0691981442864,0.123277729719,3,0.872248584249,0.383072780168,-0.0100675998373,0.0262141942545,design_only_not_support,
20B_trendpv_residual_momentum_design_and_replication_diagnostic_v3,P5_RESMOM_R3_BOARD_ADAPTATION,full_history_retrospective_proxy,project_conservative_primary,EW,10,3,middle,1,late,,bucket_return,32,31,1,0.0142625878036,0.00987704867969,0.0599588958674,0.171151053643,0.207703708016,0.824015398079,0.58064516129,-0.0428050651294,0.00987704867969,0.0769793206373,0.0629044207534,0.13416428971,3,1.72153667891,0.085153482304,-0.00197532264225,0.0305004982495,design_only_not_support,
20B_trendpv_residual_momentum_design_and_replication_diagnostic_v3,P5_RESMOM_R3_BOARD_ADAPTATION,full_history_retrospective_proxy,project_conservative_primary,EW,10,4,middle,1,late,,bucket_return,32,31,1,0.015411214487,0.00475723151975,0.0627762279994,0.184934573843,0.217463232805,0.85041766122,0.612903225806,-0.0422360530795,0.00475723151975,0.0819415545841,0.0612197391221,0.149730112959,3,1.79177635165,0.0731687983913,-0.00144659554308,0.032269024517,design_only_not_support,
20B_trendpv_residual_momentum_design_and_replication_diagnostic_v3,P5_RESMOM_R3_BOARD_ADAPTATION,full_history_retrospective_proxy,project_conservative_primary,EW,10,5,middle,1,late,,bucket_return,32,31,1,0.00689249534745,0.00416404860283,0.060168147724,0.0827099441694,0.20842857771,0.396826313733,0.516129032258,-0.0623285302844,0.00416404860283,0.0754509678188,0.0751560975506,0.204568764041,3,0.785034045779,0.432433607426,-0.0103157298464,0.0241007205413,design_only_not_support,
20B_trendpv_residual_momentum_design_and_replication_diagnostic_v3,P5_RESMOM_R3_BOARD_ADAPTATION,full_history_retrospective_proxy,project_conservative_primary,EW,10,6,middle,1,late,,bucket_return,32,31,1,0.0121604560997,0.0110122564083,0.0614300848683,0.145925473197,0.21280005621,0.685739824489,0.548387096774,-0.053659087209,0.0110122564083,0.0800845166289,0.0691864450896,0.136185289359,3,1.50549100416,0.132197887932,-0.00367096097632,0.0279918731758,design_only_not_support,
20B_trendpv_residual_momentum_design_and_replication_diagnostic_v3,P5_RESMOM_R3_BOARD_ADAPTATION,full_history_retrospective_proxy,project_conservative_primary,EW,10,7,middle,1,late,,bucket_return,32,31,1,0.016659542826,0.00317967410745,0.0676271762372,0.199914513912,0.23426741043,0.85336032675,0.58064516129,-0.0484189449874,0.00317967410745,0.0856430973056,0.065222037072,0.132459476937,3,1.69259389408,0.0905327941106,-0.00263161972167,0.0359507053736,design_only_not_support,
20B_trendpv_residual_momentum_design_and_replication_diagnostic_v3,P5_RESMOM_R3_BOARD_ADAPTATION,full_history_retrospective_proxy,project_conservative_primary,EW,10,8,middle,1,late,,bucket_return,32,31,1,0.0110255058799,-0.00719121111937,0.0636066679806,0.132306070559,0.220339961285,0.600463346673,0.483870967742,-0.0387537219107,-0.00719121111937,0.0681232480356,0.0596793943755,0.16150968932,3,1.20719840007,0.227355746473,-0.0068751096566,0.0289261214164,design_only_not_support,
20B_trendpv_residual_momentum_design_and_replication_diagnostic_v3,P5_RESMOM_R3_BOARD_ADAPTATION,full_history_retrospective_proxy,project_conservative_primary,EW,10,9,middle,1,late,,bucket_return,32,31,1,0.0143439286127,0.00718952598922,0.0568686434586,0.172127143353,0.196998759655,0.873747345688,0.548387096774,-0.0439143839788,0.00718952598922,0.075818641506,0.0543550848698,0.113810949476,3,1.82471689361,0.0680437625866,-0.00106316471565,0.0297510219411,design_only_not_support,
20B_trendpv_residual_momentum_design_and_replication_diagnostic_v3,P5_RESMOM_R3_BOARD_ADAPTATION,full_history_retrospective_proxy,project_conservative_primary,EW,10,10,favorable,1,late,,bucket_return,32,31,1,0.0126176755957,-0.00221712593219,0.0590932820579,0.151412107149,0.20470513382,0.739659549924,0.451612903226,-0.0386248929998,-0.00221712593219,0.0996814543661,0.0651085118616,0.110053780054,3,1.63369435842,0.10232304355,-0.00251991094776,0.0277552621392,design_only_not_support,
20B_trendpv_residual_momentum_design_and_replication_diagnostic_v3,P5_RESMOM_R3_BOARD_ADAPTATION,full_history_retrospective_proxy,project_conservative_primary,EW,10,,,1,late,,favorable_minus_unfavorable,32,31,1,-0.00566098345113,-0.00558953909847,0.0344916779356,-0.0679318014135,0.119482677245,-0.568549374517,0.354838709677,-0.0320090950923,-0.00558953909847,0.0305644086473,0.061180426074,0.264847961202,3,-1.05288847087,0.292392110691,-0.0161989691811,0.00487700227884,design_only_not_support,
20B_trendpv_residual_momentum_design_and_replication_diagnostic_v3,P5_RESMOM_R3_BOARD_ADAPTATION,full_history_retrospective_proxy,project_conservative_primary,EW,10,,,1,late,,favorable_minus_middle,32,31,1,0.00309119987214,0.0026926425533,0.0262131581609,0.0370943984656,0.0908050435229,0.408505926835,0.516129032258,-0.0223283971686,0.0026926425533,0.0298510762546,0.0350413788746,0.0965049611366,3,0.944514599621,0.344906744818,-0.00332335467348,0.00950575441775,design_only_not_support,
20B_trendpv_residual_momentum_design_and_replication_diagnostic_v3,P5_RESMOM_R3_BOARD_ADAPTATION,full_history_retrospective_proxy,project_conservative_primary,EW,10,1,unfavorable,1,P5_date_scope,pre_snapshot_decision_retrospective,bucket_return,48,48,0,0.000862390711388,0.000241519937697,0.0687666887057,0.0103486885367,0.238214797413,0.0434426771512,0.5,-0.0662209713258,0.000241519937697,0.0596362323313,0.0905208327159,0.331378141689,3,0.102213142848,0.91858749591,-0.0156741787339,0.0173989601567,design_only_not_support,
20B_trendpv_residual_momentum_design_and_replication_diagnostic_v3,P5_RESMOM_R3_BOARD_ADAPTATION,full_history_retrospective_proxy,project_conservative_primary,EW,10,2,middle,1,P5_date_scope,pre_snapshot_decision_retrospective,bucket_return,48,48,0,0.000525442927302,-0.00399055429738,0.0636309532032,0.00630531512762,0.220424087764,0.0286053815243,0.4375,-0.0736970012208,-0.00399055429738,0.0697383751872,0.0914335598031,0.265790802298,3,0.0735048235457,0.941404405826,-0.0134851915286,0.0145360773832,design_only_not_support,
20B_trendpv_residual_momentum_design_and_replication_diagnostic_v3,P5_RESMOM_R3_BOARD_ADAPTATION,full_history_retrospective_proxy,project_conservative_primary,EW,10,3,middle,1,P5_date_scope,pre_snapshot_decision_retrospective,bucket_return,48,48,0,-0.000163809647445,-0.00500383259738,0.0631335004722,-0.00196571576934,0.218700860955,-0.00898814828966,0.458333333333,-0.0769266966933,-0.00500383259738,0.0719936170504,0.0932928807315,0.299982833834,3,-0.0247499161397,0.980254439936,-0.0131360155936,0.0128083962987,design_only_not_support,
20B_trendpv_residual_momentum_design_and_replication_diagnostic_v3,P5_RESMOM_R3_BOARD_ADAPTATION,full_history_retrospective_proxy,project_conservative_primary,EW,10,4,middle,1,P5_date_scope,pre_snapshot_decision_retrospective,bucket_return,48,48,0,-2.50162658261e-06,-0.00165207306671,0.0590763133244,-3.00195189914e-05,0.204646352403,-0.000146689733967,0.479166666667,-0.0561827935337,-0.00165207306671,0.0708744450465,0.0823588221478,0.312922287401,3,-0.000385761003691,0.999692207259,-0.0127126977267,0.0127076944735,design_only_not_support,
20B_trendpv_residual_momentum_design_and_replication_diagnostic_v3,P5_RESMOM_R3_BOARD_ADAPTATION,full_history_retrospective_proxy,project_conservative_primary,EW,10,5,middle,1,P5_date_scope,pre_snapshot_decision_retrospective,bucket_return,48,48,0,-0.00196988303369,-0.00986924899155,0.0610064611245,-0.0236385964043,0.211332580515,-0.111854955571,0.395833333333,-0.0705465526887,-0.00986924899155,0.0705299678594,0.0915348778629,0.330764299707,3,-0.296152855448,0.767113350564,-0.0150067311639,0.0110669650965,design_only_not_support,
20B_trendpv_residual_momentum_design_and_replication_diagnostic_v3,P5_RESMOM_R3_BOARD_ADAPTATION,full_history_retrospective_proxy,project_conservative_primary,EW,10,6,middle,1,P5_date_scope,pre_snapshot_decision_retrospective,bucket_return,48,48,0,0.00221924272095,-0.00230497740059,0.0589117975416,0.0266309126515,0.204076453015,0.13049478398,0.458333333333,-0.0571615892775,-0.00230497740059,0.057826344048,0.083978788504,0.312021343253,3,0.328388439693,0.742617982592,-0.0110261559602,0.0154646414021,design_only_not_support,
20B_trendpv_residual_momentum_design_and_replication_diagnostic_v3,P5_RESMOM_R3_BOARD_ADAPTATION,full_history_retrospective_proxy,project_conservative_primary,EW,10,7,middle,1,P5_date_scope,pre_snapshot_decision_retrospective,bucket_return,48,48,0,0.00427610257047,-0.00170473470463,0.0610284979519,0.0513132308456,0.211408918325,0.242720275248,0.479166666667,-0.0622212327568,-0.00170473470463,0.0687642767768,0.0804386639859,0.226469773021,3,0.606739861984,0.544023563692,-0.00953707760351,0.0180892827444,design_only_not_support,
20B_trendpv_residual_momentum_design_and_replication_diagnostic_v3,P5_RESMOM_R3_BOARD_ADAPTATION,full_history_retrospective_proxy,project_conservative_primary,EW,10,8,middle,1,P5_date_scope,pre_snapshot_decision_retrospective,bucket_return,48,48,0,-6.36390705529e-05,-0.00906355705622,0.0596961491712,-0.000763668846634,0.206793526762,-0.00369290498882,0.375,-0.0671844263833,-0.00906355705622,0.0562868931583,0.0785942019801,0.337248149738,3,-0.00923447119425,0.992632062724,-0.0135706698111,0.01344339167,design_only_not_support,
20B_trendpv_residual_momentum_design_and_replication_diagnostic_v3,P5_RESMOM_R3_BOARD_ADAPTATION,full_history_retrospective_proxy,project_conservative_primary,EW,10,9,middle,1,P5_date_scope,pre_snapshot_decision_retrospective,bucket_return,48,48,0,-0.00322434466944,-0.010156959902,0.0514626865733,-0.0386921360332,0.178271975678,-0.217039923892,0.416666666667,-0.0594087904719,-0.010156959902,0.0515356100399,0.0704205192748,0.356394838846,3,-0.532724267256,0.594224465029,-0.0150871408931,0.00863845155419,design_only_not_support,
20B_trendpv_residual_momentum_design_and_replication_diagnostic_v3,P5_RESMOM_R3_BOARD_ADAPTATION,full_history_retrospective_proxy,project_conservative_primary,EW,10,10,favorable,1,P5_date_scope,pre_snapshot_decision_retrospective,bucket_return,48,48,0,-0.0017212299972,-0.0105709407034,0.0474147757763,-0.0206547599664,0.164249601348,-0.12575226848,0.416666666667,-0.0525806712977,-0.0105709407034,0.0515201213941,0.0619826136449,0.231993320265,3,-0.371120771386,0.710547580706,-0.0108113943419,0.00736893434747,design_only_not_support,
20B_trendpv_residual_momentum_design_and_replication_diagnostic_v3,P5_RESMOM_R3_BOARD_ADAPTATION,full_history_retrospective_proxy,project_conservative_primary,EW,10,,,1,P5_date_scope,pre_snapshot_decision_retrospective,favorable_minus_unfavorable,48,48,0,-0.00258362070859,-0.00101260932613,0.0325745590017,-0.0310034485031,0.11284158245,-0.274751982645,0.479166666667,-0.0345532102396,-0.00101260932613,0.0346344019319,0.0632117508331,0.228625726202,3,-0.553325230883,0.580040727099,-0.0117352068932,0.00656796547602,design_only_not_support,
20B_trendpv_residual_momentum_design_and_replication_diagnostic_v3,P5_RESMOM_R3_BOARD_ADAPTATION,full_history_retrospective_proxy,project_conservative_primary,EW,10,,,1,P5_date_scope,pre_snapshot_decision_retrospective,favorable_minus_middle,48,48,0,-0.00184590984083,-0.00195594935413,0.025342815582,-0.02215091809,0.0877900883896,-0.252316844604,0.458333333333,-0.0271242605442,-0.00195594935413,0.0300823673949,0.0503863255394,0.114815217935,3,-0.604730231308,0.545358257661,-0.00782860529648,0.00413678561482,design_only_not_support,
20B_trendpv_residual_momentum_design_and_replication_diagnostic_v3,P5_RESMOM_R3_BOARD_ADAPTATION,full_history_retrospective_proxy,project_conservative_primary,EW,10,1,unfavorable,1,P5_date_scope,mixed_post_snapshot_decision,bucket_return,12,12,0,0.0299252342802,0.032156519705,0.049150258872,0.359102811363,0.170261491143,2.10912525758,0.75,-0.03732541879,0.032156519705,0.0935477106687,0.0426885195844,0.0562221600603,2,1.75653093528,0.0789977940293,-0.00346579814636,0.0633162667068,design_only_not_support,
20B_trendpv_residual_momentum_design_and_replication_diagnostic_v3,P5_RESMOM_R3_BOARD_ADAPTATION,full_history_retrospective_proxy,project_conservative_primary,EW,10,2,middle,1,P5_date_scope,mixed_post_snapshot_decision,bucket_return,12,12,0,0.0124933595308,0.020263278281,0.03924031355,0.149920314369,0.135932433547,1.10290318842,0.666666666667,-0.0386554054107,0.020263278281,0.0506992206986,0.0447477259189,0.0642742041692,2,0.912423384607,0.361545884125,-0.0143434523477,0.0393301714092,design_only_not_support,
20B_trendpv_residual_momentum_design_and_replication_diagnostic_v3,P5_RESMOM_R3_BOARD_ADAPTATION,full_history_retrospective_proxy,project_conservative_primary,EW,10,3,middle,1,P5_date_scope,mixed_post_snapshot_decision,bucket_return,12,12,0,0.0284147703136,0.0368844751497,0.0386757591001,0.340977243764,0.133976759565,2.54504769984,0.75,-0.0193260487424,0.0368844751497,0.07411041129,0.0282593541802,0.0445772039194,2,2.52276278272,0.011643691722,0.00633900210224,0.0504905385251,design_only_not_support,
20B_trendpv_residual_momentum_design_and_replication_diagnostic_v3,P5_RESMOM_R3_BOARD_ADAPTATION,full_history_retrospective_proxy,project_conservative_primary,EW,10,4,middle,1,P5_date_scope,mixed_post_snapshot_decision,bucket_return,12,12,0,0.0264877073876,0.0290416127875,0.0486630639023,0.317852488651,0.168573798261,1.88553910471,0.75,-0.0241729807356,0.0290416127875,0.0774533107068,0.0390288905501,0.0512563564332,2,1.86032827725,0.0628390952155,-0.00141863212658,0.0543940469018,design_only_not_support,
20B_trendpv_residual_momentum_design_and_replication_diagnostic_v3,P5_RESMOM_R3_BOARD_ADAPTATION,full_history_retrospective_proxy,project_conservative_primary,EW,10,5,middle,1,P5_date_scope,mixed_post_snapshot_decision,bucket_return,12,12,0,0.0238881330434,0.0192671364742,0.0328943009935,0.28665759652,0.1139492012,2.51566130785,0.833333333333,-0.0172834625101,0.0192671364742,0.0718529136885,0.0248078536978,0.0296062696237,2,2.17557162667,0.0295873068604,0.00236740724932,0.0454088588374,design_only_not_support,
20B_trendpv_residual_momentum_design_and_replication_diagnostic_v3,P5_RESMOM_R3_BOARD_ADAPTATION,full_history_retrospective_proxy,project_conservative_primary,EW,10,6,middle,1,P5_date_scope,mixed_post_snapshot_decision,bucket_return,12,12,0,0.0227036352675,0.0221183743344,0.0384030521284,0.27244362321,0.133032074904,2.04795440052,0.75,-0.0262198226055,0.0221183743344,0.076780372749,0.0345744177658,0.0405650763475,2,1.89917344775,0.0575416746359,-0.000726719392899,0.0461339899279,design_only_not_support,
20B_trendpv_residual_momentum_design_and_replication_diagnostic_v3,P5_RESMOM_R3_BOARD_ADAPTATION,full_history_retrospective_proxy,project_conservative_primary,EW,10,7,middle,1,P5_date_scope,mixed_post_snapshot_decision,bucket_return,12,12,0,0.0221906362583,0.0182790165114,0.0455513395791,0.266287635099,0.157794469008,1.68756000622,0.666666666667,-0.0283504531819,0.0182790165114,0.0713258772307,0.0392674766667,0.0602760795249,2,1.53822410143,0.123993829968,-0.00608407860278,0.0504653511193,design_only_not_support,
20B_trendpv_residual_momentum_design_and_replication_diagnostic_v3,P5_RESMOM_R3_BOARD_ADAPTATION,full_history_retrospective_proxy,project_conservative_primary,EW,10,8,middle,1,P5_date_scope,mixed_post_snapshot_decision,bucket_return,12,12,0,0.0241379125351,0.0217542875878,0.0407689155883,0.289654950421,0.141227666337,2.0509788056,0.75,-0.017854876118,0.0217542875878,0.0658954525936,0.0285702505303,0.0513150468371,2,1.92364326428,0.0543993141227,-0.000455753093693,0.0487315781639,design_only_not_support,
20B_trendpv_residual_momentum_design_and_replication_diagnostic_v3,P5_RESMOM_R3_BOARD_ADAPTATION,full_history_retrospective_proxy,project_conservative_primary,EW,10,9,middle,1,P5_date_scope,mixed_post_snapshot_decision,bucket_return,12,12,0,0.0240750004275,0.0240247931647,0.0413634513454,0.28890000513,0.143287198613,2.0162303955,0.833333333333,-0.0185409609228,0.0240247931647,0.0723010383859,0.0391632098578,0.0570064816717,2,2.06577558217,0.0388496747311,0.00123315150014,0.0469168493548,design_only_not_support,
20B_trendpv_residual_momentum_design_and_replication_diagnostic_v3,P5_RESMOM_R3_BOARD_ADAPTATION,full_history_retrospective_proxy,project_conservative_primary,EW,10,10,favorable,1,P5_date_scope,mixed_post_snapshot_decision,bucket_return,12,12,0,0.0284509652099,0.03060980491,0.0467182096543,0.341411582518,0.16183662552,2.10960640968,0.666666666667,-0.0263145577456,0.03060980491,0.0939431258907,0.0395090130394,0.0525001632906,2,2.30921434229,0.0209316900871,0.00430298287854,0.0525989475412,design_only_not_support,
20B_trendpv_residual_momentum_design_and_replication_diagnostic_v3,P5_RESMOM_R3_BOARD_ADAPTATION,full_history_retrospective_proxy,project_conservative_primary,EW,10,,,1,P5_date_scope,mixed_post_snapshot_decision,favorable_minus_unfavorable,12,12,0,-0.00147426907036,-0.00769436110747,0.0307153685053,-0.0176912288443,0.106401157649,-0.16626913875,0.25,-0.0266547480429,-0.00769436110747,0.0474939289852,0.0359086238665,0.101058351798,2,-0.178443529237,0.858374666445,-0.0176671469728,0.0147186088321,design_only_not_support,
20B_trendpv_residual_momentum_design_and_replication_diagnostic_v3,P5_RESMOM_R3_BOARD_ADAPTATION,full_history_retrospective_proxy,project_conservative_primary,EW,10,,,1,P5_date_scope,mixed_post_snapshot_decision,favorable_minus_middle,12,12,0,0.00515508105444,0.0058762551502,0.0260912527137,0.0618609726533,0.0903827506666,0.684433392402,0.583333333333,-0.0215228011691,0.0058762551502,0.028853264269,0.0289314835357,0.0407496605879,2,0.927227729891,0.353808308191,-0.0057416737323,0.0160518358412,design_only_not_support,
20B_trendpv_residual_momentum_design_and_replication_diagnostic_v3,P5_RESMOM_R3_BOARD_ADAPTATION,full_history_retrospective_proxy,project_conservative_primary,EW,10,1,unfavorable,1,P5_date_scope,fully_post_snapshot_score,bucket_return,3,3,0,0.00869537414005,0.0421898038475,0.0846971623495,0.104344489681,0.293399576893,0.355639536995,0.666666666667,-0.0616636177089,0.0421898038475,0.065656594106,0.0876269730981,0.0876269730981,1,0.366385927953,0.714077118705,-0.0378201136185,0.0552108618986,design_only_not_support,
20B_trendpv_residual_momentum_design_and_replication_diagnostic_v3,P5_RESMOM_R3_BOARD_ADAPTATION,full_history_retrospective_proxy,project_conservative_primary,EW,10,2,middle,1,P5_date_scope,fully_post_snapshot_score,bucket_return,3,3,0,0.00134613101262,0.0243536456629,0.0678138042944,0.0161535721514,0.234913908985,0.0687637961551,0.666666666667,-0.0551118060723,0.0243536456629,0.0486010622374,0.0749781690062,0.0749781690062,1,0.0695445610351,0.944556163913,-0.036591678414,0.0392839404392,design_only_not_support,
20B_trendpv_residual_momentum_design_and_replication_diagnostic_v3,P5_RESMOM_R3_BOARD_ADAPTATION,full_history_retrospective_proxy,project_conservative_primary,EW,10,3,middle,1,P5_date_scope,fully_post_snapshot_score,bucket_return,3,3,0,-0.0012366672869,0.0128900594165,0.0501659444531,-0.0148400074428,0.173779929205,-0.0853954050431,0.666666666667,-0.0429830500432,0.0128900594165,0.034859024788,0.0569513274081,0.0569513274081,1,-0.0844684328216,0.93268400008,-0.0299316869791,0.0274583524053,design_only_not_support,
20B_trendpv_residual_momentum_design_and_replication_diagnostic_v3,P5_RESMOM_R3_BOARD_ADAPTATION,full_history_retrospective_proxy,project_conservative_primary,EW,10,4,middle,1,P5_date_scope,fully_post_snapshot_score,bucket_return,3,3,0,0.00930484100752,0.0230571205781,0.0272587737705,0.11165809209,0.0944271622449,1.18247853092,0.666666666667,-0.0130610676303,0.0230571205781,0.0261698378171,0.0220906146824,0.0220906146824,1,1.24786782029,0.212079466961,-0.00530981044846,0.0239194924635,design_only_not_support,
20B_trendpv_residual_momentum_design_and_replication_diagnostic_v3,P5_RESMOM_R3_BOARD_ADAPTATION,full_history_retrospective_proxy,project_conservative_primary,EW,10,5,middle,1,P5_date_scope,fully_post_snapshot_score,bucket_return,3,3,0,-0.00744554101593,0.0209158672713,0.0664095359071,-0.0893464921912,0.230049380596,-0.388379625103,0.666666666667,-0.0624782074328,0.0209158672713,0.036242562086,0.0833267261088,0.0833267261088,1,-0.403626396754,0.68648747162,-0.0436002433693,0.0287091613375,design_only_not_support,
20B_trendpv_residual_momentum_design_and_replication_diagnostic_v3,P5_RESMOM_R3_BOARD_ADAPTATION,full_history_retrospective_proxy,project_conservative_primary,EW,10,6,middle,1,P5_date_scope,fully_post_snapshot_score,bucket_return,3,3,0,-0.00315441907223,0.0130056189652,0.0840963881488,-0.0378530288667,0.291318434014,-0.129936950248,0.666666666667,-0.0727253980442,0.0130056189652,0.0599525446847,0.0941581522965,0.0941581522965,1,-0.123592143086,0.901638213698,-0.053178212004,0.0468693738596,design_only_not_support,
20B_trendpv_residual_momentum_design_and_replication_diagnostic_v3,P5_RESMOM_R3_BOARD_ADAPTATION,full_history_retrospective_proxy,project_conservative_primary,EW,10,7,middle,1,P5_date_scope,fully_post_snapshot_score,bucket_return,3,3,0,0.0273279684471,0.0725262697427,0.0898848455416,0.327935621365,0.311370238617,1.05320156101,0.666666666667,-0.0464431154171,0.0725262697427,0.083019731793,0.0761854617071,0.0761854617071,1,1.11118882553,0.266487080133,-0.0208743106761,0.0755302475702,design_only_not_support,
20B_trendpv_residual_momentum_design_and_replication_diagnostic_v3,P5_RESMOM_R3_BOARD_ADAPTATION,full_history_retrospective_proxy,project_conservative_primary,EW,10,8,middle,1,P5_date_scope,fully_post_snapshot_score,bucket_return,3,3,0,-0.004053540645,0.027511170434,0.0635436630098,-0.04864248774,0.220121705664,-0.220979969209,0.666666666667,-0.0562571276213,0.027511170434,0.0355241618997,0.0771992021351,0.0771992021351,1,-0.232942170031,0.815806312065,-0.0381598326617,0.0300527513717,design_only_not_support,
20B_trendpv_residual_momentum_design_and_replication_diagnostic_v3,P5_RESMOM_R3_BOARD_ADAPTATION,full_history_retrospective_proxy,project_conservative_primary,EW,10,9,middle,1,P5_date_scope,fully_post_snapshot_score,bucket_return,3,3,0,0.0140084598046,0.0309545719772,0.0717991055115,0.168101517655,0.248719397368,0.67586814472,0.666666666667,-0.0456073528601,0.0309545719772,0.0668458276002,0.0647478340695,0.0647478340695,1,0.655713172192,0.512008692002,-0.027863623692,0.0558805433012,design_only_not_support,
20B_trendpv_residual_momentum_design_and_replication_diagnostic_v3,P5_RESMOM_R3_BOARD_ADAPTATION,full_history_retrospective_proxy,project_conservative_primary,EW,10,10,favorable,1,P5_date_scope,fully_post_snapshot_score,bucket_return,3,3,0,0.0123647582001,0.0161616883845,0.115339424413,0.148377098401,0.399547486398,0.371362862871,0.666666666667,-0.0806286616933,0.0161616883845,0.10383940602,0.104826249213,0.104826249213,1,0.326943856856,0.743710349266,-0.0617595302414,0.0864890466417,design_only_not_support,
20B_trendpv_residual_momentum_design_and_replication_diagnostic_v3,P5_RESMOM_R3_BOARD_ADAPTATION,full_history_retrospective_proxy,project_conservative_primary,EW,10,,,1,P5_date_scope,fully_post_snapshot_score,favorable_minus_unfavorable,3,3,0,0.00366938406007,-0.0171992761147,0.0440135147541,0.0440326087209,0.152467287548,0.288800367798,0.333333333333,-0.0242623475934,-0.0171992761147,0.0399485797835,0.0260281154631,0.0427797268332,1,0.187718053114,0.851097677512,-0.0346426508448,0.0419814189649,design_only_not_support,
20B_trendpv_residual_momentum_design_and_replication_diagnostic_v3,P5_RESMOM_R3_BOARD_ADAPTATION,full_history_retrospective_proxy,project_conservative_primary,EW,10,,,1,P5_date_scope,fully_post_snapshot_score,favorable_minus_middle,3,3,0,0.0176647382442,-0.000799054733811,0.0458585037772,0.21197685893,0.158858517002,1.33437515929,0.333333333333,-0.0130268589549,-0.000799054733811,0.0557418526345,0.0160838100101,0.0168700128994,1,0.956904782189,0.338615317241,-0.018516762151,0.0538462386394,design_only_not_support,
20B_trendpv_residual_momentum_design_and_replication_diagnostic_v3,P5_RESMOM_R3_BOARD_ADAPTATION,full_history_retrospective_proxy,project_conservative_primary,VW,5,1,unfavorable,1,full,,bucket_return,64,63,1,0.00331524061315,-0.0020621583297,0.0578757519487,0.0397828873578,0.200487485803,0.198430775859,0.492063492063,-0.0635670580381,-0.0020621583297,0.0720273454934,0.086025522474,0.354972275872,3,0.499094910097,0.617712523135,-0.00970383065045,0.0163343118768,design_only_not_support,
20B_trendpv_residual_momentum_design_and_replication_diagnostic_v3,P5_RESMOM_R3_BOARD_ADAPTATION,full_history_retrospective_proxy,project_conservative_primary,VW,5,2,middle,1,full,,bucket_return,64,63,1,0.0031914540149,0.00211750459909,0.0527342291548,0.0382974481788,0.182676728388,0.209646015213,0.52380952381,-0.0647066443735,0.00211750459909,0.0691090396742,0.0816366745276,0.332096029013,3,0.590413172705,0.554913681386,-0.00740305033679,0.0137859583666,design_only_not_support,
20B_trendpv_residual_momentum_design_and_replication_diagnostic_v3,P5_RESMOM_R3_BOARD_ADAPTATION,full_history_retrospective_proxy,project_conservative_primary,VW,5,3,middle,1,full,,bucket_return,64,63,1,0.00422277093776,0.00134580824394,0.0498780892285,0.0506732512531,0.172782769456,0.293277225574,0.52380952381,-0.0476222412884,0.00134580824394,0.0561301112847,0.0721283525495,0.22871671861,3,0.894238753817,0.371194161385,-0.00503256374512,0.0134781056206,design_only_not_support,
20B_trendpv_residual_momentum_design_and_replication_diagnostic_v3,P5_RESMOM_R3_BOARD_ADAPTATION,full_history_retrospective_proxy,project_conservative_primary,VW,5,4,middle,1,full,,bucket_return,64,63,1,0.00461600094592,0.00528078997331,0.0470125456459,0.0553920113511,0.162856235304,0.34012828092,0.587301587302,-0.0495437262819,0.00528078997331,0.0494478135656,0.0749142251975,0.301964457684,3,0.941660943403,0.346366257197,-0.00499169879993,0.0142237006918,design_only_not_support,
20B_trendpv_residual_momentum_design_and_replication_diagnostic_v3,P5_RESMOM_R3_BOARD_ADAPTATION,full_history_retrospective_proxy,project_conservative_primary,VW,5,5,favorable,1,full,,bucket_return,64,63,1,0.00488847023574,0.00178015041512,0.0374539510151,0.0586616428288,0.129744292205,0.452132743815,0.52380952381,-0.032191750537,0.00178015041512,0.044244011884,0.0494791757817,0.198157285357,3,1.28953230511,0.197213092857,-0.00254153020982,0.0123184706813,design_only_not_support,
20B_trendpv_residual_momentum_design_and_replication_diagnostic_v3,P5_RESMOM_R3_BOARD_ADAPTATION,full_history_retrospective_proxy,project_conservative_primary,VW,5,,,1,full,,favorable_minus_unfavorable,64,63,1,0.00157322962259,0.00595391895029,0.0346431983623,0.018878755471,0.1200075594,0.157313052323,0.555555555556,-0.0372905977386,0.00595391895029,0.048239778982,0.0587560363039,0.23708533028,3,0.365717065379,0.714576210682,-0.00685807887127,0.0100045381164,design_only_not_support,
20B_trendpv_residual_momentum_design_and_replication_diagnostic_v3,P5_RESMOM_R3_BOARD_ADAPTATION,full_history_retrospective_proxy,project_conservative_primary,VW,5,,,1,full,,favorable_minus_middle,64,63,1,0.000665699297975,-0.000472563346065,0.03181327986,0.0079883915757,0.110204434146,0.0724870250242,0.492063492063,-0.0303954472815,-0.000472563346065,0.0390538434263,0.0538200682692,0.174459922618,3,0.184860990951,0.853338068295,-0.00639228866289,0.00772368725884,design_only_not_support,
20B_trendpv_residual_momentum_design_and_replication_diagnostic_v3,P5_RESMOM_R3_BOARD_ADAPTATION,full_history_retrospective_proxy,project_conservative_primary,VW,5,1,unfavorable,1,early,,bucket_return,32,32,0,-0.00911649523289,-0.00872560823914,0.0589835448988,-0.109397942795,0.20432499315,-0.535411459498,0.40625,-0.0820536324016,-0.00872560823914,0.0698388581834,0.0946525778739,0.354972275872,3,-1.12551221438,0.260372044279,-0.0249919358486,0.00675894538285,design_only_not_support,
20B_trendpv_residual_momentum_design_and_replication_diagnostic_v3,P5_RESMOM_R3_BOARD_ADAPTATION,full_history_retrospective_proxy,project_conservative_primary,VW,5,2,middle,1,early,,bucket_return,32,32,0,-0.00476803865672,-0.00450759143975,0.0588582407743,-0.0572164638806,0.20389092693,-0.280622903344,0.46875,-0.0701144787385,-0.00450759143975,0.0706360648345,0.0919767899627,0.332096029013,3,-0.640719353422,0.52170503776,-0.0193534948227,0.00981741750931,design_only_not_support,
20B_trendpv_residual_momentum_design_and_replication_diagnostic_v3,P5_RESMOM_R3_BOARD_ADAPTATION,full_history_retrospective_proxy,project_conservative_primary,VW,5,3,middle,1,early,,bucket_return,32,32,0,-0.000113088297932,0.00132390398954,0.0527537772995,-0.00135705957519,0.182744445148,-0.00742599630915,0.53125,-0.0578614393974,0.00132390398954,0.0563894994318,0.0861335591269,0.188640126721,3,-0.0181137728457,0.985548090613,-0.0123495777863,0.0121234011904,design_only_not_support,
20B_trendpv_residual_momentum_design_and_replication_diagnostic_v3,P5_RESMOM_R3_BOARD_ADAPTATION,full_history_retrospective_proxy,project_conservative_primary,VW,5,4,middle,1,early,,bucket_return,32,32,0,-0.00327688225636,0.0043034567156,0.0532182055634,-0.0393225870764,0.184353271847,-0.213300185467,0.5625,-0.0698197473671,0.0043034567156,0.0525118812033,0.0917231666137,0.301964457684,3,-0.490129171525,0.624042496761,-0.0163807160561,0.00982695154335,design_only_not_support,
20B_trendpv_residual_momentum_design_and_replication_diagnostic_v3,P5_RESMOM_R3_BOARD_ADAPTATION,full_history_retrospective_proxy,project_conservative_primary,VW,5,5,favorable,1,early,,bucket_return,32,32,0,-0.00126140545087,-0.002159737224,0.0336986334172,-0.0151368654105,0.116735490449,-0.129668067117,0.5,-0.033008351371,-0.002159737224,0.0333430208612,0.0543426997923,0.198157285357,3,-0.319401394529,0.749422153484,-0.0090018514726,0.00647904057085,design_only_not_support,
20B_trendpv_residual_momentum_design_and_replication_diagnostic_v3,P5_RESMOM_R3_BOARD_ADAPTATION,full_history_retrospective_proxy,project_conservative_primary,VW,5,,,1,early,,favorable_minus_unfavorable,32,32,0,0.00785508978202,0.010460761584,0.0365622927621,0.0942610773842,0.12665549741,0.744232025545,0.625,-0.0345690243595,0.010460761584,0.0491266086602,0.0537797270713,0.136894088448,3,1.24540451631,0.212983094017,-0.00450691217512,0.0202170917392,design_only_not_support,
20B_trendpv_residual_momentum_design_and_replication_diagnostic_v3,P5_RESMOM_R3_BOARD_ADAPTATION,full_history_retrospective_proxy,project_conservative_primary,VW,5,,,1,early,,favorable_minus_middle,32,32,0,-0.00114831715294,-0.00455385976526,0.0344238298459,-0.0137798058353,0.119247644568,-0.115556209812,0.46875,-0.0307156769822,-0.00455385976526,0.0305700611318,0.0547886296894,0.174459922618,3,-0.213902598785,0.8306230136,-0.0116702101799,0.00937357587398,design_only_not_support,
20B_trendpv_residual_momentum_design_and_replication_diagnostic_v3,P5_RESMOM_R3_BOARD_ADAPTATION,full_history_retrospective_proxy,project_conservative_primary,VW,5,1,unfavorable,1,late,,bucket_return,32,31,1,0.0161480001962,0.00776622168423,0.0547034247679,0.193776002354,0.189498222092,1.02257425011,0.58064516129,-0.0371292307199,0.00776622168423,0.0748052047052,0.0387605607259,0.0711740183438,3,1.9567508657,0.0503767663783,-2.65161214433e-05,0.0323225165138,design_only_not_support,
20B_trendpv_residual_momentum_design_and_replication_diagnostic_v3,P5_RESMOM_R3_BOARD_ADAPTATION,full_history_retrospective_proxy,project_conservative_primary,VW,5,2,middle,1,late,,bucket_return,32,31,1,0.0114077045146,0.0045157799282,0.0450564989423,0.136892454176,0.156080290759,0.877064320614,0.58064516129,-0.0362856486109,0.0045157799282,0.0443893829642,0.0479823721786,0.111619918612,3,1.76355865669,0.0778063135288,-0.00127046182259,0.0240858708518,design_only_not_support,
20B_trendpv_residual_momentum_design_and_replication_diagnostic_v3,P5_RESMOM_R3_BOARD_ADAPTATION,full_history_retrospective_proxy,project_conservative_primary,VW,5,3,middle,1,late,,bucket_return,32,31,1,0.00869849660041,0.00432357123788,0.0471701521933,0.104381959205,0.163402200399,0.638803877487,0.516129032258,-0.0336963523867,0.00432357123788,0.0363174767902,0.0407226151429,0.127965013257,3,1.3452415847,0.178547231058,-0.00397487021362,0.0213718634144,design_only_not_support,
20B_trendpv_residual_momentum_design_and_replication_diagnostic_v3,P5_RESMOM_R3_BOARD_ADAPTATION,full_history_retrospective_proxy,project_conservative_primary,VW,5,4,middle,1,late,,bucket_return,32,31,1,0.0127634932838,0.0136157880453,0.0388081917198,0.153161919405,0.134435519617,1.13929651807,0.612903225806,-0.0288076716118,0.0136157880453,0.0386414670537,0.0307846037101,0.0786849176365,3,2.28219762571,0.0224776752188,0.00180213442894,0.0237248521386,design_only_not_support,
20B_trendpv_residual_momentum_design_and_replication_diagnostic_v3,P5_RESMOM_R3_BOARD_ADAPTATION,full_history_retrospective_proxy,project_conservative_primary,VW,5,5,favorable,1,late,,bucket_return,32,31,1,0.011236729009,0.00178015041512,0.0405423177385,0.134840748108,0.140442708359,0.960112131725,0.548387096774,-0.0306379494823,0.00178015041512,0.0616017792649,0.0399053451963,0.0819751123858,3,1.96076093875,0.0499069166379,4.56718528529e-06,0.0224688908327,design_only_not_support,
20B_trendpv_residual_momentum_design_and_replication_diagnostic_v3,P5_RESMOM_R3_BOARD_ADAPTATION,full_history_retrospective_proxy,project_conservative_primary,VW,5,,,1,late,,favorable_minus_unfavorable,32,31,1,-0.00491127118715,-0.000591330993304,0.0318340736317,-0.0589352542458,0.110276465884,-0.534431837051,0.483870967742,-0.0374367651286,-0.000591330993304,0.0220347006979,0.0577043296383,0.23708533028,3,-1.03511693234,0.300614305886,-0.0142106211875,0.00438807881317,design_only_not_support,
20B_trendpv_residual_momentum_design_and_replication_diagnostic_v3,P5_RESMOM_R3_BOARD_ADAPTATION,full_history_retrospective_proxy,project_conservative_primary,VW,5,,,1,late,,favorable_minus_middle,32,31,1,0.0025382324086,0.00158303482802,0.0293259017532,0.0304587889032,0.101587903629,0.299826926388,0.516129032258,-0.0272099824011,0.00158303482802,0.0410311250464,0.0461989853819,0.163658361462,3,0.546790898129,0.584522396933,-0.00656002457093,0.0116364893881,design_only_not_support,
20B_trendpv_residual_momentum_design_and_replication_diagnostic_v3,P5_RESMOM_R3_BOARD_ADAPTATION,full_history_retrospective_proxy,project_conservative_primary,VW,5,1,unfavorable,1,P5_date_scope,pre_snapshot_decision_retrospective,bucket_return,48,48,0,-0.0012771347162,-0.00872560823914,0.0627328276782,-0.0153256165944,0.217312889682,-0.0705232746057,0.4375,-0.0782159525347,-0.00872560823914,0.0719963199043,0.091740081405,0.354972275872,3,-0.167750408113,0.866779638102,-0.0161989347601,0.0136446653277,design_only_not_support,
20B_trendpv_residual_momentum_design_and_replication_diagnostic_v3,P5_RESMOM_R3_BOARD_ADAPTATION,full_history_retrospective_proxy,project_conservative_primary,VW,5,2,middle,1,P5_date_scope,pre_snapshot_decision_retrospective,bucket_return,48,48,0,-0.00101551334213,-0.00366779119586,0.0570975811064,-0.0121861601055,0.197791822931,-0.0616110409669,0.479166666667,-0.0680335393016,-0.00366779119586,0.0734421169126,0.0875784039428,0.332096029013,3,-0.166190468303,0.868007060332,-0.012991949757,0.0109609230728,design_only_not_support,
20B_trendpv_residual_momentum_design_and_replication_diagnostic_v3,P5_RESMOM_R3_BOARD_ADAPTATION,full_history_retrospective_proxy,project_conservative_primary,VW,5,3,middle,1,P5_date_scope,pre_snapshot_decision_retrospective,bucket_return,48,48,0,0.00117814468065,-0.00260525986556,0.0554453758416,0.0141377361679,0.192068416005,0.0736078136215,0.479166666667,-0.054277058202,-0.00260525986556,0.0586549653806,0.080877509757,0.22871671861,3,0.206708084465,0.836237843272,-0.00999278338748,0.0123490727488,design_only_not_support,
20B_trendpv_residual_momentum_design_and_replication_diagnostic_v3,P5_RESMOM_R3_BOARD_ADAPTATION,full_history_retrospective_proxy,project_conservative_primary,VW,5,4,middle,1,P5_date_scope,pre_snapshot_decision_retrospective,bucket_return,48,48,0,0.00184815773924,0.0034499238431,0.0524928702843,0.0221778928708,0.181840636735,0.121963348067,0.541666666667,-0.0531121881076,0.0034499238431,0.060549709733,0.0845204538886,0.301964457684,3,0.301430167444,0.763086493111,-0.0101689626352,0.0138652781136,design_only_not_support,
20B_trendpv_residual_momentum_design_and_replication_diagnostic_v3,P5_RESMOM_R3_BOARD_ADAPTATION,full_history_retrospective_proxy,project_conservative_primary,VW,5,5,favorable,1,P5_date_scope,pre_snapshot_decision_retrospective,bucket_return,48,48,0,0.00169451510936,-0.00230986847047,0.0362386339994,0.0203341813123,0.125534310568,0.16198106494,0.5,-0.0326185073059,-0.00230986847047,0.0344003236312,0.0515212458387,0.198157285357,3,0.450537326164,0.652323046292,-0.00567710183054,0.00906613204926,design_only_not_support,
20B_trendpv_residual_momentum_design_and_replication_diagnostic_v3,P5_RESMOM_R3_BOARD_ADAPTATION,full_history_retrospective_proxy,project_conservative_primary,VW,5,,,1,P5_date_scope,pre_snapshot_decision_retrospective,favorable_minus_unfavorable,48,48,0,0.00297164982556,0.00761589181549,0.0361189246804,0.0356597979067,0.125119625322,0.285005632129,0.583333333333,-0.0374929583842,0.00761589181549,0.0489514071386,0.0660680428551,0.152809754467,3,0.574174926753,0.565849434534,-0.00717216935112,0.0131154690022,design_only_not_support,
20B_trendpv_residual_momentum_design_and_replication_diagnostic_v3,P5_RESMOM_R3_BOARD_ADAPTATION,full_history_retrospective_proxy,project_conservative_primary,VW,5,,,1,P5_date_scope,pre_snapshot_decision_retrospective,favorable_minus_middle,48,48,0,0.000516370428706,3.11650953045e-05,0.0322387510838,0.00619644514447,0.1116783097,0.0554847683596,0.5,-0.0287942987779,3.11650953045e-05,0.042298232247,0.05713928067,0.174459922618,3,0.121292917649,0.9034590295,-0.00782762411409,0.0088603649715,design_only_not_support,
20B_trendpv_residual_momentum_design_and_replication_diagnostic_v3,P5_RESMOM_R3_BOARD_ADAPTATION,full_history_retrospective_proxy,project_conservative_primary,VW,5,1,unfavorable,1,P5_date_scope,mixed_post_snapshot_decision,bucket_return,12,12,0,0.0209946417168,0.0154400274929,0.0367720235786,0.251935700602,0.127382026271,1.9777963028,0.666666666667,-0.0143646357668,0.0154400274929,0.0731846998439,0.0245783158791,0.0391722362959,2,1.66911440277,0.0950947094611,-0.00365839678377,0.0456476802174,design_only_not_support,
20B_trendpv_residual_momentum_design_and_replication_diagnostic_v3,P5_RESMOM_R3_BOARD_ADAPTATION,full_history_retrospective_proxy,project_conservative_primary,VW,5,2,middle,1,P5_date_scope,mixed_post_snapshot_decision,bucket_return,12,12,0,0.0222695242856,0.0274254391165,0.0316168273787,0.267234291428,0.109523902788,2.43996319182,0.75,-0.0176855485519,0.0274254391165,0.0443603412643,0.0246317112977,0.0354790454848,2,2.40495666362,0.0161743837031,0.00412056292889,0.0404184856424,design_only_not_support,
20B_trendpv_residual_momentum_design_and_replication_diagnostic_v3,P5_RESMOM_R3_BOARD_ADAPTATION,full_history_retrospective_proxy,project_conservative_primary,VW,5,3,middle,1,P5_date_scope,mixed_post_snapshot_decision,bucket_return,12,12,0,0.017705006693,0.0170314564279,0.0245440522872,0.212460080316,0.08502309117,2.49885151659,0.75,-0.0101272492356,0.0170314564279,0.0326731796962,0.0144604098811,0.0186533874236,2,2.69671968824,0.00700261897001,0.00483708585731,0.0305729275286,design_only_not_support,
20B_trendpv_residual_momentum_design_and_replication_diagnostic_v3,P5_RESMOM_R3_BOARD_ADAPTATION,full_history_retrospective_proxy,project_conservative_primary,VW,5,4,middle,1,P5_date_scope,mixed_post_snapshot_decision,bucket_return,12,12,0,0.0125711942652,0.0151215680026,0.0198239303739,0.150854331183,0.0686721092267,2.19673362129,0.75,-0.0109926880364,0.0151215680026,0.0345691802424,0.0179290460558,0.0237195781105,2,2.17779400414,0.029421376496,0.00125741162293,0.0238849769076,design_only_not_support,
20B_trendpv_residual_momentum_design_and_replication_diagnostic_v3,P5_RESMOM_R3_BOARD_ADAPTATION,full_history_retrospective_proxy,project_conservative_primary,VW,5,5,favorable,1,P5_date_scope,mixed_post_snapshot_decision,bucket_return,12,12,0,0.0160368629469,0.0184338695793,0.030325195915,0.192442355363,0.105049560149,1.83191966811,0.666666666667,-0.0186254820527,0.0184338695793,0.0447454896491,0.0199230084774,0.0243655803248,2,1.90006827469,0.0574241604142,-0.000505528829019,0.0325792547228,design_only_not_support,
20B_trendpv_residual_momentum_design_and_replication_diagnostic_v3,P5_RESMOM_R3_BOARD_ADAPTATION,full_history_retrospective_proxy,project_conservative_primary,VW,5,,,1,P5_date_scope,mixed_post_snapshot_decision,favorable_minus_unfavorable,12,12,0,-0.00495777876992,0.000458125510911,0.0251193554325,-0.059493345239,0.0870159997251,-0.683705817631,0.5,-0.0373636814336,0.000458125510911,0.0208114370889,0.0404760199258,0.0907690800405,2,-0.642985567552,0.520233464775,-0.0200701985857,0.0101546410459,design_only_not_support,
20B_trendpv_residual_momentum_design_and_replication_diagnostic_v3,P5_RESMOM_R3_BOARD_ADAPTATION,full_history_retrospective_proxy,project_conservative_primary,VW,5,,,1,P5_date_scope,mixed_post_snapshot_decision,favorable_minus_middle,12,12,0,-0.00166814374608,0.00125652354256,0.0205786197097,-0.0200177249529,0.0712864297735,-0.280806950447,0.5,-0.0255683501408,0.00125652354256,0.0191734630692,0.0379439403365,0.0491274582274,2,-0.271534653873,0.785979850553,-0.0137089702731,0.0103726827809,design_only_not_support,
20B_trendpv_residual_momentum_design_and_replication_diagnostic_v3,P5_RESMOM_R3_BOARD_ADAPTATION,full_history_retrospective_proxy,project_conservative_primary,VW,5,1,unfavorable,1,P5_date_scope,fully_post_snapshot_score,bucket_return,3,3,0,0.00607564146815,0.021257422194,0.0390595441031,0.0729076976178,0.135306229814,0.538834743366,0.666666666667,-0.026384874938,0.021257422194,0.032463445584,0.038295449221,0.038295449221,1,0.553986245445,0.579588259043,-0.0154195464692,0.0275708294055,design_only_not_support,
20B_trendpv_residual_momentum_design_and_replication_diagnostic_v3,P5_RESMOM_R3_BOARD_ADAPTATION,full_history_retrospective_proxy,project_conservative_primary,VW,5,2,middle,1,P5_date_scope,fully_post_snapshot_score,bucket_return,3,3,0,-0.00580934935568,-0.00841370682509,0.0369684769272,-0.0697121922681,0.128062560633,-0.544360443237,0.333333333333,-0.03480816651,-0.00841370682509,0.0242312107864,0.0414067814312,0.0494721037368,1,-0.455153780335,0.648998609384,-0.0308253241815,0.0192066254702,design_only_not_support,
20B_trendpv_residual_momentum_design_and_replication_diagnostic_v3,P5_RESMOM_R3_BOARD_ADAPTATION,full_history_retrospective_proxy,project_conservative_primary,VW,5,3,middle,1,P5_date_scope,fully_post_snapshot_score,bucket_return,3,3,0,-0.000992151969328,-0.00370207310848,0.0145578287034,-0.0119058236319,0.0504297979242,-0.236087077918,0.333333333333,-0.0119440999737,-0.00370207310848,0.0110437644907,0.0140046066899,0.0176548337206,1,-0.18656242775,0.852003727769,-0.0114153767875,0.00943107284889,design_only_not_support,
20B_trendpv_residual_momentum_design_and_replication_diagnostic_v3,P5_RESMOM_R3_BOARD_ADAPTATION,full_history_retrospective_proxy,project_conservative_primary,VW,5,4,middle,1,P5_date_scope,fully_post_snapshot_score,bucket_return,3,3,0,0.0170807189756,0.0276209300567,0.0283410787221,0.204968627707,0.098176376576,2.08775914182,0.666666666667,-0.00649200613554,0.0276209300567,0.0364373596543,0.0150202401836,0.0150202401836,1,2.13516047553,0.0327479041716,0.00140152558201,0.0327599123692,design_only_not_support,
20B_trendpv_residual_momentum_design_and_replication_diagnostic_v3,P5_RESMOM_R3_BOARD_ADAPTATION,full_history_retrospective_proxy,project_conservative_primary,VW,5,5,favorable,1,P5_date_scope,fully_post_snapshot_score,bucket_return,3,3,0,0.0113981814132,-0.010117312406,0.080707073664,0.136778176958,0.279577504233,0.489231697426,0.333333333333,-0.0471200888432,-0.010117312406,0.0785226491972,0.0563707829525,0.0659177745368,1,0.372326353639,0.709649879465,-0.0486030106612,0.0713993734875,design_only_not_support,
20B_trendpv_residual_momentum_design_and_replication_diagnostic_v3,P5_RESMOM_R3_BOARD_ADAPTATION,full_history_retrospective_proxy,project_conservative_primary,VW,5,,,1,P5_date_scope,fully_post_snapshot_score,favorable_minus_unfavorable,3,3,0,0.00532253994501,-0.0180753337315,0.0524670243647,0.0638704793401,0.181751103843,0.351417284349,0.333333333333,-0.0287148544263,-0.0180753337315,0.0487190837869,0.0313747346,0.0488829595328,1,0.226768019714,0.820604132473,-0.0406803603389,0.0513254402289,design_only_not_support,
20B_trendpv_residual_momentum_design_and_replication_diagnostic_v3,P5_RESMOM_R3_BOARD_ADAPTATION,full_history_retrospective_proxy,project_conservative_primary,VW,5,,,1,P5_date_scope,fully_post_snapshot_score,favorable_minus_middle,3,3,0,0.0123903333825,-0.0064152392975,0.0661940513503,0.14868400059,0.229302920195,0.648417388071,0.333333333333,-0.0351759888695,-0.0064152392975,0.0674788847065,0.0423661762625,0.0485096264012,1,0.489557241431,0.624447239731,-0.0372149121964,0.0619955789613,design_only_not_support,
20B_trendpv_residual_momentum_design_and_replication_diagnostic_v3,P5_RESMOM_R3_BOARD_ADAPTATION,full_history_retrospective_proxy,project_conservative_primary,VW,10,1,unfavorable,1,full,,bucket_return,64,63,1,0.00440054211122,-0.00791890609061,0.0655523121109,0.0528065053346,0.227079870259,0.232545955193,0.428571428571,-0.0667679576273,-0.00791890609061,0.0759647060315,0.0848308729418,0.397959248773,3,0.548370943856,0.583437223382,-0.0113276873785,0.0201287716009,design_only_not_support,
20B_trendpv_residual_momentum_design_and_replication_diagnostic_v3,P5_RESMOM_R3_BOARD_ADAPTATION,full_history_retrospective_proxy,project_conservative_primary,VW,10,2,middle,1,full,,bucket_return,64,63,1,0.0033485724639,-0.00121346853712,0.0564578481288,0.0401828695668,0.19557572289,0.20545939431,0.47619047619,-0.0674910420613,-0.00121346853712,0.0635971168133,0.0860767263105,0.343521605779,3,0.538628194701,0.590143428948,-0.00883623608017,0.015533381008,design_only_not_support,
20B_trendpv_residual_momentum_design_and_replication_diagnostic_v3,P5_RESMOM_R3_BOARD_ADAPTATION,full_history_retrospective_proxy,project_conservative_primary,VW,10,3,middle,1,full,,bucket_return,64,63,1,0.00215877538634,-0.00440145098803,0.0593406021359,0.0259053046361,0.205561875702,0.126021931584,0.492063492063,-0.0645834538496,-0.00440145098803,0.0779435968339,0.086655840124,0.347999700235,3,0.370311432046,0.711150456801,-0.00926707226993,0.0135846230426,design_only_not_support,
20B_trendpv_residual_momentum_design_and_replication_diagnostic_v3,P5_RESMOM_R3_BOARD_ADAPTATION,full_history_retrospective_proxy,project_conservative_primary,VW,10,4,middle,1,full,,bucket_return,64,63,1,0.00283580644227,0.0064085104288,0.0508320595597,0.0340296773072,0.176087419622,0.193254449297,0.587301587302,-0.0555005845816,0.0064085104288,0.0640487780715,0.0747370349124,0.322456147631,3,0.514064967676,0.607206569246,-0.0079762092434,0.0136478221279,design_only_not_support,
20B_trendpv_residual_momentum_design_and_replication_diagnostic_v3,P5_RESMOM_R3_BOARD_ADAPTATION,full_history_retrospective_proxy,project_conservative_primary,VW,10,5,middle,1,full,,bucket_return,64,63,1,0.001528698086,-0.00402002574965,0.0534542424777,0.018344377032,0.185170927703,0.0990672632011,0.428571428571,-0.0556998221907,-0.00402002574965,0.0698670366355,0.0755719859211,0.324606275172,3,0.296681410909,0.76670975035,-0.0085703276083,0.0116277237803,design_only_not_support,
20B_trendpv_residual_momentum_design_and_replication_diagnostic_v3,P5_RESMOM_R3_BOARD_ADAPTATION,full_history_retrospective_proxy,project_conservative_primary,VW,10,6,middle,1,full,,bucket_return,64,63,1,0.00621293750704,0.0059101347493,0.0522400137807,0.0745552500844,0.180964716112,0.411987771352,0.555555555556,-0.0475342836937,0.0059101347493,0.0556132000059,0.076324172936,0.198977440611,3,1.25623194439,0.209031888077,-0.00348044260991,0.015906317624,design_only_not_support,
20B_trendpv_residual_momentum_design_and_replication_diagnostic_v3,P5_RESMOM_R3_BOARD_ADAPTATION,full_history_retrospective_proxy,project_conservative_primary,VW,10,7,middle,1,full,,bucket_return,64,63,1,0.00386378677961,0.00455811297903,0.0560425229059,0.0463654413553,0.194136994115,0.238828470415,0.555555555556,-0.0631884350118,0.00455811297903,0.0590095086075,0.0879490858271,0.344389664817,3,0.662657219142,0.507550114859,-0.00756426789665,0.0152918414559,design_only_not_support,
20B_trendpv_residual_momentum_design_and_replication_diagnostic_v3,P5_RESMOM_R3_BOARD_ADAPTATION,full_history_retrospective_proxy,project_conservative_primary,VW,10,8,middle,1,full,,bucket_return,64,63,1,0.00677704424413,0.00826000857371,0.0476549066931,0.0813245309295,0.165081439245,0.492632795676,0.555555555556,-0.051247402859,0.00826000857371,0.0561469555096,0.0668919266679,0.24955410309,3,1.25653889701,0.208920652541,-0.00379386818185,0.0173479566701,design_only_not_support,
20B_trendpv_residual_momentum_design_and_replication_diagnostic_v3,P5_RESMOM_R3_BOARD_ADAPTATION,full_history_retrospective_proxy,project_conservative_primary,VW,10,9,middle,1,full,,bucket_return,64,63,1,0.00131413336501,-0.00595817642568,0.0415581418094,0.0157696003802,0.143961626164,0.109540304596,0.428571428571,-0.0402518836099,-0.00595817642568,0.0577730492999,0.0595986307892,0.317706280761,3,0.288378210684,0.773057244958,-0.00761738077468,0.0102456475047,design_only_not_support,
20B_trendpv_residual_momentum_design_and_replication_diagnostic_v3,P5_RESMOM_R3_BOARD_ADAPTATION,full_history_retrospective_proxy,project_conservative_primary,VW,10,10,favorable,1,full,,bucket_return,64,63,1,0.00699337566823,8.70098992694e-05,0.0415062922123,0.0839205080187,0.143782013891,0.583664853118,0.507936507937,-0.0336693380289,8.70098992694e-05,0.0721045059147,0.0555176750792,0.140571352196,3,1.63323954328,0.10241862632,-0.00139900283893,0.0153857541754,design_only_not_support,
20B_trendpv_residual_momentum_design_and_replication_diagnostic_v3,P5_RESMOM_R3_BOARD_ADAPTATION,full_history_retrospective_proxy,project_conservative_primary,VW,10,,,1,full,,favorable_minus_unfavorable,64,63,1,0.00259283355701,0.00556268719346,0.0507816713491,0.0311140026841,0.17591286974,0.176871667946,0.571428571429,-0.0520476928961,0.00556268719346,0.0619477489432,0.0895278147555,0.402701744575,3,0.369470796694,0.711776836591,-0.0111615969287,0.0163472640428,design_only_not_support,
20B_trendpv_residual_momentum_design_and_replication_diagnostic_v3,P5_RESMOM_R3_BOARD_ADAPTATION,full_history_retrospective_proxy,project_conservative_primary,VW,10,,,1,full,,favorable_minus_middle,64,63,1,0.00312255787171,0.00159608987164,0.0382465065508,0.0374706944605,0.132489785116,0.282819497576,0.507936507937,-0.0402119020896,0.00159608987164,0.0540771633108,0.061047018345,0.172095095905,3,0.673335558177,0.50073383581,-0.0059666709591,0.0122117867025,design_only_not_support,
20B_trendpv_residual_momentum_design_and_replication_diagnostic_v3,P5_RESMOM_R3_BOARD_ADAPTATION,full_history_retrospective_proxy,project_conservative_primary,VW,10,1,unfavorable,1,early,,bucket_return,32,32,0,-0.00962219479231,-0.0131614648028,0.063077781162,-0.115466337508,0.218507843602,-0.528431087892,0.3125,-0.0812126386572,-0.0131614648028,0.0775745068062,0.0945395775429,0.367368653123,3,-0.967423591975,0.333332321001,-0.0291164012615,0.0098720116769,design_only_not_support,
20B_trendpv_residual_momentum_design_and_replication_diagnostic_v3,P5_RESMOM_R3_BOARD_ADAPTATION,full_history_retrospective_proxy,project_conservative_primary,VW,10,2,middle,1,early,,bucket_return,32,32,0,-0.00704902491337,-0.00780598829618,0.0602343554062,-0.0845882989604,0.208657927849,-0.405392212183,0.4375,-0.076595431412,-0.00780598829618,0.0636264577631,0.0980837463221,0.343521605779,3,-0.870098563896,0.384246542446,-0.022927496077,0.00882944625025,design_only_not_support,
20B_trendpv_residual_momentum_design_and_replication_diagnostic_v3,P5_RESMOM_R3_BOARD_ADAPTATION,full_history_retrospective_proxy,project_conservative_primary,VW,10,3,middle,1,early,,bucket_return,32,32,0,-0.00564262605013,-0.00825628343888,0.0671980707081,-0.0677115126016,0.232780945274,-0.290880821546,0.4375,-0.076671526014,-0.00825628343888,0.0828948301718,0.097822134607,0.347999700235,3,-0.676967679874,0.498426460934,-0.0219792166515,0.0106939645513,design_only_not_support,
20B_trendpv_residual_momentum_design_and_replication_diagnostic_v3,P5_RESMOM_R3_BOARD_ADAPTATION,full_history_retrospective_proxy,project_conservative_primary,VW,10,4,middle,1,early,,bucket_return,32,32,0,-0.00563340917955,-0.00626770297158,0.0550346292762,-0.0676009101545,0.190645548164,-0.354589502905,0.5,-0.0674527155814,-0.00626770297158,0.0646776878971,0.0868226929158,0.322456147631,3,-0.752491261939,0.451755682716,-0.0203063757116,0.00903955735249,design_only_not_support,
20B_trendpv_residual_momentum_design_and_replication_diagnostic_v3,P5_RESMOM_R3_BOARD_ADAPTATION,full_history_retrospective_proxy,project_conservative_primary,VW,10,5,middle,1,early,,bucket_return,32,32,0,-0.00153732153171,-0.00967867862508,0.0568862841849,-0.0184478583805,0.197059868924,-0.0936155011225,0.40625,-0.0709194223135,-0.00967867862508,0.075099908516,0.0846099966985,0.241418093648,3,-0.207642904167,0.835507801724,-0.0160482668823,0.0129736238189,design_only_not_support,
20B_trendpv_residual_momentum_design_and_replication_diagnostic_v3,P5_RESMOM_R3_BOARD_ADAPTATION,full_history_retrospective_proxy,project_conservative_primary,VW,10,6,middle,1,early,,bucket_return,32,32,0,0.00114911338924,0.00507527561415,0.0529874971045,0.0137893606709,0.183554074302,0.0751242418528,0.53125,-0.0528836259271,0.00507527561415,0.0530077087063,0.0882345173413,0.169787964473,3,0.183399642027,0.854484456724,-0.011131286028,0.0134295128065,design_only_not_support,
20B_trendpv_residual_momentum_design_and_replication_diagnostic_v3,P5_RESMOM_R3_BOARD_ADAPTATION,full_history_retrospective_proxy,project_conservative_primary,VW,10,7,middle,1,early,,bucket_return,32,32,0,-0.00522632809659,0.00247211446607,0.0616408085269,-0.0627159371591,0.213530024376,-0.293710157821,0.53125,-0.0680700019069,0.00247211446607,0.0591535379632,0.103717369923,0.312057786913,3,-0.631989719097,0.527393595207,-0.021434526634,0.0109818704408,design_only_not_support,
20B_trendpv_residual_momentum_design_and_replication_diagnostic_v3,P5_RESMOM_R3_BOARD_ADAPTATION,full_history_retrospective_proxy,project_conservative_primary,VW,10,8,middle,1,early,,bucket_return,32,32,0,0.00339679309527,0.00740738951305,0.0533735768529,0.0407615171432,0.184891493782,0.220461830393,0.5625,-0.0613903597895,0.00740738951305,0.072752742933,0.0749127629176,0.24955410309,3,0.445713846592,0.65580396123,-0.0115401270398,0.0183337132304,design_only_not_support,
20B_trendpv_residual_momentum_design_and_replication_diagnostic_v3,P5_RESMOM_R3_BOARD_ADAPTATION,full_history_retrospective_proxy,project_conservative_primary,VW,10,9,middle,1,early,,bucket_return,32,32,0,-0.00655323930435,-0.0120928524009,0.0386930779109,-0.0786388716522,0.134036753686,-0.586696331339,0.375,-0.0581796079767,-0.0120928524009,0.0387144662817,0.0679078270495,0.270186045297,3,-1.44034125689,0.149770874413,-0.0154706489509,0.00236417034224,design_only_not_support,
20B_trendpv_residual_momentum_design_and_replication_diagnostic_v3,P5_RESMOM_R3_BOARD_ADAPTATION,full_history_retrospective_proxy,project_conservative_primary,VW,10,10,favorable,1,early,,bucket_return,32,32,0,0.00366609131084,0.00143342614328,0.0389924346223,0.0439930957301,0.135073755753,0.325696842328,0.53125,-0.0343015879189,0.00143342614328,0.0645395607123,0.0575069560226,0.140571352196,3,0.745257118911,0.456116298656,-0.00597542267266,0.0133076052943,design_only_not_support,
20B_trendpv_residual_momentum_design_and_replication_diagnostic_v3,P5_RESMOM_R3_BOARD_ADAPTATION,full_history_retrospective_proxy,project_conservative_primary,VW,10,,,1,early,,favorable_minus_unfavorable,32,32,0,0.0132882861032,0.0159815584351,0.0507201107441,0.159459433238,0.175699617548,0.907568470909,0.6875,-0.0509109664203,0.0159815584351,0.0792423536721,0.0753941676542,0.166194121603,3,1.40475497915,0.160094150791,-0.0052520021073,0.0318285743136,design_only_not_support,
20B_trendpv_residual_momentum_design_and_replication_diagnostic_v3,P5_RESMOM_R3_BOARD_ADAPTATION,full_history_retrospective_proxy,project_conservative_primary,VW,10,,,1,early,,favorable_minus_middle,32,32,0,0.00386019538207,-0.000830700279464,0.0415722913483,0.0463223445849,0.144010641605,0.321659177883,0.5,-0.0488429825371,-0.000830700279464,0.0680043625682,0.0609978476261,0.132870869631,3,0.562044230612,0.574085883987,-0.00960110091825,0.0173214916824,design_only_not_support,
20B_trendpv_residual_momentum_design_and_replication_diagnostic_v3,P5_RESMOM_R3_BOARD_ADAPTATION,full_history_retrospective_proxy,project_conservative_primary,VW,10,1,unfavorable,1,late,,bucket_return,32,31,1,0.0188756253665,0.0129105623986,0.0659013884437,0.226507504398,0.228289106148,0.992195852969,0.548387096774,-0.0343756883327,0.0129105623986,0.0605723984008,0.0496298936992,0.127864920404,3,1.8614825228,0.0626760664704,-0.000998612210763,0.0387498629437,design_only_not_support,
20B_trendpv_residual_momentum_design_and_replication_diagnostic_v3,P5_RESMOM_R3_BOARD_ADAPTATION,full_history_retrospective_proxy,project_conservative_primary,VW,10,2,middle,1,late,,bucket_return,32,31,1,0.0140815762082,0.000633164903905,0.0510294522781,0.168978914498,0.176771208056,0.955918762769,0.516129032258,-0.0401923654897,0.000633164903905,0.0556758518123,0.0409275376134,0.0875033610988,3,1.83363765406,0.0667077989298,-0.000970133791565,0.0291332862079,design_only_not_support,
20B_trendpv_residual_momentum_design_and_replication_diagnostic_v3,P5_RESMOM_R3_BOARD_ADAPTATION,full_history_retrospective_proxy,project_conservative_primary,VW,10,3,middle,1,late,,bucket_return,32,31,1,0.0102118349337,0.0024221064865,0.0497929216691,0.122542019204,0.172487740376,0.710439008224,0.548387096774,-0.052942381578,0.0024221064865,0.0707283530341,0.0623530795953,0.108270910772,3,1.46018406471,0.144239493659,-0.00349522376517,0.0239188936325,design_only_not_support,
20B_trendpv_residual_momentum_design_and_replication_diagnostic_v3,P5_RESMOM_R3_BOARD_ADAPTATION,full_history_retrospective_proxy,project_conservative_primary,VW,10,4,middle,1,late,,bucket_return,32,31,1,0.011578222568,0.00764302472569,0.0453298877274,0.138938670816,0.15702733729,0.884805621833,0.677419354839,-0.0416587273767,0.00764302472569,0.0516816973361,0.0482416350406,0.109591576801,3,1.77492518682,0.0759102408991,-0.00120704827425,0.0243634934103,design_only_not_support,
20B_trendpv_residual_momentum_design_and_replication_diagnostic_v3,P5_RESMOM_R3_BOARD_ADAPTATION,full_history_retrospective_proxy,project_conservative_primary,VW,10,5,middle,1,late,,bucket_return,32,31,1,0.00469362156233,-0.0030889711592,0.0504074105101,0.056323458748,0.174616392163,0.322555391566,0.451612903226,-0.0365694280809,-0.0030889711592,0.0446423233081,0.053272102663,0.201100634621,3,0.685053017723,0.493310465873,-0.00873501677841,0.0181222599031,design_only_not_support,
20B_trendpv_residual_momentum_design_and_replication_diagnostic_v3,P5_RESMOM_R3_BOARD_ADAPTATION,full_history_retrospective_proxy,project_conservative_primary,VW,10,6,middle,1,late,,bucket_return,32,31,1,0.0114401107899,0.00689325713216,0.051798868234,0.137281329479,0.179436543112,0.765068960304,0.58064516129,-0.0368353185609,0.00689325713216,0.0774024275725,0.0528554414956,0.103568714092,3,1.66620287539,0.0956730134727,-0.00201695704891,0.0248971786288,design_only_not_support,
20B_trendpv_residual_momentum_design_and_replication_diagnostic_v3,P5_RESMOM_R3_BOARD_ADAPTATION,full_history_retrospective_proxy,project_conservative_primary,VW,10,7,middle,1,late,,bucket_return,32,31,1,0.0132471311679,0.00823978846143,0.0488420910948,0.158965574015,0.169193966648,0.939546351235,0.58064516129,-0.0241986302874,0.00823978846143,0.0559310244101,0.0448708956963,0.113158776274,3,2.0011421743,0.045377070496,0.00027259076744,0.0262216715685,design_only_not_support,
20B_trendpv_residual_momentum_design_and_replication_diagnostic_v3,P5_RESMOM_R3_BOARD_ADAPTATION,full_history_retrospective_proxy,project_conservative_primary,VW,10,8,middle,1,late,,bucket_return,32,31,1,0.0102663357526,0.00826000857371,0.0415320853272,0.123196029031,0.143871363862,0.85629291142,0.548387096774,-0.0381792223938,0.00826000857371,0.0553237033379,0.046511560606,0.109197783387,3,1.45647035979,0.145262637592,-0.00354901462037,0.0240816861256,design_only_not_support,
20B_trendpv_residual_momentum_design_and_replication_diagnostic_v3,P5_RESMOM_R3_BOARD_ADAPTATION,full_history_retrospective_proxy,project_conservative_primary,VW,10,9,middle,1,late,,bucket_return,32,31,1,0.00943529224951,-0.00103025862846,0.0434518573282,0.113223506994,0.150521649151,0.752207457415,0.483870967742,-0.0355624591577,-0.00103025862846,0.0613700092505,0.045280391621,0.138019642151,3,1.38730721623,0.165348103609,-0.00389472778951,0.0227653122885,design_only_not_support,
20B_trendpv_residual_momentum_design_and_replication_diagnostic_v3,P5_RESMOM_R3_BOARD_ADAPTATION,full_history_retrospective_proxy,project_conservative_primary,VW,10,10,favorable,1,late,,bucket_return,32,31,1,0.0104279917791,-0.00263038290417,0.044331784304,0.125135901349,0.153569805609,0.814847038793,0.483870967742,-0.0282849641875,-0.00263038290417,0.0735476815382,0.0467202164129,0.113058907634,3,1.51133980616,0.130701897022,-0.00309543176519,0.0239514153233,design_only_not_support,
20B_trendpv_residual_momentum_design_and_replication_diagnostic_v3,P5_RESMOM_R3_BOARD_ADAPTATION,full_history_retrospective_proxy,project_conservative_primary,VW,10,,,1,late,,favorable_minus_unfavorable,32,31,1,-0.0084476335874,-0.00757540175007,0.0492262160563,-0.101371603049,0.170524614548,-0.59446903497,0.451612903226,-0.0519256515172,-0.00757540175007,0.0430122056344,0.0942609210473,0.402701744575,3,-0.991398245319,0.321491156724,-0.0251483466097,0.00825307943491,design_only_not_support,
20B_trendpv_residual_momentum_design_and_replication_diagnostic_v3,P5_RESMOM_R3_BOARD_ADAPTATION,full_history_retrospective_proxy,project_conservative_primary,VW,10,,,1,late,,favorable_minus_middle,32,31,1,0.00236112560295,0.00159608987164,0.0351577416973,0.0283335072354,0.121789989798,0.232642331955,0.516129032258,-0.03754892548,0.00159608987164,0.0324601353445,0.0548302738768,0.172095095905,3,0.386442217325,0.699169188893,-0.00961407000789,0.0143363212138,design_only_not_support,
20B_trendpv_residual_momentum_design_and_replication_diagnostic_v3,P5_RESMOM_R3_BOARD_ADAPTATION,full_history_retrospective_proxy,project_conservative_primary,VW,10,1,unfavorable,1,P5_date_scope,pre_snapshot_decision_retrospective,bucket_return,48,48,0,-0.000620495133222,-0.0129963477505,0.070461088111,-0.00744594159866,0.24408436913,-0.0305056060133,0.354166666667,-0.0718543993382,-0.0129963477505,0.0799693260625,0.0915517783843,0.397959248773,3,-0.0660396095666,0.947346290394,-0.0190359297743,0.0177949395079,design_only_not_support,
20B_trendpv_residual_momentum_design_and_replication_diagnostic_v3,P5_RESMOM_R3_BOARD_ADAPTATION,full_history_retrospective_proxy,project_conservative_primary,VW,10,2,middle,1,P5_date_scope,pre_snapshot_decision_retrospective,bucket_return,48,48,0,-0.000612570884806,-0.00364068716114,0.0608873804082,-0.00735085061767,0.210920072814,-0.0348513563437,0.416666666667,-0.0700832777428,-0.00364068716114,0.0648917975916,0.0929678909415,0.343521605779,3,-0.0869427227372,0.930717040238,-0.0144218562902,0.0131967145206,design_only_not_support,
20B_trendpv_residual_momentum_design_and_replication_diagnostic_v3,P5_RESMOM_R3_BOARD_ADAPTATION,full_history_retrospective_proxy,project_conservative_primary,VW,10,3,middle,1,P5_date_scope,pre_snapshot_decision_retrospective,bucket_return,48,48,0,-0.00299874482584,-0.00701174724445,0.0639071762942,-0.0359849379101,0.22138095262,-0.162547579113,0.4375,-0.0708811680819,-0.00701174724445,0.0755521831113,0.0947255676858,0.347999700235,3,-0.466600365134,0.640785825716,-0.0155950312771,0.0095975416254,design_only_not_support,
20B_trendpv_residual_momentum_design_and_replication_diagnostic_v3,P5_RESMOM_R3_BOARD_ADAPTATION,full_history_retrospective_proxy,project_conservative_primary,VW,10,4,middle,1,P5_date_scope,pre_snapshot_decision_retrospective,bucket_return,48,48,0,-0.000648593656722,0.00127786406759,0.0546140446625,-0.00778312388067,0.189188600325,-0.0411394971331,0.541666666667,-0.0593668735272,0.00127786406759,0.0670474384787,0.0819032965577,0.322456147631,3,-0.101511142178,0.91914471307,-0.013171555969,0.0118743686556,design_only_not_support,
20B_trendpv_residual_momentum_design_and_replication_diagnostic_v3,P5_RESMOM_R3_BOARD_ADAPTATION,full_history_retrospective_proxy,project_conservative_primary,VW,10,5,middle,1,P5_date_scope,pre_snapshot_decision_retrospective,bucket_return,48,48,0,-0.00169043127793,-0.0119151967215,0.0596692848783,-0.0202851753351,0.206700466121,-0.0981380241458,0.354166666667,-0.0670146238916,-0.0119151967215,0.0743399414771,0.0811856941006,0.324606275172,3,-0.265224613537,0.790836434808,-0.0141824258138,0.0108015632579,design_only_not_support,
20B_trendpv_residual_momentum_design_and_replication_diagnostic_v3,P5_RESMOM_R3_BOARD_ADAPTATION,full_history_retrospective_proxy,project_conservative_primary,VW,10,6,middle,1,P5_date_scope,pre_snapshot_decision_retrospective,bucket_return,48,48,0,0.00389938124345,0.000611474033623,0.0556307321759,0.0467925749214,0.192710509182,0.242812782344,0.5,-0.0495307911326,0.000611474033623,0.0542086781931,0.0813562229642,0.198977440611,3,0.678184197917,0.497654910508,-0.00736989754928,0.0151686600362,design_only_not_support,
20B_trendpv_residual_momentum_design_and_replication_diagnostic_v3,P5_RESMOM_R3_BOARD_ADAPTATION,full_history_retrospective_proxy,project_conservative_primary,VW,10,7,middle,1,P5_date_scope,pre_snapshot_decision_retrospective,bucket_return,48,48,0,-0.0013326905835,-0.00417401458737,0.0616178133987,-0.015992287002,0.213450366916,-0.0749227430858,0.458333333333,-0.0649050725043,-0.00417401458737,0.0667827695186,0.0978068750126,0.344389664817,3,-0.193515547262,0.846555231227,-0.0148304461032,0.0121650649362,design_only_not_support,
20B_trendpv_residual_momentum_design_and_replication_diagnostic_v3,P5_RESMOM_R3_BOARD_ADAPTATION,full_history_retrospective_proxy,project_conservative_primary,VW,10,8,middle,1,P5_date_scope,pre_snapshot_decision_retrospective,bucket_return,48,48,0,0.00635114193172,0.00270089116463,0.052228399104,0.0762137031807,0.180924481692,0.421245939012,0.541666666667,-0.0537295497597,0.00270089116463,0.0733846086537,0.0714092161916,0.24955410309,3,0.967612193196,0.333238085399,-0.0065135258912,0.0192158097546,design_only_not_support,
20B_trendpv_residual_momentum_design_and_replication_diagnostic_v3,P5_RESMOM_R3_BOARD_ADAPTATION,full_history_retrospective_proxy,project_conservative_primary,VW,10,9,middle,1,P5_date_scope,pre_snapshot_decision_retrospective,bucket_return,48,48,0,-0.00245918098448,-0.00825648852935,0.0422568273968,-0.0295101718137,0.146381944036,-0.201597075432,0.395833333333,-0.0519008221475,-0.00825648852935,0.0456063024444,0.065058374021,0.317706280761,3,-0.488498733908,0.625196622298,-0.012325954072,0.0074075921031,design_only_not_support,
20B_trendpv_residual_momentum_design_and_replication_diagnostic_v3,P5_RESMOM_R3_BOARD_ADAPTATION,full_history_retrospective_proxy,project_conservative_primary,VW,10,10,favorable,1,P5_date_scope,pre_snapshot_decision_retrospective,bucket_return,48,48,0,0.00337642586255,-0.00487308279868,0.0391393627707,0.0405171103506,0.135582729789,0.298836809183,0.479166666667,-0.0362181961621,-0.00487308279868,0.0631114173963,0.055702056104,0.140571352196,3,0.857272986597,0.391294034035,-0.00434302079042,0.0110958725155,design_only_not_support,
20B_trendpv_residual_momentum_design_and_replication_diagnostic_v3,P5_RESMOM_R3_BOARD_ADAPTATION,full_history_retrospective_proxy,project_conservative_primary,VW,10,,,1,P5_date_scope,pre_snapshot_decision_retrospective,favorable_minus_unfavorable,48,48,0,0.00399692099577,0.0069106711698,0.0523140824435,0.0479630519493,0.181221297487,0.264665646998,0.583333333333,-0.0493985498912,0.0069106711698,0.0633588679539,0.0942555734456,0.32168970311,3,0.463271757359,0.643169587082,-0.0129128540473,0.0209066960389,design_only_not_support,
20B_trendpv_residual_momentum_design_and_replication_diagnostic_v3,P5_RESMOM_R3_BOARD_ADAPTATION,full_history_retrospective_proxy,project_conservative_primary,VW,10,,,1,P5_date_scope,pre_snapshot_decision_retrospective,favorable_minus_middle,48,48,0,0.00227195087979,-0.00260281324273,0.0385307232649,0.0272634105575,0.133474340694,0.204259563416,0.479166666667,-0.0432976712899,-0.00260281324273,0.0417746573072,0.0661499517313,0.139795335043,3,0.419598330959,0.674778907856,-0.00834044094945,0.012884342709,design_only_not_support,
20B_trendpv_residual_momentum_design_and_replication_diagnostic_v3,P5_RESMOM_R3_BOARD_ADAPTATION,full_history_retrospective_proxy,project_conservative_primary,VW,10,1,unfavorable,1,P5_date_scope,mixed_post_snapshot_decision,bucket_return,12,12,0,0.0259394997721,0.0309889655605,0.0422570235631,0.311273997266,0.146382623576,2.12644089621,0.666666666667,-0.0171747099983,0.0309889655605,0.059256306819,0.0235828053949,0.0466420907103,2,1.86903239704,0.061618307231,-0.00126200053946,0.0531410000838,design_only_not_support,
20B_trendpv_residual_momentum_design_and_replication_diagnostic_v3,P5_RESMOM_R3_BOARD_ADAPTATION,full_history_retrospective_proxy,project_conservative_primary,VW,10,2,middle,1,P5_date_scope,mixed_post_snapshot_decision,bucket_return,12,12,0,0.0172912887981,0.00949184513094,0.0410232056845,0.207495465577,0.14210855307,1.46011947272,0.666666666667,-0.019046986396,0.00949184513094,0.0546749028484,0.0305881966559,0.0410350000446,2,1.30381908692,0.192295273201,-0.00870181379601,0.0432843913922,design_only_not_support,
20B_trendpv_residual_momentum_design_and_replication_diagnostic_v3,P5_RESMOM_R3_BOARD_ADAPTATION,full_history_retrospective_proxy,project_conservative_primary,VW,10,3,middle,1,P5_date_scope,mixed_post_snapshot_decision,bucket_return,12,12,0,0.0236303577234,0.0190234643815,0.0365896736436,0.28356429268,0.126750347566,2.23718749593,0.666666666667,-0.0155619725154,0.0190234643815,0.07714278558,0.0169026656626,0.0334297350775,2,2.36460912244,0.018049109231,0.00404375897428,0.0432169564724,design_only_not_support,
20B_trendpv_residual_momentum_design_and_replication_diagnostic_v3,P5_RESMOM_R3_BOARD_ADAPTATION,full_history_retrospective_proxy,project_conservative_primary,VW,10,4,middle,1,P5_date_scope,mixed_post_snapshot_decision,bucket_return,12,12,0,0.0202941572725,0.023157778332,0.0354020760485,0.24352988727,0.122636388819,1.9857881467,0.833333333333,-0.021784061042,0.023157778332,0.0504409320568,0.0369806061583,0.0492010439195,2,1.98318572901,0.0473466873727,0.000237630660334,0.0403506838847,design_only_not_support,
20B_trendpv_residual_momentum_design_and_replication_diagnostic_v3,P5_RESMOM_R3_BOARD_ADAPTATION,full_history_retrospective_proxy,project_conservative_primary,VW,10,5,middle,1,P5_date_scope,mixed_post_snapshot_decision,bucket_return,12,12,0,0.0106407778688,0.00707628353514,0.0252632384463,0.127689334426,0.0875144251053,1.45906613992,0.583333333333,-0.0132291563065,0.00707628353514,0.0425837796505,0.0154654073564,0.0222297657346,2,1.65584816663,0.0977525706673,-0.00195430289442,0.0232358586321,design_only_not_support,
20B_trendpv_residual_momentum_design_and_replication_diagnostic_v3,P5_RESMOM_R3_BOARD_ADAPTATION,full_history_retrospective_proxy,project_conservative_primary,VW,10,6,middle,1,P5_date_scope,mixed_post_snapshot_decision,bucket_return,12,12,0,0.0238209946529,0.0225852825056,0.033261558196,0.285851935834,0.115221417469,2.48089237326,0.833333333333,-0.00839334588956,0.0225852825056,0.0736038263175,0.0222402339093,0.034820613025,2,2.79288740039,0.00522398727223,0.00710414040767,0.040537848898,design_only_not_support,
20B_trendpv_residual_momentum_design_and_replication_diagnostic_v3,P5_RESMOM_R3_BOARD_ADAPTATION,full_history_retrospective_proxy,project_conservative_primary,VW,10,7,middle,1,P5_date_scope,mixed_post_snapshot_decision,bucket_return,12,12,0,0.0177288333083,0.0215513884552,0.0177502331449,0.2127459997,0.0614886113064,3.45992526388,0.916666666667,0.002731327987,0.0215513884552,0.0321280828461,0.00771316883256,0.0175456144883,2,3.44854017727,0.000563625612349,0.00765272197248,0.0278049446441,design_only_not_support,
20B_trendpv_residual_momentum_design_and_replication_diagnostic_v3,P5_RESMOM_R3_BOARD_ADAPTATION,full_history_retrospective_proxy,project_conservative_primary,VW,10,8,middle,1,P5_date_scope,mixed_post_snapshot_decision,bucket_return,12,12,0,0.00777016529796,0.00982937821985,0.0330521339632,0.0932419835756,0.114495950646,0.814369268517,0.583333333333,-0.0200408088197,0.00982937821985,0.045725887175,0.0395654042814,0.0976099651096,2,0.717410072297,0.4731211065,-0.0134579226897,0.0289982532856,design_only_not_support,
20B_trendpv_residual_momentum_design_and_replication_diagnostic_v3,P5_RESMOM_R3_BOARD_ADAPTATION,full_history_retrospective_proxy,project_conservative_primary,VW,10,9,middle,1,P5_date_scope,mixed_post_snapshot_decision,bucket_return,12,12,0,0.0131936189312,0.00587452463255,0.0348514873356,0.158323427174,0.120729093569,1.3113941511,0.583333333333,-0.0144606061056,0.00587452463255,0.0430787245422,0.0246975111778,0.0369496740965,2,1.39824837571,0.162038494404,-0.00530024695129,0.0316874848136,design_only_not_support,
20B_trendpv_residual_momentum_design_and_replication_diagnostic_v3,P5_RESMOM_R3_BOARD_ADAPTATION,full_history_retrospective_proxy,project_conservative_primary,VW,10,10,favorable,1,P5_date_scope,mixed_post_snapshot_decision,bucket_return,12,12,0,0.0213253328822,0.0224404610563,0.0331151964039,0.255903994586,0.114714405348,2.23079214689,0.666666666667,-0.0200111028032,0.0224404610563,0.0707414862115,0.0250021402278,0.0282849641875,2,2.25400126234,0.0241960885617,0.00278191628974,0.0398687494747,design_only_not_support,
20B_trendpv_residual_momentum_design_and_replication_diagnostic_v3,P5_RESMOM_R3_BOARD_ADAPTATION,full_history_retrospective_proxy,project_conservative_primary,VW,10,,,1,P5_date_scope,mixed_post_snapshot_decision,favorable_minus_unfavorable,12,12,0,-0.00461416688995,0.00271407764543,0.0430669489833,-0.0553700026794,0.149188287532,-0.371141753789,0.583333333333,-0.050422988327,0.00271407764543,0.0402725212374,0.0776321421686,0.116866267084,2,-0.401875333026,0.687775777209,-0.0271176653128,0.0178893315329,design_only_not_support,
20B_trendpv_residual_momentum_design_and_replication_diagnostic_v3,P5_RESMOM_R3_BOARD_ADAPTATION,full_history_retrospective_proxy,project_conservative_primary,VW,10,,,1,P5_date_scope,mixed_post_snapshot_decision,favorable_minus_middle,12,12,0,0.00409444662135,0.00916286205564,0.0303111708455,0.0491333594562,0.105000975883,0.467932407706,0.666666666667,-0.034945800665,0.00916286205564,0.0258356873172,0.0468016397861,0.0651812517631,2,0.459015320952,0.646223163981,-0.0133885600413,0.021577453284,design_only_not_support,
20B_trendpv_residual_momentum_design_and_replication_diagnostic_v3,P5_RESMOM_R3_BOARD_ADAPTATION,full_history_retrospective_proxy,project_conservative_primary,VW,10,1,unfavorable,1,P5_date_scope,fully_post_snapshot_score,bucket_return,3,3,0,-0.00141869262142,0.0309411863177,0.0572518565047,-0.017024311457,0.198326248588,-0.0858399308122,0.666666666667,-0.0478298521727,0.0309411863177,0.0320485153543,0.0675226117953,0.0675226117953,1,-0.0910336941358,0.927465818151,-0.0319632780028,0.0291258927599,design_only_not_support,
20B_trendpv_residual_momentum_design_and_replication_diagnostic_v3,P5_RESMOM_R3_BOARD_ADAPTATION,full_history_retrospective_proxy,project_conservative_primary,VW,10,2,middle,1,P5_date_scope,fully_post_snapshot_score,bucket_return,3,3,0,0.0109560007064,0.0120551211953,0.0283809694459,0.131472008477,0.0983145620965,1.33725875062,0.666666666667,-0.0119558255391,0.0120551211953,0.0334281787564,0.0179585622227,0.0179585622227,1,1.18072440826,0.237712221869,-0.00723060291503,0.0291426043279,design_only_not_support,
20B_trendpv_residual_momentum_design_and_replication_diagnostic_v3,P5_RESMOM_R3_BOARD_ADAPTATION,full_history_retrospective_proxy,project_conservative_primary,VW,10,3,middle,1,P5_date_scope,fully_post_snapshot_score,bucket_return,3,3,0,-0.00120723056681,0.01024621992,0.0489748763253,-0.0144867668017,0.16965394818,-0.0853900952919,0.666666666667,-0.0418658436419,0.01024621992,0.0348700023136,0.0548938595324,0.0548938595324,1,-0.082765086325,0.934038330923,-0.0297957156037,0.0273812544701,design_only_not_support,
20B_trendpv_residual_momentum_design_and_replication_diagnostic_v3,P5_RESMOM_R3_BOARD_ADAPTATION,full_history_retrospective_proxy,project_conservative_primary,VW,10,4,middle,1,P5_date_scope,fully_post_snapshot_score,bucket_return,3,3,0,-0.011247195295,-0.0218341495093,0.0263952006969,-0.13496634354,0.091435657366,-1.47607998266,0.333333333333,-0.02893112029,-0.0218341495093,0.0106715113858,0.0307053629852,0.0518690870084,1,-1.05919706895,0.289510039644,-0.032059278666,0.00956488807602,design_only_not_support,
20B_trendpv_residual_momentum_design_and_replication_diagnostic_v3,P5_RESMOM_R3_BOARD_ADAPTATION,full_history_retrospective_proxy,project_conservative_primary,VW,10,5,middle,1,P5_date_scope,fully_post_snapshot_score,bucket_return,3,3,0,0.0165864487774,0.00735659047023,0.0176301184873,0.199037385329,0.0610725219269,3.25903334346,1,0.00586125687525,0.00735659047023,0.0310035840024,-0.00548742347651,0,1,2.14837101424,0.0316842935397,0.00145459211967,0.0317183054351,design_only_not_support,
20B_trendpv_residual_momentum_design_and_replication_diagnostic_v3,P5_RESMOM_R3_BOARD_ADAPTATION,full_history_retrospective_proxy,project_conservative_primary,VW,10,6,middle,1,P5_date_scope,fully_post_snapshot_score,bucket_return,3,3,0,-0.0272023908588,-0.00886670771304,0.0460855453104,-0.326428690306,0.159645011944,-2.04471587512,0.333333333333,-0.0654803191391,-0.00886670771304,0.00374126416312,0.0796337219956,0.0877943407716,1,-2.10799442474,0.0350314716891,-0.0524945385755,-0.00191024314208,design_only_not_support,
20B_trendpv_residual_momentum_design_and_replication_diagnostic_v3,P5_RESMOM_R3_BOARD_ADAPTATION,full_history_retrospective_proxy,project_conservative_primary,VW,10,7,middle,1,P5_date_scope,fully_post_snapshot_score,bucket_return,3,3,0,0.0315472384746,0.0559310244101,0.0587876442528,0.378566861695,0.203646373406,1.85894231929,0.666666666667,-0.0172207322616,0.0559310244101,0.0705616948365,0.0355086714295,0.0355086714295,1,1.92566596328,0.0541460964576,-0.000561887615235,0.0636563645644,design_only_not_support,
20B_trendpv_residual_momentum_design_and_replication_diagnostic_v3,P5_RESMOM_R3_BOARD_ADAPTATION,full_history_retrospective_proxy,project_conservative_primary,VW,10,8,middle,1,P5_date_scope,fully_post_snapshot_score,bucket_return,3,3,0,0.00961899702725,0.00826000857371,0.0163228364901,0.115427964327,0.056543964249,2.041384361,0.666666666667,-0.00313348670086,0.00826000857371,0.0229150761368,0.0059818605195,0.0059818605195,1,1.25225947121,0.210475331815,-0.00543609991889,0.0246740939734,design_only_not_support,
20B_trendpv_residual_momentum_design_and_replication_diagnostic_v3,P5_RESMOM_R3_BOARD_ADAPTATION,full_history_retrospective_proxy,project_conservative_primary,VW,10,9,middle,1,P5_date_scope,fully_post_snapshot_score,bucket_return,3,3,0,0.0141692206922,-0.00103025862846,0.0588231229346,0.170030648307,0.203769275165,0.834427310834,0.333333333333,-0.0286560190519,-0.00103025862846,0.0630742521646,0.0355624591577,0.0365560792558,1,0.637425990825,0.523847403166,-0.0293984446454,0.0577368860298,design_only_not_support,
20B_trendpv_residual_momentum_design_and_replication_diagnostic_v3,P5_RESMOM_R3_BOARD_ADAPTATION,full_history_retrospective_proxy,project_conservative_primary,VW,10,10,favorable,1,P5_date_scope,fully_post_snapshot_score,bucket_return,3,3,0,0.00753674370317,-0.0197528556274,0.0991377564465,0.0904409244381,0.343423262227,0.263351189001,0.333333333333,-0.0640289819618,-0.0197528556274,0.0900183091004,0.0750980135454,0.0933674689533,1,0.199629198593,0.841770590231,-0.0664591763477,0.0815326637541,design_only_not_support,
20B_trendpv_residual_momentum_design_and_replication_diagnostic_v3,P5_RESMOM_R3_BOARD_ADAPTATION,full_history_retrospective_proxy,project_conservative_primary,VW,10,,,1,P5_date_scope,fully_post_snapshot_score,favorable_minus_unfavorable,3,3,0,0.00895543632459,-0.00757540175007,0.0707623556618,0.107465235895,0.245127990539,0.438404588798,0.333333333333,-0.0431776429427,-0.00757540175007,0.0677008508217,0.0520782032408,0.0592590916789,1,0.27220641544,0.785463309223,-0.0555262645702,0.0734371372193,design_only_not_support,
20B_trendpv_residual_momentum_design_and_replication_diagnostic_v3,P5_RESMOM_R3_BOARD_ADAPTATION,full_history_retrospective_proxy,project_conservative_primary,VW,10,,,1,P5_date_scope,fully_post_snapshot_score,favorable_minus_middle,3,3,0,0.0128447147439,-0.0180632135091,0.0723887465187,0.154136576927,0.250761973733,0.614672849442,0.333333333333,-0.034780200928,-0.0180632135091,0.072832801717,0.0389594477827,0.0563189284684,1,0.436408670606,0.662540249205,-0.0448424486545,0.0705318781422,design_only_not_support,
20B_trendpv_residual_momentum_design_and_replication_diagnostic_v3,P6_LOWVOL_36M_COMPARATOR,project_monthly_volatility_primary,paper_qfq_complete_case_sensitivity,EW,5,1,favorable,1,full,,bucket_return,77,75,2,0.00805541643683,0.00140562852735,0.0425129313104,0.096664997242,0.147269114016,0.656383369232,0.533333333333,-0.0402787569886,0.00140562852735,0.0633394910987,0.0464635252781,0.161033305375,3,2.25500288243,0.0241331478576,0.00105395039894,0.0150568824747,design_only_not_support,
20B_trendpv_residual_momentum_design_and_replication_diagnostic_v3,P6_LOWVOL_36M_COMPARATOR,project_monthly_volatility_primary,paper_qfq_complete_case_sensitivity,EW,5,2,middle,1,full,,bucket_return,77,75,2,0.00617590528684,0.000447416006529,0.0516726278691,0.0741108634421,0.17899923366,0.414028942621,0.52,-0.0524323214012,0.000447416006529,0.0635104837309,0.0691109519239,0.252410171976,3,1.16416409456,0.244357518021,-0.00422172850958,0.0165735390833,design_only_not_support,
20B_trendpv_residual_momentum_design_and_replication_diagnostic_v3,P6_LOWVOL_36M_COMPARATOR,project_monthly_volatility_primary,paper_qfq_complete_case_sensitivity,EW,5,3,middle,1,full,,bucket_return,77,75,2,0.00760733184183,0.00376479641559,0.0599209606032,0.091287982102,0.207572296406,0.439788852763,0.573333333333,-0.0629134601949,0.00376479641559,0.0769645049495,0.0906407571476,0.310259694222,3,1.24289671208,0.213905897461,-0.00438891554025,0.0196035792239,design_only_not_support,
20B_trendpv_residual_momentum_design_and_replication_diagnostic_v3,P6_LOWVOL_36M_COMPARATOR,project_monthly_volatility_primary,paper_qfq_complete_case_sensitivity,EW,5,4,middle,1,full,,bucket_return,77,75,2,0.00667927693017,-0.0015251498652,0.0695921831401,0.080151323162,0.241074394017,0.33247547293,0.493333333333,-0.0711091046926,-0.0015251498652,0.092681446617,0.102643192965,0.447565601955,3,0.883937062572,0.376730188669,-0.00813076190654,0.0214893157669,design_only_not_support,
20B_trendpv_residual_momentum_design_and_replication_diagnostic_v3,P6_LOWVOL_36M_COMPARATOR,project_monthly_volatility_primary,paper_qfq_complete_case_sensitivity,EW,5,5,unfavorable,1,full,,bucket_return,77,75,2,0.002900148745,-0.00897232452936,0.0847644048227,0.03480178494,0.293632511653,0.118521565423,0.426666666667,-0.0893656977025,-0.00897232452936,0.101559068387,0.12668392068,0.594533659981,3,0.344627320951,0.73037456355,-0.0135935728622,0.0193938703522,design_only_not_support,
20B_trendpv_residual_momentum_design_and_replication_diagnostic_v3,P6_LOWVOL_36M_COMPARATOR,project_monthly_volatility_primary,paper_qfq_complete_case_sensitivity,EW,5,,,1,full,,favorable_minus_unfavorable,77,75,2,0.00515526769183,0.0134135286496,0.0770420381215,0.061863212302,0.26688144869,0.231800346579,0.573333333333,-0.0907743451528,0.0134135286496,0.102219756295,0.129040499914,0.421826850664,3,0.686006840926,0.492708794552,-0.00957365103588,0.0198841864195,design_only_not_support,
20B_trendpv_residual_momentum_design_and_replication_diagnostic_v3,P6_LOWVOL_36M_COMPARATOR,project_monthly_volatility_primary,paper_qfq_complete_case_sensitivity,EW,5,,,1,full,,favorable_minus_middle,77,75,2,0.000448084595004,0.00559861946704,0.0448074814196,0.00537701514005,0.155217668756,0.0346417723133,0.546666666667,-0.0548048344245,0.00559861946704,0.0502787951798,0.0731942360411,0.29890845226,3,0.0917448294313,0.926900778827,-0.00912444034922,0.0100206095392,design_only_not_support,
20B_trendpv_residual_momentum_design_and_replication_diagnostic_v3,P6_LOWVOL_36M_COMPARATOR,project_monthly_volatility_primary,paper_qfq_complete_case_sensitivity,EW,5,1,favorable,1,early,,bucket_return,38,37,1,0.00629719440135,-0.0036914781383,0.0461488060424,0.0755663328163,0.159864153548,0.472690913748,0.486486486486,-0.0465191006301,-0.0036914781383,0.0690854873659,0.0495944682787,0.161033305375,3,1.14605483213,0.251772464982,-0.00447216312353,0.0170665519262,design_only_not_support,
20B_trendpv_residual_momentum_design_and_replication_diagnostic_v3,P6_LOWVOL_36M_COMPARATOR,project_monthly_volatility_primary,paper_qfq_complete_case_sensitivity,EW,5,2,middle,1,early,,bucket_return,38,37,1,0.00534255009279,-0.00153077201954,0.0530795228139,0.0641106011135,0.18387286071,0.348668100697,0.432432432432,-0.0561781672991,-0.00153077201954,0.0653576298055,0.0696158394229,0.229898158242,3,0.644280110133,0.519393810959,-0.0109100170791,0.0215951172647,design_only_not_support,
20B_trendpv_residual_momentum_design_and_replication_diagnostic_v3,P6_LOWVOL_36M_COMPARATOR,project_monthly_volatility_primary,paper_qfq_complete_case_sensitivity,EW,5,3,middle,1,early,,bucket_return,38,37,1,0.00668050335526,0.00559159244002,0.0586830055299,0.0801660402632,0.203283894237,0.394355099128,0.621621621622,-0.0648365850835,0.00559159244002,0.0693293134372,0.0971627876959,0.251317500395,3,0.731136270295,0.464695922034,-0.01122798581,0.0245889925205,design_only_not_support,
20B_trendpv_residual_momentum_design_and_replication_diagnostic_v3,P6_LOWVOL_36M_COMPARATOR,project_monthly_volatility_primary,paper_qfq_complete_case_sensitivity,EW,5,4,middle,1,early,,bucket_return,38,37,1,0.0040266188822,0.0098090891075,0.0624308775531,0.0483194265864,0.216266903766,0.223424970464,0.567567567568,-0.0811798639319,0.0098090891075,0.0828083476133,0.103944985462,0.27407470008,3,0.412101486167,0.680265039425,-0.0151240715508,0.0231773093152,design_only_not_support,
20B_trendpv_residual_momentum_design_and_replication_diagnostic_v3,P6_LOWVOL_36M_COMPARATOR,project_monthly_volatility_primary,paper_qfq_complete_case_sensitivity,EW,5,5,unfavorable,1,early,,bucket_return,38,37,1,-0.00044490959229,-0.00364935850931,0.0805147141785,-0.00533891510749,0.278911151428,-0.0191419922802,0.486486486486,-0.101518911964,-0.00364935850931,0.100522815859,0.137629356747,0.357093789359,3,-0.0393015571424,0.968649965157,-0.0226324980918,0.0217426789072,design_only_not_support,
20B_trendpv_residual_momentum_design_and_replication_diagnostic_v3,P6_LOWVOL_36M_COMPARATOR,project_monthly_volatility_primary,paper_qfq_complete_case_sensitivity,EW,5,,,1,early,,favorable_minus_unfavorable,38,37,1,0.00674210399365,0.0108787313427,0.0752604325669,0.0809052479237,0.260709786011,0.310326854859,0.540540540541,-0.0801836787144,0.0108787313427,0.111006079375,0.0972975495534,0.252450293604,3,0.690603018465,0.489815050063,-0.0123923055792,0.0258765135665,design_only_not_support,
20B_trendpv_residual_momentum_design_and_replication_diagnostic_v3,P6_LOWVOL_36M_COMPARATOR,project_monthly_volatility_primary,paper_qfq_complete_case_sensitivity,EW,5,,,1,early,,favorable_minus_middle,38,37,1,-0.000383308953909,-0.0066851231571,0.0424557784457,-0.00459970744691,0.147071130686,-0.0312753932431,0.486486486486,-0.052885140577,-0.0066851231571,0.0580601441347,0.0572526575197,0.216561315097,3,-0.0552204062171,0.955962871928,-0.0139882748728,0.013221656965,design_only_not_support,
20B_trendpv_residual_momentum_design_and_replication_diagnostic_v3,P6_LOWVOL_36M_COMPARATOR,project_monthly_volatility_primary,paper_qfq_complete_case_sensitivity,EW,5,1,favorable,1,late,,bucket_return,39,38,1,0.00976736947138,0.00243263939705,0.0391975102736,0.117208433657,0.135784158648,0.863196670534,0.578947368421,-0.0253906683492,0.00243263939705,0.0467652005439,0.0368683254962,0.0733084530001,3,2.20849988869,0.0272094455629,0.00109918140143,0.0184355575413,design_only_not_support,
20B_trendpv_residual_momentum_design_and_replication_diagnostic_v3,P6_LOWVOL_36M_COMPARATOR,project_monthly_volatility_primary,paper_qfq_complete_case_sensitivity,EW,5,2,middle,1,late,,bucket_return,39,38,1,0.00698733008105,0.00395665310086,0.0509652962874,0.0838479609726,0.176548965185,0.474927513082,0.605263157895,-0.0456532010893,0.00395665310086,0.0550251053952,0.0679671640288,0.184765089839,3,1.04595276858,0.295582839468,-0.00610591439258,0.0200805745547,design_only_not_support,
20B_trendpv_residual_momentum_design_and_replication_diagnostic_v3,P6_LOWVOL_36M_COMPARATOR,project_monthly_volatility_primary,paper_qfq_complete_case_sensitivity,EW,5,3,middle,1,late,,bucket_return,39,38,1,0.00850977010506,0.00204266930235,0.0618766945323,0.102117241261,0.214347157469,0.476410522382,0.526315789474,-0.042417046894,0.00204266930235,0.0825358130125,0.080627668399,0.242246748572,3,1.03319260986,0.301513770614,-0.00763324404683,0.024652784257,design_only_not_support,
20B_trendpv_residual_momentum_design_and_replication_diagnostic_v3,P6_LOWVOL_36M_COMPARATOR,project_monthly_volatility_primary,paper_qfq_complete_case_sensitivity,EW,5,4,middle,1,late,,bucket_return,39,38,1,0.0092621281874,-0.00955260778375,0.0766810429777,0.111145538249,0.265630924829,0.418420928663,0.421052631579,-0.0572804307208,-0.00955260778375,0.103220557836,0.0939720858142,0.315028477601,3,0.80812676476,0.419017611404,-0.0132014733899,0.0317257297647,design_only_not_support,
20B_trendpv_residual_momentum_design_and_replication_diagnostic_v3,P6_LOWVOL_36M_COMPARATOR,project_monthly_volatility_primary,paper_qfq_complete_case_sensitivity,EW,5,5,unfavorable,1,late,,bucket_return,39,38,1,0.00615717923131,-0.0119656409352,0.0896688965177,0.0738861507758,0.310622169254,0.23786502732,0.368421052632,-0.0725974783788,-0.0119656409352,0.105987948337,0.110614109491,0.402331804455,3,0.498644296611,0.618029993082,-0.0180441394677,0.0303584979304,design_only_not_support,
20B_trendpv_residual_momentum_design_and_replication_diagnostic_v3,P6_LOWVOL_36M_COMPARATOR,project_monthly_volatility_primary,paper_qfq_complete_case_sensitivity,EW,5,,,1,late,,favorable_minus_unfavorable,39,38,1,0.00361019024006,0.0174903826832,0.0797178361414,0.0433222828808,0.276150684933,0.156879143325,0.605263157895,-0.0983801591684,0.0174903826832,0.0853790748559,0.158081173583,0.421826850664,3,0.321521530344,0.747815198851,-0.018397178412,0.0256175588921,design_only_not_support,
20B_trendpv_residual_momentum_design_and_replication_diagnostic_v3,P6_LOWVOL_36M_COMPARATOR,project_monthly_volatility_primary,paper_qfq_complete_case_sensitivity,EW,5,,,1,late,,favorable_minus_middle,39,38,1,0.00125759936631,0.00853408765358,0.0475423963287,0.0150911923958,0.16469169191,0.0916329914446,0.605263157895,-0.0639890794473,0.00853408765358,0.0422681610586,0.0866246030965,0.29890845226,3,0.180065909818,0.857100825148,-0.0124309964787,0.0149461952113,design_only_not_support,
20B_trendpv_residual_momentum_design_and_replication_diagnostic_v3,P6_LOWVOL_36M_COMPARATOR,project_monthly_volatility_primary,paper_qfq_complete_case_sensitivity,EW,10,1,favorable,1,full,,bucket_return,77,75,2,0.0083728004557,0.00103826861151,0.0387935173582,0.100473605468,0.134384686137,0.747656659076,0.506666666667,-0.0380512060078,0.00103826861151,0.0640173169794,0.0441255919218,0.125222706899,3,2.57175923231,0.0101183231979,0.00199180369023,0.0147537972212,design_only_not_support,
20B_trendpv_residual_momentum_design_and_replication_diagnostic_v3,P6_LOWVOL_36M_COMPARATOR,project_monthly_volatility_primary,paper_qfq_complete_case_sensitivity,EW,10,2,middle,1,full,,bucket_return,77,75,2,0.00773136805588,0.00587260517637,0.0491981857087,0.0927764166706,0.170427514575,0.544374638695,0.506666666667,-0.0466178468736,0.00587260517637,0.0706277159844,0.0548740599087,0.209079291938,3,1.81233056043,0.0699351352162,-0.000629801408254,0.01609253752,design_only_not_support,
20B_trendpv_residual_momentum_design_and_replication_diagnostic_v3,P6_LOWVOL_36M_COMPARATOR,project_monthly_volatility_primary,paper_qfq_complete_case_sensitivity,EW,10,3,middle,1,full,,bucket_return,77,75,2,0.0058275180253,-4.30206801135e-05,0.0490030966535,0.0699302163036,0.169751706264,0.411955896306,0.493333333333,-0.0439781736649,-4.30206801135e-05,0.0631889803646,0.0626782900869,0.188738897638,3,1.22309442106,0.22129403555,-0.00351086603746,0.0151659020881,design_only_not_support,
20B_trendpv_residual_momentum_design_and_replication_diagnostic_v3,P6_LOWVOL_36M_COMPARATOR,project_monthly_volatility_primary,paper_qfq_complete_case_sensitivity,EW,10,4,middle,1,full,,bucket_return,77,75,2,0.0065538812003,0.000776479913529,0.0568577468674,0.0786465744036,0.196961012756,0.399300213291,0.52,-0.0610341578601,0.000776479913529,0.0814425333845,0.0760325233446,0.351618495095,3,1.06251667061,0.288001194049,-0.00553569016062,0.0186434525612,design_only_not_support,
20B_trendpv_residual_momentum_design_and_replication_diagnostic_v3,P6_LOWVOL_36M_COMPARATOR,project_monthly_volatility_primary,paper_qfq_complete_case_sensitivity,EW,10,5,middle,1,full,,bucket_return,77,75,2,0.0073111378494,0.00307578061952,0.0629094965916,0.0877336541928,0.21792488875,0.402586665047,0.533333333333,-0.0638459888978,0.00307578061952,0.0763714624756,0.0952119988312,0.358730666254,3,1.15867232352,0.246589776302,-0.00505609193594,0.0196783676347,design_only_not_support,
20B_trendpv_residual_momentum_design_and_replication_diagnostic_v3,P6_LOWVOL_36M_COMPARATOR,project_monthly_volatility_primary,paper_qfq_complete_case_sensitivity,EW,10,6,middle,1,full,,bucket_return,77,75,2,0.00788437501869,0.00360762264489,0.0591274792595,0.0946125002242,0.204823596402,0.461921877588,0.506666666667,-0.0617577743188,0.00360762264489,0.0805395207627,0.0920355051745,0.265146194684,3,1.29886459057,0.193990403455,-0.00401300919625,0.0197817592336,design_only_not_support,
20B_trendpv_residual_momentum_design_and_replication_diagnostic_v3,P6_LOWVOL_36M_COMPARATOR,project_monthly_volatility_primary,paper_qfq_complete_case_sensitivity,EW,10,7,middle,1,full,,bucket_return,77,75,2,0.00688471119116,0.00629499638221,0.0685997363945,0.0826165342939,0.237636457642,0.347659341136,0.533333333333,-0.0789955534939,0.00629499638221,0.0928765624814,0.104928298437,0.416755860026,3,0.947686502035,0.343289074538,-0.00735394890335,0.0211233712857,design_only_not_support,
20B_trendpv_residual_momentum_design_and_replication_diagnostic_v3,P6_LOWVOL_36M_COMPARATOR,project_monthly_volatility_primary,paper_qfq_complete_case_sensitivity,EW,10,8,middle,1,full,,bucket_return,77,75,2,0.006527249043,-0.00508253587008,0.0730928147217,0.078326988516,0.253200937532,0.309347150447,0.453333333333,-0.0666521089621,-0.00508253587008,0.0934547831241,0.100678951759,0.518734029174,3,0.79872589174,0.424449370113,-0.009489726461,0.022544224547,design_only_not_support,
20B_trendpv_residual_momentum_design_and_replication_diagnostic_v3,P6_LOWVOL_36M_COMPARATOR,project_monthly_volatility_primary,paper_qfq_complete_case_sensitivity,EW,10,9,middle,1,full,,bucket_return,77,75,2,0.00571214207561,0.000544325057791,0.0817680373381,0.0685457049073,0.28325279021,0.241994809147,0.506666666667,-0.0850191703095,0.000544325057791,0.0939579737727,0.116715816258,0.539823910475,3,0.700679242757,0.483503212863,-0.0102660574479,0.0216903415991,design_only_not_support,
20B_trendpv_residual_momentum_design_and_replication_diagnostic_v3,P6_LOWVOL_36M_COMPARATOR,project_monthly_volatility_primary,paper_qfq_complete_case_sensitivity,EW,10,10,unfavorable,1,full,,bucket_return,77,75,2,6.00545836679e-05,-0.0119974802698,0.0923470533292,0.000720655004015,0.319899576591,0.00225275385387,0.426666666667,-0.100230556017,-0.0119974802698,0.119163388677,0.138181349493,0.647314320129,3,0.00642893560769,0.994870486871,-0.0182485470696,0.0183686562369,design_only_not_support,
20B_trendpv_residual_momentum_design_and_replication_diagnostic_v3,P6_LOWVOL_36M_COMPARATOR,project_monthly_volatility_primary,paper_qfq_complete_case_sensitivity,EW,10,,,1,full,,favorable_minus_unfavorable,77,75,2,0.00831274587203,0.0254996802541,0.091722188014,0.0997529504644,0.317734979643,0.313950168711,0.613333333333,-0.100614830155,0.0254996802541,0.125635199495,0.155135960055,0.49949949861,3,0.905987619516,0.364942405405,-0.00967059316135,0.0262960849054,design_only_not_support,
20B_trendpv_residual_momentum_design_and_replication_diagnostic_v3,P6_LOWVOL_36M_COMPARATOR,project_monthly_volatility_primary,paper_qfq_complete_case_sensitivity,EW,10,,,1,full,,favorable_minus_middle,77,75,2,0.000775044021653,0.00777159760637,0.0524987062038,0.00930052825984,0.181860852953,0.051140903107,0.546666666667,-0.0668513217171,0.00777159760637,0.0540427213391,0.0878934063473,0.355266650484,3,0.135942399516,0.891866816615,-0.0103992354841,0.0119493235274,design_only_not_support,
20B_trendpv_residual_momentum_design_and_replication_diagnostic_v3,P6_LOWVOL_36M_COMPARATOR,project_monthly_volatility_primary,paper_qfq_complete_case_sensitivity,EW,10,1,favorable,1,early,,bucket_return,38,37,1,0.00667813626374,-0.00637724813932,0.0423055491924,0.0801376351649,0.146550721287,0.546825252454,0.459459459459,-0.0435729074968,-0.00637724813932,0.0733941265789,0.047139107571,0.125222706899,3,1.37627087127,0.168737787586,-0.00283227831669,0.0161885508442,design_only_not_support,
20B_trendpv_residual_momentum_design_and_replication_diagnostic_v3,P6_LOWVOL_36M_COMPARATOR,project_monthly_volatility_primary,paper_qfq_complete_case_sensitivity,EW,10,2,middle,1,early,,bucket_return,38,37,1,0.00590482374765,0.00587260517637,0.0525093140786,0.0708578849718,0.18189759971,0.389548213308,0.513513513514,-0.052991831326,0.00587260517637,0.0799279175716,0.060229811447,0.209079291938,3,0.902888622651,0.366585009564,-0.00691319343643,0.0187228409317,design_only_not_support,
20B_trendpv_residual_momentum_design_and_replication_diagnostic_v3,P6_LOWVOL_36M_COMPARATOR,project_monthly_volatility_primary,paper_qfq_complete_case_sensitivity,EW,10,3,middle,1,early,,bucket_return,38,37,1,0.00611491369783,-0.00647834407497,0.0506534162855,0.0733789643739,0.175468581167,0.418188623205,0.459459459459,-0.0465823136504,-0.00647834407497,0.0726473498562,0.060836595424,0.188738897638,3,0.843783307522,0.398790504954,-0.00808898262185,0.0203188100175,design_only_not_support,
20B_trendpv_residual_momentum_design_and_replication_diagnostic_v3,P6_LOWVOL_36M_COMPARATOR,project_monthly_volatility_primary,paper_qfq_complete_case_sensitivity,EW,10,4,middle,1,early,,bucket_return,38,37,1,0.00464215687899,-0.00583651298815,0.0589581702931,0.0557058825479,0.204237092938,0.272751054897,0.486486486486,-0.0623509879863,-0.00583651298815,0.0757755631624,0.0795054870353,0.290581098931,3,0.475313601523,0.634563465821,-0.0144998585488,0.0237841723068,design_only_not_support,
20B_trendpv_residual_momentum_design_and_replication_diagnostic_v3,P6_LOWVOL_36M_COMPARATOR,project_monthly_volatility_primary,paper_qfq_complete_case_sensitivity,EW,10,5,middle,1,early,,bucket_return,38,37,1,0.00639760985443,0.00307578061952,0.0616802469048,0.0767713182532,0.213666642925,0.359304181515,0.540540540541,-0.0710836299063,0.00307578061952,0.0720403024755,0.0988620439597,0.279941185266,3,0.66051364973,0.508924262011,-0.0125862293243,0.0253814490332,design_only_not_support,
20B_trendpv_residual_momentum_design_and_replication_diagnostic_v3,P6_LOWVOL_36M_COMPARATOR,project_monthly_volatility_primary,paper_qfq_complete_case_sensitivity,EW,10,6,middle,1,early,,bucket_return,38,37,1,0.00692701168683,0.0174440979203,0.0590232926529,0.083124140242,0.20446268341,0.406549199374,0.594594594595,-0.0729201889167,0.0174440979203,0.0762530904937,0.10158276638,0.258964842507,3,0.781854453677,0.434300114776,-0.0104377207935,0.0242917441672,design_only_not_support,
20B_trendpv_residual_momentum_design_and_replication_diagnostic_v3,P6_LOWVOL_36M_COMPARATOR,project_monthly_volatility_primary,paper_qfq_complete_case_sensitivity,EW,10,7,middle,1,early,,bucket_return,38,37,1,0.00425771066342,0.00670642982231,0.0625516621771,0.0510925279611,0.216685313977,0.235791374243,0.621621621622,-0.084877744339,0.00670642982231,0.0836671267215,0.108024387683,0.296743996153,3,0.428298586995,0.668433747542,-0.0152262657266,0.0237416870535,design_only_not_support,
20B_trendpv_residual_momentum_design_and_replication_diagnostic_v3,P6_LOWVOL_36M_COMPARATOR,project_monthly_volatility_primary,paper_qfq_complete_case_sensitivity,EW,10,8,middle,1,early,,bucket_return,38,37,1,0.00386438122017,0.0112796909279,0.0657007081925,0.0463725746421,0.227593929365,0.203751368815,0.513513513514,-0.0736066063585,0.0112796909279,0.0855557242943,0.102126053368,0.302857363544,3,0.37711020219,0.706091709733,-0.0162200608609,0.0239488233013,design_only_not_support,
20B_trendpv_residual_momentum_design_and_replication_diagnostic_v3,P6_LOWVOL_36M_COMPARATOR,project_monthly_volatility_primary,paper_qfq_complete_case_sensitivity,EW,10,9,middle,1,early,,bucket_return,38,37,1,0.00553512740934,0.0134475417807,0.0799826222491,0.0664215289121,0.277067930916,0.239730122113,0.567567567568,-0.0966044478087,0.0134475417807,0.0880622375114,0.121359490491,0.306261513775,3,0.453163968907,0.650430675516,-0.0184046628575,0.0294749176762,design_only_not_support,
20B_trendpv_residual_momentum_design_and_replication_diagnostic_v3,P6_LOWVOL_36M_COMPARATOR,project_monthly_volatility_primary,paper_qfq_complete_case_sensitivity,EW,10,10,unfavorable,1,early,,bucket_return,38,37,1,-0.00649601345208,-0.00843375481195,0.085644494509,-0.077952161425,0.296681231756,-0.262747194905,0.459459459459,-0.111148681527,-0.00843375481195,0.110830412626,0.154085256598,0.424225523446,3,-0.580075609554,0.561863630865,-0.0284447942653,0.0154527673611,design_only_not_support,
20B_trendpv_residual_momentum_design_and_replication_diagnostic_v3,P6_LOWVOL_36M_COMPARATOR,project_monthly_volatility_primary,paper_qfq_complete_case_sensitivity,EW,10,,,1,early,,favorable_minus_unfavorable,38,37,1,0.0131741497158,0.0270152987096,0.0852980611474,0.15808979659,0.295481151389,0.535024978233,0.567567567568,-0.0981578996618,0.0270152987096,0.132687900301,0.103880558289,0.272777021657,3,1.2893195125,0.19728703013,-0.00685258432452,0.0332008837562,design_only_not_support,
20B_trendpv_residual_momentum_design_and_replication_diagnostic_v3,P6_LOWVOL_36M_COMPARATOR,project_monthly_volatility_primary,paper_qfq_complete_case_sensitivity,EW,10,,,1,early,,favorable_minus_middle,38,37,1,1.58254931118e-05,-0.000715265386573,0.0479439015286,0.000189905917341,0.166082546721,0.00114344295105,0.486486486486,-0.0602641939773,-0.000715265386573,0.0528093497918,0.0676192838496,0.223582144728,3,0.00207738361109,0.998342488882,-0.0149151657649,0.0149468167511,design_only_not_support,
20B_trendpv_residual_momentum_design_and_replication_diagnostic_v3,P6_LOWVOL_36M_COMPARATOR,project_monthly_volatility_primary,paper_qfq_complete_case_sensitivity,EW,10,1,favorable,1,late,,bucket_return,39,38,1,0.0100228682215,0.00593246420785,0.0355361529468,0.120274418659,0.123100844819,0.977039750099,0.552631578947,-0.0266246173254,0.00593246420785,0.0552263773447,0.036922577893,0.0547252030552,3,2.42093770833,0.0154805297513,0.00190846665374,0.0181372697894,design_only_not_support,
20B_trendpv_residual_momentum_design_and_replication_diagnostic_v3,P6_LOWVOL_36M_COMPARATOR,project_monthly_volatility_primary,paper_qfq_complete_case_sensitivity,EW,10,2,middle,1,late,,bucket_return,39,38,1,0.00950984540864,0.00258768556695,0.0463856641074,0.114118144904,0.160684653954,0.710199400477,0.5,-0.0333215638711,0.00258768556695,0.0488323371183,0.0393764056613,0.10972427633,3,1.76425442427,0.0776891534465,-0.00105493155494,0.0200746223722,design_only_not_support,
20B_trendpv_residual_momentum_design_and_replication_diagnostic_v3,P6_LOWVOL_36M_COMPARATOR,project_monthly_volatility_primary,paper_qfq_complete_case_sensitivity,EW,10,3,middle,1,late,,bucket_return,39,38,1,0.00554768539678,0.00266108519457,0.0480210418432,0.0665722247614,0.16634976861,0.400194273294,0.526315789474,-0.0424729077036,0.00266108519457,0.0462637574647,0.0645199847499,0.160451876671,3,0.890979257954,0.372940297965,-0.006656037056,0.0177514078496,design_only_not_support,
20B_trendpv_residual_momentum_design_and_replication_diagnostic_v3,P6_LOWVOL_36M_COMPARATOR,project_monthly_volatility_primary,paper_qfq_complete_case_sensitivity,EW,10,4,middle,1,late,,bucket_return,39,38,1,0.00841529698684,0.00310570934172,0.0554641815514,0.100983563842,0.192133560895,0.525590445375,0.552631578947,-0.0525662028863,0.00310570934172,0.0794386542605,0.0720677057123,0.220929337121,3,1.11019491405,0.266915043924,-0.00644126450938,0.0232718584831,design_only_not_support,
20B_trendpv_residual_momentum_design_and_replication_diagnostic_v3,P6_LOWVOL_36M_COMPARATOR,project_monthly_volatility_primary,paper_qfq_complete_case_sensitivity,EW,10,5,middle,1,late,,bucket_return,39,38,1,0.00820062563398,0.00580283417105,0.0648994037678,0.0984075076078,0.224818129413,0.437720515977,0.526315789474,-0.0514833988261,0.00580283417105,0.084374895094,0.0880031705299,0.266752437609,3,0.992290137866,0.321056012791,-0.00799718817061,0.0243984394386,design_only_not_support,
20B_trendpv_residual_momentum_design_and_replication_diagnostic_v3,P6_LOWVOL_36M_COMPARATOR,project_monthly_volatility_primary,paper_qfq_complete_case_sensitivity,EW,10,6,middle,1,late,,bucket_return,39,38,1,0.00881654457865,-0.00665135517828,0.0600059575584,0.105798534944,0.207866734496,0.508972901317,0.421052631579,-0.0451388775342,-0.00665135517828,0.0859151842747,0.0732639179895,0.218449313494,3,1.05903892256,0.289582053916,-0.00750023988906,0.0251333290464,design_only_not_support,
20B_trendpv_residual_momentum_design_and_replication_diagnostic_v3,P6_LOWVOL_36M_COMPARATOR,project_monthly_volatility_primary,paper_qfq_complete_case_sensitivity,EW,10,7,middle,1,late,,bucket_return,39,38,1,0.00944258012606,-0.00470746239448,0.0747747651397,0.113310961513,0.259027384692,0.437447807487,0.447368421053,-0.0610867603143,-0.00470746239448,0.104621615714,0.0972100289296,0.306879580981,3,0.890806506886,0.37303298376,-0.0113331066534,0.0302182669056,design_only_not_support,
20B_trendpv_residual_momentum_design_and_replication_diagnostic_v3,P6_LOWVOL_36M_COMPARATOR,project_monthly_volatility_primary,paper_qfq_complete_case_sensitivity,EW,10,8,middle,1,late,,bucket_return,39,38,1,0.00912004139681,-0.0116891905395,0.0804438024303,0.109440496762,0.278665505927,0.39273069122,0.394736842105,-0.0584473108633,-0.0116891905395,0.101814897744,0.0974377438958,0.348035564755,3,0.722935635511,0.469719428815,-0.0156054691427,0.0338455519364,design_only_not_support,
20B_trendpv_residual_momentum_design_and_replication_diagnostic_v3,P6_LOWVOL_36M_COMPARATOR,project_monthly_volatility_primary,paper_qfq_complete_case_sensitivity,EW,10,9,middle,1,late,,bucket_return,39,38,1,0.00588449846118,-0.0114700351546,0.0845437164355,0.0706139815342,0.292868024654,0.241111953473,0.447368421053,-0.0690920901536,-0.0114700351546,0.105286154458,0.106213011427,0.386613558131,3,0.543808381352,0.586573340654,-0.0153240842795,0.0270930812019,design_only_not_support,
20B_trendpv_residual_momentum_design_and_replication_diagnostic_v3,P6_LOWVOL_36M_COMPARATOR,project_monthly_volatility_primary,paper_qfq_complete_case_sensitivity,EW,10,10,unfavorable,1,late,,bucket_return,39,38,1,0.00644359451322,-0.0161777840773,0.099168476921,0.0773231341586,0.343529681073,0.225084289419,0.394736842105,-0.0882516686602,-0.0161777840773,0.150680795305,0.117130411383,0.419147478408,3,0.441102157562,0.659139041611,-0.0221874447152,0.0350746337416,design_only_not_support,
20B_trendpv_residual_momentum_design_and_replication_diagnostic_v3,P6_LOWVOL_36M_COMPARATOR,project_monthly_volatility_primary,paper_qfq_complete_case_sensitivity,EW,10,,,1,late,,favorable_minus_unfavorable,39,38,1,0.00357927370833,0.0188349638799,0.0984893795647,0.0429512845,0.341177218824,0.125891419855,0.657894736842,-0.13965122677,0.0188349638799,0.106857639077,0.197025376731,0.49949949861,3,0.241002879285,0.809552884944,-0.0255292895584,0.0326878369751,design_only_not_support,
20B_trendpv_residual_momentum_design_and_replication_diagnostic_v3,P6_LOWVOL_36M_COMPARATOR,project_monthly_volatility_primary,paper_qfq_complete_case_sensitivity,EW,10,,,1,late,,favorable_minus_middle,39,38,1,0.00151428311523,0.014266822396,0.0572241011997,0.0181713973828,0.198230101391,0.0916682040484,0.605263157895,-0.0804768094565,0.014266822396,0.0496394444659,0.102020335724,0.355266650484,3,0.176465273889,0.859928427962,-0.0153045521312,0.0183331183617,design_only_not_support,
20B_trendpv_residual_momentum_design_and_replication_diagnostic_v3,P6_LOWVOL_36M_COMPARATOR,project_monthly_volatility_primary,paper_qfq_complete_case_sensitivity,VW,5,1,favorable,1,full,,bucket_return,77,75,2,0.00779477724895,0.00611677711587,0.0389837791285,0.0935373269874,0.135043772243,0.692644506545,0.573333333333,-0.0382839755701,0.00611677711587,0.0510815525104,0.0558342452873,0.176218196382,3,2.20317359227,0.0275825158257,0.000860469970991,0.0147290845269,design_only_not_support,
20B_trendpv_residual_momentum_design_and_replication_diagnostic_v3,P6_LOWVOL_36M_COMPARATOR,project_monthly_volatility_primary,paper_qfq_complete_case_sensitivity,VW,5,2,middle,1,full,,bucket_return,77,75,2,0.0046140736202,0.00397881725922,0.0551048485178,0.0553688834423,0.190888794753,0.290058321727,0.506666666667,-0.0547588179931,0.00397881725922,0.0627862429972,0.0757134788399,0.335555336134,3,0.837645162439,0.402230020278,-0.00618216627124,0.0154103135116,design_only_not_support,
20B_trendpv_residual_momentum_design_and_replication_diagnostic_v3,P6_LOWVOL_36M_COMPARATOR,project_monthly_volatility_primary,paper_qfq_complete_case_sensitivity,VW,5,3,middle,1,full,,bucket_return,77,75,2,0.0037682420733,0.000559450767275,0.0562927538161,0.0452189048797,0.195003819415,0.231887277979,0.506666666667,-0.0657687716347,0.000559450767275,0.0775365834383,0.0892092699565,0.419676139136,3,0.601671257615,0.54739298596,-0.00850693088074,0.0160434150274,design_only_not_support,
20B_trendpv_residual_momentum_design_and_replication_diagnostic_v3,P6_LOWVOL_36M_COMPARATOR,project_monthly_volatility_primary,paper_qfq_complete_case_sensitivity,VW,5,4,middle,1,full,,bucket_return,77,75,2,0.0102162861963,-0.00756100611481,0.0738445316182,0.122595434356,0.255804961248,0.479253544411,0.48,-0.07410037327,-0.00756100611481,0.106085981458,0.0966485657968,0.478254464541,3,1.16730911228,0.243085560071,-0.00693731330009,0.0273698856927,design_only_not_support,
20B_trendpv_residual_momentum_design_and_replication_diagnostic_v3,P6_LOWVOL_36M_COMPARATOR,project_monthly_volatility_primary,paper_qfq_complete_case_sensitivity,VW,5,5,unfavorable,1,full,,bucket_return,77,75,2,0.00616325618453,-0.00888436636784,0.0883792347474,0.0739590742144,0.306154649833,0.241574231372,0.426666666667,-0.0847575477099,-0.00888436636784,0.112455015273,0.113046824368,0.590321757447,3,0.644021123768,0.519561736228,-0.0125935201127,0.0249200324817,design_only_not_support,
20B_trendpv_residual_momentum_design_and_replication_diagnostic_v3,P6_LOWVOL_36M_COMPARATOR,project_monthly_volatility_primary,paper_qfq_complete_case_sensitivity,VW,5,,,1,full,,favorable_minus_unfavorable,77,75,2,0.00163152106442,0.0130973893036,0.090503324004,0.019578252773,0.313512710858,0.0624480351035,0.533333333333,-0.114643600932,0.0130973893036,0.0982597040251,0.168819647531,0.513292534668,3,0.167447914743,0.867017626819,-0.0174652979744,0.0207283401033,design_only_not_support,
20B_trendpv_residual_momentum_design_and_replication_diagnostic_v3,P6_LOWVOL_36M_COMPARATOR,project_monthly_volatility_primary,paper_qfq_complete_case_sensitivity,VW,5,,,1,full,,favorable_minus_middle,77,75,2,0.00402653517565,0.00612537444589,0.0520140059472,0.0483184221077,0.180181802011,0.268164828903,0.546666666667,-0.0669074162428,0.00612537444589,0.0755114703887,0.084242282354,0.33781219402,3,0.654330913426,0.512898633645,-0.00803443239416,0.0160875027455,design_only_not_support,
20B_trendpv_residual_momentum_design_and_replication_diagnostic_v3,P6_LOWVOL_36M_COMPARATOR,project_monthly_volatility_primary,paper_qfq_complete_case_sensitivity,VW,5,1,favorable,1,early,,bucket_return,38,37,1,0.000710437751322,0.00240977653811,0.0421872664401,0.00852525301587,0.146140977813,0.0583358147963,0.513513513514,-0.0462737607582,0.00240977653811,0.045975925208,0.0697126022881,0.176218196382,3,0.145539996457,0.884284539303,-0.00885691445253,0.0102777899552,design_only_not_support,
20B_trendpv_residual_momentum_design_and_replication_diagnostic_v3,P6_LOWVOL_36M_COMPARATOR,project_monthly_volatility_primary,paper_qfq_complete_case_sensitivity,VW,5,2,middle,1,early,,bucket_return,38,37,1,0.00385640408085,0.00439642308529,0.0637081786673,0.0462768489702,0.220691604619,0.209690119613,0.513513513514,-0.0760561024933,0.00439642308529,0.0716171089417,0.0877661299023,0.335555336134,3,0.399906385743,0.689225468741,-0.0150440520703,0.022756860232,design_only_not_support,
20B_trendpv_residual_momentum_design_and_replication_diagnostic_v3,P6_LOWVOL_36M_COMPARATOR,project_monthly_volatility_primary,paper_qfq_complete_case_sensitivity,VW,5,3,middle,1,early,,bucket_return,38,37,1,0.00393309775417,0.00558285705446,0.0609038506557,0.04719717305,0.210977127424,0.22370753468,0.513513513514,-0.073298620525,0.00558285705446,0.0801845336088,0.106370688981,0.376474301452,3,0.377324976409,0.705932113126,-0.0164968510375,0.0243630465458,design_only_not_support,
20B_trendpv_residual_momentum_design_and_replication_diagnostic_v3,P6_LOWVOL_36M_COMPARATOR,project_monthly_volatility_primary,paper_qfq_complete_case_sensitivity,VW,5,4,middle,1,early,,bucket_return,38,37,1,0.012680899412,0.0105407765956,0.0723392037004,0.152170792943,0.250590352376,0.607249207722,0.540540540541,-0.0783179848625,0.0105407765956,0.0988650205917,0.0930741400889,0.292945239877,3,0.958790907452,0.337664090682,-0.0132414429318,0.0386032417557,design_only_not_support,
20B_trendpv_residual_momentum_design_and_replication_diagnostic_v3,P6_LOWVOL_36M_COMPARATOR,project_monthly_volatility_primary,paper_qfq_complete_case_sensitivity,VW,5,5,unfavorable,1,early,,bucket_return,38,37,1,0.00172192712555,-0.0140224486911,0.0823643467685,0.0206631255066,0.28531846667,0.0724212692844,0.459459459459,-0.0922218375149,-0.0140224486911,0.105465312427,0.121551761545,0.350332844167,3,0.147515940541,0.882724798638,-0.0211563810606,0.0246002353117,design_only_not_support,
20B_trendpv_residual_momentum_design_and_replication_diagnostic_v3,P6_LOWVOL_36M_COMPARATOR,project_monthly_volatility_primary,paper_qfq_complete_case_sensitivity,VW,5,,,1,early,,favorable_minus_unfavorable,38,37,1,-0.00101148937422,-0.00268745470892,0.0831073286713,-0.0121378724907,0.28789223148,-0.0421611671433,0.486486486486,-0.110084872489,-0.00268745470892,0.0924271820139,0.140287158211,0.382529476277,3,-0.0879622347654,0.929906692044,-0.023549374519,0.0215263957706,design_only_not_support,
20B_trendpv_residual_momentum_design_and_replication_diagnostic_v3,P6_LOWVOL_36M_COMPARATOR,project_monthly_volatility_primary,paper_qfq_complete_case_sensitivity,VW,5,,,1,early,,favorable_minus_middle,38,37,1,-0.00322266000284,-0.00768165847078,0.0514891506852,-0.0386719200341,0.178363650051,-0.216815029425,0.405405405405,-0.065857415951,-0.00768165847078,0.0729839249663,0.0820502309958,0.33781219402,3,-0.331381945234,0.740356000826,-0.0222831357796,0.0158378157739,design_only_not_support,
20B_trendpv_residual_momentum_design_and_replication_diagnostic_v3,P6_LOWVOL_36M_COMPARATOR,project_monthly_volatility_primary,paper_qfq_complete_case_sensitivity,VW,5,1,favorable,1,late,,bucket_return,39,38,1,0.0146926867598,0.0111953470563,0.0347671021311,0.176312241118,0.120436774646,1.4639402428,0.631578947368,-0.0263279227589,0.0111953470563,0.0573720526884,0.0372235006332,0.0467748916765,3,3.50475651568,0.000457025053105,0.00647609974256,0.022909273777,design_only_not_support,
20B_trendpv_residual_momentum_design_and_replication_diagnostic_v3,P6_LOWVOL_36M_COMPARATOR,project_monthly_volatility_primary,paper_qfq_complete_case_sensitivity,VW,5,2,middle,1,late,,bucket_return,39,38,1,0.00535180448745,0.00139936894453,0.0460751459266,0.0642216538494,0.159608987422,0.402368656595,0.5,-0.0473786003344,0.00139936894453,0.0427638441027,0.0570855991259,0.13831313746,3,0.966063996398,0.334012158927,-0.00550601040557,0.0162096193805,design_only_not_support,
20B_trendpv_residual_momentum_design_and_replication_diagnostic_v3,P6_LOWVOL_36M_COMPARATOR,project_monthly_volatility_primary,paper_qfq_complete_case_sensitivity,VW,5,3,middle,1,late,,bucket_return,39,38,1,0.00360772469983,-0.000540823788038,0.0522366383351,0.043292696398,0.180953023226,0.239248262484,0.5,-0.0415685521113,-0.000540823788038,0.0655654507043,0.065237550111,0.238881030524,3,0.503617243342,0.614530372983,-0.0104327208395,0.0176481702392,design_only_not_support,
20B_trendpv_residual_momentum_design_and_replication_diagnostic_v3,P6_LOWVOL_36M_COMPARATOR,project_monthly_volatility_primary,paper_qfq_complete_case_sensitivity,VW,5,4,middle,1,late,,bucket_return,39,38,1,0.0078165312232,-0.0121397769254,0.0761742205975,0.0937983746784,0.263875240604,0.355464857043,0.421052631579,-0.0639991334487,-0.0121397769254,0.11209861621,0.0948004191552,0.323136115437,3,0.684794759602,0.493473442668,-0.0145553100718,0.0301883725182,design_only_not_support,
20B_trendpv_residual_momentum_design_and_replication_diagnostic_v3,P6_LOWVOL_36M_COMPARATOR,project_monthly_volatility_primary,paper_qfq_complete_case_sensitivity,VW,5,5,unfavorable,1,late,,bucket_return,39,38,1,0.010487708163,-0.00670666486472,0.0947750451985,0.125852497956,0.328310387147,0.383333890377,0.394736842105,-0.0701910275811,-0.00670666486472,0.144500436653,0.103728913234,0.390121731076,3,0.704580894485,0.481071091652,-0.0186864156896,0.0396618320156,design_only_not_support,
20B_trendpv_residual_momentum_design_and_replication_diagnostic_v3,P6_LOWVOL_36M_COMPARATOR,project_monthly_volatility_primary,paper_qfq_complete_case_sensitivity,VW,5,,,1,late,,favorable_minus_unfavorable,39,38,1,0.00420497859678,0.0286689545826,0.09822300689,0.0504597431614,0.340254476811,0.148300012491,0.578947368421,-0.122856278093,0.0286689545826,0.106904252366,0.197352136851,0.513292534668,3,0.272143669638,0.785511552703,-0.026079049749,0.0344890069426,design_only_not_support,
20B_trendpv_residual_momentum_design_and_replication_diagnostic_v3,P6_LOWVOL_36M_COMPARATOR,project_monthly_volatility_primary,paper_qfq_complete_case_sensitivity,VW,5,,,1,late,,favorable_minus_middle,39,38,1,0.01108496206,0.013582517859,0.0522275260725,0.13301954472,0.180921457422,0.735233656719,0.684210526316,-0.0624941662716,0.013582517859,0.064409916882,0.0864343337123,0.207136202186,3,1.49298345921,0.135441516721,-0.00346719273686,0.0256371168568,design_only_not_support,
20B_trendpv_residual_momentum_design_and_replication_diagnostic_v3,P6_LOWVOL_36M_COMPARATOR,project_monthly_volatility_primary,paper_qfq_complete_case_sensitivity,VW,10,1,favorable,1,full,,bucket_return,77,75,2,0.00838413497223,0.00482748658475,0.0354439643211,0.100609619667,0.122781494052,0.819420063616,0.573333333333,-0.0384377958542,0.00482748658475,0.0561688368635,0.0490463608543,0.110827005573,3,2.52709559942,0.0115010191556,0.0018815702925,0.014886699652,design_only_not_support,
20B_trendpv_residual_momentum_design_and_replication_diagnostic_v3,P6_LOWVOL_36M_COMPARATOR,project_monthly_volatility_primary,paper_qfq_complete_case_sensitivity,VW,10,2,middle,1,full,,bucket_return,77,75,2,0.00600212933183,0.00693996344591,0.0529888543272,0.072025551982,0.183558775859,0.392384137696,0.546666666667,-0.0495491004269,0.00693996344591,0.0641066962347,0.077227669556,0.324789697739,3,1.22099964835,0.222086152934,-0.00363256412351,0.0156368227872,design_only_not_support,
20B_trendpv_residual_momentum_design_and_replication_diagnostic_v3,P6_LOWVOL_36M_COMPARATOR,project_monthly_volatility_primary,paper_qfq_complete_case_sensitivity,VW,10,3,middle,1,full,,bucket_return,77,75,2,0.00486342708506,0.000109939979998,0.0546479666398,0.0583611250207,0.189306109501,0.308289706944,0.506666666667,-0.0565488993063,0.000109939979998,0.0724050560565,0.0770909168331,0.216414434982,3,0.933532785488,0.35054495093,-0.0053474000828,0.0150742542529,design_only_not_support,
20B_trendpv_residual_momentum_design_and_replication_diagnostic_v3,P6_LOWVOL_36M_COMPARATOR,project_monthly_volatility_primary,paper_qfq_complete_case_sensitivity,VW,10,4,middle,1,full,,bucket_return,77,75,2,0.00365416773643,-0.00200274160179,0.0585178665707,0.0438500128371,0.202711836102,0.216316983164,0.48,-0.0653210231844,-0.00200274160179,0.0652360137169,0.0875153793835,0.427237460261,3,0.577300815143,0.563736263128,-0.00875190717114,0.016060242644,design_only_not_support,
20B_trendpv_residual_momentum_design_and_replication_diagnostic_v3,P6_LOWVOL_36M_COMPARATOR,project_monthly_volatility_primary,paper_qfq_complete_case_sensitivity,VW,10,5,middle,1,full,,bucket_return,77,75,2,0.00265833617316,-0.00262656873723,0.0587057594354,0.031900034078,0.203362716078,0.156862746,0.493333333333,-0.0663386918863,-0.00262656873723,0.082493409328,0.0930960845695,0.519197001417,3,0.393172844464,0.694191824982,-0.0105934517658,0.0159101241121,design_only_not_support,
20B_trendpv_residual_momentum_design_and_replication_diagnostic_v3,P6_LOWVOL_36M_COMPARATOR,project_monthly_volatility_primary,paper_qfq_complete_case_sensitivity,VW,10,6,middle,1,full,,bucket_return,77,75,2,0.00483120486061,-0.00102158058711,0.0583342809707,0.0579744583274,0.202075876929,0.286894503236,0.48,-0.057421238555,-0.00102158058711,0.0852607051303,0.0946440431867,0.288686608691,3,0.8259897245,0.40880992076,-0.00663260303902,0.0162950127602,design_only_not_support,
20B_trendpv_residual_momentum_design_and_replication_diagnostic_v3,P6_LOWVOL_36M_COMPARATOR,project_monthly_volatility_primary,paper_qfq_complete_case_sensitivity,VW,10,7,middle,1,full,,bucket_return,77,75,2,0.00986690283814,0.00371951509771,0.0713024918412,0.118402834058,0.246999077151,0.479365491659,0.52,-0.0774199791506,0.00371951509771,0.098351110854,0.0978777650542,0.47638301428,3,1.24261778935,0.214008711368,-0.00569602758779,0.0254298332641,design_only_not_support,
20B_trendpv_residual_momentum_design_and_replication_diagnostic_v3,P6_LOWVOL_36M_COMPARATOR,project_monthly_volatility_primary,paper_qfq_complete_case_sensitivity,VW,10,8,middle,1,full,,bucket_return,77,75,2,0.00961098730949,-0.0104798800302,0.0798399252343,0.115331847714,0.276573613957,0.417002352697,0.48,-0.0735905306187,-0.0104798800302,0.0941097435131,0.102200715444,0.544235708447,3,0.99716700887,0.318683451711,-0.00927971887605,0.028501693495,design_only_not_support,
20B_trendpv_residual_momentum_design_and_replication_diagnostic_v3,P6_LOWVOL_36M_COMPARATOR,project_monthly_volatility_primary,paper_qfq_complete_case_sensitivity,VW,10,9,middle,1,full,,bucket_return,77,75,2,0.00639018614732,-0.00815941115562,0.0827424918008,0.0766822337679,0.286628399488,0.26753187718,0.453333333333,-0.0786572399645,-0.00815941115562,0.107599522055,0.109748442441,0.479082103044,3,0.759410794657,0.447606858159,-0.0101022508728,0.0228826231674,design_only_not_support,
20B_trendpv_residual_momentum_design_and_replication_diagnostic_v3,P6_LOWVOL_36M_COMPARATOR,project_monthly_volatility_primary,paper_qfq_complete_case_sensitivity,VW,10,10,unfavorable,1,full,,bucket_return,77,75,2,0.00461340098508,-0.0151236902629,0.0992883446067,0.055360811821,0.343944914917,0.160958366936,0.466666666667,-0.0935011893832,-0.0151236902629,0.130008755192,0.139903356662,0.684405860598,3,0.41130779104,0.680846857427,-0.0173703784958,0.026597180466,design_only_not_support,
20B_trendpv_residual_momentum_design_and_replication_diagnostic_v3,P6_LOWVOL_36M_COMPARATOR,project_monthly_volatility_primary,paper_qfq_complete_case_sensitivity,VW,10,,,1,full,,favorable_minus_unfavorable,77,75,2,0.00377073398715,0.022032317856,0.104598723903,0.0452488078458,0.362340608415,0.124879207008,0.6,-0.118949776639,0.022032317856,0.110517073417,0.195153591006,0.627796668066,3,0.327976986583,0.742929063104,-0.0187628677972,0.0263043357715,design_only_not_support,
20B_trendpv_residual_momentum_design_and_replication_diagnostic_v3,P6_LOWVOL_36M_COMPARATOR,project_monthly_volatility_primary,paper_qfq_complete_case_sensitivity,VW,10,,,1,full,,favorable_minus_middle,77,75,2,0.00463936445534,0.00454663461516,0.0572274200406,0.0556723734641,0.198241598193,0.280830935442,0.546666666667,-0.0647310155791,0.00454663461516,0.0751542822952,0.094815931174,0.329858781279,3,0.716872598499,0.473452710938,-0.00804487994549,0.0173236088562,design_only_not_support,
20B_trendpv_residual_momentum_design_and_replication_diagnostic_v3,P6_LOWVOL_36M_COMPARATOR,project_monthly_volatility_primary,paper_qfq_complete_case_sensitivity,VW,10,1,favorable,1,early,,bucket_return,38,37,1,0.000597409088934,-0.000336822661667,0.0346736034626,0.00716890906721,0.120112885758,0.0596847625632,0.486486486486,-0.0454888189712,-0.000336822661667,0.0466989190699,0.0542861887789,0.110827005573,3,0.161565153998,0.871648299804,-0.00664982380365,0.00784464198152,design_only_not_support,
20B_trendpv_residual_momentum_design_and_replication_diagnostic_v3,P6_LOWVOL_36M_COMPARATOR,project_monthly_volatility_primary,paper_qfq_complete_case_sensitivity,VW,10,2,middle,1,early,,bucket_return,38,37,1,-0.000662386549749,-0.00700758771567,0.0592981366565,-0.00794863859699,0.205414770966,-0.0386955551424,0.459459459459,-0.0654532533967,-0.00700758771567,0.0657758296755,0.098979548031,0.324789697739,3,-0.084530626043,0.932634553912,-0.0160207701573,0.0146959970578,design_only_not_support,
20B_trendpv_residual_momentum_design_and_replication_diagnostic_v3,P6_LOWVOL_36M_COMPARATOR,project_monthly_volatility_primary,paper_qfq_complete_case_sensitivity,VW,10,3,middle,1,early,,bucket_return,38,37,1,0.00642190107266,-0.00246285693275,0.0606159717191,0.0770628128719,0.209979885535,0.367000928091,0.486486486486,-0.0625013308288,-0.00246285693275,0.0869409874658,0.0794819022128,0.216414434982,3,0.763477781574,0.445178508034,-0.0100640990684,0.0229079012137,design_only_not_support,
20B_trendpv_residual_momentum_design_and_replication_diagnostic_v3,P6_LOWVOL_36M_COMPARATOR,project_monthly_volatility_primary,paper_qfq_complete_case_sensitivity,VW,10,4,middle,1,early,,bucket_return,38,37,1,0.00141863576847,-0.00742342316317,0.0689669461909,0.0170236292216,0.238908509691,0.0712558512195,0.459459459459,-0.0877937818255,-0.00742342316317,0.0950775728163,0.100810340647,0.421132253605,3,0.128482066732,0.89776748927,-0.0202223222586,0.0230595937955,design_only_not_support,
20B_trendpv_residual_momentum_design_and_replication_diagnostic_v3,P6_LOWVOL_36M_COMPARATOR,project_monthly_volatility_primary,paper_qfq_complete_case_sensitivity,VW,10,5,middle,1,early,,bucket_return,38,37,1,0.00103810868585,-0.00303989385045,0.06304234581,0.0124573042302,0.218385091943,0.0570428325459,0.486486486486,-0.0797483172666,-0.00303989385045,0.0812015191452,0.11036575404,0.453040643166,3,0.0928493875266,0.926023214869,-0.0208753975904,0.0229516149621,design_only_not_support,
20B_trendpv_residual_momentum_design_and_replication_diagnostic_v3,P6_LOWVOL_36M_COMPARATOR,project_monthly_volatility_primary,paper_qfq_complete_case_sensitivity,VW,10,6,middle,1,early,,bucket_return,38,37,1,0.00719336165771,0.00341126108372,0.0644950491564,0.0863203398925,0.223417403951,0.3863635436,0.513513513514,-0.0840336825144,0.00341126108372,0.089068224954,0.107378473799,0.288686608691,3,0.749204383568,0.453734027476,-0.0116249075437,0.0260116308591,design_only_not_support,
20B_trendpv_residual_momentum_design_and_replication_diagnostic_v3,P6_LOWVOL_36M_COMPARATOR,project_monthly_volatility_primary,paper_qfq_complete_case_sensitivity,VW,10,7,middle,1,early,,bucket_return,38,37,1,0.0100368906041,0.016844444525,0.0632847965434,0.120442687249,0.21922496592,0.549402239586,0.621621621622,-0.0782942149514,0.016844444525,0.0812462448907,0.0933337201348,0.282054148836,3,0.989248086928,0.32254177641,-0.00984886339508,0.0299226446033,design_only_not_support,
20B_trendpv_residual_momentum_design_and_replication_diagnostic_v3,P6_LOWVOL_36M_COMPARATOR,project_monthly_volatility_primary,paper_qfq_complete_case_sensitivity,VW,10,8,middle,1,early,,bucket_return,38,37,1,0.0137301192087,0.00456955058758,0.0845727584413,0.164761430504,0.292968629113,0.562385914844,0.567567567568,-0.0806227941198,0.00456955058758,0.0916176098786,0.106386997872,0.337660912685,3,0.87853018664,0.3796560634,-0.01690120065,0.0443614390674,design_only_not_support,
20B_trendpv_residual_momentum_design_and_replication_diagnostic_v3,P6_LOWVOL_36M_COMPARATOR,project_monthly_volatility_primary,paper_qfq_complete_case_sensitivity,VW,10,9,middle,1,early,,bucket_return,38,37,1,0.0085258309882,-0.00524170665107,0.0831846801619,0.102309971858,0.288160184903,0.355045482403,0.486486486486,-0.0880609215935,-0.00524170665107,0.104611435054,0.111684300568,0.26128745908,3,0.6516056963,0.514655572082,-0.0171190057129,0.0341706676893,design_only_not_support,
20B_trendpv_residual_momentum_design_and_replication_diagnostic_v3,P6_LOWVOL_36M_COMPARATOR,project_monthly_volatility_primary,paper_qfq_complete_case_sensitivity,VW,10,10,unfavorable,1,early,,bucket_return,38,37,1,-0.00612195111583,-0.0153989525699,0.0903777518011,-0.07346341339,0.313077715987,-0.234649129078,0.432432432432,-0.122453377787,-0.0153989525699,0.103378473663,0.158573084266,0.475606189989,3,-0.553878361506,0.579662094876,-0.0277851980236,0.0155412957919,design_only_not_support,
20B_trendpv_residual_momentum_design_and_replication_diagnostic_v3,P6_LOWVOL_36M_COMPARATOR,project_monthly_volatility_primary,paper_qfq_complete_case_sensitivity,VW,10,,,1,early,,favorable_minus_unfavorable,38,37,1,0.00671936020477,0.0147868676012,0.094151931479,0.0806323224572,0.326151857905,0.247223250468,0.540540540541,-0.101678230047,0.0147868676012,0.110022624916,0.145737574303,0.346676264967,3,0.613575938634,0.539495587553,-0.0147444932016,0.0281832136111,design_only_not_support,
20B_trendpv_residual_momentum_design_and_replication_diagnostic_v3,P6_LOWVOL_36M_COMPARATOR,project_monthly_volatility_primary,paper_qfq_complete_case_sensitivity,VW,10,,,1,early,,favorable_minus_middle,38,37,1,-0.00351832608284,-0.0120108935958,0.0543616206855,-0.0422199129941,0.188314178018,-0.224199332405,0.459459459459,-0.0644638525868,-0.0120108935958,0.0650950506348,0.0894321079623,0.329858781279,3,-0.360791121602,0.718255600351,-0.0226313030808,0.0155946509151,design_only_not_support,
20B_trendpv_residual_momentum_design_and_replication_diagnostic_v3,P6_LOWVOL_36M_COMPARATOR,project_monthly_volatility_primary,paper_qfq_complete_case_sensitivity,VW,10,1,favorable,1,late,,bucket_return,39,38,1,0.0159659470165,0.0148993666216,0.034973037113,0.191591364198,0.121150154349,1.58143722744,0.657894736842,-0.0289255399392,0.0148993666216,0.0602048037887,0.0413044957173,0.0832285278283,3,3.61747872765,0.00029748677153,0.00731553508948,0.0246163589435,design_only_not_support,
20B_trendpv_residual_momentum_design_and_replication_diagnostic_v3,P6_LOWVOL_36M_COMPARATOR,project_monthly_volatility_primary,paper_qfq_complete_case_sensitivity,VW,10,2,middle,1,late,,bucket_return,39,38,1,0.0124912632165,0.00846669844304,0.0458992368641,0.149895158598,0.158999620555,0.94273909633,0.631578947368,-0.0335639388078,0.00846669844304,0.047135044971,0.0472900494811,0.0950271580562,3,2.37642515937,0.017481307262,0.00218905532696,0.0227934711061,design_only_not_support,
20B_trendpv_residual_momentum_design_and_replication_diagnostic_v3,P6_LOWVOL_36M_COMPARATOR,project_monthly_volatility_primary,paper_qfq_complete_case_sensitivity,VW,10,3,middle,1,late,,bucket_return,39,38,1,0.00334596557082,0.00032527342992,0.0489184629853,0.0401515868498,0.169458526637,0.236940493031,0.526315789474,-0.0477791956223,0.00032527342992,0.0432603476333,0.0699449263193,0.136610919829,3,0.536814198828,0.591395962803,-0.00887049969153,0.0155624308332,design_only_not_support,
20B_trendpv_residual_momentum_design_and_replication_diagnostic_v3,P6_LOWVOL_36M_COMPARATOR,project_monthly_volatility_primary,paper_qfq_complete_case_sensitivity,VW,10,4,middle,1,late,,bucket_return,39,38,1,0.00583086991576,0.00147759831784,0.0470205325577,0.0699704389891,0.162883902778,0.429572461095,0.5,-0.0441503358945,0.00147759831784,0.0494503622609,0.0638068892484,0.192379697761,3,0.913645972971,0.360902901325,-0.006677580153,0.0183393199845,design_only_not_support,
20B_trendpv_residual_momentum_design_and_replication_diagnostic_v3,P6_LOWVOL_36M_COMPARATOR,project_monthly_volatility_primary,paper_qfq_complete_case_sensitivity,VW,10,5,middle,1,late,,bucket_return,39,38,1,0.00423592609502,-0.000207100708128,0.0549602433424,0.0508311131402,0.190387867731,0.266987144433,0.5,-0.0517506236615,-0.000207100708128,0.0691491500012,0.0694138696171,0.280396230834,3,0.538523192127,0.590215898146,-0.0111807963578,0.0196526485478,design_only_not_support,
20B_trendpv_residual_momentum_design_and_replication_diagnostic_v3,P6_LOWVOL_36M_COMPARATOR,project_monthly_volatility_primary,paper_qfq_complete_case_sensitivity,VW,10,6,middle,1,late,,bucket_return,39,38,1,0.0025312100845,-0.00849944171577,0.0524173110988,0.030374521014,0.181578892038,0.167280021774,0.447368421053,-0.0438808143495,-0.00849944171577,0.0579973654452,0.0717947069339,0.197700529822,3,0.380223957701,0.703779176688,-0.0105165753126,0.0155789954816,design_only_not_support,
20B_trendpv_residual_momentum_design_and_replication_diagnostic_v3,P6_LOWVOL_36M_COMPARATOR,project_monthly_volatility_primary,paper_qfq_complete_case_sensitivity,VW,10,7,middle,1,late,,bucket_return,39,38,1,0.00970138843442,-0.006406544196,0.0791916061893,0.116416661213,0.274327770906,0.424370674645,0.421052631579,-0.0686727793002,-0.006406544196,0.136291356801,0.101939957817,0.356092973459,3,0.797048895742,0.425422634562,-0.0141545782862,0.033557355155,design_only_not_support,
20B_trendpv_residual_momentum_design_and_replication_diagnostic_v3,P6_LOWVOL_36M_COMPARATOR,project_monthly_volatility_primary,paper_qfq_complete_case_sensitivity,VW,10,8,middle,1,late,,bucket_return,39,38,1,0.00560025361816,-0.0154617146309,0.0758689664203,0.0672030434179,0.262817809116,0.255702015187,0.394736842105,-0.0610813061877,-0.0154617146309,0.0865499735387,0.0939557001958,0.344925600441,3,0.501663267546,0.615904407179,-0.0162795532283,0.0274800604646,design_only_not_support,
20B_trendpv_residual_momentum_design_and_replication_diagnostic_v3,P6_LOWVOL_36M_COMPARATOR,project_monthly_volatility_primary,paper_qfq_complete_case_sensitivity,VW,10,9,middle,1,late,,bucket_return,39,38,1,0.00431074248647,-0.0116677698575,0.0833724512606,0.0517289098377,0.28881064307,0.179110123117,0.421052631579,-0.0665328414581,-0.0116677698575,0.0967103026069,0.104747961762,0.347794306575,3,0.412400068955,0.680046212628,-0.0161764025364,0.0247978875093,design_only_not_support,
20B_trendpv_residual_momentum_design_and_replication_diagnostic_v3,P6_LOWVOL_36M_COMPARATOR,project_monthly_volatility_primary,paper_qfq_complete_case_sensitivity,VW,10,10,unfavorable,1,late,,bucket_return,39,38,1,0.0150662438202,-0.000426739159974,0.107431422232,0.180794925842,0.372153363272,0.4858075828,0.5,-0.078400426604,-0.000426739159974,0.178494592242,0.112801365664,0.426013036092,3,0.804144913831,0.421313288174,-0.0216551166734,0.0517876043137,design_only_not_support,
20B_trendpv_residual_momentum_design_and_replication_diagnostic_v3,P6_LOWVOL_36M_COMPARATOR,project_monthly_volatility_primary,paper_qfq_complete_case_sensitivity,VW,10,,,1,late,,favorable_minus_unfavorable,39,38,1,0.000899703196306,0.0222497245058,0.115063562003,0.0107964383557,0.398591870978,0.0270864489262,0.657894736842,-0.163532532107,0.0222497245058,0.112995402307,0.233591986491,0.627796668066,3,0.0452259079216,0.963927243839,-0.0380909095426,0.0398903159352,design_only_not_support,
20B_trendpv_residual_momentum_design_and_replication_diagnostic_v3,P6_LOWVOL_36M_COMPARATOR,project_monthly_volatility_primary,paper_qfq_complete_case_sensitivity,VW,10,,,1,late,,favorable_minus_middle,39,38,1,0.0125823789267,0.0165653438027,0.0595255804097,0.150988547121,0.206202659239,0.732233753327,0.631578947368,-0.0671883681119,0.0165653438027,0.0749217552101,0.100199754386,0.244662547828,3,1.52483624141,0.127299947965,-0.00359051155584,0.0287552694093,design_only_not_support,
20B_trendpv_residual_momentum_design_and_replication_diagnostic_v3,P6_LOWVOL_36M_COMPARATOR,project_monthly_volatility_primary,project_conservative_primary,EW,5,1,favorable,1,full,,bucket_return,77,75,2,0.00805541643683,0.00140562852735,0.0425129313104,0.096664997242,0.147269114016,0.656383369232,0.533333333333,-0.0402787569886,0.00140562852735,0.0633394910987,0.0464635252781,0.161033305375,3,2.25500288243,0.0241331478576,0.00105395039894,0.0150568824747,design_only_not_support,
20B_trendpv_residual_momentum_design_and_replication_diagnostic_v3,P6_LOWVOL_36M_COMPARATOR,project_monthly_volatility_primary,project_conservative_primary,EW,5,2,middle,1,full,,bucket_return,77,75,2,0.00617590528684,0.000447416006529,0.0516726278691,0.0741108634421,0.17899923366,0.414028942621,0.52,-0.0524323214012,0.000447416006529,0.0635104837309,0.0691109519239,0.252410171976,3,1.16416409456,0.244357518021,-0.00422172850958,0.0165735390833,design_only_not_support,
20B_trendpv_residual_momentum_design_and_replication_diagnostic_v3,P6_LOWVOL_36M_COMPARATOR,project_monthly_volatility_primary,project_conservative_primary,EW,5,3,middle,1,full,,bucket_return,77,75,2,0.00760733184183,0.00376479641559,0.0599209606032,0.091287982102,0.207572296406,0.439788852763,0.573333333333,-0.0629134601949,0.00376479641559,0.0769645049495,0.0906407571476,0.310259694222,3,1.24289671208,0.213905897461,-0.00438891554025,0.0196035792239,design_only_not_support,
20B_trendpv_residual_momentum_design_and_replication_diagnostic_v3,P6_LOWVOL_36M_COMPARATOR,project_monthly_volatility_primary,project_conservative_primary,EW,5,4,middle,1,full,,bucket_return,77,75,2,0.00667927693017,-0.0015251498652,0.0695921831401,0.080151323162,0.241074394017,0.33247547293,0.493333333333,-0.0711091046926,-0.0015251498652,0.092681446617,0.102643192965,0.447565601955,3,0.883937062572,0.376730188669,-0.00813076190654,0.0214893157669,design_only_not_support,
20B_trendpv_residual_momentum_design_and_replication_diagnostic_v3,P6_LOWVOL_36M_COMPARATOR,project_monthly_volatility_primary,project_conservative_primary,EW,5,5,unfavorable,1,full,,bucket_return,77,75,2,0.002900148745,-0.00897232452936,0.0847644048227,0.03480178494,0.293632511653,0.118521565423,0.426666666667,-0.0893656977025,-0.00897232452936,0.101559068387,0.12668392068,0.594533659981,3,0.344627320951,0.73037456355,-0.0135935728622,0.0193938703522,design_only_not_support,
20B_trendpv_residual_momentum_design_and_replication_diagnostic_v3,P6_LOWVOL_36M_COMPARATOR,project_monthly_volatility_primary,project_conservative_primary,EW,5,,,1,full,,favorable_minus_unfavorable,77,75,2,0.00515526769183,0.0134135286496,0.0770420381215,0.061863212302,0.26688144869,0.231800346579,0.573333333333,-0.0907743451528,0.0134135286496,0.102219756295,0.129040499914,0.421826850664,3,0.686006840926,0.492708794552,-0.00957365103588,0.0198841864195,design_only_not_support,
20B_trendpv_residual_momentum_design_and_replication_diagnostic_v3,P6_LOWVOL_36M_COMPARATOR,project_monthly_volatility_primary,project_conservative_primary,EW,5,,,1,full,,favorable_minus_middle,77,75,2,0.000448084595004,0.00559861946704,0.0448074814196,0.00537701514005,0.155217668756,0.0346417723133,0.546666666667,-0.0548048344245,0.00559861946704,0.0502787951798,0.0731942360411,0.29890845226,3,0.0917448294313,0.926900778827,-0.00912444034922,0.0100206095392,design_only_not_support,
20B_trendpv_residual_momentum_design_and_replication_diagnostic_v3,P6_LOWVOL_36M_COMPARATOR,project_monthly_volatility_primary,project_conservative_primary,EW,5,1,favorable,1,early,,bucket_return,38,37,1,0.00629719440135,-0.0036914781383,0.0461488060424,0.0755663328163,0.159864153548,0.472690913748,0.486486486486,-0.0465191006301,-0.0036914781383,0.0690854873659,0.0495944682787,0.161033305375,3,1.14605483213,0.251772464982,-0.00447216312353,0.0170665519262,design_only_not_support,
20B_trendpv_residual_momentum_design_and_replication_diagnostic_v3,P6_LOWVOL_36M_COMPARATOR,project_monthly_volatility_primary,project_conservative_primary,EW,5,2,middle,1,early,,bucket_return,38,37,1,0.00534255009279,-0.00153077201954,0.0530795228139,0.0641106011135,0.18387286071,0.348668100697,0.432432432432,-0.0561781672991,-0.00153077201954,0.0653576298055,0.0696158394229,0.229898158242,3,0.644280110133,0.519393810959,-0.0109100170791,0.0215951172647,design_only_not_support,
20B_trendpv_residual_momentum_design_and_replication_diagnostic_v3,P6_LOWVOL_36M_COMPARATOR,project_monthly_volatility_primary,project_conservative_primary,EW,5,3,middle,1,early,,bucket_return,38,37,1,0.00668050335526,0.00559159244002,0.0586830055299,0.0801660402632,0.203283894237,0.394355099128,0.621621621622,-0.0648365850835,0.00559159244002,0.0693293134372,0.0971627876959,0.251317500395,3,0.731136270295,0.464695922034,-0.01122798581,0.0245889925205,design_only_not_support,
20B_trendpv_residual_momentum_design_and_replication_diagnostic_v3,P6_LOWVOL_36M_COMPARATOR,project_monthly_volatility_primary,project_conservative_primary,EW,5,4,middle,1,early,,bucket_return,38,37,1,0.0040266188822,0.0098090891075,0.0624308775531,0.0483194265864,0.216266903766,0.223424970464,0.567567567568,-0.0811798639319,0.0098090891075,0.0828083476133,0.103944985462,0.27407470008,3,0.412101486167,0.680265039425,-0.0151240715508,0.0231773093152,design_only_not_support,
20B_trendpv_residual_momentum_design_and_replication_diagnostic_v3,P6_LOWVOL_36M_COMPARATOR,project_monthly_volatility_primary,project_conservative_primary,EW,5,5,unfavorable,1,early,,bucket_return,38,37,1,-0.00044490959229,-0.00364935850931,0.0805147141785,-0.00533891510749,0.278911151428,-0.0191419922802,0.486486486486,-0.101518911964,-0.00364935850931,0.100522815859,0.137629356747,0.357093789359,3,-0.0393015571424,0.968649965157,-0.0226324980918,0.0217426789072,design_only_not_support,
20B_trendpv_residual_momentum_design_and_replication_diagnostic_v3,P6_LOWVOL_36M_COMPARATOR,project_monthly_volatility_primary,project_conservative_primary,EW,5,,,1,early,,favorable_minus_unfavorable,38,37,1,0.00674210399365,0.0108787313427,0.0752604325669,0.0809052479237,0.260709786011,0.310326854859,0.540540540541,-0.0801836787144,0.0108787313427,0.111006079375,0.0972975495534,0.252450293604,3,0.690603018465,0.489815050063,-0.0123923055792,0.0258765135665,design_only_not_support,
20B_trendpv_residual_momentum_design_and_replication_diagnostic_v3,P6_LOWVOL_36M_COMPARATOR,project_monthly_volatility_primary,project_conservative_primary,EW,5,,,1,early,,favorable_minus_middle,38,37,1,-0.000383308953909,-0.0066851231571,0.0424557784457,-0.00459970744691,0.147071130686,-0.0312753932431,0.486486486486,-0.052885140577,-0.0066851231571,0.0580601441347,0.0572526575197,0.216561315097,3,-0.0552204062171,0.955962871928,-0.0139882748728,0.013221656965,design_only_not_support,
20B_trendpv_residual_momentum_design_and_replication_diagnostic_v3,P6_LOWVOL_36M_COMPARATOR,project_monthly_volatility_primary,project_conservative_primary,EW,5,1,favorable,1,late,,bucket_return,39,38,1,0.00976736947138,0.00243263939705,0.0391975102736,0.117208433657,0.135784158648,0.863196670534,0.578947368421,-0.0253906683492,0.00243263939705,0.0467652005439,0.0368683254962,0.0733084530001,3,2.20849988869,0.0272094455629,0.00109918140143,0.0184355575413,design_only_not_support,
20B_trendpv_residual_momentum_design_and_replication_diagnostic_v3,P6_LOWVOL_36M_COMPARATOR,project_monthly_volatility_primary,project_conservative_primary,EW,5,2,middle,1,late,,bucket_return,39,38,1,0.00698733008105,0.00395665310086,0.0509652962874,0.0838479609726,0.176548965185,0.474927513082,0.605263157895,-0.0456532010893,0.00395665310086,0.0550251053952,0.0679671640288,0.184765089839,3,1.04595276858,0.295582839468,-0.00610591439258,0.0200805745547,design_only_not_support,
20B_trendpv_residual_momentum_design_and_replication_diagnostic_v3,P6_LOWVOL_36M_COMPARATOR,project_monthly_volatility_primary,project_conservative_primary,EW,5,3,middle,1,late,,bucket_return,39,38,1,0.00850977010506,0.00204266930235,0.0618766945323,0.102117241261,0.214347157469,0.476410522382,0.526315789474,-0.042417046894,0.00204266930235,0.0825358130125,0.080627668399,0.242246748572,3,1.03319260986,0.301513770614,-0.00763324404683,0.024652784257,design_only_not_support,
20B_trendpv_residual_momentum_design_and_replication_diagnostic_v3,P6_LOWVOL_36M_COMPARATOR,project_monthly_volatility_primary,project_conservative_primary,EW,5,4,middle,1,late,,bucket_return,39,38,1,0.0092621281874,-0.00955260778375,0.0766810429777,0.111145538249,0.265630924829,0.418420928663,0.421052631579,-0.0572804307208,-0.00955260778375,0.103220557836,0.0939720858142,0.315028477601,3,0.80812676476,0.419017611404,-0.0132014733899,0.0317257297647,design_only_not_support,
20B_trendpv_residual_momentum_design_and_replication_diagnostic_v3,P6_LOWVOL_36M_COMPARATOR,project_monthly_volatility_primary,project_conservative_primary,EW,5,5,unfavorable,1,late,,bucket_return,39,38,1,0.00615717923131,-0.0119656409352,0.0896688965177,0.0738861507758,0.310622169254,0.23786502732,0.368421052632,-0.0725974783788,-0.0119656409352,0.105987948337,0.110614109491,0.402331804455,3,0.498644296611,0.618029993082,-0.0180441394677,0.0303584979304,design_only_not_support,
20B_trendpv_residual_momentum_design_and_replication_diagnostic_v3,P6_LOWVOL_36M_COMPARATOR,project_monthly_volatility_primary,project_conservative_primary,EW,5,,,1,late,,favorable_minus_unfavorable,39,38,1,0.00361019024006,0.0174903826832,0.0797178361414,0.0433222828808,0.276150684933,0.156879143325,0.605263157895,-0.0983801591684,0.0174903826832,0.0853790748559,0.158081173583,0.421826850664,3,0.321521530344,0.747815198851,-0.018397178412,0.0256175588921,design_only_not_support,
20B_trendpv_residual_momentum_design_and_replication_diagnostic_v3,P6_LOWVOL_36M_COMPARATOR,project_monthly_volatility_primary,project_conservative_primary,EW,5,,,1,late,,favorable_minus_middle,39,38,1,0.00125759936631,0.00853408765358,0.0475423963287,0.0150911923958,0.16469169191,0.0916329914446,0.605263157895,-0.0639890794473,0.00853408765358,0.0422681610586,0.0866246030965,0.29890845226,3,0.180065909818,0.857100825148,-0.0124309964787,0.0149461952113,design_only_not_support,
20B_trendpv_residual_momentum_design_and_replication_diagnostic_v3,P6_LOWVOL_36M_COMPARATOR,project_monthly_volatility_primary,project_conservative_primary,EW,10,1,favorable,1,full,,bucket_return,77,75,2,0.0083728004557,0.00103826861151,0.0387935173582,0.100473605468,0.134384686137,0.747656659076,0.506666666667,-0.0380512060078,0.00103826861151,0.0640173169794,0.0441255919218,0.125222706899,3,2.57175923231,0.0101183231979,0.00199180369023,0.0147537972212,design_only_not_support,
20B_trendpv_residual_momentum_design_and_replication_diagnostic_v3,P6_LOWVOL_36M_COMPARATOR,project_monthly_volatility_primary,project_conservative_primary,EW,10,2,middle,1,full,,bucket_return,77,75,2,0.00773136805588,0.00587260517637,0.0491981857087,0.0927764166706,0.170427514575,0.544374638695,0.506666666667,-0.0466178468736,0.00587260517637,0.0706277159844,0.0548740599087,0.209079291938,3,1.81233056043,0.0699351352162,-0.000629801408254,0.01609253752,design_only_not_support,
20B_trendpv_residual_momentum_design_and_replication_diagnostic_v3,P6_LOWVOL_36M_COMPARATOR,project_monthly_volatility_primary,project_conservative_primary,EW,10,3,middle,1,full,,bucket_return,77,75,2,0.0058275180253,-4.30206801135e-05,0.0490030966535,0.0699302163036,0.169751706264,0.411955896306,0.493333333333,-0.0439781736649,-4.30206801135e-05,0.0631889803646,0.0626782900869,0.188738897638,3,1.22309442106,0.22129403555,-0.00351086603746,0.0151659020881,design_only_not_support,
20B_trendpv_residual_momentum_design_and_replication_diagnostic_v3,P6_LOWVOL_36M_COMPARATOR,project_monthly_volatility_primary,project_conservative_primary,EW,10,4,middle,1,full,,bucket_return,77,75,2,0.0065538812003,0.000776479913529,0.0568577468674,0.0786465744036,0.196961012756,0.399300213291,0.52,-0.0610341578601,0.000776479913529,0.0814425333845,0.0760325233446,0.351618495095,3,1.06251667061,0.288001194049,-0.00553569016062,0.0186434525612,design_only_not_support,
20B_trendpv_residual_momentum_design_and_replication_diagnostic_v3,P6_LOWVOL_36M_COMPARATOR,project_monthly_volatility_primary,project_conservative_primary,EW,10,5,middle,1,full,,bucket_return,77,75,2,0.0073111378494,0.00307578061952,0.0629094965916,0.0877336541928,0.21792488875,0.402586665047,0.533333333333,-0.0638459888978,0.00307578061952,0.0763714624756,0.0952119988312,0.358730666254,3,1.15867232352,0.246589776302,-0.00505609193594,0.0196783676347,design_only_not_support,
20B_trendpv_residual_momentum_design_and_replication_diagnostic_v3,P6_LOWVOL_36M_COMPARATOR,project_monthly_volatility_primary,project_conservative_primary,EW,10,6,middle,1,full,,bucket_return,77,75,2,0.00788437501869,0.00360762264489,0.0591274792595,0.0946125002242,0.204823596402,0.461921877588,0.506666666667,-0.0617577743188,0.00360762264489,0.0805395207627,0.0920355051745,0.265146194684,3,1.29886459057,0.193990403455,-0.00401300919625,0.0197817592336,design_only_not_support,
20B_trendpv_residual_momentum_design_and_replication_diagnostic_v3,P6_LOWVOL_36M_COMPARATOR,project_monthly_volatility_primary,project_conservative_primary,EW,10,7,middle,1,full,,bucket_return,77,75,2,0.00688471119116,0.00629499638221,0.0685997363945,0.0826165342939,0.237636457642,0.347659341136,0.533333333333,-0.0789955534939,0.00629499638221,0.0928765624814,0.104928298437,0.416755860026,3,0.947686502035,0.343289074538,-0.00735394890335,0.0211233712857,design_only_not_support,
20B_trendpv_residual_momentum_design_and_replication_diagnostic_v3,P6_LOWVOL_36M_COMPARATOR,project_monthly_volatility_primary,project_conservative_primary,EW,10,8,middle,1,full,,bucket_return,77,75,2,0.006527249043,-0.00508253587008,0.0730928147217,0.078326988516,0.253200937532,0.309347150447,0.453333333333,-0.0666521089621,-0.00508253587008,0.0934547831241,0.100678951759,0.518734029174,3,0.79872589174,0.424449370113,-0.009489726461,0.022544224547,design_only_not_support,
20B_trendpv_residual_momentum_design_and_replication_diagnostic_v3,P6_LOWVOL_36M_COMPARATOR,project_monthly_volatility_primary,project_conservative_primary,EW,10,9,middle,1,full,,bucket_return,77,75,2,0.00571214207561,0.000544325057791,0.0817680373381,0.0685457049073,0.28325279021,0.241994809147,0.506666666667,-0.0850191703095,0.000544325057791,0.0939579737727,0.116715816258,0.539823910475,3,0.700679242757,0.483503212863,-0.0102660574479,0.0216903415991,design_only_not_support,
20B_trendpv_residual_momentum_design_and_replication_diagnostic_v3,P6_LOWVOL_36M_COMPARATOR,project_monthly_volatility_primary,project_conservative_primary,EW,10,10,unfavorable,1,full,,bucket_return,77,75,2,6.00545836679e-05,-0.0119974802698,0.0923470533292,0.000720655004015,0.319899576591,0.00225275385387,0.426666666667,-0.100230556017,-0.0119974802698,0.119163388677,0.138181349493,0.647314320129,3,0.00642893560769,0.994870486871,-0.0182485470696,0.0183686562369,design_only_not_support,
20B_trendpv_residual_momentum_design_and_replication_diagnostic_v3,P6_LOWVOL_36M_COMPARATOR,project_monthly_volatility_primary,project_conservative_primary,EW,10,,,1,full,,favorable_minus_unfavorable,77,75,2,0.00831274587203,0.0254996802541,0.091722188014,0.0997529504644,0.317734979643,0.313950168711,0.613333333333,-0.100614830155,0.0254996802541,0.125635199495,0.155135960055,0.49949949861,3,0.905987619516,0.364942405405,-0.00967059316135,0.0262960849054,design_only_not_support,
20B_trendpv_residual_momentum_design_and_replication_diagnostic_v3,P6_LOWVOL_36M_COMPARATOR,project_monthly_volatility_primary,project_conservative_primary,EW,10,,,1,full,,favorable_minus_middle,77,75,2,0.000775044021653,0.00777159760637,0.0524987062038,0.00930052825984,0.181860852953,0.051140903107,0.546666666667,-0.0668513217171,0.00777159760637,0.0540427213391,0.0878934063473,0.355266650484,3,0.135942399516,0.891866816615,-0.0103992354841,0.0119493235274,design_only_not_support,
20B_trendpv_residual_momentum_design_and_replication_diagnostic_v3,P6_LOWVOL_36M_COMPARATOR,project_monthly_volatility_primary,project_conservative_primary,EW,10,1,favorable,1,early,,bucket_return,38,37,1,0.00667813626374,-0.00637724813932,0.0423055491924,0.0801376351649,0.146550721287,0.546825252454,0.459459459459,-0.0435729074968,-0.00637724813932,0.0733941265789,0.047139107571,0.125222706899,3,1.37627087127,0.168737787586,-0.00283227831669,0.0161885508442,design_only_not_support,
20B_trendpv_residual_momentum_design_and_replication_diagnostic_v3,P6_LOWVOL_36M_COMPARATOR,project_monthly_volatility_primary,project_conservative_primary,EW,10,2,middle,1,early,,bucket_return,38,37,1,0.00590482374765,0.00587260517637,0.0525093140786,0.0708578849718,0.18189759971,0.389548213308,0.513513513514,-0.052991831326,0.00587260517637,0.0799279175716,0.060229811447,0.209079291938,3,0.902888622651,0.366585009564,-0.00691319343643,0.0187228409317,design_only_not_support,
20B_trendpv_residual_momentum_design_and_replication_diagnostic_v3,P6_LOWVOL_36M_COMPARATOR,project_monthly_volatility_primary,project_conservative_primary,EW,10,3,middle,1,early,,bucket_return,38,37,1,0.00611491369783,-0.00647834407497,0.0506534162855,0.0733789643739,0.175468581167,0.418188623205,0.459459459459,-0.0465823136504,-0.00647834407497,0.0726473498562,0.060836595424,0.188738897638,3,0.843783307522,0.398790504954,-0.00808898262185,0.0203188100175,design_only_not_support,
20B_trendpv_residual_momentum_design_and_replication_diagnostic_v3,P6_LOWVOL_36M_COMPARATOR,project_monthly_volatility_primary,project_conservative_primary,EW,10,4,middle,1,early,,bucket_return,38,37,1,0.00464215687899,-0.00583651298815,0.0589581702931,0.0557058825479,0.204237092938,0.272751054897,0.486486486486,-0.0623509879863,-0.00583651298815,0.0757755631624,0.0795054870353,0.290581098931,3,0.475313601523,0.634563465821,-0.0144998585488,0.0237841723068,design_only_not_support,
20B_trendpv_residual_momentum_design_and_replication_diagnostic_v3,P6_LOWVOL_36M_COMPARATOR,project_monthly_volatility_primary,project_conservative_primary,EW,10,5,middle,1,early,,bucket_return,38,37,1,0.00639760985443,0.00307578061952,0.0616802469048,0.0767713182532,0.213666642925,0.359304181515,0.540540540541,-0.0710836299063,0.00307578061952,0.0720403024755,0.0988620439597,0.279941185266,3,0.66051364973,0.508924262011,-0.0125862293243,0.0253814490332,design_only_not_support,
20B_trendpv_residual_momentum_design_and_replication_diagnostic_v3,P6_LOWVOL_36M_COMPARATOR,project_monthly_volatility_primary,project_conservative_primary,EW,10,6,middle,1,early,,bucket_return,38,37,1,0.00692701168683,0.0174440979203,0.0590232926529,0.083124140242,0.20446268341,0.406549199374,0.594594594595,-0.0729201889167,0.0174440979203,0.0762530904937,0.10158276638,0.258964842507,3,0.781854453677,0.434300114776,-0.0104377207935,0.0242917441672,design_only_not_support,
20B_trendpv_residual_momentum_design_and_replication_diagnostic_v3,P6_LOWVOL_36M_COMPARATOR,project_monthly_volatility_primary,project_conservative_primary,EW,10,7,middle,1,early,,bucket_return,38,37,1,0.00425771066342,0.00670642982231,0.0625516621771,0.0510925279611,0.216685313977,0.235791374243,0.621621621622,-0.084877744339,0.00670642982231,0.0836671267215,0.108024387683,0.296743996153,3,0.428298586995,0.668433747542,-0.0152262657266,0.0237416870535,design_only_not_support,
20B_trendpv_residual_momentum_design_and_replication_diagnostic_v3,P6_LOWVOL_36M_COMPARATOR,project_monthly_volatility_primary,project_conservative_primary,EW,10,8,middle,1,early,,bucket_return,38,37,1,0.00386438122017,0.0112796909279,0.0657007081925,0.0463725746421,0.227593929365,0.203751368815,0.513513513514,-0.0736066063585,0.0112796909279,0.0855557242943,0.102126053368,0.302857363544,3,0.37711020219,0.706091709733,-0.0162200608609,0.0239488233013,design_only_not_support,
20B_trendpv_residual_momentum_design_and_replication_diagnostic_v3,P6_LOWVOL_36M_COMPARATOR,project_monthly_volatility_primary,project_conservative_primary,EW,10,9,middle,1,early,,bucket_return,38,37,1,0.00553512740934,0.0134475417807,0.0799826222491,0.0664215289121,0.277067930916,0.239730122113,0.567567567568,-0.0966044478087,0.0134475417807,0.0880622375114,0.121359490491,0.306261513775,3,0.453163968907,0.650430675516,-0.0184046628575,0.0294749176762,design_only_not_support,
20B_trendpv_residual_momentum_design_and_replication_diagnostic_v3,P6_LOWVOL_36M_COMPARATOR,project_monthly_volatility_primary,project_conservative_primary,EW,10,10,unfavorable,1,early,,bucket_return,38,37,1,-0.00649601345208,-0.00843375481195,0.085644494509,-0.077952161425,0.296681231756,-0.262747194905,0.459459459459,-0.111148681527,-0.00843375481195,0.110830412626,0.154085256598,0.424225523446,3,-0.580075609554,0.561863630865,-0.0284447942653,0.0154527673611,design_only_not_support,
20B_trendpv_residual_momentum_design_and_replication_diagnostic_v3,P6_LOWVOL_36M_COMPARATOR,project_monthly_volatility_primary,project_conservative_primary,EW,10,,,1,early,,favorable_minus_unfavorable,38,37,1,0.0131741497158,0.0270152987096,0.0852980611474,0.15808979659,0.295481151389,0.535024978233,0.567567567568,-0.0981578996618,0.0270152987096,0.132687900301,0.103880558289,0.272777021657,3,1.2893195125,0.19728703013,-0.00685258432452,0.0332008837562,design_only_not_support,
20B_trendpv_residual_momentum_design_and_replication_diagnostic_v3,P6_LOWVOL_36M_COMPARATOR,project_monthly_volatility_primary,project_conservative_primary,EW,10,,,1,early,,favorable_minus_middle,38,37,1,1.58254931118e-05,-0.000715265386573,0.0479439015286,0.000189905917341,0.166082546721,0.00114344295105,0.486486486486,-0.0602641939773,-0.000715265386573,0.0528093497918,0.0676192838496,0.223582144728,3,0.00207738361109,0.998342488882,-0.0149151657649,0.0149468167511,design_only_not_support,
20B_trendpv_residual_momentum_design_and_replication_diagnostic_v3,P6_LOWVOL_36M_COMPARATOR,project_monthly_volatility_primary,project_conservative_primary,EW,10,1,favorable,1,late,,bucket_return,39,38,1,0.0100228682215,0.00593246420785,0.0355361529468,0.120274418659,0.123100844819,0.977039750099,0.552631578947,-0.0266246173254,0.00593246420785,0.0552263773447,0.036922577893,0.0547252030552,3,2.42093770833,0.0154805297513,0.00190846665374,0.0181372697894,design_only_not_support,
20B_trendpv_residual_momentum_design_and_replication_diagnostic_v3,P6_LOWVOL_36M_COMPARATOR,project_monthly_volatility_primary,project_conservative_primary,EW,10,2,middle,1,late,,bucket_return,39,38,1,0.00950984540864,0.00258768556695,0.0463856641074,0.114118144904,0.160684653954,0.710199400477,0.5,-0.0333215638711,0.00258768556695,0.0488323371183,0.0393764056613,0.10972427633,3,1.76425442427,0.0776891534465,-0.00105493155494,0.0200746223722,design_only_not_support,
20B_trendpv_residual_momentum_design_and_replication_diagnostic_v3,P6_LOWVOL_36M_COMPARATOR,project_monthly_volatility_primary,project_conservative_primary,EW,10,3,middle,1,late,,bucket_return,39,38,1,0.00554768539678,0.00266108519457,0.0480210418432,0.0665722247614,0.16634976861,0.400194273294,0.526315789474,-0.0424729077036,0.00266108519457,0.0462637574647,0.0645199847499,0.160451876671,3,0.890979257954,0.372940297965,-0.006656037056,0.0177514078496,design_only_not_support,
20B_trendpv_residual_momentum_design_and_replication_diagnostic_v3,P6_LOWVOL_36M_COMPARATOR,project_monthly_volatility_primary,project_conservative_primary,EW,10,4,middle,1,late,,bucket_return,39,38,1,0.00841529698684,0.00310570934172,0.0554641815514,0.100983563842,0.192133560895,0.525590445375,0.552631578947,-0.0525662028863,0.00310570934172,0.0794386542605,0.0720677057123,0.220929337121,3,1.11019491405,0.266915043924,-0.00644126450938,0.0232718584831,design_only_not_support,
20B_trendpv_residual_momentum_design_and_replication_diagnostic_v3,P6_LOWVOL_36M_COMPARATOR,project_monthly_volatility_primary,project_conservative_primary,EW,10,5,middle,1,late,,bucket_return,39,38,1,0.00820062563398,0.00580283417105,0.0648994037678,0.0984075076078,0.224818129413,0.437720515977,0.526315789474,-0.0514833988261,0.00580283417105,0.084374895094,0.0880031705299,0.266752437609,3,0.992290137866,0.321056012791,-0.00799718817061,0.0243984394386,design_only_not_support,
20B_trendpv_residual_momentum_design_and_replication_diagnostic_v3,P6_LOWVOL_36M_COMPARATOR,project_monthly_volatility_primary,project_conservative_primary,EW,10,6,middle,1,late,,bucket_return,39,38,1,0.00881654457865,-0.00665135517828,0.0600059575584,0.105798534944,0.207866734496,0.508972901317,0.421052631579,-0.0451388775342,-0.00665135517828,0.0859151842747,0.0732639179895,0.218449313494,3,1.05903892256,0.289582053916,-0.00750023988906,0.0251333290464,design_only_not_support,
20B_trendpv_residual_momentum_design_and_replication_diagnostic_v3,P6_LOWVOL_36M_COMPARATOR,project_monthly_volatility_primary,project_conservative_primary,EW,10,7,middle,1,late,,bucket_return,39,38,1,0.00944258012606,-0.00470746239448,0.0747747651397,0.113310961513,0.259027384692,0.437447807487,0.447368421053,-0.0610867603143,-0.00470746239448,0.104621615714,0.0972100289296,0.306879580981,3,0.890806506886,0.37303298376,-0.0113331066534,0.0302182669056,design_only_not_support,
20B_trendpv_residual_momentum_design_and_replication_diagnostic_v3,P6_LOWVOL_36M_COMPARATOR,project_monthly_volatility_primary,project_conservative_primary,EW,10,8,middle,1,late,,bucket_return,39,38,1,0.00912004139681,-0.0116891905395,0.0804438024303,0.109440496762,0.278665505927,0.39273069122,0.394736842105,-0.0584473108633,-0.0116891905395,0.101814897744,0.0974377438958,0.348035564755,3,0.722935635511,0.469719428815,-0.0156054691427,0.0338455519364,design_only_not_support,
20B_trendpv_residual_momentum_design_and_replication_diagnostic_v3,P6_LOWVOL_36M_COMPARATOR,project_monthly_volatility_primary,project_conservative_primary,EW,10,9,middle,1,late,,bucket_return,39,38,1,0.00588449846118,-0.0114700351546,0.0845437164355,0.0706139815342,0.292868024654,0.241111953473,0.447368421053,-0.0690920901536,-0.0114700351546,0.105286154458,0.106213011427,0.386613558131,3,0.543808381352,0.586573340654,-0.0153240842795,0.0270930812019,design_only_not_support,
20B_trendpv_residual_momentum_design_and_replication_diagnostic_v3,P6_LOWVOL_36M_COMPARATOR,project_monthly_volatility_primary,project_conservative_primary,EW,10,10,unfavorable,1,late,,bucket_return,39,38,1,0.00644359451322,-0.0161777840773,0.099168476921,0.0773231341586,0.343529681073,0.225084289419,0.394736842105,-0.0882516686602,-0.0161777840773,0.150680795305,0.117130411383,0.419147478408,3,0.441102157562,0.659139041611,-0.0221874447152,0.0350746337416,design_only_not_support,
20B_trendpv_residual_momentum_design_and_replication_diagnostic_v3,P6_LOWVOL_36M_COMPARATOR,project_monthly_volatility_primary,project_conservative_primary,EW,10,,,1,late,,favorable_minus_unfavorable,39,38,1,0.00357927370833,0.0188349638799,0.0984893795647,0.0429512845,0.341177218824,0.125891419855,0.657894736842,-0.13965122677,0.0188349638799,0.106857639077,0.197025376731,0.49949949861,3,0.241002879285,0.809552884944,-0.0255292895584,0.0326878369751,design_only_not_support,
20B_trendpv_residual_momentum_design_and_replication_diagnostic_v3,P6_LOWVOL_36M_COMPARATOR,project_monthly_volatility_primary,project_conservative_primary,EW,10,,,1,late,,favorable_minus_middle,39,38,1,0.00151428311523,0.014266822396,0.0572241011997,0.0181713973828,0.198230101391,0.0916682040484,0.605263157895,-0.0804768094565,0.014266822396,0.0496394444659,0.102020335724,0.355266650484,3,0.176465273889,0.859928427962,-0.0153045521312,0.0183331183617,design_only_not_support,
20B_trendpv_residual_momentum_design_and_replication_diagnostic_v3,P6_LOWVOL_36M_COMPARATOR,project_monthly_volatility_primary,project_conservative_primary,VW,5,1,favorable,1,full,,bucket_return,77,75,2,0.00779477724895,0.00611677711587,0.0389837791285,0.0935373269874,0.135043772243,0.692644506545,0.573333333333,-0.0382839755701,0.00611677711587,0.0510815525104,0.0558342452873,0.176218196382,3,2.20317359227,0.0275825158257,0.000860469970991,0.0147290845269,design_only_not_support,
20B_trendpv_residual_momentum_design_and_replication_diagnostic_v3,P6_LOWVOL_36M_COMPARATOR,project_monthly_volatility_primary,project_conservative_primary,VW,5,2,middle,1,full,,bucket_return,77,75,2,0.0046140736202,0.00397881725922,0.0551048485178,0.0553688834423,0.190888794753,0.290058321727,0.506666666667,-0.0547588179931,0.00397881725922,0.0627862429972,0.0757134788399,0.335555336134,3,0.837645162439,0.402230020278,-0.00618216627124,0.0154103135116,design_only_not_support,
20B_trendpv_residual_momentum_design_and_replication_diagnostic_v3,P6_LOWVOL_36M_COMPARATOR,project_monthly_volatility_primary,project_conservative_primary,VW,5,3,middle,1,full,,bucket_return,77,75,2,0.0037682420733,0.000559450767275,0.0562927538161,0.0452189048797,0.195003819415,0.231887277979,0.506666666667,-0.0657687716347,0.000559450767275,0.0775365834383,0.0892092699565,0.419676139136,3,0.601671257615,0.54739298596,-0.00850693088074,0.0160434150274,design_only_not_support,
20B_trendpv_residual_momentum_design_and_replication_diagnostic_v3,P6_LOWVOL_36M_COMPARATOR,project_monthly_volatility_primary,project_conservative_primary,VW,5,4,middle,1,full,,bucket_return,77,75,2,0.0102162861963,-0.00756100611481,0.0738445316182,0.122595434356,0.255804961248,0.479253544411,0.48,-0.07410037327,-0.00756100611481,0.106085981458,0.0966485657968,0.478254464541,3,1.16730911228,0.243085560071,-0.00693731330009,0.0273698856927,design_only_not_support,
20B_trendpv_residual_momentum_design_and_replication_diagnostic_v3,P6_LOWVOL_36M_COMPARATOR,project_monthly_volatility_primary,project_conservative_primary,VW,5,5,unfavorable,1,full,,bucket_return,77,75,2,0.00616325618453,-0.00888436636784,0.0883792347474,0.0739590742144,0.306154649833,0.241574231372,0.426666666667,-0.0847575477099,-0.00888436636784,0.112455015273,0.113046824368,0.590321757447,3,0.644021123768,0.519561736228,-0.0125935201127,0.0249200324817,design_only_not_support,
20B_trendpv_residual_momentum_design_and_replication_diagnostic_v3,P6_LOWVOL_36M_COMPARATOR,project_monthly_volatility_primary,project_conservative_primary,VW,5,,,1,full,,favorable_minus_unfavorable,77,75,2,0.00163152106442,0.0130973893036,0.090503324004,0.019578252773,0.313512710858,0.0624480351035,0.533333333333,-0.114643600932,0.0130973893036,0.0982597040251,0.168819647531,0.513292534668,3,0.167447914743,0.867017626819,-0.0174652979744,0.0207283401033,design_only_not_support,
20B_trendpv_residual_momentum_design_and_replication_diagnostic_v3,P6_LOWVOL_36M_COMPARATOR,project_monthly_volatility_primary,project_conservative_primary,VW,5,,,1,full,,favorable_minus_middle,77,75,2,0.00402653517565,0.00612537444589,0.0520140059472,0.0483184221077,0.180181802011,0.268164828903,0.546666666667,-0.0669074162428,0.00612537444589,0.0755114703887,0.084242282354,0.33781219402,3,0.654330913426,0.512898633645,-0.00803443239416,0.0160875027455,design_only_not_support,
20B_trendpv_residual_momentum_design_and_replication_diagnostic_v3,P6_LOWVOL_36M_COMPARATOR,project_monthly_volatility_primary,project_conservative_primary,VW,5,1,favorable,1,early,,bucket_return,38,37,1,0.000710437751322,0.00240977653811,0.0421872664401,0.00852525301587,0.146140977813,0.0583358147963,0.513513513514,-0.0462737607582,0.00240977653811,0.045975925208,0.0697126022881,0.176218196382,3,0.145539996457,0.884284539303,-0.00885691445253,0.0102777899552,design_only_not_support,
20B_trendpv_residual_momentum_design_and_replication_diagnostic_v3,P6_LOWVOL_36M_COMPARATOR,project_monthly_volatility_primary,project_conservative_primary,VW,5,2,middle,1,early,,bucket_return,38,37,1,0.00385640408085,0.00439642308529,0.0637081786673,0.0462768489702,0.220691604619,0.209690119613,0.513513513514,-0.0760561024933,0.00439642308529,0.0716171089417,0.0877661299023,0.335555336134,3,0.399906385743,0.689225468741,-0.0150440520703,0.022756860232,design_only_not_support,
20B_trendpv_residual_momentum_design_and_replication_diagnostic_v3,P6_LOWVOL_36M_COMPARATOR,project_monthly_volatility_primary,project_conservative_primary,VW,5,3,middle,1,early,,bucket_return,38,37,1,0.00393309775417,0.00558285705446,0.0609038506557,0.04719717305,0.210977127424,0.22370753468,0.513513513514,-0.073298620525,0.00558285705446,0.0801845336088,0.106370688981,0.376474301452,3,0.377324976409,0.705932113126,-0.0164968510375,0.0243630465458,design_only_not_support,
20B_trendpv_residual_momentum_design_and_replication_diagnostic_v3,P6_LOWVOL_36M_COMPARATOR,project_monthly_volatility_primary,project_conservative_primary,VW,5,4,middle,1,early,,bucket_return,38,37,1,0.012680899412,0.0105407765956,0.0723392037004,0.152170792943,0.250590352376,0.607249207722,0.540540540541,-0.0783179848625,0.0105407765956,0.0988650205917,0.0930741400889,0.292945239877,3,0.958790907452,0.337664090682,-0.0132414429318,0.0386032417557,design_only_not_support,
20B_trendpv_residual_momentum_design_and_replication_diagnostic_v3,P6_LOWVOL_36M_COMPARATOR,project_monthly_volatility_primary,project_conservative_primary,VW,5,5,unfavorable,1,early,,bucket_return,38,37,1,0.00172192712555,-0.0140224486911,0.0823643467685,0.0206631255066,0.28531846667,0.0724212692844,0.459459459459,-0.0922218375149,-0.0140224486911,0.105465312427,0.121551761545,0.350332844167,3,0.147515940541,0.882724798638,-0.0211563810606,0.0246002353117,design_only_not_support,
20B_trendpv_residual_momentum_design_and_replication_diagnostic_v3,P6_LOWVOL_36M_COMPARATOR,project_monthly_volatility_primary,project_conservative_primary,VW,5,,,1,early,,favorable_minus_unfavorable,38,37,1,-0.00101148937422,-0.00268745470892,0.0831073286713,-0.0121378724907,0.28789223148,-0.0421611671433,0.486486486486,-0.110084872489,-0.00268745470892,0.0924271820139,0.140287158211,0.382529476277,3,-0.0879622347654,0.929906692044,-0.023549374519,0.0215263957706,design_only_not_support,
20B_trendpv_residual_momentum_design_and_replication_diagnostic_v3,P6_LOWVOL_36M_COMPARATOR,project_monthly_volatility_primary,project_conservative_primary,VW,5,,,1,early,,favorable_minus_middle,38,37,1,-0.00322266000284,-0.00768165847078,0.0514891506852,-0.0386719200341,0.178363650051,-0.216815029425,0.405405405405,-0.065857415951,-0.00768165847078,0.0729839249663,0.0820502309958,0.33781219402,3,-0.331381945234,0.740356000826,-0.0222831357796,0.0158378157739,design_only_not_support,
20B_trendpv_residual_momentum_design_and_replication_diagnostic_v3,P6_LOWVOL_36M_COMPARATOR,project_monthly_volatility_primary,project_conservative_primary,VW,5,1,favorable,1,late,,bucket_return,39,38,1,0.0146926867598,0.0111953470563,0.0347671021311,0.176312241118,0.120436774646,1.4639402428,0.631578947368,-0.0263279227589,0.0111953470563,0.0573720526884,0.0372235006332,0.0467748916765,3,3.50475651568,0.000457025053105,0.00647609974256,0.022909273777,design_only_not_support,
20B_trendpv_residual_momentum_design_and_replication_diagnostic_v3,P6_LOWVOL_36M_COMPARATOR,project_monthly_volatility_primary,project_conservative_primary,VW,5,2,middle,1,late,,bucket_return,39,38,1,0.00535180448745,0.00139936894453,0.0460751459266,0.0642216538494,0.159608987422,0.402368656595,0.5,-0.0473786003344,0.00139936894453,0.0427638441027,0.0570855991259,0.13831313746,3,0.966063996398,0.334012158927,-0.00550601040557,0.0162096193805,design_only_not_support,
20B_trendpv_residual_momentum_design_and_replication_diagnostic_v3,P6_LOWVOL_36M_COMPARATOR,project_monthly_volatility_primary,project_conservative_primary,VW,5,3,middle,1,late,,bucket_return,39,38,1,0.00360772469983,-0.000540823788038,0.0522366383351,0.043292696398,0.180953023226,0.239248262484,0.5,-0.0415685521113,-0.000540823788038,0.0655654507043,0.065237550111,0.238881030524,3,0.503617243342,0.614530372983,-0.0104327208395,0.0176481702392,design_only_not_support,
20B_trendpv_residual_momentum_design_and_replication_diagnostic_v3,P6_LOWVOL_36M_COMPARATOR,project_monthly_volatility_primary,project_conservative_primary,VW,5,4,middle,1,late,,bucket_return,39,38,1,0.0078165312232,-0.0121397769254,0.0761742205975,0.0937983746784,0.263875240604,0.355464857043,0.421052631579,-0.0639991334487,-0.0121397769254,0.11209861621,0.0948004191552,0.323136115437,3,0.684794759602,0.493473442668,-0.0145553100718,0.0301883725182,design_only_not_support,
20B_trendpv_residual_momentum_design_and_replication_diagnostic_v3,P6_LOWVOL_36M_COMPARATOR,project_monthly_volatility_primary,project_conservative_primary,VW,5,5,unfavorable,1,late,,bucket_return,39,38,1,0.010487708163,-0.00670666486472,0.0947750451985,0.125852497956,0.328310387147,0.383333890377,0.394736842105,-0.0701910275811,-0.00670666486472,0.144500436653,0.103728913234,0.390121731076,3,0.704580894485,0.481071091652,-0.0186864156896,0.0396618320156,design_only_not_support,
20B_trendpv_residual_momentum_design_and_replication_diagnostic_v3,P6_LOWVOL_36M_COMPARATOR,project_monthly_volatility_primary,project_conservative_primary,VW,5,,,1,late,,favorable_minus_unfavorable,39,38,1,0.00420497859678,0.0286689545826,0.09822300689,0.0504597431614,0.340254476811,0.148300012491,0.578947368421,-0.122856278093,0.0286689545826,0.106904252366,0.197352136851,0.513292534668,3,0.272143669638,0.785511552703,-0.026079049749,0.0344890069426,design_only_not_support,
20B_trendpv_residual_momentum_design_and_replication_diagnostic_v3,P6_LOWVOL_36M_COMPARATOR,project_monthly_volatility_primary,project_conservative_primary,VW,5,,,1,late,,favorable_minus_middle,39,38,1,0.01108496206,0.013582517859,0.0522275260725,0.13301954472,0.180921457422,0.735233656719,0.684210526316,-0.0624941662716,0.013582517859,0.064409916882,0.0864343337123,0.207136202186,3,1.49298345921,0.135441516721,-0.00346719273686,0.0256371168568,design_only_not_support,
20B_trendpv_residual_momentum_design_and_replication_diagnostic_v3,P6_LOWVOL_36M_COMPARATOR,project_monthly_volatility_primary,project_conservative_primary,VW,10,1,favorable,1,full,,bucket_return,77,75,2,0.00838413497223,0.00482748658475,0.0354439643211,0.100609619667,0.122781494052,0.819420063616,0.573333333333,-0.0384377958542,0.00482748658475,0.0561688368635,0.0490463608543,0.110827005573,3,2.52709559942,0.0115010191556,0.0018815702925,0.014886699652,design_only_not_support,
20B_trendpv_residual_momentum_design_and_replication_diagnostic_v3,P6_LOWVOL_36M_COMPARATOR,project_monthly_volatility_primary,project_conservative_primary,VW,10,2,middle,1,full,,bucket_return,77,75,2,0.00600212933183,0.00693996344591,0.0529888543272,0.072025551982,0.183558775859,0.392384137696,0.546666666667,-0.0495491004269,0.00693996344591,0.0641066962347,0.077227669556,0.324789697739,3,1.22099964835,0.222086152934,-0.00363256412351,0.0156368227872,design_only_not_support,
20B_trendpv_residual_momentum_design_and_replication_diagnostic_v3,P6_LOWVOL_36M_COMPARATOR,project_monthly_volatility_primary,project_conservative_primary,VW,10,3,middle,1,full,,bucket_return,77,75,2,0.00486342708506,0.000109939979998,0.0546479666398,0.0583611250207,0.189306109501,0.308289706944,0.506666666667,-0.0565488993063,0.000109939979998,0.0724050560565,0.0770909168331,0.216414434982,3,0.933532785488,0.35054495093,-0.0053474000828,0.0150742542529,design_only_not_support,
20B_trendpv_residual_momentum_design_and_replication_diagnostic_v3,P6_LOWVOL_36M_COMPARATOR,project_monthly_volatility_primary,project_conservative_primary,VW,10,4,middle,1,full,,bucket_return,77,75,2,0.00365416773643,-0.00200274160179,0.0585178665707,0.0438500128371,0.202711836102,0.216316983164,0.48,-0.0653210231844,-0.00200274160179,0.0652360137169,0.0875153793835,0.427237460261,3,0.577300815143,0.563736263128,-0.00875190717114,0.016060242644,design_only_not_support,
20B_trendpv_residual_momentum_design_and_replication_diagnostic_v3,P6_LOWVOL_36M_COMPARATOR,project_monthly_volatility_primary,project_conservative_primary,VW,10,5,middle,1,full,,bucket_return,77,75,2,0.00265833617316,-0.00262656873723,0.0587057594354,0.031900034078,0.203362716078,0.156862746,0.493333333333,-0.0663386918863,-0.00262656873723,0.082493409328,0.0930960845695,0.519197001417,3,0.393172844464,0.694191824982,-0.0105934517658,0.0159101241121,design_only_not_support,
20B_trendpv_residual_momentum_design_and_replication_diagnostic_v3,P6_LOWVOL_36M_COMPARATOR,project_monthly_volatility_primary,project_conservative_primary,VW,10,6,middle,1,full,,bucket_return,77,75,2,0.00483120486061,-0.00102158058711,0.0583342809707,0.0579744583274,0.202075876929,0.286894503236,0.48,-0.057421238555,-0.00102158058711,0.0852607051303,0.0946440431867,0.288686608691,3,0.8259897245,0.40880992076,-0.00663260303902,0.0162950127602,design_only_not_support,
20B_trendpv_residual_momentum_design_and_replication_diagnostic_v3,P6_LOWVOL_36M_COMPARATOR,project_monthly_volatility_primary,project_conservative_primary,VW,10,7,middle,1,full,,bucket_return,77,75,2,0.00986690283814,0.00371951509771,0.0713024918412,0.118402834058,0.246999077151,0.479365491659,0.52,-0.0774199791506,0.00371951509771,0.098351110854,0.0978777650542,0.47638301428,3,1.24261778935,0.214008711368,-0.00569602758779,0.0254298332641,design_only_not_support,
20B_trendpv_residual_momentum_design_and_replication_diagnostic_v3,P6_LOWVOL_36M_COMPARATOR,project_monthly_volatility_primary,project_conservative_primary,VW,10,8,middle,1,full,,bucket_return,77,75,2,0.00961098730949,-0.0104798800302,0.0798399252343,0.115331847714,0.276573613957,0.417002352697,0.48,-0.0735905306187,-0.0104798800302,0.0941097435131,0.102200715444,0.544235708447,3,0.99716700887,0.318683451711,-0.00927971887605,0.028501693495,design_only_not_support,
20B_trendpv_residual_momentum_design_and_replication_diagnostic_v3,P6_LOWVOL_36M_COMPARATOR,project_monthly_volatility_primary,project_conservative_primary,VW,10,9,middle,1,full,,bucket_return,77,75,2,0.00639018614732,-0.00815941115562,0.0827424918008,0.0766822337679,0.286628399488,0.26753187718,0.453333333333,-0.0786572399645,-0.00815941115562,0.107599522055,0.109748442441,0.479082103044,3,0.759410794657,0.447606858159,-0.0101022508728,0.0228826231674,design_only_not_support,
20B_trendpv_residual_momentum_design_and_replication_diagnostic_v3,P6_LOWVOL_36M_COMPARATOR,project_monthly_volatility_primary,project_conservative_primary,VW,10,10,unfavorable,1,full,,bucket_return,77,75,2,0.00461340098508,-0.0151236902629,0.0992883446067,0.055360811821,0.343944914917,0.160958366936,0.466666666667,-0.0935011893832,-0.0151236902629,0.130008755192,0.139903356662,0.684405860598,3,0.41130779104,0.680846857427,-0.0173703784958,0.026597180466,design_only_not_support,
20B_trendpv_residual_momentum_design_and_replication_diagnostic_v3,P6_LOWVOL_36M_COMPARATOR,project_monthly_volatility_primary,project_conservative_primary,VW,10,,,1,full,,favorable_minus_unfavorable,77,75,2,0.00377073398715,0.022032317856,0.104598723903,0.0452488078458,0.362340608415,0.124879207008,0.6,-0.118949776639,0.022032317856,0.110517073417,0.195153591006,0.627796668066,3,0.327976986583,0.742929063104,-0.0187628677972,0.0263043357715,design_only_not_support,
20B_trendpv_residual_momentum_design_and_replication_diagnostic_v3,P6_LOWVOL_36M_COMPARATOR,project_monthly_volatility_primary,project_conservative_primary,VW,10,,,1,full,,favorable_minus_middle,77,75,2,0.00463936445534,0.00454663461516,0.0572274200406,0.0556723734641,0.198241598193,0.280830935442,0.546666666667,-0.0647310155791,0.00454663461516,0.0751542822952,0.094815931174,0.329858781279,3,0.716872598499,0.473452710938,-0.00804487994549,0.0173236088562,design_only_not_support,
20B_trendpv_residual_momentum_design_and_replication_diagnostic_v3,P6_LOWVOL_36M_COMPARATOR,project_monthly_volatility_primary,project_conservative_primary,VW,10,1,favorable,1,early,,bucket_return,38,37,1,0.000597409088934,-0.000336822661667,0.0346736034626,0.00716890906721,0.120112885758,0.0596847625632,0.486486486486,-0.0454888189712,-0.000336822661667,0.0466989190699,0.0542861887789,0.110827005573,3,0.161565153998,0.871648299804,-0.00664982380365,0.00784464198152,design_only_not_support,
20B_trendpv_residual_momentum_design_and_replication_diagnostic_v3,P6_LOWVOL_36M_COMPARATOR,project_monthly_volatility_primary,project_conservative_primary,VW,10,2,middle,1,early,,bucket_return,38,37,1,-0.000662386549749,-0.00700758771567,0.0592981366565,-0.00794863859699,0.205414770966,-0.0386955551424,0.459459459459,-0.0654532533967,-0.00700758771567,0.0657758296755,0.098979548031,0.324789697739,3,-0.084530626043,0.932634553912,-0.0160207701573,0.0146959970578,design_only_not_support,
20B_trendpv_residual_momentum_design_and_replication_diagnostic_v3,P6_LOWVOL_36M_COMPARATOR,project_monthly_volatility_primary,project_conservative_primary,VW,10,3,middle,1,early,,bucket_return,38,37,1,0.00642190107266,-0.00246285693275,0.0606159717191,0.0770628128719,0.209979885535,0.367000928091,0.486486486486,-0.0625013308288,-0.00246285693275,0.0869409874658,0.0794819022128,0.216414434982,3,0.763477781574,0.445178508034,-0.0100640990684,0.0229079012137,design_only_not_support,
20B_trendpv_residual_momentum_design_and_replication_diagnostic_v3,P6_LOWVOL_36M_COMPARATOR,project_monthly_volatility_primary,project_conservative_primary,VW,10,4,middle,1,early,,bucket_return,38,37,1,0.00141863576847,-0.00742342316317,0.0689669461909,0.0170236292216,0.238908509691,0.0712558512195,0.459459459459,-0.0877937818255,-0.00742342316317,0.0950775728163,0.100810340647,0.421132253605,3,0.128482066732,0.89776748927,-0.0202223222586,0.0230595937955,design_only_not_support,
20B_trendpv_residual_momentum_design_and_replication_diagnostic_v3,P6_LOWVOL_36M_COMPARATOR,project_monthly_volatility_primary,project_conservative_primary,VW,10,5,middle,1,early,,bucket_return,38,37,1,0.00103810868585,-0.00303989385045,0.06304234581,0.0124573042302,0.218385091943,0.0570428325459,0.486486486486,-0.0797483172666,-0.00303989385045,0.0812015191452,0.11036575404,0.453040643166,3,0.0928493875266,0.926023214869,-0.0208753975904,0.0229516149621,design_only_not_support,
20B_trendpv_residual_momentum_design_and_replication_diagnostic_v3,P6_LOWVOL_36M_COMPARATOR,project_monthly_volatility_primary,project_conservative_primary,VW,10,6,middle,1,early,,bucket_return,38,37,1,0.00719336165771,0.00341126108372,0.0644950491564,0.0863203398925,0.223417403951,0.3863635436,0.513513513514,-0.0840336825144,0.00341126108372,0.089068224954,0.107378473799,0.288686608691,3,0.749204383568,0.453734027476,-0.0116249075437,0.0260116308591,design_only_not_support,
20B_trendpv_residual_momentum_design_and_replication_diagnostic_v3,P6_LOWVOL_36M_COMPARATOR,project_monthly_volatility_primary,project_conservative_primary,VW,10,7,middle,1,early,,bucket_return,38,37,1,0.0100368906041,0.016844444525,0.0632847965434,0.120442687249,0.21922496592,0.549402239586,0.621621621622,-0.0782942149514,0.016844444525,0.0812462448907,0.0933337201348,0.282054148836,3,0.989248086928,0.32254177641,-0.00984886339508,0.0299226446033,design_only_not_support,
20B_trendpv_residual_momentum_design_and_replication_diagnostic_v3,P6_LOWVOL_36M_COMPARATOR,project_monthly_volatility_primary,project_conservative_primary,VW,10,8,middle,1,early,,bucket_return,38,37,1,0.0137301192087,0.00456955058758,0.0845727584413,0.164761430504,0.292968629113,0.562385914844,0.567567567568,-0.0806227941198,0.00456955058758,0.0916176098786,0.106386997872,0.337660912685,3,0.87853018664,0.3796560634,-0.01690120065,0.0443614390674,design_only_not_support,
20B_trendpv_residual_momentum_design_and_replication_diagnostic_v3,P6_LOWVOL_36M_COMPARATOR,project_monthly_volatility_primary,project_conservative_primary,VW,10,9,middle,1,early,,bucket_return,38,37,1,0.0085258309882,-0.00524170665107,0.0831846801619,0.102309971858,0.288160184903,0.355045482403,0.486486486486,-0.0880609215935,-0.00524170665107,0.104611435054,0.111684300568,0.26128745908,3,0.6516056963,0.514655572082,-0.0171190057129,0.0341706676893,design_only_not_support,
20B_trendpv_residual_momentum_design_and_replication_diagnostic_v3,P6_LOWVOL_36M_COMPARATOR,project_monthly_volatility_primary,project_conservative_primary,VW,10,10,unfavorable,1,early,,bucket_return,38,37,1,-0.00612195111583,-0.0153989525699,0.0903777518011,-0.07346341339,0.313077715987,-0.234649129078,0.432432432432,-0.122453377787,-0.0153989525699,0.103378473663,0.158573084266,0.475606189989,3,-0.553878361506,0.579662094876,-0.0277851980236,0.0155412957919,design_only_not_support,
20B_trendpv_residual_momentum_design_and_replication_diagnostic_v3,P6_LOWVOL_36M_COMPARATOR,project_monthly_volatility_primary,project_conservative_primary,VW,10,,,1,early,,favorable_minus_unfavorable,38,37,1,0.00671936020477,0.0147868676012,0.094151931479,0.0806323224572,0.326151857905,0.247223250468,0.540540540541,-0.101678230047,0.0147868676012,0.110022624916,0.145737574303,0.346676264967,3,0.613575938634,0.539495587553,-0.0147444932016,0.0281832136111,design_only_not_support,
20B_trendpv_residual_momentum_design_and_replication_diagnostic_v3,P6_LOWVOL_36M_COMPARATOR,project_monthly_volatility_primary,project_conservative_primary,VW,10,,,1,early,,favorable_minus_middle,38,37,1,-0.00351832608284,-0.0120108935958,0.0543616206855,-0.0422199129941,0.188314178018,-0.224199332405,0.459459459459,-0.0644638525868,-0.0120108935958,0.0650950506348,0.0894321079623,0.329858781279,3,-0.360791121602,0.718255600351,-0.0226313030808,0.0155946509151,design_only_not_support,
20B_trendpv_residual_momentum_design_and_replication_diagnostic_v3,P6_LOWVOL_36M_COMPARATOR,project_monthly_volatility_primary,project_conservative_primary,VW,10,1,favorable,1,late,,bucket_return,39,38,1,0.0159659470165,0.0148993666216,0.034973037113,0.191591364198,0.121150154349,1.58143722744,0.657894736842,-0.0289255399392,0.0148993666216,0.0602048037887,0.0413044957173,0.0832285278283,3,3.61747872765,0.00029748677153,0.00731553508948,0.0246163589435,design_only_not_support,
20B_trendpv_residual_momentum_design_and_replication_diagnostic_v3,P6_LOWVOL_36M_COMPARATOR,project_monthly_volatility_primary,project_conservative_primary,VW,10,2,middle,1,late,,bucket_return,39,38,1,0.0124912632165,0.00846669844304,0.0458992368641,0.149895158598,0.158999620555,0.94273909633,0.631578947368,-0.0335639388078,0.00846669844304,0.047135044971,0.0472900494811,0.0950271580562,3,2.37642515937,0.017481307262,0.00218905532696,0.0227934711061,design_only_not_support,
20B_trendpv_residual_momentum_design_and_replication_diagnostic_v3,P6_LOWVOL_36M_COMPARATOR,project_monthly_volatility_primary,project_conservative_primary,VW,10,3,middle,1,late,,bucket_return,39,38,1,0.00334596557082,0.00032527342992,0.0489184629853,0.0401515868498,0.169458526637,0.236940493031,0.526315789474,-0.0477791956223,0.00032527342992,0.0432603476333,0.0699449263193,0.136610919829,3,0.536814198828,0.591395962803,-0.00887049969153,0.0155624308332,design_only_not_support,
20B_trendpv_residual_momentum_design_and_replication_diagnostic_v3,P6_LOWVOL_36M_COMPARATOR,project_monthly_volatility_primary,project_conservative_primary,VW,10,4,middle,1,late,,bucket_return,39,38,1,0.00583086991576,0.00147759831784,0.0470205325577,0.0699704389891,0.162883902778,0.429572461095,0.5,-0.0441503358945,0.00147759831784,0.0494503622609,0.0638068892484,0.192379697761,3,0.913645972971,0.360902901325,-0.006677580153,0.0183393199845,design_only_not_support,
20B_trendpv_residual_momentum_design_and_replication_diagnostic_v3,P6_LOWVOL_36M_COMPARATOR,project_monthly_volatility_primary,project_conservative_primary,VW,10,5,middle,1,late,,bucket_return,39,38,1,0.00423592609502,-0.000207100708128,0.0549602433424,0.0508311131402,0.190387867731,0.266987144433,0.5,-0.0517506236615,-0.000207100708128,0.0691491500012,0.0694138696171,0.280396230834,3,0.538523192127,0.590215898146,-0.0111807963578,0.0196526485478,design_only_not_support,
20B_trendpv_residual_momentum_design_and_replication_diagnostic_v3,P6_LOWVOL_36M_COMPARATOR,project_monthly_volatility_primary,project_conservative_primary,VW,10,6,middle,1,late,,bucket_return,39,38,1,0.0025312100845,-0.00849944171577,0.0524173110988,0.030374521014,0.181578892038,0.167280021774,0.447368421053,-0.0438808143495,-0.00849944171577,0.0579973654452,0.0717947069339,0.197700529822,3,0.380223957701,0.703779176688,-0.0105165753126,0.0155789954816,design_only_not_support,
20B_trendpv_residual_momentum_design_and_replication_diagnostic_v3,P6_LOWVOL_36M_COMPARATOR,project_monthly_volatility_primary,project_conservative_primary,VW,10,7,middle,1,late,,bucket_return,39,38,1,0.00970138843442,-0.006406544196,0.0791916061893,0.116416661213,0.274327770906,0.424370674645,0.421052631579,-0.0686727793002,-0.006406544196,0.136291356801,0.101939957817,0.356092973459,3,0.797048895742,0.425422634562,-0.0141545782862,0.033557355155,design_only_not_support,
20B_trendpv_residual_momentum_design_and_replication_diagnostic_v3,P6_LOWVOL_36M_COMPARATOR,project_monthly_volatility_primary,project_conservative_primary,VW,10,8,middle,1,late,,bucket_return,39,38,1,0.00560025361816,-0.0154617146309,0.0758689664203,0.0672030434179,0.262817809116,0.255702015187,0.394736842105,-0.0610813061877,-0.0154617146309,0.0865499735387,0.0939557001958,0.344925600441,3,0.501663267546,0.615904407179,-0.0162795532283,0.0274800604646,design_only_not_support,
20B_trendpv_residual_momentum_design_and_replication_diagnostic_v3,P6_LOWVOL_36M_COMPARATOR,project_monthly_volatility_primary,project_conservative_primary,VW,10,9,middle,1,late,,bucket_return,39,38,1,0.00431074248647,-0.0116677698575,0.0833724512606,0.0517289098377,0.28881064307,0.179110123117,0.421052631579,-0.0665328414581,-0.0116677698575,0.0967103026069,0.104747961762,0.347794306575,3,0.412400068955,0.680046212628,-0.0161764025364,0.0247978875093,design_only_not_support,
20B_trendpv_residual_momentum_design_and_replication_diagnostic_v3,P6_LOWVOL_36M_COMPARATOR,project_monthly_volatility_primary,project_conservative_primary,VW,10,10,unfavorable,1,late,,bucket_return,39,38,1,0.0150662438202,-0.000426739159974,0.107431422232,0.180794925842,0.372153363272,0.4858075828,0.5,-0.078400426604,-0.000426739159974,0.178494592242,0.112801365664,0.426013036092,3,0.804144913831,0.421313288174,-0.0216551166734,0.0517876043137,design_only_not_support,
20B_trendpv_residual_momentum_design_and_replication_diagnostic_v3,P6_LOWVOL_36M_COMPARATOR,project_monthly_volatility_primary,project_conservative_primary,VW,10,,,1,late,,favorable_minus_unfavorable,39,38,1,0.000899703196306,0.0222497245058,0.115063562003,0.0107964383557,0.398591870978,0.0270864489262,0.657894736842,-0.163532532107,0.0222497245058,0.112995402307,0.233591986491,0.627796668066,3,0.0452259079216,0.963927243839,-0.0380909095426,0.0398903159352,design_only_not_support,
20B_trendpv_residual_momentum_design_and_replication_diagnostic_v3,P6_LOWVOL_36M_COMPARATOR,project_monthly_volatility_primary,project_conservative_primary,VW,10,,,1,late,,favorable_minus_middle,39,38,1,0.0125823789267,0.0165653438027,0.0595255804097,0.150988547121,0.206202659239,0.732233753327,0.631578947368,-0.0671883681119,0.0165653438027,0.0749217552101,0.100199754386,0.244662547828,3,1.52483624141,0.127299947965,-0.00359051155584,0.0287552694093,design_only_not_support,
