fetched_at_utc,classification_year,effective_start_date,effective_end_date,snapshot_trade_date,source_api,board_ts_code,board_name,idx_type,level,con_code,con_name,trade_date
2026-07-07T06:52:29Z,2026,2026-01-01,2026-12-31,20260105,dc_member,BK0683.DC,央国企改革,概念板块,,000989.SZ,九芝堂,20260105
2026-07-07T06:52:29Z,2026,2026-01-01,2026-12-31,20260105,dc_member,BK0683.DC,央国企改革,概念板块,,002856.SZ,美芝股份,20260105
2026-07-07T06:52:29Z,2026,2026-01-01,2026-12-31,20260105,dc_member,BK0683.DC,央国企改革,概念板块,,688247.SH,宣泰医药,20260105
2026-07-07T06:52:29Z,2026,2026-01-01,2026-12-31,20260105,dc_member,BK0683.DC,央国企改革,概念板块,,300135.SZ,宝利国际,20260105
2026-07-07T06:52:29Z,2026,2026-01-01,2026-12-31,20260105,dc_member,BK0683.DC,央国企改革,概念板块,,688778.SH,厦钨新能,20260105
2026-07-07T06:52:29Z,2026,2026-01-01,2026-12-31,20260105,dc_member,BK0683.DC,央国企改革,概念板块,,000988.SZ,华工科技,20260105
2026-07-07T06:52:29Z,2026,2026-01-01,2026-12-31,20260105,dc_member,BK0683.DC,央国企改革,概念板块,,002672.SZ,东江环保,20260105
2026-07-07T06:52:29Z,2026,2026-01-01,2026-12-31,20260105,dc_member,BK0683.DC,央国企改革,概念板块,,600267.SH,海正药业,20260105
2026-07-07T06:52:29Z,2026,2026-01-01,2026-12-31,20260105,dc_member,BK0683.DC,央国企改革,概念板块,,601688.SH,华泰证券,20260105
2026-07-07T06:52:29Z,2026,2026-01-01,2026-12-31,20260105,dc_member,BK0683.DC,央国企改革,概念板块,,301217.SZ,铜冠铜箔,20260105
2026-07-07T06:52:29Z,2026,2026-01-01,2026-12-31,20260105,dc_member,BK0683.DC,央国企改革,概念板块,,600331.SH,宏达股份,20260105
2026-07-07T06:52:29Z,2026,2026-01-01,2026-12-31,20260105,dc_member,BK0683.DC,央国企改革,概念板块,,688779.SH,五矿新能,20260105
2026-07-07T06:52:29Z,2026,2026-01-01,2026-12-31,20260105,dc_member,BK0683.DC,央国企改革,概念板块,,002816.SZ,*ST和科,20260105
2026-07-07T06:52:29Z,2026,2026-01-01,2026-12-31,20260105,dc_member,BK0683.DC,央国企改革,概念板块,,301551.SZ,无线传媒,20260105
2026-07-07T06:52:29Z,2026,2026-01-01,2026-12-31,20260105,dc_member,BK0683.DC,央国企改革,概念板块,,600459.SH,贵研铂业,20260105
2026-07-07T06:52:29Z,2026,2026-01-01,2026-12-31,20260105,dc_member,BK0683.DC,央国企改革,概念板块,,300620.SZ,光库科技,20260105
2026-07-07T06:52:29Z,2026,2026-01-01,2026-12-31,20260105,dc_member,BK0683.DC,央国企改革,概念板块,,600678.SH,四川金顶,20260105
2026-07-07T06:52:29Z,2026,2026-01-01,2026-12-31,20260105,dc_member,BK0683.DC,央国企改革,概念板块,,002580.SZ,圣阳股份,20260105
2026-07-07T06:52:29Z,2026,2026-01-01,2026-12-31,20260105,dc_member,BK0683.DC,央国企改革,概念板块,,301584.SZ,建发致新,20260105
2026-07-07T06:52:29Z,2026,2026-01-01,2026-12-31,20260105,dc_member,BK0683.DC,央国企改革,概念板块,,600736.SH,苏州高新,20260105
2026-07-07T06:52:29Z,2026,2026-01-01,2026-12-31,20260105,dc_member,BK0683.DC,央国企改革,概念板块,,002025.SZ,航天电器,20260105
2026-07-07T06:52:29Z,2026,2026-01-01,2026-12-31,20260105,dc_member,BK0683.DC,央国企改革,概念板块,,600809.SH,山西汾酒,20260105
2026-07-07T06:52:29Z,2026,2026-01-01,2026-12-31,20260105,dc_member,BK0683.DC,央国企改革,概念板块,,600936.SH,广西广电,20260105
2026-07-07T06:52:29Z,2026,2026-01-01,2026-12-31,20260105,dc_member,BK0683.DC,央国企改革,概念板块,,688276.SH,百克生物,20260105
2026-07-07T06:52:29Z,2026,2026-01-01,2026-12-31,20260105,dc_member,BK0683.DC,央国企改革,概念板块,,000400.SZ,许继电气,20260105
2026-07-07T06:52:29Z,2026,2026-01-01,2026-12-31,20260105,dc_member,BK0683.DC,央国企改革,概念板块,,600704.SH,物产中大,20260105
2026-07-07T06:52:29Z,2026,2026-01-01,2026-12-31,20260105,dc_member,BK0683.DC,央国企改革,概念板块,,002799.SZ,环球印务,20260105
2026-07-07T06:52:29Z,2026,2026-01-01,2026-12-31,20260105,dc_member,BK0683.DC,央国企改革,概念板块,,603169.SH,兰石重装,20260105
2026-07-07T06:52:29Z,2026,2026-01-01,2026-12-31,20260105,dc_member,BK0683.DC,央国企改革,概念板块,,600406.SH,国电南瑞,20260105
2026-07-07T06:52:29Z,2026,2026-01-01,2026-12-31,20260105,dc_member,BK0683.DC,央国企改革,概念板块,,600510.SH,黑牡丹,20260105
2026-07-07T06:52:29Z,2026,2026-01-01,2026-12-31,20260105,dc_member,BK0683.DC,央国企改革,概念板块,,688707.SH,振华新材,20260105
2026-07-07T06:52:29Z,2026,2026-01-01,2026-12-31,20260105,dc_member,BK0683.DC,央国企改革,概念板块,,002155.SZ,湖南黄金,20260105
2026-07-07T06:52:29Z,2026,2026-01-01,2026-12-31,20260105,dc_member,BK0683.DC,央国企改革,概念板块,,002366.SZ,融发核电,20260105
2026-07-07T06:52:29Z,2026,2026-01-01,2026-12-31,20260105,dc_member,BK0683.DC,央国企改革,概念板块,,000831.SZ,中国稀土,20260105
2026-07-07T06:52:29Z,2026,2026-01-01,2026-12-31,20260105,dc_member,BK0683.DC,央国企改革,概念板块,,688248.SH,南网科技,20260105
2026-07-07T06:52:29Z,2026,2026-01-01,2026-12-31,20260105,dc_member,BK0683.DC,央国企改革,概念板块,,603153.SH,上海建科,20260105
2026-07-07T06:52:29Z,2026,2026-01-01,2026-12-31,20260105,dc_member,BK0683.DC,央国企改革,概念板块,,002128.SZ,电投能源,20260105
2026-07-07T06:52:29Z,2026,2026-01-01,2026-12-31,20260105,dc_member,BK0683.DC,央国企改革,概念板块,,000807.SZ,云铝股份,20260105
2026-07-07T06:52:29Z,2026,2026-01-01,2026-12-31,20260105,dc_member,BK0683.DC,央国企改革,概念板块,,000657.SZ,中钨高新,20260105
2026-07-07T06:52:29Z,2026,2026-01-01,2026-12-31,20260105,dc_member,BK0683.DC,央国企改革,概念板块,,600550.SH,保变电气,20260105
2026-07-07T06:52:29Z,2026,2026-01-01,2026-12-31,20260105,dc_member,BK0683.DC,央国企改革,概念板块,,600325.SH,华发股份,20260105
2026-07-07T06:52:29Z,2026,2026-01-01,2026-12-31,20260105,dc_member,BK0683.DC,央国企改革,概念板块,,601068.SH,中铝国际,20260105
2026-07-07T06:52:29Z,2026,2026-01-01,2026-12-31,20260105,dc_member,BK0683.DC,央国企改革,概念板块,,002237.SZ,恒邦股份,20260105
2026-07-07T06:52:29Z,2026,2026-01-01,2026-12-31,20260105,dc_member,BK0683.DC,央国企改革,概念板块,,002696.SZ,百洋股份,20260105
2026-07-07T06:52:29Z,2026,2026-01-01,2026-12-31,20260105,dc_member,BK0683.DC,央国企改革,概念板块,,002678.SZ,珠江钢琴,20260105
2026-07-07T06:52:29Z,2026,2026-01-01,2026-12-31,20260105,dc_member,BK0683.DC,央国企改革,概念板块,,300410.SZ,正业科技,20260105
2026-07-07T06:52:29Z,2026,2026-01-01,2026-12-31,20260105,dc_member,BK0683.DC,央国企改革,概念板块,,000972.SZ,*ST中基,20260105
2026-07-07T06:52:29Z,2026,2026-01-01,2026-12-31,20260105,dc_member,BK0683.DC,央国企改革,概念板块,,002552.SZ,宝鼎科技,20260105
2026-07-07T06:52:29Z,2026,2026-01-01,2026-12-31,20260105,dc_member,BK0683.DC,央国企改革,概念板块,,601606.SH,长城军工,20260105
2026-07-07T06:52:29Z,2026,2026-01-01,2026-12-31,20260105,dc_member,BK0683.DC,央国企改革,概念板块,,600415.SH,小商品城,20260105
2026-07-07T06:52:29Z,2026,2026-01-01,2026-12-31,20260105,dc_member,BK0683.DC,央国企改革,概念板块,,002077.SZ,大港股份,20260105
2026-07-07T06:52:29Z,2026,2026-01-01,2026-12-31,20260105,dc_member,BK0683.DC,央国企改革,概念板块,,600578.SH,京能电力,20260105
2026-07-07T06:52:29Z,2026,2026-01-01,2026-12-31,20260105,dc_member,BK0683.DC,央国企改革,概念板块,,688629.SH,华丰科技,20260105
2026-07-07T06:52:29Z,2026,2026-01-01,2026-12-31,20260105,dc_member,BK0683.DC,央国企改革,概念板块,,002659.SZ,凯文教育,20260105
2026-07-07T06:52:29Z,2026,2026-01-01,2026-12-31,20260105,dc_member,BK0683.DC,央国企改革,概念板块,,300134.SZ,大富科技,20260105
2026-07-07T06:52:29Z,2026,2026-01-01,2026-12-31,20260105,dc_member,BK0683.DC,央国企改革,概念板块,,601899.SH,紫金矿业,20260105
2026-07-07T06:52:29Z,2026,2026-01-01,2026-12-31,20260105,dc_member,BK0683.DC,央国企改革,概念板块,,600126.SH,杭钢股份,20260105
2026-07-07T06:52:29Z,2026,2026-01-01,2026-12-31,20260105,dc_member,BK0683.DC,央国企改革,概念板块,,601019.SH,山东出版,20260105
2026-07-07T06:52:29Z,2026,2026-01-01,2026-12-31,20260105,dc_member,BK0683.DC,央国企改革,概念板块,,000756.SZ,新华制药,20260105
2026-07-07T06:52:29Z,2026,2026-01-01,2026-12-31,20260105,dc_member,BK0683.DC,央国企改革,概念板块,,300530.SZ,领湃科技,20260105
2026-07-07T06:52:29Z,2026,2026-01-01,2026-12-31,20260105,dc_member,BK0683.DC,央国企改革,概念板块,,000813.SZ,德展健康,20260105
2026-07-07T06:52:29Z,2026,2026-01-01,2026-12-31,20260105,dc_member,BK0683.DC,央国企改革,概念板块,,600171.SH,上海贝岭,20260105
2026-07-07T06:52:29Z,2026,2026-01-01,2026-12-31,20260105,dc_member,BK0683.DC,央国企改革,概念板块,,688128.SH,中国电研,20260105
2026-07-07T06:52:29Z,2026,2026-01-01,2026-12-31,20260105,dc_member,BK0683.DC,央国企改革,概念板块,,000950.SZ,重药控股,20260105
2026-07-07T06:52:29Z,2026,2026-01-01,2026-12-31,20260105,dc_member,BK0683.DC,央国企改革,概念板块,,603078.SH,江化微,20260105
2026-07-07T06:52:29Z,2026,2026-01-01,2026-12-31,20260105,dc_member,BK0683.DC,央国企改革,概念板块,,600268.SH,国电南自,20260105
2026-07-07T06:52:29Z,2026,2026-01-01,2026-12-31,20260105,dc_member,BK0683.DC,央国企改革,概念板块,,600262.SH,北方股份,20260105
2026-07-07T06:52:29Z,2026,2026-01-01,2026-12-31,20260105,dc_member,BK0683.DC,央国企改革,概念板块,,301526.SZ,国际复材,20260105
2026-07-07T06:52:29Z,2026,2026-01-01,2026-12-31,20260105,dc_member,BK0683.DC,央国企改革,概念板块,,600633.SH,浙数文化,20260105
2026-07-07T06:52:29Z,2026,2026-01-01,2026-12-31,20260105,dc_member,BK0683.DC,央国企改革,概念板块,,300183.SZ,东软载波,20260105
2026-07-07T06:52:29Z,2026,2026-01-01,2026-12-31,20260105,dc_member,BK0683.DC,央国企改革,概念板块,,002312.SZ,川发龙蟒,20260105
2026-07-07T06:52:29Z,2026,2026-01-01,2026-12-31,20260105,dc_member,BK0683.DC,央国企改革,概念板块,,688297.SH,中无人机,20260105
2026-07-07T06:52:29Z,2026,2026-01-01,2026-12-31,20260105,dc_member,BK0683.DC,央国企改革,概念板块,,300396.SZ,迪瑞医疗,20260105
2026-07-07T06:52:29Z,2026,2026-01-01,2026-12-31,20260105,dc_member,BK0683.DC,央国企改革,概念板块,,002313.SZ,日海智能,20260105
2026-07-07T06:52:29Z,2026,2026-01-01,2026-12-31,20260105,dc_member,BK0683.DC,央国企改革,概念板块,,300110.SZ,华仁药业,20260105
2026-07-07T06:52:29Z,2026,2026-01-01,2026-12-31,20260105,dc_member,BK0683.DC,央国企改革,概念板块,,300006.SZ,莱美药业,20260105
2026-07-07T06:52:29Z,2026,2026-01-01,2026-12-31,20260105,dc_member,BK0683.DC,央国企改革,概念板块,,603019.SH,中科曙光,20260105
2026-07-07T06:52:29Z,2026,2026-01-01,2026-12-31,20260105,dc_member,BK0683.DC,央国企改革,概念板块,,920808.BJ,曙光数创,20260105
2026-07-07T06:52:29Z,2026,2026-01-01,2026-12-31,20260105,dc_member,BK0683.DC,央国企改革,概念板块,,000156.SZ,华数传媒,20260105
2026-07-07T06:52:29Z,2026,2026-01-01,2026-12-31,20260105,dc_member,BK0683.DC,央国企改革,概念板块,,300341.SZ,麦克奥迪,20260105
2026-07-07T06:52:29Z,2026,2026-01-01,2026-12-31,20260105,dc_member,BK0683.DC,央国企改革,概念板块,,000680.SZ,山推股份,20260105
2026-07-07T06:52:29Z,2026,2026-01-01,2026-12-31,20260105,dc_member,BK0683.DC,央国企改革,概念板块,,600979.SH,广安爱众,20260105
2026-07-07T06:52:29Z,2026,2026-01-01,2026-12-31,20260105,dc_member,BK0683.DC,央国企改革,概念板块,,002112.SZ,三变科技,20260105
2026-07-07T06:52:29Z,2026,2026-01-01,2026-12-31,20260105,dc_member,BK0683.DC,央国企改革,概念板块,,000031.SZ,大悦城,20260105
2026-07-07T06:52:29Z,2026,2026-01-01,2026-12-31,20260105,dc_member,BK0683.DC,央国企改革,概念板块,,600461.SH,洪城环境,20260105
2026-07-07T06:52:29Z,2026,2026-01-01,2026-12-31,20260105,dc_member,BK0683.DC,央国企改革,概念板块,,000885.SZ,城发环境,20260105
2026-07-07T06:52:29Z,2026,2026-01-01,2026-12-31,20260105,dc_member,BK0683.DC,央国企改革,概念板块,,920077.BJ,吉林碳谷,20260105
2026-07-07T06:52:29Z,2026,2026-01-01,2026-12-31,20260105,dc_member,BK0683.DC,央国企改革,概念板块,,300426.SZ,华智数媒,20260105
2026-07-07T06:52:29Z,2026,2026-01-01,2026-12-31,20260105,dc_member,BK0683.DC,央国企改革,概念板块,,002430.SZ,杭氧股份,20260105
2026-07-07T06:52:29Z,2026,2026-01-01,2026-12-31,20260105,dc_member,BK0683.DC,央国企改革,概念板块,,600506.SH,统一股份,20260105
2026-07-07T06:52:29Z,2026,2026-01-01,2026-12-31,20260105,dc_member,BK0683.DC,央国企改革,概念板块,,000823.SZ,超声电子,20260105
2026-07-07T06:52:29Z,2026,2026-01-01,2026-12-31,20260105,dc_member,BK0683.DC,央国企改革,概念板块,,000661.SZ,长春高新,20260105
2026-07-07T06:52:29Z,2026,2026-01-01,2026-12-31,20260105,dc_member,BK0683.DC,央国企改革,概念板块,,600206.SH,有研新材,20260105
2026-07-07T06:52:29Z,2026,2026-01-01,2026-12-31,20260105,dc_member,BK0683.DC,央国企改革,概念板块,,000099.SZ,中信海直,20260105
2026-07-07T06:52:29Z,2026,2026-01-01,2026-12-31,20260105,dc_member,BK0683.DC,央国企改革,概念板块,,002880.SZ,卫光生物,20260105
2026-07-07T06:52:29Z,2026,2026-01-01,2026-12-31,20260105,dc_member,BK0683.DC,央国企改革,概念板块,,600831.SH,广电网络,20260105
2026-07-07T06:52:29Z,2026,2026-01-01,2026-12-31,20260105,dc_member,BK0683.DC,央国企改革,概念板块,,688631.SH,莱斯信息,20260105
2026-07-07T06:52:29Z,2026,2026-01-01,2026-12-31,20260105,dc_member,BK0683.DC,央国企改革,概念板块,,601958.SH,金钼股份,20260105
2026-07-07T06:52:29Z,2026,2026-01-01,2026-12-31,20260105,dc_member,BK0683.DC,央国企改革,概念板块,,003031.SZ,中瓷电子,20260105
2026-07-07T06:52:29Z,2026,2026-01-01,2026-12-31,20260105,dc_member,BK0683.DC,央国企改革,概念板块,,603000.SH,人民网,20260105
2026-07-07T06:52:29Z,2026,2026-01-01,2026-12-31,20260105,dc_member,BK0683.DC,央国企改革,概念板块,,600961.SH,株冶集团,20260105
2026-07-07T06:52:29Z,2026,2026-01-01,2026-12-31,20260105,dc_member,BK0683.DC,央国企改革,概念板块,,600272.SH,开开实业,20260105
2026-07-07T06:52:29Z,2026,2026-01-01,2026-12-31,20260105,dc_member,BK0683.DC,央国企改革,概念板块,,600999.SH,招商证券,20260105
2026-07-07T06:52:29Z,2026,2026-01-01,2026-12-31,20260105,dc_member,BK0683.DC,央国企改革,概念板块,,600237.SH,铜峰电子,20260105
2026-07-07T06:52:29Z,2026,2026-01-01,2026-12-31,20260105,dc_member,BK0683.DC,央国企改革,概念板块,,600176.SH,中国巨石,20260105
2026-07-07T06:52:29Z,2026,2026-01-01,2026-12-31,20260105,dc_member,BK0683.DC,央国企改革,概念板块,,002712.SZ,思美传媒,20260105
2026-07-07T06:52:29Z,2026,2026-01-01,2026-12-31,20260105,dc_member,BK0683.DC,央国企改革,概念板块,,600517.SH,国网英大,20260105
2026-07-07T06:52:29Z,2026,2026-01-01,2026-12-31,20260105,dc_member,BK0683.DC,央国企改革,概念板块,,000655.SZ,金岭矿业,20260105
2026-07-07T06:52:29Z,2026,2026-01-01,2026-12-31,20260105,dc_member,BK0683.DC,央国企改革,概念板块,,603712.SH,七一二,20260105
2026-07-07T06:52:29Z,2026,2026-01-01,2026-12-31,20260105,dc_member,BK0683.DC,央国企改革,概念板块,,300319.SZ,麦捷科技,20260105
2026-07-07T06:52:29Z,2026,2026-01-01,2026-12-31,20260105,dc_member,BK0683.DC,央国企改革,概念板块,,300024.SZ,机器人,20260105
2026-07-07T06:52:29Z,2026,2026-01-01,2026-12-31,20260105,dc_member,BK0683.DC,央国企改革,概念板块,,688285.SH,高铁电气,20260105
2026-07-07T06:52:29Z,2026,2026-01-01,2026-12-31,20260105,dc_member,BK0683.DC,央国企改革,概念板块,,300557.SZ,理工光科,20260105
2026-07-07T06:52:29Z,2026,2026-01-01,2026-12-31,20260105,dc_member,BK0683.DC,央国企改革,概念板块,,600549.SH,厦门钨业,20260105
2026-07-07T06:52:29Z,2026,2026-01-01,2026-12-31,20260105,dc_member,BK0683.DC,央国企改革,概念板块,,000682.SZ,东方电子,20260105
2026-07-07T06:52:29Z,2026,2026-01-01,2026-12-31,20260105,dc_member,BK0683.DC,央国企改革,概念板块,,300917.SZ,特发服务,20260105
2026-07-07T06:52:29Z,2026,2026-01-01,2026-12-31,20260105,dc_member,BK0683.DC,央国企改革,概念板块,,920946.BJ,森萱医药,20260105
2026-07-07T06:52:29Z,2026,2026-01-01,2026-12-31,20260105,dc_member,BK0683.DC,央国企改革,概念板块,,600807.SH,济高发展,20260105
2026-07-07T06:52:29Z,2026,2026-01-01,2026-12-31,20260105,dc_member,BK0683.DC,央国企改革,概念板块,,300026.SZ,红日药业,20260105
2026-07-07T06:52:29Z,2026,2026-01-01,2026-12-31,20260105,dc_member,BK0683.DC,央国企改革,概念板块,,000968.SZ,蓝焰控股,20260105
2026-07-07T06:52:29Z,2026,2026-01-01,2026-12-31,20260105,dc_member,BK0683.DC,央国企改革,概念板块,,600624.SH,ST复华,20260105
2026-07-07T06:52:29Z,2026,2026-01-01,2026-12-31,20260105,dc_member,BK0683.DC,央国企改革,概念板块,,603230.SH,内蒙新华,20260105
2026-07-07T06:52:29Z,2026,2026-01-01,2026-12-31,20260105,dc_member,BK0683.DC,央国企改革,概念板块,,600079.SH,ST人福,20260105
2026-07-07T06:52:29Z,2026,2026-01-01,2026-12-31,20260105,dc_member,BK0683.DC,央国企改革,概念板块,,000422.SZ,湖北宜化,20260105
2026-07-07T06:52:29Z,2026,2026-01-01,2026-12-31,20260105,dc_member,BK0683.DC,央国企改革,概念板块,,000628.SZ,高新发展,20260105
2026-07-07T06:52:29Z,2026,2026-01-01,2026-12-31,20260105,dc_member,BK0683.DC,央国企改革,概念板块,,601900.SH,南方传媒,20260105
2026-07-07T06:52:29Z,2026,2026-01-01,2026-12-31,20260105,dc_member,BK0683.DC,央国企改革,概念板块,,600764.SH,中国海防,20260105
2026-07-07T06:52:29Z,2026,2026-01-01,2026-12-31,20260105,dc_member,BK0683.DC,央国企改革,概念板块,,002777.SZ,久远银海,20260105
2026-07-07T06:52:29Z,2026,2026-01-01,2026-12-31,20260105,dc_member,BK0683.DC,央国企改革,概念板块,,688550.SH,瑞联新材,20260105
2026-07-07T06:52:29Z,2026,2026-01-01,2026-12-31,20260105,dc_member,BK0683.DC,央国企改革,概念板块,,600551.SH,时代出版,20260105
2026-07-07T06:52:29Z,2026,2026-01-01,2026-12-31,20260105,dc_member,BK0683.DC,央国企改革,概念板块,,000070.SZ,特发信息,20260105
2026-07-07T06:52:29Z,2026,2026-01-01,2026-12-31,20260105,dc_member,BK0683.DC,央国企改革,概念板块,,000777.SZ,中核科技,20260105
2026-07-07T06:52:29Z,2026,2026-01-01,2026-12-31,20260105,dc_member,BK0683.DC,央国企改革,概念板块,,600967.SH,内蒙一机,20260105
2026-07-07T06:52:29Z,2026,2026-01-01,2026-12-31,20260105,dc_member,BK0683.DC,央国企改革,概念板块,,000525.SZ,红太阳,20260105
2026-07-07T06:52:29Z,2026,2026-01-01,2026-12-31,20260105,dc_member,BK0683.DC,央国企改革,概念板块,,002439.SZ,启明星辰,20260105
2026-07-07T06:52:29Z,2026,2026-01-01,2026-12-31,20260105,dc_member,BK0683.DC,央国企改革,概念板块,,600562.SH,国睿科技,20260105
2026-07-07T06:52:29Z,2026,2026-01-01,2026-12-31,20260105,dc_member,BK0683.DC,央国企改革,概念板块,,603328.SH,依顿电子,20260105
2026-07-07T06:52:29Z,2026,2026-01-01,2026-12-31,20260105,dc_member,BK0683.DC,央国企改革,概念板块,,000799.SZ,酒鬼酒,20260105
2026-07-07T06:52:29Z,2026,2026-01-01,2026-12-31,20260105,dc_member,BK0683.DC,央国企改革,概念板块,,600756.SH,浪潮软件,20260105
2026-07-07T06:52:29Z,2026,2026-01-01,2026-12-31,20260105,dc_member,BK0683.DC,央国企改革,概念板块,,000543.SZ,皖能电力,20260105
2026-07-07T06:52:29Z,2026,2026-01-01,2026-12-31,20260105,dc_member,BK0683.DC,央国企改革,概念板块,,002736.SZ,国信证券,20260105
2026-07-07T06:52:29Z,2026,2026-01-01,2026-12-31,20260105,dc_member,BK0683.DC,央国企改革,概念板块,,688579.SH,山大地纬,20260105
2026-07-07T06:52:29Z,2026,2026-01-01,2026-12-31,20260105,dc_member,BK0683.DC,央国企改革,概念板块,,300788.SZ,中信出版,20260105
2026-07-07T06:52:29Z,2026,2026-01-01,2026-12-31,20260105,dc_member,BK0683.DC,央国企改革,概念板块,,600172.SH,黄河旋风,20260105
2026-07-07T06:52:29Z,2026,2026-01-01,2026-12-31,20260105,dc_member,BK0683.DC,央国企改革,概念板块,,600010.SH,包钢股份,20260105
2026-07-07T06:52:29Z,2026,2026-01-01,2026-12-31,20260105,dc_member,BK0683.DC,央国企改革,概念板块,,000733.SZ,振华科技,20260105
2026-07-07T06:52:29Z,2026,2026-01-01,2026-12-31,20260105,dc_member,BK0683.DC,央国企改革,概念板块,,000985.SZ,大庆华科,20260105
2026-07-07T06:52:29Z,2026,2026-01-01,2026-12-31,20260105,dc_member,BK0683.DC,央国企改革,概念板块,,600416.SH,湘电股份,20260105
2026-07-07T06:52:29Z,2026,2026-01-01,2026-12-31,20260105,dc_member,BK0683.DC,央国企改革,概念板块,,300457.SZ,赢合科技,20260105
2026-07-07T06:52:29Z,2026,2026-01-01,2026-12-31,20260105,dc_member,BK0683.DC,央国企改革,概念板块,,000697.SZ,ST炼石,20260105
2026-07-07T06:52:29Z,2026,2026-01-01,2026-12-31,20260105,dc_member,BK0683.DC,央国企改革,概念板块,,688334.SH,西高院,20260105
2026-07-07T06:52:29Z,2026,2026-01-01,2026-12-31,20260105,dc_member,BK0683.DC,央国企改革,概念板块,,300188.SZ,国投智能,20260105
2026-07-07T06:52:29Z,2026,2026-01-01,2026-12-31,20260105,dc_member,BK0683.DC,央国企改革,概念板块,,601001.SH,晋控煤业,20260105
2026-07-07T06:52:29Z,2026,2026-01-01,2026-12-31,20260105,dc_member,BK0683.DC,央国企改革,概念板块,,000969.SZ,安泰科技,20260105
2026-07-07T06:52:29Z,2026,2026-01-01,2026-12-31,20260105,dc_member,BK0683.DC,央国企改革,概念板块,,300368.SZ,汇金股份,20260105
2026-07-07T06:52:29Z,2026,2026-01-01,2026-12-31,20260105,dc_member,BK0683.DC,央国企改革,概念板块,,600455.SH,博通股份,20260105
2026-07-07T06:52:29Z,2026,2026-01-01,2026-12-31,20260105,dc_member,BK0683.DC,央国企改革,概念板块,,601881.SH,中国银河,20260105
2026-07-07T06:52:29Z,2026,2026-01-01,2026-12-31,20260105,dc_member,BK0683.DC,央国企改革,概念板块,,000596.SZ,古井贡酒,20260105
2026-07-07T06:52:29Z,2026,2026-01-01,2026-12-31,20260105,dc_member,BK0683.DC,央国企改革,概念板块,,600879.SH,航天电子,20260105
2026-07-07T06:52:29Z,2026,2026-01-01,2026-12-31,20260105,dc_member,BK0683.DC,央国企改革,概念板块,,600360.SH,*ST华微,20260105
2026-07-07T06:52:29Z,2026,2026-01-01,2026-12-31,20260105,dc_member,BK0683.DC,央国企改革,概念板块,,000768.SZ,中航西飞,20260105
2026-07-07T06:52:29Z,2026,2026-01-01,2026-12-31,20260105,dc_member,BK0683.DC,央国企改革,概念板块,,688352.SH,颀中科技,20260105
2026-07-07T06:52:29Z,2026,2026-01-01,2026-12-31,20260105,dc_member,BK0683.DC,央国企改革,概念板块,,000880.SZ,潍柴重机,20260105
2026-07-07T06:52:29Z,2026,2026-01-01,2026-12-31,20260105,dc_member,BK0683.DC,央国企改革,概念板块,,600222.SH,太龙药业,20260105
2026-07-07T06:52:29Z,2026,2026-01-01,2026-12-31,20260105,dc_member,BK0683.DC,央国企改革,概念板块,,300987.SZ,川网传媒,20260105
2026-07-07T06:52:29Z,2026,2026-01-01,2026-12-31,20260105,dc_member,BK0683.DC,央国企改革,概念板块,,600161.SH,天坛生物,20260105
2026-07-07T06:52:29Z,2026,2026-01-01,2026-12-31,20260105,dc_member,BK0683.DC,央国企改革,概念板块,,600529.SH,山东药玻,20260105
2026-07-07T06:52:29Z,2026,2026-01-01,2026-12-31,20260105,dc_member,BK0683.DC,央国企改革,概念板块,,688396.SH,华润微,20260105
2026-07-07T06:52:29Z,2026,2026-01-01,2026-12-31,20260105,dc_member,BK0683.DC,央国企改革,概念板块,,688055.SH,龙腾光电,20260105
2026-07-07T06:52:29Z,2026,2026-01-01,2026-12-31,20260105,dc_member,BK0683.DC,央国企改革,概念板块,,000837.SZ,秦川机床,20260105
2026-07-07T06:52:29Z,2026,2026-01-01,2026-12-31,20260105,dc_member,BK0683.DC,央国企改革,概念板块,,600129.SH,太极集团,20260105
2026-07-07T06:52:29Z,2026,2026-01-01,2026-12-31,20260105,dc_member,BK0683.DC,央国企改革,概念板块,,601858.SH,中国科传,20260105
2026-07-07T06:52:29Z,2026,2026-01-01,2026-12-31,20260105,dc_member,BK0683.DC,央国企改革,概念板块,,000607.SZ,华媒控股,20260105
2026-07-07T06:52:29Z,2026,2026-01-01,2026-12-31,20260105,dc_member,BK0683.DC,央国企改革,概念板块,,000977.SZ,浪潮信息,20260105
2026-07-07T06:52:29Z,2026,2026-01-01,2026-12-31,20260105,dc_member,BK0683.DC,央国企改革,概念板块,,600131.SH,国网信通,20260105
2026-07-07T06:52:29Z,2026,2026-01-01,2026-12-31,20260105,dc_member,BK0683.DC,央国企改革,概念板块,,600909.SH,华安证券,20260105
2026-07-07T06:52:29Z,2026,2026-01-01,2026-12-31,20260105,dc_member,BK0683.DC,央国企改革,概念板块,,300962.SZ,中金辐照,20260105
2026-07-07T06:52:29Z,2026,2026-01-01,2026-12-31,20260105,dc_member,BK0683.DC,央国企改革,概念板块,,600663.SH,陆家嘴,20260105
2026-07-07T06:52:29Z,2026,2026-01-01,2026-12-31,20260105,dc_member,BK0683.DC,央国企改革,概念板块,,000090.SZ,天健集团,20260105
2026-07-07T06:52:29Z,2026,2026-01-01,2026-12-31,20260105,dc_member,BK0683.DC,央国企改革,概念板块,,000815.SZ,美利云,20260105
2026-07-07T06:52:29Z,2026,2026-01-01,2026-12-31,20260105,dc_member,BK0683.DC,央国企改革,概念板块,,600744.SH,华银电力,20260105
2026-07-07T06:52:29Z,2026,2026-01-01,2026-12-31,20260105,dc_member,BK0683.DC,央国企改革,概念板块,,688190.SH,云路股份,20260105
2026-07-07T06:52:29Z,2026,2026-01-01,2026-12-31,20260105,dc_member,BK0683.DC,央国企改革,概念板块,,300402.SZ,宝色股份,20260105
2026-07-07T06:52:29Z,2026,2026-01-01,2026-12-31,20260105,dc_member,BK0683.DC,央国企改革,概念板块,,000858.SZ,五 粮 液,20260105
2026-07-07T06:52:29Z,2026,2026-01-01,2026-12-31,20260105,dc_member,BK0683.DC,央国企改革,概念板块,,000403.SZ,派林生物,20260105
2026-07-07T06:52:29Z,2026,2026-01-01,2026-12-31,20260105,dc_member,BK0683.DC,央国企改革,概念板块,,000553.SZ,安道麦A,20260105
2026-07-07T06:52:29Z,2026,2026-01-01,2026-12-31,20260105,dc_member,BK0683.DC,央国企改革,概念板块,,300076.SZ,GQY视讯,20260105
2026-07-07T06:52:29Z,2026,2026-01-01,2026-12-31,20260105,dc_member,BK0683.DC,央国企改革,概念板块,,300770.SZ,新媒股份,20260105
2026-07-07T06:52:29Z,2026,2026-01-01,2026-12-31,20260105,dc_member,BK0683.DC,央国企改革,概念板块,,002349.SZ,精华制药,20260105
2026-07-07T06:52:29Z,2026,2026-01-01,2026-12-31,20260105,dc_member,BK0683.DC,央国企改革,概念板块,,603023.SH,威帝股份,20260105
2026-07-07T06:52:29Z,2026,2026-01-01,2026-12-31,20260105,dc_member,BK0683.DC,央国企改革,概念板块,,601811.SH,新华文轩,20260105
2026-07-07T06:52:29Z,2026,2026-01-01,2026-12-31,20260105,dc_member,BK0683.DC,央国企改革,概念板块,,600378.SH,昊华科技,20260105
2026-07-07T06:52:29Z,2026,2026-01-01,2026-12-31,20260105,dc_member,BK0683.DC,央国企改革,概念板块,,603927.SH,中科软,20260105
2026-07-07T06:52:29Z,2026,2026-01-01,2026-12-31,20260105,dc_member,BK0683.DC,央国企改革,概念板块,,600418.SH,江淮汽车,20260105
2026-07-07T06:52:29Z,2026,2026-01-01,2026-12-31,20260105,dc_member,BK0683.DC,央国企改革,概念板块,,600650.SH,锦江在线,20260105
2026-07-07T06:52:29Z,2026,2026-01-01,2026-12-31,20260105,dc_member,BK0683.DC,央国企改革,概念板块,,688425.SH,铁建重工,20260105
2026-07-07T06:52:29Z,2026,2026-01-01,2026-12-31,20260105,dc_member,BK0683.DC,央国企改革,概念板块,,600889.SH,南京化纤,20260105
2026-07-07T06:52:29Z,2026,2026-01-01,2026-12-31,20260105,dc_member,BK0683.DC,央国企改革,概念板块,,600392.SH,盛和资源,20260105
2026-07-07T06:52:29Z,2026,2026-01-01,2026-12-31,20260105,dc_member,BK0683.DC,央国企改革,概念板块,,002222.SZ,福晶科技,20260105
2026-07-07T06:52:29Z,2026,2026-01-01,2026-12-31,20260105,dc_member,BK0683.DC,央国企改革,概念板块,,002297.SZ,博云新材,20260105
2026-07-07T06:52:29Z,2026,2026-01-01,2026-12-31,20260105,dc_member,BK0683.DC,央国企改革,概念板块,,603327.SH,福蓉科技,20260105
2026-07-07T06:52:29Z,2026,2026-01-01,2026-12-31,20260105,dc_member,BK0683.DC,央国企改革,概念板块,,601999.SH,出版传媒,20260105
2026-07-07T06:52:29Z,2026,2026-01-01,2026-12-31,20260105,dc_member,BK0683.DC,央国企改革,概念板块,,600657.SH,信达地产,20260105
2026-07-07T06:52:29Z,2026,2026-01-01,2026-12-31,20260105,dc_member,BK0683.DC,央国企改革,概念板块,,300072.SZ,海新能科,20260105
2026-07-07T06:52:29Z,2026,2026-01-01,2026-12-31,20260105,dc_member,BK0683.DC,央国企改革,概念板块,,302132.SZ,中航成飞,20260105
2026-07-07T06:52:29Z,2026,2026-01-01,2026-12-31,20260105,dc_member,BK0683.DC,央国企改革,概念板块,,600113.SH,浙江东日,20260105
2026-07-07T06:52:29Z,2026,2026-01-01,2026-12-31,20260105,dc_member,BK0683.DC,央国企改革,概念板块,,300828.SZ,锐新科技,20260105
2026-07-07T06:52:29Z,2026,2026-01-01,2026-12-31,20260105,dc_member,BK0683.DC,央国企改革,概念板块,,001287.SZ,中电港,20260105
2026-07-07T06:52:29Z,2026,2026-01-01,2026-12-31,20260105,dc_member,BK0683.DC,央国企改革,概念板块,,601991.SH,大唐发电,20260105
2026-07-07T06:52:29Z,2026,2026-01-01,2026-12-31,20260105,dc_member,BK0683.DC,央国企改革,概念板块,,601236.SH,红塔证券,20260105
2026-07-07T06:52:29Z,2026,2026-01-01,2026-12-31,20260105,dc_member,BK0683.DC,央国企改革,概念板块,,002423.SZ,中粮资本,20260105
2026-07-07T06:52:29Z,2026,2026-01-01,2026-12-31,20260105,dc_member,BK0683.DC,央国企改革,概念板块,,000060.SZ,中金岭南,20260105
2026-07-07T06:52:29Z,2026,2026-01-01,2026-12-31,20260105,dc_member,BK0683.DC,央国企改革,概念板块,,301508.SZ,中机认检,20260105
2026-07-07T06:52:29Z,2026,2026-01-01,2026-12-31,20260105,dc_member,BK0683.DC,央国企改革,概念板块,,300510.SZ,金冠股份,20260105
2026-07-07T06:52:29Z,2026,2026-01-01,2026-12-31,20260105,dc_member,BK0683.DC,央国企改革,概念板块,,600918.SH,中泰证券,20260105
2026-07-07T06:52:29Z,2026,2026-01-01,2026-12-31,20260105,dc_member,BK0683.DC,央国企改革,概念板块,,301175.SZ,中科环保,20260105
2026-07-07T06:52:29Z,2026,2026-01-01,2026-12-31,20260105,dc_member,BK0683.DC,央国企改革,概念板块,,300534.SZ,陇神戎发,20260105
2026-07-07T06:52:29Z,2026,2026-01-01,2026-12-31,20260105,dc_member,BK0683.DC,央国企改革,概念板块,,600722.SH,金牛化工,20260105
2026-07-07T06:52:29Z,2026,2026-01-01,2026-12-31,20260105,dc_member,BK0683.DC,央国企改革,概念板块,,301091.SZ,深城交,20260105
2026-07-07T06:52:29Z,2026,2026-01-01,2026-12-31,20260105,dc_member,BK0683.DC,央国企改革,概念板块,,600761.SH,安徽合力,20260105
2026-07-07T06:52:29Z,2026,2026-01-01,2026-12-31,20260105,dc_member,BK0683.DC,央国企改革,概念板块,,001280.SZ,中国铀业,20260105
2026-07-07T06:52:29Z,2026,2026-01-01,2026-12-31,20260105,dc_member,BK0683.DC,央国企改革,概念板块,,600640.SH,国脉文化,20260105
2026-07-07T06:52:29Z,2026,2026-01-01,2026-12-31,20260105,dc_member,BK0683.DC,央国企改革,概念板块,,002500.SZ,山西证券,20260105
2026-07-07T06:52:29Z,2026,2026-01-01,2026-12-31,20260105,dc_member,BK0683.DC,央国企改革,概念板块,,600630.SH,龙头股份,20260105
2026-07-07T06:52:29Z,2026,2026-01-01,2026-12-31,20260105,dc_member,BK0683.DC,央国企改革,概念板块,,600789.SH,鲁抗医药,20260105
2026-07-07T06:52:29Z,2026,2026-01-01,2026-12-31,20260105,dc_member,BK0683.DC,央国企改革,概念板块,,601975.SH,招商南油,20260105
2026-07-07T06:52:29Z,2026,2026-01-01,2026-12-31,20260105,dc_member,BK0683.DC,央国企改革,概念板块,,601555.SH,东吴证券,20260105
2026-07-07T06:52:29Z,2026,2026-01-01,2026-12-31,20260105,dc_member,BK0683.DC,央国企改革,概念板块,,002673.SZ,西部证券,20260105
2026-07-07T06:52:29Z,2026,2026-01-01,2026-12-31,20260105,dc_member,BK0683.DC,央国企改革,概念板块,,002063.SZ,远光软件,20260105
2026-07-07T06:52:29Z,2026,2026-01-01,2026-12-31,20260105,dc_member,BK0683.DC,央国企改革,概念板块,,600497.SH,驰宏锌锗,20260105
2026-07-07T06:52:29Z,2026,2026-01-01,2026-12-31,20260105,dc_member,BK0683.DC,央国企改革,概念板块,,300294.SZ,博雅生物,20260105
2026-07-07T06:52:29Z,2026,2026-01-01,2026-12-31,20260105,dc_member,BK0683.DC,央国企改革,概念板块,,601375.SH,中原证券,20260105
2026-07-07T06:52:29Z,2026,2026-01-01,2026-12-31,20260105,dc_member,BK0683.DC,央国企改革,概念板块,,000514.SZ,渝 开 发,20260105
2026-07-07T06:52:29Z,2026,2026-01-01,2026-12-31,20260105,dc_member,BK0683.DC,央国企改革,概念板块,,600153.SH,建发股份,20260105
2026-07-07T06:52:29Z,2026,2026-01-01,2026-12-31,20260105,dc_member,BK0683.DC,央国企改革,概念板块,,002644.SZ,佛慈制药,20260105
2026-07-07T06:52:29Z,2026,2026-01-01,2026-12-31,20260105,dc_member,BK0683.DC,央国企改革,概念板块,,000069.SZ,华侨城Ａ,20260105
2026-07-07T06:52:29Z,2026,2026-01-01,2026-12-31,20260105,dc_member,BK0683.DC,央国企改革,概念板块,,688648.SH,中邮科技,20260105
2026-07-07T06:52:29Z,2026,2026-01-01,2026-12-31,20260105,dc_member,BK0683.DC,央国企改革,概念板块,,000519.SZ,中兵红箭,20260105
2026-07-07T06:52:29Z,2026,2026-01-01,2026-12-31,20260105,dc_member,BK0683.DC,央国企改革,概念板块,,920402.BJ,硅烷科技,20260105
2026-07-07T06:52:29Z,2026,2026-01-01,2026-12-31,20260105,dc_member,BK0683.DC,央国企改革,概念板块,,600111.SH,北方稀土,20260105
2026-07-07T06:52:29Z,2026,2026-01-01,2026-12-31,20260105,dc_member,BK0683.DC,央国企改革,概念板块,,600458.SH,时代新材,20260105
2026-07-07T06:52:29Z,2026,2026-01-01,2026-12-31,20260105,dc_member,BK0683.DC,央国企改革,概念板块,,600509.SH,天富能源,20260105
2026-07-07T06:52:29Z,2026,2026-01-01,2026-12-31,20260105,dc_member,BK0683.DC,央国企改革,概念板块,,002182.SZ,宝武镁业,20260105
2026-07-07T06:52:29Z,2026,2026-01-01,2026-12-31,20260105,dc_member,BK0683.DC,央国企改革,概念板块,,000983.SZ,山西焦煤,20260105
2026-07-07T06:52:29Z,2026,2026-01-01,2026-12-31,20260105,dc_member,BK0683.DC,央国企改革,概念板块,,601168.SH,西部矿业,20260105
2026-07-07T06:52:29Z,2026,2026-01-01,2026-12-31,20260105,dc_member,BK0683.DC,央国企改革,概念板块,,688151.SH,华强科技,20260105
2026-07-07T06:52:29Z,2026,2026-01-01,2026-12-31,20260105,dc_member,BK0683.DC,央国企改革,概念板块,,600056.SH,中国医药,20260105
2026-07-07T06:52:29Z,2026,2026-01-01,2026-12-31,20260105,dc_member,BK0683.DC,央国企改革,概念板块,,002670.SZ,国盛证券,20260105
2026-07-07T06:52:29Z,2026,2026-01-01,2026-12-31,20260105,dc_member,BK0683.DC,央国企改革,概念板块,,300340.SZ,科恒股份,20260105
2026-07-07T06:52:29Z,2026,2026-01-01,2026-12-31,20260105,dc_member,BK0683.DC,央国企改革,概念板块,,000410.SZ,沈阳机床,20260105
2026-07-07T06:52:29Z,2026,2026-01-01,2026-12-31,20260105,dc_member,BK0683.DC,央国企改革,概念板块,,300370.SZ,安控科技,20260105
2026-07-07T06:52:29Z,2026,2026-01-01,2026-12-31,20260105,dc_member,BK0683.DC,央国企改革,概念板块,,000568.SZ,泸州老窖,20260105
2026-07-07T06:52:29Z,2026,2026-01-01,2026-12-31,20260105,dc_member,BK0683.DC,央国企改革,概念板块,,300958.SZ,建工修复,20260105
2026-07-07T06:52:29Z,2026,2026-01-01,2026-12-31,20260105,dc_member,BK0683.DC,央国企改革,概念板块,,600505.SH,西昌电力,20260105
2026-07-07T06:52:29Z,2026,2026-01-01,2026-12-31,20260105,dc_member,BK0683.DC,央国企改革,概念板块,,300422.SZ,博世科,20260105
2026-07-07T06:52:29Z,2026,2026-01-01,2026-12-31,20260105,dc_member,BK0683.DC,央国企改革,概念板块,,688269.SH,凯立新材,20260105
2026-07-07T06:52:29Z,2026,2026-01-01,2026-12-31,20260105,dc_member,BK0683.DC,央国企改革,概念板块,,600184.SH,光电股份,20260105
2026-07-07T06:52:29Z,2026,2026-01-01,2026-12-31,20260105,dc_member,BK0683.DC,央国企改革,概念板块,,603990.SH,麦迪科技,20260105
2026-07-07T06:52:29Z,2026,2026-01-01,2026-12-31,20260105,dc_member,BK0683.DC,央国企改革,概念板块,,603239.SH,浙江仙通,20260105
2026-07-07T06:52:29Z,2026,2026-01-01,2026-12-31,20260105,dc_member,BK0683.DC,央国企改革,概念板块,,600170.SH,上海建工,20260105
2026-07-07T06:52:29Z,2026,2026-01-01,2026-12-31,20260105,dc_member,BK0683.DC,央国企改革,概念板块,,688475.SH,萤石网络,20260105
2026-07-07T06:52:29Z,2026,2026-01-01,2026-12-31,20260105,dc_member,BK0683.DC,央国企改革,概念板块,,600452.SH,涪陵电力,20260105
2026-07-07T06:52:29Z,2026,2026-01-01,2026-12-31,20260105,dc_member,BK0683.DC,央国企改革,概念板块,,000025.SZ,特  力Ａ,20260105
2026-07-07T06:52:29Z,2026,2026-01-01,2026-12-31,20260105,dc_member,BK0683.DC,央国企改革,概念板块,,603126.SH,中材节能,20260105
2026-07-07T06:52:29Z,2026,2026-01-01,2026-12-31,20260105,dc_member,BK0683.DC,央国企改革,概念板块,,300527.SZ,ST应急,20260105
2026-07-07T06:52:29Z,2026,2026-01-01,2026-12-31,20260105,dc_member,BK0683.DC,央国企改革,概念板块,,601330.SH,绿色动力,20260105
2026-07-07T06:52:29Z,2026,2026-01-01,2026-12-31,20260105,dc_member,BK0683.DC,央国企改革,概念板块,,603107.SH,上海汽配,20260105
2026-07-07T06:52:29Z,2026,2026-01-01,2026-12-31,20260105,dc_member,BK0683.DC,央国企改革,概念板块,,300600.SZ,国瑞科技,20260105
2026-07-07T06:52:29Z,2026,2026-01-01,2026-12-31,20260105,dc_member,BK0683.DC,央国企改革,概念板块,,600675.SH,中华企业,20260105
2026-07-07T06:52:29Z,2026,2026-01-01,2026-12-31,20260105,dc_member,BK0683.DC,央国企改革,概念板块,,000045.SZ,深纺织Ａ,20260105
2026-07-07T06:52:29Z,2026,2026-01-01,2026-12-31,20260105,dc_member,BK0683.DC,央国企改革,概念板块,,002643.SZ,万润股份,20260105
2026-07-07T06:52:29Z,2026,2026-01-01,2026-12-31,20260105,dc_member,BK0683.DC,央国企改革,概念板块,,601766.SH,中国中车,20260105
2026-07-07T06:52:29Z,2026,2026-01-01,2026-12-31,20260105,dc_member,BK0683.DC,央国企改革,概念板块,,002722.SZ,物产金轮,20260105
2026-07-07T06:52:29Z,2026,2026-01-01,2026-12-31,20260105,dc_member,BK0683.DC,央国企改革,概念板块,,002389.SZ,航天彩虹,20260105
2026-07-07T06:52:29Z,2026,2026-01-01,2026-12-31,20260105,dc_member,BK0683.DC,央国企改革,概念板块,,000685.SZ,中山公用,20260105
2026-07-07T06:52:29Z,2026,2026-01-01,2026-12-31,20260105,dc_member,BK0683.DC,央国企改革,概念板块,,000066.SZ,中国长城,20260105
2026-07-07T06:52:29Z,2026,2026-01-01,2026-12-31,20260105,dc_member,BK0683.DC,央国企改革,概念板块,,600825.SH,新华传媒,20260105
2026-07-07T06:52:29Z,2026,2026-01-01,2026-12-31,20260105,dc_member,BK0683.DC,央国企改革,概念板块,,000402.SZ,金 融 街,20260105
2026-07-07T06:52:29Z,2026,2026-01-01,2026-12-31,20260105,dc_member,BK0683.DC,央国企改革,概念板块,,000721.SZ,西安饮食,20260105
2026-07-07T06:52:29Z,2026,2026-01-01,2026-12-31,20260105,dc_member,BK0683.DC,央国企改革,概念板块,,300831.SZ,派瑞股份,20260105
2026-07-07T06:52:29Z,2026,2026-01-01,2026-12-31,20260105,dc_member,BK0683.DC,央国企改革,概念板块,,600626.SH,申达股份,20260105
2026-07-07T06:52:29Z,2026,2026-01-01,2026-12-31,20260105,dc_member,BK0683.DC,央国企改革,概念板块,,000563.SZ,陕国投Ａ,20260105
2026-07-07T06:52:29Z,2026,2026-01-01,2026-12-31,20260105,dc_member,BK0683.DC,央国企改革,概念板块,,000719.SZ,中原传媒,20260105
2026-07-07T06:52:29Z,2026,2026-01-01,2026-12-31,20260105,dc_member,BK0683.DC,央国企改革,概念板块,,000833.SZ,粤桂股份,20260105
2026-07-07T06:52:29Z,2026,2026-01-01,2026-12-31,20260105,dc_member,BK0683.DC,央国企改革,概念板块,,000975.SZ,山金国际,20260105
2026-07-07T06:52:29Z,2026,2026-01-01,2026-12-31,20260105,dc_member,BK0683.DC,央国企改革,概念板块,,000705.SZ,浙江震元,20260105
2026-07-07T06:52:29Z,2026,2026-01-01,2026-12-31,20260105,dc_member,BK0683.DC,央国企改革,概念板块,,000960.SZ,锡业股份,20260105
2026-07-07T06:52:29Z,2026,2026-01-01,2026-12-31,20260105,dc_member,BK0683.DC,央国企改革,概念板块,,000536.SZ,华映科技,20260105
2026-07-07T06:52:29Z,2026,2026-01-01,2026-12-31,20260105,dc_member,BK0683.DC,央国企改革,概念板块,,600403.SH,大有能源,20260105
2026-07-07T06:52:29Z,2026,2026-01-01,2026-12-31,20260105,dc_member,BK0683.DC,央国企改革,概念板块,,300034.SZ,钢研高纳,20260105
2026-07-07T06:52:29Z,2026,2026-01-01,2026-12-31,20260105,dc_member,BK0683.DC,央国企改革,概念板块,,600623.SH,华谊集团,20260105
2026-07-07T06:52:29Z,2026,2026-01-01,2026-12-31,20260105,dc_member,BK0683.DC,央国企改革,概念板块,,600706.SH,曲江文旅,20260105
2026-07-07T06:52:29Z,2026,2026-01-01,2026-12-31,20260105,dc_member,BK0683.DC,央国企改革,概念板块,,600780.SH,通宝能源,20260105
2026-07-07T06:52:29Z,2026,2026-01-01,2026-12-31,20260105,dc_member,BK0683.DC,央国企改革,概念板块,,000016.SZ,深康佳Ａ,20260105
2026-07-07T06:52:29Z,2026,2026-01-01,2026-12-31,20260105,dc_member,BK0683.DC,央国企改革,概念板块,,601225.SH,陕西煤业,20260105
2026-07-07T06:52:29Z,2026,2026-01-01,2026-12-31,20260105,dc_member,BK0683.DC,央国企改革,概念板块,,301632.SZ,广东建科,20260105
2026-07-07T06:52:29Z,2026,2026-01-01,2026-12-31,20260105,dc_member,BK0683.DC,央国企改革,概念板块,,600396.SH,华电辽能,20260105
2026-07-07T06:52:29Z,2026,2026-01-01,2026-12-31,20260105,dc_member,BK0683.DC,央国企改革,概念板块,,600323.SH,瀚蓝环境,20260105
2026-07-07T06:52:29Z,2026,2026-01-01,2026-12-31,20260105,dc_member,BK0683.DC,央国企改革,概念板块,,000566.SZ,海南海药,20260105
2026-07-07T06:52:29Z,2026,2026-01-01,2026-12-31,20260105,dc_member,BK0683.DC,央国企改革,概念板块,,600249.SH,两面针,20260105
2026-07-07T06:52:29Z,2026,2026-01-01,2026-12-31,20260105,dc_member,BK0683.DC,央国企改革,概念板块,,600871.SH,石化油服,20260105
2026-07-07T06:52:29Z,2026,2026-01-01,2026-12-31,20260105,dc_member,BK0683.DC,央国企改革,概念板块,,600259.SH,中稀有色,20260105
2026-07-07T06:52:29Z,2026,2026-01-01,2026-12-31,20260105,dc_member,BK0683.DC,央国企改革,概念板块,,600420.SH,国药现代,20260105
2026-07-07T06:52:29Z,2026,2026-01-01,2026-12-31,20260105,dc_member,BK0683.DC,央国企改革,概念板块,,002304.SZ,洋河股份,20260105
2026-07-07T06:52:29Z,2026,2026-01-01,2026-12-31,20260105,dc_member,BK0683.DC,央国企改革,概念板块,,002401.SZ,中远海科,20260105
2026-07-07T06:52:29Z,2026,2026-01-01,2026-12-31,20260105,dc_member,BK0683.DC,央国企改革,概念板块,,600719.SH,大连热电,20260105
2026-07-07T06:52:29Z,2026,2026-01-01,2026-12-31,20260105,dc_member,BK0683.DC,央国企改革,概念板块,,002265.SZ,建设工业,20260105
2026-07-07T06:52:29Z,2026,2026-01-01,2026-12-31,20260105,dc_member,BK0683.DC,央国企改革,概念板块,,300323.SZ,华灿光电,20260105
2026-07-07T06:52:29Z,2026,2026-01-01,2026-12-31,20260105,dc_member,BK0683.DC,央国企改革,概念板块,,600593.SH,大连圣亚,20260105
2026-07-07T06:52:29Z,2026,2026-01-01,2026-12-31,20260105,dc_member,BK0683.DC,央国企改革,概念板块,,600758.SH,辽宁能源,20260105
2026-07-07T06:52:29Z,2026,2026-01-01,2026-12-31,20260105,dc_member,BK0683.DC,央国企改革,概念板块,,000158.SZ,常山北明,20260105
2026-07-07T06:52:29Z,2026,2026-01-01,2026-12-31,20260105,dc_member,BK0683.DC,央国企改革,概念板块,,002939.SZ,长城证券,20260105
2026-07-07T06:52:29Z,2026,2026-01-01,2026-12-31,20260105,dc_member,BK0683.DC,央国企改革,概念板块,,601788.SH,光大证券,20260105
2026-07-07T06:52:29Z,2026,2026-01-01,2026-12-31,20260105,dc_member,BK0683.DC,央国企改革,概念板块,,600062.SH,华润双鹤,20260105
2026-07-07T06:52:29Z,2026,2026-01-01,2026-12-31,20260105,dc_member,BK0683.DC,央国企改革,概念板块,,002967.SZ,广电计量,20260105
2026-07-07T06:52:29Z,2026,2026-01-01,2026-12-31,20260105,dc_member,BK0683.DC,央国企改革,概念板块,,600864.SH,哈投股份,20260105
2026-07-07T06:52:29Z,2026,2026-01-01,2026-12-31,20260105,dc_member,BK0683.DC,央国企改革,概念板块,,000801.SZ,四川九洲,20260105
2026-07-07T06:52:29Z,2026,2026-01-01,2026-12-31,20260105,dc_member,BK0683.DC,央国企改革,概念板块,,603053.SH,成都燃气,20260105
2026-07-07T06:52:29Z,2026,2026-01-01,2026-12-31,20260105,dc_member,BK0683.DC,央国企改革,概念板块,,300413.SZ,芒果超媒,20260105
2026-07-07T06:52:29Z,2026,2026-01-01,2026-12-31,20260105,dc_member,BK0683.DC,央国企改革,概念板块,,600874.SH,创业环保,20260105
2026-07-07T06:52:29Z,2026,2026-01-01,2026-12-31,20260105,dc_member,BK0683.DC,央国企改革,概念板块,,601568.SH,北元集团,20260105
2026-07-07T06:52:29Z,2026,2026-01-01,2026-12-31,20260105,dc_member,BK0683.DC,央国企改革,概念板块,,000779.SZ,甘咨询,20260105
2026-07-07T06:52:29Z,2026,2026-01-01,2026-12-31,20260105,dc_member,BK0683.DC,央国企改革,概念板块,,000537.SZ,绿发电力,20260105
2026-07-07T06:52:29Z,2026,2026-01-01,2026-12-31,20260105,dc_member,BK0683.DC,央国企改革,概念板块,,600369.SH,西南证券,20260105
2026-07-07T06:52:29Z,2026,2026-01-01,2026-12-31,20260105,dc_member,BK0683.DC,央国企改革,概念板块,,600008.SH,首创环保,20260105
2026-07-07T06:52:29Z,2026,2026-01-01,2026-12-31,20260105,dc_member,BK0683.DC,央国企改革,概念板块,,000404.SZ,长虹华意,20260105
2026-07-07T06:52:29Z,2026,2026-01-01,2026-12-31,20260105,dc_member,BK0683.DC,央国企改革,概念板块,,301165.SZ,锐捷网络,20260105
2026-07-07T06:52:29Z,2026,2026-01-01,2026-12-31,20260105,dc_member,BK0683.DC,央国企改革,概念板块,,000523.SZ,红棉股份,20260105
2026-07-07T06:52:29Z,2026,2026-01-01,2026-12-31,20260105,dc_member,BK0683.DC,央国企改革,概念板块,,000423.SZ,东阿阿胶,20260105
2026-07-07T06:52:29Z,2026,2026-01-01,2026-12-31,20260105,dc_member,BK0683.DC,央国企改革,概念板块,,601968.SH,宝钢包装,20260105
2026-07-07T06:52:29Z,2026,2026-01-01,2026-12-31,20260105,dc_member,BK0683.DC,央国企改革,概念板块,,003035.SZ,南网能源,20260105
2026-07-07T06:52:29Z,2026,2026-01-01,2026-12-31,20260105,dc_member,BK0683.DC,央国企改革,概念板块,,002368.SZ,太极股份,20260105
2026-07-07T06:52:29Z,2026,2026-01-01,2026-12-31,20260105,dc_member,BK0683.DC,央国企改革,概念板块,,920806.BJ,云星宇,20260105
2026-07-07T06:52:29Z,2026,2026-01-01,2026-12-31,20260105,dc_member,BK0683.DC,央国企改革,概念板块,,000736.SZ,*ST中地,20260105
2026-07-07T06:52:29Z,2026,2026-01-01,2026-12-31,20260105,dc_member,BK0683.DC,央国企改革,概念板块,,688570.SH,天玛智控,20260105
2026-07-07T06:52:29Z,2026,2026-01-01,2026-12-31,20260105,dc_member,BK0683.DC,央国企改革,概念板块,,300317.SZ,珈伟新能,20260105
2026-07-07T06:52:29Z,2026,2026-01-01,2026-12-31,20260105,dc_member,BK0683.DC,央国企改革,概念板块,,601827.SH,三峰环境,20260105
2026-07-07T06:52:29Z,2026,2026-01-01,2026-12-31,20260105,dc_member,BK0683.DC,央国企改革,概念板块,,000552.SZ,甘肃能化,20260105
2026-07-07T06:52:29Z,2026,2026-01-01,2026-12-31,20260105,dc_member,BK0683.DC,央国企改革,概念板块,,600208.SH,衢州发展,20260105
2026-07-07T06:52:29Z,2026,2026-01-01,2026-12-31,20260105,dc_member,BK0683.DC,央国企改革,概念板块,,600773.SH,西藏城投,20260105
2026-07-07T06:52:29Z,2026,2026-01-01,2026-12-31,20260105,dc_member,BK0683.DC,央国企改革,概念板块,,300385.SZ,雪浪环境,20260105
2026-07-07T06:52:29Z,2026,2026-01-01,2026-12-31,20260105,dc_member,BK0683.DC,央国企改革,概念板块,,002761.SZ,浙江建投,20260105
2026-07-07T06:52:29Z,2026,2026-01-01,2026-12-31,20260105,dc_member,BK0683.DC,央国企改革,概念板块,,920029.BJ,开发科技,20260105
2026-07-07T06:52:29Z,2026,2026-01-01,2026-12-31,20260105,dc_member,BK0683.DC,央国企改革,概念板块,,600583.SH,海油工程,20260105
2026-07-07T06:52:29Z,2026,2026-01-01,2026-12-31,20260105,dc_member,BK0683.DC,央国企改革,概念板块,,600617.SH,国新能源,20260105
2026-07-07T06:52:29Z,2026,2026-01-01,2026-12-31,20260105,dc_member,BK0683.DC,央国企改革,概念板块,,000722.SZ,湖南发展,20260105
2026-07-07T06:52:29Z,2026,2026-01-01,2026-12-31,20260105,dc_member,BK0683.DC,央国企改革,概念板块,,600448.SH,华纺股份,20260105
2026-07-07T06:52:29Z,2026,2026-01-01,2026-12-31,20260105,dc_member,BK0683.DC,央国企改革,概念板块,,600293.SH,三峡新材,20260105
2026-07-07T06:52:29Z,2026,2026-01-01,2026-12-31,20260105,dc_member,BK0683.DC,央国企改革,概念板块,,300284.SZ,苏交科,20260105
2026-07-07T06:52:29Z,2026,2026-01-01,2026-12-31,20260105,dc_member,BK0683.DC,央国企改革,概念板块,,600639.SH,浦东金桥,20260105
2026-07-07T06:52:29Z,2026,2026-01-01,2026-12-31,20260105,dc_member,BK0683.DC,央国企改革,概念板块,,000999.SZ,华润三九,20260105
2026-07-07T06:52:29Z,2026,2026-01-01,2026-12-31,20260105,dc_member,BK0683.DC,央国企改革,概念板块,,002941.SZ,新疆交建,20260105
2026-07-07T06:52:29Z,2026,2026-01-01,2026-12-31,20260105,dc_member,BK0683.DC,央国企改革,概念板块,,002281.SZ,光迅科技,20260105
2026-07-07T06:52:29Z,2026,2026-01-01,2026-12-31,20260105,dc_member,BK0683.DC,央国企改革,概念板块,,000409.SZ,云鼎科技,20260105
2026-07-07T06:52:29Z,2026,2026-01-01,2026-12-31,20260105,dc_member,BK0683.DC,央国企改革,概念板块,,000598.SZ,兴蓉环境,20260105
2026-07-07T06:52:29Z,2026,2026-01-01,2026-12-31,20260105,dc_member,BK0683.DC,央国企改革,概念板块,,600621.SH,华鑫股份,20260105
2026-07-07T06:52:29Z,2026,2026-01-01,2026-12-31,20260105,dc_member,BK0683.DC,央国企改革,概念板块,,300129.SZ,泰胜风能,20260105
2026-07-07T06:52:29Z,2026,2026-01-01,2026-12-31,20260105,dc_member,BK0683.DC,央国企改革,概念板块,,601949.SH,中国出版,20260105
2026-07-07T06:52:29Z,2026,2026-01-01,2026-12-31,20260105,dc_member,BK0683.DC,央国企改革,概念板块,,000958.SZ,电投产融,20260105
2026-07-07T06:52:29Z,2026,2026-01-01,2026-12-31,20260105,dc_member,BK0683.DC,央国企改革,概念板块,,002717.SZ,ST岭南,20260105
2026-07-07T06:52:29Z,2026,2026-01-01,2026-12-31,20260105,dc_member,BK0683.DC,央国企改革,概念板块,,000554.SZ,泰山石油,20260105
2026-07-07T06:52:29Z,2026,2026-01-01,2026-12-31,20260105,dc_member,BK0683.DC,央国企改革,概念板块,,301289.SZ,国缆检测,20260105
2026-07-07T06:52:29Z,2026,2026-01-01,2026-12-31,20260105,dc_member,BK0683.DC,央国企改革,概念板块,,300847.SZ,中船汉光,20260105
2026-07-07T06:52:29Z,2026,2026-01-01,2026-12-31,20260105,dc_member,BK0683.DC,央国企改革,概念板块,,000506.SZ,招金黄金,20260105
2026-07-07T06:52:29Z,2026,2026-01-01,2026-12-31,20260105,dc_member,BK0683.DC,央国企改革,概念板块,,002332.SZ,仙琚制药,20260105
2026-07-07T06:52:29Z,2026,2026-01-01,2026-12-31,20260105,dc_member,BK0683.DC,央国企改革,概念板块,,300569.SZ,天能重工,20260105
2026-07-07T06:52:29Z,2026,2026-01-01,2026-12-31,20260105,dc_member,BK0683.DC,央国企改革,概念板块,,002544.SZ,普天科技,20260105
2026-07-07T06:52:29Z,2026,2026-01-01,2026-12-31,20260105,dc_member,BK0683.DC,央国企改革,概念板块,,601801.SH,皖新传媒,20260105
2026-07-07T06:52:29Z,2026,2026-01-01,2026-12-31,20260105,dc_member,BK0683.DC,央国企改革,概念板块,,002190.SZ,成飞集成,20260105
2026-07-07T06:52:29Z,2026,2026-01-01,2026-12-31,20260105,dc_member,BK0683.DC,央国企改革,概念板块,,002642.SZ,荣联科技,20260105
2026-07-07T06:52:29Z,2026,2026-01-01,2026-12-31,20260105,dc_member,BK0683.DC,央国企改革,概念板块,,600072.SH,中船科技,20260105
2026-07-07T06:52:29Z,2026,2026-01-01,2026-12-31,20260105,dc_member,BK0683.DC,央国企改革,概念板块,,601162.SH,天风证券,20260105
2026-07-07T06:52:29Z,2026,2026-01-01,2026-12-31,20260105,dc_member,BK0683.DC,央国企改革,概念板块,,600425.SH,青松建化,20260105
2026-07-07T06:52:29Z,2026,2026-01-01,2026-12-31,20260105,dc_member,BK0683.DC,央国企改革,概念板块,,000786.SZ,北新建材,20260105
2026-07-07T06:52:29Z,2026,2026-01-01,2026-12-31,20260105,dc_member,BK0683.DC,央国企改革,概念板块,,600096.SH,云天化,20260105
2026-07-07T06:52:29Z,2026,2026-01-01,2026-12-31,20260105,dc_member,BK0683.DC,央国企改革,概念板块,,600101.SH,明星电力,20260105
2026-07-07T06:52:29Z,2026,2026-01-01,2026-12-31,20260105,dc_member,BK0683.DC,央国企改革,概念板块,,600608.SH,*ST沪科,20260105
2026-07-07T06:52:29Z,2026,2026-01-01,2026-12-31,20260105,dc_member,BK0683.DC,央国企改革,概念板块,,600136.SH,ST明诚,20260105
2026-07-07T06:52:29Z,2026,2026-01-01,2026-12-31,20260105,dc_member,BK0683.DC,央国企改革,概念板块,,000068.SZ,华控赛格,20260105
2026-07-07T06:52:29Z,2026,2026-01-01,2026-12-31,20260105,dc_member,BK0683.DC,央国企改革,概念板块,,000727.SZ,冠捷科技,20260105
2026-07-07T06:52:29Z,2026,2026-01-01,2026-12-31,20260105,dc_member,BK0683.DC,央国企改革,概念板块,,920001.BJ,纬达光电,20260105
2026-07-07T06:52:29Z,2026,2026-01-01,2026-12-31,20260105,dc_member,BK0683.DC,央国企改革,概念板块,,000528.SZ,柳    工,20260105
2026-07-07T06:52:29Z,2026,2026-01-01,2026-12-31,20260105,dc_member,BK0683.DC,央国企改革,概念板块,,000151.SZ,中成股份,20260105
2026-07-07T06:52:29Z,2026,2026-01-01,2026-12-31,20260105,dc_member,BK0683.DC,央国企改革,概念板块,,301311.SZ,昆船智能,20260105
2026-07-07T06:52:29Z,2026,2026-01-01,2026-12-31,20260105,dc_member,BK0683.DC,央国企改革,概念板块,,002189.SZ,中光学,20260105
2026-07-07T06:52:29Z,2026,2026-01-01,2026-12-31,20260105,dc_member,BK0683.DC,央国企改革,概念板块,,002775.SZ,文科股份,20260105
2026-07-07T06:52:29Z,2026,2026-01-01,2026-12-31,20260105,dc_member,BK0683.DC,央国企改革,概念板块,,600959.SH,江苏有线,20260105
2026-07-07T06:52:29Z,2026,2026-01-01,2026-12-31,20260105,dc_member,BK0683.DC,央国企改革,概念板块,,000338.SZ,潍柴动力,20260105
2026-07-07T06:52:29Z,2026,2026-01-01,2026-12-31,20260105,dc_member,BK0683.DC,央国企改革,概念板块,,002893.SZ,京能热力,20260105
2026-07-07T06:52:29Z,2026,2026-01-01,2026-12-31,20260105,dc_member,BK0683.DC,央国企改革,概念板块,,300088.SZ,长信科技,20260105
2026-07-07T06:52:29Z,2026,2026-01-01,2026-12-31,20260105,dc_member,BK0683.DC,央国企改革,概念板块,,002160.SZ,常铝股份,20260105
2026-07-07T06:52:29Z,2026,2026-01-01,2026-12-31,20260105,dc_member,BK0683.DC,央国企改革,概念板块,,301038.SZ,深水规院,20260105
2026-07-07T06:52:29Z,2026,2026-01-01,2026-12-31,20260105,dc_member,BK0683.DC,央国企改革,概念板块,,601588.SH,北辰实业,20260105
2026-07-07T06:52:29Z,2026,2026-01-01,2026-12-31,20260105,dc_member,BK0683.DC,央国企改革,概念板块,,000927.SZ,中国铁物,20260105
2026-07-07T06:52:29Z,2026,2026-01-01,2026-12-31,20260105,dc_member,BK0683.DC,央国企改革,概念板块,,601666.SH,平煤股份,20260105
2026-07-07T06:52:29Z,2026,2026-01-01,2026-12-31,20260105,dc_member,BK0683.DC,央国企改革,概念板块,,002149.SZ,西部材料,20260105
2026-07-07T06:52:29Z,2026,2026-01-01,2026-12-31,20260105,dc_member,BK0683.DC,央国企改革,概念板块,,600846.SH,同济科技,20260105
2026-07-07T06:52:29Z,2026,2026-01-01,2026-12-31,20260105,dc_member,BK0683.DC,央国企改革,概念板块,,000903.SZ,ST云动,20260105
2026-07-07T06:52:29Z,2026,2026-01-01,2026-12-31,20260105,dc_member,BK0683.DC,央国企改革,概念板块,,000539.SZ,粤电力Ａ,20260105
2026-07-07T06:52:29Z,2026,2026-01-01,2026-12-31,20260105,dc_member,BK0683.DC,央国企改革,概念板块,,688538.SH,和辉光电-U,20260105
2026-07-07T06:52:29Z,2026,2026-01-01,2026-12-31,20260105,dc_member,BK0683.DC,央国企改革,概念板块,,000591.SZ,太阳能,20260105
2026-07-07T06:52:29Z,2026,2026-01-01,2026-12-31,20260105,dc_member,BK0683.DC,央国企改革,概念板块,,001258.SZ,立新能源,20260105
2026-07-07T06:52:29Z,2026,2026-01-01,2026-12-31,20260105,dc_member,BK0683.DC,央国企改革,概念板块,,301262.SZ,海看股份,20260105
2026-07-07T06:52:29Z,2026,2026-01-01,2026-12-31,20260105,dc_member,BK0683.DC,央国企改革,概念板块,,600100.SH,同方股份,20260105
2026-07-07T06:52:29Z,2026,2026-01-01,2026-12-31,20260105,dc_member,BK0683.DC,央国企改革,概念板块,,300105.SZ,龙源技术,20260105
2026-07-07T06:52:29Z,2026,2026-01-01,2026-12-31,20260105,dc_member,BK0683.DC,央国企改革,概念板块,,920753.BJ,天纺标,20260105
2026-07-07T06:52:29Z,2026,2026-01-01,2026-12-31,20260105,dc_member,BK0683.DC,央国企改革,概念板块,,002578.SZ,闽发铝业,20260105
2026-07-07T06:52:29Z,2026,2026-01-01,2026-12-31,20260105,dc_member,BK0683.DC,央国企改革,概念板块,,603689.SH,皖天然气,20260105
2026-07-07T06:52:29Z,2026,2026-01-01,2026-12-31,20260105,dc_member,BK0683.DC,央国企改革,概念板块,,600163.SH,中闽能源,20260105
2026-07-07T06:52:29Z,2026,2026-01-01,2026-12-31,20260105,dc_member,BK0683.DC,央国企改革,概念板块,,300703.SZ,创源股份,20260105
2026-07-07T06:52:29Z,2026,2026-01-01,2026-12-31,20260105,dc_member,BK0683.DC,央国企改革,概念板块,,600229.SH,城市传媒,20260105
2026-07-07T06:52:29Z,2026,2026-01-01,2026-12-31,20260105,dc_member,BK0683.DC,央国企改革,概念板块,,300160.SZ,秀强股份,20260105
2026-07-07T06:52:29Z,2026,2026-01-01,2026-12-31,20260105,dc_member,BK0683.DC,央国企改革,概念板块,,600713.SH,南京医药,20260105
2026-07-07T06:52:29Z,2026,2026-01-01,2026-12-31,20260105,dc_member,BK0683.DC,央国企改革,概念板块,,600585.SH,海螺水泥,20260105
2026-07-07T06:52:29Z,2026,2026-01-01,2026-12-31,20260105,dc_member,BK0683.DC,央国企改革,概念板块,,603693.SH,江苏新能,20260105
2026-07-07T06:52:29Z,2026,2026-01-01,2026-12-31,20260105,dc_member,BK0683.DC,央国企改革,概念板块,,600037.SH,歌华有线,20260105
2026-07-07T06:52:29Z,2026,2026-01-01,2026-12-31,20260105,dc_member,BK0683.DC,央国企改革,概念板块,,000419.SZ,通程控股,20260105
2026-07-07T06:52:29Z,2026,2026-01-01,2026-12-31,20260105,dc_member,BK0683.DC,央国企改革,概念板块,,600252.SH,中恒集团,20260105
2026-07-07T06:52:29Z,2026,2026-01-01,2026-12-31,20260105,dc_member,BK0683.DC,央国企改革,概念板块,,300270.SZ,中威电子,20260105
2026-07-07T06:52:29Z,2026,2026-01-01,2026-12-31,20260105,dc_member,BK0683.DC,央国企改革,概念板块,,600658.SH,电子城,20260105
2026-07-07T06:52:29Z,2026,2026-01-01,2026-12-31,20260105,dc_member,BK0683.DC,央国企改革,概念板块,,603721.SH,*ST天择,20260105
2026-07-07T06:52:29Z,2026,2026-01-01,2026-12-31,20260105,dc_member,BK0683.DC,央国企改革,概念板块,,300374.SZ,中铁装配,20260105
2026-07-07T06:52:29Z,2026,2026-01-01,2026-12-31,20260105,dc_member,BK0683.DC,央国企改革,概念板块,,600251.SH,冠农股份,20260105
2026-07-07T06:52:29Z,2026,2026-01-01,2026-12-31,20260105,dc_member,BK0683.DC,央国企改革,概念板块,,600390.SH,五矿资本,20260105
2026-07-07T06:52:29Z,2026,2026-01-01,2026-12-31,20260105,dc_member,BK0683.DC,央国企改革,概念板块,,000728.SZ,国元证券,20260105
2026-07-07T06:52:29Z,2026,2026-01-01,2026-12-31,20260105,dc_member,BK0683.DC,央国企改革,概念板块,,920239.BJ,长虹能源,20260105
2026-07-07T06:52:29Z,2026,2026-01-01,2026-12-31,20260105,dc_member,BK0683.DC,央国企改革,概念板块,,002461.SZ,珠江啤酒,20260105
2026-07-07T06:52:29Z,2026,2026-01-01,2026-12-31,20260105,dc_member,BK0683.DC,央国企改革,概念板块,,600875.SH,东方电气,20260105
2026-07-07T06:52:29Z,2026,2026-01-01,2026-12-31,20260105,dc_member,BK0683.DC,央国企改革,概念板块,,601136.SH,首创证券,20260105
2026-07-07T06:52:29Z,2026,2026-01-01,2026-12-31,20260105,dc_member,BK0683.DC,央国企改革,概念板块,,002522.SZ,浙江众成,20260105
2026-07-07T06:52:29Z,2026,2026-01-01,2026-12-31,20260105,dc_member,BK0683.DC,央国企改革,概念板块,,002232.SZ,启明信息,20260105
2026-07-07T06:52:29Z,2026,2026-01-01,2026-12-31,20260105,dc_member,BK0683.DC,央国企改革,概念板块,,002314.SZ,南山控股,20260105
2026-07-07T06:52:29Z,2026,2026-01-01,2026-12-31,20260105,dc_member,BK0683.DC,央国企改革,概念板块,,600622.SH,光大嘉宝,20260105
2026-07-07T06:52:29Z,2026,2026-01-01,2026-12-31,20260105,dc_member,BK0683.DC,央国企改革,概念板块,,600495.SH,晋西车轴,20260105
2026-07-07T06:52:29Z,2026,2026-01-01,2026-12-31,20260105,dc_member,BK0683.DC,央国企改革,概念板块,,601727.SH,上海电气,20260105
2026-07-07T06:52:29Z,2026,2026-01-01,2026-12-31,20260105,dc_member,BK0683.DC,央国企改革,概念板块,,600511.SH,国药股份,20260105
2026-07-07T06:52:29Z,2026,2026-01-01,2026-12-31,20260105,dc_member,BK0683.DC,央国企改革,概念板块,,600689.SH,上海三毛,20260105
2026-07-07T06:52:29Z,2026,2026-01-01,2026-12-31,20260105,dc_member,BK0683.DC,央国企改革,概念板块,,000737.SZ,北方铜业,20260105
2026-07-07T06:52:29Z,2026,2026-01-01,2026-12-31,20260105,dc_member,BK0683.DC,央国企改革,概念板块,,600255.SH,鑫科材料,20260105
2026-07-07T06:52:29Z,2026,2026-01-01,2026-12-31,20260105,dc_member,BK0683.DC,央国企改革,概念板块,,600731.SH,湖南海利,20260105
2026-07-07T06:52:29Z,2026,2026-01-01,2026-12-31,20260105,dc_member,BK0683.DC,央国企改革,概念板块,,000970.SZ,中科三环,20260105
2026-07-07T06:52:29Z,2026,2026-01-01,2026-12-31,20260105,dc_member,BK0683.DC,央国企改革,概念板块,,600582.SH,天地科技,20260105
2026-07-07T06:52:29Z,2026,2026-01-01,2026-12-31,20260105,dc_member,BK0683.DC,央国企改革,概念板块,,000915.SZ,华特达因,20260105
2026-07-07T06:52:29Z,2026,2026-01-01,2026-12-31,20260105,dc_member,BK0683.DC,央国企改革,概念板块,,000862.SZ,银星能源,20260105
2026-07-07T06:52:29Z,2026,2026-01-01,2026-12-31,20260105,dc_member,BK0683.DC,央国企改革,概念板块,,600676.SH,交运股份,20260105
2026-07-07T06:52:29Z,2026,2026-01-01,2026-12-31,20260105,dc_member,BK0683.DC,央国企改革,概念板块,,002479.SZ,富春环保,20260105
2026-07-07T06:52:29Z,2026,2026-01-01,2026-12-31,20260105,dc_member,BK0683.DC,央国企改革,概念板块,,600063.SH,皖维高新,20260105
2026-07-07T06:52:29Z,2026,2026-01-01,2026-12-31,20260105,dc_member,BK0683.DC,央国企改革,概念板块,,688203.SH,海正生材,20260105
2026-07-07T06:52:29Z,2026,2026-01-01,2026-12-31,20260105,dc_member,BK0683.DC,央国企改革,概念板块,,601990.SH,南京证券,20260105
2026-07-07T06:52:29Z,2026,2026-01-01,2026-12-31,20260105,dc_member,BK0683.DC,央国企改革,概念板块,,300425.SZ,中建环能,20260105
2026-07-07T06:52:29Z,2026,2026-01-01,2026-12-31,20260105,dc_member,BK0683.DC,央国企改革,概念板块,,601198.SH,东兴证券,20260105
2026-07-07T06:52:29Z,2026,2026-01-01,2026-12-31,20260105,dc_member,BK0683.DC,央国企改革,概念板块,,600027.SH,华电国际,20260105
2026-07-07T06:52:29Z,2026,2026-01-01,2026-12-31,20260105,dc_member,BK0683.DC,央国企改革,概念板块,,002507.SZ,涪陵榨菜,20260105
2026-07-07T06:52:29Z,2026,2026-01-01,2026-12-31,20260105,dc_member,BK0683.DC,央国企改革,概念板块,,601106.SH,中国一重,20260105
2026-07-07T06:52:29Z,2026,2026-01-01,2026-12-31,20260105,dc_member,BK0683.DC,央国企改革,概念板块,,603025.SH,大豪科技,20260105
2026-07-07T06:52:29Z,2026,2026-01-01,2026-12-31,20260105,dc_member,BK0683.DC,央国企改革,概念板块,,688568.SH,中科星图,20260105
2026-07-07T06:52:29Z,2026,2026-01-01,2026-12-31,20260105,dc_member,BK0683.DC,央国企改革,概念板块,,603100.SH,川仪股份,20260105
2026-07-07T06:52:29Z,2026,2026-01-01,2026-12-31,20260105,dc_member,BK0683.DC,央国企改革,概念板块,,920198.BJ,微创光电,20260105
2026-07-07T06:52:29Z,2026,2026-01-01,2026-12-31,20260105,dc_member,BK0683.DC,央国企改革,概念板块,,001289.SZ,龙源电力,20260105
2026-07-07T06:52:29Z,2026,2026-01-01,2026-12-31,20260105,dc_member,BK0683.DC,央国企改革,概念板块,,600698.SH,湖南天雁,20260105
2026-07-07T06:52:29Z,2026,2026-01-01,2026-12-31,20260105,dc_member,BK0683.DC,央国企改革,概念板块,,002912.SZ,中新赛克,20260105
2026-07-07T06:52:29Z,2026,2026-01-01,2026-12-31,20260105,dc_member,BK0683.DC,央国企改革,概念板块,,301185.SZ,鸥玛软件,20260105
2026-07-07T06:52:29Z,2026,2026-01-01,2026-12-31,20260105,dc_member,BK0683.DC,央国企改革,概念板块,,000923.SZ,河钢资源,20260105
2026-07-07T06:52:29Z,2026,2026-01-01,2026-12-31,20260105,dc_member,BK0683.DC,央国企改革,概念板块,,601033.SH,永兴股份,20260105
2026-07-07T06:52:29Z,2026,2026-01-01,2026-12-31,20260105,dc_member,BK0683.DC,央国企改革,概念板块,,600133.SH,东湖高新,20260105
2026-07-07T06:52:29Z,2026,2026-01-01,2026-12-31,20260105,dc_member,BK0683.DC,央国企改革,概念板块,,001338.SZ,永顺泰,20260105
2026-07-07T06:52:29Z,2026,2026-01-01,2026-12-31,20260105,dc_member,BK0683.DC,央国企改革,概念板块,,600819.SH,耀皮玻璃,20260105
2026-07-07T06:52:29Z,2026,2026-01-01,2026-12-31,20260105,dc_member,BK0683.DC,央国企改革,概念板块,,002136.SZ,安 纳 达,20260105
2026-07-07T06:52:29Z,2026,2026-01-01,2026-12-31,20260105,dc_member,BK0683.DC,央国企改革,概念板块,,003013.SZ,地铁设计,20260105
2026-07-07T06:52:29Z,2026,2026-01-01,2026-12-31,20260105,dc_member,BK0683.DC,央国企改革,概念板块,,920039.BJ,国义招标,20260105
2026-07-07T06:52:29Z,2026,2026-01-01,2026-12-31,20260105,dc_member,BK0683.DC,央国企改革,概念板块,,600050.SH,中国联通,20260105
2026-07-07T06:52:29Z,2026,2026-01-01,2026-12-31,20260105,dc_member,BK0683.DC,央国企改革,概念板块,,600905.SH,三峡能源,20260105
2026-07-07T06:52:29Z,2026,2026-01-01,2026-12-31,20260105,dc_member,BK0683.DC,央国企改革,概念板块,,000028.SZ,国药一致,20260105
2026-07-07T06:52:29Z,2026,2026-01-01,2026-12-31,20260105,dc_member,BK0683.DC,央国企改革,概念板块,,600520.SH,三佳科技,20260105
2026-07-07T06:52:29Z,2026,2026-01-01,2026-12-31,20260105,dc_member,BK0683.DC,央国企改革,概念板块,,300455.SZ,航天智装,20260105
2026-07-07T06:52:29Z,2026,2026-01-01,2026-12-31,20260105,dc_member,BK0683.DC,央国企改革,概念板块,,301048.SZ,金鹰重工,20260105
2026-07-07T06:52:29Z,2026,2026-01-01,2026-12-31,20260105,dc_member,BK0683.DC,央国企改革,概念板块,,002480.SZ,新筑股份,20260105
2026-07-07T06:52:29Z,2026,2026-01-01,2026-12-31,20260105,dc_member,BK0683.DC,央国企改革,概念板块,,601096.SH,宏盛华源,20260105
2026-07-07T06:52:29Z,2026,2026-01-01,2026-12-31,20260105,dc_member,BK0683.DC,央国企改革,概念板块,,001896.SZ,豫能控股,20260105
2026-07-07T06:52:29Z,2026,2026-01-01,2026-12-31,20260105,dc_member,BK0683.DC,央国企改革,概念板块,,300675.SZ,建科院,20260105
2026-07-07T06:52:29Z,2026,2026-01-01,2026-12-31,20260105,dc_member,BK0683.DC,央国企改革,概念板块,,000911.SZ,广农糖业,20260105
2026-07-07T06:52:29Z,2026,2026-01-01,2026-12-31,20260105,dc_member,BK0683.DC,央国企改革,概念板块,,600980.SH,北矿科技,20260105
2026-07-07T06:52:29Z,2026,2026-01-01,2026-12-31,20260105,dc_member,BK0683.DC,央国企改革,概念板块,,000789.SZ,万年青,20260105
2026-07-07T06:52:29Z,2026,2026-01-01,2026-12-31,20260105,dc_member,BK0683.DC,央国企改革,概念板块,,600284.SH,浦东建设,20260105
2026-07-07T06:52:29Z,2026,2026-01-01,2026-12-31,20260105,dc_member,BK0683.DC,央国企改革,概念板块,,600084.SH,中信尼雅,20260105
2026-07-07T06:52:29Z,2026,2026-01-01,2026-12-31,20260105,dc_member,BK0683.DC,央国企改革,概念板块,,600536.SH,中国软件,20260105
2026-07-07T06:52:29Z,2026,2026-01-01,2026-12-31,20260105,dc_member,BK0683.DC,央国企改革,概念板块,,600939.SH,重庆建工,20260105
2026-07-07T06:52:29Z,2026,2026-01-01,2026-12-31,20260105,dc_member,BK0683.DC,央国企改革,概念板块,,000798.SZ,中水渔业,20260105
2026-07-07T06:52:29Z,2026,2026-01-01,2026-12-31,20260105,dc_member,BK0683.DC,央国企改革,概念板块,,600379.SH,宝光股份,20260105
2026-07-07T06:52:29Z,2026,2026-01-01,2026-12-31,20260105,dc_member,BK0683.DC,央国企改革,概念板块,,000411.SZ,英特集团,20260105
2026-07-07T06:52:29Z,2026,2026-01-01,2026-12-31,20260105,dc_member,BK0683.DC,央国企改革,概念板块,,000600.SZ,建投能源,20260105
2026-07-07T06:52:29Z,2026,2026-01-01,2026-12-31,20260105,dc_member,BK0683.DC,央国企改革,概念板块,,000531.SZ,穗恒运Ａ,20260105
2026-07-07T06:52:29Z,2026,2026-01-01,2026-12-31,20260105,dc_member,BK0683.DC,央国企改革,概念板块,,600508.SH,上海能源,20260105
2026-07-07T06:52:29Z,2026,2026-01-01,2026-12-31,20260105,dc_member,BK0683.DC,央国企改革,概念板块,,000059.SZ,华锦股份,20260105
2026-07-07T06:52:29Z,2026,2026-01-01,2026-12-31,20260105,dc_member,BK0683.DC,央国企改革,概念板块,,601699.SH,潞安环能,20260105
2026-07-07T06:52:29Z,2026,2026-01-01,2026-12-31,20260105,dc_member,BK0683.DC,央国企改革,概念板块,,300300.SZ,海峡创新,20260105
2026-07-07T06:52:29Z,2026,2026-01-01,2026-12-31,20260105,dc_member,BK0683.DC,央国企改革,概念板块,,002179.SZ,中航光电,20260105
2026-07-07T06:52:29Z,2026,2026-01-01,2026-12-31,20260105,dc_member,BK0683.DC,央国企改革,概念板块,,002786.SZ,银宝山新,20260105
2026-07-07T06:52:29Z,2026,2026-01-01,2026-12-31,20260105,dc_member,BK0683.DC,央国企改革,概念板块,,600199.SH,金种子酒,20260105
2026-07-07T06:52:29Z,2026,2026-01-01,2026-12-31,20260105,dc_member,BK0683.DC,央国企改革,概念板块,,000759.SZ,中百集团,20260105
2026-07-07T06:52:29Z,2026,2026-01-01,2026-12-31,20260105,dc_member,BK0683.DC,央国企改革,概念板块,,600715.SH,文投控股,20260105
2026-07-07T06:52:29Z,2026,2026-01-01,2026-12-31,20260105,dc_member,BK0683.DC,央国企改革,概念板块,,600061.SH,国投资本,20260105
2026-07-07T06:52:29Z,2026,2026-01-01,2026-12-31,20260105,dc_member,BK0683.DC,央国企改革,概念板块,,688509.SH,正元地信,20260105
2026-07-07T06:52:29Z,2026,2026-01-01,2026-12-31,20260105,dc_member,BK0683.DC,央国企改革,概念板块,,000029.SZ,深深房Ａ,20260105
2026-07-07T06:52:29Z,2026,2026-01-01,2026-12-31,20260105,dc_member,BK0683.DC,央国企改革,概念板块,,000713.SZ,国投丰乐,20260105
2026-07-07T06:52:29Z,2026,2026-01-01,2026-12-31,20260105,dc_member,BK0683.DC,央国企改革,概念板块,,600812.SH,华北制药,20260105
2026-07-07T06:52:29Z,2026,2026-01-01,2026-12-31,20260105,dc_member,BK0683.DC,央国企改革,概念板块,,601798.SH,蓝科高新,20260105
2026-07-07T06:52:29Z,2026,2026-01-01,2026-12-31,20260105,dc_member,BK0683.DC,央国企改革,概念板块,,002263.SZ,大东南,20260105
2026-07-07T06:52:29Z,2026,2026-01-01,2026-12-31,20260105,dc_member,BK0683.DC,央国企改革,概念板块,,002102.SZ,能特科技,20260105
2026-07-07T06:52:29Z,2026,2026-01-01,2026-12-31,20260105,dc_member,BK0683.DC,央国企改革,概念板块,,600906.SH,财达证券,20260105
2026-07-07T06:52:29Z,2026,2026-01-01,2026-12-31,20260105,dc_member,BK0683.DC,央国企改革,概念板块,,600649.SH,城投控股,20260105
2026-07-07T06:52:29Z,2026,2026-01-01,2026-12-31,20260105,dc_member,BK0683.DC,央国企改革,概念板块,,600600.SH,青岛啤酒,20260105
2026-07-07T06:52:29Z,2026,2026-01-01,2026-12-31,20260105,dc_member,BK0683.DC,央国企改革,概念板块,,600436.SH,片仔癀,20260105
2026-07-07T06:52:29Z,2026,2026-01-01,2026-12-31,20260105,dc_member,BK0683.DC,央国企改革,概念板块,,002101.SZ,广东鸿图,20260105
2026-07-07T06:52:29Z,2026,2026-01-01,2026-12-31,20260105,dc_member,BK0683.DC,央国企改革,概念板块,,600546.SH,山煤国际,20260105
2026-07-07T06:52:29Z,2026,2026-01-01,2026-12-31,20260105,dc_member,BK0683.DC,央国企改革,概念板块,,600628.SH,新世界,20260105
2026-07-07T06:52:29Z,2026,2026-01-01,2026-12-31,20260105,dc_member,BK0683.DC,央国企改革,概念板块,,002140.SZ,东华科技,20260105
2026-07-07T06:52:29Z,2026,2026-01-01,2026-12-31,20260105,dc_member,BK0683.DC,央国企改革,概念板块,,600479.SH,千金药业,20260105
2026-07-07T06:52:29Z,2026,2026-01-01,2026-12-31,20260105,dc_member,BK0683.DC,央国企改革,概念板块,,600054.SH,黄山旅游,20260105
2026-07-07T06:52:29Z,2026,2026-01-01,2026-12-31,20260105,dc_member,BK0683.DC,央国企改革,概念板块,,002057.SZ,中钢天源,20260105
2026-07-07T06:52:29Z,2026,2026-01-01,2026-12-31,20260105,dc_member,BK0683.DC,央国企改革,概念板块,,600575.SH,淮河能源,20260105
2026-07-07T06:52:29Z,2026,2026-01-01,2026-12-31,20260105,dc_member,BK0683.DC,央国企改革,概念板块,,600422.SH,昆药集团,20260105
2026-07-07T06:52:29Z,2026,2026-01-01,2026-12-31,20260105,dc_member,BK0683.DC,央国企改革,概念板块,,600995.SH,南网储能,20260105
2026-07-07T06:52:29Z,2026,2026-01-01,2026-12-31,20260105,dc_member,BK0683.DC,央国企改革,概念板块,,600029.SH,南方航空,20260105
2026-07-07T06:52:29Z,2026,2026-01-01,2026-12-31,20260105,dc_member,BK0683.DC,央国企改革,概念板块,,600444.SH,国机通用,20260105
2026-07-07T06:52:29Z,2026,2026-01-01,2026-12-31,20260105,dc_member,BK0683.DC,央国企改革,概念板块,,600746.SH,江苏索普,20260105
2026-07-07T06:52:29Z,2026,2026-01-01,2026-12-31,20260105,dc_member,BK0683.DC,央国企改革,概念板块,,000709.SZ,河钢股份,20260105
2026-07-07T06:52:29Z,2026,2026-01-01,2026-12-31,20260105,dc_member,BK0683.DC,央国企改革,概念板块,,002226.SZ,江南化工,20260105
2026-07-07T06:52:29Z,2026,2026-01-01,2026-12-31,20260105,dc_member,BK0683.DC,央国企改革,概念板块,,600395.SH,盘江股份,20260105
2026-07-07T06:52:29Z,2026,2026-01-01,2026-12-31,20260105,dc_member,BK0683.DC,央国企改革,概念板块,,600619.SH,海立股份,20260105
2026-07-07T06:52:29Z,2026,2026-01-01,2026-12-31,20260105,dc_member,BK0683.DC,央国企改革,概念板块,,600798.SH,宁波海运,20260105
2026-07-07T06:52:29Z,2026,2026-01-01,2026-12-31,20260105,dc_member,BK0683.DC,央国企改革,概念板块,,600248.SH,陕建股份,20260105
2026-07-07T06:52:29Z,2026,2026-01-01,2026-12-31,20260105,dc_member,BK0683.DC,央国企改革,概念板块,,600052.SH,东望时代,20260105
2026-07-07T06:52:29Z,2026,2026-01-01,2026-12-31,20260105,dc_member,BK0683.DC,央国企改革,概念板块,,600309.SH,万华化学,20260105
2026-07-07T06:52:29Z,2026,2026-01-01,2026-12-31,20260105,dc_member,BK0683.DC,央国企改革,概念板块,,600281.SH,华阳新材,20260105
2026-07-07T06:52:29Z,2026,2026-01-01,2026-12-31,20260105,dc_member,BK0683.DC,央国企改革,概念板块,,600156.SH,华升股份,20260105
2026-07-07T06:52:29Z,2026,2026-01-01,2026-12-31,20260105,dc_member,BK0683.DC,央国企改革,概念板块,,600618.SH,氯碱化工,20260105
2026-07-07T06:52:29Z,2026,2026-01-01,2026-12-31,20260105,dc_member,BK0683.DC,央国企改革,概念板块,,603227.SH,雪峰科技,20260105
2026-07-07T06:52:29Z,2026,2026-01-01,2026-12-31,20260105,dc_member,BK0683.DC,央国企改革,概念板块,,600115.SH,中国东航,20260105
2026-07-07T06:52:29Z,2026,2026-01-01,2026-12-31,20260105,dc_member,BK0683.DC,央国企改革,概念板块,,600720.SH,中交设计,20260105
2026-07-07T06:52:29Z,2026,2026-01-01,2026-12-31,20260105,dc_member,BK0683.DC,央国企改革,概念板块,,000707.SZ,双环科技,20260105
2026-07-07T06:52:29Z,2026,2026-01-01,2026-12-31,20260105,dc_member,BK0683.DC,央国企改革,概念板块,,603060.SH,国检集团,20260105
2026-07-07T06:52:29Z,2026,2026-01-01,2026-12-31,20260105,dc_member,BK0683.DC,央国企改革,概念板块,,000698.SZ,ST沈化,20260105
2026-07-07T06:52:29Z,2026,2026-01-01,2026-12-31,20260105,dc_member,BK0683.DC,央国企改革,概念板块,,688722.SH,同益中,20260105
2026-07-07T06:52:29Z,2026,2026-01-01,2026-12-31,20260105,dc_member,BK0683.DC,央国企改革,概念板块,,000973.SZ,佛塑科技,20260105
2026-07-07T06:52:29Z,2026,2026-01-01,2026-12-31,20260105,dc_member,BK0683.DC,央国企改革,概念板块,,002040.SZ,南 京 港,20260105
2026-07-07T06:52:29Z,2026,2026-01-01,2026-12-31,20260105,dc_member,BK0683.DC,央国企改革,概念板块,,600876.SH,凯盛新能,20260105
2026-07-07T06:52:29Z,2026,2026-01-01,2026-12-31,20260105,dc_member,BK0683.DC,央国企改革,概念板块,,603369.SH,今世缘,20260105
2026-07-07T06:52:29Z,2026,2026-01-01,2026-12-31,20260105,dc_member,BK0683.DC,央国企改革,概念板块,,601108.SH,财通证券,20260105
2026-07-07T06:52:29Z,2026,2026-01-01,2026-12-31,20260105,dc_member,BK0683.DC,央国企改革,概念板块,,000610.SZ,西安旅游,20260105
2026-07-07T06:52:29Z,2026,2026-01-01,2026-12-31,20260105,dc_member,BK0683.DC,央国企改革,概念板块,,002573.SZ,清新环境,20260105
2026-07-07T06:52:29Z,2026,2026-01-01,2026-12-31,20260105,dc_member,BK0683.DC,央国企改革,概念板块,,600858.SH,银座股份,20260105
2026-07-07T06:52:29Z,2026,2026-01-01,2026-12-31,20260105,dc_member,BK0683.DC,央国企改革,概念板块,,600741.SH,华域汽车,20260105
2026-07-07T06:52:29Z,2026,2026-01-01,2026-12-31,20260105,dc_member,BK0683.DC,央国企改革,概念板块,,000755.SZ,山西高速,20260105
2026-07-07T06:52:29Z,2026,2026-01-01,2026-12-31,20260105,dc_member,BK0683.DC,央国企改革,概念板块,,600097.SH,开创国际,20260105
2026-07-07T06:52:29Z,2026,2026-01-01,2026-12-31,20260105,dc_member,BK0683.DC,央国企改革,概念板块,,600238.SH,*ST椰岛,20260105
2026-07-07T06:52:29Z,2026,2026-01-01,2026-12-31,20260105,dc_member,BK0683.DC,央国企改革,概念板块,,000957.SZ,中通客车,20260105
2026-07-07T06:52:29Z,2026,2026-01-01,2026-12-31,20260105,dc_member,BK0683.DC,央国企改革,概念板块,,600821.SH,金开新能,20260105
2026-07-07T06:52:29Z,2026,2026-01-01,2026-12-31,20260105,dc_member,BK0683.DC,央国企改革,概念板块,,600533.SH,栖霞建设,20260105
2026-07-07T06:52:29Z,2026,2026-01-01,2026-12-31,20260105,dc_member,BK0683.DC,央国企改革,概念板块,,000096.SZ,广聚能源,20260105
2026-07-07T06:52:29Z,2026,2026-01-01,2026-12-31,20260105,dc_member,BK0683.DC,央国企改革,概念板块,,600771.SH,广誉远,20260105
2026-07-07T06:52:29Z,2026,2026-01-01,2026-12-31,20260105,dc_member,BK0683.DC,央国企改革,概念板块,,002125.SZ,湘潭电化,20260105
2026-07-07T06:52:29Z,2026,2026-01-01,2026-12-31,20260105,dc_member,BK0683.DC,央国企改革,概念板块,,920122.BJ,中纺标,20260105
2026-07-07T06:52:29Z,2026,2026-01-01,2026-12-31,20260105,dc_member,BK0683.DC,央国企改革,概念板块,,000050.SZ,深天马Ａ,20260105
2026-07-07T06:52:29Z,2026,2026-01-01,2026-12-31,20260105,dc_member,BK0683.DC,央国企改革,概念板块,,600035.SH,楚天高速,20260105
2026-07-07T06:52:29Z,2026,2026-01-01,2026-12-31,20260105,dc_member,BK0683.DC,央国企改革,概念板块,,600845.SH,宝信软件,20260105
2026-07-07T06:52:29Z,2026,2026-01-01,2026-12-31,20260105,dc_member,BK0683.DC,央国企改革,概念板块,,601669.SH,中国电建,20260105
2026-07-07T06:52:29Z,2026,2026-01-01,2026-12-31,20260105,dc_member,BK0683.DC,央国企改革,概念板块,,600236.SH,桂冠电力,20260105
2026-07-07T06:52:29Z,2026,2026-01-01,2026-12-31,20260105,dc_member,BK0683.DC,央国企改革,概念板块,,300070.SZ,碧水源,20260105
2026-07-07T06:52:29Z,2026,2026-01-01,2026-12-31,20260105,dc_member,BK0683.DC,央国企改革,概念板块,,000731.SZ,四川美丰,20260105
2026-07-07T06:52:29Z,2026,2026-01-01,2026-12-31,20260105,dc_member,BK0683.DC,央国企改革,概念板块,,002061.SZ,浙江交科,20260105
2026-07-07T06:52:29Z,2026,2026-01-01,2026-12-31,20260105,dc_member,BK0683.DC,央国企改革,概念板块,,600543.SH,莫高股份,20260105
2026-07-07T06:52:29Z,2026,2026-01-01,2026-12-31,20260105,dc_member,BK0683.DC,央国企改革,概念板块,,600372.SH,中航机载,20260105
2026-07-07T06:52:29Z,2026,2026-01-01,2026-12-31,20260105,dc_member,BK0683.DC,央国企改革,概念板块,,601838.SH,成都银行,20260105
2026-07-07T06:52:29Z,2026,2026-01-01,2026-12-31,20260105,dc_member,BK0683.DC,央国企改革,概念板块,,301167.SZ,建研设计,20260105
2026-07-07T06:52:29Z,2026,2026-01-01,2026-12-31,20260105,dc_member,BK0683.DC,央国企改革,概念板块,,002358.SZ,森源电气,20260105
2026-07-07T06:52:29Z,2026,2026-01-01,2026-12-31,20260105,dc_member,BK0683.DC,央国企改革,概念板块,,300479.SZ,神思电子,20260105
2026-07-07T06:52:29Z,2026,2026-01-01,2026-12-31,20260105,dc_member,BK0683.DC,央国企改革,概念板块,,688009.SH,中国通号,20260105
2026-07-07T06:52:29Z,2026,2026-01-01,2026-12-31,20260105,dc_member,BK0683.DC,央国企改革,概念板块,,600727.SH,鲁北化工,20260105
2026-07-07T06:52:29Z,2026,2026-01-01,2026-12-31,20260105,dc_member,BK0683.DC,央国企改革,概念板块,,603860.SH,中公高科,20260105
2026-07-07T06:52:29Z,2026,2026-01-01,2026-12-31,20260105,dc_member,BK0683.DC,央国企改革,概念板块,,600917.SH,重庆燃气,20260105
2026-07-07T06:52:29Z,2026,2026-01-01,2026-12-31,20260105,dc_member,BK0683.DC,央国企改革,概念板块,,688459.SH,哈铁科技,20260105
2026-07-07T06:52:29Z,2026,2026-01-01,2026-12-31,20260105,dc_member,BK0683.DC,央国企改革,概念板块,,000912.SZ,泸天化,20260105
2026-07-07T06:52:29Z,2026,2026-01-01,2026-12-31,20260105,dc_member,BK0683.DC,央国企改革,概念板块,,600159.SH,大龙地产,20260105
2026-07-07T06:52:29Z,2026,2026-01-01,2026-12-31,20260105,dc_member,BK0683.DC,央国企改革,概念板块,,000652.SZ,泰达股份,20260105
2026-07-07T06:52:29Z,2026,2026-01-01,2026-12-31,20260105,dc_member,BK0683.DC,央国企改革,概念板块,,600985.SH,淮北矿业,20260105
2026-07-07T06:52:29Z,2026,2026-01-01,2026-12-31,20260105,dc_member,BK0683.DC,央国企改革,概念板块,,600612.SH,老凤祥,20260105
2026-07-07T06:52:29Z,2026,2026-01-01,2026-12-31,20260105,dc_member,BK0683.DC,央国企改革,概念板块,,600121.SH,郑州煤电,20260105
2026-07-07T06:52:29Z,2026,2026-01-01,2026-12-31,20260105,dc_member,BK0683.DC,央国企改革,概念板块,,600148.SH,长春一东,20260105
2026-07-07T06:52:29Z,2026,2026-01-01,2026-12-31,20260105,dc_member,BK0683.DC,央国企改革,概念板块,,601808.SH,中海油服,20260105
2026-07-07T06:52:29Z,2026,2026-01-01,2026-12-31,20260105,dc_member,BK0683.DC,央国企改革,概念板块,,000899.SZ,赣能股份,20260105
2026-07-07T06:52:29Z,2026,2026-01-01,2026-12-31,20260105,dc_member,BK0683.DC,央国企改革,概念板块,,600468.SH,百利电气,20260105
2026-07-07T06:52:29Z,2026,2026-01-01,2026-12-31,20260105,dc_member,BK0683.DC,央国企改革,概念板块,,000966.SZ,长源电力,20260105
2026-07-07T06:52:29Z,2026,2026-01-01,2026-12-31,20260105,dc_member,BK0683.DC,央国企改革,概念板块,,601101.SH,昊华能源,20260105
2026-07-07T06:52:29Z,2026,2026-01-01,2026-12-31,20260105,dc_member,BK0683.DC,央国企改革,概念板块,,002343.SZ,慈文传媒,20260105
2026-07-07T06:52:29Z,2026,2026-01-01,2026-12-31,20260105,dc_member,BK0683.DC,央国企改革,概念板块,,000962.SZ,东方钽业,20260105
2026-07-07T06:52:29Z,2026,2026-01-01,2026-12-31,20260105,dc_member,BK0683.DC,央国企改革,概念板块,,601985.SH,中国核电,20260105
2026-07-07T06:52:29Z,2026,2026-01-01,2026-12-31,20260105,dc_member,BK0683.DC,央国企改革,概念板块,,000930.SZ,中粮科技,20260105
2026-07-07T06:52:29Z,2026,2026-01-01,2026-12-31,20260105,dc_member,BK0683.DC,央国企改革,概念板块,,600982.SH,宁波能源,20260105
2026-07-07T06:52:29Z,2026,2026-01-01,2026-12-31,20260105,dc_member,BK0683.DC,央国企改革,概念板块,,600064.SH,南京高科,20260105
2026-07-07T06:52:29Z,2026,2026-01-01,2026-12-31,20260105,dc_member,BK0683.DC,央国企改革,概念板块,,000565.SZ,渝三峡Ａ,20260105
2026-07-07T06:52:29Z,2026,2026-01-01,2026-12-31,20260105,dc_member,BK0683.DC,央国企改革,概念板块,,600188.SH,兖矿能源,20260105
2026-07-07T06:52:29Z,2026,2026-01-01,2026-12-31,20260105,dc_member,BK0683.DC,央国企改革,概念板块,,600218.SH,全柴动力,20260105
2026-07-07T06:52:29Z,2026,2026-01-01,2026-12-31,20260105,dc_member,BK0683.DC,央国企改革,概念板块,,002679.SZ,福建金森,20260105
2026-07-07T06:52:29Z,2026,2026-01-01,2026-12-31,20260105,dc_member,BK0683.DC,央国企改革,概念板块,,002282.SZ,博深股份,20260105
2026-07-07T06:52:29Z,2026,2026-01-01,2026-12-31,20260105,dc_member,BK0683.DC,央国企改革,概念板块,,002068.SZ,黑猫股份,20260105
2026-07-07T06:52:29Z,2026,2026-01-01,2026-12-31,20260105,dc_member,BK0683.DC,央国企改革,概念板块,,600088.SH,中视传媒,20260105
2026-07-07T06:52:29Z,2026,2026-01-01,2026-12-31,20260105,dc_member,BK0683.DC,央国企改革,概念板块,,601016.SH,节能风电,20260105
2026-07-07T06:52:29Z,2026,2026-01-01,2026-12-31,20260105,dc_member,BK0683.DC,央国企改革,概念板块,,002608.SZ,江苏国信,20260105
2026-07-07T06:52:29Z,2026,2026-01-01,2026-12-31,20260105,dc_member,BK0683.DC,央国企改革,概念板块,,600032.SH,浙江新能,20260105
2026-07-07T06:52:29Z,2026,2026-01-01,2026-12-31,20260105,dc_member,BK0683.DC,央国企改革,概念板块,,600572.SH,康恩贝,20260105
2026-07-07T06:52:29Z,2026,2026-01-01,2026-12-31,20260105,dc_member,BK0683.DC,央国企改革,概念板块,,002789.SZ,*ST建艺,20260105
2026-07-07T06:52:29Z,2026,2026-01-01,2026-12-31,20260105,dc_member,BK0683.DC,央国企改革,概念板块,,002267.SZ,陕天然气,20260105
2026-07-07T06:52:29Z,2026,2026-01-01,2026-12-31,20260105,dc_member,BK0683.DC,央国企改革,概念板块,,600486.SH,扬农化工,20260105
2026-07-07T06:52:29Z,2026,2026-01-01,2026-12-31,20260105,dc_member,BK0683.DC,央国企改革,概念板块,,601965.SH,中国汽研,20260105
2026-07-07T06:52:29Z,2026,2026-01-01,2026-12-31,20260105,dc_member,BK0683.DC,央国企改革,概念板块,,600824.SH,益民集团,20260105
2026-07-07T06:52:29Z,2026,2026-01-01,2026-12-31,20260105,dc_member,BK0683.DC,央国企改革,概念板块,,600796.SH,钱江生化,20260105
2026-07-07T06:52:29Z,2026,2026-01-01,2026-12-31,20260105,dc_member,BK0683.DC,央国企改革,概念板块,,002217.SZ,合力泰,20260105
2026-07-07T06:52:29Z,2026,2026-01-01,2026-12-31,20260105,dc_member,BK0683.DC,央国企改革,概念板块,,601022.SH,宁波远洋,20260105
2026-07-07T06:52:29Z,2026,2026-01-01,2026-12-31,20260105,dc_member,BK0683.DC,央国企改革,概念板块,,002660.SZ,茂硕电源,20260105
2026-07-07T06:52:29Z,2026,2026-01-01,2026-12-31,20260105,dc_member,BK0683.DC,央国企改革,概念板块,,600197.SH,伊力特,20260105
2026-07-07T06:52:29Z,2026,2026-01-01,2026-12-31,20260105,dc_member,BK0683.DC,央国企改革,概念板块,,600894.SH,广日股份,20260105
2026-07-07T06:52:29Z,2026,2026-01-01,2026-12-31,20260105,dc_member,BK0683.DC,央国企改革,概念板块,,000811.SZ,冰轮环境,20260105
2026-07-07T06:52:29Z,2026,2026-01-01,2026-12-31,20260105,dc_member,BK0683.DC,央国企改革,概念板块,,600674.SH,川投能源,20260105
2026-07-07T06:52:29Z,2026,2026-01-01,2026-12-31,20260105,dc_member,BK0683.DC,央国企改革,概念板块,,600642.SH,申能股份,20260105
2026-07-07T06:52:29Z,2026,2026-01-01,2026-12-31,20260105,dc_member,BK0683.DC,央国企改革,概念板块,,600963.SH,岳阳林纸,20260105
2026-07-07T06:52:29Z,2026,2026-01-01,2026-12-31,20260105,dc_member,BK0683.DC,央国企改革,概念板块,,600602.SH,云赛智联,20260105
2026-07-07T06:52:29Z,2026,2026-01-01,2026-12-31,20260105,dc_member,BK0683.DC,央国企改革,概念板块,,000998.SZ,隆平高科,20260105
2026-07-07T06:52:29Z,2026,2026-01-01,2026-12-31,20260105,dc_member,BK0683.DC,央国企改革,概念板块,,688569.SH,铁科轨道,20260105
2026-07-07T06:52:29Z,2026,2026-01-01,2026-12-31,20260105,dc_member,BK0683.DC,央国企改革,概念板块,,600038.SH,中直股份,20260105
2026-07-07T06:52:29Z,2026,2026-01-01,2026-12-31,20260105,dc_member,BK0683.DC,央国企改革,概念板块,,601728.SH,中国电信,20260105
2026-07-07T06:52:29Z,2026,2026-01-01,2026-12-31,20260105,dc_member,BK0683.DC,央国企改革,概念板块,,002910.SZ,庄园牧场,20260105
2026-07-07T06:52:29Z,2026,2026-01-01,2026-12-31,20260105,dc_member,BK0683.DC,央国企改革,概念板块,,002554.SZ,惠博普,20260105
2026-07-07T06:52:29Z,2026,2026-01-01,2026-12-31,20260105,dc_member,BK0683.DC,央国企改革,概念板块,,601880.SH,辽港股份,20260105
2026-07-07T06:52:29Z,2026,2026-01-01,2026-12-31,20260105,dc_member,BK0683.DC,央国企改革,概念板块,,600073.SH,光明肉业,20260105
2026-07-07T06:52:29Z,2026,2026-01-01,2026-12-31,20260105,dc_member,BK0683.DC,央国企改革,概念板块,,601098.SH,中南传媒,20260105
2026-07-07T06:52:29Z,2026,2026-01-01,2026-12-31,20260105,dc_member,BK0683.DC,央国企改革,概念板块,,600332.SH,白云山,20260105
2026-07-07T06:52:29Z,2026,2026-01-01,2026-12-31,20260105,dc_member,BK0683.DC,央国企改革,概念板块,,601200.SH,上海环境,20260105
2026-07-07T06:52:29Z,2026,2026-01-01,2026-12-31,20260105,dc_member,BK0683.DC,央国企改革,概念板块,,920019.BJ,铜冠矿建,20260105
2026-07-07T06:52:29Z,2026,2026-01-01,2026-12-31,20260105,dc_member,BK0683.DC,央国企改革,概念板块,,000791.SZ,甘肃能源,20260105
2026-07-07T06:52:29Z,2026,2026-01-01,2026-12-31,20260105,dc_member,BK0683.DC,央国企改革,概念板块,,601607.SH,XD上海医,20260105
2026-07-07T06:52:29Z,2026,2026-01-01,2026-12-31,20260105,dc_member,BK0683.DC,央国企改革,概念板块,,000819.SZ,岳阳兴长,20260105
2026-07-07T06:52:29Z,2026,2026-01-01,2026-12-31,20260105,dc_member,BK0683.DC,央国企改革,概念板块,,002238.SZ,天威视讯,20260105
2026-07-07T06:52:29Z,2026,2026-01-01,2026-12-31,20260105,dc_member,BK0683.DC,央国企改革,概念板块,,000860.SZ,顺鑫农业,20260105
2026-07-07T06:52:29Z,2026,2026-01-01,2026-12-31,20260105,dc_member,BK0683.DC,央国企改革,概念板块,,000027.SZ,深圳能源,20260105
2026-07-07T06:52:29Z,2026,2026-01-01,2026-12-31,20260105,dc_member,BK0683.DC,央国企改革,概念板块,,605577.SH,龙版传媒,20260105
2026-07-07T06:52:29Z,2026,2026-01-01,2026-12-31,20260105,dc_member,BK0683.DC,央国企改革,概念板块,,002323.SZ,雅博股份,20260105
2026-07-07T06:52:29Z,2026,2026-01-01,2026-12-31,20260105,dc_member,BK0683.DC,央国企改革,概念板块,,002053.SZ,云南能投,20260105
2026-07-07T06:52:29Z,2026,2026-01-01,2026-12-31,20260105,dc_member,BK0683.DC,央国企改革,概念板块,,600903.SH,贵州燃气,20260105
2026-07-07T06:52:29Z,2026,2026-01-01,2026-12-31,20260105,dc_member,BK0683.DC,央国企改革,概念板块,,601368.SH,绿城水务,20260105
2026-07-07T06:52:29Z,2026,2026-01-01,2026-12-31,20260105,dc_member,BK0683.DC,央国企改革,概念板块,,688439.SH,振华风光,20260105
2026-07-07T06:52:29Z,2026,2026-01-01,2026-12-31,20260105,dc_member,BK0683.DC,央国企改革,概念板块,,601065.SH,江盐集团,20260105
2026-07-07T06:52:29Z,2026,2026-01-01,2026-12-31,20260105,dc_member,BK0683.DC,央国企改革,概念板块,,000544.SZ,中原环保,20260105
2026-07-07T06:52:29Z,2026,2026-01-01,2026-12-31,20260105,dc_member,BK0683.DC,央国企改革,概念板块,,600629.SH,华建集团,20260105
2026-07-07T06:52:29Z,2026,2026-01-01,2026-12-31,20260105,dc_member,BK0683.DC,央国企改革,概念板块,,601992.SH,金隅集团,20260105
2026-07-07T06:52:29Z,2026,2026-01-01,2026-12-31,20260105,dc_member,BK0683.DC,央国企改革,概念板块,,600241.SH,时代万恒,20260105
2026-07-07T06:52:29Z,2026,2026-01-01,2026-12-31,20260105,dc_member,BK0683.DC,央国企改革,概念板块,,002542.SZ,中化岩土,20260105
2026-07-07T06:52:29Z,2026,2026-01-01,2026-12-31,20260105,dc_member,BK0683.DC,央国企改革,概念板块,,300466.SZ,赛摩智能,20260105
2026-07-07T06:52:29Z,2026,2026-01-01,2026-12-31,20260105,dc_member,BK0683.DC,央国企改革,概念板块,,002482.SZ,广田集团,20260105
2026-07-07T06:52:29Z,2026,2026-01-01,2026-12-31,20260105,dc_member,BK0683.DC,央国企改革,概念板块,,002449.SZ,国星光电,20260105
2026-07-07T06:52:29Z,2026,2026-01-01,2026-12-31,20260105,dc_member,BK0683.DC,央国企改革,概念板块,,600168.SH,武汉控股,20260105
2026-07-07T06:52:29Z,2026,2026-01-01,2026-12-31,20260105,dc_member,BK0683.DC,央国企改革,概念板块,,002481.SZ,双塔食品,20260105
2026-07-07T06:52:29Z,2026,2026-01-01,2026-12-31,20260105,dc_member,BK0683.DC,央国企改革,概念板块,,600158.SH,中体产业,20260105
2026-07-07T06:52:29Z,2026,2026-01-01,2026-12-31,20260105,dc_member,BK0683.DC,央国企改革,概念板块,,301090.SZ,华润材料,20260105
2026-07-07T06:52:29Z,2026,2026-01-01,2026-12-31,20260105,dc_member,BK0683.DC,央国企改革,概念板块,,603043.SH,广州酒家,20260105
2026-07-07T06:52:29Z,2026,2026-01-01,2026-12-31,20260105,dc_member,BK0683.DC,央国企改革,概念板块,,300197.SZ,节能铁汉,20260105
2026-07-07T06:52:29Z,2026,2026-01-01,2026-12-31,20260105,dc_member,BK0683.DC,央国企改革,概念板块,,603817.SH,海峡环保,20260105
2026-07-07T06:52:29Z,2026,2026-01-01,2026-12-31,20260105,dc_member,BK0683.DC,央国企改革,概念板块,,000877.SZ,天山股份,20260105
2026-07-07T06:52:29Z,2026,2026-01-01,2026-12-31,20260105,dc_member,BK0683.DC,央国企改革,概念板块,,002109.SZ,兴化股份,20260105
2026-07-07T06:52:29Z,2026,2026-01-01,2026-12-31,20260105,dc_member,BK0683.DC,央国企改革,概念板块,,600757.SH,长江传媒,20260105
2026-07-07T06:52:29Z,2026,2026-01-01,2026-12-31,20260105,dc_member,BK0683.DC,央国企改革,概念板块,,000920.SZ,沃顿科技,20260105
2026-07-07T06:52:29Z,2026,2026-01-01,2026-12-31,20260105,dc_member,BK0683.DC,央国企改革,概念板块,,600956.SH,新天绿能,20260105
2026-07-07T06:52:29Z,2026,2026-01-01,2026-12-31,20260105,dc_member,BK0683.DC,央国企改革,概念板块,,601018.SH,宁波港,20260105
2026-07-07T06:52:29Z,2026,2026-01-01,2026-12-31,20260105,dc_member,BK0683.DC,央国企改革,概念板块,,301339.SZ,通行宝,20260105
2026-07-07T06:52:29Z,2026,2026-01-01,2026-12-31,20260105,dc_member,BK0683.DC,央国企改革,概念板块,,600223.SH,福瑞达,20260105
2026-07-07T06:52:29Z,2026,2026-01-01,2026-12-31,20260105,dc_member,BK0683.DC,央国企改革,概念板块,,002047.SZ,*ST宝鹰,20260105
2026-07-07T06:52:29Z,2026,2026-01-01,2026-12-31,20260105,dc_member,BK0683.DC,央国企改革,概念板块,,601121.SH,宝地矿业,20260105
2026-07-07T06:52:29Z,2026,2026-01-01,2026-12-31,20260105,dc_member,BK0683.DC,央国企改革,概念板块,,000663.SZ,永安林业,20260105
2026-07-07T06:52:29Z,2026,2026-01-01,2026-12-31,20260105,dc_member,BK0683.DC,央国企改革,概念板块,,600833.SH,第一医药,20260105
2026-07-07T06:52:29Z,2026,2026-01-01,2026-12-31,20260105,dc_member,BK0683.DC,央国企改革,概念板块,,600928.SH,西安银行,20260105
2026-07-07T06:52:29Z,2026,2026-01-01,2026-12-31,20260105,dc_member,BK0683.DC,央国企改革,概念板块,,601377.SH,兴业证券,20260105
2026-07-07T06:52:29Z,2026,2026-01-01,2026-12-31,20260105,dc_member,BK0683.DC,央国企改革,概念板块,,601199.SH,江南水务,20260105
2026-07-07T06:52:29Z,2026,2026-01-01,2026-12-31,20260105,dc_member,BK0683.DC,央国企改革,概念板块,,600423.SH,柳化股份,20260105
2026-07-07T06:52:29Z,2026,2026-01-01,2026-12-31,20260105,dc_member,BK0683.DC,央国企改革,概念板块,,001286.SZ,陕西能源,20260105
2026-07-07T06:52:29Z,2026,2026-01-01,2026-12-31,20260105,dc_member,BK0683.DC,央国企改革,概念板块,,002415.SZ,海康威视,20260105
2026-07-07T06:52:29Z,2026,2026-01-01,2026-12-31,20260105,dc_member,BK0683.DC,央国企改革,概念板块,,600787.SH,中储股份,20260105
2026-07-07T06:52:29Z,2026,2026-01-01,2026-12-31,20260105,dc_member,BK0683.DC,央国企改革,概念板块,,600740.SH,山西焦化,20260105
2026-07-07T06:52:29Z,2026,2026-01-01,2026-12-31,20260105,dc_member,BK0683.DC,央国企改革,概念板块,,600653.SH,申华控股,20260105
2026-07-07T06:52:29Z,2026,2026-01-01,2026-12-31,20260105,dc_member,BK0683.DC,央国企改革,概念板块,,601186.SH,中国铁建,20260105
2026-07-07T06:52:29Z,2026,2026-01-01,2026-12-31,20260105,dc_member,BK0683.DC,央国企改革,概念板块,,000965.SZ,天保基建,20260105
2026-07-07T06:52:29Z,2026,2026-01-01,2026-12-31,20260105,dc_member,BK0683.DC,央国企改革,概念板块,,600123.SH,兰花科创,20260105
2026-07-07T06:52:29Z,2026,2026-01-01,2026-12-31,20260105,dc_member,BK0683.DC,央国企改革,概念板块,,920160.BJ,北矿检测,20260105
2026-07-07T06:52:29Z,2026,2026-01-01,2026-12-31,20260105,dc_member,BK0683.DC,央国企改革,概念板块,,000993.SZ,闽东电力,20260105
2026-07-07T06:52:29Z,2026,2026-01-01,2026-12-31,20260105,dc_member,BK0683.DC,央国企改革,概念板块,,600559.SH,老白干酒,20260105
2026-07-07T06:52:29Z,2026,2026-01-01,2026-12-31,20260105,dc_member,BK0683.DC,央国企改革,概念板块,,600597.SH,光明乳业,20260105
2026-07-07T06:52:29Z,2026,2026-01-01,2026-12-31,20260105,dc_member,BK0683.DC,央国企改革,概念板块,,001213.SZ,中铁特货,20260105
2026-07-07T06:52:29Z,2026,2026-01-01,2026-12-31,20260105,dc_member,BK0683.DC,央国企改革,概念板块,,603357.SH,设计总院,20260105
2026-07-07T06:52:29Z,2026,2026-01-01,2026-12-31,20260105,dc_member,BK0683.DC,央国企改革,概念板块,,600901.SH,江苏金租,20260105
2026-07-07T06:52:29Z,2026,2026-01-01,2026-12-31,20260105,dc_member,BK0683.DC,央国企改革,概念板块,,600560.SH,金自天正,20260105
2026-07-07T06:52:29Z,2026,2026-01-01,2026-12-31,20260105,dc_member,BK0683.DC,央国企改革,概念板块,,000900.SZ,现代投资,20260105
2026-07-07T06:52:29Z,2026,2026-01-01,2026-12-31,20260105,dc_member,BK0683.DC,央国企改革,概念板块,,600969.SH,郴电国际,20260105
2026-07-07T06:52:29Z,2026,2026-01-01,2026-12-31,20260105,dc_member,BK0683.DC,央国企改革,概念板块,,601800.SH,中国交建,20260105
2026-07-07T06:52:29Z,2026,2026-01-01,2026-12-31,20260105,dc_member,BK0683.DC,央国企改革,概念板块,,600449.SH,宁夏建材,20260105
2026-07-07T06:52:29Z,2026,2026-01-01,2026-12-31,20260105,dc_member,BK0683.DC,央国企改革,概念板块,,002676.SZ,顺威股份,20260105
2026-07-07T06:52:29Z,2026,2026-01-01,2026-12-31,20260105,dc_member,BK0683.DC,央国企改革,概念板块,,603088.SH,宁波精达,20260105
2026-07-07T06:52:29Z,2026,2026-01-01,2026-12-31,20260105,dc_member,BK0683.DC,央国企改革,概念板块,,601898.SH,中煤能源,20260105
2026-07-07T06:52:29Z,2026,2026-01-01,2026-12-31,20260105,dc_member,BK0683.DC,央国企改革,概念板块,,601298.SH,青岛港,20260105
2026-07-07T06:52:29Z,2026,2026-01-01,2026-12-31,20260105,dc_member,BK0683.DC,央国企改革,概念板块,,600725.SH,云维股份,20260105
2026-07-07T06:52:29Z,2026,2026-01-01,2026-12-31,20260105,dc_member,BK0683.DC,央国企改革,概念板块,,300621.SZ,维业股份,20260105
2026-07-07T06:52:29Z,2026,2026-01-01,2026-12-31,20260105,dc_member,BK0683.DC,央国企改革,概念板块,,000725.SZ,京东方Ａ,20260105
2026-07-07T06:52:29Z,2026,2026-01-01,2026-12-31,20260105,dc_member,BK0683.DC,央国企改革,概念板块,,300173.SZ,ST福能,20260105
2026-07-07T06:52:29Z,2026,2026-01-01,2026-12-31,20260105,dc_member,BK0683.DC,央国企改革,概念板块,,000750.SZ,国海证券,20260105
2026-07-07T06:52:29Z,2026,2026-01-01,2026-12-31,20260105,dc_member,BK0683.DC,央国企改革,概念板块,,600671.SH,天目药业,20260105
2026-07-07T06:52:29Z,2026,2026-01-01,2026-12-31,20260105,dc_member,BK0683.DC,央国企改革,概念板块,,000829.SZ,天音控股,20260105
2026-07-07T06:52:29Z,2026,2026-01-01,2026-12-31,20260105,dc_member,BK0683.DC,央国企改革,概念板块,,000521.SZ,长虹美菱,20260105
2026-07-07T06:52:29Z,2026,2026-01-01,2026-12-31,20260105,dc_member,BK0683.DC,央国企改革,概念板块,,601918.SH,新集能源,20260105
2026-07-07T06:52:29Z,2026,2026-01-01,2026-12-31,20260105,dc_member,BK0683.DC,央国企改革,概念板块,,600326.SH,西藏天路,20260105
2026-07-07T06:52:29Z,2026,2026-01-01,2026-12-31,20260105,dc_member,BK0683.DC,央国企改革,概念板块,,601059.SH,信达证券,20260105
2026-07-07T06:52:29Z,2026,2026-01-01,2026-12-31,20260105,dc_member,BK0683.DC,央国企改革,概念板块,,920964.BJ,润农节水,20260105
2026-07-07T06:52:29Z,2026,2026-01-01,2026-12-31,20260105,dc_member,BK0683.DC,央国企改革,概念板块,,600717.SH,天津港,20260105
2026-07-07T06:52:29Z,2026,2026-01-01,2026-12-31,20260105,dc_member,BK0683.DC,央国企改革,概念板块,,920892.BJ,广咨国际,20260105
2026-07-07T06:52:29Z,2026,2026-01-01,2026-12-31,20260105,dc_member,BK0683.DC,央国企改革,概念板块,,600569.SH,安阳钢铁,20260105
2026-07-07T06:52:29Z,2026,2026-01-01,2026-12-31,20260105,dc_member,BK0683.DC,央国企改革,概念板块,,002310.SZ,东方园林,20260105
2026-07-07T06:52:29Z,2026,2026-01-01,2026-12-31,20260105,dc_member,BK0683.DC,央国企改革,概念板块,,301136.SZ,招标股份,20260105
2026-07-07T06:52:29Z,2026,2026-01-01,2026-12-31,20260105,dc_member,BK0683.DC,央国企改革,概念板块,,000883.SZ,湖北能源,20260105
2026-07-07T06:52:29Z,2026,2026-01-01,2026-12-31,20260105,dc_member,BK0683.DC,央国企改革,概念板块,,600169.SH,ST太重,20260105
2026-07-07T06:52:29Z,2026,2026-01-01,2026-12-31,20260105,dc_member,BK0683.DC,央国企改革,概念板块,,600540.SH,新赛股份,20260105
2026-07-07T06:52:29Z,2026,2026-01-01,2026-12-31,20260105,dc_member,BK0683.DC,央国企改革,概念板块,,600734.SH,实达集团,20260105
2026-07-07T06:52:29Z,2026,2026-01-01,2026-12-31,20260105,dc_member,BK0683.DC,央国企改革,概念板块,,600189.SH,泉阳泉,20260105
2026-07-07T06:52:29Z,2026,2026-01-01,2026-12-31,20260105,dc_member,BK0683.DC,央国企改革,概念板块,,600059.SH,古越龙山,20260105
2026-07-07T06:52:29Z,2026,2026-01-01,2026-12-31,20260105,dc_member,BK0683.DC,央国企改革,概念板块,,600322.SH,津投城开,20260105
2026-07-07T06:52:29Z,2026,2026-01-01,2026-12-31,20260105,dc_member,BK0683.DC,央国企改革,概念板块,,600373.SH,中文传媒,20260105
2026-07-07T06:52:29Z,2026,2026-01-01,2026-12-31,20260105,dc_member,BK0683.DC,央国企改革,概念板块,,601868.SH,中国能建,20260105
2026-07-07T06:52:29Z,2026,2026-01-01,2026-12-31,20260105,dc_member,BK0683.DC,央国企改革,概念板块,,600239.SH,云南城投,20260105
2026-07-07T06:52:29Z,2026,2026-01-01,2026-12-31,20260105,dc_member,BK0683.DC,央国企改革,概念板块,,002431.SZ,棕榈股份,20260105
2026-07-07T06:52:29Z,2026,2026-01-01,2026-12-31,20260105,dc_member,BK0683.DC,央国企改革,概念板块,,000852.SZ,石化机械,20260105
2026-07-07T06:52:29Z,2026,2026-01-01,2026-12-31,20260105,dc_member,BK0683.DC,央国企改革,概念板块,,605006.SH,山东玻纤,20260105
2026-07-07T06:52:29Z,2026,2026-01-01,2026-12-31,20260105,dc_member,BK0683.DC,央国企改革,概念板块,,600895.SH,张江高科,20260105
2026-07-07T06:52:29Z,2026,2026-01-01,2026-12-31,20260105,dc_member,BK0683.DC,央国企改革,概念板块,,603199.SH,九华旅游,20260105
2026-07-07T06:52:29Z,2026,2026-01-01,2026-12-31,20260105,dc_member,BK0683.DC,央国企改革,概念板块,,002100.SZ,天康生物,20260105
2026-07-07T06:52:29Z,2026,2026-01-01,2026-12-31,20260105,dc_member,BK0683.DC,央国企改革,概念板块,,600419.SH,天润乳业,20260105
2026-07-07T06:52:29Z,2026,2026-01-01,2026-12-31,20260105,dc_member,BK0683.DC,央国企改革,概念板块,,600075.SH,新疆天业,20260105
2026-07-07T06:52:29Z,2026,2026-01-01,2026-12-31,20260105,dc_member,BK0683.DC,央国企改革,概念板块,,600039.SH,四川路桥,20260105
2026-07-07T06:52:29Z,2026,2026-01-01,2026-12-31,20260105,dc_member,BK0683.DC,央国企改革,概念板块,,000557.SZ,西部创业,20260105
2026-07-07T06:52:29Z,2026,2026-01-01,2026-12-31,20260105,dc_member,BK0683.DC,央国企改革,概念板块,,600149.SH,廊坊发展,20260105
2026-07-07T06:52:29Z,2026,2026-01-01,2026-12-31,20260105,dc_member,BK0683.DC,央国企改革,概念板块,,600662.SH,外服控股,20260105
2026-07-07T06:52:29Z,2026,2026-01-01,2026-12-31,20260105,dc_member,BK0683.DC,央国企改革,概念板块,,000898.SZ,鞍钢股份,20260105
2026-07-07T06:52:29Z,2026,2026-01-01,2026-12-31,20260105,dc_member,BK0683.DC,央国企改革,概念板块,,002692.SZ,远程股份,20260105
2026-07-07T06:52:29Z,2026,2026-01-01,2026-12-31,20260105,dc_member,BK0683.DC,央国企改革,概念板块,,601668.SH,中国建筑,20260105
2026-07-07T06:52:29Z,2026,2026-01-01,2026-12-31,20260105,dc_member,BK0683.DC,央国企改革,概念板块,,300237.SZ,ST美晨,20260105
2026-07-07T06:52:29Z,2026,2026-01-01,2026-12-31,20260105,dc_member,BK0683.DC,央国企改革,概念板块,,002445.SZ,中南文化,20260105
2026-07-07T06:52:29Z,2026,2026-01-01,2026-12-31,20260105,dc_member,BK0683.DC,央国企改革,概念板块,,000166.SZ,申万宏源,20260105
2026-07-07T06:52:29Z,2026,2026-01-01,2026-12-31,20260105,dc_member,BK0683.DC,央国企改革,概念板块,,600697.SH,欧亚集团,20260105
2026-07-07T06:52:29Z,2026,2026-01-01,2026-12-31,20260105,dc_member,BK0683.DC,央国企改革,概念板块,,000839.SZ,国安股份,20260105
2026-07-07T06:52:29Z,2026,2026-01-01,2026-12-31,20260105,dc_member,BK0683.DC,央国企改革,概念板块,,603071.SH,物产环能,20260105
2026-07-07T06:52:29Z,2026,2026-01-01,2026-12-31,20260105,dc_member,BK0683.DC,央国企改革,概念板块,,001236.SZ,弘业期货,20260105
2026-07-07T06:52:29Z,2026,2026-01-01,2026-12-31,20260105,dc_member,BK0683.DC,央国企改革,概念板块,,600616.SH,金枫酒业,20260105
2026-07-07T06:52:29Z,2026,2026-01-01,2026-12-31,20260105,dc_member,BK0683.DC,央国企改革,概念板块,,002528.SZ,ST英飞拓,20260105
2026-07-07T06:52:29Z,2026,2026-01-01,2026-12-31,20260105,dc_member,BK0683.DC,央国企改革,概念板块,,603066.SH,音飞储存,20260105
2026-07-07T06:52:29Z,2026,2026-01-01,2026-12-31,20260105,dc_member,BK0683.DC,央国企改革,概念板块,,601828.SH,美凯龙,20260105
2026-07-07T06:52:29Z,2026,2026-01-01,2026-12-31,20260105,dc_member,BK0683.DC,央国企改革,概念板块,,600805.SH,悦达投资,20260105
2026-07-07T06:52:29Z,2026,2026-01-01,2026-12-31,20260105,dc_member,BK0683.DC,央国企改革,概念板块,,601238.SH,广汽集团,20260105
2026-07-07T06:52:29Z,2026,2026-01-01,2026-12-31,20260105,dc_member,BK0683.DC,央国企改革,概念板块,,600287.SH,苏豪时尚,20260105
2026-07-07T06:52:29Z,2026,2026-01-01,2026-12-31,20260105,dc_member,BK0683.DC,央国企改革,概念板块,,603329.SH,上海雅仕,20260105
2026-07-07T06:52:29Z,2026,2026-01-01,2026-12-31,20260105,dc_member,BK0683.DC,央国企改革,概念板块,,600333.SH,长春燃气,20260105
2026-07-07T06:52:29Z,2026,2026-01-01,2026-12-31,20260105,dc_member,BK0683.DC,央国企改革,概念板块,,000909.SZ,ST数源,20260105
2026-07-07T06:52:29Z,2026,2026-01-01,2026-12-31,20260105,dc_member,BK0683.DC,央国企改革,概念板块,,000595.SZ,*ST宝实,20260105
2026-07-07T06:52:29Z,2026,2026-01-01,2026-12-31,20260105,dc_member,BK0683.DC,央国企改革,概念板块,,000767.SZ,晋控电力,20260105
2026-07-07T06:52:29Z,2026,2026-01-01,2026-12-31,20260105,dc_member,BK0683.DC,央国企改革,概念板块,,002114.SZ,罗平锌电,20260105
2026-07-07T06:52:29Z,2026,2026-01-01,2026-12-31,20260105,dc_member,BK0683.DC,央国企改革,概念板块,,603909.SH,建发合诚,20260105
2026-07-07T06:52:29Z,2026,2026-01-01,2026-12-31,20260105,dc_member,BK0683.DC,央国企改革,概念板块,,300185.SZ,通裕重工,20260105
2026-07-07T06:52:29Z,2026,2026-01-01,2026-12-31,20260105,dc_member,BK0683.DC,央国企改革,概念板块,,000008.SZ,神州高铁,20260105
2026-07-07T06:52:29Z,2026,2026-01-01,2026-12-31,20260105,dc_member,BK0683.DC,央国企改革,概念板块,,600021.SH,上海电力,20260105
2026-07-07T06:52:29Z,2026,2026-01-01,2026-12-31,20260105,dc_member,BK0683.DC,央国企改革,概念板块,,300711.SZ,广哈通信,20260105
2026-07-07T06:52:29Z,2026,2026-01-01,2026-12-31,20260105,dc_member,BK0683.DC,央国企改革,概念板块,,300927.SZ,江天化学,20260105
2026-07-07T06:52:29Z,2026,2026-01-01,2026-12-31,20260105,dc_member,BK0683.DC,央国企改革,概念板块,,600548.SH,深高速,20260105
2026-07-07T06:52:29Z,2026,2026-01-01,2026-12-31,20260105,dc_member,BK0683.DC,央国企改革,概念板块,,000906.SZ,浙商中拓,20260105
2026-07-07T06:52:29Z,2026,2026-01-01,2026-12-31,20260105,dc_member,BK0683.DC,央国企改革,概念板块,,002239.SZ,奥特佳,20260105
2026-07-07T06:52:29Z,2026,2026-01-01,2026-12-31,20260105,dc_member,BK0683.DC,央国企改革,概念板块,,000011.SZ,深物业A,20260105
2026-07-07T06:52:29Z,2026,2026-01-01,2026-12-31,20260105,dc_member,BK0683.DC,央国企改革,概念板块,,000541.SZ,佛山照明,20260105
2026-07-07T06:52:29Z,2026,2026-01-01,2026-12-31,20260105,dc_member,BK0683.DC,央国企改革,概念板块,,000498.SZ,山东路桥,20260105
2026-07-07T06:52:29Z,2026,2026-01-01,2026-12-31,20260105,dc_member,BK0683.DC,央国企改革,概念板块,,600900.SH,长江电力,20260105
2026-07-07T06:52:29Z,2026,2026-01-01,2026-12-31,20260105,dc_member,BK0683.DC,央国企改革,概念板块,,601107.SH,四川成渝,20260105
2026-07-07T06:52:29Z,2026,2026-01-01,2026-12-31,20260105,dc_member,BK0683.DC,央国企改革,概念板块,,002302.SZ,西部建设,20260105
2026-07-07T06:52:29Z,2026,2026-01-01,2026-12-31,20260105,dc_member,BK0683.DC,央国企改革,概念板块,,600893.SH,航发动力,20260105
2026-07-07T06:52:29Z,2026,2026-01-01,2026-12-31,20260105,dc_member,BK0683.DC,央国企改革,概念板块,,002926.SZ,华西证券,20260105
2026-07-07T06:52:29Z,2026,2026-01-01,2026-12-31,20260105,dc_member,BK0683.DC,央国企改革,概念板块,,000058.SZ,深 赛 格,20260105
2026-07-07T06:52:29Z,2026,2026-01-01,2026-12-31,20260105,dc_member,BK0683.DC,央国企改革,概念板块,,600981.SH,苏豪汇鸿,20260105
2026-07-07T06:52:29Z,2026,2026-01-01,2026-12-31,20260105,dc_member,BK0683.DC,央国企改革,概念板块,,600108.SH,亚盛集团,20260105
2026-07-07T06:52:29Z,2026,2026-01-01,2026-12-31,20260105,dc_member,BK0683.DC,央国企改革,概念板块,,600483.SH,福能股份,20260105
2026-07-07T06:52:29Z,2026,2026-01-01,2026-12-31,20260105,dc_member,BK0683.DC,央国企改革,概念板块,,301020.SZ,密封科技,20260105
2026-07-07T06:52:29Z,2026,2026-01-01,2026-12-31,20260105,dc_member,BK0683.DC,央国企改革,概念板块,,600638.SH,新黄浦,20260105
2026-07-07T06:52:29Z,2026,2026-01-01,2026-12-31,20260105,dc_member,BK0683.DC,央国企改革,概念板块,,000720.SZ,新能泰山,20260105
2026-07-07T06:52:29Z,2026,2026-01-01,2026-12-31,20260105,dc_member,BK0683.DC,央国企改革,概念板块,,601139.SH,深圳燃气,20260105
2026-07-07T06:52:29Z,2026,2026-01-01,2026-12-31,20260105,dc_member,BK0683.DC,央国企改革,概念板块,,600203.SH,福日电子,20260105
2026-07-07T06:52:29Z,2026,2026-01-01,2026-12-31,20260105,dc_member,BK0683.DC,央国企改革,概念板块,,601928.SH,凤凰传媒,20260105
2026-07-07T06:52:29Z,2026,2026-01-01,2026-12-31,20260105,dc_member,BK0683.DC,央国企改革,概念板块,,300859.SZ,西域旅游,20260105
2026-07-07T06:52:29Z,2026,2026-01-01,2026-12-31,20260105,dc_member,BK0683.DC,央国企改革,概念板块,,000800.SZ,一汽解放,20260105
2026-07-07T06:52:29Z,2026,2026-01-01,2026-12-31,20260105,dc_member,BK0683.DC,央国企改革,概念板块,,600712.SH,南宁百货,20260105
2026-07-07T06:52:29Z,2026,2026-01-01,2026-12-31,20260105,dc_member,BK0683.DC,央国企改革,概念板块,,601326.SH,秦港股份,20260105
2026-07-07T06:52:29Z,2026,2026-01-01,2026-12-31,20260105,dc_member,BK0683.DC,央国企改革,概念板块,,000738.SZ,航发控制,20260105
2026-07-07T06:52:29Z,2026,2026-01-01,2026-12-31,20260105,dc_member,BK0683.DC,央国企改革,概念板块,,300106.SZ,西部牧业,20260105
2026-07-07T06:52:29Z,2026,2026-01-01,2026-12-31,20260105,dc_member,BK0683.DC,央国企改革,概念板块,,600006.SH,东风股份,20260105
2026-07-07T06:52:29Z,2026,2026-01-01,2026-12-31,20260105,dc_member,BK0683.DC,央国企改革,概念板块,,002060.SZ,广东建工,20260105
2026-07-07T06:52:29Z,2026,2026-01-01,2026-12-31,20260105,dc_member,BK0683.DC,央国企改革,概念板块,,301058.SZ,中粮科工,20260105
2026-07-07T06:52:29Z,2026,2026-01-01,2026-12-31,20260105,dc_member,BK0683.DC,央国企改革,概念板块,,002069.SZ,獐子岛,20260105
2026-07-07T06:52:29Z,2026,2026-01-01,2026-12-31,20260105,dc_member,BK0683.DC,央国企改革,概念板块,,003816.SZ,中国广核,20260105
2026-07-07T06:52:29Z,2026,2026-01-01,2026-12-31,20260105,dc_member,BK0683.DC,央国企改革,概念板块,,601117.SH,中国化学,20260105
2026-07-07T06:52:29Z,2026,2026-01-01,2026-12-31,20260105,dc_member,BK0683.DC,央国企改革,概念板块,,600278.SH,东方创业,20260105
2026-07-07T06:52:29Z,2026,2026-01-01,2026-12-31,20260105,dc_member,BK0683.DC,央国企改革,概念板块,,600104.SH,上汽集团,20260105
2026-07-07T06:52:29Z,2026,2026-01-01,2026-12-31,20260105,dc_member,BK0683.DC,央国企改革,概念板块,,600310.SH,广西能源,20260105
2026-07-07T06:52:29Z,2026,2026-01-01,2026-12-31,20260105,dc_member,BK0683.DC,央国企改革,概念板块,,600790.SH,轻纺城,20260105
2026-07-07T06:52:29Z,2026,2026-01-01,2026-12-31,20260105,dc_member,BK0683.DC,央国企改革,概念板块,,601000.SH,唐山港,20260105
2026-07-07T06:52:29Z,2026,2026-01-01,2026-12-31,20260105,dc_member,BK0683.DC,央国企改革,概念板块,,600792.SH,云煤能源,20260105
2026-07-07T06:52:29Z,2026,2026-01-01,2026-12-31,20260105,dc_member,BK0683.DC,央国企改革,概念板块,,002769.SZ,普路通,20260105
2026-07-07T06:52:29Z,2026,2026-01-01,2026-12-31,20260105,dc_member,BK0683.DC,央国企改革,概念板块,,601226.SH,华电科工,20260105
2026-07-07T06:52:29Z,2026,2026-01-01,2026-12-31,20260105,dc_member,BK0683.DC,央国企改革,概念板块,,600368.SH,五洲交通,20260105
2026-07-07T06:52:29Z,2026,2026-01-01,2026-12-31,20260105,dc_member,BK0683.DC,央国企改革,概念板块,,600119.SH,长江投资,20260105
2026-07-07T06:52:29Z,2026,2026-01-01,2026-12-31,20260105,dc_member,BK0683.DC,央国企改革,概念板块,,600195.SH,中牧股份,20260105
2026-07-07T06:52:29Z,2026,2026-01-01,2026-12-31,20260105,dc_member,BK0683.DC,央国企改革,概念板块,,600733.SH,北汽蓝谷,20260105
2026-07-07T06:52:29Z,2026,2026-01-01,2026-12-31,20260105,dc_member,BK0683.DC,央国企改革,概念板块,,600480.SH,凌云股份,20260105
2026-07-07T06:52:29Z,2026,2026-01-01,2026-12-31,20260105,dc_member,BK0683.DC,央国企改革,概念板块,,600178.SH,东安动力,20260105
2026-07-07T06:52:29Z,2026,2026-01-01,2026-12-31,20260105,dc_member,BK0683.DC,央国企改革,概念板块,,600853.SH,龙建股份,20260105
2026-07-07T06:52:29Z,2026,2026-01-01,2026-12-31,20260105,dc_member,BK0683.DC,央国企改革,概念板块,,600886.SH,国投电力,20260105
2026-07-07T06:52:29Z,2026,2026-01-01,2026-12-31,20260105,dc_member,BK0683.DC,央国企改革,概念板块,,000401.SZ,金隅冀东,20260105
2026-07-07T06:52:29Z,2026,2026-01-01,2026-12-31,20260105,dc_member,BK0683.DC,央国企改革,概念板块,,601158.SH,重庆水务,20260105
2026-07-07T06:52:29Z,2026,2026-01-01,2026-12-31,20260105,dc_member,BK0683.DC,央国企改革,概念板块,,000014.SZ,沙河股份,20260105
2026-07-07T06:52:29Z,2026,2026-01-01,2026-12-31,20260105,dc_member,BK0683.DC,央国企改革,概念板块,,600827.SH,百联股份,20260105
2026-07-07T06:52:29Z,2026,2026-01-01,2026-12-31,20260105,dc_member,BK0683.DC,央国企改革,概念板块,,600925.SH,苏能股份,20260105
2026-07-07T06:52:29Z,2026,2026-01-01,2026-12-31,20260105,dc_member,BK0683.DC,央国企改革,概念板块,,600025.SH,华能水电,20260105
2026-07-07T06:52:29Z,2026,2026-01-01,2026-12-31,20260105,dc_member,BK0683.DC,央国企改革,概念板块,,601952.SH,苏垦农发,20260105
2026-07-07T06:52:29Z,2026,2026-01-01,2026-12-31,20260105,dc_member,BK0683.DC,央国企改革,概念板块,,601156.SH,东航物流,20260105
2026-07-07T06:52:29Z,2026,2026-01-01,2026-12-31,20260105,dc_member,BK0683.DC,央国企改革,概念板块,,603082.SH,北自科技,20260105
2026-07-07T06:52:29Z,2026,2026-01-01,2026-12-31,20260105,dc_member,BK0683.DC,央国企改革,概念板块,,000547.SZ,航天发展,20260105
2026-07-07T06:52:29Z,2026,2026-01-01,2026-12-31,20260105,dc_member,BK0683.DC,央国企改革,概念板块,,000825.SZ,太钢不锈,20260105
2026-07-07T06:52:29Z,2026,2026-01-01,2026-12-31,20260105,dc_member,BK0683.DC,央国企改革,概念板块,,600637.SH,东方明珠,20260105
2026-07-07T06:52:29Z,2026,2026-01-01,2026-12-31,20260105,dc_member,BK0683.DC,央国企改革,概念板块,,600023.SH,浙能电力,20260105
2026-07-07T06:52:29Z,2026,2026-01-01,2026-12-31,20260105,dc_member,BK0683.DC,央国企改革,概念板块,,601789.SH,宁波建工,20260105
2026-07-07T06:52:29Z,2026,2026-01-01,2026-12-31,20260105,dc_member,BK0683.DC,央国企改革,概念板块,,601003.SH,柳钢股份,20260105
2026-07-07T06:52:29Z,2026,2026-01-01,2026-12-31,20260105,dc_member,BK0683.DC,央国企改革,概念板块,,603985.SH,恒润股份,20260105
2026-07-07T06:52:29Z,2026,2026-01-01,2026-12-31,20260105,dc_member,BK0683.DC,央国企改革,概念板块,,002116.SZ,中国海诚,20260105
2026-07-07T06:52:29Z,2026,2026-01-01,2026-12-31,20260105,dc_member,BK0683.DC,央国企改革,概念板块,,600429.SH,三元股份,20260105
2026-07-07T06:52:29Z,2026,2026-01-01,2026-12-31,20260105,dc_member,BK0683.DC,央国企改革,概念板块,,000507.SZ,珠海港,20260105
2026-07-07T06:52:29Z,2026,2026-01-01,2026-12-31,20260105,dc_member,BK0683.DC,央国企改革,概念板块,,601008.SH,连云港,20260105
2026-07-07T06:52:29Z,2026,2026-01-01,2026-12-31,20260105,dc_member,BK0683.DC,央国企改革,概念板块,,000828.SZ,东莞控股,20260105
2026-07-07T06:52:29Z,2026,2026-01-01,2026-12-31,20260105,dc_member,BK0683.DC,央国企改革,概念板块,,600018.SH,上港集团,20260105
2026-07-07T06:52:29Z,2026,2026-01-01,2026-12-31,20260105,dc_member,BK0683.DC,央国企改革,概念板块,,002386.SZ,天原股份,20260105
2026-07-07T06:52:29Z,2026,2026-01-01,2026-12-31,20260105,dc_member,BK0683.DC,央国企改革,概念板块,,688295.SH,中复神鹰,20260105
2026-07-07T06:52:29Z,2026,2026-01-01,2026-12-31,20260105,dc_member,BK0683.DC,央国企改革,概念板块,,000570.SZ,苏常柴Ａ,20260105
2026-07-07T06:52:29Z,2026,2026-01-01,2026-12-31,20260105,dc_member,BK0683.DC,央国企改革,概念板块,,688543.SH,国科军工,20260105
2026-07-07T06:52:29Z,2026,2026-01-01,2026-12-31,20260105,dc_member,BK0683.DC,央国企改革,概念板块,,000948.SZ,南天信息,20260105
2026-07-07T06:52:29Z,2026,2026-01-01,2026-12-31,20260105,dc_member,BK0683.DC,央国企改革,概念板块,,000524.SZ,岭南控股,20260105
2026-07-07T06:52:29Z,2026,2026-01-01,2026-12-31,20260105,dc_member,BK0683.DC,央国企改革,概念板块,,002802.SZ,洪汇新材,20260105
2026-07-07T06:52:29Z,2026,2026-01-01,2026-12-31,20260105,dc_member,BK0683.DC,央国企改革,概念板块,,600098.SH,广州发展,20260105
2026-07-07T06:52:29Z,2026,2026-01-01,2026-12-31,20260105,dc_member,BK0683.DC,央国企改革,概念板块,,002686.SZ,亿利达,20260105
2026-07-07T06:52:29Z,2026,2026-01-01,2026-12-31,20260105,dc_member,BK0683.DC,央国企改革,概念板块,,000758.SZ,中色股份,20260105
2026-07-07T06:52:29Z,2026,2026-01-01,2026-12-31,20260105,dc_member,BK0683.DC,央国企改革,概念板块,,300393.SZ,中来股份,20260105
2026-07-07T06:52:29Z,2026,2026-01-01,2026-12-31,20260105,dc_member,BK0683.DC,央国企改革,概念板块,,000605.SZ,渤海股份,20260105
2026-07-07T06:52:29Z,2026,2026-01-01,2026-12-31,20260105,dc_member,BK0683.DC,央国企改革,概念板块,,301215.SZ,中汽股份,20260105
2026-07-07T06:52:29Z,2026,2026-01-01,2026-12-31,20260105,dc_member,BK0683.DC,央国企改革,概念板块,,600866.SH,星湖科技,20260105
2026-07-07T06:52:29Z,2026,2026-01-01,2026-12-31,20260105,dc_member,BK0683.DC,央国企改革,概念板块,,300722.SZ,新余国科,20260105
2026-07-07T06:52:29Z,2026,2026-01-01,2026-12-31,20260105,dc_member,BK0683.DC,央国企改革,概念板块,,300219.SZ,鸿利智汇,20260105
2026-07-07T06:52:29Z,2026,2026-01-01,2026-12-31,20260105,dc_member,BK0683.DC,央国企改革,概念板块,,600651.SH,飞乐音响,20260105
2026-07-07T06:52:29Z,2026,2026-01-01,2026-12-31,20260105,dc_member,BK0683.DC,央国企改革,概念板块,,000551.SZ,创元科技,20260105
2026-07-07T06:52:29Z,2026,2026-01-01,2026-12-31,20260105,dc_member,BK0683.DC,央国企改革,概念板块,,300096.SZ,ST易联众,20260105
2026-07-07T06:52:29Z,2026,2026-01-01,2026-12-31,20260105,dc_member,BK0683.DC,央国企改革,概念板块,,600476.SH,湘邮科技,20260105
2026-07-07T06:52:29Z,2026,2026-01-01,2026-12-31,20260105,dc_member,BK0683.DC,央国企改革,概念板块,,300388.SZ,节能国祯,20260105
2026-07-07T06:52:29Z,2026,2026-01-01,2026-12-31,20260105,dc_member,BK0683.DC,央国企改革,概念板块,,600916.SH,中国黄金,20260105
2026-07-07T06:52:29Z,2026,2026-01-01,2026-12-31,20260105,dc_member,BK0683.DC,央国企改革,概念板块,,600528.SH,中铁工业,20260105
2026-07-07T06:52:29Z,2026,2026-01-01,2026-12-31,20260105,dc_member,BK0683.DC,央国企改革,概念板块,,000026.SZ,飞亚达,20260105
2026-07-07T06:52:29Z,2026,2026-01-01,2026-12-31,20260105,dc_member,BK0683.DC,央国企改革,概念板块,,600356.SH,恒丰纸业,20260105
2026-07-07T06:52:29Z,2026,2026-01-01,2026-12-31,20260105,dc_member,BK0683.DC,央国企改革,概念板块,,002561.SZ,徐家汇,20260105
2026-07-07T06:52:29Z,2026,2026-01-01,2026-12-31,20260105,dc_member,BK0683.DC,央国企改革,概念板块,,600299.SH,安迪苏,20260105
2026-07-07T06:52:29Z,2026,2026-01-01,2026-12-31,20260105,dc_member,BK0683.DC,央国企改革,概念板块,,600085.SH,同仁堂,20260105
2026-07-07T06:52:29Z,2026,2026-01-01,2026-12-31,20260105,dc_member,BK0683.DC,央国企改革,概念板块,,002393.SZ,力生制药,20260105
2026-07-07T06:52:29Z,2026,2026-01-01,2026-12-31,20260105,dc_member,BK0683.DC,央国企改革,概念板块,,601083.SH,锦江航运,20260105
2026-07-07T06:52:29Z,2026,2026-01-01,2026-12-31,20260105,dc_member,BK0683.DC,央国企改革,概念板块,,603099.SH,长白山,20260105
2026-07-07T06:52:29Z,2026,2026-01-01,2026-12-31,20260105,dc_member,BK0683.DC,央国企改革,概念板块,,600026.SH,中远海能,20260105
2026-07-07T06:52:29Z,2026,2026-01-01,2026-12-31,20260105,dc_member,BK0683.DC,央国企改革,概念板块,,300087.SZ,荃银高科,20260105
2026-07-07T06:52:29Z,2026,2026-01-01,2026-12-31,20260105,dc_member,BK0683.DC,央国企改革,概念板块,,600388.SH,龙净环保,20260105
2026-07-07T06:52:29Z,2026,2026-01-01,2026-12-31,20260105,dc_member,BK0683.DC,央国企改革,概念板块,,300342.SZ,天银机电,20260105
2026-07-07T06:52:29Z,2026,2026-01-01,2026-12-31,20260105,dc_member,BK0683.DC,央国企改革,概念板块,,601177.SH,杭齿前进,20260105
2026-07-07T06:52:29Z,2026,2026-01-01,2026-12-31,20260105,dc_member,BK0683.DC,央国企改革,概念板块,,600367.SH,红星发展,20260105
2026-07-07T06:52:29Z,2026,2026-01-01,2026-12-31,20260105,dc_member,BK0683.DC,央国企改革,概念板块,,603677.SH,奇精机械,20260105
2026-07-07T06:52:29Z,2026,2026-01-01,2026-12-31,20260105,dc_member,BK0683.DC,央国企改革,概念板块,,001328.SZ,登康口腔,20260105
2026-07-07T06:52:29Z,2026,2026-01-01,2026-12-31,20260105,dc_member,BK0683.DC,央国企改革,概念板块,,920640.BJ,富士达,20260105
2026-07-07T06:52:29Z,2026,2026-01-01,2026-12-31,20260105,dc_member,BK0683.DC,央国企改革,概念板块,,688119.SH,中钢洛耐,20260105
2026-07-07T06:52:29Z,2026,2026-01-01,2026-12-31,20260105,dc_member,BK0683.DC,央国企改革,概念板块,,601658.SH,邮储银行,20260105
2026-07-07T06:52:29Z,2026,2026-01-01,2026-12-31,20260105,dc_member,BK0683.DC,央国企改革,概念板块,,601618.SH,中国中冶,20260105
2026-07-07T06:52:29Z,2026,2026-01-01,2026-12-31,20260105,dc_member,BK0683.DC,央国企改革,概念板块,,601500.SH,通用股份,20260105
2026-07-07T06:52:29Z,2026,2026-01-01,2026-12-31,20260105,dc_member,BK0683.DC,央国企改革,概念板块,,601390.SH,中国中铁,20260105
2026-07-07T06:52:29Z,2026,2026-01-01,2026-12-31,20260105,dc_member,BK0683.DC,央国企改革,概念板块,,601228.SH,广州港,20260105
2026-07-07T06:52:29Z,2026,2026-01-01,2026-12-31,20260105,dc_member,BK0683.DC,央国企改革,概念板块,,601006.SH,大秦铁路,20260105
2026-07-07T06:52:29Z,2026,2026-01-01,2026-12-31,20260105,dc_member,BK0683.DC,央国企改革,概念板块,,601005.SH,重庆钢铁,20260105
2026-07-07T06:52:29Z,2026,2026-01-01,2026-12-31,20260105,dc_member,BK0683.DC,央国企改革,概念板块,,600997.SH,开滦股份,20260105
2026-07-07T06:52:29Z,2026,2026-01-01,2026-12-31,20260105,dc_member,BK0683.DC,央国企改革,概念板块,,600971.SH,恒源煤电,20260105
2026-07-07T06:52:29Z,2026,2026-01-01,2026-12-31,20260105,dc_member,BK0683.DC,央国企改革,概念板块,,600935.SH,华塑股份,20260105
2026-07-07T06:52:29Z,2026,2026-01-01,2026-12-31,20260105,dc_member,BK0683.DC,央国企改革,概念板块,,600897.SH,厦门空港,20260105
2026-07-07T06:52:29Z,2026,2026-01-01,2026-12-31,20260105,dc_member,BK0683.DC,央国企改革,概念板块,,600881.SH,亚泰集团,20260105
2026-07-07T06:52:29Z,2026,2026-01-01,2026-12-31,20260105,dc_member,BK0683.DC,央国企改革,概念板块,,600726.SH,华电能源,20260105
2026-07-07T06:52:29Z,2026,2026-01-01,2026-12-31,20260105,dc_member,BK0683.DC,央国企改革,概念板块,,600716.SH,凤凰股份,20260105
2026-07-07T06:52:29Z,2026,2026-01-01,2026-12-31,20260105,dc_member,BK0683.DC,央国企改革,概念板块,,600691.SH,潞化科技,20260105
2026-07-07T06:52:29Z,2026,2026-01-01,2026-12-31,20260105,dc_member,BK0683.DC,央国企改革,概念板块,,600683.SH,京投发展,20260105
2026-07-07T06:52:29Z,2026,2026-01-01,2026-12-31,20260105,dc_member,BK0683.DC,央国企改革,概念板块,,600668.SH,尖峰集团,20260105
2026-07-07T06:52:29Z,2026,2026-01-01,2026-12-31,20260105,dc_member,BK0683.DC,央国企改革,概念板块,,600558.SH,大西洋,20260105
2026-07-07T06:52:29Z,2026,2026-01-01,2026-12-31,20260105,dc_member,BK0683.DC,央国企改革,概念板块,,600523.SH,贵航股份,20260105
2026-07-07T06:52:29Z,2026,2026-01-01,2026-12-31,20260105,dc_member,BK0683.DC,央国企改革,概念板块,,600502.SH,安徽建工,20260105
2026-07-07T06:52:29Z,2026,2026-01-01,2026-12-31,20260105,dc_member,BK0683.DC,央国企改革,概念板块,,600500.SH,中化国际,20260105
2026-07-07T06:52:29Z,2026,2026-01-01,2026-12-31,20260105,dc_member,BK0683.DC,央国企改革,概念板块,,600307.SH,酒钢宏兴,20260105
2026-07-07T06:52:29Z,2026,2026-01-01,2026-12-31,20260105,dc_member,BK0683.DC,央国企改革,概念板块,,600305.SH,恒顺醋业,20260105
2026-07-07T06:52:29Z,2026,2026-01-01,2026-12-31,20260105,dc_member,BK0683.DC,央国企改革,概念板块,,600300.SH,维维股份,20260105
2026-07-07T06:52:29Z,2026,2026-01-01,2026-12-31,20260105,dc_member,BK0683.DC,央国企改革,概念板块,,600127.SH,金健米业,20260105
2026-07-07T06:52:29Z,2026,2026-01-01,2026-12-31,20260105,dc_member,BK0683.DC,央国企改革,概念板块,,600058.SH,五矿发展,20260105
2026-07-07T06:52:29Z,2026,2026-01-01,2026-12-31,20260105,dc_member,BK0683.DC,央国企改革,概念板块,,600022.SH,山东钢铁,20260105
2026-07-07T06:52:29Z,2026,2026-01-01,2026-12-31,20260105,dc_member,BK0683.DC,央国企改革,概念板块,,600017.SH,日照港,20260105
2026-07-07T06:52:29Z,2026,2026-01-01,2026-12-31,20260105,dc_member,BK0683.DC,央国企改革,概念板块,,600004.SH,白云机场,20260105
2026-07-07T06:52:29Z,2026,2026-01-01,2026-12-31,20260105,dc_member,BK0683.DC,央国企改革,概念板块,,300797.SZ,钢研纳克,20260105
2026-07-07T06:52:29Z,2026,2026-01-01,2026-12-31,20260105,dc_member,BK0683.DC,央国企改革,概念板块,,300266.SZ,兴源环境,20260105
2026-07-07T06:52:29Z,2026,2026-01-01,2026-12-31,20260105,dc_member,BK0683.DC,央国企改革,概念板块,,300091.SZ,金通灵,20260105
2026-07-07T06:52:29Z,2026,2026-01-01,2026-12-31,20260105,dc_member,BK0683.DC,央国企改革,概念板块,,300013.SZ,新宁物流,20260105
2026-07-07T06:52:29Z,2026,2026-01-01,2026-12-31,20260105,dc_member,BK0683.DC,央国企改革,概念板块,,002258.SZ,利尔化学,20260105
2026-07-07T06:52:29Z,2026,2026-01-01,2026-12-31,20260105,dc_member,BK0683.DC,央国企改革,概念板块,,002066.SZ,瑞泰科技,20260105
2026-07-07T06:52:29Z,2026,2026-01-01,2026-12-31,20260105,dc_member,BK0683.DC,央国企改革,概念板块,,000897.SZ,津滨发展,20260105
2026-07-07T06:52:29Z,2026,2026-01-01,2026-12-31,20260105,dc_member,BK0683.DC,央国企改革,概念板块,,000875.SZ,吉电股份,20260105
2026-07-07T06:52:29Z,2026,2026-01-01,2026-12-31,20260105,dc_member,BK0683.DC,央国企改革,概念板块,,000822.SZ,山东海化,20260105
2026-07-07T06:52:29Z,2026,2026-01-01,2026-12-31,20260105,dc_member,BK0683.DC,央国企改革,概念板块,,000778.SZ,新兴铸管,20260105
2026-07-07T06:52:29Z,2026,2026-01-01,2026-12-31,20260105,dc_member,BK0683.DC,央国企改革,概念板块,,000753.SZ,漳州发展,20260105
2026-07-07T06:52:29Z,2026,2026-01-01,2026-12-31,20260105,dc_member,BK0683.DC,央国企改革,概念板块,,000488.SZ,ST晨鸣,20260105
2026-07-07T06:52:29Z,2026,2026-01-01,2026-12-31,20260105,dc_member,BK0683.DC,央国企改革,概念板块,,000088.SZ,盐 田 港,20260105
2026-07-07T06:52:29Z,2026,2026-01-01,2026-12-31,20260105,dc_member,BK0683.DC,央国企改革,概念板块,,600861.SH,北京人力,20260105
2026-07-07T06:52:29Z,2026,2026-01-01,2026-12-31,20260105,dc_member,BK0683.DC,央国企改革,概念板块,,600298.SH,安琪酵母,20260105
2026-07-07T06:52:29Z,2026,2026-01-01,2026-12-31,20260105,dc_member,BK0683.DC,央国企改革,概念板块,,002708.SZ,光洋股份,20260105
2026-07-07T06:52:29Z,2026,2026-01-01,2026-12-31,20260105,dc_member,BK0683.DC,央国企改革,概念板块,,603213.SH,镇洋发展,20260105
2026-07-07T06:52:29Z,2026,2026-01-01,2026-12-31,20260105,dc_member,BK0683.DC,央国企改革,概念板块,,600292.SH,远达环保,20260105
2026-07-07T06:52:29Z,2026,2026-01-01,2026-12-31,20260105,dc_member,BK0683.DC,央国企改革,概念板块,,600573.SH,惠泉啤酒,20260105
2026-07-07T06:52:29Z,2026,2026-01-01,2026-12-31,20260105,dc_member,BK0683.DC,央国企改革,概念板块,,002883.SZ,中设股份,20260105
2026-07-07T06:52:29Z,2026,2026-01-01,2026-12-31,20260105,dc_member,BK0683.DC,央国企改革,概念板块,,002778.SZ,中晟高科,20260105
2026-07-07T06:52:29Z,2026,2026-01-01,2026-12-31,20260105,dc_member,BK0683.DC,央国企改革,概念板块,,603016.SH,新宏泰,20260105
2026-07-07T06:52:29Z,2026,2026-01-01,2026-12-31,20260105,dc_member,BK0683.DC,央国企改革,概念板块,,920418.BJ,苏轴股份,20260105
2026-07-07T06:52:29Z,2026,2026-01-01,2026-12-31,20260105,dc_member,BK0683.DC,央国企改革,概念板块,,002037.SZ,保利联合,20260105
2026-07-07T06:52:29Z,2026,2026-01-01,2026-12-31,20260105,dc_member,BK0683.DC,央国企改革,概念板块,,002091.SZ,江苏国泰,20260105
2026-07-07T06:52:29Z,2026,2026-01-01,2026-12-31,20260105,dc_member,BK0683.DC,央国企改革,概念板块,,601872.SH,招商轮船,20260105
2026-07-07T06:52:29Z,2026,2026-01-01,2026-12-31,20260105,dc_member,BK0683.DC,央国企改革,概念板块,,000951.SZ,中国重汽,20260105
2026-07-07T06:52:29Z,2026,2026-01-01,2026-12-31,20260105,dc_member,BK0683.DC,央国企改革,概念板块,,600328.SH,中盐化工,20260105
2026-07-07T06:52:29Z,2026,2026-01-01,2026-12-31,20260105,dc_member,BK0683.DC,央国企改革,概念板块,,600598.SH,北大荒,20260105
2026-07-07T06:52:29Z,2026,2026-01-01,2026-12-31,20260105,dc_member,BK0683.DC,央国企改革,概念板块,,300128.SZ,锦富技术,20260105
2026-07-07T06:52:29Z,2026,2026-01-01,2026-12-31,20260105,dc_member,BK0683.DC,央国企改革,概念板块,,603999.SH,读者传媒,20260105
2026-07-07T06:52:29Z,2026,2026-01-01,2026-12-31,20260105,dc_member,BK0683.DC,央国企改革,概念板块,,600235.SH,民丰特纸,20260105
2026-07-07T06:52:29Z,2026,2026-01-01,2026-12-31,20260105,dc_member,BK0683.DC,央国企改革,概念板块,,603318.SH,水发燃气,20260105
2026-07-07T06:52:29Z,2026,2026-01-01,2026-12-31,20260105,dc_member,BK0683.DC,央国企改革,概念板块,,001872.SZ,招商港口,20260105
2026-07-07T06:52:29Z,2026,2026-01-01,2026-12-31,20260105,dc_member,BK0683.DC,央国企改革,概念板块,,600313.SH,农发种业,20260105
2026-07-07T06:52:29Z,2026,2026-01-01,2026-12-31,20260105,dc_member,BK0683.DC,央国企改革,概念板块,,600125.SH,铁龙物流,20260105
2026-07-07T06:52:29Z,2026,2026-01-01,2026-12-31,20260105,dc_member,BK0683.DC,央国企改革,概念板块,,600841.SH,动力新科,20260105
2026-07-07T06:52:29Z,2026,2026-01-01,2026-12-31,20260105,dc_member,BK0683.DC,央国企改革,概念板块,,000529.SZ,广弘控股,20260105
2026-07-07T06:52:29Z,2026,2026-01-01,2026-12-31,20260105,dc_member,BK0683.DC,央国企改革,概念板块,,002697.SZ,红旗连锁,20260105
2026-07-07T06:52:29Z,2026,2026-01-01,2026-12-31,20260105,dc_member,BK0683.DC,央国企改革,概念板块,,600975.SH,新五丰,20260105
2026-07-07T06:52:29Z,2026,2026-01-01,2026-12-31,20260105,dc_member,BK0683.DC,央国企改革,概念板块,,301517.SZ,陕西华达,20260105
2026-07-07T06:52:29Z,2026,2026-01-01,2026-12-31,20260105,dc_member,BK0683.DC,央国企改革,概念板块,,002016.SZ,世荣兆业,20260105
2026-07-07T06:52:29Z,2026,2026-01-01,2026-12-31,20260105,dc_member,BK0683.DC,央国企改革,概念板块,,600009.SH,上海机场,20260105
2026-07-07T06:52:29Z,2026,2026-01-01,2026-12-31,20260105,dc_member,BK0683.DC,央国企改革,概念板块,,600822.SH,上海物贸,20260105
2026-07-07T06:52:29Z,2026,2026-01-01,2026-12-31,20260105,dc_member,BK0683.DC,央国企改革,概念板块,,600793.SH,宜宾纸业,20260105
2026-07-07T06:52:29Z,2026,2026-01-01,2026-12-31,20260105,dc_member,BK0683.DC,央国企改革,概念板块,,600269.SH,赣粤高速,20260105
2026-07-07T06:52:29Z,2026,2026-01-01,2026-12-31,20260105,dc_member,BK0683.DC,央国企改革,概念板块,,601369.SH,陕鼓动力,20260105
2026-07-07T06:52:29Z,2026,2026-01-01,2026-12-31,20260105,dc_member,BK0683.DC,央国企改革,概念板块,,000868.SZ,安凯客车,20260105
2026-07-07T06:52:29Z,2026,2026-01-01,2026-12-31,20260105,dc_member,BK0683.DC,央国企改革,概念板块,,002408.SZ,齐翔腾达,20260105
2026-07-07T06:52:29Z,2026,2026-01-01,2026-12-31,20260105,dc_member,BK0683.DC,央国企改革,概念板块,,000582.SZ,北部湾港,20260105
2026-07-07T06:52:29Z,2026,2026-01-01,2026-12-31,20260105,dc_member,BK0683.DC,央国企改革,概念板块,,002096.SZ,易普力,20260105
2026-07-07T06:52:29Z,2026,2026-01-01,2026-12-31,20260105,dc_member,BK0683.DC,央国企改革,概念板块,,600386.SH,北巴传媒,20260105
2026-07-07T06:52:29Z,2026,2026-01-01,2026-12-31,20260105,dc_member,BK0683.DC,央国企改革,概念板块,,600684.SH,珠江股份,20260105
2026-07-07T06:52:29Z,2026,2026-01-01,2026-12-31,20260105,dc_member,BK0683.DC,央国企改革,概念板块,,000637.SZ,茂化实华,20260105
2026-07-07T06:52:29Z,2026,2026-01-01,2026-12-31,20260105,dc_member,BK0683.DC,央国企改革,概念板块,,600020.SH,中原高速,20260105
2026-07-07T06:52:29Z,2026,2026-01-01,2026-12-31,20260105,dc_member,BK0683.DC,央国企改革,概念板块,,002484.SZ,江海股份,20260105
2026-07-07T06:52:29Z,2026,2026-01-01,2026-12-31,20260105,dc_member,BK0683.DC,央国企改革,概念板块,,600348.SH,华阳股份,20260105
2026-07-07T06:52:29Z,2026,2026-01-01,2026-12-31,20260105,dc_member,BK0683.DC,央国企改革,概念板块,,000581.SZ,威孚高科,20260105
2026-07-07T06:52:29Z,2026,2026-01-01,2026-12-31,20260105,dc_member,BK0683.DC,央国企改革,概念板块,,600082.SH,海泰发展,20260105
2026-07-07T06:52:29Z,2026,2026-01-01,2026-12-31,20260105,dc_member,BK0683.DC,央国企改革,概念板块,,002820.SZ,桂发祥,20260105
2026-07-07T06:52:29Z,2026,2026-01-01,2026-12-31,20260105,dc_member,BK0683.DC,央国企改革,概念板块,,300523.SZ,辰安科技,20260105
2026-07-07T06:52:29Z,2026,2026-01-01,2026-12-31,20260105,dc_member,BK0683.DC,央国企改革,概念板块,,000625.SZ,长安汽车,20260105
2026-07-07T06:52:29Z,2026,2026-01-01,2026-12-31,20260105,dc_member,BK0683.DC,央国企改革,概念板块,,002429.SZ,兆驰股份,20260105
2026-07-07T06:52:29Z,2026,2026-01-01,2026-12-31,20260105,dc_member,BK0683.DC,央国企改革,概念板块,,920837.BJ,华原股份,20260105
2026-07-07T06:52:29Z,2026,2026-01-01,2026-12-31,20260105,dc_member,BK0683.DC,央国企改革,概念板块,,601188.SH,龙江交通,20260105
2026-07-07T06:52:29Z,2026,2026-01-01,2026-12-31,20260105,dc_member,BK0683.DC,央国企改革,概念板块,,000089.SZ,深圳机场,20260105
2026-07-07T06:52:29Z,2026,2026-01-01,2026-12-31,20260105,dc_member,BK0683.DC,央国企改革,概念板块,,601818.SH,光大银行,20260105
2026-07-07T06:52:29Z,2026,2026-01-01,2026-12-31,20260105,dc_member,BK0683.DC,央国企改革,概念板块,,000421.SZ,南京公用,20260105
2026-07-07T06:52:29Z,2026,2026-01-01,2026-12-31,20260105,dc_member,BK0683.DC,央国企改革,概念板块,,600737.SH,中粮糖业,20260105
2026-07-07T06:52:29Z,2026,2026-01-01,2026-12-31,20260105,dc_member,BK0683.DC,央国企改革,概念板块,,603701.SH,德宏股份,20260105
2026-07-07T06:52:29Z,2026,2026-01-01,2026-12-31,20260105,dc_member,BK0683.DC,央国企改革,概念板块,,600679.SH,上海凤凰,20260105
2026-07-07T06:52:29Z,2026,2026-01-01,2026-12-31,20260105,dc_member,BK0683.DC,央国企改革,概念板块,,600339.SH,中油工程,20260105
2026-07-07T06:52:29Z,2026,2026-01-01,2026-12-31,20260105,dc_member,BK0683.DC,央国企改革,概念板块,,000702.SZ,正虹科技,20260105
2026-07-07T06:52:29Z,2026,2026-01-01,2026-12-31,20260105,dc_member,BK0683.DC,央国企改革,概念板块,,600750.SH,江中药业,20260105
2026-07-07T06:52:29Z,2026,2026-01-01,2026-12-31,20260105,dc_member,BK0683.DC,央国企改革,概念板块,,601608.SH,中信重工,20260105
2026-07-07T06:52:29Z,2026,2026-01-01,2026-12-31,20260105,dc_member,BK0683.DC,央国企改革,概念板块,,002516.SZ,旷达科技,20260105
2026-07-07T06:52:29Z,2026,2026-01-01,2026-12-31,20260105,dc_member,BK0683.DC,央国企改革,概念板块,,600820.SH,隧道股份,20260105
2026-07-07T06:52:29Z,2026,2026-01-01,2026-12-31,20260105,dc_member,BK0683.DC,央国企改革,概念板块,,600765.SH,中航重机,20260105
2026-07-07T06:52:29Z,2026,2026-01-01,2026-12-31,20260105,dc_member,BK0683.DC,央国企改革,概念板块,,000619.SZ,海螺新材,20260105
2026-07-07T06:52:29Z,2026,2026-01-01,2026-12-31,20260105,dc_member,BK0683.DC,央国企改革,概念板块,,601939.SH,建设银行,20260105
2026-07-07T06:52:29Z,2026,2026-01-01,2026-12-31,20260105,dc_member,BK0683.DC,央国企改革,概念板块,,300290.SZ,荣科科技,20260105
2026-07-07T06:52:29Z,2026,2026-01-01,2026-12-31,20260105,dc_member,BK0683.DC,央国企改革,概念板块,,601333.SH,广深铁路,20260105
2026-07-07T06:52:29Z,2026,2026-01-01,2026-12-31,20260105,dc_member,BK0683.DC,央国企改革,概念板块,,002911.SZ,佛燃能源,20260105
2026-07-07T06:52:29Z,2026,2026-01-01,2026-12-31,20260105,dc_member,BK0683.DC,央国企改革,概念板块,,000881.SZ,中广核技,20260105
2026-07-07T06:52:29Z,2026,2026-01-01,2026-12-31,20260105,dc_member,BK0683.DC,央国企改革,概念板块,,605011.SH,杭州热电,20260105
2026-07-07T06:52:29Z,2026,2026-01-01,2026-12-31,20260105,dc_member,BK0683.DC,央国企改革,概念板块,,000425.SZ,徐工机械,20260105
2026-07-07T06:52:29Z,2026,2026-01-01,2026-12-31,20260105,dc_member,BK0683.DC,央国企改革,概念板块,,688750.SH,金天钛业,20260105
2026-07-07T06:52:29Z,2026,2026-01-01,2026-12-31,20260105,dc_member,BK0683.DC,央国企改革,概念板块,,002989.SZ,中天精装,20260105
2026-07-07T06:52:29Z,2026,2026-01-01,2026-12-31,20260105,dc_member,BK0683.DC,央国企改革,概念板块,,002633.SZ,申科股份,20260105
2026-07-07T06:52:29Z,2026,2026-01-01,2026-12-31,20260105,dc_member,BK0683.DC,央国企改革,概念板块,,000850.SZ,华茂股份,20260105
2026-07-07T06:52:29Z,2026,2026-01-01,2026-12-31,20260105,dc_member,BK0683.DC,央国企改革,概念板块,,600710.SH,苏美达,20260105
2026-07-07T06:52:29Z,2026,2026-01-01,2026-12-31,20260105,dc_member,BK0683.DC,央国企改革,概念板块,,600927.SH,永安期货,20260105
2026-07-07T06:52:29Z,2026,2026-01-01,2026-12-31,20260105,dc_member,BK0683.DC,央国企改革,概念板块,,000990.SZ,诚志股份,20260105
2026-07-07T06:52:29Z,2026,2026-01-01,2026-12-31,20260105,dc_member,BK0683.DC,央国企改革,概念板块,,600426.SH,华鲁恒升,20260105
2026-07-07T06:52:29Z,2026,2026-01-01,2026-12-31,20260105,dc_member,BK0683.DC,央国企改革,概念板块,,600099.SH,林海股份,20260105
2026-07-07T06:52:29Z,2026,2026-01-01,2026-12-31,20260105,dc_member,BK0683.DC,央国企改革,概念板块,,603299.SH,苏盐井神,20260105
2026-07-07T06:52:29Z,2026,2026-01-01,2026-12-31,20260105,dc_member,BK0683.DC,央国企改革,概念板块,,000589.SZ,贵州轮胎,20260105
2026-07-07T06:52:29Z,2026,2026-01-01,2026-12-31,20260105,dc_member,BK0683.DC,央国企改革,概念板块,,601816.SH,京沪高铁,20260105
2026-07-07T06:52:29Z,2026,2026-01-01,2026-12-31,20260105,dc_member,BK0683.DC,央国企改革,概念板块,,000558.SZ,天府文旅,20260105
2026-07-07T06:52:29Z,2026,2026-01-01,2026-12-31,20260105,dc_member,BK0683.DC,央国企改革,概念板块,,601866.SH,中远海发,20260105
2026-07-07T06:52:29Z,2026,2026-01-01,2026-12-31,20260105,dc_member,BK0683.DC,央国企改革,概念板块,,600795.SH,国电电力,20260105
2026-07-07T06:52:29Z,2026,2026-01-01,2026-12-31,20260105,dc_member,BK0683.DC,央国企改革,概念板块,,300321.SZ,同大股份,20260105
2026-07-07T06:52:29Z,2026,2026-01-01,2026-12-31,20260105,dc_member,BK0683.DC,央国企改革,概念板块,,600141.SH,兴发集团,20260105
2026-07-07T06:52:29Z,2026,2026-01-01,2026-12-31,20260105,dc_member,BK0683.DC,央国企改革,概念板块,,600990.SH,四创电子,20260105
2026-07-07T06:52:29Z,2026,2026-01-01,2026-12-31,20260105,dc_member,BK0683.DC,央国企改革,概念板块,,000617.SZ,中油资本,20260105
2026-07-07T06:52:29Z,2026,2026-01-01,2026-12-31,20260105,dc_member,BK0683.DC,央国企改革,概念板块,,600359.SH,新农开发,20260105
2026-07-07T06:52:29Z,2026,2026-01-01,2026-12-31,20260105,dc_member,BK0683.DC,央国企改革,概念板块,,001219.SZ,青岛食品,20260105
2026-07-07T06:52:29Z,2026,2026-01-01,2026-12-31,20260105,dc_member,BK0683.DC,央国企改革,概念板块,,002344.SZ,海宁皮城,20260105
2026-07-07T06:52:29Z,2026,2026-01-01,2026-12-31,20260105,dc_member,BK0683.DC,央国企改革,概念板块,,600428.SH,中远海特,20260105
2026-07-07T06:52:29Z,2026,2026-01-01,2026-12-31,20260105,dc_member,BK0683.DC,央国企改革,概念板块,,002186.SZ,全 聚 德,20260105
2026-07-07T06:52:29Z,2026,2026-01-01,2026-12-31,20260105,dc_member,BK0683.DC,央国企改革,概念板块,,603977.SH,国泰集团,20260105
2026-07-07T06:52:29Z,2026,2026-01-01,2026-12-31,20260105,dc_member,BK0683.DC,央国企改革,概念板块,,600609.SH,金杯汽车,20260105
2026-07-07T06:52:29Z,2026,2026-01-01,2026-12-31,20260105,dc_member,BK0683.DC,央国企改革,概念板块,,603188.SH,亚邦股份,20260105
2026-07-07T06:52:29Z,2026,2026-01-01,2026-12-31,20260105,dc_member,BK0683.DC,央国企改革,概念板块,,600463.SH,空港股份,20260105
2026-07-07T06:52:29Z,2026,2026-01-01,2026-12-31,20260105,dc_member,BK0683.DC,央国企改革,概念板块,,300277.SZ,海联讯,20260105
2026-07-07T06:52:29Z,2026,2026-01-01,2026-12-31,20260105,dc_member,BK0683.DC,央国企改革,概念板块,,600335.SH,国机汽车,20260105
2026-07-07T06:52:29Z,2026,2026-01-01,2026-12-31,20260105,dc_member,BK0683.DC,央国企改革,概念板块,,600354.SH,敦煌种业,20260105
2026-07-07T06:52:29Z,2026,2026-01-01,2026-12-31,20260105,dc_member,BK0683.DC,央国企改革,概念板块,,600941.SH,中国移动,20260105
2026-07-07T06:52:29Z,2026,2026-01-01,2026-12-31,20260105,dc_member,BK0683.DC,央国企改革,概念板块,,600231.SH,凌钢股份,20260105
2026-07-07T06:52:29Z,2026,2026-01-01,2026-12-31,20260105,dc_member,BK0683.DC,央国企改革,概念板块,,603128.SH,华贸物流,20260105
2026-07-07T06:52:29Z,2026,2026-01-01,2026-12-31,20260105,dc_member,BK0683.DC,央国企改革,概念板块,,600192.SH,长城电工,20260105
2026-07-07T06:52:29Z,2026,2026-01-01,2026-12-31,20260105,dc_member,BK0683.DC,央国企改革,概念板块,,600743.SH,华远控股,20260105
2026-07-07T06:52:29Z,2026,2026-01-01,2026-12-31,20260105,dc_member,BK0683.DC,央国企改革,概念板块,,002205.SZ,国统股份,20260105
2026-07-07T06:52:29Z,2026,2026-01-01,2026-12-31,20260105,dc_member,BK0683.DC,央国企改革,概念板块,,000922.SZ,佳电股份,20260105
2026-07-07T06:52:29Z,2026,2026-01-01,2026-12-31,20260105,dc_member,BK0683.DC,央国企改革,概念板块,,600794.SH,保税科技,20260105
2026-07-07T06:52:29Z,2026,2026-01-01,2026-12-31,20260105,dc_member,BK0683.DC,央国企改革,概念板块,,000665.SZ,湖北广电,20260105
2026-07-07T06:52:29Z,2026,2026-01-01,2026-12-31,20260105,dc_member,BK0683.DC,央国企改革,概念板块,,600968.SH,海油发展,20260105
2026-07-07T06:52:29Z,2026,2026-01-01,2026-12-31,20260105,dc_member,BK0683.DC,央国企改革,概念板块,,002159.SZ,三特索道,20260105
2026-07-07T06:52:29Z,2026,2026-01-01,2026-12-31,20260105,dc_member,BK0683.DC,央国企改革,概念板块,,600011.SH,华能国际,20260105
2026-07-07T06:52:29Z,2026,2026-01-01,2026-12-31,20260105,dc_member,BK0683.DC,央国企改革,概念板块,,002419.SZ,天虹股份,20260105
2026-07-07T06:52:29Z,2026,2026-01-01,2026-12-31,20260105,dc_member,BK0683.DC,央国企改革,概念板块,,600892.SH,*ST大晟,20260105
2026-07-07T06:52:29Z,2026,2026-01-01,2026-12-31,20260105,dc_member,BK0683.DC,央国企改革,概念板块,,600526.SH,菲达环保,20260105
2026-07-07T06:52:29Z,2026,2026-01-01,2026-12-31,20260105,dc_member,BK0683.DC,央国企改革,概念板块,,002470.SZ,金正大,20260105
2026-07-07T06:52:29Z,2026,2026-01-01,2026-12-31,20260105,dc_member,BK0683.DC,央国企改革,概念板块,,600784.SH,鲁银投资,20260105
2026-07-07T06:52:29Z,2026,2026-01-01,2026-12-31,20260105,dc_member,BK0683.DC,央国企改革,概念板块,,600850.SH,电科数字,20260105
2026-07-07T06:52:29Z,2026,2026-01-01,2026-12-31,20260105,dc_member,BK0683.DC,央国企改革,概念板块,,600636.SH,*ST国化,20260105
2026-07-07T06:52:29Z,2026,2026-01-01,2026-12-31,20260105,dc_member,BK0683.DC,央国企改革,概念板块,,000019.SZ,深粮控股,20260105
2026-07-07T06:52:29Z,2026,2026-01-01,2026-12-31,20260105,dc_member,BK0683.DC,央国企改革,概念板块,,300694.SZ,蠡湖股份,20260105
2026-07-07T06:52:29Z,2026,2026-01-01,2026-12-31,20260105,dc_member,BK0683.DC,央国企改革,概念板块,,600738.SH,丽尚国潮,20260105
2026-07-07T06:52:29Z,2026,2026-01-01,2026-12-31,20260105,dc_member,BK0683.DC,央国企改革,概念板块,,601088.SH,中国神华,20260105
2026-07-07T06:52:29Z,2026,2026-01-01,2026-12-31,20260105,dc_member,BK0683.DC,央国企改革,概念板块,,603136.SH,天目湖,20260105
2026-07-07T06:52:29Z,2026,2026-01-01,2026-12-31,20260105,dc_member,BK0683.DC,央国企改革,概念板块,,600012.SH,皖通高速,20260105
2026-07-07T06:52:29Z,2026,2026-01-01,2026-12-31,20260105,dc_member,BK0683.DC,央国企改革,概念板块,,600250.SH,南京商旅,20260105
2026-07-07T06:52:29Z,2026,2026-01-01,2026-12-31,20260105,dc_member,BK0683.DC,央国企改革,概念板块,,002443.SZ,金洲管道,20260105
2026-07-07T06:52:29Z,2026,2026-01-01,2026-12-31,20260105,dc_member,BK0683.DC,央国企改革,概念板块,,600830.SH,香溢融通,20260105
2026-07-07T06:52:29Z,2026,2026-01-01,2026-12-31,20260105,dc_member,BK0683.DC,央国企改革,概念板块,,600409.SH,三友化工,20260105
2026-07-07T06:52:29Z,2026,2026-01-01,2026-12-31,20260105,dc_member,BK0683.DC,央国企改革,概念板块,,601598.SH,中国外运,20260105
2026-07-07T06:52:29Z,2026,2026-01-01,2026-12-31,20260105,dc_member,BK0683.DC,央国企改革,概念板块,,603825.SH,ST华扬,20260105
2026-07-07T06:52:29Z,2026,2026-01-01,2026-12-31,20260105,dc_member,BK0683.DC,央国企改革,概念板块,,600863.SH,内蒙华电,20260105
2026-07-07T06:52:29Z,2026,2026-01-01,2026-12-31,20260105,dc_member,BK0683.DC,央国企改革,概念板块,,002523.SZ,天桥起重,20260105
2026-07-07T06:52:29Z,2026,2026-01-01,2026-12-31,20260105,dc_member,BK0683.DC,央国企改革,概念板块,,601518.SH,吉林高速,20260105
2026-07-07T06:52:29Z,2026,2026-01-01,2026-12-31,20260105,dc_member,BK0683.DC,央国企改革,概念板块,,002276.SZ,万马股份,20260105
2026-07-07T06:52:29Z,2026,2026-01-01,2026-12-31,20260105,dc_member,BK0683.DC,央国企改革,概念板块,,600692.SH,亚通股份,20260105
2026-07-07T06:52:29Z,2026,2026-01-01,2026-12-31,20260105,dc_member,BK0683.DC,央国企改革,概念板块,,002168.SZ,*ST惠程,20260105
2026-07-07T06:52:29Z,2026,2026-01-01,2026-12-31,20260105,dc_member,BK0683.DC,央国企改革,概念板块,,002097.SZ,山河智能,20260105
2026-07-07T06:52:29Z,2026,2026-01-01,2026-12-31,20260105,dc_member,BK0683.DC,央国企改革,概念板块,,920579.BJ,机科股份,20260105
2026-07-07T06:52:29Z,2026,2026-01-01,2026-12-31,20260105,dc_member,BK0683.DC,央国企改革,概念板块,,002783.SZ,凯龙股份,20260105
2026-07-07T06:52:29Z,2026,2026-01-01,2026-12-31,20260105,dc_member,BK0683.DC,央国企改革,概念板块,,600279.SH,重庆港,20260105
2026-07-07T06:52:29Z,2026,2026-01-01,2026-12-31,20260105,dc_member,BK0683.DC,央国企改革,概念板块,,603637.SH,镇海股份,20260105
2026-07-07T06:52:29Z,2026,2026-01-01,2026-12-31,20260105,dc_member,BK0683.DC,央国企改革,概念板块,,600992.SH,贵绳股份,20260105
2026-07-07T06:52:29Z,2026,2026-01-01,2026-12-31,20260105,dc_member,BK0683.DC,央国企改革,概念板块,,002059.SZ,云南旅游,20260105
2026-07-07T06:52:29Z,2026,2026-01-01,2026-12-31,20260105,dc_member,BK0683.DC,央国企改革,概念板块,,601599.SH,浙文影业,20260105
2026-07-07T06:52:29Z,2026,2026-01-01,2026-12-31,20260105,dc_member,BK0683.DC,央国企改革,概念板块,,600802.SH,福建水泥,20260105
2026-07-07T06:52:29Z,2026,2026-01-01,2026-12-31,20260105,dc_member,BK0683.DC,央国企改革,概念板块,,000888.SZ,峨眉山Ａ,20260105
2026-07-07T06:52:29Z,2026,2026-01-01,2026-12-31,20260105,dc_member,BK0683.DC,央国企改革,概念板块,,002827.SZ,高争民爆,20260105
2026-07-07T06:52:29Z,2026,2026-01-01,2026-12-31,20260105,dc_member,BK0683.DC,央国企改革,概念板块,,600561.SH,江西长运,20260105
2026-07-07T06:52:29Z,2026,2026-01-01,2026-12-31,20260105,dc_member,BK0683.DC,央国企改革,概念板块,,000959.SZ,首钢股份,20260105
2026-07-07T06:52:29Z,2026,2026-01-01,2026-12-31,20260105,dc_member,BK0683.DC,央国企改革,概念板块,,600128.SH,苏豪弘业,20260105
2026-07-07T06:52:29Z,2026,2026-01-01,2026-12-31,20260105,dc_member,BK0683.DC,央国企改革,概念板块,,600358.SH,ST联合,20260105
2026-07-07T06:52:29Z,2026,2026-01-01,2026-12-31,20260105,dc_member,BK0683.DC,央国企改革,概念板块,,600377.SH,宁沪高速,20260105
2026-07-07T06:52:29Z,2026,2026-01-01,2026-12-31,20260105,dc_member,BK0683.DC,央国企改革,概念板块,,000878.SZ,云南铜业,20260105
2026-07-07T06:52:29Z,2026,2026-01-01,2026-12-31,20260105,dc_member,BK0683.DC,央国企改革,概念板块,,600230.SH,沧州大化,20260105
2026-07-07T06:52:29Z,2026,2026-01-01,2026-12-31,20260105,dc_member,BK0683.DC,央国企改革,概念板块,,600185.SH,珠免集团,20260105
2026-07-07T06:52:29Z,2026,2026-01-01,2026-12-31,20260105,dc_member,BK0683.DC,央国企改革,概念板块,,600929.SH,雪天盐业,20260105
2026-07-07T06:52:29Z,2026,2026-01-01,2026-12-31,20260105,dc_member,BK0683.DC,央国企改革,概念板块,,000632.SZ,三木集团,20260105
2026-07-07T06:52:29Z,2026,2026-01-01,2026-12-31,20260105,dc_member,BK0683.DC,央国企改革,概念板块,,600316.SH,洪都航空,20260105
2026-07-07T06:52:29Z,2026,2026-01-01,2026-12-31,20260105,dc_member,BK0683.DC,央国企改革,概念板块,,603698.SH,航天工程,20260105
2026-07-07T06:52:29Z,2026,2026-01-01,2026-12-31,20260105,dc_member,BK0683.DC,央国企改革,概念板块,,000428.SZ,华天酒店,20260105
2026-07-07T06:52:29Z,2026,2026-01-01,2026-12-31,20260105,dc_member,BK0683.DC,央国企改革,概念板块,,600138.SH,中青旅,20260105
2026-07-07T06:52:29Z,2026,2026-01-01,2026-12-31,20260105,dc_member,BK0683.DC,央国企改革,概念板块,,002204.SZ,大连重工,20260105
2026-07-07T06:52:29Z,2026,2026-01-01,2026-12-31,20260105,dc_member,BK0683.DC,央国企改革,概念板块,,688562.SH,航天软件,20260105
2026-07-07T06:52:29Z,2026,2026-01-01,2026-12-31,20260105,dc_member,BK0683.DC,央国企改革,概念板块,,688563.SH,航材股份,20260105
2026-07-07T06:52:29Z,2026,2026-01-01,2026-12-31,20260105,dc_member,BK0683.DC,央国企改革,概念板块,,920274.BJ,宏裕包材,20260105
2026-07-07T06:52:29Z,2026,2026-01-01,2026-12-31,20260105,dc_member,BK0683.DC,央国企改革,概念板块,,600834.SH,申通地铁,20260105
2026-07-07T06:52:29Z,2026,2026-01-01,2026-12-31,20260105,dc_member,BK0683.DC,央国企改革,概念板块,,600103.SH,青山纸业,20260105
2026-07-07T06:52:29Z,2026,2026-01-01,2026-12-31,20260105,dc_member,BK0683.DC,央国企改革,概念板块,,688187.SH,时代电气,20260105
2026-07-07T06:52:29Z,2026,2026-01-01,2026-12-31,20260105,dc_member,BK0683.DC,央国企改革,概念板块,,600579.SH,中化装备,20260105
2026-07-07T06:52:29Z,2026,2026-01-01,2026-12-31,20260105,dc_member,BK0683.DC,央国企改革,概念板块,,000550.SZ,江铃汽车,20260105
2026-07-07T06:52:29Z,2026,2026-01-01,2026-12-31,20260105,dc_member,BK0683.DC,央国企改革,概念板块,,002765.SZ,蓝黛科技,20260105
2026-07-07T06:52:29Z,2026,2026-01-01,2026-12-31,20260105,dc_member,BK0683.DC,央国企改革,概念板块,,000856.SZ,冀东装备,20260105
2026-07-07T06:52:29Z,2026,2026-01-01,2026-12-31,20260105,dc_member,BK0683.DC,央国企改革,概念板块,,300004.SZ,南风股份,20260105
2026-07-07T06:52:29Z,2026,2026-01-01,2026-12-31,20260105,dc_member,BK0683.DC,央国企改革,概念板块,,002039.SZ,黔源电力,20260105
2026-07-07T06:52:29Z,2026,2026-01-01,2026-12-31,20260105,dc_member,BK0683.DC,央国企改革,概念板块,,000532.SZ,华金资本,20260105
2026-07-07T06:52:29Z,2026,2026-01-01,2026-12-31,20260105,dc_member,BK0683.DC,央国企改革,概念板块,,002092.SZ,中泰化学,20260105
2026-07-07T06:52:29Z,2026,2026-01-01,2026-12-31,20260105,dc_member,BK0683.DC,央国企改革,概念板块,,600202.SH,哈空调,20260105
2026-07-07T06:52:29Z,2026,2026-01-01,2026-12-31,20260105,dc_member,BK0683.DC,央国企改革,概念板块,,600877.SH,电科芯片,20260105
2026-07-07T06:52:29Z,2026,2026-01-01,2026-12-31,20260105,dc_member,BK0683.DC,央国企改革,概念板块,,600350.SH,山东高速,20260105
2026-07-07T06:52:29Z,2026,2026-01-01,2026-12-31,20260105,dc_member,BK0683.DC,央国企改革,概念板块,,600782.SH,新钢股份,20260105
2026-07-07T06:52:29Z,2026,2026-01-01,2026-12-31,20260105,dc_member,BK0683.DC,央国企改革,概念板块,,600860.SH,京城股份,20260105
2026-07-07T06:52:29Z,2026,2026-01-01,2026-12-31,20260105,dc_member,BK0683.DC,央国企改革,概念板块,,002427.SZ,尤夫股份,20260105
2026-07-07T06:52:29Z,2026,2026-01-01,2026-12-31,20260105,dc_member,BK0683.DC,央国企改革,概念板块,,601988.SH,中国银行,20260105
2026-07-07T06:52:29Z,2026,2026-01-01,2026-12-31,20260105,dc_member,BK0683.DC,央国企改革,概念板块,,603167.SH,渤海轮渡,20260105
2026-07-07T06:52:29Z,2026,2026-01-01,2026-12-31,20260105,dc_member,BK0683.DC,央国企改革,概念板块,,000701.SZ,厦门信达,20260105
2026-07-07T06:52:29Z,2026,2026-01-01,2026-12-31,20260105,dc_member,BK0683.DC,央国企改革,概念板块,,002933.SZ,新兴装备,20260105
2026-07-07T06:52:29Z,2026,2026-01-01,2026-12-31,20260105,dc_member,BK0683.DC,央国企改革,概念板块,,600688.SH,上海石化,20260105
2026-07-07T06:52:29Z,2026,2026-01-01,2026-12-31,20260105,dc_member,BK0683.DC,央国企改革,概念板块,,000830.SZ,鲁西化工,20260105
2026-07-07T06:52:29Z,2026,2026-01-01,2026-12-31,20260105,dc_member,BK0683.DC,央国企改革,概念板块,,000949.SZ,新乡化纤,20260105
2026-07-07T06:52:29Z,2026,2026-01-01,2026-12-31,20260105,dc_member,BK0683.DC,央国企改革,概念板块,,000548.SZ,湖南投资,20260105
2026-07-07T06:52:29Z,2026,2026-01-01,2026-12-31,20260105,dc_member,BK0683.DC,央国企改革,概念板块,,600838.SH,上海九百,20260105
2026-07-07T06:52:29Z,2026,2026-01-01,2026-12-31,20260105,dc_member,BK0683.DC,央国企改革,概念板块,,000937.SZ,冀中能源,20260105
2026-07-07T06:52:29Z,2026,2026-01-01,2026-12-31,20260105,dc_member,BK0683.DC,央国企改革,概念板块,,002935.SZ,天奥电子,20260105
2026-07-07T06:52:29Z,2026,2026-01-01,2026-12-31,20260105,dc_member,BK0683.DC,央国企改革,概念板块,,002483.SZ,润邦股份,20260105
2026-07-07T06:52:29Z,2026,2026-01-01,2026-12-31,20260105,dc_member,BK0683.DC,央国企改革,概念板块,,600362.SH,江西铜业,20260105
2026-07-07T06:52:29Z,2026,2026-01-01,2026-12-31,20260105,dc_member,BK0683.DC,央国企改革,概念板块,,600198.SH,大唐电信,20260105
2026-07-07T06:52:29Z,2026,2026-01-01,2026-12-31,20260105,dc_member,BK0683.DC,央国企改革,概念板块,,300540.SZ,蜀道装备,20260105
2026-07-07T06:52:29Z,2026,2026-01-01,2026-12-31,20260105,dc_member,BK0683.DC,央国企改革,概念板块,,600469.SH,风神股份,20260105
2026-07-07T06:52:29Z,2026,2026-01-01,2026-12-31,20260105,dc_member,BK0683.DC,央国企改革,概念板块,,600970.SH,中材国际,20260105
2026-07-07T06:52:29Z,2026,2026-01-01,2026-12-31,20260105,dc_member,BK0683.DC,央国企改革,概念板块,,600800.SH,渤海化学,20260105
2026-07-07T06:52:29Z,2026,2026-01-01,2026-12-31,20260105,dc_member,BK0683.DC,央国企改革,概念板块,,000717.SZ,中南股份,20260105
2026-07-07T06:52:29Z,2026,2026-01-01,2026-12-31,20260105,dc_member,BK0683.DC,央国企改革,概念板块,,600071.SH,凤凰光学,20260105
2026-07-07T06:52:29Z,2026,2026-01-01,2026-12-31,20260105,dc_member,BK0683.DC,央国企改革,概念板块,,000061.SZ,农 产 品,20260105
2026-07-07T06:52:29Z,2026,2026-01-01,2026-12-31,20260105,dc_member,BK0683.DC,央国企改革,概念板块,,600592.SH,龙溪股份,20260105
2026-07-07T06:52:29Z,2026,2026-01-01,2026-12-31,20260105,dc_member,BK0683.DC,央国企改革,概念板块,,002669.SZ,康达新材,20260105
2026-07-07T06:52:29Z,2026,2026-01-01,2026-12-31,20260105,dc_member,BK0683.DC,央国企改革,概念板块,,600319.SH,亚星化学,20260105
2026-07-07T06:52:29Z,2026,2026-01-01,2026-12-31,20260105,dc_member,BK0683.DC,央国企改革,概念板块,,000501.SZ,武商集团,20260105
2026-07-07T06:52:29Z,2026,2026-01-01,2026-12-31,20260105,dc_member,BK0683.DC,央国企改革,概念板块,,600996.SH,贵广网络,20260105
2026-07-07T06:52:29Z,2026,2026-01-01,2026-12-31,20260105,dc_member,BK0683.DC,央国企改革,概念板块,,600581.SH,八一钢铁,20260105
2026-07-07T06:52:29Z,2026,2026-01-01,2026-12-31,20260105,dc_member,BK0683.DC,央国企改革,概念板块,,601038.SH,一拖股份,20260105
2026-07-07T06:52:29Z,2026,2026-01-01,2026-12-31,20260105,dc_member,BK0683.DC,央国企改革,概念板块,,600665.SH,天地源,20260105
2026-07-07T06:52:29Z,2026,2026-01-01,2026-12-31,20260105,dc_member,BK0683.DC,央国企改革,概念板块,,600433.SH,冠豪高新,20260105
2026-07-07T06:52:29Z,2026,2026-01-01,2026-12-31,20260105,dc_member,BK0683.DC,央国企改革,概念板块,,600116.SH,三峡水利,20260105
2026-07-07T06:52:29Z,2026,2026-01-01,2026-12-31,20260105,dc_member,BK0683.DC,央国企改革,概念板块,,300281.SZ,金明精机,20260105
2026-07-07T06:52:29Z,2026,2026-01-01,2026-12-31,20260105,dc_member,BK0683.DC,央国企改革,概念板块,,600707.SH,彩虹股份,20260105
2026-07-07T06:52:29Z,2026,2026-01-01,2026-12-31,20260105,dc_member,BK0683.DC,央国企改革,概念板块,,002721.SZ,金一文化,20260105
2026-07-07T06:52:29Z,2026,2026-01-01,2026-12-31,20260105,dc_member,BK0683.DC,央国企改革,概念板块,,600397.SH,江钨装备,20260105
2026-07-07T06:52:29Z,2026,2026-01-01,2026-12-31,20260105,dc_member,BK0683.DC,央国企改革,概念板块,,002200.SZ,*ST交投,20260105
2026-07-07T06:52:29Z,2026,2026-01-01,2026-12-31,20260105,dc_member,BK0683.DC,央国企改革,概念板块,,000635.SZ,英 力 特,20260105
2026-07-07T06:52:29Z,2026,2026-01-01,2026-12-31,20260105,dc_member,BK0683.DC,央国企改革,概念板块,,600207.SH,安彩高科,20260105
2026-07-07T06:52:29Z,2026,2026-01-01,2026-12-31,20260105,dc_member,BK0683.DC,央国企改革,概念板块,,601595.SH,上海电影,20260105
2026-07-07T06:52:29Z,2026,2026-01-01,2026-12-31,20260105,dc_member,BK0683.DC,央国企改革,概念板块,,300053.SZ,航宇微,20260105
2026-07-07T06:52:29Z,2026,2026-01-01,2026-12-31,20260105,dc_member,BK0683.DC,央国企改革,概念板块,,600166.SH,福田汽车,20260105
2026-07-07T06:52:29Z,2026,2026-01-01,2026-12-31,20260105,dc_member,BK0683.DC,央国企改革,概念板块,,601398.SH,工商银行,20260105
2026-07-07T06:52:29Z,2026,2026-01-01,2026-12-31,20260105,dc_member,BK0683.DC,央国企改革,概念板块,,601515.SH,衢州东峰,20260105
2026-07-07T06:52:29Z,2026,2026-01-01,2026-12-31,20260105,dc_member,BK0683.DC,央国企改革,概念板块,,000509.SZ,华塑控股,20260105
2026-07-07T06:52:29Z,2026,2026-01-01,2026-12-31,20260105,dc_member,BK0683.DC,央国企改革,概念板块,,605086.SH,龙高股份,20260105
2026-07-07T06:52:29Z,2026,2026-01-01,2026-12-31,20260105,dc_member,BK0683.DC,央国企改革,概念板块,,600810.SH,神马股份,20260105
2026-07-07T06:52:29Z,2026,2026-01-01,2026-12-31,20260105,dc_member,BK0683.DC,央国企改革,概念板块,,000504.SZ,*ST生物,20260105
2026-07-07T06:52:29Z,2026,2026-01-01,2026-12-31,20260105,dc_member,BK0683.DC,央国企改革,概念板块,,600028.SH,中国石化,20260105
2026-07-07T06:52:29Z,2026,2026-01-01,2026-12-31,20260105,dc_member,BK0683.DC,央国企改革,概念板块,,688586.SH,江航装备,20260105
2026-07-07T06:52:29Z,2026,2026-01-01,2026-12-31,20260105,dc_member,BK0683.DC,央国企改革,概念板块,,600984.SH,建设机械,20260105
2026-07-07T06:52:29Z,2026,2026-01-01,2026-12-31,20260105,dc_member,BK0683.DC,央国企改革,概念板块,,600814.SH,杭州解百,20260105
2026-07-07T06:52:29Z,2026,2026-01-01,2026-12-31,20260105,dc_member,BK0683.DC,央国企改革,概念板块,,000761.SZ,本钢板材,20260105
2026-07-07T06:52:29Z,2026,2026-01-01,2026-12-31,20260105,dc_member,BK0683.DC,央国企改革,概念板块,,600791.SH,京能置业,20260105
2026-07-07T06:52:29Z,2026,2026-01-01,2026-12-31,20260105,dc_member,BK0683.DC,央国企改革,概念板块,,600057.SH,厦门象屿,20260105
2026-07-07T06:52:29Z,2026,2026-01-01,2026-12-31,20260105,dc_member,BK0683.DC,央国企改革,概念板块,,000429.SZ,粤高速Ａ,20260105
2026-07-07T06:52:29Z,2026,2026-01-01,2026-12-31,20260105,dc_member,BK0683.DC,央国企改革,概念板块,,000430.SZ,*ST张股,20260105
2026-07-07T06:52:29Z,2026,2026-01-01,2026-12-31,20260105,dc_member,BK0683.DC,央国企改革,概念板块,,688387.SH,信科移动-U,20260105
2026-07-07T06:52:29Z,2026,2026-01-01,2026-12-31,20260105,dc_member,BK0683.DC,央国企改革,概念板块,,600456.SH,宝钛股份,20260105
2026-07-07T06:52:29Z,2026,2026-01-01,2026-12-31,20260105,dc_member,BK0683.DC,央国企改革,概念板块,,001965.SZ,招商公路,20260105
2026-07-07T06:52:29Z,2026,2026-01-01,2026-12-31,20260105,dc_member,BK0683.DC,央国企改革,概念板块,,600835.SH,上海机电,20260105
2026-07-07T06:52:29Z,2026,2026-01-01,2026-12-31,20260105,dc_member,BK0683.DC,央国企改革,概念板块,,000932.SZ,华菱钢铁,20260105
2026-07-07T06:52:29Z,2026,2026-01-01,2026-12-31,20260105,dc_member,BK0683.DC,央国企改革,概念板块,,600960.SH,渤海汽车,20260105
2026-07-07T06:52:29Z,2026,2026-01-01,2026-12-31,20260105,dc_member,BK0683.DC,央国企改革,概念板块,,000708.SZ,中信特钢,20260105
2026-07-07T06:52:29Z,2026,2026-01-01,2026-12-31,20260105,dc_member,BK0683.DC,央国企改革,概念板块,,601007.SH,金陵饭店,20260105
2026-07-07T06:52:29Z,2026,2026-01-01,2026-12-31,20260105,dc_member,BK0683.DC,央国企改革,概念板块,,600033.SH,福建高速,20260105
2026-07-07T06:52:29Z,2026,2026-01-01,2026-12-31,20260105,dc_member,BK0683.DC,央国企改革,概念板块,,002295.SZ,精艺股份,20260105
2026-07-07T06:52:29Z,2026,2026-01-01,2026-12-31,20260105,dc_member,BK0683.DC,央国企改革,概念板块,,000919.SZ,金陵药业,20260105
2026-07-07T06:52:29Z,2026,2026-01-01,2026-12-31,20260105,dc_member,BK0683.DC,央国企改革,概念板块,,600160.SH,巨化股份,20260105
2026-07-07T06:52:29Z,2026,2026-01-01,2026-12-31,20260105,dc_member,BK0683.DC,央国企改革,概念板块,,600742.SH,富维股份,20260105
2026-07-07T06:52:29Z,2026,2026-01-01,2026-12-31,20260105,dc_member,BK0683.DC,央国企改革,概念板块,,601111.SH,中国国航,20260105
2026-07-07T06:52:29Z,2026,2026-01-01,2026-12-31,20260105,dc_member,BK0683.DC,央国企改革,概念板块,,601998.SH,中信银行,20260105
2026-07-07T06:52:29Z,2026,2026-01-01,2026-12-31,20260105,dc_member,BK0683.DC,央国企改革,概念板块,,601919.SH,中远海控,20260105
2026-07-07T06:52:29Z,2026,2026-01-01,2026-12-31,20260105,dc_member,BK0683.DC,央国企改革,概念板块,,600848.SH,上海临港,20260105
2026-07-07T06:52:29Z,2026,2026-01-01,2026-12-31,20260105,dc_member,BK0683.DC,央国企改革,概念板块,,002152.SZ,广电运通,20260105
2026-07-07T06:52:29Z,2026,2026-01-01,2026-12-31,20260105,dc_member,BK0683.DC,央国企改革,概念板块,,002510.SZ,天汽模,20260105
2026-07-07T06:52:29Z,2026,2026-01-01,2026-12-31,20260105,dc_member,BK0683.DC,央国企改革,概念板块,,000420.SZ,吉林化纤,20260105
2026-07-07T06:52:29Z,2026,2026-01-01,2026-12-31,20260105,dc_member,BK0683.DC,央国企改革,概念板块,,002586.SZ,ST围海,20260105
2026-07-07T06:52:29Z,2026,2026-01-01,2026-12-31,20260105,dc_member,BK0683.DC,央国企改革,概念板块,,600552.SH,凯盛科技,20260105
2026-07-07T06:52:29Z,2026,2026-01-01,2026-12-31,20260105,dc_member,BK0683.DC,央国企改革,概念板块,,600977.SH,中国电影,20260105
2026-07-07T06:52:29Z,2026,2026-01-01,2026-12-31,20260105,dc_member,BK0683.DC,央国企改革,概念板块,,002046.SZ,国机精工,20260105
2026-07-07T06:52:29Z,2026,2026-01-01,2026-12-31,20260105,dc_member,BK0683.DC,央国企改革,概念板块,,600271.SH,航天信息,20260105
2026-07-07T06:52:29Z,2026,2026-01-01,2026-12-31,20260105,dc_member,BK0683.DC,央国企改革,概念板块,,002309.SZ,中利集团,20260105
2026-07-07T06:52:29Z,2026,2026-01-01,2026-12-31,20260105,dc_member,BK0683.DC,央国企改革,概念板块,,000905.SZ,厦门港务,20260105
2026-07-07T06:52:29Z,2026,2026-01-01,2026-12-31,20260105,dc_member,BK0683.DC,央国企改革,概念板块,,600258.SH,首旅酒店,20260105
2026-07-07T06:52:29Z,2026,2026-01-01,2026-12-31,20260105,dc_member,BK0683.DC,央国企改革,概念板块,,300528.SZ,幸福蓝海,20260105
2026-07-07T06:52:29Z,2026,2026-01-01,2026-12-31,20260105,dc_member,BK0683.DC,央国企改革,概念板块,,002307.SZ,北新路桥,20260105
2026-07-07T06:52:29Z,2026,2026-01-01,2026-12-31,20260105,dc_member,BK0683.DC,央国企改革,概念板块,,000006.SZ,深振业Ａ,20260105
2026-07-07T06:52:29Z,2026,2026-01-01,2026-12-31,20260105,dc_member,BK0683.DC,央国企改革,概念板块,,600755.SH,厦门国贸,20260105
2026-07-07T06:52:29Z,2026,2026-01-01,2026-12-31,20260105,dc_member,BK0683.DC,央国企改革,概念板块,,002187.SZ,广百股份,20260105
2026-07-07T06:52:29Z,2026,2026-01-01,2026-12-31,20260105,dc_member,BK0683.DC,央国企改革,概念板块,,688165.SH,埃夫特-U,20260105
2026-07-07T06:52:29Z,2026,2026-01-01,2026-12-31,20260105,dc_member,BK0683.DC,央国企改革,概念板块,,600019.SH,宝钢股份,20260105
2026-07-07T06:52:29Z,2026,2026-01-01,2026-12-31,20260105,dc_member,BK0683.DC,央国企改革,概念板块,,000797.SZ,中国武夷,20260105
2026-07-07T06:52:29Z,2026,2026-01-01,2026-12-31,20260105,dc_member,BK0683.DC,央国企改革,概念板块,,601700.SH,风范股份,20260105
2026-07-07T06:52:29Z,2026,2026-01-01,2026-12-31,20260105,dc_member,BK0683.DC,央国企改革,概念板块,,300579.SZ,数字认证,20260105
2026-07-07T06:52:29Z,2026,2026-01-01,2026-12-31,20260105,dc_member,BK0683.DC,央国企改革,概念板块,,600808.SH,马钢股份,20260105
2026-07-07T06:52:29Z,2026,2026-01-01,2026-12-31,20260105,dc_member,BK0683.DC,央国企改革,概念板块,,603648.SH,畅联股份,20260105
2026-07-07T06:52:29Z,2026,2026-01-01,2026-12-31,20260105,dc_member,BK0683.DC,央国企改革,概念板块,,688660.SH,电气风电,20260105
2026-07-07T06:52:29Z,2026,2026-01-01,2026-12-31,20260105,dc_member,BK0683.DC,央国企改革,概念板块,,600724.SH,宁波富达,20260105
2026-07-07T06:52:29Z,2026,2026-01-01,2026-12-31,20260105,dc_member,BK0683.DC,央国企改革,概念板块,,001208.SZ,华菱线缆,20260105
2026-07-07T06:52:29Z,2026,2026-01-01,2026-12-31,20260105,dc_member,BK0683.DC,央国企改革,概念板块,,300446.SZ,航天智造,20260105
2026-07-07T06:52:29Z,2026,2026-01-01,2026-12-31,20260105,dc_member,BK0683.DC,央国企改革,概念板块,,300808.SZ,久量股份,20260105
2026-07-07T06:52:29Z,2026,2026-01-01,2026-12-31,20260105,dc_member,BK0683.DC,央国企改革,概念板块,,603013.SH,亚普股份,20260105
2026-07-07T06:52:29Z,2026,2026-01-01,2026-12-31,20260105,dc_member,BK0683.DC,央国企改革,概念板块,,600815.SH,厦工股份,20260105
2026-07-07T06:52:29Z,2026,2026-01-01,2026-12-31,20260105,dc_member,BK0683.DC,央国企改革,概念板块,,000928.SZ,中钢国际,20260105
2026-07-07T06:52:29Z,2026,2026-01-01,2026-12-31,20260105,dc_member,BK0683.DC,央国企改革,概念板块,,002110.SZ,三钢闽光,20260105
2026-07-07T06:52:29Z,2026,2026-01-01,2026-12-31,20260105,dc_member,BK0683.DC,央国企改革,概念板块,,300145.SZ,南方泵业,20260105
2026-07-07T06:52:29Z,2026,2026-01-01,2026-12-31,20260105,dc_member,BK0683.DC,央国企改革,概念板块,,600302.SH,标准股份,20260105
2026-07-07T06:52:29Z,2026,2026-01-01,2026-12-31,20260105,dc_member,BK0683.DC,央国企改革,概念板块,,000978.SZ,桂林旅游,20260105
2026-07-07T06:52:29Z,2026,2026-01-01,2026-12-31,20260105,dc_member,BK0683.DC,央国企改革,概念板块,,603300.SH,海南华铁,20260105
2026-07-07T06:52:29Z,2026,2026-01-01,2026-12-31,20260105,dc_member,BK0683.DC,央国企改革,概念板块,,000030.SZ,富奥股份,20260105
2026-07-07T06:52:29Z,2026,2026-01-01,2026-12-31,20260105,dc_member,BK0683.DC,央国企改革,概念板块,,000417.SZ,合百集团,20260105
2026-07-07T06:52:29Z,2026,2026-01-01,2026-12-31,20260105,dc_member,BK0683.DC,央国企改革,概念板块,,600686.SH,金龙汽车,20260105
2026-07-07T06:52:29Z,2026,2026-01-01,2026-12-31,20260105,dc_member,BK0683.DC,央国企改革,概念板块,,002383.SZ,合众思壮,20260105
2026-07-07T06:52:29Z,2026,2026-01-01,2026-12-31,20260105,dc_member,BK0683.DC,央国企改革,概念板块,,600391.SH,航发科技,20260105
2026-07-07T06:52:29Z,2026,2026-01-01,2026-12-31,20260105,dc_member,BK0683.DC,央国企改革,概念板块,,002564.SZ,天沃科技,20260105
2026-07-07T06:52:29Z,2026,2026-01-01,2026-12-31,20260105,dc_member,BK0683.DC,央国企改革,概念板块,,000630.SZ,铜陵有色,20260105
2026-07-07T06:52:29Z,2026,2026-01-01,2026-12-31,20260105,dc_member,BK0683.DC,央国企改革,概念板块,,600301.SH,华锡有色,20260105
2026-07-07T06:52:29Z,2026,2026-01-01,2026-12-31,20260105,dc_member,BK0683.DC,央国企改革,概念板块,,601456.SH,国联民生,20260105
2026-07-07T06:52:29Z,2026,2026-01-01,2026-12-31,20260105,dc_member,BK0683.DC,央国企改革,概念板块,,601857.SH,中国石油,20260105
2026-07-07T06:52:29Z,2026,2026-01-01,2026-12-31,20260105,dc_member,BK0683.DC,央国企改革,概念板块,,600336.SH,澳柯玛,20260105
2026-07-07T06:52:29Z,2026,2026-01-01,2026-12-31,20260105,dc_member,BK0683.DC,央国企改革,概念板块,,000599.SZ,青岛双星,20260105
2026-07-07T06:52:29Z,2026,2026-01-01,2026-12-31,20260105,dc_member,BK0683.DC,央国企改革,概念板块,,600859.SH,王府井,20260105
2026-07-07T06:52:29Z,2026,2026-01-01,2026-12-31,20260105,dc_member,BK0683.DC,央国企改革,概念板块,,600754.SH,锦江酒店,20260105
2026-07-07T06:52:29Z,2026,2026-01-01,2026-12-31,20260105,dc_member,BK0683.DC,央国企改革,概念板块,,600938.SH,中国海油,20260105
2026-07-07T06:52:29Z,2026,2026-01-01,2026-12-31,20260105,dc_member,BK0683.DC,央国企改革,概念板块,,002683.SZ,广东宏大,20260105
2026-07-07T06:52:29Z,2026,2026-01-01,2026-12-31,20260105,dc_member,BK0683.DC,央国企改革,概念板块,,601118.SH,海南橡胶,20260105
2026-07-07T06:52:29Z,2026,2026-01-01,2026-12-31,20260105,dc_member,BK0683.DC,央国企改革,概念板块,,002627.SZ,三峡旅游,20260105
2026-07-07T06:52:29Z,2026,2026-01-01,2026-12-31,20260105,dc_member,BK0683.DC,央国企改革,概念板块,,000901.SZ,航天科技,20260105
2026-07-07T06:52:29Z,2026,2026-01-01,2026-12-31,20260105,dc_member,BK0683.DC,央国企改革,概念板块,,002051.SZ,中工国际,20260105
2026-07-07T06:52:29Z,2026,2026-01-01,2026-12-31,20260105,dc_member,BK0683.DC,央国企改革,概念板块,,600135.SH,乐凯胶片,20260105
2026-07-07T06:52:29Z,2026,2026-01-01,2026-12-31,20260105,dc_member,BK0683.DC,央国企改革,概念板块,,600708.SH,光明地产,20260105
2026-07-07T06:52:29Z,2026,2026-01-01,2026-12-31,20260105,dc_member,BK0683.DC,央国企改革,概念板块,,920576.BJ,天力复合,20260105
2026-07-07T06:52:29Z,2026,2026-01-01,2026-12-31,20260105,dc_member,BK0683.DC,央国企改革,概念板块,,002361.SZ,神剑股份,20260105
2026-07-07T06:52:29Z,2026,2026-01-01,2026-12-31,20260105,dc_member,BK0683.DC,央国企改革,概念板块,,601888.SH,中国中免,20260105
2026-07-07T06:52:29Z,2026,2026-01-01,2026-12-31,20260105,dc_member,BK0683.DC,央国企改革,概念板块,,000886.SZ,海南高速,20260105
2026-07-07T06:52:29Z,2026,2026-01-01,2026-12-31,20260105,dc_member,BK0683.DC,央国企改革,概念板块,,600962.SH,国投中鲁,20260105
2026-07-07T06:52:29Z,2026,2026-01-01,2026-12-31,20260105,dc_member,BK0683.DC,央国企改革,概念板块,,000065.SZ,北方国际,20260105
2026-07-07T06:52:29Z,2026,2026-01-01,2026-12-31,20260105,dc_member,BK0683.DC,央国企改革,概念板块,,600501.SH,航天晨光,20260105
2026-07-07T06:52:29Z,2026,2026-01-01,2026-12-31,20260105,dc_member,BK0683.DC,央国企改革,概念板块,,600515.SH,海南机场,20260105
2026-07-07T06:52:29Z,2026,2026-01-01,2026-12-31,20260105,dc_member,BK0683.DC,央国企改革,概念板块,,002682.SZ,龙洲股份,20260105
2026-07-07T06:52:29Z,2026,2026-01-01,2026-12-31,20260105,dc_member,BK0683.DC,央国企改革,概念板块,,002196.SZ,方正电机,20260105
2026-07-07T06:52:29Z,2026,2026-01-01,2026-12-31,20260105,dc_member,BK0683.DC,央国企改革,概念板块,,300626.SZ,华瑞股份,20260105
2026-07-07T06:52:29Z,2026,2026-01-01,2026-12-31,20260105,dc_member,BK0683.DC,央国企改革,概念板块,,600376.SH,首开股份,20260105
2026-07-07T06:52:29Z,2026,2026-01-01,2026-12-31,20260105,dc_member,BK0683.DC,央国企改革,概念板块,,002320.SZ,海峡股份,20260105
2026-07-07T06:52:29Z,2026,2026-01-01,2026-12-31,20260105,dc_member,BK0683.DC,央国企改革,概念板块,,000505.SZ,京粮控股,20260105
2026-07-07T06:52:29Z,2026,2026-01-01,2026-12-31,20260105,dc_member,BK0683.DC,央国企改革,概念板块,,600343.SH,航天动力,20260105
2026-07-07T06:52:29Z,2026,2026-01-01,2026-12-31,20260105,dc_member,BK0683.DC,央国企改革,概念板块,,000796.SZ,凯撒旅业,20260105
2026-07-07T06:52:29Z,2026,2026-01-01,2026-12-31,20260105,dc_member,BK0683.DC,央国企改革,概念板块,,920748.BJ,路桥信息,20260105
2026-07-07T06:52:29Z,2026,2026-01-01,2026-12-31,20260105,dc_member,BK0683.DC,央国企改革,概念板块,,603069.SH,海汽集团,20260105
2026-07-07T06:52:29Z,2026,2026-01-01,2026-12-31,20260105,dc_member,BK0683.DC,央国企改革,概念板块,,688456.SH,有研粉材,20260105
2026-07-07T06:52:29Z,2026,2026-01-01,2026-12-31,20260105,dc_member,BK0683.DC,央国企改革,概念板块,,002163.SZ,海南发展,20260105
2026-07-07T06:52:29Z,2026,2026-01-01,2026-12-31,20260105,dc_member,BK0683.DC,央国企改革,概念板块,,600783.SH,鲁信创投,20260105
2026-07-07T06:52:29Z,2026,2026-01-01,2026-12-31,20260105,dc_member,BK0683.DC,央国企改革,概念板块,,603123.SH,翠微股份,20260105
2026-07-07T06:52:29Z,2026,2026-01-01,2026-12-31,20260105,dc_member,BK0683.DC,央国企改革,概念板块,,002598.SZ,山东章鼓,20260105
2026-07-07T06:52:29Z,2026,2026-01-01,2026-12-31,20260105,dc_member,BK0683.DC,央国企改革,概念板块,,920489.BJ,佳先股份,20260105
2026-07-07T06:52:29Z,2026,2026-01-01,2026-12-31,20260105,dc_member,BK0683.DC,央国企改革,概念板块,,300678.SZ,中科信息,20260105
2026-07-07T06:52:29Z,2026,2026-01-01,2026-12-31,20260105,dc_member,BK0683.DC,央国企改革,概念板块,,688172.SH,燕东微,20260105
2026-07-07T06:52:29Z,2026,2026-01-01,2026-12-31,20260105,dc_member,BK0683.DC,央国企改革,概念板块,,300747.SZ,锐科激光,20260105
2026-07-07T06:52:29Z,2026,2026-01-01,2026-12-31,20260105,dc_member,BK0683.DC,央国企改革,概念板块,,688709.SH,成都华微,20260105
2026-07-07T06:52:29Z,2026,2026-01-01,2026-12-31,20260105,dc_member,BK0683.DC,央国企改革,概念板块,,600266.SH,城建发展,20260105
2026-07-07T06:52:29Z,2026,2026-01-01,2026-12-31,20260105,dc_member,BK0683.DC,央国企改革,概念板块,,002465.SZ,海格通信,20260105
2026-07-07T06:52:29Z,2026,2026-01-01,2026-12-31,20260105,dc_member,BK0683.DC,央国企改革,概念板块,,600151.SH,航天机电,20260105
2026-07-07T06:52:29Z,2026,2026-01-01,2026-12-31,20260105,dc_member,BK0683.DC,央国企改革,概念板块,,002462.SZ,嘉事堂,20260105
2026-07-07T06:52:29Z,2026,2026-01-01,2026-12-31,20260105,dc_member,BK0683.DC,央国企改革,概念板块,,000792.SZ,盐湖股份,20260105
2026-07-07T06:52:29Z,2026,2026-01-01,2026-12-31,20260105,dc_member,BK0683.DC,央国企改革,概念板块,,600498.SH,烽火通信,20260105
2026-07-07T06:52:29Z,2026,2026-01-01,2026-12-31,20260105,dc_member,BK0683.DC,央国企改革,概念板块,,601512.SH,中新集团,20260105
2026-07-07T06:52:29Z,2026,2026-01-01,2026-12-31,20260105,dc_member,BK0683.DC,央国企改革,概念板块,,600776.SH,东方通信,20260105
2026-07-07T06:52:29Z,2026,2026-01-01,2026-12-31,20260105,dc_member,BK0683.DC,央国企改革,概念板块,,600587.SH,新华医疗,20260105
2026-07-07T06:52:29Z,2026,2026-01-01,2026-12-31,20260105,dc_member,BK0683.DC,央国企改革,概念板块,,002490.SZ,山东墨龙,20260105
2026-07-07T06:52:29Z,2026,2026-01-01,2026-12-31,20260105,dc_member,BK0683.DC,央国企改革,概念板块,,002083.SZ,孚日股份,20260105
2026-07-07T06:52:29Z,2026,2026-01-01,2026-12-31,20260105,dc_member,BK0683.DC,央国企改革,概念板块,,002819.SZ,东方中科,20260105
2026-07-07T06:52:29Z,2026,2026-01-01,2026-12-31,20260105,dc_member,BK0683.DC,央国企改革,概念板块,,601698.SH,中国卫通,20260105
2026-07-07T06:52:29Z,2026,2026-01-01,2026-12-31,20260105,dc_member,BK0683.DC,央国企改革,概念板块,,600775.SH,南京熊猫,20260105
2026-07-07T06:52:29Z,2026,2026-01-01,2026-12-31,20260105,dc_member,BK0683.DC,央国企改革,概念板块,,003039.SZ,顺控发展,20260105
2026-07-07T06:52:29Z,2026,2026-01-01,2026-12-31,20260105,dc_member,BK0683.DC,央国企改革,概念板块,,600855.SH,航天长峰,20260105
2026-07-07T06:52:29Z,2026,2026-01-01,2026-12-31,20260105,dc_member,BK0683.DC,央国企改革,概念板块,,000859.SZ,国风新材,20260105
2026-07-07T06:52:29Z,2026,2026-01-01,2026-12-31,20260105,dc_member,BK0683.DC,央国企改革,概念板块,,002254.SZ,泰和新材,20260105
2026-07-07T06:52:29Z,2026,2026-01-01,2026-12-31,20260105,dc_member,BK0683.DC,央国企改革,概念板块,,002716.SZ,湖南白银,20260105
2026-07-07T06:52:29Z,2026,2026-01-01,2026-12-31,20260105,dc_member,BK0683.DC,央国企改革,概念板块,,600826.SH,兰生股份,20260105
2026-07-07T06:52:29Z,2026,2026-01-01,2026-12-31,20260105,dc_member,BK0683.DC,央国企改革,概念板块,,000952.SZ,广济药业,20260105
2026-07-07T06:52:29Z,2026,2026-01-01,2026-12-31,20260105,dc_member,BK0683.DC,央国企改革,概念板块,,600880.SH,博瑞传播,20260105
2026-07-07T06:52:29Z,2026,2026-01-01,2026-12-31,20260105,dc_member,BK0683.DC,央国企改革,概念板块,,603920.SH,世运电路,20260105
2026-07-07T06:52:29Z,2026,2026-01-01,2026-12-31,20260105,dc_member,BK0683.DC,央国企改革,概念板块,,300895.SZ,铜牛信息,20260105
2026-07-07T06:52:29Z,2026,2026-01-01,2026-12-31,20260105,dc_member,BK0683.DC,央国企改革,概念板块,,920394.BJ,民士达,20260105
2026-07-07T06:52:29Z,2026,2026-01-01,2026-12-31,20260105,dc_member,BK0683.DC,央国企改革,概念板块,,002243.SZ,力合科创,20260105
2026-07-07T06:52:29Z,2026,2026-01-01,2026-12-31,20260105,dc_member,BK0683.DC,央国企改革,概念板块,,600076.SH,康欣新材,20260105
2026-07-07T06:52:29Z,2026,2026-01-01,2026-12-31,20260105,dc_member,BK0683.DC,央国企改革,概念板块,,003009.SZ,中天火箭,20260105
2026-07-07T06:52:29Z,2026,2026-01-01,2026-12-31,20260105,dc_member,BK0683.DC,央国企改革,概念板块,,688347.SH,华虹公司,20260105
2026-07-07T06:52:29Z,2026,2026-01-01,2026-12-31,20260105,dc_member,BK0683.DC,央国企改革,概念板块,,300030.SZ,阳普医疗,20260105
2026-07-07T06:52:29Z,2026,2026-01-01,2026-12-31,20260105,dc_member,BK0683.DC,央国企改革,概念板块,,600531.SH,豫光金铅,20260105
2026-07-07T06:52:29Z,2026,2026-01-01,2026-12-31,20260105,dc_member,BK0683.DC,央国企改革,概念板块,,600648.SH,外高桥,20260105
2026-07-07T06:52:29Z,2026,2026-01-01,2026-12-31,20260105,dc_member,BK0683.DC,央国企改革,概念板块,,300516.SZ,久之洋,20260105
2026-07-07T06:52:29Z,2026,2026-01-01,2026-12-31,20260105,dc_member,BK0683.DC,央国企改革,概念板块,,600748.SH,上实发展,20260105
2026-07-07T06:52:29Z,2026,2026-01-01,2026-12-31,20260105,dc_member,BK0683.DC,央国企改革,概念板块,,600120.SH,浙江东方,20260105
2026-07-07T06:52:29Z,2026,2026-01-01,2026-12-31,20260105,dc_member,BK0683.DC,央国企改革,概念板块,,000408.SZ,藏格矿业,20260105
2026-07-07T06:52:29Z,2026,2026-01-01,2026-12-31,20260105,dc_member,BK0683.DC,央国企改革,概念板块,,301153.SZ,中科江南,20260105
2026-07-07T06:52:29Z,2026,2026-01-01,2026-12-31,20260105,dc_member,BK0683.DC,央国企改革,概念板块,,601600.SH,中国铝业,20260105
2026-07-07T06:52:29Z,2026,2026-01-01,2026-12-31,20260105,dc_member,BK0683.DC,央国企改革,概念板块,,688710.SH,益诺思,20260105
2026-07-07T06:52:29Z,2026,2026-01-01,2026-12-31,20260105,dc_member,BK0683.DC,央国企改革,概念板块,,688189.SH,南新制药,20260105
2026-07-07T06:52:29Z,2026,2026-01-01,2026-12-31,20260105,dc_member,BK0683.DC,央国企改革,概念板块,,600435.SH,北方导航,20260105
2026-07-07T06:52:29Z,2026,2026-01-01,2026-12-31,20260105,dc_member,BK0683.DC,央国企改革,概念板块,,300140.SZ,节能环境,20260105
2026-07-07T06:52:29Z,2026,2026-01-01,2026-12-31,20260105,dc_member,BK0683.DC,央国企改革,概念板块,,601628.SH,中国人寿,20260105
2026-07-07T06:52:29Z,2026,2026-01-01,2026-12-31,20260105,dc_member,BK0683.DC,央国企改革,概念板块,,000032.SZ,深桑达Ａ,20260105
2026-07-07T06:52:29Z,2026,2026-01-01,2026-12-31,20260105,dc_member,BK0683.DC,央国企改革,概念板块,,601069.SH,西部黄金,20260105
2026-07-07T06:52:29Z,2026,2026-01-01,2026-12-31,20260105,dc_member,BK0683.DC,央国企改革,概念板块,,002207.SZ,准油股份,20260105
2026-07-07T06:52:29Z,2026,2026-01-01,2026-12-31,20260105,dc_member,BK0683.DC,央国企改革,概念板块,,688729.SH,屹唐股份,20260105
2026-07-07T06:52:29Z,2026,2026-01-01,2026-12-31,20260105,dc_member,BK0683.DC,央国企改革,概念板块,,002183.SZ,怡 亚 通,20260105
2026-07-07T06:52:29Z,2026,2026-01-01,2026-12-31,20260105,dc_member,BK0683.DC,央国企改革,概念板块,,300399.SZ,天利科技,20260105
2026-07-07T06:52:29Z,2026,2026-01-01,2026-12-31,20260105,dc_member,BK0683.DC,央国企改革,概念板块,,920992.BJ,中科美菱,20260105
2026-07-07T06:52:29Z,2026,2026-01-01,2026-12-31,20260105,dc_member,BK0683.DC,央国企改革,概念板块,,603026.SH,石大胜华,20260105
2026-07-07T06:52:29Z,2026,2026-01-01,2026-12-31,20260105,dc_member,BK0683.DC,央国企改革,概念板块,,000917.SZ,电广传媒,20260105
2026-07-07T06:52:29Z,2026,2026-01-01,2026-12-31,20260105,dc_member,BK0683.DC,央国企改革,概念板块,,603108.SH,润达医疗,20260105
2026-07-07T06:52:29Z,2026,2026-01-01,2026-12-31,20260105,dc_member,BK0683.DC,央国企改革,概念板块,,600986.SH,浙文互联,20260105
2026-07-07T06:52:29Z,2026,2026-01-01,2026-12-31,20260105,dc_member,BK0683.DC,央国企改革,概念板块,,688663.SH,新风光,20260105
2026-07-07T06:52:29Z,2026,2026-01-01,2026-12-31,20260105,dc_member,BK0683.DC,央国企改革,概念板块,,920015.BJ,锦华新材,20260105
2026-07-07T06:52:29Z,2026,2026-01-01,2026-12-31,20260105,dc_member,BK0683.DC,央国企改革,概念板块,,600769.SH,祥龙电业,20260105
2026-07-07T06:52:29Z,2026,2026-01-01,2026-12-31,20260105,dc_member,BK0683.DC,央国企改革,概念板块,,002268.SZ,电科网安,20260105
2026-07-07T06:52:29Z,2026,2026-01-01,2026-12-31,20260105,dc_member,BK0683.DC,央国企改革,概念板块,,600604.SH,市北高新,20260105
2026-07-07T06:52:29Z,2026,2026-01-01,2026-12-31,20260105,dc_member,BK0683.DC,央国企改革,概念板块,,688375.SH,国博电子,20260105
2026-07-07T06:52:29Z,2026,2026-01-01,2026-12-31,20260105,dc_member,BK0683.DC,央国企改革,概念板块,,000987.SZ,越秀资本,20260105
2026-07-07T06:52:29Z,2026,2026-01-01,2026-12-31,20260105,dc_member,BK0683.DC,央国企改革,概念板块,,300328.SZ,宜安科技,20260105
2026-07-07T06:52:29Z,2026,2026-01-01,2026-12-31,20260105,dc_member,BK0683.DC,央国企改革,概念板块,,688548.SH,广钢气体,20260105
2026-07-07T06:52:29Z,2026,2026-01-01,2026-12-31,20260105,dc_member,BK0683.DC,央国企改革,概念板块,,600685.SH,中船防务,20260105
2026-07-07T06:52:29Z,2026,2026-01-01,2026-12-31,20260105,dc_member,BK0683.DC,央国企改革,概念板块,,300697.SZ,电工合金,20260105
2026-07-07T06:52:29Z,2026,2026-01-01,2026-12-31,20260105,dc_member,BK0683.DC,央国企改革,概念板块,,601319.SH,中国人保,20260105
2026-07-07T06:52:29Z,2026,2026-01-01,2026-12-31,20260105,dc_member,BK0683.DC,央国企改革,概念板块,,600482.SH,中国动力,20260105
2026-07-07T06:52:29Z,2026,2026-01-01,2026-12-31,20260105,dc_member,BK0683.DC,央国企改革,概念板块,,000936.SZ,华西股份,20260105
2026-07-07T06:52:29Z,2026,2026-01-01,2026-12-31,20260105,dc_member,BK0683.DC,央国企改革,概念板块,,000803.SZ,山高环能,20260105
2026-07-07T06:52:29Z,2026,2026-01-01,2026-12-31,20260105,dc_member,BK0683.DC,央国企改革,概念板块,,688652.SH,京仪装备,20260105
2026-07-07T06:52:29Z,2026,2026-01-01,2026-12-31,20260105,dc_member,BK0683.DC,央国企改革,概念板块,,603373.SH,安邦护卫,20260105
2026-07-07T06:52:29Z,2026,2026-01-01,2026-12-31,20260105,dc_member,BK0683.DC,央国企改革,概念板块,,600862.SH,中航高科,20260105
2026-07-07T06:52:29Z,2026,2026-01-01,2026-12-31,20260105,dc_member,BK0683.DC,央国企改革,概念板块,,002848.SZ,*ST高斯,20260105
2026-07-07T06:52:29Z,2026,2026-01-01,2026-12-31,20260105,dc_member,BK0683.DC,央国企改革,概念板块,,002246.SZ,北化股份,20260105
2026-07-07T06:52:29Z,2026,2026-01-01,2026-12-31,20260105,dc_member,BK0683.DC,央国企改革,概念板块,,000729.SZ,燕京啤酒,20260105
2026-07-07T06:52:29Z,2026,2026-01-01,2026-12-31,20260105,dc_member,BK0683.DC,央国企改革,概念板块,,300212.SZ,易华录,20260105
2026-07-07T06:52:29Z,2026,2026-01-01,2026-12-31,20260105,dc_member,BK0683.DC,央国企改革,概念板块,,002400.SZ,省广集团,20260105
2026-07-07T06:52:29Z,2026,2026-01-01,2026-12-31,20260105,dc_member,BK0683.DC,央国企改革,概念板块,,300042.SZ,朗科科技,20260105
2026-07-07T06:52:29Z,2026,2026-01-01,2026-12-31,20260105,dc_member,BK0683.DC,央国企改革,概念板块,,600601.SH,方正科技,20260105
2026-07-07T06:52:29Z,2026,2026-01-01,2026-12-31,20260105,dc_member,BK0683.DC,央国企改革,概念板块,,688122.SH,西部超导,20260105
2026-07-07T06:52:29Z,2026,2026-01-01,2026-12-31,20260105,dc_member,BK0683.DC,央国企改革,概念板块,,601061.SH,中信金属,20260105
2026-07-07T06:52:29Z,2026,2026-01-01,2026-12-31,20260105,dc_member,BK0683.DC,央国企改革,概念板块,,600118.SH,中国卫星,20260105
2026-07-07T06:52:29Z,2026,2026-01-01,2026-12-31,20260105,dc_member,BK0683.DC,央国企改革,概念板块,,002569.SZ,*ST步森,20260105
2026-07-07T06:52:29Z,2026,2026-01-01,2026-12-31,20260105,dc_member,BK0683.DC,央国企改革,概念板块,,002030.SZ,达安基因,20260105
2026-07-07T06:52:29Z,2026,2026-01-01,2026-12-31,20260105,dc_member,BK0683.DC,央国企改革,概念板块,,000561.SZ,烽火电子,20260105
2026-07-07T06:52:29Z,2026,2026-01-01,2026-12-31,20260105,dc_member,BK0683.DC,央国企改革,概念板块,,002285.SZ,世联行,20260105
2026-07-07T06:52:29Z,2026,2026-01-01,2026-12-31,20260105,dc_member,BK0683.DC,央国企改革,概念板块,,000155.SZ,川能动力,20260105
2026-07-07T06:52:29Z,2026,2026-01-01,2026-12-31,20260105,dc_member,BK0683.DC,央国企改革,概念板块,,002080.SZ,中材科技,20260105
2026-07-07T06:52:29Z,2026,2026-01-01,2026-12-31,20260105,dc_member,BK0683.DC,央国企改革,概念板块,,688027.SH,国盾量子,20260105
2026-07-07T06:52:29Z,2026,2026-01-01,2026-12-31,20260105,dc_member,BK0683.DC,央国企改革,概念板块,,301137.SZ,哈焊华通,20260105
2026-07-07T06:52:29Z,2026,2026-01-01,2026-12-31,20260105,dc_member,BK0683.DC,央国企改革,概念板块,,688146.SH,中船特气,20260105
2026-07-07T06:52:29Z,2026,2026-01-01,2026-12-31,20260105,dc_member,BK0683.DC,央国企改革,概念板块,,001979.SZ,招商蛇口,20260105
2026-07-07T06:52:29Z,2026,2026-01-01,2026-12-31,20260105,dc_member,BK0683.DC,央国企改革,概念板块,,600973.SH,宝胜股份,20260105
2026-07-07T06:52:29Z,2026,2026-01-01,2026-12-31,20260105,dc_member,BK0683.DC,央国企改革,概念板块,,002208.SZ,合肥城建,20260105
2026-07-07T06:52:29Z,2026,2026-01-01,2026-12-31,20260105,dc_member,BK0683.DC,央国企改革,概念板块,,002916.SZ,深南电路,20260105
2026-07-07T06:52:29Z,2026,2026-01-01,2026-12-31,20260105,dc_member,BK0683.DC,央国企改革,概念板块,,301638.SZ,南网数字,20260105
2026-07-07T06:52:29Z,2026,2026-01-01,2026-12-31,20260105,dc_member,BK0683.DC,央国企改革,概念板块,,000818.SZ,航锦科技,20260105
2026-07-07T06:52:29Z,2026,2026-01-01,2026-12-31,20260105,dc_member,BK0683.DC,央国企改革,概念板块,,300080.SZ,易成新能,20260105
2026-07-07T06:52:29Z,2026,2026-01-01,2026-12-31,20260105,dc_member,BK0683.DC,央国企改革,概念板块,,300011.SZ,鼎汉技术,20260105
2026-07-07T06:52:29Z,2026,2026-01-01,2026-12-31,20260105,dc_member,BK0683.DC,央国企改革,概念板块,,688120.SH,华海清科,20260105
2026-07-07T06:52:29Z,2026,2026-01-01,2026-12-31,20260105,dc_member,BK0683.DC,央国企改革,概念板块,,000021.SZ,深科技,20260105
2026-07-07T06:52:29Z,2026,2026-01-01,2026-12-31,20260105,dc_member,BK0683.DC,央国企改革,概念板块,,000762.SZ,西藏矿业,20260105
2026-07-07T06:52:29Z,2026,2026-01-01,2026-12-31,20260105,dc_member,BK0683.DC,央国企改革,概念板块,,600667.SH,太极实业,20260105
2026-07-07T06:52:29Z,2026,2026-01-01,2026-12-31,20260105,dc_member,BK0683.DC,央国企改革,概念板块,,600513.SH,联环药业,20260105
2026-07-07T06:52:29Z,2026,2026-01-01,2026-12-31,20260105,dc_member,BK0683.DC,央国企改革,概念板块,,601929.SH,吉视传媒,20260105
2026-07-07T06:52:29Z,2026,2026-01-01,2026-12-31,20260105,dc_member,BK0683.DC,央国企改革,概念板块,,002305.SZ,*ST南置,20260105
2026-07-07T06:52:29Z,2026,2026-01-01,2026-12-31,20260105,dc_member,BK0683.DC,央国企改革,概念板块,,002396.SZ,星网锐捷,20260105
2026-07-07T06:52:29Z,2026,2026-01-01,2026-12-31,20260105,dc_member,BK0683.DC,央国企改革,概念板块,,601399.SH,国机重装,20260105
2026-07-07T06:52:29Z,2026,2026-01-01,2026-12-31,20260105,dc_member,BK0683.DC,央国企改革,概念板块,,605599.SH,菜百股份,20260105
2026-07-07T06:52:29Z,2026,2026-01-01,2026-12-31,20260105,dc_member,BK0683.DC,央国企改革,概念板块,,688545.SH,兴福电子,20260105
2026-07-07T06:52:29Z,2026,2026-01-01,2026-12-31,20260105,dc_member,BK0683.DC,央国企改革,概念板块,,002017.SZ,东信和平,20260105
2026-07-07T06:52:29Z,2026,2026-01-01,2026-12-31,20260105,dc_member,BK0683.DC,央国企改革,概念板块,,300772.SZ,运达股份,20260105
2026-07-07T06:52:29Z,2026,2026-01-01,2026-12-31,20260105,dc_member,BK0683.DC,央国企改革,概念板块,,300289.SZ,利德曼,20260105
2026-07-07T06:52:29Z,2026,2026-01-01,2026-12-31,20260105,dc_member,BK0683.DC,央国企改革,概念板块,,300073.SZ,当升科技,20260105
2026-07-07T06:52:29Z,2026,2026-01-01,2026-12-31,20260105,dc_member,BK0683.DC,央国企改革,概念板块,,601179.SH,中国西电,20260105
2026-07-07T06:52:29Z,2026,2026-01-01,2026-12-31,20260105,dc_member,BK0683.DC,央国企改革,概念板块,,688567.SH,孚能科技,20260105
2026-07-07T06:52:29Z,2026,2026-01-01,2026-12-31,20260105,dc_member,BK0683.DC,央国企改革,概念板块,,002181.SZ,粤 传 媒,20260105
2026-07-07T06:52:29Z,2026,2026-01-01,2026-12-31,20260105,dc_member,BK0683.DC,央国企改革,概念板块,,600547.SH,山东黄金,20260105
2026-07-07T06:52:29Z,2026,2026-01-01,2026-12-31,20260105,dc_member,BK0683.DC,央国企改革,概念板块,,000636.SZ,风华高科,20260105
2026-07-07T06:52:29Z,2026,2026-01-01,2026-12-31,20260105,dc_member,BK0683.DC,央国企改革,概念板块,,600760.SH,中航沈飞,20260105
2026-07-07T06:52:29Z,2026,2026-01-01,2026-12-31,20260105,dc_member,BK0683.DC,央国企改革,概念板块,,301370.SZ,国科恒泰,20260105
2026-07-07T06:52:29Z,2026,2026-01-01,2026-12-31,20260105,dc_member,BK0683.DC,央国企改革,概念板块,,601611.SH,中国核建,20260105
2026-07-07T06:52:29Z,2026,2026-01-01,2026-12-31,20260105,dc_member,BK0683.DC,央国企改革,概念板块,,600312.SH,平高电气,20260105
2026-07-07T06:52:29Z,2026,2026-01-01,2026-12-31,20260105,dc_member,BK0683.DC,央国企改革,概念板块,,600489.SH,中金黄金,20260105
2026-07-07T06:52:29Z,2026,2026-01-01,2026-12-31,20260105,dc_member,BK0683.DC,央国企改革,概念板块,,600150.SH,中国船舶,20260105
2026-07-07T06:52:29Z,2026,2026-01-01,2026-12-31,20260105,dc_member,BK0683.DC,央国企改革,概念板块,,000933.SZ,神火股份,20260105
2026-07-07T06:52:29Z,2026,2026-01-01,2026-12-31,20260105,dc_member,BK0683.DC,央国企改革,概念板块,,002338.SZ,奥普光电,20260105
2026-07-07T06:52:29Z,2026,2026-01-01,2026-12-31,20260105,dc_member,BK0683.DC,央国企改革,概念板块,,600839.SH,四川长虹,20260105
2026-07-07T06:52:29Z,2026,2026-01-01,2026-12-31,20260105,dc_member,BK0683.DC,央国企改革,概念板块,,600048.SH,保利发展,20260105
2026-07-07T06:52:29Z,2026,2026-01-01,2026-12-31,20260105,dc_member,BK0683.DC,央国企改革,概念板块,,601718.SH,际华集团,20260105
2026-07-07T06:52:29Z,2026,2026-01-01,2026-12-31,20260105,dc_member,BK0683.DC,央国企改革,概念板块,,601921.SH,浙版传媒,20260105
2026-07-07T06:52:29Z,2026,2026-01-01,2026-12-31,20260105,dc_member,BK0683.DC,央国企改革,概念板块,,301238.SZ,瑞泰新材,20260105
2026-07-07T06:52:29Z,2026,2026-01-01,2026-12-31,20260105,dc_member,BK0683.DC,央国企改革,概念板块,,600345.SH,长江通信,20260105
2026-07-07T06:52:29Z,2026,2026-01-01,2026-12-31,20260105,dc_member,BK0683.DC,央国企改革,概念板块,,000629.SZ,钒钛股份,20260105
2026-07-07T06:52:29Z,2026,2026-01-01,2026-12-31,20260105,dc_member,BK0683.DC,央国企改革,概念板块,,600519.SH,贵州茅台,20260105
2026-07-07T06:52:29Z,2026,2026-01-01,2026-12-31,20260105,dc_member,BK0683.DC,央国企改革,概念板块,,300981.SZ,中红医疗,20260105
2026-07-07T06:52:29Z,2026,2026-01-01,2026-12-31,20260105,dc_member,BK0683.DC,央国企改革,概念板块,,603888.SH,新华网,20260105
2026-07-07T06:52:29Z,2026,2026-01-01,2026-12-31,20260105,dc_member,BK0683.DC,央国企改革,概念板块,,603881.SH,数据港,20260105
2026-07-07T06:52:29Z,2026,2026-01-01,2026-12-31,20260105,dc_member,BK0683.DC,央国企改革,概念板块,,002654.SZ,万润科技,20260105
2026-07-07T06:52:29Z,2026,2026-01-01,2026-12-31,20260105,dc_member,BK0683.DC,央国企改革,概念板块,,688249.SH,晶合集成,20260105
2026-07-07T06:52:29Z,2026,2026-01-01,2026-12-31,20260105,dc_member,BK0683.DC,央国企改革,概念板块,,300635.SZ,中达安,20260105
2026-07-07T06:52:29Z,2026,2026-01-01,2026-12-31,20260105,dc_member,BK0683.DC,央国企改革,概念板块,,688552.SH,航天南湖,20260105
2026-07-07T06:52:29Z,2026,2026-01-01,2026-12-31,20260105,dc_member,BK0683.DC,央国企改革,概念板块,,000503.SZ,国新健康,20260105
2026-07-07T06:52:29Z,2026,2026-01-01,2026-12-31,20260105,dc_member,BK0683.DC,央国企改革,概念板块,,001337.SZ,四川黄金,20260105
2026-07-07T06:52:29Z,2026,2026-01-01,2026-12-31,20260105,dc_member,BK0683.DC,央国企改革,概念板块,,001914.SZ,招商积余,20260105
2026-07-07T06:52:29Z,2026,2026-01-01,2026-12-31,20260105,dc_member,BK0683.DC,央国企改革,概念板块,,002371.SZ,北方华创,20260105
