split,seed_family_id,eligible_stock_day_count,eligible_instrument_year_count,executable_seed_stock_day_count,seed_episode_count,seed_day_rate,seed_episode_rate,unique_instrument_count,unique_instrument_year_count,suppressed_reentry_count,next_open_buy_executable_rate,limit_up_unbuyable_reject_count,risk_distance_ineligible_count,seed_day_rate_vs_ep2,seed_episode_rate_vs_ep2,executable_seed_stock_day_count_vs_ep2,seed_episode_count_vs_ep2
train,ep4_wide_seed_v0,179135,699,17708,2287,0.09885282049850672,3.271816881258941,390,1084,15822,0.43458757844002766,204,1199,15.41166231505657,1.9904264577893822,15.41166231505657,1.990426457789382
train,ep2_launch_detector_v0_bridge,179135,699,1149,1149,0.006414156920758088,1.6437768240343347,232,649,0,0.9965307892454467,4,378,1.0,1.0,1.0,1.0
validation,ep4_wide_seed_v0,107845,448,8754,1131,0.08117205248272985,2.5245535714285716,297,531,8064,0.5159310143232972,49,715,16.454887218045116,2.1259398496240602,16.454887218045112,2.1259398496240602
validation,ep2_launch_detector_v0_bridge,107845,448,532,532,0.004933005702628773,1.1875,234,344,0,0.9925373134328358,3,193,1.0,1.0,1.0,1.0
robustness,ep4_wide_seed_v0,108406,438,12383,1365,0.11422799476043762,3.1164383561643834,327,574,10176,0.5311120543293718,552,798,17.490112994350284,1.927966101694915,17.490112994350284,1.9279661016949152
robustness,ep2_launch_detector_v0_bridge,108406,438,708,708,0.00653100381897681,1.6164383561643836,248,403,0,0.9135483870967742,66,254,1.0,1.0,1.0,1.0
