split,seed_family_id,eligible_stock_day_count,eligible_instrument_year_count,executable_seed_stock_day_count,seed_episode_count,seed_day_rate,seed_episode_rate,unique_instrument_count,unique_instrument_year_count,suppressed_reentry_count,next_open_buy_executable_rate,limit_up_unbuyable_reject_count,risk_distance_ineligible_count,seed_day_rate_vs_ep2,seed_episode_rate_vs_ep2,executable_seed_stock_day_count_vs_ep2,seed_episode_count_vs_ep2
train,ep4_money_rps5_boll20_high10_seed_v0,179135,699,3161,2087,0.01764590950958774,2.9856938483547926,331,918,1095,0.3389142064592827,92,519,2.751087902523934,1.8163620539599652,2.751087902523934,1.8163620539599652
train,ep2_launch_detector_v0_bridge,179135,699,1149,1149,0.006414156920758088,1.6437768240343347,232,649,0,0.9965307892454467,4,378,1.0,1.0,1.0,1.0
validation,ep4_money_rps5_boll20_high10_seed_v0,107845,448,1622,1070,0.015040103852751634,2.388392857142857,280,487,536,0.38764044943820225,25,331,3.0488721804511276,2.011278195488722,3.0488721804511276,2.011278195488722
validation,ep2_launch_detector_v0_bridge,107845,448,532,532,0.004933005702628773,1.1875,234,344,0,0.9925373134328358,3,193,1.0,1.0,1.0,1.0
robustness,ep4_money_rps5_boll20_high10_seed_v0,108406,438,1761,1167,0.01624448831245503,2.664383561643836,300,498,589,0.3657142857142857,237,338,2.48728813559322,1.6483050847457628,2.48728813559322,1.6483050847457628
robustness,ep2_launch_detector_v0_bridge,108406,438,708,708,0.00653100381897681,1.6164383561643836,248,403,0,0.9135483870967742,66,254,1.0,1.0,1.0,1.0
