policy_id,label_month,return_path,month_end_trade_date,start_NAV,terminal_NAV,monthly_return,event_month,run_id,contract_version,primary_return,primary_minus_policy_return
C_D8_ONLY_XD8_R100_CNONE,2024-08,gross_shadow,2024-08-30,10000000,9644021,-0.0355979,False,20B_P4_top_region_hysteresis_partial_rebalance_turnover_control_v0,20B_P4_TURNCTL_v0,-0.0332539,0.002344
C_D8_ONLY_XD8_R100_CNONE,2024-08,reference_net,2024-08-30,10000000,9636443.00276,-0.036355699724,False,20B_P4_top_region_hysteresis_partial_rebalance_turnover_control_v0,20B_P4_TURNCTL_v0,-0.03400009916,0.002355600564
C_D8_ONLY_XD8_R100_CNONE,2024-09,gross_shadow,2024-09-30,9644021,11744071,0.217756680538,False,20B_P4_top_region_hysteresis_partial_rebalance_turnover_control_v0,20B_P4_TURNCTL_v0,0.158862601049,-0.0588940794891
C_D8_ONLY_XD8_R100_CNONE,2024-09,reference_net,2024-09-30,9636443.00276,11721034.8557,0.21632378797,False,20B_P4_top_region_hysteresis_partial_rebalance_turnover_control_v0,20B_P4_TURNCTL_v0,0.158765209196,-0.0575585787738
C_D8_ONLY_XD8_R100_CNONE,2024-10,gross_shadow,2024-10-31,11744071,11964342,0.0187559322487,True,20B_P4_top_region_hysteresis_partial_rebalance_turnover_control_v0,20B_P4_TURNCTL_v0,-0.0417565103154,-0.0605124425641
C_D8_ONLY_XD8_R100_CNONE,2024-10,reference_net,2024-10-31,11721034.8557,11922694.9033,0.0172049695367,True,20B_P4_top_region_hysteresis_partial_rebalance_turnover_control_v0,20B_P4_TURNCTL_v0,-0.0419999329509,-0.0592049024876
C_D8_ONLY_XD8_R100_CNONE,2024-11,gross_shadow,2024-11-29,11964342,11919256,-0.00376836436137,False,20B_P4_top_region_hysteresis_partial_rebalance_turnover_control_v0,20B_P4_TURNCTL_v0,0.00743434136436,0.0112027057257
C_D8_ONLY_XD8_R100_CNONE,2024-11,reference_net,2024-11-29,11922694.9033,11862425.6476,-0.00505500276312,False,20B_P4_top_region_hysteresis_partial_rebalance_turnover_control_v0,20B_P4_TURNCTL_v0,0.00728422719772,0.0123392299608
C_D8_ONLY_XD8_R100_CNONE,2024-12,gross_shadow,2024-12-31,11919256,12088986,0.014239982764,False,20B_P4_top_region_hysteresis_partial_rebalance_turnover_control_v0,20B_P4_TURNCTL_v0,0.023651486543,0.00941150377893
C_D8_ONLY_XD8_R100_CNONE,2024-12,reference_net,2024-12-31,11862425.6476,12012788.8782,0.0126755888759,False,20B_P4_top_region_hysteresis_partial_rebalance_turnover_control_v0,20B_P4_TURNCTL_v0,0.0235057852708,0.0108301963949
C_D8_ONLY_XD8_R100_CNONE,2025-01,gross_shadow,2025-01-27,12088986,11863348,-0.0186647581526,False,20B_P4_top_region_hysteresis_partial_rebalance_turnover_control_v0,20B_P4_TURNCTL_v0,-0.0159349720686,0.00272978608397
C_D8_ONLY_XD8_R100_CNONE,2025-01,reference_net,2025-01-27,12012788.8782,11770364.9147,-0.0201804898095,False,20B_P4_top_region_hysteresis_partial_rebalance_turnover_control_v0,20B_P4_TURNCTL_v0,-0.0161371317804,0.00404335802907
C_D8_ONLY_XD8_R100_CNONE,2025-02,gross_shadow,2025-02-28,11863348,12010208,0.0123793047292,True,20B_P4_top_region_hysteresis_partial_rebalance_turnover_control_v0,20B_P4_TURNCTL_v0,-0.0079087507335,-0.0202880554627
C_D8_ONLY_XD8_R100_CNONE,2025-02,reference_net,2025-02-28,11770364.9147,11900202.6892,0.0110309047783,True,20B_P4_top_region_hysteresis_partial_rebalance_turnover_control_v0,20B_P4_TURNCTL_v0,-0.00809581661659,-0.0191267213949
C_D8_ONLY_XD8_R100_CNONE,2025-03,gross_shadow,2025-03-31,12010208,12243784,0.0194481227969,False,20B_P4_top_region_hysteresis_partial_rebalance_turnover_control_v0,20B_P4_TURNCTL_v0,0.0133980936076,-0.00605002918924
C_D8_ONLY_XD8_R100_CNONE,2025-03,reference_net,2025-03-31,11900202.6892,12113545.9682,0.0179277012763,False,20B_P4_top_region_hysteresis_partial_rebalance_turnover_control_v0,20B_P4_TURNCTL_v0,0.0132233978829,-0.00470430339344
C_D8_ONLY_XD8_R100_CNONE,2025-04,gross_shadow,2025-04-30,12243784,12037262,-0.0168674978258,False,20B_P4_top_region_hysteresis_partial_rebalance_turnover_control_v0,20B_P4_TURNCTL_v0,-0.0157743458108,0.00109315201506
C_D8_ONLY_XD8_R100_CNONE,2025-04,reference_net,2025-04-30,12113545.9682,11887978.7304,-0.0186210741564,False,20B_P4_top_region_hysteresis_partial_rebalance_turnover_control_v0,20B_P4_TURNCTL_v0,-0.0159994675217,0.00262160663463
C_D8_ONLY_XD8_R100_CNONE,2025-05,gross_shadow,2025-05-30,12037262,12283636,0.0204676113222,False,20B_P4_top_region_hysteresis_partial_rebalance_turnover_control_v0,20B_P4_TURNCTL_v0,0.0218567581682,0.00138914684597
C_D8_ONLY_XD8_R100_CNONE,2025-05,reference_net,2025-05-30,11887978.7304,12117217.736,0.0192832617545,False,20B_P4_top_region_hysteresis_partial_rebalance_turnover_control_v0,20B_P4_TURNCTL_v0,0.021723831916,0.00244057016156
C_D8_ONLY_XD8_R100_CNONE,2025-06,gross_shadow,2025-06-30,12283636,12614665,0.026948779661,False,20B_P4_top_region_hysteresis_partial_rebalance_turnover_control_v0,20B_P4_TURNCTL_v0,0.0120373412204,-0.0149114384406
C_D8_ONLY_XD8_R100_CNONE,2025-06,reference_net,2025-06-30,12117217.736,12429863.989,0.0258018185199,False,20B_P4_top_region_hysteresis_partial_rebalance_turnover_control_v0,20B_P4_TURNCTL_v0,0.0118812499438,-0.0139205685761
C_D8_ONLY_XD8_R100_CNONE,2025-07,gross_shadow,2025-07-31,12614665,12948745,0.0264834619072,False,20B_P4_top_region_hysteresis_partial_rebalance_turnover_control_v0,20B_P4_TURNCTL_v0,0.0159705014252,-0.010512960482
C_D8_ONLY_XD8_R100_CNONE,2025-07,reference_net,2025-07-31,12429863.989,12743316.4625,0.0252176913398,False,20B_P4_top_region_hysteresis_partial_rebalance_turnover_control_v0,20B_P4_TURNCTL_v0,0.0158245945545,-0.00939309678533
C_D8_ONLY_XD8_R100_CNONE,2025-08,gross_shadow,2025-08-29,12948745,13886829,0.0724459397417,True,20B_P4_top_region_hysteresis_partial_rebalance_turnover_control_v0,20B_P4_TURNCTL_v0,0.0214107382381,-0.0510352015036
C_D8_ONLY_XD8_R100_CNONE,2025-08,reference_net,2025-08-29,12743316.4625,13661890.1027,0.0720827771103,True,20B_P4_top_region_hysteresis_partial_rebalance_turnover_control_v0,20B_P4_TURNCTL_v0,0.0212920604186,-0.0507907166917
C_D8_ONLY_XD8_R100_CNONE,2025-09,gross_shadow,2025-09-30,13886829,14007071,0.00865870819033,True,20B_P4_top_region_hysteresis_partial_rebalance_turnover_control_v0,20B_P4_TURNCTL_v0,-0.0146549819574,-0.0233136901478
C_D8_ONLY_XD8_R100_CNONE,2025-09,reference_net,2025-09-30,13661890.1027,13760616.1435,0.00722638230348,True,20B_P4_top_region_hysteresis_partial_rebalance_turnover_control_v0,20B_P4_TURNCTL_v0,-0.0148953122943,-0.0221216945978
C_D8_ONLY_XD8_R100_CNONE,2025-10,gross_shadow,2025-10-31,14007071,14174366,0.0119436104807,False,20B_P4_top_region_hysteresis_partial_rebalance_turnover_control_v0,20B_P4_TURNCTL_v0,0.0176421257991,0.0056985153184
C_D8_ONLY_XD8_R100_CNONE,2025-10,reference_net,2025-10-31,13760616.1435,13905598.8778,0.0105360641382,False,20B_P4_top_region_hysteresis_partial_rebalance_turnover_control_v0,20B_P4_TURNCTL_v0,0.017504769152,0.00696870501379
C_D8_ONLY_XD8_R100_CNONE,2025-11,gross_shadow,2025-11-28,14174366,13661865,-0.0361568905445,False,20B_P4_top_region_hysteresis_partial_rebalance_turnover_control_v0,20B_P4_TURNCTL_v0,-0.00968857869009,0.0264683118544
C_D8_ONLY_XD8_R100_CNONE,2025-11,reference_net,2025-11-28,13905598.8778,13372398.2014,-0.0383443159209,False,20B_P4_top_region_hysteresis_partial_rebalance_turnover_control_v0,20B_P4_TURNCTL_v0,-0.00995710204626,0.0283872138746
C_D8_ONLY_XD8_R100_CNONE,2025-12,gross_shadow,2025-12-31,13661865,14704818,0.0763404557138,False,20B_P4_top_region_hysteresis_partial_rebalance_turnover_control_v0,20B_P4_TURNCTL_v0,0.0171802536106,-0.0591602021032
C_D8_ONLY_XD8_R100_CNONE,2025-12,reference_net,2025-12-31,13372398.2014,14393311.3697,0.0763448076401,False,20B_P4_top_region_hysteresis_partial_rebalance_turnover_control_v0,20B_P4_TURNCTL_v0,0.0170218081883,-0.0593229994518
C_D8_ONLY_XD8_R100_CNONE,2026-01,gross_shadow,2026-01-30,14704818,15796713,0.0742542342245,False,20B_P4_top_region_hysteresis_partial_rebalance_turnover_control_v0,20B_P4_TURNCTL_v0,0.0150287676854,-0.0592254665391
C_D8_ONLY_XD8_R100_CNONE,2026-01,reference_net,2026-01-30,14393311.3697,15459603.6934,0.0740824884746,False,20B_P4_top_region_hysteresis_partial_rebalance_turnover_control_v0,20B_P4_TURNCTL_v0,0.0148684959055,-0.0592139925691
C_D8_ONLY_XD8_R100_CNONE,2026-02,gross_shadow,2026-02-27,15796713,15967812,0.0108313039554,False,20B_P4_top_region_hysteresis_partial_rebalance_turnover_control_v0,20B_P4_TURNCTL_v0,0.020391049042,0.00955974508658
C_D8_ONLY_XD8_R100_CNONE,2026-02,reference_net,2026-02-27,15459603.6934,15604195.1822,0.00935285869079,False,20B_P4_top_region_hysteresis_partial_rebalance_turnover_control_v0,20B_P4_TURNCTL_v0,0.0202325528075,0.0108796941167
C_D8_ONLY_XD8_R100_CNONE,2026-03,gross_shadow,2026-03-31,15967812,15105621,-0.053995563074,False,20B_P4_top_region_hysteresis_partial_rebalance_turnover_control_v0,20B_P4_TURNCTL_v0,-0.0159986324444,0.0379969306296
C_D8_ONLY_XD8_R100_CNONE,2026-03,reference_net,2026-03-31,15604195.1822,14713052.82,-0.0571091524899,False,20B_P4_top_region_hysteresis_partial_rebalance_turnover_control_v0,20B_P4_TURNCTL_v0,-0.0162685275383,0.0408406249516
C_D8_ONLY_XD8_R100_CNONE,2026-04,gross_shadow,2026-04-30,15105621,15658237,0.0365834678362,True,20B_P4_top_region_hysteresis_partial_rebalance_turnover_control_v0,20B_P4_TURNCTL_v0,0.0130737020465,-0.0235097657898
C_D8_ONLY_XD8_R100_CNONE,2026-04,reference_net,2026-04-30,14713052.82,15237853.6234,0.0356690626867,True,20B_P4_top_region_hysteresis_partial_rebalance_turnover_control_v0,20B_P4_TURNCTL_v0,0.0128697478741,-0.0227993148126
C_D9D10_EQUAL_XD8_R100_CNONE,2024-08,gross_shadow,2024-08-30,10000000,9679615,-0.0320385,False,20B_P4_top_region_hysteresis_partial_rebalance_turnover_control_v0,20B_P4_TURNCTL_v0,-0.0332539,-0.0012154
C_D9D10_EQUAL_XD8_R100_CNONE,2024-08,reference_net,2024-08-30,10000000,9672157.23856,-0.032784276144,False,20B_P4_top_region_hysteresis_partial_rebalance_turnover_control_v0,20B_P4_TURNCTL_v0,-0.03400009916,-0.001215823016
C_D9D10_EQUAL_XD8_R100_CNONE,2024-09,gross_shadow,2024-09-30,9679615,11503059,0.188379806428,False,20B_P4_top_region_hysteresis_partial_rebalance_turnover_control_v0,20B_P4_TURNCTL_v0,0.158862601049,-0.0295172053792
C_D9D10_EQUAL_XD8_R100_CNONE,2024-09,reference_net,2024-09-30,9672157.23856,11488046.382,0.187743964312,False,20B_P4_top_region_hysteresis_partial_rebalance_turnover_control_v0,20B_P4_TURNCTL_v0,0.158765209196,-0.0289787551166
C_D9D10_EQUAL_XD8_R100_CNONE,2024-10,gross_shadow,2024-10-31,11503059,11133048,-0.0321663133259,True,20B_P4_top_region_hysteresis_partial_rebalance_turnover_control_v0,20B_P4_TURNCTL_v0,-0.0417565103154,-0.00959019698956
C_D9D10_EQUAL_XD8_R100_CNONE,2024-10,reference_net,2024-10-31,11488046.382,11107363.4894,-0.033137304628,True,20B_P4_top_region_hysteresis_partial_rebalance_turnover_control_v0,20B_P4_TURNCTL_v0,-0.0419999329509,-0.00886262832292
C_D9D10_EQUAL_XD8_R100_CNONE,2024-11,gross_shadow,2024-11-29,11133048,11282919,0.0134618120752,False,20B_P4_top_region_hysteresis_partial_rebalance_turnover_control_v0,20B_P4_TURNCTL_v0,0.00743434136436,-0.00602747071083
C_D9D10_EQUAL_XD8_R100_CNONE,2024-11,reference_net,2024-11-29,11107363.4894,11250479.0731,0.0128847483758,False,20B_P4_top_region_hysteresis_partial_rebalance_turnover_control_v0,20B_P4_TURNCTL_v0,0.00728422719772,-0.00560052117808
C_D9D10_EQUAL_XD8_R100_CNONE,2024-12,gross_shadow,2024-12-31,11282919,11663456,0.0337268219332,False,20B_P4_top_region_hysteresis_partial_rebalance_turnover_control_v0,20B_P4_TURNCTL_v0,0.023651486543,-0.0100753353903
C_D9D10_EQUAL_XD8_R100_CNONE,2024-12,reference_net,2024-12-31,11250479.0731,11622782.8593,0.0330922606762,False,20B_P4_top_region_hysteresis_partial_rebalance_turnover_control_v0,20B_P4_TURNCTL_v0,0.0235057852708,-0.00958647540544
C_D9D10_EQUAL_XD8_R100_CNONE,2025-01,gross_shadow,2025-01-27,11663456,11311343,-0.0301894224148,False,20B_P4_top_region_hysteresis_partial_rebalance_turnover_control_v0,20B_P4_TURNCTL_v0,-0.0159349720686,0.0142544503461
C_D9D10_EQUAL_XD8_R100_CNONE,2025-01,reference_net,2025-01-27,11622782.8593,11265253.7079,-0.030761062629,False,20B_P4_top_region_hysteresis_partial_rebalance_turnover_control_v0,20B_P4_TURNCTL_v0,-0.0161371317804,0.0146239308486
C_D9D10_EQUAL_XD8_R100_CNONE,2025-02,gross_shadow,2025-02-28,11311343,11148735,-0.0143756581336,True,20B_P4_top_region_hysteresis_partial_rebalance_turnover_control_v0,20B_P4_TURNCTL_v0,-0.0079087507335,0.00646690740011
C_D9D10_EQUAL_XD8_R100_CNONE,2025-02,reference_net,2025-02-28,11265253.7079,11096388.7492,-0.0149898939765,True,20B_P4_top_region_hysteresis_partial_rebalance_turnover_control_v0,20B_P4_TURNCTL_v0,-0.00809581661659,0.00689407735995
C_D9D10_EQUAL_XD8_R100_CNONE,2025-03,gross_shadow,2025-03-31,11148735,11303780,0.0139069589509,False,20B_P4_top_region_hysteresis_partial_rebalance_turnover_control_v0,20B_P4_TURNCTL_v0,0.0133980936076,-0.000508865343319
C_D9D10_EQUAL_XD8_R100_CNONE,2025-03,reference_net,2025-03-31,11096388.7492,11243745.669,0.0132797185815,False,20B_P4_top_region_hysteresis_partial_rebalance_turnover_control_v0,20B_P4_TURNCTL_v0,0.0132233978829,-5.63206986448e-05
C_D9D10_EQUAL_XD8_R100_CNONE,2025-04,gross_shadow,2025-04-30,11303780,11144938,-0.0140521135408,False,20B_P4_top_region_hysteresis_partial_rebalance_turnover_control_v0,20B_P4_TURNCTL_v0,-0.0157743458108,-0.00172223226999
C_D9D10_EQUAL_XD8_R100_CNONE,2025-04,reference_net,2025-04-30,11243745.669,11077607.9371,-0.0147760129747,False,20B_P4_top_region_hysteresis_partial_rebalance_turnover_control_v0,20B_P4_TURNCTL_v0,-0.0159994675217,-0.00122345454703
C_D9D10_EQUAL_XD8_R100_CNONE,2025-05,gross_shadow,2025-05-30,11144938,11561940,0.0374162691618,False,20B_P4_top_region_hysteresis_partial_rebalance_turnover_control_v0,20B_P4_TURNCTL_v0,0.0218567581682,-0.0155595109936
C_D9D10_EQUAL_XD8_R100_CNONE,2025-05,reference_net,2025-05-30,11077607.9371,11487075.7948,0.0369635628904,False,20B_P4_top_region_hysteresis_partial_rebalance_turnover_control_v0,20B_P4_TURNCTL_v0,0.021723831916,-0.0152397309744
C_D9D10_EQUAL_XD8_R100_CNONE,2025-06,gross_shadow,2025-06-30,11561940,11937832,0.0325111529726,False,20B_P4_top_region_hysteresis_partial_rebalance_turnover_control_v0,20B_P4_TURNCTL_v0,0.0120373412204,-0.0204738117522
C_D9D10_EQUAL_XD8_R100_CNONE,2025-06,reference_net,2025-06-30,11487075.7948,11855622.4766,0.032083594499,False,20B_P4_top_region_hysteresis_partial_rebalance_turnover_control_v0,20B_P4_TURNCTL_v0,0.0118812499438,-0.0202023445552
C_D9D10_EQUAL_XD8_R100_CNONE,2025-07,gross_shadow,2025-07-31,11937832,12264070,0.027328077661,False,20B_P4_top_region_hysteresis_partial_rebalance_turnover_control_v0,20B_P4_TURNCTL_v0,0.0159705014252,-0.0113575762358
C_D9D10_EQUAL_XD8_R100_CNONE,2025-07,reference_net,2025-07-31,11855622.4766,12173600.3373,0.0268208490366,False,20B_P4_top_region_hysteresis_partial_rebalance_turnover_control_v0,20B_P4_TURNCTL_v0,0.0158245945545,-0.0109962544822
C_D9D10_EQUAL_XD8_R100_CNONE,2025-08,gross_shadow,2025-08-29,12264070,12774148,0.0415912498869,True,20B_P4_top_region_hysteresis_partial_rebalance_turnover_control_v0,20B_P4_TURNCTL_v0,0.0214107382381,-0.0201805116488
C_D9D10_EQUAL_XD8_R100_CNONE,2025-08,reference_net,2025-08-29,12173600.3373,12674847.164,0.0411749041223,True,20B_P4_top_region_hysteresis_partial_rebalance_turnover_control_v0,20B_P4_TURNCTL_v0,0.0212920604186,-0.0198828437036
C_D9D10_EQUAL_XD8_R100_CNONE,2025-09,gross_shadow,2025-09-30,12774148,12456514,-0.0248653765402,True,20B_P4_top_region_hysteresis_partial_rebalance_turnover_control_v0,20B_P4_TURNCTL_v0,-0.0146549819574,0.0102103945827
C_D9D10_EQUAL_XD8_R100_CNONE,2025-09,reference_net,2025-09-30,12674847.164,12347624.5357,-0.0258166922296,True,20B_P4_top_region_hysteresis_partial_rebalance_turnover_control_v0,20B_P4_TURNCTL_v0,-0.0148953122943,0.0109213799353
C_D9D10_EQUAL_XD8_R100_CNONE,2025-10,gross_shadow,2025-10-31,12456514,12709338,0.0202965291895,False,20B_P4_top_region_hysteresis_partial_rebalance_turnover_control_v0,20B_P4_TURNCTL_v0,0.0176421257991,-0.00265440339033
C_D9D10_EQUAL_XD8_R100_CNONE,2025-10,reference_net,2025-10-31,12347624.5357,12591357.554,0.019739263824,False,20B_P4_top_region_hysteresis_partial_rebalance_turnover_control_v0,20B_P4_TURNCTL_v0,0.017504769152,-0.002234494672
C_D9D10_EQUAL_XD8_R100_CNONE,2025-11,gross_shadow,2025-11-28,12709338,12416809,-0.0230168557953,False,20B_P4_top_region_hysteresis_partial_rebalance_turnover_control_v0,20B_P4_TURNCTL_v0,-0.00968857869009,0.0133282771052
C_D9D10_EQUAL_XD8_R100_CNONE,2025-11,reference_net,2025-11-28,12591357.554,12286223.6648,-0.0242335973624,False,20B_P4_top_region_hysteresis_partial_rebalance_turnover_control_v0,20B_P4_TURNCTL_v0,-0.00995710204626,0.0142764953162
C_D9D10_EQUAL_XD8_R100_CNONE,2025-12,gross_shadow,2025-12-31,12416809,12751257,0.0269351006366,False,20B_P4_top_region_hysteresis_partial_rebalance_turnover_control_v0,20B_P4_TURNCTL_v0,0.0171802536106,-0.00975484702599
C_D9D10_EQUAL_XD8_R100_CNONE,2025-12,reference_net,2025-12-31,12286223.6648,12611527.3421,0.0264771085205,False,20B_P4_top_region_hysteresis_partial_rebalance_turnover_control_v0,20B_P4_TURNCTL_v0,0.0170218081883,-0.00945530033224
C_D9D10_EQUAL_XD8_R100_CNONE,2026-01,gross_shadow,2026-01-30,12751257,13298463,0.0429138868427,False,20B_P4_top_region_hysteresis_partial_rebalance_turnover_control_v0,20B_P4_TURNCTL_v0,0.0150287676854,-0.0278851191573
C_D9D10_EQUAL_XD8_R100_CNONE,2026-01,reference_net,2026-01-30,12611527.3421,13148035.9547,0.0425411290875,False,20B_P4_top_region_hysteresis_partial_rebalance_turnover_control_v0,20B_P4_TURNCTL_v0,0.0148684959055,-0.027672633182
C_D9D10_EQUAL_XD8_R100_CNONE,2026-02,gross_shadow,2026-02-27,13298463,13853741,0.0417550509408,False,20B_P4_top_region_hysteresis_partial_rebalance_turnover_control_v0,20B_P4_TURNCTL_v0,0.020391049042,-0.0213640018988
C_D9D10_EQUAL_XD8_R100_CNONE,2026-02,reference_net,2026-02-27,13148035.9547,13689932.9526,0.0412150529392,False,20B_P4_top_region_hysteresis_partial_rebalance_turnover_control_v0,20B_P4_TURNCTL_v0,0.0202325528075,-0.0209825001317
C_D9D10_EQUAL_XD8_R100_CNONE,2026-03,gross_shadow,2026-03-31,13853741,12997806,-0.0617836727278,False,20B_P4_top_region_hysteresis_partial_rebalance_turnover_control_v0,20B_P4_TURNCTL_v0,-0.0159986324444,0.0457850402834
C_D9D10_EQUAL_XD8_R100_CNONE,2026-03,reference_net,2026-03-31,13689932.9526,12822075.2295,-0.0633938622024,False,20B_P4_top_region_hysteresis_partial_rebalance_turnover_control_v0,20B_P4_TURNCTL_v0,-0.0162685275383,0.0471253346641
C_D9D10_EQUAL_XD8_R100_CNONE,2026-04,gross_shadow,2026-04-30,12997806,13562077,0.0434127882813,True,20B_P4_top_region_hysteresis_partial_rebalance_turnover_control_v0,20B_P4_TURNCTL_v0,0.0130737020465,-0.0303390862349
C_D9D10_EQUAL_XD8_R100_CNONE,2026-04,reference_net,2026-04-30,12822075.2295,13372917.9263,0.0429604948428,True,20B_P4_top_region_hysteresis_partial_rebalance_turnover_control_v0,20B_P4_TURNCTL_v0,0.0128697478741,-0.0300907469687
C_MIX303040_XD8_R100_CNONE,2024-08,gross_shadow,2024-08-30,10000000,9678315,-0.0321685,False,20B_P4_top_region_hysteresis_partial_rebalance_turnover_control_v0,20B_P4_TURNCTL_v0,-0.0332539,-0.0010854
C_MIX303040_XD8_R100_CNONE,2024-08,reference_net,2024-08-30,10000000,9670858.45304,-0.032914154696,False,20B_P4_top_region_hysteresis_partial_rebalance_turnover_control_v0,20B_P4_TURNCTL_v0,-0.03400009916,-0.001085944464
C_MIX303040_XD8_R100_CNONE,2024-09,gross_shadow,2024-09-30,9678315,11566585,0.195103176534,False,20B_P4_top_region_hysteresis_partial_rebalance_turnover_control_v0,20B_P4_TURNCTL_v0,0.158862601049,-0.0362405754853
C_MIX303040_XD8_R100_CNONE,2024-09,reference_net,2024-09-30,9670858.45304,11552442.808,0.194562288768,False,20B_P4_top_region_hysteresis_partial_rebalance_turnover_control_v0,20B_P4_TURNCTL_v0,0.158765209196,-0.0357970795717
C_MIX303040_XD8_R100_CNONE,2024-10,gross_shadow,2024-10-31,11566585,11263756,-0.0261813664102,True,20B_P4_top_region_hysteresis_partial_rebalance_turnover_control_v0,20B_P4_TURNCTL_v0,-0.0417565103154,-0.0155751439052
C_MIX303040_XD8_R100_CNONE,2024-10,reference_net,2024-10-31,11552442.808,11239931.2104,-0.0270515598098,True,20B_P4_top_region_hysteresis_partial_rebalance_turnover_control_v0,20B_P4_TURNCTL_v0,-0.0419999329509,-0.0149483731411
C_MIX303040_XD8_R100_CNONE,2024-11,gross_shadow,2024-11-29,11263756,11343750,0.00710189389756,False,20B_P4_top_region_hysteresis_partial_rebalance_turnover_control_v0,20B_P4_TURNCTL_v0,0.00743434136436,0.000332447466799
C_MIX303040_XD8_R100_CNONE,2024-11,reference_net,2024-11-29,11239931.2104,11314214.1516,0.00660884303998,False,20B_P4_top_region_hysteresis_partial_rebalance_turnover_control_v0,20B_P4_TURNCTL_v0,0.00728422719772,0.000675384157739
C_MIX303040_XD8_R100_CNONE,2024-12,gross_shadow,2024-12-31,11343750,11664871,0.0283081873278,False,20B_P4_top_region_hysteresis_partial_rebalance_turnover_control_v0,20B_P4_TURNCTL_v0,0.023651486543,-0.00465670078487
C_MIX303040_XD8_R100_CNONE,2024-12,reference_net,2024-12-31,11314214.1516,11628505.4056,0.0277784430946,False,20B_P4_top_region_hysteresis_partial_rebalance_turnover_control_v0,20B_P4_TURNCTL_v0,0.0235057852708,-0.00427265782382
C_MIX303040_XD8_R100_CNONE,2025-01,gross_shadow,2025-01-27,11664871,11350863,-0.0269191146649,False,20B_P4_top_region_hysteresis_partial_rebalance_turnover_control_v0,20B_P4_TURNCTL_v0,-0.0159349720686,0.0109841425963
C_MIX303040_XD8_R100_CNONE,2025-01,reference_net,2025-01-27,11628505.4056,11308623.414,-0.0275084355559,False,20B_P4_top_region_hysteresis_partial_rebalance_turnover_control_v0,20B_P4_TURNCTL_v0,-0.0161371317804,0.0113713037755
C_MIX303040_XD8_R100_CNONE,2025-02,gross_shadow,2025-02-28,11350863,11269417,-0.00717531345414,True,20B_P4_top_region_hysteresis_partial_rebalance_turnover_control_v0,20B_P4_TURNCTL_v0,-0.0079087507335,-0.000733437279363
C_MIX303040_XD8_R100_CNONE,2025-02,reference_net,2025-02-28,11308623.414,11221882.8543,-0.0076703022547,True,20B_P4_top_region_hysteresis_partial_rebalance_turnover_control_v0,20B_P4_TURNCTL_v0,-0.00809581661659,-0.000425514361887
C_MIX303040_XD8_R100_CNONE,2025-03,gross_shadow,2025-03-31,11269417,11448637,0.0159032184185,False,20B_P4_top_region_hysteresis_partial_rebalance_turnover_control_v0,20B_P4_TURNCTL_v0,0.0133980936076,-0.00250512481086
C_MIX303040_XD8_R100_CNONE,2025-03,reference_net,2025-03-31,11221882.8543,11393282.4147,0.0152736900362,False,20B_P4_top_region_hysteresis_partial_rebalance_turnover_control_v0,20B_P4_TURNCTL_v0,0.0132233978829,-0.00205029215338
C_MIX303040_XD8_R100_CNONE,2025-04,gross_shadow,2025-04-30,11448637,11281008,-0.0146418302895,False,20B_P4_top_region_hysteresis_partial_rebalance_turnover_control_v0,20B_P4_TURNCTL_v0,-0.0157743458108,-0.00113251552128
C_MIX303040_XD8_R100_CNONE,2025-04,reference_net,2025-04-30,11393282.4147,11218916.24,-0.0153042967201,False,20B_P4_top_region_hysteresis_partial_rebalance_turnover_control_v0,20B_P4_TURNCTL_v0,-0.0159994675217,-0.000695170801636
C_MIX303040_XD8_R100_CNONE,2025-05,gross_shadow,2025-05-30,11281008,11644635,0.0322335557248,False,20B_P4_top_region_hysteresis_partial_rebalance_turnover_control_v0,20B_P4_TURNCTL_v0,0.0218567581682,-0.0103767975566
C_MIX303040_XD8_R100_CNONE,2025-05,reference_net,2025-05-30,11218916.24,11576745.0211,0.0318951290326,False,20B_P4_top_region_hysteresis_partial_rebalance_turnover_control_v0,20B_P4_TURNCTL_v0,0.021723831916,-0.0101712971166
C_MIX303040_XD8_R100_CNONE,2025-06,gross_shadow,2025-06-30,11644635,12007269,0.0311417232056,False,20B_P4_top_region_hysteresis_partial_rebalance_turnover_control_v0,20B_P4_TURNCTL_v0,0.0120373412204,-0.0191043819851
C_MIX303040_XD8_R100_CNONE,2025-06,reference_net,2025-06-30,11576745.0211,11932824.7055,0.0307581866753,False,20B_P4_top_region_hysteresis_partial_rebalance_turnover_control_v0,20B_P4_TURNCTL_v0,0.0118812499438,-0.0188769367315
C_MIX303040_XD8_R100_CNONE,2025-07,gross_shadow,2025-07-31,12007269,12298592,0.024262219827,False,20B_P4_top_region_hysteresis_partial_rebalance_turnover_control_v0,20B_P4_TURNCTL_v0,0.0159705014252,-0.00829171840182
C_MIX303040_XD8_R100_CNONE,2025-07,reference_net,2025-07-31,11932824.7055,12216099.0364,0.0237390842362,False,20B_P4_top_region_hysteresis_partial_rebalance_turnover_control_v0,20B_P4_TURNCTL_v0,0.0158245945545,-0.00791448968175
C_MIX303040_XD8_R100_CNONE,2025-08,gross_shadow,2025-08-29,12298592,12878835,0.0471796283672,True,20B_P4_top_region_hysteresis_partial_rebalance_turnover_control_v0,20B_P4_TURNCTL_v0,0.0214107382381,-0.0257688901291
C_MIX303040_XD8_R100_CNONE,2025-08,reference_net,2025-08-29,12216099.0364,12789451.1671,0.0469341423144,True,20B_P4_top_region_hysteresis_partial_rebalance_turnover_control_v0,20B_P4_TURNCTL_v0,0.0212920604186,-0.0256420818958
C_MIX303040_XD8_R100_CNONE,2025-09,gross_shadow,2025-09-30,12878835,12671858,-0.0160710964928,True,20B_P4_top_region_hysteresis_partial_rebalance_turnover_control_v0,20B_P4_TURNCTL_v0,-0.0146549819574,0.00141611453538
C_MIX303040_XD8_R100_CNONE,2025-09,reference_net,2025-09-30,12789451.1671,12574117.4186,-0.0168368247892,True,20B_P4_top_region_hysteresis_partial_rebalance_turnover_control_v0,20B_P4_TURNCTL_v0,-0.0148953122943,0.00194151249489
C_MIX303040_XD8_R100_CNONE,2025-10,gross_shadow,2025-10-31,12671858,12907695,0.0186110829209,False,20B_P4_top_region_hysteresis_partial_rebalance_turnover_control_v0,20B_P4_TURNCTL_v0,0.0176421257991,-0.000968957121771
C_MIX303040_XD8_R100_CNONE,2025-10,reference_net,2025-10-31,12574117.4186,12801729.9216,0.0181016683241,False,20B_P4_top_region_hysteresis_partial_rebalance_turnover_control_v0,20B_P4_TURNCTL_v0,0.017504769152,-0.000596899172066
C_MIX303040_XD8_R100_CNONE,2025-11,gross_shadow,2025-11-28,12907695,12569728,-0.0261833735613,False,20B_P4_top_region_hysteresis_partial_rebalance_turnover_control_v0,20B_P4_TURNCTL_v0,-0.00968857869009,0.0164947948712
C_MIX303040_XD8_R100_CNONE,2025-11,reference_net,2025-11-28,12801729.9216,12453254.1655,-0.0272209895275,False,20B_P4_top_region_hysteresis_partial_rebalance_turnover_control_v0,20B_P4_TURNCTL_v0,-0.00995710204626,0.0172638874813
C_MIX303040_XD8_R100_CNONE,2025-12,gross_shadow,2025-12-31,12569728,13098797,0.0420907278185,False,20B_P4_top_region_hysteresis_partial_rebalance_turnover_control_v0,20B_P4_TURNCTL_v0,0.0171802536106,-0.0249104742079
C_MIX303040_XD8_R100_CNONE,2025-12,reference_net,2025-12-31,12453254.1655,12973538.1471,0.0417789579083,False,20B_P4_top_region_hysteresis_partial_rebalance_turnover_control_v0,20B_P4_TURNCTL_v0,0.0170218081883,-0.02475714972
C_MIX303040_XD8_R100_CNONE,2026-01,gross_shadow,2026-01-30,13098797,13743422,0.0492125345557,False,20B_P4_top_region_hysteresis_partial_rebalance_turnover_control_v0,20B_P4_TURNCTL_v0,0.0150287676854,-0.0341837668703
C_MIX303040_XD8_R100_CNONE,2026-01,reference_net,2026-01-30,12973538.1471,13606433.2012,0.0487835351425,False,20B_P4_top_region_hysteresis_partial_rebalance_turnover_control_v0,20B_P4_TURNCTL_v0,0.0148684959055,-0.033915039237
C_MIX303040_XD8_R100_CNONE,2026-02,gross_shadow,2026-02-27,13743422,14206047,0.0336615582349,False,20B_P4_top_region_hysteresis_partial_rebalance_turnover_control_v0,20B_P4_TURNCTL_v0,0.020391049042,-0.0132705091929
C_MIX303040_XD8_R100_CNONE,2026-02,reference_net,2026-02-27,13606433.2012,14057796.42,0.0331727802684,False,20B_P4_top_region_hysteresis_partial_rebalance_turnover_control_v0,20B_P4_TURNCTL_v0,0.0202325528075,-0.012940227461
C_MIX303040_XD8_R100_CNONE,2026-03,gross_shadow,2026-03-31,14206047,13359760,-0.0595723074829,False,20B_P4_top_region_hysteresis_partial_rebalance_turnover_control_v0,20B_P4_TURNCTL_v0,-0.0159986324444,0.0435736750385
C_MIX303040_XD8_R100_CNONE,2026-03,reference_net,2026-03-31,14057796.42,13199489.9397,-0.0610555491534,False,20B_P4_top_region_hysteresis_partial_rebalance_turnover_control_v0,20B_P4_TURNCTL_v0,-0.0162685275383,0.0447870216151
C_MIX303040_XD8_R100_CNONE,2026-04,gross_shadow,2026-04-30,13359760,13908348,0.0410627137014,True,20B_P4_top_region_hysteresis_partial_rebalance_turnover_control_v0,20B_P4_TURNCTL_v0,0.0130737020465,-0.027989011655
C_MIX303040_XD8_R100_CNONE,2026-04,reference_net,2026-04-30,13199489.9397,13735164.0816,0.0405829425483,True,20B_P4_top_region_hysteresis_partial_rebalance_turnover_control_v0,20B_P4_TURNCTL_v0,0.0128697478741,-0.0277131946743
F_MIX333_XD6_R025_C020,2024-08,gross_shadow,2024-08-30,10000000,9668592,-0.0331408,False,20B_P4_top_region_hysteresis_partial_rebalance_turnover_control_v0,20B_P4_TURNCTL_v0,-0.0332539,-0.0001131
F_MIX333_XD6_R025_C020,2024-08,reference_net,2024-08-30,10000000,9661124.5516,-0.03388754484,False,20B_P4_top_region_hysteresis_partial_rebalance_turnover_control_v0,20B_P4_TURNCTL_v0,-0.03400009916,-0.00011255432
F_MIX333_XD6_R025_C020,2024-09,gross_shadow,2024-09-30,9668592,11243698,0.162909552911,False,20B_P4_top_region_hysteresis_partial_rebalance_turnover_control_v0,20B_P4_TURNCTL_v0,0.158862601049,-0.00404695186209
F_MIX333_XD6_R025_C020,2024-09,reference_net,2024-09-30,9661124.5516,11235206.2935,0.162929453343,False,20B_P4_top_region_hysteresis_partial_rebalance_turnover_control_v0,20B_P4_TURNCTL_v0,0.158765209196,-0.0041642441471
F_MIX333_XD6_R025_C020,2024-10,gross_shadow,2024-10-31,11243698,10705073,-0.0479046128774,True,20B_P4_top_region_hysteresis_partial_rebalance_turnover_control_v0,20B_P4_TURNCTL_v0,-0.0417565103154,0.00614810256193
F_MIX333_XD6_R025_C020,2024-10,reference_net,2024-10-31,11235206.2935,10695409.3374,-0.0480451308094,True,20B_P4_top_region_hysteresis_partial_rebalance_turnover_control_v0,20B_P4_TURNCTL_v0,-0.0419999329509,0.00604519785847
F_MIX333_XD6_R025_C020,2024-11,gross_shadow,2024-11-29,10705073,10800927,0.00895407252244,False,20B_P4_top_region_hysteresis_partial_rebalance_turnover_control_v0,20B_P4_TURNCTL_v0,0.00743434136436,-0.00151973115808
F_MIX333_XD6_R025_C020,2024-11,reference_net,2024-11-29,10695409.3374,10790388.926,0.00888040705722,False,20B_P4_top_region_hysteresis_partial_rebalance_turnover_control_v0,20B_P4_TURNCTL_v0,0.00728422719772,-0.0015961798595
F_MIX333_XD6_R025_C020,2024-12,gross_shadow,2024-12-31,10800927,11070796,0.0249857257622,False,20B_P4_top_region_hysteresis_partial_rebalance_turnover_control_v0,20B_P4_TURNCTL_v0,0.023651486543,-0.00133423921929
F_MIX333_XD6_R025_C020,2024-12,reference_net,2024-12-31,10790388.926,11059225.2848,0.0249144271503,False,20B_P4_top_region_hysteresis_partial_rebalance_turnover_control_v0,20B_P4_TURNCTL_v0,0.0235057852708,-0.00140864187953
F_MIX333_XD6_R025_C020,2025-01,gross_shadow,2025-01-27,11070796,10885700,-0.0167193036526,False,20B_P4_top_region_hysteresis_partial_rebalance_turnover_control_v0,20B_P4_TURNCTL_v0,-0.0159349720686,0.000784331583987
F_MIX333_XD6_R025_C020,2025-01,reference_net,2025-01-27,11059225.2848,10873091.2013,-0.0168306620678,False,20B_P4_top_region_hysteresis_partial_rebalance_turnover_control_v0,20B_P4_TURNCTL_v0,-0.0161371317804,0.000693530287358
F_MIX333_XD6_R025_C020,2025-02,gross_shadow,2025-02-28,10885700,10802815,-0.00761411760383,True,20B_P4_top_region_hysteresis_partial_rebalance_turnover_control_v0,20B_P4_TURNCTL_v0,-0.0079087507335,-0.000294633129674
F_MIX333_XD6_R025_C020,2025-02,reference_net,2025-02-28,10873091.2013,10789295.1041,-0.00770674094593,True,20B_P4_top_region_hysteresis_partial_rebalance_turnover_control_v0,20B_P4_TURNCTL_v0,-0.00809581661659,-0.000389075670657
F_MIX333_XD6_R025_C020,2025-03,gross_shadow,2025-03-31,10802815,10950911,0.0137090193621,False,20B_P4_top_region_hysteresis_partial_rebalance_turnover_control_v0,20B_P4_TURNCTL_v0,0.0133980936076,-0.000310925754454
F_MIX333_XD6_R025_C020,2025-03,reference_net,2025-03-31,10789295.1041,10936328.7297,0.0136277323209,False,20B_P4_top_region_hysteresis_partial_rebalance_turnover_control_v0,20B_P4_TURNCTL_v0,0.0132233978829,-0.000404334438009
F_MIX333_XD6_R025_C020,2025-04,gross_shadow,2025-04-30,10950911,10765879,-0.0168964938168,False,20B_P4_top_region_hysteresis_partial_rebalance_turnover_control_v0,20B_P4_TURNCTL_v0,-0.0157743458108,0.00112214800605
F_MIX333_XD6_R025_C020,2025-04,reference_net,2025-04-30,10936328.7297,10750202.5239,-0.0170190756395,False,20B_P4_top_region_hysteresis_partial_rebalance_turnover_control_v0,20B_P4_TURNCTL_v0,-0.0159994675217,0.00101960811776
F_MIX333_XD6_R025_C020,2025-05,gross_shadow,2025-05-30,10765879,11008984,0.0225810637478,False,20B_P4_top_region_hysteresis_partial_rebalance_turnover_control_v0,20B_P4_TURNCTL_v0,0.0218567581682,-0.000724305579578
F_MIX333_XD6_R025_C020,2025-05,reference_net,2025-05-30,10750202.5239,10992166.5699,0.0225078593127,False,20B_P4_top_region_hysteresis_partial_rebalance_turnover_control_v0,20B_P4_TURNCTL_v0,0.021723831916,-0.000784027396632
F_MIX333_XD6_R025_C020,2025-06,gross_shadow,2025-06-30,11008984,11152741,0.0130581532319,False,20B_P4_top_region_hysteresis_partial_rebalance_turnover_control_v0,20B_P4_TURNCTL_v0,0.0120373412204,-0.00102081201151
F_MIX333_XD6_R025_C020,2025-06,reference_net,2025-06-30,10992166.5699,11134781.3433,0.012974218736,False,20B_P4_top_region_hysteresis_partial_rebalance_turnover_control_v0,20B_P4_TURNCTL_v0,0.0118812499438,-0.0010929687922
F_MIX333_XD6_R025_C020,2025-07,gross_shadow,2025-07-31,11152741,11375649,0.0199868355232,False,20B_P4_top_region_hysteresis_partial_rebalance_turnover_control_v0,20B_P4_TURNCTL_v0,0.0159705014252,-0.00401633409803
F_MIX333_XD6_R025_C020,2025-07,reference_net,2025-07-31,11134781.3433,11356650.9094,0.0199258125713,False,20B_P4_top_region_hysteresis_partial_rebalance_turnover_control_v0,20B_P4_TURNCTL_v0,0.0158245945545,-0.00410121801687
F_MIX333_XD6_R025_C020,2025-08,gross_shadow,2025-08-29,11375649,11632318,0.0225630203604,True,20B_P4_top_region_hysteresis_partial_rebalance_turnover_control_v0,20B_P4_TURNCTL_v0,0.0214107382381,-0.00115228212233
F_MIX333_XD6_R025_C020,2025-08,reference_net,2025-08-29,11356650.9094,11612291.1175,0.0225101757648,True,20B_P4_top_region_hysteresis_partial_rebalance_turnover_control_v0,20B_P4_TURNCTL_v0,0.0212920604186,-0.00121811534616
F_MIX333_XD6_R025_C020,2025-09,gross_shadow,2025-09-30,11632318,11466065,-0.0142923362308,True,20B_P4_top_region_hysteresis_partial_rebalance_turnover_control_v0,20B_P4_TURNCTL_v0,-0.0146549819574,-0.000362645726599
F_MIX333_XD6_R025_C020,2025-09,reference_net,2025-09-30,11612291.1175,11444942.113,-0.0144113683301,True,20B_P4_top_region_hysteresis_partial_rebalance_turnover_control_v0,20B_P4_TURNCTL_v0,-0.0148953122943,-0.000483943964233
F_MIX333_XD6_R025_C020,2025-10,gross_shadow,2025-10-31,11466065,11686683,0.0192409514511,False,20B_P4_top_region_hysteresis_partial_rebalance_turnover_control_v0,20B_P4_TURNCTL_v0,0.0176421257991,-0.00159882565195
F_MIX333_XD6_R025_C020,2025-10,reference_net,2025-10-31,11444942.113,11664402.1211,0.019175283363,False,20B_P4_top_region_hysteresis_partial_rebalance_turnover_control_v0,20B_P4_TURNCTL_v0,0.017504769152,-0.00167051421095
F_MIX333_XD6_R025_C020,2025-11,gross_shadow,2025-11-28,11686683,11577902,-0.00930811591279,False,20B_P4_top_region_hysteresis_partial_rebalance_turnover_control_v0,20B_P4_TURNCTL_v0,-0.00968857869009,-0.000380462777304
F_MIX333_XD6_R025_C020,2025-11,reference_net,2025-11-28,11664402.1211,11554320.8148,-0.0094373723734,False,20B_P4_top_region_hysteresis_partial_rebalance_turnover_control_v0,20B_P4_TURNCTL_v0,-0.00995710204626,-0.000519729672858
F_MIX333_XD6_R025_C020,2025-12,gross_shadow,2025-12-31,11577902,11720081,0.0122802041337,False,20B_P4_top_region_hysteresis_partial_rebalance_turnover_control_v0,20B_P4_TURNCTL_v0,0.0171802536106,0.00490004947687
F_MIX333_XD6_R025_C020,2025-12,reference_net,2025-12-31,11554320.8148,11695162.2026,0.0121894994996,False,20B_P4_top_region_hysteresis_partial_rebalance_turnover_control_v0,20B_P4_TURNCTL_v0,0.0170218081883,0.00483230868867
F_MIX333_XD6_R025_C020,2026-01,gross_shadow,2026-01-30,11720081,11895437,0.0149620126346,False,20B_P4_top_region_hysteresis_partial_rebalance_turnover_control_v0,20B_P4_TURNCTL_v0,0.0150287676854,6.6755050822e-05
F_MIX333_XD6_R025_C020,2026-01,reference_net,2026-01-30,11695162.2026,11869157.3371,0.014877530682,False,20B_P4_top_region_hysteresis_partial_rebalance_turnover_control_v0,20B_P4_TURNCTL_v0,0.0148684959055,-9.0347765247e-06
F_MIX333_XD6_R025_C020,2026-02,gross_shadow,2026-02-27,11895437,12136698,0.02028181058,False,20B_P4_top_region_hysteresis_partial_rebalance_turnover_control_v0,20B_P4_TURNCTL_v0,0.020391049042,0.000109238462057
F_MIX333_XD6_R025_C020,2026-02,reference_net,2026-02-27,11869157.3371,12108929.4299,0.0202012734393,False,20B_P4_top_region_hysteresis_partial_rebalance_turnover_control_v0,20B_P4_TURNCTL_v0,0.0202325528075,3.12793681767e-05
F_MIX333_XD6_R025_C020,2026-03,gross_shadow,2026-03-31,12136698,11876240,-0.0214603675563,False,20B_P4_top_region_hysteresis_partial_rebalance_turnover_control_v0,20B_P4_TURNCTL_v0,-0.0159986324444,0.00546173511192
F_MIX333_XD6_R025_C020,2026-03,reference_net,2026-03-31,12108929.4299,11847140.375,-0.0216195045495,False,20B_P4_top_region_hysteresis_partial_rebalance_turnover_control_v0,20B_P4_TURNCTL_v0,-0.0162685275383,0.0053509770112
F_MIX333_XD6_R025_C020,2026-04,gross_shadow,2026-04-30,11876240,12021520,0.0122328278984,True,20B_P4_top_region_hysteresis_partial_rebalance_turnover_control_v0,20B_P4_TURNCTL_v0,0.0130737020465,0.000840874148089
F_MIX333_XD6_R025_C020,2026-04,reference_net,2026-04-30,11847140.375,11990996.5747,0.0121426939452,True,20B_P4_top_region_hysteresis_partial_rebalance_turnover_control_v0,20B_P4_TURNCTL_v0,0.0128697478741,0.000727053928846
F_MIX333_XD6_R025_C030,2024-08,gross_shadow,2024-08-30,10000000,9668592,-0.0331408,False,20B_P4_top_region_hysteresis_partial_rebalance_turnover_control_v0,20B_P4_TURNCTL_v0,-0.0332539,-0.0001131
F_MIX333_XD6_R025_C030,2024-08,reference_net,2024-08-30,10000000,9661124.5516,-0.03388754484,False,20B_P4_top_region_hysteresis_partial_rebalance_turnover_control_v0,20B_P4_TURNCTL_v0,-0.03400009916,-0.00011255432
F_MIX333_XD6_R025_C030,2024-09,gross_shadow,2024-09-30,9668592,11243698,0.162909552911,False,20B_P4_top_region_hysteresis_partial_rebalance_turnover_control_v0,20B_P4_TURNCTL_v0,0.158862601049,-0.00404695186209
F_MIX333_XD6_R025_C030,2024-09,reference_net,2024-09-30,9661124.5516,11235206.2935,0.162929453343,False,20B_P4_top_region_hysteresis_partial_rebalance_turnover_control_v0,20B_P4_TURNCTL_v0,0.158765209196,-0.0041642441471
F_MIX333_XD6_R025_C030,2024-10,gross_shadow,2024-10-31,11243698,10705073,-0.0479046128774,True,20B_P4_top_region_hysteresis_partial_rebalance_turnover_control_v0,20B_P4_TURNCTL_v0,-0.0417565103154,0.00614810256193
F_MIX333_XD6_R025_C030,2024-10,reference_net,2024-10-31,11235206.2935,10695409.3374,-0.0480451308094,True,20B_P4_top_region_hysteresis_partial_rebalance_turnover_control_v0,20B_P4_TURNCTL_v0,-0.0419999329509,0.00604519785847
F_MIX333_XD6_R025_C030,2024-11,gross_shadow,2024-11-29,10705073,10800927,0.00895407252244,False,20B_P4_top_region_hysteresis_partial_rebalance_turnover_control_v0,20B_P4_TURNCTL_v0,0.00743434136436,-0.00151973115808
F_MIX333_XD6_R025_C030,2024-11,reference_net,2024-11-29,10695409.3374,10790388.926,0.00888040705722,False,20B_P4_top_region_hysteresis_partial_rebalance_turnover_control_v0,20B_P4_TURNCTL_v0,0.00728422719772,-0.0015961798595
F_MIX333_XD6_R025_C030,2024-12,gross_shadow,2024-12-31,10800927,11070796,0.0249857257622,False,20B_P4_top_region_hysteresis_partial_rebalance_turnover_control_v0,20B_P4_TURNCTL_v0,0.023651486543,-0.00133423921929
F_MIX333_XD6_R025_C030,2024-12,reference_net,2024-12-31,10790388.926,11059225.2848,0.0249144271503,False,20B_P4_top_region_hysteresis_partial_rebalance_turnover_control_v0,20B_P4_TURNCTL_v0,0.0235057852708,-0.00140864187953
F_MIX333_XD6_R025_C030,2025-01,gross_shadow,2025-01-27,11070796,10885700,-0.0167193036526,False,20B_P4_top_region_hysteresis_partial_rebalance_turnover_control_v0,20B_P4_TURNCTL_v0,-0.0159349720686,0.000784331583987
F_MIX333_XD6_R025_C030,2025-01,reference_net,2025-01-27,11059225.2848,10873091.2013,-0.0168306620678,False,20B_P4_top_region_hysteresis_partial_rebalance_turnover_control_v0,20B_P4_TURNCTL_v0,-0.0161371317804,0.000693530287358
F_MIX333_XD6_R025_C030,2025-02,gross_shadow,2025-02-28,10885700,10802815,-0.00761411760383,True,20B_P4_top_region_hysteresis_partial_rebalance_turnover_control_v0,20B_P4_TURNCTL_v0,-0.0079087507335,-0.000294633129674
F_MIX333_XD6_R025_C030,2025-02,reference_net,2025-02-28,10873091.2013,10789295.1041,-0.00770674094593,True,20B_P4_top_region_hysteresis_partial_rebalance_turnover_control_v0,20B_P4_TURNCTL_v0,-0.00809581661659,-0.000389075670657
F_MIX333_XD6_R025_C030,2025-03,gross_shadow,2025-03-31,10802815,10950911,0.0137090193621,False,20B_P4_top_region_hysteresis_partial_rebalance_turnover_control_v0,20B_P4_TURNCTL_v0,0.0133980936076,-0.000310925754454
F_MIX333_XD6_R025_C030,2025-03,reference_net,2025-03-31,10789295.1041,10936328.7297,0.0136277323209,False,20B_P4_top_region_hysteresis_partial_rebalance_turnover_control_v0,20B_P4_TURNCTL_v0,0.0132233978829,-0.000404334438009
F_MIX333_XD6_R025_C030,2025-04,gross_shadow,2025-04-30,10950911,10765879,-0.0168964938168,False,20B_P4_top_region_hysteresis_partial_rebalance_turnover_control_v0,20B_P4_TURNCTL_v0,-0.0157743458108,0.00112214800605
F_MIX333_XD6_R025_C030,2025-04,reference_net,2025-04-30,10936328.7297,10750202.5239,-0.0170190756395,False,20B_P4_top_region_hysteresis_partial_rebalance_turnover_control_v0,20B_P4_TURNCTL_v0,-0.0159994675217,0.00101960811776
F_MIX333_XD6_R025_C030,2025-05,gross_shadow,2025-05-30,10765879,11008984,0.0225810637478,False,20B_P4_top_region_hysteresis_partial_rebalance_turnover_control_v0,20B_P4_TURNCTL_v0,0.0218567581682,-0.000724305579578
F_MIX333_XD6_R025_C030,2025-05,reference_net,2025-05-30,10750202.5239,10992166.5699,0.0225078593127,False,20B_P4_top_region_hysteresis_partial_rebalance_turnover_control_v0,20B_P4_TURNCTL_v0,0.021723831916,-0.000784027396632
F_MIX333_XD6_R025_C030,2025-06,gross_shadow,2025-06-30,11008984,11152741,0.0130581532319,False,20B_P4_top_region_hysteresis_partial_rebalance_turnover_control_v0,20B_P4_TURNCTL_v0,0.0120373412204,-0.00102081201151
F_MIX333_XD6_R025_C030,2025-06,reference_net,2025-06-30,10992166.5699,11134781.3433,0.012974218736,False,20B_P4_top_region_hysteresis_partial_rebalance_turnover_control_v0,20B_P4_TURNCTL_v0,0.0118812499438,-0.0010929687922
F_MIX333_XD6_R025_C030,2025-07,gross_shadow,2025-07-31,11152741,11375649,0.0199868355232,False,20B_P4_top_region_hysteresis_partial_rebalance_turnover_control_v0,20B_P4_TURNCTL_v0,0.0159705014252,-0.00401633409803
F_MIX333_XD6_R025_C030,2025-07,reference_net,2025-07-31,11134781.3433,11356650.9094,0.0199258125713,False,20B_P4_top_region_hysteresis_partial_rebalance_turnover_control_v0,20B_P4_TURNCTL_v0,0.0158245945545,-0.00410121801687
F_MIX333_XD6_R025_C030,2025-08,gross_shadow,2025-08-29,11375649,11632318,0.0225630203604,True,20B_P4_top_region_hysteresis_partial_rebalance_turnover_control_v0,20B_P4_TURNCTL_v0,0.0214107382381,-0.00115228212233
F_MIX333_XD6_R025_C030,2025-08,reference_net,2025-08-29,11356650.9094,11612291.1175,0.0225101757648,True,20B_P4_top_region_hysteresis_partial_rebalance_turnover_control_v0,20B_P4_TURNCTL_v0,0.0212920604186,-0.00121811534616
F_MIX333_XD6_R025_C030,2025-09,gross_shadow,2025-09-30,11632318,11466065,-0.0142923362308,True,20B_P4_top_region_hysteresis_partial_rebalance_turnover_control_v0,20B_P4_TURNCTL_v0,-0.0146549819574,-0.000362645726599
F_MIX333_XD6_R025_C030,2025-09,reference_net,2025-09-30,11612291.1175,11444942.113,-0.0144113683301,True,20B_P4_top_region_hysteresis_partial_rebalance_turnover_control_v0,20B_P4_TURNCTL_v0,-0.0148953122943,-0.000483943964233
F_MIX333_XD6_R025_C030,2025-10,gross_shadow,2025-10-31,11466065,11686683,0.0192409514511,False,20B_P4_top_region_hysteresis_partial_rebalance_turnover_control_v0,20B_P4_TURNCTL_v0,0.0176421257991,-0.00159882565195
F_MIX333_XD6_R025_C030,2025-10,reference_net,2025-10-31,11444942.113,11664402.1211,0.019175283363,False,20B_P4_top_region_hysteresis_partial_rebalance_turnover_control_v0,20B_P4_TURNCTL_v0,0.017504769152,-0.00167051421095
F_MIX333_XD6_R025_C030,2025-11,gross_shadow,2025-11-28,11686683,11577902,-0.00930811591279,False,20B_P4_top_region_hysteresis_partial_rebalance_turnover_control_v0,20B_P4_TURNCTL_v0,-0.00968857869009,-0.000380462777304
F_MIX333_XD6_R025_C030,2025-11,reference_net,2025-11-28,11664402.1211,11554320.8148,-0.0094373723734,False,20B_P4_top_region_hysteresis_partial_rebalance_turnover_control_v0,20B_P4_TURNCTL_v0,-0.00995710204626,-0.000519729672858
F_MIX333_XD6_R025_C030,2025-12,gross_shadow,2025-12-31,11577902,11720081,0.0122802041337,False,20B_P4_top_region_hysteresis_partial_rebalance_turnover_control_v0,20B_P4_TURNCTL_v0,0.0171802536106,0.00490004947687
F_MIX333_XD6_R025_C030,2025-12,reference_net,2025-12-31,11554320.8148,11695162.2026,0.0121894994996,False,20B_P4_top_region_hysteresis_partial_rebalance_turnover_control_v0,20B_P4_TURNCTL_v0,0.0170218081883,0.00483230868867
F_MIX333_XD6_R025_C030,2026-01,gross_shadow,2026-01-30,11720081,11895437,0.0149620126346,False,20B_P4_top_region_hysteresis_partial_rebalance_turnover_control_v0,20B_P4_TURNCTL_v0,0.0150287676854,6.6755050822e-05
F_MIX333_XD6_R025_C030,2026-01,reference_net,2026-01-30,11695162.2026,11869157.3371,0.014877530682,False,20B_P4_top_region_hysteresis_partial_rebalance_turnover_control_v0,20B_P4_TURNCTL_v0,0.0148684959055,-9.0347765247e-06
F_MIX333_XD6_R025_C030,2026-02,gross_shadow,2026-02-27,11895437,12136698,0.02028181058,False,20B_P4_top_region_hysteresis_partial_rebalance_turnover_control_v0,20B_P4_TURNCTL_v0,0.020391049042,0.000109238462057
F_MIX333_XD6_R025_C030,2026-02,reference_net,2026-02-27,11869157.3371,12108929.4299,0.0202012734393,False,20B_P4_top_region_hysteresis_partial_rebalance_turnover_control_v0,20B_P4_TURNCTL_v0,0.0202325528075,3.12793681767e-05
F_MIX333_XD6_R025_C030,2026-03,gross_shadow,2026-03-31,12136698,11876240,-0.0214603675563,False,20B_P4_top_region_hysteresis_partial_rebalance_turnover_control_v0,20B_P4_TURNCTL_v0,-0.0159986324444,0.00546173511192
F_MIX333_XD6_R025_C030,2026-03,reference_net,2026-03-31,12108929.4299,11847140.375,-0.0216195045495,False,20B_P4_top_region_hysteresis_partial_rebalance_turnover_control_v0,20B_P4_TURNCTL_v0,-0.0162685275383,0.0053509770112
F_MIX333_XD6_R025_C030,2026-04,gross_shadow,2026-04-30,11876240,12021520,0.0122328278984,True,20B_P4_top_region_hysteresis_partial_rebalance_turnover_control_v0,20B_P4_TURNCTL_v0,0.0130737020465,0.000840874148089
F_MIX333_XD6_R025_C030,2026-04,reference_net,2026-04-30,11847140.375,11990996.5747,0.0121426939452,True,20B_P4_top_region_hysteresis_partial_rebalance_turnover_control_v0,20B_P4_TURNCTL_v0,0.0128697478741,0.000727053928846
F_MIX333_XD6_R025_C040,2024-08,gross_shadow,2024-08-30,10000000,9668592,-0.0331408,False,20B_P4_top_region_hysteresis_partial_rebalance_turnover_control_v0,20B_P4_TURNCTL_v0,-0.0332539,-0.0001131
F_MIX333_XD6_R025_C040,2024-08,reference_net,2024-08-30,10000000,9661124.5516,-0.03388754484,False,20B_P4_top_region_hysteresis_partial_rebalance_turnover_control_v0,20B_P4_TURNCTL_v0,-0.03400009916,-0.00011255432
F_MIX333_XD6_R025_C040,2024-09,gross_shadow,2024-09-30,9668592,11243698,0.162909552911,False,20B_P4_top_region_hysteresis_partial_rebalance_turnover_control_v0,20B_P4_TURNCTL_v0,0.158862601049,-0.00404695186209
F_MIX333_XD6_R025_C040,2024-09,reference_net,2024-09-30,9661124.5516,11235206.2935,0.162929453343,False,20B_P4_top_region_hysteresis_partial_rebalance_turnover_control_v0,20B_P4_TURNCTL_v0,0.158765209196,-0.0041642441471
F_MIX333_XD6_R025_C040,2024-10,gross_shadow,2024-10-31,11243698,10705073,-0.0479046128774,True,20B_P4_top_region_hysteresis_partial_rebalance_turnover_control_v0,20B_P4_TURNCTL_v0,-0.0417565103154,0.00614810256193
F_MIX333_XD6_R025_C040,2024-10,reference_net,2024-10-31,11235206.2935,10695409.3374,-0.0480451308094,True,20B_P4_top_region_hysteresis_partial_rebalance_turnover_control_v0,20B_P4_TURNCTL_v0,-0.0419999329509,0.00604519785847
F_MIX333_XD6_R025_C040,2024-11,gross_shadow,2024-11-29,10705073,10800927,0.00895407252244,False,20B_P4_top_region_hysteresis_partial_rebalance_turnover_control_v0,20B_P4_TURNCTL_v0,0.00743434136436,-0.00151973115808
F_MIX333_XD6_R025_C040,2024-11,reference_net,2024-11-29,10695409.3374,10790388.926,0.00888040705722,False,20B_P4_top_region_hysteresis_partial_rebalance_turnover_control_v0,20B_P4_TURNCTL_v0,0.00728422719772,-0.0015961798595
F_MIX333_XD6_R025_C040,2024-12,gross_shadow,2024-12-31,10800927,11070796,0.0249857257622,False,20B_P4_top_region_hysteresis_partial_rebalance_turnover_control_v0,20B_P4_TURNCTL_v0,0.023651486543,-0.00133423921929
F_MIX333_XD6_R025_C040,2024-12,reference_net,2024-12-31,10790388.926,11059225.2848,0.0249144271503,False,20B_P4_top_region_hysteresis_partial_rebalance_turnover_control_v0,20B_P4_TURNCTL_v0,0.0235057852708,-0.00140864187953
F_MIX333_XD6_R025_C040,2025-01,gross_shadow,2025-01-27,11070796,10885700,-0.0167193036526,False,20B_P4_top_region_hysteresis_partial_rebalance_turnover_control_v0,20B_P4_TURNCTL_v0,-0.0159349720686,0.000784331583987
F_MIX333_XD6_R025_C040,2025-01,reference_net,2025-01-27,11059225.2848,10873091.2013,-0.0168306620678,False,20B_P4_top_region_hysteresis_partial_rebalance_turnover_control_v0,20B_P4_TURNCTL_v0,-0.0161371317804,0.000693530287358
F_MIX333_XD6_R025_C040,2025-02,gross_shadow,2025-02-28,10885700,10802815,-0.00761411760383,True,20B_P4_top_region_hysteresis_partial_rebalance_turnover_control_v0,20B_P4_TURNCTL_v0,-0.0079087507335,-0.000294633129674
F_MIX333_XD6_R025_C040,2025-02,reference_net,2025-02-28,10873091.2013,10789295.1041,-0.00770674094593,True,20B_P4_top_region_hysteresis_partial_rebalance_turnover_control_v0,20B_P4_TURNCTL_v0,-0.00809581661659,-0.000389075670657
F_MIX333_XD6_R025_C040,2025-03,gross_shadow,2025-03-31,10802815,10950911,0.0137090193621,False,20B_P4_top_region_hysteresis_partial_rebalance_turnover_control_v0,20B_P4_TURNCTL_v0,0.0133980936076,-0.000310925754454
F_MIX333_XD6_R025_C040,2025-03,reference_net,2025-03-31,10789295.1041,10936328.7297,0.0136277323209,False,20B_P4_top_region_hysteresis_partial_rebalance_turnover_control_v0,20B_P4_TURNCTL_v0,0.0132233978829,-0.000404334438009
F_MIX333_XD6_R025_C040,2025-04,gross_shadow,2025-04-30,10950911,10765879,-0.0168964938168,False,20B_P4_top_region_hysteresis_partial_rebalance_turnover_control_v0,20B_P4_TURNCTL_v0,-0.0157743458108,0.00112214800605
F_MIX333_XD6_R025_C040,2025-04,reference_net,2025-04-30,10936328.7297,10750202.5239,-0.0170190756395,False,20B_P4_top_region_hysteresis_partial_rebalance_turnover_control_v0,20B_P4_TURNCTL_v0,-0.0159994675217,0.00101960811776
F_MIX333_XD6_R025_C040,2025-05,gross_shadow,2025-05-30,10765879,11008984,0.0225810637478,False,20B_P4_top_region_hysteresis_partial_rebalance_turnover_control_v0,20B_P4_TURNCTL_v0,0.0218567581682,-0.000724305579578
F_MIX333_XD6_R025_C040,2025-05,reference_net,2025-05-30,10750202.5239,10992166.5699,0.0225078593127,False,20B_P4_top_region_hysteresis_partial_rebalance_turnover_control_v0,20B_P4_TURNCTL_v0,0.021723831916,-0.000784027396632
F_MIX333_XD6_R025_C040,2025-06,gross_shadow,2025-06-30,11008984,11152741,0.0130581532319,False,20B_P4_top_region_hysteresis_partial_rebalance_turnover_control_v0,20B_P4_TURNCTL_v0,0.0120373412204,-0.00102081201151
F_MIX333_XD6_R025_C040,2025-06,reference_net,2025-06-30,10992166.5699,11134781.3433,0.012974218736,False,20B_P4_top_region_hysteresis_partial_rebalance_turnover_control_v0,20B_P4_TURNCTL_v0,0.0118812499438,-0.0010929687922
F_MIX333_XD6_R025_C040,2025-07,gross_shadow,2025-07-31,11152741,11375649,0.0199868355232,False,20B_P4_top_region_hysteresis_partial_rebalance_turnover_control_v0,20B_P4_TURNCTL_v0,0.0159705014252,-0.00401633409803
F_MIX333_XD6_R025_C040,2025-07,reference_net,2025-07-31,11134781.3433,11356650.9094,0.0199258125713,False,20B_P4_top_region_hysteresis_partial_rebalance_turnover_control_v0,20B_P4_TURNCTL_v0,0.0158245945545,-0.00410121801687
F_MIX333_XD6_R025_C040,2025-08,gross_shadow,2025-08-29,11375649,11632318,0.0225630203604,True,20B_P4_top_region_hysteresis_partial_rebalance_turnover_control_v0,20B_P4_TURNCTL_v0,0.0214107382381,-0.00115228212233
F_MIX333_XD6_R025_C040,2025-08,reference_net,2025-08-29,11356650.9094,11612291.1175,0.0225101757648,True,20B_P4_top_region_hysteresis_partial_rebalance_turnover_control_v0,20B_P4_TURNCTL_v0,0.0212920604186,-0.00121811534616
F_MIX333_XD6_R025_C040,2025-09,gross_shadow,2025-09-30,11632318,11466065,-0.0142923362308,True,20B_P4_top_region_hysteresis_partial_rebalance_turnover_control_v0,20B_P4_TURNCTL_v0,-0.0146549819574,-0.000362645726599
F_MIX333_XD6_R025_C040,2025-09,reference_net,2025-09-30,11612291.1175,11444942.113,-0.0144113683301,True,20B_P4_top_region_hysteresis_partial_rebalance_turnover_control_v0,20B_P4_TURNCTL_v0,-0.0148953122943,-0.000483943964233
F_MIX333_XD6_R025_C040,2025-10,gross_shadow,2025-10-31,11466065,11686683,0.0192409514511,False,20B_P4_top_region_hysteresis_partial_rebalance_turnover_control_v0,20B_P4_TURNCTL_v0,0.0176421257991,-0.00159882565195
F_MIX333_XD6_R025_C040,2025-10,reference_net,2025-10-31,11444942.113,11664402.1211,0.019175283363,False,20B_P4_top_region_hysteresis_partial_rebalance_turnover_control_v0,20B_P4_TURNCTL_v0,0.017504769152,-0.00167051421095
F_MIX333_XD6_R025_C040,2025-11,gross_shadow,2025-11-28,11686683,11577902,-0.00930811591279,False,20B_P4_top_region_hysteresis_partial_rebalance_turnover_control_v0,20B_P4_TURNCTL_v0,-0.00968857869009,-0.000380462777304
F_MIX333_XD6_R025_C040,2025-11,reference_net,2025-11-28,11664402.1211,11554320.8148,-0.0094373723734,False,20B_P4_top_region_hysteresis_partial_rebalance_turnover_control_v0,20B_P4_TURNCTL_v0,-0.00995710204626,-0.000519729672858
F_MIX333_XD6_R025_C040,2025-12,gross_shadow,2025-12-31,11577902,11720081,0.0122802041337,False,20B_P4_top_region_hysteresis_partial_rebalance_turnover_control_v0,20B_P4_TURNCTL_v0,0.0171802536106,0.00490004947687
F_MIX333_XD6_R025_C040,2025-12,reference_net,2025-12-31,11554320.8148,11695162.2026,0.0121894994996,False,20B_P4_top_region_hysteresis_partial_rebalance_turnover_control_v0,20B_P4_TURNCTL_v0,0.0170218081883,0.00483230868867
F_MIX333_XD6_R025_C040,2026-01,gross_shadow,2026-01-30,11720081,11895437,0.0149620126346,False,20B_P4_top_region_hysteresis_partial_rebalance_turnover_control_v0,20B_P4_TURNCTL_v0,0.0150287676854,6.6755050822e-05
F_MIX333_XD6_R025_C040,2026-01,reference_net,2026-01-30,11695162.2026,11869157.3371,0.014877530682,False,20B_P4_top_region_hysteresis_partial_rebalance_turnover_control_v0,20B_P4_TURNCTL_v0,0.0148684959055,-9.0347765247e-06
F_MIX333_XD6_R025_C040,2026-02,gross_shadow,2026-02-27,11895437,12136698,0.02028181058,False,20B_P4_top_region_hysteresis_partial_rebalance_turnover_control_v0,20B_P4_TURNCTL_v0,0.020391049042,0.000109238462057
F_MIX333_XD6_R025_C040,2026-02,reference_net,2026-02-27,11869157.3371,12108929.4299,0.0202012734393,False,20B_P4_top_region_hysteresis_partial_rebalance_turnover_control_v0,20B_P4_TURNCTL_v0,0.0202325528075,3.12793681767e-05
F_MIX333_XD6_R025_C040,2026-03,gross_shadow,2026-03-31,12136698,11876240,-0.0214603675563,False,20B_P4_top_region_hysteresis_partial_rebalance_turnover_control_v0,20B_P4_TURNCTL_v0,-0.0159986324444,0.00546173511192
F_MIX333_XD6_R025_C040,2026-03,reference_net,2026-03-31,12108929.4299,11847140.375,-0.0216195045495,False,20B_P4_top_region_hysteresis_partial_rebalance_turnover_control_v0,20B_P4_TURNCTL_v0,-0.0162685275383,0.0053509770112
F_MIX333_XD6_R025_C040,2026-04,gross_shadow,2026-04-30,11876240,12021520,0.0122328278984,True,20B_P4_top_region_hysteresis_partial_rebalance_turnover_control_v0,20B_P4_TURNCTL_v0,0.0130737020465,0.000840874148089
F_MIX333_XD6_R025_C040,2026-04,reference_net,2026-04-30,11847140.375,11990996.5747,0.0121426939452,True,20B_P4_top_region_hysteresis_partial_rebalance_turnover_control_v0,20B_P4_TURNCTL_v0,0.0128697478741,0.000727053928846
F_MIX333_XD6_R025_CNONE,2024-08,gross_shadow,2024-08-30,10000000,9668592,-0.0331408,False,20B_P4_top_region_hysteresis_partial_rebalance_turnover_control_v0,20B_P4_TURNCTL_v0,-0.0332539,-0.0001131
F_MIX333_XD6_R025_CNONE,2024-08,reference_net,2024-08-30,10000000,9661124.5516,-0.03388754484,False,20B_P4_top_region_hysteresis_partial_rebalance_turnover_control_v0,20B_P4_TURNCTL_v0,-0.03400009916,-0.00011255432
F_MIX333_XD6_R025_CNONE,2024-09,gross_shadow,2024-09-30,9668592,11243698,0.162909552911,False,20B_P4_top_region_hysteresis_partial_rebalance_turnover_control_v0,20B_P4_TURNCTL_v0,0.158862601049,-0.00404695186209
F_MIX333_XD6_R025_CNONE,2024-09,reference_net,2024-09-30,9661124.5516,11235206.2935,0.162929453343,False,20B_P4_top_region_hysteresis_partial_rebalance_turnover_control_v0,20B_P4_TURNCTL_v0,0.158765209196,-0.0041642441471
F_MIX333_XD6_R025_CNONE,2024-10,gross_shadow,2024-10-31,11243698,10705073,-0.0479046128774,True,20B_P4_top_region_hysteresis_partial_rebalance_turnover_control_v0,20B_P4_TURNCTL_v0,-0.0417565103154,0.00614810256193
F_MIX333_XD6_R025_CNONE,2024-10,reference_net,2024-10-31,11235206.2935,10695409.3374,-0.0480451308094,True,20B_P4_top_region_hysteresis_partial_rebalance_turnover_control_v0,20B_P4_TURNCTL_v0,-0.0419999329509,0.00604519785847
F_MIX333_XD6_R025_CNONE,2024-11,gross_shadow,2024-11-29,10705073,10800927,0.00895407252244,False,20B_P4_top_region_hysteresis_partial_rebalance_turnover_control_v0,20B_P4_TURNCTL_v0,0.00743434136436,-0.00151973115808
F_MIX333_XD6_R025_CNONE,2024-11,reference_net,2024-11-29,10695409.3374,10790388.926,0.00888040705722,False,20B_P4_top_region_hysteresis_partial_rebalance_turnover_control_v0,20B_P4_TURNCTL_v0,0.00728422719772,-0.0015961798595
F_MIX333_XD6_R025_CNONE,2024-12,gross_shadow,2024-12-31,10800927,11070796,0.0249857257622,False,20B_P4_top_region_hysteresis_partial_rebalance_turnover_control_v0,20B_P4_TURNCTL_v0,0.023651486543,-0.00133423921929
F_MIX333_XD6_R025_CNONE,2024-12,reference_net,2024-12-31,10790388.926,11059225.2848,0.0249144271503,False,20B_P4_top_region_hysteresis_partial_rebalance_turnover_control_v0,20B_P4_TURNCTL_v0,0.0235057852708,-0.00140864187953
F_MIX333_XD6_R025_CNONE,2025-01,gross_shadow,2025-01-27,11070796,10885700,-0.0167193036526,False,20B_P4_top_region_hysteresis_partial_rebalance_turnover_control_v0,20B_P4_TURNCTL_v0,-0.0159349720686,0.000784331583987
F_MIX333_XD6_R025_CNONE,2025-01,reference_net,2025-01-27,11059225.2848,10873091.2013,-0.0168306620678,False,20B_P4_top_region_hysteresis_partial_rebalance_turnover_control_v0,20B_P4_TURNCTL_v0,-0.0161371317804,0.000693530287358
F_MIX333_XD6_R025_CNONE,2025-02,gross_shadow,2025-02-28,10885700,10802815,-0.00761411760383,True,20B_P4_top_region_hysteresis_partial_rebalance_turnover_control_v0,20B_P4_TURNCTL_v0,-0.0079087507335,-0.000294633129674
F_MIX333_XD6_R025_CNONE,2025-02,reference_net,2025-02-28,10873091.2013,10789295.1041,-0.00770674094593,True,20B_P4_top_region_hysteresis_partial_rebalance_turnover_control_v0,20B_P4_TURNCTL_v0,-0.00809581661659,-0.000389075670657
F_MIX333_XD6_R025_CNONE,2025-03,gross_shadow,2025-03-31,10802815,10950911,0.0137090193621,False,20B_P4_top_region_hysteresis_partial_rebalance_turnover_control_v0,20B_P4_TURNCTL_v0,0.0133980936076,-0.000310925754454
F_MIX333_XD6_R025_CNONE,2025-03,reference_net,2025-03-31,10789295.1041,10936328.7297,0.0136277323209,False,20B_P4_top_region_hysteresis_partial_rebalance_turnover_control_v0,20B_P4_TURNCTL_v0,0.0132233978829,-0.000404334438009
F_MIX333_XD6_R025_CNONE,2025-04,gross_shadow,2025-04-30,10950911,10765879,-0.0168964938168,False,20B_P4_top_region_hysteresis_partial_rebalance_turnover_control_v0,20B_P4_TURNCTL_v0,-0.0157743458108,0.00112214800605
F_MIX333_XD6_R025_CNONE,2025-04,reference_net,2025-04-30,10936328.7297,10750202.5239,-0.0170190756395,False,20B_P4_top_region_hysteresis_partial_rebalance_turnover_control_v0,20B_P4_TURNCTL_v0,-0.0159994675217,0.00101960811776
F_MIX333_XD6_R025_CNONE,2025-05,gross_shadow,2025-05-30,10765879,11008984,0.0225810637478,False,20B_P4_top_region_hysteresis_partial_rebalance_turnover_control_v0,20B_P4_TURNCTL_v0,0.0218567581682,-0.000724305579578
F_MIX333_XD6_R025_CNONE,2025-05,reference_net,2025-05-30,10750202.5239,10992166.5699,0.0225078593127,False,20B_P4_top_region_hysteresis_partial_rebalance_turnover_control_v0,20B_P4_TURNCTL_v0,0.021723831916,-0.000784027396632
F_MIX333_XD6_R025_CNONE,2025-06,gross_shadow,2025-06-30,11008984,11152741,0.0130581532319,False,20B_P4_top_region_hysteresis_partial_rebalance_turnover_control_v0,20B_P4_TURNCTL_v0,0.0120373412204,-0.00102081201151
F_MIX333_XD6_R025_CNONE,2025-06,reference_net,2025-06-30,10992166.5699,11134781.3433,0.012974218736,False,20B_P4_top_region_hysteresis_partial_rebalance_turnover_control_v0,20B_P4_TURNCTL_v0,0.0118812499438,-0.0010929687922
F_MIX333_XD6_R025_CNONE,2025-07,gross_shadow,2025-07-31,11152741,11375649,0.0199868355232,False,20B_P4_top_region_hysteresis_partial_rebalance_turnover_control_v0,20B_P4_TURNCTL_v0,0.0159705014252,-0.00401633409803
F_MIX333_XD6_R025_CNONE,2025-07,reference_net,2025-07-31,11134781.3433,11356650.9094,0.0199258125713,False,20B_P4_top_region_hysteresis_partial_rebalance_turnover_control_v0,20B_P4_TURNCTL_v0,0.0158245945545,-0.00410121801687
F_MIX333_XD6_R025_CNONE,2025-08,gross_shadow,2025-08-29,11375649,11632318,0.0225630203604,True,20B_P4_top_region_hysteresis_partial_rebalance_turnover_control_v0,20B_P4_TURNCTL_v0,0.0214107382381,-0.00115228212233
F_MIX333_XD6_R025_CNONE,2025-08,reference_net,2025-08-29,11356650.9094,11612291.1175,0.0225101757648,True,20B_P4_top_region_hysteresis_partial_rebalance_turnover_control_v0,20B_P4_TURNCTL_v0,0.0212920604186,-0.00121811534616
F_MIX333_XD6_R025_CNONE,2025-09,gross_shadow,2025-09-30,11632318,11466065,-0.0142923362308,True,20B_P4_top_region_hysteresis_partial_rebalance_turnover_control_v0,20B_P4_TURNCTL_v0,-0.0146549819574,-0.000362645726599
F_MIX333_XD6_R025_CNONE,2025-09,reference_net,2025-09-30,11612291.1175,11444942.113,-0.0144113683301,True,20B_P4_top_region_hysteresis_partial_rebalance_turnover_control_v0,20B_P4_TURNCTL_v0,-0.0148953122943,-0.000483943964233
F_MIX333_XD6_R025_CNONE,2025-10,gross_shadow,2025-10-31,11466065,11686683,0.0192409514511,False,20B_P4_top_region_hysteresis_partial_rebalance_turnover_control_v0,20B_P4_TURNCTL_v0,0.0176421257991,-0.00159882565195
F_MIX333_XD6_R025_CNONE,2025-10,reference_net,2025-10-31,11444942.113,11664402.1211,0.019175283363,False,20B_P4_top_region_hysteresis_partial_rebalance_turnover_control_v0,20B_P4_TURNCTL_v0,0.017504769152,-0.00167051421095
F_MIX333_XD6_R025_CNONE,2025-11,gross_shadow,2025-11-28,11686683,11577902,-0.00930811591279,False,20B_P4_top_region_hysteresis_partial_rebalance_turnover_control_v0,20B_P4_TURNCTL_v0,-0.00968857869009,-0.000380462777304
F_MIX333_XD6_R025_CNONE,2025-11,reference_net,2025-11-28,11664402.1211,11554320.8148,-0.0094373723734,False,20B_P4_top_region_hysteresis_partial_rebalance_turnover_control_v0,20B_P4_TURNCTL_v0,-0.00995710204626,-0.000519729672858
F_MIX333_XD6_R025_CNONE,2025-12,gross_shadow,2025-12-31,11577902,11720081,0.0122802041337,False,20B_P4_top_region_hysteresis_partial_rebalance_turnover_control_v0,20B_P4_TURNCTL_v0,0.0171802536106,0.00490004947687
F_MIX333_XD6_R025_CNONE,2025-12,reference_net,2025-12-31,11554320.8148,11695162.2026,0.0121894994996,False,20B_P4_top_region_hysteresis_partial_rebalance_turnover_control_v0,20B_P4_TURNCTL_v0,0.0170218081883,0.00483230868867
F_MIX333_XD6_R025_CNONE,2026-01,gross_shadow,2026-01-30,11720081,11895437,0.0149620126346,False,20B_P4_top_region_hysteresis_partial_rebalance_turnover_control_v0,20B_P4_TURNCTL_v0,0.0150287676854,6.6755050822e-05
F_MIX333_XD6_R025_CNONE,2026-01,reference_net,2026-01-30,11695162.2026,11869157.3371,0.014877530682,False,20B_P4_top_region_hysteresis_partial_rebalance_turnover_control_v0,20B_P4_TURNCTL_v0,0.0148684959055,-9.0347765247e-06
F_MIX333_XD6_R025_CNONE,2026-02,gross_shadow,2026-02-27,11895437,12136698,0.02028181058,False,20B_P4_top_region_hysteresis_partial_rebalance_turnover_control_v0,20B_P4_TURNCTL_v0,0.020391049042,0.000109238462057
F_MIX333_XD6_R025_CNONE,2026-02,reference_net,2026-02-27,11869157.3371,12108929.4299,0.0202012734393,False,20B_P4_top_region_hysteresis_partial_rebalance_turnover_control_v0,20B_P4_TURNCTL_v0,0.0202325528075,3.12793681767e-05
F_MIX333_XD6_R025_CNONE,2026-03,gross_shadow,2026-03-31,12136698,11876240,-0.0214603675563,False,20B_P4_top_region_hysteresis_partial_rebalance_turnover_control_v0,20B_P4_TURNCTL_v0,-0.0159986324444,0.00546173511192
F_MIX333_XD6_R025_CNONE,2026-03,reference_net,2026-03-31,12108929.4299,11847140.375,-0.0216195045495,False,20B_P4_top_region_hysteresis_partial_rebalance_turnover_control_v0,20B_P4_TURNCTL_v0,-0.0162685275383,0.0053509770112
F_MIX333_XD6_R025_CNONE,2026-04,gross_shadow,2026-04-30,11876240,12021520,0.0122328278984,True,20B_P4_top_region_hysteresis_partial_rebalance_turnover_control_v0,20B_P4_TURNCTL_v0,0.0130737020465,0.000840874148089
F_MIX333_XD6_R025_CNONE,2026-04,reference_net,2026-04-30,11847140.375,11990996.5747,0.0121426939452,True,20B_P4_top_region_hysteresis_partial_rebalance_turnover_control_v0,20B_P4_TURNCTL_v0,0.0128697478741,0.000727053928846
F_MIX333_XD6_R050_C020,2024-08,gross_shadow,2024-08-30,10000000,9668592,-0.0331408,False,20B_P4_top_region_hysteresis_partial_rebalance_turnover_control_v0,20B_P4_TURNCTL_v0,-0.0332539,-0.0001131
F_MIX333_XD6_R050_C020,2024-08,reference_net,2024-08-30,10000000,9661124.5516,-0.03388754484,False,20B_P4_top_region_hysteresis_partial_rebalance_turnover_control_v0,20B_P4_TURNCTL_v0,-0.03400009916,-0.00011255432
F_MIX333_XD6_R050_C020,2024-09,gross_shadow,2024-09-30,9668592,11222219,0.16068802986,False,20B_P4_top_region_hysteresis_partial_rebalance_turnover_control_v0,20B_P4_TURNCTL_v0,0.158862601049,-0.00182542881096
F_MIX333_XD6_R050_C020,2024-09,reference_net,2024-09-30,9661124.5516,11213178.7106,0.160649430683,False,20B_P4_top_region_hysteresis_partial_rebalance_turnover_control_v0,20B_P4_TURNCTL_v0,0.158765209196,-0.00188422148697
F_MIX333_XD6_R050_C020,2024-10,gross_shadow,2024-10-31,11222219,10704773,-0.0461090627442,True,20B_P4_top_region_hysteresis_partial_rebalance_turnover_control_v0,20B_P4_TURNCTL_v0,-0.0417565103154,0.00435255242875
F_MIX333_XD6_R050_C020,2024-10,reference_net,2024-10-31,11213178.7106,10693941.3592,-0.0463059909061,True,20B_P4_top_region_hysteresis_partial_rebalance_turnover_control_v0,20B_P4_TURNCTL_v0,-0.0419999329509,0.00430605795519
F_MIX333_XD6_R050_C020,2024-11,gross_shadow,2024-11-29,10704773,10800865,0.00897655653231,False,20B_P4_top_region_hysteresis_partial_rebalance_turnover_control_v0,20B_P4_TURNCTL_v0,0.00743434136436,-0.00154221516795
F_MIX333_XD6_R050_C020,2024-11,reference_net,2024-11-29,10693941.3592,10788796.6923,0.00887000684913,False,20B_P4_top_region_hysteresis_partial_rebalance_turnover_control_v0,20B_P4_TURNCTL_v0,0.00728422719772,-0.00158577965141
F_MIX333_XD6_R050_C020,2024-12,gross_shadow,2024-12-31,10800865,11063928,0.0243557344713,False,20B_P4_top_region_hysteresis_partial_rebalance_turnover_control_v0,20B_P4_TURNCTL_v0,0.023651486543,-0.000704247928316
F_MIX333_XD6_R050_C020,2024-12,reference_net,2024-12-31,10788796.6923,11050485.7011,0.0242556251957,False,20B_P4_top_region_hysteresis_partial_rebalance_turnover_control_v0,20B_P4_TURNCTL_v0,0.0235057852708,-0.000749839924897
F_MIX333_XD6_R050_C020,2025-01,gross_shadow,2025-01-27,11063928,10870292,-0.0175015600246,False,20B_P4_top_region_hysteresis_partial_rebalance_turnover_control_v0,20B_P4_TURNCTL_v0,-0.0159349720686,0.001566587956
F_MIX333_XD6_R050_C020,2025-01,reference_net,2025-01-27,11050485.7011,10855433.6267,-0.0176509955929,False,20B_P4_top_region_hysteresis_partial_rebalance_turnover_control_v0,20B_P4_TURNCTL_v0,-0.0161371317804,0.00151386381245
F_MIX333_XD6_R050_C020,2025-02,gross_shadow,2025-02-28,10870292,10791237,-0.00727257372663,True,20B_P4_top_region_hysteresis_partial_rebalance_turnover_control_v0,20B_P4_TURNCTL_v0,-0.0079087507335,-0.000636177006872
F_MIX333_XD6_R050_C020,2025-02,reference_net,2025-02-28,10855433.6267,10774902.6404,-0.00741849557273,True,20B_P4_top_region_hysteresis_partial_rebalance_turnover_control_v0,20B_P4_TURNCTL_v0,-0.00809581661659,-0.000677321043864
F_MIX333_XD6_R050_C020,2025-03,gross_shadow,2025-03-31,10791237,10933613,0.0131936681587,False,20B_P4_top_region_hysteresis_partial_rebalance_turnover_control_v0,20B_P4_TURNCTL_v0,0.0133980936076,0.000204425448918
F_MIX333_XD6_R050_C020,2025-03,reference_net,2025-03-31,10774902.6404,10915632.7,0.0130609124097,False,20B_P4_top_region_hysteresis_partial_rebalance_turnover_control_v0,20B_P4_TURNCTL_v0,0.0132233978829,0.000162485473137
F_MIX333_XD6_R050_C020,2025-04,gross_shadow,2025-04-30,10933613,10757368,-0.0161195571857,False,20B_P4_top_region_hysteresis_partial_rebalance_turnover_control_v0,20B_P4_TURNCTL_v0,-0.0157743458108,0.000345211374947
F_MIX333_XD6_R050_C020,2025-04,reference_net,2025-04-30,10915632.7,10737786.9212,-0.0162927595474,False,20B_P4_top_region_hysteresis_partial_rebalance_turnover_control_v0,20B_P4_TURNCTL_v0,-0.0159994675217,0.000293292025697
F_MIX333_XD6_R050_C020,2025-05,gross_shadow,2025-05-30,10757368,11007871,0.0232866440936,False,20B_P4_top_region_hysteresis_partial_rebalance_turnover_control_v0,20B_P4_TURNCTL_v0,0.0218567581682,-0.0014298859254
F_MIX333_XD6_R050_C020,2025-05,reference_net,2025-05-30,10737786.9212,10986767.4373,0.0231873213734,False,20B_P4_top_region_hysteresis_partial_rebalance_turnover_control_v0,20B_P4_TURNCTL_v0,0.021723831916,-0.00146348945738
F_MIX333_XD6_R050_C020,2025-06,gross_shadow,2025-06-30,11007871,11149668,0.0128814191227,False,20B_P4_top_region_hysteresis_partial_rebalance_turnover_control_v0,20B_P4_TURNCTL_v0,0.0120373412204,-0.000844077902306
F_MIX333_XD6_R050_C020,2025-06,reference_net,2025-06-30,10986767.4373,11127002.4785,0.0127639946799,False,20B_P4_top_region_hysteresis_partial_rebalance_turnover_control_v0,20B_P4_TURNCTL_v0,0.0118812499438,-0.000882744736147
F_MIX333_XD6_R050_C020,2025-07,gross_shadow,2025-07-31,11149668,11380631,0.0207147872026,False,20B_P4_top_region_hysteresis_partial_rebalance_turnover_control_v0,20B_P4_TURNCTL_v0,0.0159705014252,-0.00474428577745
F_MIX333_XD6_R050_C020,2025-07,reference_net,2025-07-31,11127002.4785,11356511.7369,0.0206263330043,False,20B_P4_top_region_hysteresis_partial_rebalance_turnover_control_v0,20B_P4_TURNCTL_v0,0.0158245945545,-0.0048017384498
F_MIX333_XD6_R050_C020,2025-08,gross_shadow,2025-08-29,11380631,11658100,0.0243808098163,True,20B_P4_top_region_hysteresis_partial_rebalance_turnover_control_v0,20B_P4_TURNCTL_v0,0.0214107382381,-0.00297007157817
F_MIX333_XD6_R050_C020,2025-08,reference_net,2025-08-29,11356511.7369,11632452.4324,0.0242980152623,True,20B_P4_top_region_hysteresis_partial_rebalance_turnover_control_v0,20B_P4_TURNCTL_v0,0.0212920604186,-0.00300595484365
F_MIX333_XD6_R050_C020,2025-09,gross_shadow,2025-09-30,11658100,11462589,-0.0167703999794,True,20B_P4_top_region_hysteresis_partial_rebalance_turnover_control_v0,20B_P4_TURNCTL_v0,-0.0146549819574,0.00211541802198
F_MIX333_XD6_R050_C020,2025-09,reference_net,2025-09-30,11632452.4324,11435019.5491,-0.0169725932263,True,20B_P4_top_region_hysteresis_partial_rebalance_turnover_control_v0,20B_P4_TURNCTL_v0,-0.0148953122943,0.00207728093199
F_MIX333_XD6_R050_C020,2025-10,gross_shadow,2025-10-31,11462589,11710494,0.0216273129919,False,20B_P4_top_region_hysteresis_partial_rebalance_turnover_control_v0,20B_P4_TURNCTL_v0,0.0176421257991,-0.00398518719272
F_MIX333_XD6_R050_C020,2025-10,reference_net,2025-10-31,11435019.5491,11681168.2387,0.0215258652216,False,20B_P4_top_region_hysteresis_partial_rebalance_turnover_control_v0,20B_P4_TURNCTL_v0,0.017504769152,-0.00402109606961
F_MIX333_XD6_R050_C020,2025-11,gross_shadow,2025-11-28,11710494,11596123,-0.00976653931081,False,20B_P4_top_region_hysteresis_partial_rebalance_turnover_control_v0,20B_P4_TURNCTL_v0,-0.00968857869009,7.7960620718e-05
F_MIX333_XD6_R050_C020,2025-11,reference_net,2025-11-28,11681168.2387,11564543.8906,-0.00998396271049,False,20B_P4_top_region_hysteresis_partial_rebalance_turnover_control_v0,20B_P4_TURNCTL_v0,-0.00995710204626,2.6860664228e-05
F_MIX333_XD6_R050_C020,2025-12,gross_shadow,2025-12-31,11596123,11777901,0.0156757564576,False,20B_P4_top_region_hysteresis_partial_rebalance_turnover_control_v0,20B_P4_TURNCTL_v0,0.0171802536106,0.00150449715301
F_MIX333_XD6_R050_C020,2025-12,reference_net,2025-12-31,11564543.8906,11744348.3666,0.0155479089951,False,20B_P4_top_region_hysteresis_partial_rebalance_turnover_control_v0,20B_P4_TURNCTL_v0,0.0170218081883,0.00147389919323
F_MIX333_XD6_R050_C020,2026-01,gross_shadow,2026-01-30,11777901,12006239,0.0193869858475,False,20B_P4_top_region_hysteresis_partial_rebalance_turnover_control_v0,20B_P4_TURNCTL_v0,0.0150287676854,-0.0043582181621
F_MIX333_XD6_R050_C020,2026-01,reference_net,2026-01-30,11744348.3666,11970637.5076,0.0192679179778,False,20B_P4_top_region_hysteresis_partial_rebalance_turnover_control_v0,20B_P4_TURNCTL_v0,0.0148684959055,-0.00439942207233
F_MIX333_XD6_R050_C020,2026-02,gross_shadow,2026-02-27,12006239,12232093,0.0188113863134,False,20B_P4_top_region_hysteresis_partial_rebalance_turnover_control_v0,20B_P4_TURNCTL_v0,0.020391049042,0.00157966272863
F_MIX333_XD6_R050_C020,2026-02,reference_net,2026-02-27,11970637.5076,12194325.7995,0.018686414299,False,20B_P4_top_region_hysteresis_partial_rebalance_turnover_control_v0,20B_P4_TURNCTL_v0,0.0202325528075,0.00154613850846
F_MIX333_XD6_R050_C020,2026-03,gross_shadow,2026-03-31,12232093,11970105,-0.0214180843785,False,20B_P4_top_region_hysteresis_partial_rebalance_turnover_control_v0,20B_P4_TURNCTL_v0,-0.0159986324444,0.00541945193413
F_MIX333_XD6_R050_C020,2026-03,reference_net,2026-03-31,12194325.7995,11930392.3026,-0.0216439597605,False,20B_P4_top_region_hysteresis_partial_rebalance_turnover_control_v0,20B_P4_TURNCTL_v0,-0.0162685275383,0.00537543222217
F_MIX333_XD6_R050_C020,2026-04,gross_shadow,2026-04-30,11970105,12144186,0.0145429801994,True,20B_P4_top_region_hysteresis_partial_rebalance_turnover_control_v0,20B_P4_TURNCTL_v0,0.0130737020465,-0.00146927815294
F_MIX333_XD6_R050_C020,2026-04,reference_net,2026-04-30,11930392.3026,12102361.7892,0.0144144033397,True,20B_P4_top_region_hysteresis_partial_rebalance_turnover_control_v0,20B_P4_TURNCTL_v0,0.0128697478741,-0.00154465546563
F_MIX333_XD6_R050_C030,2024-08,gross_shadow,2024-08-30,10000000,9668592,-0.0331408,False,20B_P4_top_region_hysteresis_partial_rebalance_turnover_control_v0,20B_P4_TURNCTL_v0,-0.0332539,-0.0001131
F_MIX333_XD6_R050_C030,2024-08,reference_net,2024-08-30,10000000,9661124.5516,-0.03388754484,False,20B_P4_top_region_hysteresis_partial_rebalance_turnover_control_v0,20B_P4_TURNCTL_v0,-0.03400009916,-0.00011255432
F_MIX333_XD6_R050_C030,2024-09,gross_shadow,2024-09-30,9668592,11222219,0.16068802986,False,20B_P4_top_region_hysteresis_partial_rebalance_turnover_control_v0,20B_P4_TURNCTL_v0,0.158862601049,-0.00182542881096
F_MIX333_XD6_R050_C030,2024-09,reference_net,2024-09-30,9661124.5516,11213178.7106,0.160649430683,False,20B_P4_top_region_hysteresis_partial_rebalance_turnover_control_v0,20B_P4_TURNCTL_v0,0.158765209196,-0.00188422148697
F_MIX333_XD6_R050_C030,2024-10,gross_shadow,2024-10-31,11222219,10704773,-0.0461090627442,True,20B_P4_top_region_hysteresis_partial_rebalance_turnover_control_v0,20B_P4_TURNCTL_v0,-0.0417565103154,0.00435255242875
F_MIX333_XD6_R050_C030,2024-10,reference_net,2024-10-31,11213178.7106,10693941.3592,-0.0463059909061,True,20B_P4_top_region_hysteresis_partial_rebalance_turnover_control_v0,20B_P4_TURNCTL_v0,-0.0419999329509,0.00430605795519
F_MIX333_XD6_R050_C030,2024-11,gross_shadow,2024-11-29,10704773,10800865,0.00897655653231,False,20B_P4_top_region_hysteresis_partial_rebalance_turnover_control_v0,20B_P4_TURNCTL_v0,0.00743434136436,-0.00154221516795
F_MIX333_XD6_R050_C030,2024-11,reference_net,2024-11-29,10693941.3592,10788796.6923,0.00887000684913,False,20B_P4_top_region_hysteresis_partial_rebalance_turnover_control_v0,20B_P4_TURNCTL_v0,0.00728422719772,-0.00158577965141
F_MIX333_XD6_R050_C030,2024-12,gross_shadow,2024-12-31,10800865,11063928,0.0243557344713,False,20B_P4_top_region_hysteresis_partial_rebalance_turnover_control_v0,20B_P4_TURNCTL_v0,0.023651486543,-0.000704247928316
F_MIX333_XD6_R050_C030,2024-12,reference_net,2024-12-31,10788796.6923,11050485.7011,0.0242556251957,False,20B_P4_top_region_hysteresis_partial_rebalance_turnover_control_v0,20B_P4_TURNCTL_v0,0.0235057852708,-0.000749839924897
F_MIX333_XD6_R050_C030,2025-01,gross_shadow,2025-01-27,11063928,10870292,-0.0175015600246,False,20B_P4_top_region_hysteresis_partial_rebalance_turnover_control_v0,20B_P4_TURNCTL_v0,-0.0159349720686,0.001566587956
F_MIX333_XD6_R050_C030,2025-01,reference_net,2025-01-27,11050485.7011,10855433.6267,-0.0176509955929,False,20B_P4_top_region_hysteresis_partial_rebalance_turnover_control_v0,20B_P4_TURNCTL_v0,-0.0161371317804,0.00151386381245
F_MIX333_XD6_R050_C030,2025-02,gross_shadow,2025-02-28,10870292,10791237,-0.00727257372663,True,20B_P4_top_region_hysteresis_partial_rebalance_turnover_control_v0,20B_P4_TURNCTL_v0,-0.0079087507335,-0.000636177006872
F_MIX333_XD6_R050_C030,2025-02,reference_net,2025-02-28,10855433.6267,10774902.6404,-0.00741849557273,True,20B_P4_top_region_hysteresis_partial_rebalance_turnover_control_v0,20B_P4_TURNCTL_v0,-0.00809581661659,-0.000677321043864
F_MIX333_XD6_R050_C030,2025-03,gross_shadow,2025-03-31,10791237,10933613,0.0131936681587,False,20B_P4_top_region_hysteresis_partial_rebalance_turnover_control_v0,20B_P4_TURNCTL_v0,0.0133980936076,0.000204425448918
F_MIX333_XD6_R050_C030,2025-03,reference_net,2025-03-31,10774902.6404,10915632.7,0.0130609124097,False,20B_P4_top_region_hysteresis_partial_rebalance_turnover_control_v0,20B_P4_TURNCTL_v0,0.0132233978829,0.000162485473137
F_MIX333_XD6_R050_C030,2025-04,gross_shadow,2025-04-30,10933613,10757368,-0.0161195571857,False,20B_P4_top_region_hysteresis_partial_rebalance_turnover_control_v0,20B_P4_TURNCTL_v0,-0.0157743458108,0.000345211374947
F_MIX333_XD6_R050_C030,2025-04,reference_net,2025-04-30,10915632.7,10737786.9212,-0.0162927595474,False,20B_P4_top_region_hysteresis_partial_rebalance_turnover_control_v0,20B_P4_TURNCTL_v0,-0.0159994675217,0.000293292025697
F_MIX333_XD6_R050_C030,2025-05,gross_shadow,2025-05-30,10757368,11007871,0.0232866440936,False,20B_P4_top_region_hysteresis_partial_rebalance_turnover_control_v0,20B_P4_TURNCTL_v0,0.0218567581682,-0.0014298859254
F_MIX333_XD6_R050_C030,2025-05,reference_net,2025-05-30,10737786.9212,10986767.4373,0.0231873213734,False,20B_P4_top_region_hysteresis_partial_rebalance_turnover_control_v0,20B_P4_TURNCTL_v0,0.021723831916,-0.00146348945738
F_MIX333_XD6_R050_C030,2025-06,gross_shadow,2025-06-30,11007871,11149668,0.0128814191227,False,20B_P4_top_region_hysteresis_partial_rebalance_turnover_control_v0,20B_P4_TURNCTL_v0,0.0120373412204,-0.000844077902306
F_MIX333_XD6_R050_C030,2025-06,reference_net,2025-06-30,10986767.4373,11127002.4785,0.0127639946799,False,20B_P4_top_region_hysteresis_partial_rebalance_turnover_control_v0,20B_P4_TURNCTL_v0,0.0118812499438,-0.000882744736147
F_MIX333_XD6_R050_C030,2025-07,gross_shadow,2025-07-31,11149668,11380631,0.0207147872026,False,20B_P4_top_region_hysteresis_partial_rebalance_turnover_control_v0,20B_P4_TURNCTL_v0,0.0159705014252,-0.00474428577745
F_MIX333_XD6_R050_C030,2025-07,reference_net,2025-07-31,11127002.4785,11356511.7369,0.0206263330043,False,20B_P4_top_region_hysteresis_partial_rebalance_turnover_control_v0,20B_P4_TURNCTL_v0,0.0158245945545,-0.0048017384498
F_MIX333_XD6_R050_C030,2025-08,gross_shadow,2025-08-29,11380631,11658100,0.0243808098163,True,20B_P4_top_region_hysteresis_partial_rebalance_turnover_control_v0,20B_P4_TURNCTL_v0,0.0214107382381,-0.00297007157817
F_MIX333_XD6_R050_C030,2025-08,reference_net,2025-08-29,11356511.7369,11632452.4324,0.0242980152623,True,20B_P4_top_region_hysteresis_partial_rebalance_turnover_control_v0,20B_P4_TURNCTL_v0,0.0212920604186,-0.00300595484365
F_MIX333_XD6_R050_C030,2025-09,gross_shadow,2025-09-30,11658100,11462589,-0.0167703999794,True,20B_P4_top_region_hysteresis_partial_rebalance_turnover_control_v0,20B_P4_TURNCTL_v0,-0.0146549819574,0.00211541802198
F_MIX333_XD6_R050_C030,2025-09,reference_net,2025-09-30,11632452.4324,11435019.5491,-0.0169725932263,True,20B_P4_top_region_hysteresis_partial_rebalance_turnover_control_v0,20B_P4_TURNCTL_v0,-0.0148953122943,0.00207728093199
F_MIX333_XD6_R050_C030,2025-10,gross_shadow,2025-10-31,11462589,11710494,0.0216273129919,False,20B_P4_top_region_hysteresis_partial_rebalance_turnover_control_v0,20B_P4_TURNCTL_v0,0.0176421257991,-0.00398518719272
F_MIX333_XD6_R050_C030,2025-10,reference_net,2025-10-31,11435019.5491,11681168.2387,0.0215258652216,False,20B_P4_top_region_hysteresis_partial_rebalance_turnover_control_v0,20B_P4_TURNCTL_v0,0.017504769152,-0.00402109606961
F_MIX333_XD6_R050_C030,2025-11,gross_shadow,2025-11-28,11710494,11595747,-0.00979864726458,False,20B_P4_top_region_hysteresis_partial_rebalance_turnover_control_v0,20B_P4_TURNCTL_v0,-0.00968857869009,0.00011006857449
F_MIX333_XD6_R050_C030,2025-11,reference_net,2025-11-28,11681168.2387,11564094.9613,-0.0100223945908,False,20B_P4_top_region_hysteresis_partial_rebalance_turnover_control_v0,20B_P4_TURNCTL_v0,-0.00995710204626,6.52925445697e-05
F_MIX333_XD6_R050_C030,2025-12,gross_shadow,2025-12-31,11595747,11780902,0.0159674922193,False,20B_P4_top_region_hysteresis_partial_rebalance_turnover_control_v0,20B_P4_TURNCTL_v0,0.0171802536106,0.00121276139123
F_MIX333_XD6_R050_C030,2025-12,reference_net,2025-12-31,11564094.9613,11747281.837,0.0158410040996,False,20B_P4_top_region_hysteresis_partial_rebalance_turnover_control_v0,20B_P4_TURNCTL_v0,0.0170218081883,0.00118080408871
F_MIX333_XD6_R050_C030,2026-01,gross_shadow,2026-01-30,11780902,12011419,0.0195670076875,False,20B_P4_top_region_hysteresis_partial_rebalance_turnover_control_v0,20B_P4_TURNCTL_v0,0.0150287676854,-0.00453824000215
F_MIX333_XD6_R050_C030,2026-01,reference_net,2026-01-30,11747281.837,11975659.6167,0.0194409041009,False,20B_P4_top_region_hysteresis_partial_rebalance_turnover_control_v0,20B_P4_TURNCTL_v0,0.0148684959055,-0.00457240819544
F_MIX333_XD6_R050_C030,2026-02,gross_shadow,2026-02-27,12011419,12235744,0.0186759782504,False,20B_P4_top_region_hysteresis_partial_rebalance_turnover_control_v0,20B_P4_TURNCTL_v0,0.020391049042,0.00171507079167
F_MIX333_XD6_R050_C030,2026-02,reference_net,2026-02-27,11975659.6167,12197491.8498,0.0185235920384,False,20B_P4_top_region_hysteresis_partial_rebalance_turnover_control_v0,20B_P4_TURNCTL_v0,0.0202325528075,0.00170896076902
F_MIX333_XD6_R050_C030,2026-03,gross_shadow,2026-03-31,12235744,11972817,-0.0214884358483,False,20B_P4_top_region_hysteresis_partial_rebalance_turnover_control_v0,20B_P4_TURNCTL_v0,-0.0159986324444,0.00548980340388
F_MIX333_XD6_R050_C030,2026-03,reference_net,2026-03-31,12197491.8498,11932530.4633,-0.0217226122979,False,20B_P4_top_region_hysteresis_partial_rebalance_turnover_control_v0,20B_P4_TURNCTL_v0,-0.0162685275383,0.00545408475964
F_MIX333_XD6_R050_C030,2026-04,gross_shadow,2026-04-30,11972817,12157512,0.0154261941864,True,20B_P4_top_region_hysteresis_partial_rebalance_turnover_control_v0,20B_P4_TURNCTL_v0,0.0130737020465,-0.0023524921399
F_MIX333_XD6_R050_C030,2026-04,reference_net,2026-04-30,11932530.4633,12114527.8841,0.0152522066723,True,20B_P4_top_region_hysteresis_partial_rebalance_turnover_control_v0,20B_P4_TURNCTL_v0,0.0128697478741,-0.00238245879823
F_MIX333_XD6_R050_C040,2024-08,gross_shadow,2024-08-30,10000000,9668592,-0.0331408,False,20B_P4_top_region_hysteresis_partial_rebalance_turnover_control_v0,20B_P4_TURNCTL_v0,-0.0332539,-0.0001131
F_MIX333_XD6_R050_C040,2024-08,reference_net,2024-08-30,10000000,9661124.5516,-0.03388754484,False,20B_P4_top_region_hysteresis_partial_rebalance_turnover_control_v0,20B_P4_TURNCTL_v0,-0.03400009916,-0.00011255432
F_MIX333_XD6_R050_C040,2024-09,gross_shadow,2024-09-30,9668592,11222219,0.16068802986,False,20B_P4_top_region_hysteresis_partial_rebalance_turnover_control_v0,20B_P4_TURNCTL_v0,0.158862601049,-0.00182542881096
F_MIX333_XD6_R050_C040,2024-09,reference_net,2024-09-30,9661124.5516,11213178.7106,0.160649430683,False,20B_P4_top_region_hysteresis_partial_rebalance_turnover_control_v0,20B_P4_TURNCTL_v0,0.158765209196,-0.00188422148697
F_MIX333_XD6_R050_C040,2024-10,gross_shadow,2024-10-31,11222219,10704773,-0.0461090627442,True,20B_P4_top_region_hysteresis_partial_rebalance_turnover_control_v0,20B_P4_TURNCTL_v0,-0.0417565103154,0.00435255242875
F_MIX333_XD6_R050_C040,2024-10,reference_net,2024-10-31,11213178.7106,10693941.3592,-0.0463059909061,True,20B_P4_top_region_hysteresis_partial_rebalance_turnover_control_v0,20B_P4_TURNCTL_v0,-0.0419999329509,0.00430605795519
F_MIX333_XD6_R050_C040,2024-11,gross_shadow,2024-11-29,10704773,10800865,0.00897655653231,False,20B_P4_top_region_hysteresis_partial_rebalance_turnover_control_v0,20B_P4_TURNCTL_v0,0.00743434136436,-0.00154221516795
F_MIX333_XD6_R050_C040,2024-11,reference_net,2024-11-29,10693941.3592,10788796.6923,0.00887000684913,False,20B_P4_top_region_hysteresis_partial_rebalance_turnover_control_v0,20B_P4_TURNCTL_v0,0.00728422719772,-0.00158577965141
F_MIX333_XD6_R050_C040,2024-12,gross_shadow,2024-12-31,10800865,11063928,0.0243557344713,False,20B_P4_top_region_hysteresis_partial_rebalance_turnover_control_v0,20B_P4_TURNCTL_v0,0.023651486543,-0.000704247928316
F_MIX333_XD6_R050_C040,2024-12,reference_net,2024-12-31,10788796.6923,11050485.7011,0.0242556251957,False,20B_P4_top_region_hysteresis_partial_rebalance_turnover_control_v0,20B_P4_TURNCTL_v0,0.0235057852708,-0.000749839924897
F_MIX333_XD6_R050_C040,2025-01,gross_shadow,2025-01-27,11063928,10870292,-0.0175015600246,False,20B_P4_top_region_hysteresis_partial_rebalance_turnover_control_v0,20B_P4_TURNCTL_v0,-0.0159349720686,0.001566587956
F_MIX333_XD6_R050_C040,2025-01,reference_net,2025-01-27,11050485.7011,10855433.6267,-0.0176509955929,False,20B_P4_top_region_hysteresis_partial_rebalance_turnover_control_v0,20B_P4_TURNCTL_v0,-0.0161371317804,0.00151386381245
F_MIX333_XD6_R050_C040,2025-02,gross_shadow,2025-02-28,10870292,10791237,-0.00727257372663,True,20B_P4_top_region_hysteresis_partial_rebalance_turnover_control_v0,20B_P4_TURNCTL_v0,-0.0079087507335,-0.000636177006872
F_MIX333_XD6_R050_C040,2025-02,reference_net,2025-02-28,10855433.6267,10774902.6404,-0.00741849557273,True,20B_P4_top_region_hysteresis_partial_rebalance_turnover_control_v0,20B_P4_TURNCTL_v0,-0.00809581661659,-0.000677321043864
F_MIX333_XD6_R050_C040,2025-03,gross_shadow,2025-03-31,10791237,10933613,0.0131936681587,False,20B_P4_top_region_hysteresis_partial_rebalance_turnover_control_v0,20B_P4_TURNCTL_v0,0.0133980936076,0.000204425448918
F_MIX333_XD6_R050_C040,2025-03,reference_net,2025-03-31,10774902.6404,10915632.7,0.0130609124097,False,20B_P4_top_region_hysteresis_partial_rebalance_turnover_control_v0,20B_P4_TURNCTL_v0,0.0132233978829,0.000162485473137
F_MIX333_XD6_R050_C040,2025-04,gross_shadow,2025-04-30,10933613,10757368,-0.0161195571857,False,20B_P4_top_region_hysteresis_partial_rebalance_turnover_control_v0,20B_P4_TURNCTL_v0,-0.0157743458108,0.000345211374947
F_MIX333_XD6_R050_C040,2025-04,reference_net,2025-04-30,10915632.7,10737786.9212,-0.0162927595474,False,20B_P4_top_region_hysteresis_partial_rebalance_turnover_control_v0,20B_P4_TURNCTL_v0,-0.0159994675217,0.000293292025697
F_MIX333_XD6_R050_C040,2025-05,gross_shadow,2025-05-30,10757368,11007871,0.0232866440936,False,20B_P4_top_region_hysteresis_partial_rebalance_turnover_control_v0,20B_P4_TURNCTL_v0,0.0218567581682,-0.0014298859254
F_MIX333_XD6_R050_C040,2025-05,reference_net,2025-05-30,10737786.9212,10986767.4373,0.0231873213734,False,20B_P4_top_region_hysteresis_partial_rebalance_turnover_control_v0,20B_P4_TURNCTL_v0,0.021723831916,-0.00146348945738
F_MIX333_XD6_R050_C040,2025-06,gross_shadow,2025-06-30,11007871,11149668,0.0128814191227,False,20B_P4_top_region_hysteresis_partial_rebalance_turnover_control_v0,20B_P4_TURNCTL_v0,0.0120373412204,-0.000844077902306
F_MIX333_XD6_R050_C040,2025-06,reference_net,2025-06-30,10986767.4373,11127002.4785,0.0127639946799,False,20B_P4_top_region_hysteresis_partial_rebalance_turnover_control_v0,20B_P4_TURNCTL_v0,0.0118812499438,-0.000882744736147
F_MIX333_XD6_R050_C040,2025-07,gross_shadow,2025-07-31,11149668,11380631,0.0207147872026,False,20B_P4_top_region_hysteresis_partial_rebalance_turnover_control_v0,20B_P4_TURNCTL_v0,0.0159705014252,-0.00474428577745
F_MIX333_XD6_R050_C040,2025-07,reference_net,2025-07-31,11127002.4785,11356511.7369,0.0206263330043,False,20B_P4_top_region_hysteresis_partial_rebalance_turnover_control_v0,20B_P4_TURNCTL_v0,0.0158245945545,-0.0048017384498
F_MIX333_XD6_R050_C040,2025-08,gross_shadow,2025-08-29,11380631,11658100,0.0243808098163,True,20B_P4_top_region_hysteresis_partial_rebalance_turnover_control_v0,20B_P4_TURNCTL_v0,0.0214107382381,-0.00297007157817
F_MIX333_XD6_R050_C040,2025-08,reference_net,2025-08-29,11356511.7369,11632452.4324,0.0242980152623,True,20B_P4_top_region_hysteresis_partial_rebalance_turnover_control_v0,20B_P4_TURNCTL_v0,0.0212920604186,-0.00300595484365
F_MIX333_XD6_R050_C040,2025-09,gross_shadow,2025-09-30,11658100,11462589,-0.0167703999794,True,20B_P4_top_region_hysteresis_partial_rebalance_turnover_control_v0,20B_P4_TURNCTL_v0,-0.0146549819574,0.00211541802198
F_MIX333_XD6_R050_C040,2025-09,reference_net,2025-09-30,11632452.4324,11435019.5491,-0.0169725932263,True,20B_P4_top_region_hysteresis_partial_rebalance_turnover_control_v0,20B_P4_TURNCTL_v0,-0.0148953122943,0.00207728093199
F_MIX333_XD6_R050_C040,2025-10,gross_shadow,2025-10-31,11462589,11710494,0.0216273129919,False,20B_P4_top_region_hysteresis_partial_rebalance_turnover_control_v0,20B_P4_TURNCTL_v0,0.0176421257991,-0.00398518719272
F_MIX333_XD6_R050_C040,2025-10,reference_net,2025-10-31,11435019.5491,11681168.2387,0.0215258652216,False,20B_P4_top_region_hysteresis_partial_rebalance_turnover_control_v0,20B_P4_TURNCTL_v0,0.017504769152,-0.00402109606961
F_MIX333_XD6_R050_C040,2025-11,gross_shadow,2025-11-28,11710494,11595747,-0.00979864726458,False,20B_P4_top_region_hysteresis_partial_rebalance_turnover_control_v0,20B_P4_TURNCTL_v0,-0.00968857869009,0.00011006857449
F_MIX333_XD6_R050_C040,2025-11,reference_net,2025-11-28,11681168.2387,11564094.9613,-0.0100223945908,False,20B_P4_top_region_hysteresis_partial_rebalance_turnover_control_v0,20B_P4_TURNCTL_v0,-0.00995710204626,6.52925445697e-05
F_MIX333_XD6_R050_C040,2025-12,gross_shadow,2025-12-31,11595747,11780902,0.0159674922193,False,20B_P4_top_region_hysteresis_partial_rebalance_turnover_control_v0,20B_P4_TURNCTL_v0,0.0171802536106,0.00121276139123
F_MIX333_XD6_R050_C040,2025-12,reference_net,2025-12-31,11564094.9613,11747281.837,0.0158410040996,False,20B_P4_top_region_hysteresis_partial_rebalance_turnover_control_v0,20B_P4_TURNCTL_v0,0.0170218081883,0.00118080408871
F_MIX333_XD6_R050_C040,2026-01,gross_shadow,2026-01-30,11780902,12011419,0.0195670076875,False,20B_P4_top_region_hysteresis_partial_rebalance_turnover_control_v0,20B_P4_TURNCTL_v0,0.0150287676854,-0.00453824000215
F_MIX333_XD6_R050_C040,2026-01,reference_net,2026-01-30,11747281.837,11975659.6167,0.0194409041009,False,20B_P4_top_region_hysteresis_partial_rebalance_turnover_control_v0,20B_P4_TURNCTL_v0,0.0148684959055,-0.00457240819544
F_MIX333_XD6_R050_C040,2026-02,gross_shadow,2026-02-27,12011419,12235744,0.0186759782504,False,20B_P4_top_region_hysteresis_partial_rebalance_turnover_control_v0,20B_P4_TURNCTL_v0,0.020391049042,0.00171507079167
F_MIX333_XD6_R050_C040,2026-02,reference_net,2026-02-27,11975659.6167,12197491.8498,0.0185235920384,False,20B_P4_top_region_hysteresis_partial_rebalance_turnover_control_v0,20B_P4_TURNCTL_v0,0.0202325528075,0.00170896076902
F_MIX333_XD6_R050_C040,2026-03,gross_shadow,2026-03-31,12235744,11972817,-0.0214884358483,False,20B_P4_top_region_hysteresis_partial_rebalance_turnover_control_v0,20B_P4_TURNCTL_v0,-0.0159986324444,0.00548980340388
F_MIX333_XD6_R050_C040,2026-03,reference_net,2026-03-31,12197491.8498,11932530.4633,-0.0217226122979,False,20B_P4_top_region_hysteresis_partial_rebalance_turnover_control_v0,20B_P4_TURNCTL_v0,-0.0162685275383,0.00545408475964
F_MIX333_XD6_R050_C040,2026-04,gross_shadow,2026-04-30,11972817,12157512,0.0154261941864,True,20B_P4_top_region_hysteresis_partial_rebalance_turnover_control_v0,20B_P4_TURNCTL_v0,0.0130737020465,-0.0023524921399
F_MIX333_XD6_R050_C040,2026-04,reference_net,2026-04-30,11932530.4633,12114527.8841,0.0152522066723,True,20B_P4_top_region_hysteresis_partial_rebalance_turnover_control_v0,20B_P4_TURNCTL_v0,0.0128697478741,-0.00238245879823
F_MIX333_XD6_R050_CNONE,2024-08,gross_shadow,2024-08-30,10000000,9668592,-0.0331408,False,20B_P4_top_region_hysteresis_partial_rebalance_turnover_control_v0,20B_P4_TURNCTL_v0,-0.0332539,-0.0001131
F_MIX333_XD6_R050_CNONE,2024-08,reference_net,2024-08-30,10000000,9661124.5516,-0.03388754484,False,20B_P4_top_region_hysteresis_partial_rebalance_turnover_control_v0,20B_P4_TURNCTL_v0,-0.03400009916,-0.00011255432
F_MIX333_XD6_R050_CNONE,2024-09,gross_shadow,2024-09-30,9668592,11222219,0.16068802986,False,20B_P4_top_region_hysteresis_partial_rebalance_turnover_control_v0,20B_P4_TURNCTL_v0,0.158862601049,-0.00182542881096
F_MIX333_XD6_R050_CNONE,2024-09,reference_net,2024-09-30,9661124.5516,11213178.7106,0.160649430683,False,20B_P4_top_region_hysteresis_partial_rebalance_turnover_control_v0,20B_P4_TURNCTL_v0,0.158765209196,-0.00188422148697
F_MIX333_XD6_R050_CNONE,2024-10,gross_shadow,2024-10-31,11222219,10704773,-0.0461090627442,True,20B_P4_top_region_hysteresis_partial_rebalance_turnover_control_v0,20B_P4_TURNCTL_v0,-0.0417565103154,0.00435255242875
F_MIX333_XD6_R050_CNONE,2024-10,reference_net,2024-10-31,11213178.7106,10693941.3592,-0.0463059909061,True,20B_P4_top_region_hysteresis_partial_rebalance_turnover_control_v0,20B_P4_TURNCTL_v0,-0.0419999329509,0.00430605795519
F_MIX333_XD6_R050_CNONE,2024-11,gross_shadow,2024-11-29,10704773,10800865,0.00897655653231,False,20B_P4_top_region_hysteresis_partial_rebalance_turnover_control_v0,20B_P4_TURNCTL_v0,0.00743434136436,-0.00154221516795
F_MIX333_XD6_R050_CNONE,2024-11,reference_net,2024-11-29,10693941.3592,10788796.6923,0.00887000684913,False,20B_P4_top_region_hysteresis_partial_rebalance_turnover_control_v0,20B_P4_TURNCTL_v0,0.00728422719772,-0.00158577965141
F_MIX333_XD6_R050_CNONE,2024-12,gross_shadow,2024-12-31,10800865,11063928,0.0243557344713,False,20B_P4_top_region_hysteresis_partial_rebalance_turnover_control_v0,20B_P4_TURNCTL_v0,0.023651486543,-0.000704247928316
F_MIX333_XD6_R050_CNONE,2024-12,reference_net,2024-12-31,10788796.6923,11050485.7011,0.0242556251957,False,20B_P4_top_region_hysteresis_partial_rebalance_turnover_control_v0,20B_P4_TURNCTL_v0,0.0235057852708,-0.000749839924897
F_MIX333_XD6_R050_CNONE,2025-01,gross_shadow,2025-01-27,11063928,10870292,-0.0175015600246,False,20B_P4_top_region_hysteresis_partial_rebalance_turnover_control_v0,20B_P4_TURNCTL_v0,-0.0159349720686,0.001566587956
F_MIX333_XD6_R050_CNONE,2025-01,reference_net,2025-01-27,11050485.7011,10855433.6267,-0.0176509955929,False,20B_P4_top_region_hysteresis_partial_rebalance_turnover_control_v0,20B_P4_TURNCTL_v0,-0.0161371317804,0.00151386381245
F_MIX333_XD6_R050_CNONE,2025-02,gross_shadow,2025-02-28,10870292,10791237,-0.00727257372663,True,20B_P4_top_region_hysteresis_partial_rebalance_turnover_control_v0,20B_P4_TURNCTL_v0,-0.0079087507335,-0.000636177006872
F_MIX333_XD6_R050_CNONE,2025-02,reference_net,2025-02-28,10855433.6267,10774902.6404,-0.00741849557273,True,20B_P4_top_region_hysteresis_partial_rebalance_turnover_control_v0,20B_P4_TURNCTL_v0,-0.00809581661659,-0.000677321043864
F_MIX333_XD6_R050_CNONE,2025-03,gross_shadow,2025-03-31,10791237,10933613,0.0131936681587,False,20B_P4_top_region_hysteresis_partial_rebalance_turnover_control_v0,20B_P4_TURNCTL_v0,0.0133980936076,0.000204425448918
F_MIX333_XD6_R050_CNONE,2025-03,reference_net,2025-03-31,10774902.6404,10915632.7,0.0130609124097,False,20B_P4_top_region_hysteresis_partial_rebalance_turnover_control_v0,20B_P4_TURNCTL_v0,0.0132233978829,0.000162485473137
F_MIX333_XD6_R050_CNONE,2025-04,gross_shadow,2025-04-30,10933613,10757368,-0.0161195571857,False,20B_P4_top_region_hysteresis_partial_rebalance_turnover_control_v0,20B_P4_TURNCTL_v0,-0.0157743458108,0.000345211374947
F_MIX333_XD6_R050_CNONE,2025-04,reference_net,2025-04-30,10915632.7,10737786.9212,-0.0162927595474,False,20B_P4_top_region_hysteresis_partial_rebalance_turnover_control_v0,20B_P4_TURNCTL_v0,-0.0159994675217,0.000293292025697
F_MIX333_XD6_R050_CNONE,2025-05,gross_shadow,2025-05-30,10757368,11007871,0.0232866440936,False,20B_P4_top_region_hysteresis_partial_rebalance_turnover_control_v0,20B_P4_TURNCTL_v0,0.0218567581682,-0.0014298859254
F_MIX333_XD6_R050_CNONE,2025-05,reference_net,2025-05-30,10737786.9212,10986767.4373,0.0231873213734,False,20B_P4_top_region_hysteresis_partial_rebalance_turnover_control_v0,20B_P4_TURNCTL_v0,0.021723831916,-0.00146348945738
F_MIX333_XD6_R050_CNONE,2025-06,gross_shadow,2025-06-30,11007871,11149668,0.0128814191227,False,20B_P4_top_region_hysteresis_partial_rebalance_turnover_control_v0,20B_P4_TURNCTL_v0,0.0120373412204,-0.000844077902306
F_MIX333_XD6_R050_CNONE,2025-06,reference_net,2025-06-30,10986767.4373,11127002.4785,0.0127639946799,False,20B_P4_top_region_hysteresis_partial_rebalance_turnover_control_v0,20B_P4_TURNCTL_v0,0.0118812499438,-0.000882744736147
F_MIX333_XD6_R050_CNONE,2025-07,gross_shadow,2025-07-31,11149668,11380631,0.0207147872026,False,20B_P4_top_region_hysteresis_partial_rebalance_turnover_control_v0,20B_P4_TURNCTL_v0,0.0159705014252,-0.00474428577745
F_MIX333_XD6_R050_CNONE,2025-07,reference_net,2025-07-31,11127002.4785,11356511.7369,0.0206263330043,False,20B_P4_top_region_hysteresis_partial_rebalance_turnover_control_v0,20B_P4_TURNCTL_v0,0.0158245945545,-0.0048017384498
F_MIX333_XD6_R050_CNONE,2025-08,gross_shadow,2025-08-29,11380631,11658100,0.0243808098163,True,20B_P4_top_region_hysteresis_partial_rebalance_turnover_control_v0,20B_P4_TURNCTL_v0,0.0214107382381,-0.00297007157817
F_MIX333_XD6_R050_CNONE,2025-08,reference_net,2025-08-29,11356511.7369,11632452.4324,0.0242980152623,True,20B_P4_top_region_hysteresis_partial_rebalance_turnover_control_v0,20B_P4_TURNCTL_v0,0.0212920604186,-0.00300595484365
F_MIX333_XD6_R050_CNONE,2025-09,gross_shadow,2025-09-30,11658100,11462589,-0.0167703999794,True,20B_P4_top_region_hysteresis_partial_rebalance_turnover_control_v0,20B_P4_TURNCTL_v0,-0.0146549819574,0.00211541802198
F_MIX333_XD6_R050_CNONE,2025-09,reference_net,2025-09-30,11632452.4324,11435019.5491,-0.0169725932263,True,20B_P4_top_region_hysteresis_partial_rebalance_turnover_control_v0,20B_P4_TURNCTL_v0,-0.0148953122943,0.00207728093199
F_MIX333_XD6_R050_CNONE,2025-10,gross_shadow,2025-10-31,11462589,11710494,0.0216273129919,False,20B_P4_top_region_hysteresis_partial_rebalance_turnover_control_v0,20B_P4_TURNCTL_v0,0.0176421257991,-0.00398518719272
F_MIX333_XD6_R050_CNONE,2025-10,reference_net,2025-10-31,11435019.5491,11681168.2387,0.0215258652216,False,20B_P4_top_region_hysteresis_partial_rebalance_turnover_control_v0,20B_P4_TURNCTL_v0,0.017504769152,-0.00402109606961
F_MIX333_XD6_R050_CNONE,2025-11,gross_shadow,2025-11-28,11710494,11595747,-0.00979864726458,False,20B_P4_top_region_hysteresis_partial_rebalance_turnover_control_v0,20B_P4_TURNCTL_v0,-0.00968857869009,0.00011006857449
F_MIX333_XD6_R050_CNONE,2025-11,reference_net,2025-11-28,11681168.2387,11564094.9613,-0.0100223945908,False,20B_P4_top_region_hysteresis_partial_rebalance_turnover_control_v0,20B_P4_TURNCTL_v0,-0.00995710204626,6.52925445697e-05
F_MIX333_XD6_R050_CNONE,2025-12,gross_shadow,2025-12-31,11595747,11780902,0.0159674922193,False,20B_P4_top_region_hysteresis_partial_rebalance_turnover_control_v0,20B_P4_TURNCTL_v0,0.0171802536106,0.00121276139123
F_MIX333_XD6_R050_CNONE,2025-12,reference_net,2025-12-31,11564094.9613,11747281.837,0.0158410040996,False,20B_P4_top_region_hysteresis_partial_rebalance_turnover_control_v0,20B_P4_TURNCTL_v0,0.0170218081883,0.00118080408871
F_MIX333_XD6_R050_CNONE,2026-01,gross_shadow,2026-01-30,11780902,12011419,0.0195670076875,False,20B_P4_top_region_hysteresis_partial_rebalance_turnover_control_v0,20B_P4_TURNCTL_v0,0.0150287676854,-0.00453824000215
F_MIX333_XD6_R050_CNONE,2026-01,reference_net,2026-01-30,11747281.837,11975659.6167,0.0194409041009,False,20B_P4_top_region_hysteresis_partial_rebalance_turnover_control_v0,20B_P4_TURNCTL_v0,0.0148684959055,-0.00457240819544
F_MIX333_XD6_R050_CNONE,2026-02,gross_shadow,2026-02-27,12011419,12235744,0.0186759782504,False,20B_P4_top_region_hysteresis_partial_rebalance_turnover_control_v0,20B_P4_TURNCTL_v0,0.020391049042,0.00171507079167
F_MIX333_XD6_R050_CNONE,2026-02,reference_net,2026-02-27,11975659.6167,12197491.8498,0.0185235920384,False,20B_P4_top_region_hysteresis_partial_rebalance_turnover_control_v0,20B_P4_TURNCTL_v0,0.0202325528075,0.00170896076902
F_MIX333_XD6_R050_CNONE,2026-03,gross_shadow,2026-03-31,12235744,11972817,-0.0214884358483,False,20B_P4_top_region_hysteresis_partial_rebalance_turnover_control_v0,20B_P4_TURNCTL_v0,-0.0159986324444,0.00548980340388
F_MIX333_XD6_R050_CNONE,2026-03,reference_net,2026-03-31,12197491.8498,11932530.4633,-0.0217226122979,False,20B_P4_top_region_hysteresis_partial_rebalance_turnover_control_v0,20B_P4_TURNCTL_v0,-0.0162685275383,0.00545408475964
F_MIX333_XD6_R050_CNONE,2026-04,gross_shadow,2026-04-30,11972817,12157512,0.0154261941864,True,20B_P4_top_region_hysteresis_partial_rebalance_turnover_control_v0,20B_P4_TURNCTL_v0,0.0130737020465,-0.0023524921399
F_MIX333_XD6_R050_CNONE,2026-04,reference_net,2026-04-30,11932530.4633,12114527.8841,0.0152522066723,True,20B_P4_top_region_hysteresis_partial_rebalance_turnover_control_v0,20B_P4_TURNCTL_v0,0.0128697478741,-0.00238245879823
F_MIX333_XD6_R100_C020,2024-08,gross_shadow,2024-08-30,10000000,9668592,-0.0331408,False,20B_P4_top_region_hysteresis_partial_rebalance_turnover_control_v0,20B_P4_TURNCTL_v0,-0.0332539,-0.0001131
F_MIX333_XD6_R100_C020,2024-08,reference_net,2024-08-30,10000000,9661124.5516,-0.03388754484,False,20B_P4_top_region_hysteresis_partial_rebalance_turnover_control_v0,20B_P4_TURNCTL_v0,-0.03400009916,-0.00011255432
F_MIX333_XD6_R100_C020,2024-09,gross_shadow,2024-09-30,9668592,11409179,0.18002486815,False,20B_P4_top_region_hysteresis_partial_rebalance_turnover_control_v0,20B_P4_TURNCTL_v0,0.158862601049,-0.0211622671014
F_MIX333_XD6_R100_C020,2024-09,reference_net,2024-09-30,9661124.5516,11398367.557,0.179817887253,False,20B_P4_top_region_hysteresis_partial_rebalance_turnover_control_v0,20B_P4_TURNCTL_v0,0.158765209196,-0.0210526780575
F_MIX333_XD6_R100_C020,2024-10,gross_shadow,2024-10-31,11409179,10851906,-0.0488442682861,True,20B_P4_top_region_hysteresis_partial_rebalance_turnover_control_v0,20B_P4_TURNCTL_v0,-0.0417565103154,0.00708775797065
F_MIX333_XD6_R100_C020,2024-10,reference_net,2024-10-31,11398367.557,10836952.7698,-0.0492539641615,True,20B_P4_top_region_hysteresis_partial_rebalance_turnover_control_v0,20B_P4_TURNCTL_v0,-0.0419999329509,0.00725403121059
F_MIX333_XD6_R100_C020,2024-11,gross_shadow,2024-11-29,10851906,10955925,0.00958532077222,False,20B_P4_top_region_hysteresis_partial_rebalance_turnover_control_v0,20B_P4_TURNCTL_v0,0.00743434136436,-0.00215097940786
F_MIX333_XD6_R100_C020,2024-11,reference_net,2024-11-29,10836952.7698,10938332.3202,0.00935498682456,False,20B_P4_top_region_hysteresis_partial_rebalance_turnover_control_v0,20B_P4_TURNCTL_v0,0.00728422719772,-0.00207075962684
F_MIX333_XD6_R100_C020,2024-12,gross_shadow,2024-12-31,10955925,11295741,0.0310166416802,False,20B_P4_top_region_hysteresis_partial_rebalance_turnover_control_v0,20B_P4_TURNCTL_v0,0.023651486543,-0.00736515513724
F_MIX333_XD6_R100_C020,2024-12,reference_net,2024-12-31,10938332.3202,11275577.1743,0.0308314690254,False,20B_P4_top_region_hysteresis_partial_rebalance_turnover_control_v0,20B_P4_TURNCTL_v0,0.0235057852708,-0.00732568375467
F_MIX333_XD6_R100_C020,2025-01,gross_shadow,2025-01-27,11295741,10991179,-0.0269625516378,False,20B_P4_top_region_hysteresis_partial_rebalance_turnover_control_v0,20B_P4_TURNCTL_v0,-0.0159349720686,0.0110275795692
F_MIX333_XD6_R100_C020,2025-01,reference_net,2025-01-27,11275577.1743,10968358.9694,-0.0272463396056,False,20B_P4_top_region_hysteresis_partial_rebalance_turnover_control_v0,20B_P4_TURNCTL_v0,-0.0161371317804,0.0111092078251
F_MIX333_XD6_R100_C020,2025-02,gross_shadow,2025-02-28,10991179,10858402,-0.012080323685,True,20B_P4_top_region_hysteresis_partial_rebalance_turnover_control_v0,20B_P4_TURNCTL_v0,-0.0079087507335,0.00417157295152
F_MIX333_XD6_R100_C020,2025-02,reference_net,2025-02-28,10968358.9694,10833502.9207,-0.0122950068517,True,20B_P4_top_region_hysteresis_partial_rebalance_turnover_control_v0,20B_P4_TURNCTL_v0,-0.00809581661659,0.00419919023508
F_MIX333_XD6_R100_C020,2025-03,gross_shadow,2025-03-31,10858402,11020317,0.0149114943433,False,20B_P4_top_region_hysteresis_partial_rebalance_turnover_control_v0,20B_P4_TURNCTL_v0,0.0133980936076,-0.00151340073565
F_MIX333_XD6_R100_C020,2025-03,reference_net,2025-03-31,10833502.9207,10992060.338,0.0146358401738,False,20B_P4_top_region_hysteresis_partial_rebalance_turnover_control_v0,20B_P4_TURNCTL_v0,0.0132233978829,-0.00141244229098
F_MIX333_XD6_R100_C020,2025-04,gross_shadow,2025-04-30,11020317,10840252,-0.0163393666444,False,20B_P4_top_region_hysteresis_partial_rebalance_turnover_control_v0,20B_P4_TURNCTL_v0,-0.0157743458108,0.000565020833583
F_MIX333_XD6_R100_C020,2025-04,reference_net,2025-04-30,10992060.338,10808425.2677,-0.0167061555909,False,20B_P4_top_region_hysteresis_partial_rebalance_turnover_control_v0,20B_P4_TURNCTL_v0,-0.0159994675217,0.000706688069118
F_MIX333_XD6_R100_C020,2025-05,gross_shadow,2025-05-30,10840252,11189406,0.032209029827,False,20B_P4_top_region_hysteresis_partial_rebalance_turnover_control_v0,20B_P4_TURNCTL_v0,0.0218567581682,-0.0103522716588
F_MIX333_XD6_R100_C020,2025-05,reference_net,2025-05-30,10808425.2677,11154759.3351,0.0320429719217,False,20B_P4_top_region_hysteresis_partial_rebalance_turnover_control_v0,20B_P4_TURNCTL_v0,0.021723831916,-0.0103191400056
F_MIX333_XD6_R100_C020,2025-06,gross_shadow,2025-06-30,11189406,11481993,0.0261485730342,False,20B_P4_top_region_hysteresis_partial_rebalance_turnover_control_v0,20B_P4_TURNCTL_v0,0.0120373412204,-0.0141112318137
F_MIX333_XD6_R100_C020,2025-06,reference_net,2025-06-30,11154759.3351,11444509.2898,0.0259754554981,False,20B_P4_top_region_hysteresis_partial_rebalance_turnover_control_v0,20B_P4_TURNCTL_v0,0.0118812499438,-0.0140942055543
F_MIX333_XD6_R100_C020,2025-07,gross_shadow,2025-07-31,11481993,11794795,0.0272428314492,False,20B_P4_top_region_hysteresis_partial_rebalance_turnover_control_v0,20B_P4_TURNCTL_v0,0.0159705014252,-0.011272330024
F_MIX333_XD6_R100_C020,2025-07,reference_net,2025-07-31,11444509.2898,11754464.5734,0.027083317932,False,20B_P4_top_region_hysteresis_partial_rebalance_turnover_control_v0,20B_P4_TURNCTL_v0,0.0158245945545,-0.0112587233775
F_MIX333_XD6_R100_C020,2025-08,gross_shadow,2025-08-29,11794795,12326485,0.0450783587167,True,20B_P4_top_region_hysteresis_partial_rebalance_turnover_control_v0,20B_P4_TURNCTL_v0,0.0214107382381,-0.0236676204786
F_MIX333_XD6_R100_C020,2025-08,reference_net,2025-08-29,11754464.5734,12282344.9837,0.0449089286009,True,20B_P4_top_region_hysteresis_partial_rebalance_turnover_control_v0,20B_P4_TURNCTL_v0,0.0212920604186,-0.0236168681823
F_MIX333_XD6_R100_C020,2025-09,gross_shadow,2025-09-30,12326485,12161524,-0.0133826472023,True,20B_P4_top_region_hysteresis_partial_rebalance_turnover_control_v0,20B_P4_TURNCTL_v0,-0.0146549819574,-0.00127233475509
F_MIX333_XD6_R100_C020,2025-09,reference_net,2025-09-30,12282344.9837,12113263.7739,-0.0137661993719,True,20B_P4_top_region_hysteresis_partial_rebalance_turnover_control_v0,20B_P4_TURNCTL_v0,-0.0148953122943,-0.00112911292242
F_MIX333_XD6_R100_C020,2025-10,gross_shadow,2025-10-31,12161524,12408024,0.0202688413064,False,20B_P4_top_region_hysteresis_partial_rebalance_turnover_control_v0,20B_P4_TURNCTL_v0,0.0176421257991,-0.00262671550726
F_MIX333_XD6_R100_C020,2025-10,reference_net,2025-10-31,12113263.7739,12355945.0113,0.0200343393787,False,20B_P4_top_region_hysteresis_partial_rebalance_turnover_control_v0,20B_P4_TURNCTL_v0,0.017504769152,-0.00252957022668
F_MIX333_XD6_R100_C020,2025-11,gross_shadow,2025-11-28,12408024,12241876,-0.0133903673945,False,20B_P4_top_region_hysteresis_partial_rebalance_turnover_control_v0,20B_P4_TURNCTL_v0,-0.00968857869009,0.00370178870443
F_MIX333_XD6_R100_C020,2025-11,reference_net,2025-11-28,12355945.0113,12186210.1721,-0.0137370989523,False,20B_P4_top_region_hysteresis_partial_rebalance_turnover_control_v0,20B_P4_TURNCTL_v0,-0.00995710204626,0.00377999690606
F_MIX333_XD6_R100_C020,2025-12,gross_shadow,2025-12-31,12241876,12451894,0.0171557039134,False,20B_P4_top_region_hysteresis_partial_rebalance_turnover_control_v0,20B_P4_TURNCTL_v0,0.0171802536106,2.45496972187e-05
F_MIX333_XD6_R100_C020,2025-12,reference_net,2025-12-31,12186210.1721,12393679.1465,0.0170248971149,False,20B_P4_top_region_hysteresis_partial_rebalance_turnover_control_v0,20B_P4_TURNCTL_v0,0.0170218081883,-3.08892663536e-06
F_MIX333_XD6_R100_C020,2026-01,gross_shadow,2026-01-30,12451894,12592655,0.0113043846984,False,20B_P4_top_region_hysteresis_partial_rebalance_turnover_control_v0,20B_P4_TURNCTL_v0,0.0150287676854,0.00372438298695
F_MIX333_XD6_R100_C020,2026-01,reference_net,2026-01-30,12393679.1465,12531810.445,0.0111453021268,False,20B_P4_top_region_hysteresis_partial_rebalance_turnover_control_v0,20B_P4_TURNCTL_v0,0.0148684959055,0.00372319377869
F_MIX333_XD6_R100_C020,2026-02,gross_shadow,2026-02-27,12592655,12845562,0.0200836916441,False,20B_P4_top_region_hysteresis_partial_rebalance_turnover_control_v0,20B_P4_TURNCTL_v0,0.020391049042,0.000307357397972
F_MIX333_XD6_R100_C020,2026-02,reference_net,2026-02-27,12531810.445,12782260.5696,0.0199851510473,False,20B_P4_top_region_hysteresis_partial_rebalance_turnover_control_v0,20B_P4_TURNCTL_v0,0.0202325528075,0.00024740176013
F_MIX333_XD6_R100_C020,2026-03,gross_shadow,2026-03-31,12845562,12527778,-0.0247388164099,False,20B_P4_top_region_hysteresis_partial_rebalance_turnover_control_v0,20B_P4_TURNCTL_v0,-0.0159986324444,0.0087401839655
F_MIX333_XD6_R100_C020,2026-03,reference_net,2026-03-31,12782260.5696,12462194.6451,-0.0250398529091,False,20B_P4_top_region_hysteresis_partial_rebalance_turnover_control_v0,20B_P4_TURNCTL_v0,-0.0162685275383,0.00877132537081
F_MIX333_XD6_R100_C020,2026-04,gross_shadow,2026-04-30,12527778,12582933,0.00440261632989,True,20B_P4_top_region_hysteresis_partial_rebalance_turnover_control_v0,20B_P4_TURNCTL_v0,0.0130737020465,0.00867108571659
F_MIX333_XD6_R100_C020,2026-04,reference_net,2026-04-30,12462194.6451,12514892.4366,0.00422861245315,True,20B_P4_top_region_hysteresis_partial_rebalance_turnover_control_v0,20B_P4_TURNCTL_v0,0.0128697478741,0.00864113542091
F_MIX333_XD6_R100_C030,2024-08,gross_shadow,2024-08-30,10000000,9668592,-0.0331408,False,20B_P4_top_region_hysteresis_partial_rebalance_turnover_control_v0,20B_P4_TURNCTL_v0,-0.0332539,-0.0001131
F_MIX333_XD6_R100_C030,2024-08,reference_net,2024-08-30,10000000,9661124.5516,-0.03388754484,False,20B_P4_top_region_hysteresis_partial_rebalance_turnover_control_v0,20B_P4_TURNCTL_v0,-0.03400009916,-0.00011255432
F_MIX333_XD6_R100_C030,2024-09,gross_shadow,2024-09-30,9668592,11409179,0.18002486815,False,20B_P4_top_region_hysteresis_partial_rebalance_turnover_control_v0,20B_P4_TURNCTL_v0,0.158862601049,-0.0211622671014
F_MIX333_XD6_R100_C030,2024-09,reference_net,2024-09-30,9661124.5516,11398367.557,0.179817887253,False,20B_P4_top_region_hysteresis_partial_rebalance_turnover_control_v0,20B_P4_TURNCTL_v0,0.158765209196,-0.0210526780575
F_MIX333_XD6_R100_C030,2024-10,gross_shadow,2024-10-31,11409179,10851906,-0.0488442682861,True,20B_P4_top_region_hysteresis_partial_rebalance_turnover_control_v0,20B_P4_TURNCTL_v0,-0.0417565103154,0.00708775797065
F_MIX333_XD6_R100_C030,2024-10,reference_net,2024-10-31,11398367.557,10836952.7698,-0.0492539641615,True,20B_P4_top_region_hysteresis_partial_rebalance_turnover_control_v0,20B_P4_TURNCTL_v0,-0.0419999329509,0.00725403121059
F_MIX333_XD6_R100_C030,2024-11,gross_shadow,2024-11-29,10851906,10955925,0.00958532077222,False,20B_P4_top_region_hysteresis_partial_rebalance_turnover_control_v0,20B_P4_TURNCTL_v0,0.00743434136436,-0.00215097940786
F_MIX333_XD6_R100_C030,2024-11,reference_net,2024-11-29,10836952.7698,10938332.3202,0.00935498682456,False,20B_P4_top_region_hysteresis_partial_rebalance_turnover_control_v0,20B_P4_TURNCTL_v0,0.00728422719772,-0.00207075962684
F_MIX333_XD6_R100_C030,2024-12,gross_shadow,2024-12-31,10955925,11295741,0.0310166416802,False,20B_P4_top_region_hysteresis_partial_rebalance_turnover_control_v0,20B_P4_TURNCTL_v0,0.023651486543,-0.00736515513724
F_MIX333_XD6_R100_C030,2024-12,reference_net,2024-12-31,10938332.3202,11275577.1743,0.0308314690254,False,20B_P4_top_region_hysteresis_partial_rebalance_turnover_control_v0,20B_P4_TURNCTL_v0,0.0235057852708,-0.00732568375467
F_MIX333_XD6_R100_C030,2025-01,gross_shadow,2025-01-27,11295741,10991179,-0.0269625516378,False,20B_P4_top_region_hysteresis_partial_rebalance_turnover_control_v0,20B_P4_TURNCTL_v0,-0.0159349720686,0.0110275795692
F_MIX333_XD6_R100_C030,2025-01,reference_net,2025-01-27,11275577.1743,10968358.9694,-0.0272463396056,False,20B_P4_top_region_hysteresis_partial_rebalance_turnover_control_v0,20B_P4_TURNCTL_v0,-0.0161371317804,0.0111092078251
F_MIX333_XD6_R100_C030,2025-02,gross_shadow,2025-02-28,10991179,10858402,-0.012080323685,True,20B_P4_top_region_hysteresis_partial_rebalance_turnover_control_v0,20B_P4_TURNCTL_v0,-0.0079087507335,0.00417157295152
F_MIX333_XD6_R100_C030,2025-02,reference_net,2025-02-28,10968358.9694,10833502.9207,-0.0122950068517,True,20B_P4_top_region_hysteresis_partial_rebalance_turnover_control_v0,20B_P4_TURNCTL_v0,-0.00809581661659,0.00419919023508
F_MIX333_XD6_R100_C030,2025-03,gross_shadow,2025-03-31,10858402,11020317,0.0149114943433,False,20B_P4_top_region_hysteresis_partial_rebalance_turnover_control_v0,20B_P4_TURNCTL_v0,0.0133980936076,-0.00151340073565
F_MIX333_XD6_R100_C030,2025-03,reference_net,2025-03-31,10833502.9207,10992060.338,0.0146358401738,False,20B_P4_top_region_hysteresis_partial_rebalance_turnover_control_v0,20B_P4_TURNCTL_v0,0.0132233978829,-0.00141244229098
F_MIX333_XD6_R100_C030,2025-04,gross_shadow,2025-04-30,11020317,10840252,-0.0163393666444,False,20B_P4_top_region_hysteresis_partial_rebalance_turnover_control_v0,20B_P4_TURNCTL_v0,-0.0157743458108,0.000565020833583
F_MIX333_XD6_R100_C030,2025-04,reference_net,2025-04-30,10992060.338,10808425.2677,-0.0167061555909,False,20B_P4_top_region_hysteresis_partial_rebalance_turnover_control_v0,20B_P4_TURNCTL_v0,-0.0159994675217,0.000706688069118
F_MIX333_XD6_R100_C030,2025-05,gross_shadow,2025-05-30,10840252,11189406,0.032209029827,False,20B_P4_top_region_hysteresis_partial_rebalance_turnover_control_v0,20B_P4_TURNCTL_v0,0.0218567581682,-0.0103522716588
F_MIX333_XD6_R100_C030,2025-05,reference_net,2025-05-30,10808425.2677,11154759.3351,0.0320429719217,False,20B_P4_top_region_hysteresis_partial_rebalance_turnover_control_v0,20B_P4_TURNCTL_v0,0.021723831916,-0.0103191400056
F_MIX333_XD6_R100_C030,2025-06,gross_shadow,2025-06-30,11189406,11481993,0.0261485730342,False,20B_P4_top_region_hysteresis_partial_rebalance_turnover_control_v0,20B_P4_TURNCTL_v0,0.0120373412204,-0.0141112318137
F_MIX333_XD6_R100_C030,2025-06,reference_net,2025-06-30,11154759.3351,11444509.2898,0.0259754554981,False,20B_P4_top_region_hysteresis_partial_rebalance_turnover_control_v0,20B_P4_TURNCTL_v0,0.0118812499438,-0.0140942055543
F_MIX333_XD6_R100_C030,2025-07,gross_shadow,2025-07-31,11481993,11794795,0.0272428314492,False,20B_P4_top_region_hysteresis_partial_rebalance_turnover_control_v0,20B_P4_TURNCTL_v0,0.0159705014252,-0.011272330024
F_MIX333_XD6_R100_C030,2025-07,reference_net,2025-07-31,11444509.2898,11754464.5734,0.027083317932,False,20B_P4_top_region_hysteresis_partial_rebalance_turnover_control_v0,20B_P4_TURNCTL_v0,0.0158245945545,-0.0112587233775
F_MIX333_XD6_R100_C030,2025-08,gross_shadow,2025-08-29,11794795,12326485,0.0450783587167,True,20B_P4_top_region_hysteresis_partial_rebalance_turnover_control_v0,20B_P4_TURNCTL_v0,0.0214107382381,-0.0236676204786
F_MIX333_XD6_R100_C030,2025-08,reference_net,2025-08-29,11754464.5734,12282344.9837,0.0449089286009,True,20B_P4_top_region_hysteresis_partial_rebalance_turnover_control_v0,20B_P4_TURNCTL_v0,0.0212920604186,-0.0236168681823
F_MIX333_XD6_R100_C030,2025-09,gross_shadow,2025-09-30,12326485,12161524,-0.0133826472023,True,20B_P4_top_region_hysteresis_partial_rebalance_turnover_control_v0,20B_P4_TURNCTL_v0,-0.0146549819574,-0.00127233475509
F_MIX333_XD6_R100_C030,2025-09,reference_net,2025-09-30,12282344.9837,12113263.7739,-0.0137661993719,True,20B_P4_top_region_hysteresis_partial_rebalance_turnover_control_v0,20B_P4_TURNCTL_v0,-0.0148953122943,-0.00112911292242
F_MIX333_XD6_R100_C030,2025-10,gross_shadow,2025-10-31,12161524,12408024,0.0202688413064,False,20B_P4_top_region_hysteresis_partial_rebalance_turnover_control_v0,20B_P4_TURNCTL_v0,0.0176421257991,-0.00262671550726
F_MIX333_XD6_R100_C030,2025-10,reference_net,2025-10-31,12113263.7739,12355945.0113,0.0200343393787,False,20B_P4_top_region_hysteresis_partial_rebalance_turnover_control_v0,20B_P4_TURNCTL_v0,0.017504769152,-0.00252957022668
F_MIX333_XD6_R100_C030,2025-11,gross_shadow,2025-11-28,12408024,12135409,-0.0219708633703,False,20B_P4_top_region_hysteresis_partial_rebalance_turnover_control_v0,20B_P4_TURNCTL_v0,-0.00968857869009,0.0122822846803
F_MIX333_XD6_R100_C030,2025-11,reference_net,2025-11-28,12355945.0113,12076808.8543,-0.0225912430602,False,20B_P4_top_region_hysteresis_partial_rebalance_turnover_control_v0,20B_P4_TURNCTL_v0,-0.00995710204626,0.012634141014
F_MIX333_XD6_R100_C030,2025-12,gross_shadow,2025-12-31,12135409,12575200,0.0362403113072,False,20B_P4_top_region_hysteresis_partial_rebalance_turnover_control_v0,20B_P4_TURNCTL_v0,0.0171802536106,-0.0190600576966
F_MIX333_XD6_R100_C030,2025-12,reference_net,2025-12-31,12076808.8543,12512513.8373,0.0360778238834,False,20B_P4_top_region_hysteresis_partial_rebalance_turnover_control_v0,20B_P4_TURNCTL_v0,0.0170218081883,-0.0190560156951
F_MIX333_XD6_R100_C030,2026-01,gross_shadow,2026-01-30,12575200,13198211,0.0495428303327,False,20B_P4_top_region_hysteresis_partial_rebalance_turnover_control_v0,20B_P4_TURNCTL_v0,0.0150287676854,-0.0345140626473
F_MIX333_XD6_R100_C030,2026-01,reference_net,2026-01-30,12512513.8373,13129927.5756,0.0493437007407,False,20B_P4_top_region_hysteresis_partial_rebalance_turnover_control_v0,20B_P4_TURNCTL_v0,0.0148684959055,-0.0344752048352
F_MIX333_XD6_R100_C030,2026-02,gross_shadow,2026-02-27,13198211,13716003,0.0392319837893,False,20B_P4_top_region_hysteresis_partial_rebalance_turnover_control_v0,20B_P4_TURNCTL_v0,0.020391049042,-0.0188409347473
F_MIX333_XD6_R100_C030,2026-02,reference_net,2026-02-27,13129927.5756,13640941.1271,0.0389197540237,False,20B_P4_top_region_hysteresis_partial_rebalance_turnover_control_v0,20B_P4_TURNCTL_v0,0.0202325528075,-0.0186872012163
F_MIX333_XD6_R100_C030,2026-03,gross_shadow,2026-03-31,13716003,13065026,-0.0474611298933,False,20B_P4_top_region_hysteresis_partial_rebalance_turnover_control_v0,20B_P4_TURNCTL_v0,-0.0159986324444,0.0314624974489
F_MIX333_XD6_R100_C030,2026-03,reference_net,2026-03-31,13640941.1271,12985386.6508,-0.0480578627442,False,20B_P4_top_region_hysteresis_partial_rebalance_turnover_control_v0,20B_P4_TURNCTL_v0,-0.0162685275383,0.0317893352059
F_MIX333_XD6_R100_C030,2026-04,gross_shadow,2026-04-30,13065026,13401573,0.0257593823388,True,20B_P4_top_region_hysteresis_partial_rebalance_turnover_control_v0,20B_P4_TURNCTL_v0,0.0130737020465,-0.0126856802923
F_MIX333_XD6_R100_C030,2026-04,reference_net,2026-04-30,12985386.6508,13316215.0017,0.0254769734508,True,20B_P4_top_region_hysteresis_partial_rebalance_turnover_control_v0,20B_P4_TURNCTL_v0,0.0128697478741,-0.0126072255768
F_MIX333_XD6_R100_C040,2024-08,gross_shadow,2024-08-30,10000000,9668592,-0.0331408,False,20B_P4_top_region_hysteresis_partial_rebalance_turnover_control_v0,20B_P4_TURNCTL_v0,-0.0332539,-0.0001131
F_MIX333_XD6_R100_C040,2024-08,reference_net,2024-08-30,10000000,9661124.5516,-0.03388754484,False,20B_P4_top_region_hysteresis_partial_rebalance_turnover_control_v0,20B_P4_TURNCTL_v0,-0.03400009916,-0.00011255432
F_MIX333_XD6_R100_C040,2024-09,gross_shadow,2024-09-30,9668592,11409179,0.18002486815,False,20B_P4_top_region_hysteresis_partial_rebalance_turnover_control_v0,20B_P4_TURNCTL_v0,0.158862601049,-0.0211622671014
F_MIX333_XD6_R100_C040,2024-09,reference_net,2024-09-30,9661124.5516,11398367.557,0.179817887253,False,20B_P4_top_region_hysteresis_partial_rebalance_turnover_control_v0,20B_P4_TURNCTL_v0,0.158765209196,-0.0210526780575
F_MIX333_XD6_R100_C040,2024-10,gross_shadow,2024-10-31,11409179,10851906,-0.0488442682861,True,20B_P4_top_region_hysteresis_partial_rebalance_turnover_control_v0,20B_P4_TURNCTL_v0,-0.0417565103154,0.00708775797065
F_MIX333_XD6_R100_C040,2024-10,reference_net,2024-10-31,11398367.557,10836952.7698,-0.0492539641615,True,20B_P4_top_region_hysteresis_partial_rebalance_turnover_control_v0,20B_P4_TURNCTL_v0,-0.0419999329509,0.00725403121059
F_MIX333_XD6_R100_C040,2024-11,gross_shadow,2024-11-29,10851906,10955925,0.00958532077222,False,20B_P4_top_region_hysteresis_partial_rebalance_turnover_control_v0,20B_P4_TURNCTL_v0,0.00743434136436,-0.00215097940786
F_MIX333_XD6_R100_C040,2024-11,reference_net,2024-11-29,10836952.7698,10938332.3202,0.00935498682456,False,20B_P4_top_region_hysteresis_partial_rebalance_turnover_control_v0,20B_P4_TURNCTL_v0,0.00728422719772,-0.00207075962684
F_MIX333_XD6_R100_C040,2024-12,gross_shadow,2024-12-31,10955925,11295741,0.0310166416802,False,20B_P4_top_region_hysteresis_partial_rebalance_turnover_control_v0,20B_P4_TURNCTL_v0,0.023651486543,-0.00736515513724
F_MIX333_XD6_R100_C040,2024-12,reference_net,2024-12-31,10938332.3202,11275577.1743,0.0308314690254,False,20B_P4_top_region_hysteresis_partial_rebalance_turnover_control_v0,20B_P4_TURNCTL_v0,0.0235057852708,-0.00732568375467
F_MIX333_XD6_R100_C040,2025-01,gross_shadow,2025-01-27,11295741,10991179,-0.0269625516378,False,20B_P4_top_region_hysteresis_partial_rebalance_turnover_control_v0,20B_P4_TURNCTL_v0,-0.0159349720686,0.0110275795692
F_MIX333_XD6_R100_C040,2025-01,reference_net,2025-01-27,11275577.1743,10968358.9694,-0.0272463396056,False,20B_P4_top_region_hysteresis_partial_rebalance_turnover_control_v0,20B_P4_TURNCTL_v0,-0.0161371317804,0.0111092078251
F_MIX333_XD6_R100_C040,2025-02,gross_shadow,2025-02-28,10991179,10858402,-0.012080323685,True,20B_P4_top_region_hysteresis_partial_rebalance_turnover_control_v0,20B_P4_TURNCTL_v0,-0.0079087507335,0.00417157295152
F_MIX333_XD6_R100_C040,2025-02,reference_net,2025-02-28,10968358.9694,10833502.9207,-0.0122950068517,True,20B_P4_top_region_hysteresis_partial_rebalance_turnover_control_v0,20B_P4_TURNCTL_v0,-0.00809581661659,0.00419919023508
F_MIX333_XD6_R100_C040,2025-03,gross_shadow,2025-03-31,10858402,11020317,0.0149114943433,False,20B_P4_top_region_hysteresis_partial_rebalance_turnover_control_v0,20B_P4_TURNCTL_v0,0.0133980936076,-0.00151340073565
F_MIX333_XD6_R100_C040,2025-03,reference_net,2025-03-31,10833502.9207,10992060.338,0.0146358401738,False,20B_P4_top_region_hysteresis_partial_rebalance_turnover_control_v0,20B_P4_TURNCTL_v0,0.0132233978829,-0.00141244229098
F_MIX333_XD6_R100_C040,2025-04,gross_shadow,2025-04-30,11020317,10840252,-0.0163393666444,False,20B_P4_top_region_hysteresis_partial_rebalance_turnover_control_v0,20B_P4_TURNCTL_v0,-0.0157743458108,0.000565020833583
F_MIX333_XD6_R100_C040,2025-04,reference_net,2025-04-30,10992060.338,10808425.2677,-0.0167061555909,False,20B_P4_top_region_hysteresis_partial_rebalance_turnover_control_v0,20B_P4_TURNCTL_v0,-0.0159994675217,0.000706688069118
F_MIX333_XD6_R100_C040,2025-05,gross_shadow,2025-05-30,10840252,11189406,0.032209029827,False,20B_P4_top_region_hysteresis_partial_rebalance_turnover_control_v0,20B_P4_TURNCTL_v0,0.0218567581682,-0.0103522716588
F_MIX333_XD6_R100_C040,2025-05,reference_net,2025-05-30,10808425.2677,11154759.3351,0.0320429719217,False,20B_P4_top_region_hysteresis_partial_rebalance_turnover_control_v0,20B_P4_TURNCTL_v0,0.021723831916,-0.0103191400056
F_MIX333_XD6_R100_C040,2025-06,gross_shadow,2025-06-30,11189406,11481993,0.0261485730342,False,20B_P4_top_region_hysteresis_partial_rebalance_turnover_control_v0,20B_P4_TURNCTL_v0,0.0120373412204,-0.0141112318137
F_MIX333_XD6_R100_C040,2025-06,reference_net,2025-06-30,11154759.3351,11444509.2898,0.0259754554981,False,20B_P4_top_region_hysteresis_partial_rebalance_turnover_control_v0,20B_P4_TURNCTL_v0,0.0118812499438,-0.0140942055543
F_MIX333_XD6_R100_C040,2025-07,gross_shadow,2025-07-31,11481993,11794795,0.0272428314492,False,20B_P4_top_region_hysteresis_partial_rebalance_turnover_control_v0,20B_P4_TURNCTL_v0,0.0159705014252,-0.011272330024
F_MIX333_XD6_R100_C040,2025-07,reference_net,2025-07-31,11444509.2898,11754464.5734,0.027083317932,False,20B_P4_top_region_hysteresis_partial_rebalance_turnover_control_v0,20B_P4_TURNCTL_v0,0.0158245945545,-0.0112587233775
F_MIX333_XD6_R100_C040,2025-08,gross_shadow,2025-08-29,11794795,12326485,0.0450783587167,True,20B_P4_top_region_hysteresis_partial_rebalance_turnover_control_v0,20B_P4_TURNCTL_v0,0.0214107382381,-0.0236676204786
F_MIX333_XD6_R100_C040,2025-08,reference_net,2025-08-29,11754464.5734,12282344.9837,0.0449089286009,True,20B_P4_top_region_hysteresis_partial_rebalance_turnover_control_v0,20B_P4_TURNCTL_v0,0.0212920604186,-0.0236168681823
F_MIX333_XD6_R100_C040,2025-09,gross_shadow,2025-09-30,12326485,12161524,-0.0133826472023,True,20B_P4_top_region_hysteresis_partial_rebalance_turnover_control_v0,20B_P4_TURNCTL_v0,-0.0146549819574,-0.00127233475509
F_MIX333_XD6_R100_C040,2025-09,reference_net,2025-09-30,12282344.9837,12113263.7739,-0.0137661993719,True,20B_P4_top_region_hysteresis_partial_rebalance_turnover_control_v0,20B_P4_TURNCTL_v0,-0.0148953122943,-0.00112911292242
F_MIX333_XD6_R100_C040,2025-10,gross_shadow,2025-10-31,12161524,12408024,0.0202688413064,False,20B_P4_top_region_hysteresis_partial_rebalance_turnover_control_v0,20B_P4_TURNCTL_v0,0.0176421257991,-0.00262671550726
F_MIX333_XD6_R100_C040,2025-10,reference_net,2025-10-31,12113263.7739,12355945.0113,0.0200343393787,False,20B_P4_top_region_hysteresis_partial_rebalance_turnover_control_v0,20B_P4_TURNCTL_v0,0.017504769152,-0.00252957022668
F_MIX333_XD6_R100_C040,2025-11,gross_shadow,2025-11-28,12408024,12135409,-0.0219708633703,False,20B_P4_top_region_hysteresis_partial_rebalance_turnover_control_v0,20B_P4_TURNCTL_v0,-0.00968857869009,0.0122822846803
F_MIX333_XD6_R100_C040,2025-11,reference_net,2025-11-28,12355945.0113,12076808.8543,-0.0225912430602,False,20B_P4_top_region_hysteresis_partial_rebalance_turnover_control_v0,20B_P4_TURNCTL_v0,-0.00995710204626,0.012634141014
F_MIX333_XD6_R100_C040,2025-12,gross_shadow,2025-12-31,12135409,12575200,0.0362403113072,False,20B_P4_top_region_hysteresis_partial_rebalance_turnover_control_v0,20B_P4_TURNCTL_v0,0.0171802536106,-0.0190600576966
F_MIX333_XD6_R100_C040,2025-12,reference_net,2025-12-31,12076808.8543,12512513.8373,0.0360778238834,False,20B_P4_top_region_hysteresis_partial_rebalance_turnover_control_v0,20B_P4_TURNCTL_v0,0.0170218081883,-0.0190560156951
F_MIX333_XD6_R100_C040,2026-01,gross_shadow,2026-01-30,12575200,13198211,0.0495428303327,False,20B_P4_top_region_hysteresis_partial_rebalance_turnover_control_v0,20B_P4_TURNCTL_v0,0.0150287676854,-0.0345140626473
F_MIX333_XD6_R100_C040,2026-01,reference_net,2026-01-30,12512513.8373,13129927.5756,0.0493437007407,False,20B_P4_top_region_hysteresis_partial_rebalance_turnover_control_v0,20B_P4_TURNCTL_v0,0.0148684959055,-0.0344752048352
F_MIX333_XD6_R100_C040,2026-02,gross_shadow,2026-02-27,13198211,13716003,0.0392319837893,False,20B_P4_top_region_hysteresis_partial_rebalance_turnover_control_v0,20B_P4_TURNCTL_v0,0.020391049042,-0.0188409347473
F_MIX333_XD6_R100_C040,2026-02,reference_net,2026-02-27,13129927.5756,13640941.1271,0.0389197540237,False,20B_P4_top_region_hysteresis_partial_rebalance_turnover_control_v0,20B_P4_TURNCTL_v0,0.0202325528075,-0.0186872012163
F_MIX333_XD6_R100_C040,2026-03,gross_shadow,2026-03-31,13716003,13065026,-0.0474611298933,False,20B_P4_top_region_hysteresis_partial_rebalance_turnover_control_v0,20B_P4_TURNCTL_v0,-0.0159986324444,0.0314624974489
F_MIX333_XD6_R100_C040,2026-03,reference_net,2026-03-31,13640941.1271,12985386.6508,-0.0480578627442,False,20B_P4_top_region_hysteresis_partial_rebalance_turnover_control_v0,20B_P4_TURNCTL_v0,-0.0162685275383,0.0317893352059
F_MIX333_XD6_R100_C040,2026-04,gross_shadow,2026-04-30,13065026,13592127,0.0403444279407,True,20B_P4_top_region_hysteresis_partial_rebalance_turnover_control_v0,20B_P4_TURNCTL_v0,0.0130737020465,-0.0272707258942
F_MIX333_XD6_R100_C040,2026-04,reference_net,2026-04-30,12985386.6508,13504278.8737,0.0399597052329,True,20B_P4_top_region_hysteresis_partial_rebalance_turnover_control_v0,20B_P4_TURNCTL_v0,0.0128697478741,-0.0270899573589
F_MIX333_XD6_R100_CNONE,2024-08,gross_shadow,2024-08-30,10000000,9668592,-0.0331408,False,20B_P4_top_region_hysteresis_partial_rebalance_turnover_control_v0,20B_P4_TURNCTL_v0,-0.0332539,-0.0001131
F_MIX333_XD6_R100_CNONE,2024-08,reference_net,2024-08-30,10000000,9661124.5516,-0.03388754484,False,20B_P4_top_region_hysteresis_partial_rebalance_turnover_control_v0,20B_P4_TURNCTL_v0,-0.03400009916,-0.00011255432
F_MIX333_XD6_R100_CNONE,2024-09,gross_shadow,2024-09-30,9668592,11409179,0.18002486815,False,20B_P4_top_region_hysteresis_partial_rebalance_turnover_control_v0,20B_P4_TURNCTL_v0,0.158862601049,-0.0211622671014
F_MIX333_XD6_R100_CNONE,2024-09,reference_net,2024-09-30,9661124.5516,11398367.557,0.179817887253,False,20B_P4_top_region_hysteresis_partial_rebalance_turnover_control_v0,20B_P4_TURNCTL_v0,0.158765209196,-0.0210526780575
F_MIX333_XD6_R100_CNONE,2024-10,gross_shadow,2024-10-31,11409179,10851906,-0.0488442682861,True,20B_P4_top_region_hysteresis_partial_rebalance_turnover_control_v0,20B_P4_TURNCTL_v0,-0.0417565103154,0.00708775797065
F_MIX333_XD6_R100_CNONE,2024-10,reference_net,2024-10-31,11398367.557,10836952.7698,-0.0492539641615,True,20B_P4_top_region_hysteresis_partial_rebalance_turnover_control_v0,20B_P4_TURNCTL_v0,-0.0419999329509,0.00725403121059
F_MIX333_XD6_R100_CNONE,2024-11,gross_shadow,2024-11-29,10851906,10955925,0.00958532077222,False,20B_P4_top_region_hysteresis_partial_rebalance_turnover_control_v0,20B_P4_TURNCTL_v0,0.00743434136436,-0.00215097940786
F_MIX333_XD6_R100_CNONE,2024-11,reference_net,2024-11-29,10836952.7698,10938332.3202,0.00935498682456,False,20B_P4_top_region_hysteresis_partial_rebalance_turnover_control_v0,20B_P4_TURNCTL_v0,0.00728422719772,-0.00207075962684
F_MIX333_XD6_R100_CNONE,2024-12,gross_shadow,2024-12-31,10955925,11295741,0.0310166416802,False,20B_P4_top_region_hysteresis_partial_rebalance_turnover_control_v0,20B_P4_TURNCTL_v0,0.023651486543,-0.00736515513724
F_MIX333_XD6_R100_CNONE,2024-12,reference_net,2024-12-31,10938332.3202,11275577.1743,0.0308314690254,False,20B_P4_top_region_hysteresis_partial_rebalance_turnover_control_v0,20B_P4_TURNCTL_v0,0.0235057852708,-0.00732568375467
F_MIX333_XD6_R100_CNONE,2025-01,gross_shadow,2025-01-27,11295741,10991179,-0.0269625516378,False,20B_P4_top_region_hysteresis_partial_rebalance_turnover_control_v0,20B_P4_TURNCTL_v0,-0.0159349720686,0.0110275795692
F_MIX333_XD6_R100_CNONE,2025-01,reference_net,2025-01-27,11275577.1743,10968358.9694,-0.0272463396056,False,20B_P4_top_region_hysteresis_partial_rebalance_turnover_control_v0,20B_P4_TURNCTL_v0,-0.0161371317804,0.0111092078251
F_MIX333_XD6_R100_CNONE,2025-02,gross_shadow,2025-02-28,10991179,10858402,-0.012080323685,True,20B_P4_top_region_hysteresis_partial_rebalance_turnover_control_v0,20B_P4_TURNCTL_v0,-0.0079087507335,0.00417157295152
F_MIX333_XD6_R100_CNONE,2025-02,reference_net,2025-02-28,10968358.9694,10833502.9207,-0.0122950068517,True,20B_P4_top_region_hysteresis_partial_rebalance_turnover_control_v0,20B_P4_TURNCTL_v0,-0.00809581661659,0.00419919023508
F_MIX333_XD6_R100_CNONE,2025-03,gross_shadow,2025-03-31,10858402,11020317,0.0149114943433,False,20B_P4_top_region_hysteresis_partial_rebalance_turnover_control_v0,20B_P4_TURNCTL_v0,0.0133980936076,-0.00151340073565
F_MIX333_XD6_R100_CNONE,2025-03,reference_net,2025-03-31,10833502.9207,10992060.338,0.0146358401738,False,20B_P4_top_region_hysteresis_partial_rebalance_turnover_control_v0,20B_P4_TURNCTL_v0,0.0132233978829,-0.00141244229098
F_MIX333_XD6_R100_CNONE,2025-04,gross_shadow,2025-04-30,11020317,10840252,-0.0163393666444,False,20B_P4_top_region_hysteresis_partial_rebalance_turnover_control_v0,20B_P4_TURNCTL_v0,-0.0157743458108,0.000565020833583
F_MIX333_XD6_R100_CNONE,2025-04,reference_net,2025-04-30,10992060.338,10808425.2677,-0.0167061555909,False,20B_P4_top_region_hysteresis_partial_rebalance_turnover_control_v0,20B_P4_TURNCTL_v0,-0.0159994675217,0.000706688069118
F_MIX333_XD6_R100_CNONE,2025-05,gross_shadow,2025-05-30,10840252,11189406,0.032209029827,False,20B_P4_top_region_hysteresis_partial_rebalance_turnover_control_v0,20B_P4_TURNCTL_v0,0.0218567581682,-0.0103522716588
F_MIX333_XD6_R100_CNONE,2025-05,reference_net,2025-05-30,10808425.2677,11154759.3351,0.0320429719217,False,20B_P4_top_region_hysteresis_partial_rebalance_turnover_control_v0,20B_P4_TURNCTL_v0,0.021723831916,-0.0103191400056
F_MIX333_XD6_R100_CNONE,2025-06,gross_shadow,2025-06-30,11189406,11481993,0.0261485730342,False,20B_P4_top_region_hysteresis_partial_rebalance_turnover_control_v0,20B_P4_TURNCTL_v0,0.0120373412204,-0.0141112318137
F_MIX333_XD6_R100_CNONE,2025-06,reference_net,2025-06-30,11154759.3351,11444509.2898,0.0259754554981,False,20B_P4_top_region_hysteresis_partial_rebalance_turnover_control_v0,20B_P4_TURNCTL_v0,0.0118812499438,-0.0140942055543
F_MIX333_XD6_R100_CNONE,2025-07,gross_shadow,2025-07-31,11481993,11794795,0.0272428314492,False,20B_P4_top_region_hysteresis_partial_rebalance_turnover_control_v0,20B_P4_TURNCTL_v0,0.0159705014252,-0.011272330024
F_MIX333_XD6_R100_CNONE,2025-07,reference_net,2025-07-31,11444509.2898,11754464.5734,0.027083317932,False,20B_P4_top_region_hysteresis_partial_rebalance_turnover_control_v0,20B_P4_TURNCTL_v0,0.0158245945545,-0.0112587233775
F_MIX333_XD6_R100_CNONE,2025-08,gross_shadow,2025-08-29,11794795,12326485,0.0450783587167,True,20B_P4_top_region_hysteresis_partial_rebalance_turnover_control_v0,20B_P4_TURNCTL_v0,0.0214107382381,-0.0236676204786
F_MIX333_XD6_R100_CNONE,2025-08,reference_net,2025-08-29,11754464.5734,12282344.9837,0.0449089286009,True,20B_P4_top_region_hysteresis_partial_rebalance_turnover_control_v0,20B_P4_TURNCTL_v0,0.0212920604186,-0.0236168681823
F_MIX333_XD6_R100_CNONE,2025-09,gross_shadow,2025-09-30,12326485,12161524,-0.0133826472023,True,20B_P4_top_region_hysteresis_partial_rebalance_turnover_control_v0,20B_P4_TURNCTL_v0,-0.0146549819574,-0.00127233475509
F_MIX333_XD6_R100_CNONE,2025-09,reference_net,2025-09-30,12282344.9837,12113263.7739,-0.0137661993719,True,20B_P4_top_region_hysteresis_partial_rebalance_turnover_control_v0,20B_P4_TURNCTL_v0,-0.0148953122943,-0.00112911292242
F_MIX333_XD6_R100_CNONE,2025-10,gross_shadow,2025-10-31,12161524,12408024,0.0202688413064,False,20B_P4_top_region_hysteresis_partial_rebalance_turnover_control_v0,20B_P4_TURNCTL_v0,0.0176421257991,-0.00262671550726
F_MIX333_XD6_R100_CNONE,2025-10,reference_net,2025-10-31,12113263.7739,12355945.0113,0.0200343393787,False,20B_P4_top_region_hysteresis_partial_rebalance_turnover_control_v0,20B_P4_TURNCTL_v0,0.017504769152,-0.00252957022668
F_MIX333_XD6_R100_CNONE,2025-11,gross_shadow,2025-11-28,12408024,12135409,-0.0219708633703,False,20B_P4_top_region_hysteresis_partial_rebalance_turnover_control_v0,20B_P4_TURNCTL_v0,-0.00968857869009,0.0122822846803
F_MIX333_XD6_R100_CNONE,2025-11,reference_net,2025-11-28,12355945.0113,12076808.8543,-0.0225912430602,False,20B_P4_top_region_hysteresis_partial_rebalance_turnover_control_v0,20B_P4_TURNCTL_v0,-0.00995710204626,0.012634141014
F_MIX333_XD6_R100_CNONE,2025-12,gross_shadow,2025-12-31,12135409,12575200,0.0362403113072,False,20B_P4_top_region_hysteresis_partial_rebalance_turnover_control_v0,20B_P4_TURNCTL_v0,0.0171802536106,-0.0190600576966
F_MIX333_XD6_R100_CNONE,2025-12,reference_net,2025-12-31,12076808.8543,12512513.8373,0.0360778238834,False,20B_P4_top_region_hysteresis_partial_rebalance_turnover_control_v0,20B_P4_TURNCTL_v0,0.0170218081883,-0.0190560156951
F_MIX333_XD6_R100_CNONE,2026-01,gross_shadow,2026-01-30,12575200,13198211,0.0495428303327,False,20B_P4_top_region_hysteresis_partial_rebalance_turnover_control_v0,20B_P4_TURNCTL_v0,0.0150287676854,-0.0345140626473
F_MIX333_XD6_R100_CNONE,2026-01,reference_net,2026-01-30,12512513.8373,13129927.5756,0.0493437007407,False,20B_P4_top_region_hysteresis_partial_rebalance_turnover_control_v0,20B_P4_TURNCTL_v0,0.0148684959055,-0.0344752048352
F_MIX333_XD6_R100_CNONE,2026-02,gross_shadow,2026-02-27,13198211,13716003,0.0392319837893,False,20B_P4_top_region_hysteresis_partial_rebalance_turnover_control_v0,20B_P4_TURNCTL_v0,0.020391049042,-0.0188409347473
F_MIX333_XD6_R100_CNONE,2026-02,reference_net,2026-02-27,13129927.5756,13640941.1271,0.0389197540237,False,20B_P4_top_region_hysteresis_partial_rebalance_turnover_control_v0,20B_P4_TURNCTL_v0,0.0202325528075,-0.0186872012163
F_MIX333_XD6_R100_CNONE,2026-03,gross_shadow,2026-03-31,13716003,13065026,-0.0474611298933,False,20B_P4_top_region_hysteresis_partial_rebalance_turnover_control_v0,20B_P4_TURNCTL_v0,-0.0159986324444,0.0314624974489
F_MIX333_XD6_R100_CNONE,2026-03,reference_net,2026-03-31,13640941.1271,12985386.6508,-0.0480578627442,False,20B_P4_top_region_hysteresis_partial_rebalance_turnover_control_v0,20B_P4_TURNCTL_v0,-0.0162685275383,0.0317893352059
F_MIX333_XD6_R100_CNONE,2026-04,gross_shadow,2026-04-30,13065026,13592127,0.0403444279407,True,20B_P4_top_region_hysteresis_partial_rebalance_turnover_control_v0,20B_P4_TURNCTL_v0,0.0130737020465,-0.0272707258942
F_MIX333_XD6_R100_CNONE,2026-04,reference_net,2026-04-30,12985386.6508,13504278.8737,0.0399597052329,True,20B_P4_top_region_hysteresis_partial_rebalance_turnover_control_v0,20B_P4_TURNCTL_v0,0.0128697478741,-0.0270899573589
F_MIX333_XD7_R025_C020,2024-08,gross_shadow,2024-08-30,10000000,9668592,-0.0331408,False,20B_P4_top_region_hysteresis_partial_rebalance_turnover_control_v0,20B_P4_TURNCTL_v0,-0.0332539,-0.0001131
F_MIX333_XD7_R025_C020,2024-08,reference_net,2024-08-30,10000000,9661124.5516,-0.03388754484,False,20B_P4_top_region_hysteresis_partial_rebalance_turnover_control_v0,20B_P4_TURNCTL_v0,-0.03400009916,-0.00011255432
F_MIX333_XD7_R025_C020,2024-09,gross_shadow,2024-09-30,9668592,11228407,0.161328040319,False,20B_P4_top_region_hysteresis_partial_rebalance_turnover_control_v0,20B_P4_TURNCTL_v0,0.158862601049,-0.00246543926957
F_MIX333_XD7_R025_C020,2024-09,reference_net,2024-09-30,9661124.5516,11219820.444,0.161336900693,False,20B_P4_top_region_hysteresis_partial_rebalance_turnover_control_v0,20B_P4_TURNCTL_v0,0.158765209196,-0.00257169149675
F_MIX333_XD7_R025_C020,2024-10,gross_shadow,2024-10-31,11228407,10722959,-0.045015112117,True,20B_P4_top_region_hysteresis_partial_rebalance_turnover_control_v0,20B_P4_TURNCTL_v0,-0.0417565103154,0.00325860180154
F_MIX333_XD7_R025_C020,2024-10,reference_net,2024-10-31,11219820.444,10713030.601,-0.0451691580522,True,20B_P4_top_region_hysteresis_partial_rebalance_turnover_control_v0,20B_P4_TURNCTL_v0,-0.0419999329509,0.00316922510126
F_MIX333_XD7_R025_C020,2024-11,gross_shadow,2024-11-29,10722959,10812468,0.0083474160444,False,20B_P4_top_region_hysteresis_partial_rebalance_turnover_control_v0,20B_P4_TURNCTL_v0,0.00743434136436,-0.000913074680038
F_MIX333_XD7_R025_C020,2024-11,reference_net,2024-11-29,10713030.601,10801535.3354,0.00826140965393,False,20B_P4_top_region_hysteresis_partial_rebalance_turnover_control_v0,20B_P4_TURNCTL_v0,0.00728422719772,-0.000977182456205
F_MIX333_XD7_R025_C020,2024-12,gross_shadow,2024-12-31,10812468,11087859,0.02546976324,False,20B_P4_top_region_hysteresis_partial_rebalance_turnover_control_v0,20B_P4_TURNCTL_v0,0.023651486543,-0.00181827669704
F_MIX333_XD7_R025_C020,2024-12,reference_net,2024-12-31,10801535.3354,11075789.1797,0.0253902649747,False,20B_P4_top_region_hysteresis_partial_rebalance_turnover_control_v0,20B_P4_TURNCTL_v0,0.0235057852708,-0.00188447970389
F_MIX333_XD7_R025_C020,2025-01,gross_shadow,2025-01-27,11087859,10908079,-0.0162141311501,False,20B_P4_top_region_hysteresis_partial_rebalance_turnover_control_v0,20B_P4_TURNCTL_v0,-0.0159349720686,0.000279159081503
F_MIX333_XD7_R025_C020,2025-01,reference_net,2025-01-27,11075789.1797,10894783.7802,-0.0163424381408,False,20B_P4_top_region_hysteresis_partial_rebalance_turnover_control_v0,20B_P4_TURNCTL_v0,-0.0161371317804,0.000205306360345
F_MIX333_XD7_R025_C020,2025-02,gross_shadow,2025-02-28,10908079,10823679,-0.00773738437355,True,20B_P4_top_region_hysteresis_partial_rebalance_turnover_control_v0,20B_P4_TURNCTL_v0,-0.0079087507335,-0.000171366359957
F_MIX333_XD7_R025_C020,2025-02,reference_net,2025-02-28,10894783.7802,10809315.8062,-0.00784485270788,True,20B_P4_top_region_hysteresis_partial_rebalance_turnover_control_v0,20B_P4_TURNCTL_v0,-0.00809581661659,-0.000250963908706
F_MIX333_XD7_R025_C020,2025-03,gross_shadow,2025-03-31,10823679,10965147,0.0130702324043,False,20B_P4_top_region_hysteresis_partial_rebalance_turnover_control_v0,20B_P4_TURNCTL_v0,0.0133980936076,0.000327861203287
F_MIX333_XD7_R025_C020,2025-03,reference_net,2025-03-31,10809315.8062,10949596.0273,0.0129777151159,False,20B_P4_top_region_hysteresis_partial_rebalance_turnover_control_v0,20B_P4_TURNCTL_v0,0.0132233978829,0.000245682766977
F_MIX333_XD7_R025_C020,2025-04,gross_shadow,2025-04-30,10965147,10806592,-0.0144599064655,False,20B_P4_top_region_hysteresis_partial_rebalance_turnover_control_v0,20B_P4_TURNCTL_v0,-0.0157743458108,-0.00131443934531
F_MIX333_XD7_R025_C020,2025-04,reference_net,2025-04-30,10949596.0273,10789878.2496,-0.014586636561,False,20B_P4_top_region_hysteresis_partial_rebalance_turnover_control_v0,20B_P4_TURNCTL_v0,-0.0159994675217,-0.00141283096073
F_MIX333_XD7_R025_C020,2025-05,gross_shadow,2025-05-30,10806592,11040055,0.0216037581506,False,20B_P4_top_region_hysteresis_partial_rebalance_turnover_control_v0,20B_P4_TURNCTL_v0,0.0218567581682,0.000253000017632
F_MIX333_XD7_R025_C020,2025-05,reference_net,2025-05-30,10789878.2496,11022081.7431,0.0215204924652,False,20B_P4_top_region_hysteresis_partial_rebalance_turnover_control_v0,20B_P4_TURNCTL_v0,0.021723831916,0.000203339450827
F_MIX333_XD7_R025_C020,2025-06,gross_shadow,2025-06-30,11040055,11174248,0.0121551024882,False,20B_P4_top_region_hysteresis_partial_rebalance_turnover_control_v0,20B_P4_TURNCTL_v0,0.0120373412204,-0.000117761267738
F_MIX333_XD7_R025_C020,2025-06,reference_net,2025-06-30,11022081.7431,11155012.536,0.0120604070935,False,20B_P4_top_region_hysteresis_partial_rebalance_turnover_control_v0,20B_P4_TURNCTL_v0,0.0118812499438,-0.000179157149704
F_MIX333_XD7_R025_C020,2025-07,gross_shadow,2025-07-31,11174248,11339444,0.0147836346571,False,20B_P4_top_region_hysteresis_partial_rebalance_turnover_control_v0,20B_P4_TURNCTL_v0,0.0159705014252,0.00118686676807
F_MIX333_XD7_R025_C020,2025-07,reference_net,2025-07-31,11155012.536,11318963.4965,0.0146975146869,False,20B_P4_top_region_hysteresis_partial_rebalance_turnover_control_v0,20B_P4_TURNCTL_v0,0.0158245945545,0.00112707986756
F_MIX333_XD7_R025_C020,2025-08,gross_shadow,2025-08-29,11339444,11547515,0.0183493123649,True,20B_P4_top_region_hysteresis_partial_rebalance_turnover_control_v0,20B_P4_TURNCTL_v0,0.0214107382381,0.00306142587321
F_MIX333_XD7_R025_C020,2025-08,reference_net,2025-08-29,11318963.4965,11525834.8684,0.0182765296401,True,20B_P4_top_region_hysteresis_partial_rebalance_turnover_control_v0,20B_P4_TURNCTL_v0,0.0212920604186,0.00301553077852
F_MIX333_XD7_R025_C020,2025-09,gross_shadow,2025-09-30,11547515,11387853,-0.0138265245813,True,20B_P4_top_region_hysteresis_partial_rebalance_turnover_control_v0,20B_P4_TURNCTL_v0,-0.0146549819574,-0.000828457376172
F_MIX333_XD7_R025_C020,2025-09,reference_net,2025-09-30,11525834.8684,11364971.7412,-0.0139567440499,True,20B_P4_top_region_hysteresis_partial_rebalance_turnover_control_v0,20B_P4_TURNCTL_v0,-0.0148953122943,-0.000938568244374
F_MIX333_XD7_R025_C020,2025-10,gross_shadow,2025-10-31,11387853,11592869,0.0180030423645,False,20B_P4_top_region_hysteresis_partial_rebalance_turnover_control_v0,20B_P4_TURNCTL_v0,0.0176421257991,-0.000360916565387
F_MIX333_XD7_R025_C020,2025-10,reference_net,2025-10-31,11364971.7412,11568679.3742,0.0179241653767,False,20B_P4_top_region_hysteresis_partial_rebalance_turnover_control_v0,20B_P4_TURNCTL_v0,0.017504769152,-0.000419396224655
F_MIX333_XD7_R025_C020,2025-11,gross_shadow,2025-11-28,11592869,11509002,-0.0072343610542,False,20B_P4_top_region_hysteresis_partial_rebalance_turnover_control_v0,20B_P4_TURNCTL_v0,-0.00968857869009,-0.0024542176359
F_MIX333_XD7_R025_C020,2025-11,reference_net,2025-11-28,11568679.3742,11483323.666,-0.00737817216377,False,20B_P4_top_region_hysteresis_partial_rebalance_turnover_control_v0,20B_P4_TURNCTL_v0,-0.00995710204626,-0.00257892988249
F_MIX333_XD7_R025_C020,2025-12,gross_shadow,2025-12-31,11509002,11661000,0.0132068792759,False,20B_P4_top_region_hysteresis_partial_rebalance_turnover_control_v0,20B_P4_TURNCTL_v0,0.0171802536106,0.00397337433468
F_MIX333_XD7_R025_C020,2025-12,reference_net,2025-12-31,11483323.666,11633812.2271,0.0131049655498,False,20B_P4_top_region_hysteresis_partial_rebalance_turnover_control_v0,20B_P4_TURNCTL_v0,0.0170218081883,0.00391684263852
F_MIX333_XD7_R025_C020,2026-01,gross_shadow,2026-01-30,11661000,11797111,0.0116723265586,False,20B_P4_top_region_hysteresis_partial_rebalance_turnover_control_v0,20B_P4_TURNCTL_v0,0.0150287676854,0.00335644112676
F_MIX333_XD7_R025_C020,2026-01,reference_net,2026-01-30,11633812.2271,11768485.4876,0.0115760215019,False,20B_P4_top_region_hysteresis_partial_rebalance_turnover_control_v0,20B_P4_TURNCTL_v0,0.0148684959055,0.00329247440357
F_MIX333_XD7_R025_C020,2026-02,gross_shadow,2026-02-27,11797111,11994810,0.0167582554746,False,20B_P4_top_region_hysteresis_partial_rebalance_turnover_control_v0,20B_P4_TURNCTL_v0,0.020391049042,0.00363279356745
F_MIX333_XD7_R025_C020,2026-02,reference_net,2026-02-27,11768485.4876,11964600.0316,0.0166643825348,False,20B_P4_top_region_hysteresis_partial_rebalance_turnover_control_v0,20B_P4_TURNCTL_v0,0.0202325528075,0.00356817027265
F_MIX333_XD7_R025_C020,2026-03,gross_shadow,2026-03-31,11994810,11772105,-0.0185667801324,False,20B_P4_top_region_hysteresis_partial_rebalance_turnover_control_v0,20B_P4_TURNCTL_v0,-0.0159986324444,0.00256814768801
F_MIX333_XD7_R025_C020,2026-03,reference_net,2026-03-31,11964600.0316,11740492.1427,-0.018730913549,False,20B_P4_top_region_hysteresis_partial_rebalance_turnover_control_v0,20B_P4_TURNCTL_v0,-0.0162685275383,0.00246238601071
F_MIX333_XD7_R025_C020,2026-04,gross_shadow,2026-04-30,11772105,11895572,0.0104880987725,True,20B_P4_top_region_hysteresis_partial_rebalance_turnover_control_v0,20B_P4_TURNCTL_v0,0.0130737020465,0.002585603274
F_MIX333_XD7_R025_C020,2026-04,reference_net,2026-04-30,11740492.1427,11862452.0689,0.0103879739203,True,20B_P4_top_region_hysteresis_partial_rebalance_turnover_control_v0,20B_P4_TURNCTL_v0,0.0128697478741,0.00248177395378
F_MIX333_XD7_R025_C030,2024-08,gross_shadow,2024-08-30,10000000,9668592,-0.0331408,False,20B_P4_top_region_hysteresis_partial_rebalance_turnover_control_v0,20B_P4_TURNCTL_v0,-0.0332539,-0.0001131
F_MIX333_XD7_R025_C030,2024-08,reference_net,2024-08-30,10000000,9661124.5516,-0.03388754484,False,20B_P4_top_region_hysteresis_partial_rebalance_turnover_control_v0,20B_P4_TURNCTL_v0,-0.03400009916,-0.00011255432
F_MIX333_XD7_R025_C030,2024-09,gross_shadow,2024-09-30,9668592,11228407,0.161328040319,False,20B_P4_top_region_hysteresis_partial_rebalance_turnover_control_v0,20B_P4_TURNCTL_v0,0.158862601049,-0.00246543926957
F_MIX333_XD7_R025_C030,2024-09,reference_net,2024-09-30,9661124.5516,11219820.444,0.161336900693,False,20B_P4_top_region_hysteresis_partial_rebalance_turnover_control_v0,20B_P4_TURNCTL_v0,0.158765209196,-0.00257169149675
F_MIX333_XD7_R025_C030,2024-10,gross_shadow,2024-10-31,11228407,10722959,-0.045015112117,True,20B_P4_top_region_hysteresis_partial_rebalance_turnover_control_v0,20B_P4_TURNCTL_v0,-0.0417565103154,0.00325860180154
F_MIX333_XD7_R025_C030,2024-10,reference_net,2024-10-31,11219820.444,10713030.601,-0.0451691580522,True,20B_P4_top_region_hysteresis_partial_rebalance_turnover_control_v0,20B_P4_TURNCTL_v0,-0.0419999329509,0.00316922510126
F_MIX333_XD7_R025_C030,2024-11,gross_shadow,2024-11-29,10722959,10812468,0.0083474160444,False,20B_P4_top_region_hysteresis_partial_rebalance_turnover_control_v0,20B_P4_TURNCTL_v0,0.00743434136436,-0.000913074680038
F_MIX333_XD7_R025_C030,2024-11,reference_net,2024-11-29,10713030.601,10801535.3354,0.00826140965393,False,20B_P4_top_region_hysteresis_partial_rebalance_turnover_control_v0,20B_P4_TURNCTL_v0,0.00728422719772,-0.000977182456205
F_MIX333_XD7_R025_C030,2024-12,gross_shadow,2024-12-31,10812468,11087859,0.02546976324,False,20B_P4_top_region_hysteresis_partial_rebalance_turnover_control_v0,20B_P4_TURNCTL_v0,0.023651486543,-0.00181827669704
F_MIX333_XD7_R025_C030,2024-12,reference_net,2024-12-31,10801535.3354,11075789.1797,0.0253902649747,False,20B_P4_top_region_hysteresis_partial_rebalance_turnover_control_v0,20B_P4_TURNCTL_v0,0.0235057852708,-0.00188447970389
F_MIX333_XD7_R025_C030,2025-01,gross_shadow,2025-01-27,11087859,10908079,-0.0162141311501,False,20B_P4_top_region_hysteresis_partial_rebalance_turnover_control_v0,20B_P4_TURNCTL_v0,-0.0159349720686,0.000279159081503
F_MIX333_XD7_R025_C030,2025-01,reference_net,2025-01-27,11075789.1797,10894783.7802,-0.0163424381408,False,20B_P4_top_region_hysteresis_partial_rebalance_turnover_control_v0,20B_P4_TURNCTL_v0,-0.0161371317804,0.000205306360345
F_MIX333_XD7_R025_C030,2025-02,gross_shadow,2025-02-28,10908079,10823679,-0.00773738437355,True,20B_P4_top_region_hysteresis_partial_rebalance_turnover_control_v0,20B_P4_TURNCTL_v0,-0.0079087507335,-0.000171366359957
F_MIX333_XD7_R025_C030,2025-02,reference_net,2025-02-28,10894783.7802,10809315.8062,-0.00784485270788,True,20B_P4_top_region_hysteresis_partial_rebalance_turnover_control_v0,20B_P4_TURNCTL_v0,-0.00809581661659,-0.000250963908706
F_MIX333_XD7_R025_C030,2025-03,gross_shadow,2025-03-31,10823679,10965147,0.0130702324043,False,20B_P4_top_region_hysteresis_partial_rebalance_turnover_control_v0,20B_P4_TURNCTL_v0,0.0133980936076,0.000327861203287
F_MIX333_XD7_R025_C030,2025-03,reference_net,2025-03-31,10809315.8062,10949596.0273,0.0129777151159,False,20B_P4_top_region_hysteresis_partial_rebalance_turnover_control_v0,20B_P4_TURNCTL_v0,0.0132233978829,0.000245682766977
F_MIX333_XD7_R025_C030,2025-04,gross_shadow,2025-04-30,10965147,10806592,-0.0144599064655,False,20B_P4_top_region_hysteresis_partial_rebalance_turnover_control_v0,20B_P4_TURNCTL_v0,-0.0157743458108,-0.00131443934531
F_MIX333_XD7_R025_C030,2025-04,reference_net,2025-04-30,10949596.0273,10789878.2496,-0.014586636561,False,20B_P4_top_region_hysteresis_partial_rebalance_turnover_control_v0,20B_P4_TURNCTL_v0,-0.0159994675217,-0.00141283096073
F_MIX333_XD7_R025_C030,2025-05,gross_shadow,2025-05-30,10806592,11040055,0.0216037581506,False,20B_P4_top_region_hysteresis_partial_rebalance_turnover_control_v0,20B_P4_TURNCTL_v0,0.0218567581682,0.000253000017632
F_MIX333_XD7_R025_C030,2025-05,reference_net,2025-05-30,10789878.2496,11022081.7431,0.0215204924652,False,20B_P4_top_region_hysteresis_partial_rebalance_turnover_control_v0,20B_P4_TURNCTL_v0,0.021723831916,0.000203339450827
F_MIX333_XD7_R025_C030,2025-06,gross_shadow,2025-06-30,11040055,11174248,0.0121551024882,False,20B_P4_top_region_hysteresis_partial_rebalance_turnover_control_v0,20B_P4_TURNCTL_v0,0.0120373412204,-0.000117761267738
F_MIX333_XD7_R025_C030,2025-06,reference_net,2025-06-30,11022081.7431,11155012.536,0.0120604070935,False,20B_P4_top_region_hysteresis_partial_rebalance_turnover_control_v0,20B_P4_TURNCTL_v0,0.0118812499438,-0.000179157149704
F_MIX333_XD7_R025_C030,2025-07,gross_shadow,2025-07-31,11174248,11339444,0.0147836346571,False,20B_P4_top_region_hysteresis_partial_rebalance_turnover_control_v0,20B_P4_TURNCTL_v0,0.0159705014252,0.00118686676807
F_MIX333_XD7_R025_C030,2025-07,reference_net,2025-07-31,11155012.536,11318963.4965,0.0146975146869,False,20B_P4_top_region_hysteresis_partial_rebalance_turnover_control_v0,20B_P4_TURNCTL_v0,0.0158245945545,0.00112707986756
F_MIX333_XD7_R025_C030,2025-08,gross_shadow,2025-08-29,11339444,11547515,0.0183493123649,True,20B_P4_top_region_hysteresis_partial_rebalance_turnover_control_v0,20B_P4_TURNCTL_v0,0.0214107382381,0.00306142587321
F_MIX333_XD7_R025_C030,2025-08,reference_net,2025-08-29,11318963.4965,11525834.8684,0.0182765296401,True,20B_P4_top_region_hysteresis_partial_rebalance_turnover_control_v0,20B_P4_TURNCTL_v0,0.0212920604186,0.00301553077852
F_MIX333_XD7_R025_C030,2025-09,gross_shadow,2025-09-30,11547515,11387853,-0.0138265245813,True,20B_P4_top_region_hysteresis_partial_rebalance_turnover_control_v0,20B_P4_TURNCTL_v0,-0.0146549819574,-0.000828457376172
F_MIX333_XD7_R025_C030,2025-09,reference_net,2025-09-30,11525834.8684,11364971.7412,-0.0139567440499,True,20B_P4_top_region_hysteresis_partial_rebalance_turnover_control_v0,20B_P4_TURNCTL_v0,-0.0148953122943,-0.000938568244374
F_MIX333_XD7_R025_C030,2025-10,gross_shadow,2025-10-31,11387853,11592869,0.0180030423645,False,20B_P4_top_region_hysteresis_partial_rebalance_turnover_control_v0,20B_P4_TURNCTL_v0,0.0176421257991,-0.000360916565387
F_MIX333_XD7_R025_C030,2025-10,reference_net,2025-10-31,11364971.7412,11568679.3742,0.0179241653767,False,20B_P4_top_region_hysteresis_partial_rebalance_turnover_control_v0,20B_P4_TURNCTL_v0,0.017504769152,-0.000419396224655
F_MIX333_XD7_R025_C030,2025-11,gross_shadow,2025-11-28,11592869,11509002,-0.0072343610542,False,20B_P4_top_region_hysteresis_partial_rebalance_turnover_control_v0,20B_P4_TURNCTL_v0,-0.00968857869009,-0.0024542176359
F_MIX333_XD7_R025_C030,2025-11,reference_net,2025-11-28,11568679.3742,11483323.666,-0.00737817216377,False,20B_P4_top_region_hysteresis_partial_rebalance_turnover_control_v0,20B_P4_TURNCTL_v0,-0.00995710204626,-0.00257892988249
F_MIX333_XD7_R025_C030,2025-12,gross_shadow,2025-12-31,11509002,11661000,0.0132068792759,False,20B_P4_top_region_hysteresis_partial_rebalance_turnover_control_v0,20B_P4_TURNCTL_v0,0.0171802536106,0.00397337433468
F_MIX333_XD7_R025_C030,2025-12,reference_net,2025-12-31,11483323.666,11633812.2271,0.0131049655498,False,20B_P4_top_region_hysteresis_partial_rebalance_turnover_control_v0,20B_P4_TURNCTL_v0,0.0170218081883,0.00391684263852
F_MIX333_XD7_R025_C030,2026-01,gross_shadow,2026-01-30,11661000,11797111,0.0116723265586,False,20B_P4_top_region_hysteresis_partial_rebalance_turnover_control_v0,20B_P4_TURNCTL_v0,0.0150287676854,0.00335644112676
F_MIX333_XD7_R025_C030,2026-01,reference_net,2026-01-30,11633812.2271,11768485.4876,0.0115760215019,False,20B_P4_top_region_hysteresis_partial_rebalance_turnover_control_v0,20B_P4_TURNCTL_v0,0.0148684959055,0.00329247440357
F_MIX333_XD7_R025_C030,2026-02,gross_shadow,2026-02-27,11797111,11994810,0.0167582554746,False,20B_P4_top_region_hysteresis_partial_rebalance_turnover_control_v0,20B_P4_TURNCTL_v0,0.020391049042,0.00363279356745
F_MIX333_XD7_R025_C030,2026-02,reference_net,2026-02-27,11768485.4876,11964600.0316,0.0166643825348,False,20B_P4_top_region_hysteresis_partial_rebalance_turnover_control_v0,20B_P4_TURNCTL_v0,0.0202325528075,0.00356817027265
F_MIX333_XD7_R025_C030,2026-03,gross_shadow,2026-03-31,11994810,11772105,-0.0185667801324,False,20B_P4_top_region_hysteresis_partial_rebalance_turnover_control_v0,20B_P4_TURNCTL_v0,-0.0159986324444,0.00256814768801
F_MIX333_XD7_R025_C030,2026-03,reference_net,2026-03-31,11964600.0316,11740492.1427,-0.018730913549,False,20B_P4_top_region_hysteresis_partial_rebalance_turnover_control_v0,20B_P4_TURNCTL_v0,-0.0162685275383,0.00246238601071
F_MIX333_XD7_R025_C030,2026-04,gross_shadow,2026-04-30,11772105,11895572,0.0104880987725,True,20B_P4_top_region_hysteresis_partial_rebalance_turnover_control_v0,20B_P4_TURNCTL_v0,0.0130737020465,0.002585603274
F_MIX333_XD7_R025_C030,2026-04,reference_net,2026-04-30,11740492.1427,11862452.0689,0.0103879739203,True,20B_P4_top_region_hysteresis_partial_rebalance_turnover_control_v0,20B_P4_TURNCTL_v0,0.0128697478741,0.00248177395378
F_MIX333_XD7_R025_C040,2024-08,gross_shadow,2024-08-30,10000000,9668592,-0.0331408,False,20B_P4_top_region_hysteresis_partial_rebalance_turnover_control_v0,20B_P4_TURNCTL_v0,-0.0332539,-0.0001131
F_MIX333_XD7_R025_C040,2024-08,reference_net,2024-08-30,10000000,9661124.5516,-0.03388754484,False,20B_P4_top_region_hysteresis_partial_rebalance_turnover_control_v0,20B_P4_TURNCTL_v0,-0.03400009916,-0.00011255432
F_MIX333_XD7_R025_C040,2024-09,gross_shadow,2024-09-30,9668592,11228407,0.161328040319,False,20B_P4_top_region_hysteresis_partial_rebalance_turnover_control_v0,20B_P4_TURNCTL_v0,0.158862601049,-0.00246543926957
F_MIX333_XD7_R025_C040,2024-09,reference_net,2024-09-30,9661124.5516,11219820.444,0.161336900693,False,20B_P4_top_region_hysteresis_partial_rebalance_turnover_control_v0,20B_P4_TURNCTL_v0,0.158765209196,-0.00257169149675
F_MIX333_XD7_R025_C040,2024-10,gross_shadow,2024-10-31,11228407,10722959,-0.045015112117,True,20B_P4_top_region_hysteresis_partial_rebalance_turnover_control_v0,20B_P4_TURNCTL_v0,-0.0417565103154,0.00325860180154
F_MIX333_XD7_R025_C040,2024-10,reference_net,2024-10-31,11219820.444,10713030.601,-0.0451691580522,True,20B_P4_top_region_hysteresis_partial_rebalance_turnover_control_v0,20B_P4_TURNCTL_v0,-0.0419999329509,0.00316922510126
F_MIX333_XD7_R025_C040,2024-11,gross_shadow,2024-11-29,10722959,10812468,0.0083474160444,False,20B_P4_top_region_hysteresis_partial_rebalance_turnover_control_v0,20B_P4_TURNCTL_v0,0.00743434136436,-0.000913074680038
F_MIX333_XD7_R025_C040,2024-11,reference_net,2024-11-29,10713030.601,10801535.3354,0.00826140965393,False,20B_P4_top_region_hysteresis_partial_rebalance_turnover_control_v0,20B_P4_TURNCTL_v0,0.00728422719772,-0.000977182456205
F_MIX333_XD7_R025_C040,2024-12,gross_shadow,2024-12-31,10812468,11087859,0.02546976324,False,20B_P4_top_region_hysteresis_partial_rebalance_turnover_control_v0,20B_P4_TURNCTL_v0,0.023651486543,-0.00181827669704
F_MIX333_XD7_R025_C040,2024-12,reference_net,2024-12-31,10801535.3354,11075789.1797,0.0253902649747,False,20B_P4_top_region_hysteresis_partial_rebalance_turnover_control_v0,20B_P4_TURNCTL_v0,0.0235057852708,-0.00188447970389
F_MIX333_XD7_R025_C040,2025-01,gross_shadow,2025-01-27,11087859,10908079,-0.0162141311501,False,20B_P4_top_region_hysteresis_partial_rebalance_turnover_control_v0,20B_P4_TURNCTL_v0,-0.0159349720686,0.000279159081503
F_MIX333_XD7_R025_C040,2025-01,reference_net,2025-01-27,11075789.1797,10894783.7802,-0.0163424381408,False,20B_P4_top_region_hysteresis_partial_rebalance_turnover_control_v0,20B_P4_TURNCTL_v0,-0.0161371317804,0.000205306360345
F_MIX333_XD7_R025_C040,2025-02,gross_shadow,2025-02-28,10908079,10823679,-0.00773738437355,True,20B_P4_top_region_hysteresis_partial_rebalance_turnover_control_v0,20B_P4_TURNCTL_v0,-0.0079087507335,-0.000171366359957
F_MIX333_XD7_R025_C040,2025-02,reference_net,2025-02-28,10894783.7802,10809315.8062,-0.00784485270788,True,20B_P4_top_region_hysteresis_partial_rebalance_turnover_control_v0,20B_P4_TURNCTL_v0,-0.00809581661659,-0.000250963908706
F_MIX333_XD7_R025_C040,2025-03,gross_shadow,2025-03-31,10823679,10965147,0.0130702324043,False,20B_P4_top_region_hysteresis_partial_rebalance_turnover_control_v0,20B_P4_TURNCTL_v0,0.0133980936076,0.000327861203287
F_MIX333_XD7_R025_C040,2025-03,reference_net,2025-03-31,10809315.8062,10949596.0273,0.0129777151159,False,20B_P4_top_region_hysteresis_partial_rebalance_turnover_control_v0,20B_P4_TURNCTL_v0,0.0132233978829,0.000245682766977
F_MIX333_XD7_R025_C040,2025-04,gross_shadow,2025-04-30,10965147,10806592,-0.0144599064655,False,20B_P4_top_region_hysteresis_partial_rebalance_turnover_control_v0,20B_P4_TURNCTL_v0,-0.0157743458108,-0.00131443934531
F_MIX333_XD7_R025_C040,2025-04,reference_net,2025-04-30,10949596.0273,10789878.2496,-0.014586636561,False,20B_P4_top_region_hysteresis_partial_rebalance_turnover_control_v0,20B_P4_TURNCTL_v0,-0.0159994675217,-0.00141283096073
F_MIX333_XD7_R025_C040,2025-05,gross_shadow,2025-05-30,10806592,11040055,0.0216037581506,False,20B_P4_top_region_hysteresis_partial_rebalance_turnover_control_v0,20B_P4_TURNCTL_v0,0.0218567581682,0.000253000017632
F_MIX333_XD7_R025_C040,2025-05,reference_net,2025-05-30,10789878.2496,11022081.7431,0.0215204924652,False,20B_P4_top_region_hysteresis_partial_rebalance_turnover_control_v0,20B_P4_TURNCTL_v0,0.021723831916,0.000203339450827
F_MIX333_XD7_R025_C040,2025-06,gross_shadow,2025-06-30,11040055,11174248,0.0121551024882,False,20B_P4_top_region_hysteresis_partial_rebalance_turnover_control_v0,20B_P4_TURNCTL_v0,0.0120373412204,-0.000117761267738
F_MIX333_XD7_R025_C040,2025-06,reference_net,2025-06-30,11022081.7431,11155012.536,0.0120604070935,False,20B_P4_top_region_hysteresis_partial_rebalance_turnover_control_v0,20B_P4_TURNCTL_v0,0.0118812499438,-0.000179157149704
F_MIX333_XD7_R025_C040,2025-07,gross_shadow,2025-07-31,11174248,11339444,0.0147836346571,False,20B_P4_top_region_hysteresis_partial_rebalance_turnover_control_v0,20B_P4_TURNCTL_v0,0.0159705014252,0.00118686676807
F_MIX333_XD7_R025_C040,2025-07,reference_net,2025-07-31,11155012.536,11318963.4965,0.0146975146869,False,20B_P4_top_region_hysteresis_partial_rebalance_turnover_control_v0,20B_P4_TURNCTL_v0,0.0158245945545,0.00112707986756
F_MIX333_XD7_R025_C040,2025-08,gross_shadow,2025-08-29,11339444,11547515,0.0183493123649,True,20B_P4_top_region_hysteresis_partial_rebalance_turnover_control_v0,20B_P4_TURNCTL_v0,0.0214107382381,0.00306142587321
F_MIX333_XD7_R025_C040,2025-08,reference_net,2025-08-29,11318963.4965,11525834.8684,0.0182765296401,True,20B_P4_top_region_hysteresis_partial_rebalance_turnover_control_v0,20B_P4_TURNCTL_v0,0.0212920604186,0.00301553077852
F_MIX333_XD7_R025_C040,2025-09,gross_shadow,2025-09-30,11547515,11387853,-0.0138265245813,True,20B_P4_top_region_hysteresis_partial_rebalance_turnover_control_v0,20B_P4_TURNCTL_v0,-0.0146549819574,-0.000828457376172
F_MIX333_XD7_R025_C040,2025-09,reference_net,2025-09-30,11525834.8684,11364971.7412,-0.0139567440499,True,20B_P4_top_region_hysteresis_partial_rebalance_turnover_control_v0,20B_P4_TURNCTL_v0,-0.0148953122943,-0.000938568244374
F_MIX333_XD7_R025_C040,2025-10,gross_shadow,2025-10-31,11387853,11592869,0.0180030423645,False,20B_P4_top_region_hysteresis_partial_rebalance_turnover_control_v0,20B_P4_TURNCTL_v0,0.0176421257991,-0.000360916565387
F_MIX333_XD7_R025_C040,2025-10,reference_net,2025-10-31,11364971.7412,11568679.3742,0.0179241653767,False,20B_P4_top_region_hysteresis_partial_rebalance_turnover_control_v0,20B_P4_TURNCTL_v0,0.017504769152,-0.000419396224655
F_MIX333_XD7_R025_C040,2025-11,gross_shadow,2025-11-28,11592869,11509002,-0.0072343610542,False,20B_P4_top_region_hysteresis_partial_rebalance_turnover_control_v0,20B_P4_TURNCTL_v0,-0.00968857869009,-0.0024542176359
F_MIX333_XD7_R025_C040,2025-11,reference_net,2025-11-28,11568679.3742,11483323.666,-0.00737817216377,False,20B_P4_top_region_hysteresis_partial_rebalance_turnover_control_v0,20B_P4_TURNCTL_v0,-0.00995710204626,-0.00257892988249
F_MIX333_XD7_R025_C040,2025-12,gross_shadow,2025-12-31,11509002,11661000,0.0132068792759,False,20B_P4_top_region_hysteresis_partial_rebalance_turnover_control_v0,20B_P4_TURNCTL_v0,0.0171802536106,0.00397337433468
F_MIX333_XD7_R025_C040,2025-12,reference_net,2025-12-31,11483323.666,11633812.2271,0.0131049655498,False,20B_P4_top_region_hysteresis_partial_rebalance_turnover_control_v0,20B_P4_TURNCTL_v0,0.0170218081883,0.00391684263852
F_MIX333_XD7_R025_C040,2026-01,gross_shadow,2026-01-30,11661000,11797111,0.0116723265586,False,20B_P4_top_region_hysteresis_partial_rebalance_turnover_control_v0,20B_P4_TURNCTL_v0,0.0150287676854,0.00335644112676
F_MIX333_XD7_R025_C040,2026-01,reference_net,2026-01-30,11633812.2271,11768485.4876,0.0115760215019,False,20B_P4_top_region_hysteresis_partial_rebalance_turnover_control_v0,20B_P4_TURNCTL_v0,0.0148684959055,0.00329247440357
F_MIX333_XD7_R025_C040,2026-02,gross_shadow,2026-02-27,11797111,11994810,0.0167582554746,False,20B_P4_top_region_hysteresis_partial_rebalance_turnover_control_v0,20B_P4_TURNCTL_v0,0.020391049042,0.00363279356745
F_MIX333_XD7_R025_C040,2026-02,reference_net,2026-02-27,11768485.4876,11964600.0316,0.0166643825348,False,20B_P4_top_region_hysteresis_partial_rebalance_turnover_control_v0,20B_P4_TURNCTL_v0,0.0202325528075,0.00356817027265
F_MIX333_XD7_R025_C040,2026-03,gross_shadow,2026-03-31,11994810,11772105,-0.0185667801324,False,20B_P4_top_region_hysteresis_partial_rebalance_turnover_control_v0,20B_P4_TURNCTL_v0,-0.0159986324444,0.00256814768801
F_MIX333_XD7_R025_C040,2026-03,reference_net,2026-03-31,11964600.0316,11740492.1427,-0.018730913549,False,20B_P4_top_region_hysteresis_partial_rebalance_turnover_control_v0,20B_P4_TURNCTL_v0,-0.0162685275383,0.00246238601071
F_MIX333_XD7_R025_C040,2026-04,gross_shadow,2026-04-30,11772105,11895572,0.0104880987725,True,20B_P4_top_region_hysteresis_partial_rebalance_turnover_control_v0,20B_P4_TURNCTL_v0,0.0130737020465,0.002585603274
F_MIX333_XD7_R025_C040,2026-04,reference_net,2026-04-30,11740492.1427,11862452.0689,0.0103879739203,True,20B_P4_top_region_hysteresis_partial_rebalance_turnover_control_v0,20B_P4_TURNCTL_v0,0.0128697478741,0.00248177395378
F_MIX333_XD7_R025_CNONE,2024-08,gross_shadow,2024-08-30,10000000,9668592,-0.0331408,False,20B_P4_top_region_hysteresis_partial_rebalance_turnover_control_v0,20B_P4_TURNCTL_v0,-0.0332539,-0.0001131
F_MIX333_XD7_R025_CNONE,2024-08,reference_net,2024-08-30,10000000,9661124.5516,-0.03388754484,False,20B_P4_top_region_hysteresis_partial_rebalance_turnover_control_v0,20B_P4_TURNCTL_v0,-0.03400009916,-0.00011255432
F_MIX333_XD7_R025_CNONE,2024-09,gross_shadow,2024-09-30,9668592,11228407,0.161328040319,False,20B_P4_top_region_hysteresis_partial_rebalance_turnover_control_v0,20B_P4_TURNCTL_v0,0.158862601049,-0.00246543926957
F_MIX333_XD7_R025_CNONE,2024-09,reference_net,2024-09-30,9661124.5516,11219820.444,0.161336900693,False,20B_P4_top_region_hysteresis_partial_rebalance_turnover_control_v0,20B_P4_TURNCTL_v0,0.158765209196,-0.00257169149675
F_MIX333_XD7_R025_CNONE,2024-10,gross_shadow,2024-10-31,11228407,10722959,-0.045015112117,True,20B_P4_top_region_hysteresis_partial_rebalance_turnover_control_v0,20B_P4_TURNCTL_v0,-0.0417565103154,0.00325860180154
F_MIX333_XD7_R025_CNONE,2024-10,reference_net,2024-10-31,11219820.444,10713030.601,-0.0451691580522,True,20B_P4_top_region_hysteresis_partial_rebalance_turnover_control_v0,20B_P4_TURNCTL_v0,-0.0419999329509,0.00316922510126
F_MIX333_XD7_R025_CNONE,2024-11,gross_shadow,2024-11-29,10722959,10812468,0.0083474160444,False,20B_P4_top_region_hysteresis_partial_rebalance_turnover_control_v0,20B_P4_TURNCTL_v0,0.00743434136436,-0.000913074680038
F_MIX333_XD7_R025_CNONE,2024-11,reference_net,2024-11-29,10713030.601,10801535.3354,0.00826140965393,False,20B_P4_top_region_hysteresis_partial_rebalance_turnover_control_v0,20B_P4_TURNCTL_v0,0.00728422719772,-0.000977182456205
F_MIX333_XD7_R025_CNONE,2024-12,gross_shadow,2024-12-31,10812468,11087859,0.02546976324,False,20B_P4_top_region_hysteresis_partial_rebalance_turnover_control_v0,20B_P4_TURNCTL_v0,0.023651486543,-0.00181827669704
F_MIX333_XD7_R025_CNONE,2024-12,reference_net,2024-12-31,10801535.3354,11075789.1797,0.0253902649747,False,20B_P4_top_region_hysteresis_partial_rebalance_turnover_control_v0,20B_P4_TURNCTL_v0,0.0235057852708,-0.00188447970389
F_MIX333_XD7_R025_CNONE,2025-01,gross_shadow,2025-01-27,11087859,10908079,-0.0162141311501,False,20B_P4_top_region_hysteresis_partial_rebalance_turnover_control_v0,20B_P4_TURNCTL_v0,-0.0159349720686,0.000279159081503
F_MIX333_XD7_R025_CNONE,2025-01,reference_net,2025-01-27,11075789.1797,10894783.7802,-0.0163424381408,False,20B_P4_top_region_hysteresis_partial_rebalance_turnover_control_v0,20B_P4_TURNCTL_v0,-0.0161371317804,0.000205306360345
F_MIX333_XD7_R025_CNONE,2025-02,gross_shadow,2025-02-28,10908079,10823679,-0.00773738437355,True,20B_P4_top_region_hysteresis_partial_rebalance_turnover_control_v0,20B_P4_TURNCTL_v0,-0.0079087507335,-0.000171366359957
F_MIX333_XD7_R025_CNONE,2025-02,reference_net,2025-02-28,10894783.7802,10809315.8062,-0.00784485270788,True,20B_P4_top_region_hysteresis_partial_rebalance_turnover_control_v0,20B_P4_TURNCTL_v0,-0.00809581661659,-0.000250963908706
F_MIX333_XD7_R025_CNONE,2025-03,gross_shadow,2025-03-31,10823679,10965147,0.0130702324043,False,20B_P4_top_region_hysteresis_partial_rebalance_turnover_control_v0,20B_P4_TURNCTL_v0,0.0133980936076,0.000327861203287
F_MIX333_XD7_R025_CNONE,2025-03,reference_net,2025-03-31,10809315.8062,10949596.0273,0.0129777151159,False,20B_P4_top_region_hysteresis_partial_rebalance_turnover_control_v0,20B_P4_TURNCTL_v0,0.0132233978829,0.000245682766977
F_MIX333_XD7_R025_CNONE,2025-04,gross_shadow,2025-04-30,10965147,10806592,-0.0144599064655,False,20B_P4_top_region_hysteresis_partial_rebalance_turnover_control_v0,20B_P4_TURNCTL_v0,-0.0157743458108,-0.00131443934531
F_MIX333_XD7_R025_CNONE,2025-04,reference_net,2025-04-30,10949596.0273,10789878.2496,-0.014586636561,False,20B_P4_top_region_hysteresis_partial_rebalance_turnover_control_v0,20B_P4_TURNCTL_v0,-0.0159994675217,-0.00141283096073
F_MIX333_XD7_R025_CNONE,2025-05,gross_shadow,2025-05-30,10806592,11040055,0.0216037581506,False,20B_P4_top_region_hysteresis_partial_rebalance_turnover_control_v0,20B_P4_TURNCTL_v0,0.0218567581682,0.000253000017632
F_MIX333_XD7_R025_CNONE,2025-05,reference_net,2025-05-30,10789878.2496,11022081.7431,0.0215204924652,False,20B_P4_top_region_hysteresis_partial_rebalance_turnover_control_v0,20B_P4_TURNCTL_v0,0.021723831916,0.000203339450827
F_MIX333_XD7_R025_CNONE,2025-06,gross_shadow,2025-06-30,11040055,11174248,0.0121551024882,False,20B_P4_top_region_hysteresis_partial_rebalance_turnover_control_v0,20B_P4_TURNCTL_v0,0.0120373412204,-0.000117761267738
F_MIX333_XD7_R025_CNONE,2025-06,reference_net,2025-06-30,11022081.7431,11155012.536,0.0120604070935,False,20B_P4_top_region_hysteresis_partial_rebalance_turnover_control_v0,20B_P4_TURNCTL_v0,0.0118812499438,-0.000179157149704
F_MIX333_XD7_R025_CNONE,2025-07,gross_shadow,2025-07-31,11174248,11339444,0.0147836346571,False,20B_P4_top_region_hysteresis_partial_rebalance_turnover_control_v0,20B_P4_TURNCTL_v0,0.0159705014252,0.00118686676807
F_MIX333_XD7_R025_CNONE,2025-07,reference_net,2025-07-31,11155012.536,11318963.4965,0.0146975146869,False,20B_P4_top_region_hysteresis_partial_rebalance_turnover_control_v0,20B_P4_TURNCTL_v0,0.0158245945545,0.00112707986756
F_MIX333_XD7_R025_CNONE,2025-08,gross_shadow,2025-08-29,11339444,11547515,0.0183493123649,True,20B_P4_top_region_hysteresis_partial_rebalance_turnover_control_v0,20B_P4_TURNCTL_v0,0.0214107382381,0.00306142587321
F_MIX333_XD7_R025_CNONE,2025-08,reference_net,2025-08-29,11318963.4965,11525834.8684,0.0182765296401,True,20B_P4_top_region_hysteresis_partial_rebalance_turnover_control_v0,20B_P4_TURNCTL_v0,0.0212920604186,0.00301553077852
F_MIX333_XD7_R025_CNONE,2025-09,gross_shadow,2025-09-30,11547515,11387853,-0.0138265245813,True,20B_P4_top_region_hysteresis_partial_rebalance_turnover_control_v0,20B_P4_TURNCTL_v0,-0.0146549819574,-0.000828457376172
F_MIX333_XD7_R025_CNONE,2025-09,reference_net,2025-09-30,11525834.8684,11364971.7412,-0.0139567440499,True,20B_P4_top_region_hysteresis_partial_rebalance_turnover_control_v0,20B_P4_TURNCTL_v0,-0.0148953122943,-0.000938568244374
F_MIX333_XD7_R025_CNONE,2025-10,gross_shadow,2025-10-31,11387853,11592869,0.0180030423645,False,20B_P4_top_region_hysteresis_partial_rebalance_turnover_control_v0,20B_P4_TURNCTL_v0,0.0176421257991,-0.000360916565387
F_MIX333_XD7_R025_CNONE,2025-10,reference_net,2025-10-31,11364971.7412,11568679.3742,0.0179241653767,False,20B_P4_top_region_hysteresis_partial_rebalance_turnover_control_v0,20B_P4_TURNCTL_v0,0.017504769152,-0.000419396224655
F_MIX333_XD7_R025_CNONE,2025-11,gross_shadow,2025-11-28,11592869,11509002,-0.0072343610542,False,20B_P4_top_region_hysteresis_partial_rebalance_turnover_control_v0,20B_P4_TURNCTL_v0,-0.00968857869009,-0.0024542176359
F_MIX333_XD7_R025_CNONE,2025-11,reference_net,2025-11-28,11568679.3742,11483323.666,-0.00737817216377,False,20B_P4_top_region_hysteresis_partial_rebalance_turnover_control_v0,20B_P4_TURNCTL_v0,-0.00995710204626,-0.00257892988249
F_MIX333_XD7_R025_CNONE,2025-12,gross_shadow,2025-12-31,11509002,11661000,0.0132068792759,False,20B_P4_top_region_hysteresis_partial_rebalance_turnover_control_v0,20B_P4_TURNCTL_v0,0.0171802536106,0.00397337433468
F_MIX333_XD7_R025_CNONE,2025-12,reference_net,2025-12-31,11483323.666,11633812.2271,0.0131049655498,False,20B_P4_top_region_hysteresis_partial_rebalance_turnover_control_v0,20B_P4_TURNCTL_v0,0.0170218081883,0.00391684263852
F_MIX333_XD7_R025_CNONE,2026-01,gross_shadow,2026-01-30,11661000,11797111,0.0116723265586,False,20B_P4_top_region_hysteresis_partial_rebalance_turnover_control_v0,20B_P4_TURNCTL_v0,0.0150287676854,0.00335644112676
F_MIX333_XD7_R025_CNONE,2026-01,reference_net,2026-01-30,11633812.2271,11768485.4876,0.0115760215019,False,20B_P4_top_region_hysteresis_partial_rebalance_turnover_control_v0,20B_P4_TURNCTL_v0,0.0148684959055,0.00329247440357
F_MIX333_XD7_R025_CNONE,2026-02,gross_shadow,2026-02-27,11797111,11994810,0.0167582554746,False,20B_P4_top_region_hysteresis_partial_rebalance_turnover_control_v0,20B_P4_TURNCTL_v0,0.020391049042,0.00363279356745
F_MIX333_XD7_R025_CNONE,2026-02,reference_net,2026-02-27,11768485.4876,11964600.0316,0.0166643825348,False,20B_P4_top_region_hysteresis_partial_rebalance_turnover_control_v0,20B_P4_TURNCTL_v0,0.0202325528075,0.00356817027265
F_MIX333_XD7_R025_CNONE,2026-03,gross_shadow,2026-03-31,11994810,11772105,-0.0185667801324,False,20B_P4_top_region_hysteresis_partial_rebalance_turnover_control_v0,20B_P4_TURNCTL_v0,-0.0159986324444,0.00256814768801
F_MIX333_XD7_R025_CNONE,2026-03,reference_net,2026-03-31,11964600.0316,11740492.1427,-0.018730913549,False,20B_P4_top_region_hysteresis_partial_rebalance_turnover_control_v0,20B_P4_TURNCTL_v0,-0.0162685275383,0.00246238601071
F_MIX333_XD7_R025_CNONE,2026-04,gross_shadow,2026-04-30,11772105,11895572,0.0104880987725,True,20B_P4_top_region_hysteresis_partial_rebalance_turnover_control_v0,20B_P4_TURNCTL_v0,0.0130737020465,0.002585603274
F_MIX333_XD7_R025_CNONE,2026-04,reference_net,2026-04-30,11740492.1427,11862452.0689,0.0103879739203,True,20B_P4_top_region_hysteresis_partial_rebalance_turnover_control_v0,20B_P4_TURNCTL_v0,0.0128697478741,0.00248177395378
F_MIX333_XD7_R050_C020,2024-08,gross_shadow,2024-08-30,10000000,9668592,-0.0331408,False,20B_P4_top_region_hysteresis_partial_rebalance_turnover_control_v0,20B_P4_TURNCTL_v0,-0.0332539,-0.0001131
F_MIX333_XD7_R050_C020,2024-08,reference_net,2024-08-30,10000000,9661124.5516,-0.03388754484,False,20B_P4_top_region_hysteresis_partial_rebalance_turnover_control_v0,20B_P4_TURNCTL_v0,-0.03400009916,-0.00011255432
F_MIX333_XD7_R050_C020,2024-09,gross_shadow,2024-09-30,9668592,11192521,0.15761643474,False,20B_P4_top_region_hysteresis_partial_rebalance_turnover_control_v0,20B_P4_TURNCTL_v0,0.158862601049,0.00124616630858
F_MIX333_XD7_R050_C020,2024-09,reference_net,2024-09-30,9661124.5516,11183280.1454,0.157554701384,False,20B_P4_top_region_hysteresis_partial_rebalance_turnover_control_v0,20B_P4_TURNCTL_v0,0.158765209196,0.00121050781192
F_MIX333_XD7_R050_C020,2024-10,gross_shadow,2024-10-31,11192521,10733143,-0.0410433002538,True,20B_P4_top_region_hysteresis_partial_rebalance_turnover_control_v0,20B_P4_TURNCTL_v0,-0.0417565103154,-0.000713210061632
F_MIX333_XD7_R050_C020,2024-10,reference_net,2024-10-31,11183280.1454,10721784.7811,-0.0412665477661,True,20B_P4_top_region_hysteresis_partial_rebalance_turnover_control_v0,20B_P4_TURNCTL_v0,-0.0419999329509,-0.000733385184811
F_MIX333_XD7_R050_C020,2024-11,gross_shadow,2024-11-29,10733143,10816401,0.00775709407766,False,20B_P4_top_region_hysteresis_partial_rebalance_turnover_control_v0,20B_P4_TURNCTL_v0,0.00743434136436,-0.000322752713304
F_MIX333_XD7_R050_C020,2024-11,reference_net,2024-11-29,10721784.7811,10803618.8224,0.00763250177103,False,20B_P4_top_region_hysteresis_partial_rebalance_turnover_control_v0,20B_P4_TURNCTL_v0,0.00728422719772,-0.000348274573304
F_MIX333_XD7_R050_C020,2024-12,gross_shadow,2024-12-31,10816401,11092923,0.0255650654964,False,20B_P4_top_region_hysteresis_partial_rebalance_turnover_control_v0,20B_P4_TURNCTL_v0,0.023651486543,-0.00191357895342
F_MIX333_XD7_R050_C020,2024-12,reference_net,2024-12-31,10803618.8224,11078591.8182,0.0254519342417,False,20B_P4_top_region_hysteresis_partial_rebalance_turnover_control_v0,20B_P4_TURNCTL_v0,0.0235057852708,-0.00194614897094
F_MIX333_XD7_R050_C020,2025-01,gross_shadow,2025-01-27,11092923,10911725,-0.0163345585289,False,20B_P4_top_region_hysteresis_partial_rebalance_turnover_control_v0,20B_P4_TURNCTL_v0,-0.0159349720686,0.000399586460279
F_MIX333_XD7_R050_C020,2025-01,reference_net,2025-01-27,11078591.8182,10895696.5405,-0.0165088921707,False,20B_P4_top_region_hysteresis_partial_rebalance_turnover_control_v0,20B_P4_TURNCTL_v0,-0.0161371317804,0.000371760390253
F_MIX333_XD7_R050_C020,2025-02,gross_shadow,2025-02-28,10911725,10820435,-0.00836622990407,True,20B_P4_top_region_hysteresis_partial_rebalance_turnover_control_v0,20B_P4_TURNCTL_v0,-0.0079087507335,0.000457479170568
F_MIX333_XD7_R050_C020,2025-02,reference_net,2025-02-28,10895696.5405,10802710.2378,-0.00853422287546,True,20B_P4_top_region_hysteresis_partial_rebalance_turnover_control_v0,20B_P4_TURNCTL_v0,-0.00809581661659,0.000438406258869
F_MIX333_XD7_R050_C020,2025-03,gross_shadow,2025-03-31,10820435,10974414,0.014230389074,False,20B_P4_top_region_hysteresis_partial_rebalance_turnover_control_v0,20B_P4_TURNCTL_v0,0.0133980936076,-0.000832295466378
F_MIX333_XD7_R050_C020,2025-03,reference_net,2025-03-31,10802710.2378,10954839.8856,0.0140825445097,False,20B_P4_top_region_hysteresis_partial_rebalance_turnover_control_v0,20B_P4_TURNCTL_v0,0.0132233978829,-0.000859146626869
F_MIX333_XD7_R050_C020,2025-04,gross_shadow,2025-04-30,10974414,10816494,-0.0143898343912,False,20B_P4_top_region_hysteresis_partial_rebalance_turnover_control_v0,20B_P4_TURNCTL_v0,-0.0157743458108,-0.00138451141961
F_MIX333_XD7_R050_C020,2025-04,reference_net,2025-04-30,10954839.8856,10795159.9336,-0.0145762013537,False,20B_P4_top_region_hysteresis_partial_rebalance_turnover_control_v0,20B_P4_TURNCTL_v0,-0.0159994675217,-0.00142326616803
F_MIX333_XD7_R050_C020,2025-05,gross_shadow,2025-05-30,10816494,11071160,0.0235442279171,False,20B_P4_top_region_hysteresis_partial_rebalance_turnover_control_v0,20B_P4_TURNCTL_v0,0.0218567581682,-0.00168746974889
F_MIX333_XD7_R050_C020,2025-05,reference_net,2025-05-30,10795159.9336,11048152.9882,0.0234357856795,False,20B_P4_top_region_hysteresis_partial_rebalance_turnover_control_v0,20B_P4_TURNCTL_v0,0.021723831916,-0.00171195376346
F_MIX333_XD7_R050_C020,2025-06,gross_shadow,2025-06-30,11071160,11211134,0.0126431196008,False,20B_P4_top_region_hysteresis_partial_rebalance_turnover_control_v0,20B_P4_TURNCTL_v0,0.0120373412204,-0.000605778380407
F_MIX333_XD7_R050_C020,2025-06,reference_net,2025-06-30,11048152.9882,11186330.8247,0.0125068721132,False,20B_P4_top_region_hysteresis_partial_rebalance_turnover_control_v0,20B_P4_TURNCTL_v0,0.0118812499438,-0.000625622169358
F_MIX333_XD7_R050_C020,2025-07,gross_shadow,2025-07-31,11211134,11374694,0.0145890683315,False,20B_P4_top_region_hysteresis_partial_rebalance_turnover_control_v0,20B_P4_TURNCTL_v0,0.0159705014252,0.00138143309365
F_MIX333_XD7_R050_C020,2025-07,reference_net,2025-07-31,11186330.8247,11348031.5895,0.0144552103191,False,20B_P4_top_region_hysteresis_partial_rebalance_turnover_control_v0,20B_P4_TURNCTL_v0,0.0158245945545,0.00136938423538
F_MIX333_XD7_R050_C020,2025-08,gross_shadow,2025-08-29,11374694,11622290,0.0217672668821,True,20B_P4_top_region_hysteresis_partial_rebalance_turnover_control_v0,20B_P4_TURNCTL_v0,0.0214107382381,-0.000356528643993
F_MIX333_XD7_R050_C020,2025-08,reference_net,2025-08-29,11348031.5895,11593833.0912,0.0216602764816,True,20B_P4_top_region_hysteresis_partial_rebalance_turnover_control_v0,20B_P4_TURNCTL_v0,0.0212920604186,-0.000368216062961
F_MIX333_XD7_R050_C020,2025-09,gross_shadow,2025-09-30,11622290,11442581,-0.0154624432879,True,20B_P4_top_region_hysteresis_partial_rebalance_turnover_control_v0,20B_P4_TURNCTL_v0,-0.0146549819574,0.00080746133042
F_MIX333_XD7_R050_C020,2025-09,reference_net,2025-09-30,11593833.0912,11412083.6035,-0.0156763933274,True,20B_P4_top_region_hysteresis_partial_rebalance_turnover_control_v0,20B_P4_TURNCTL_v0,-0.0148953122943,0.000781081033055
F_MIX333_XD7_R050_C020,2025-10,gross_shadow,2025-10-31,11442581,11669102,0.0197963204281,False,20B_P4_top_region_hysteresis_partial_rebalance_turnover_control_v0,20B_P4_TURNCTL_v0,0.0176421257991,-0.00215419462892
F_MIX333_XD7_R050_C020,2025-10,reference_net,2025-10-31,11412083.6035,11636631.2217,0.0196763032897,False,20B_P4_top_region_hysteresis_partial_rebalance_turnover_control_v0,20B_P4_TURNCTL_v0,0.017504769152,-0.00217153413765
F_MIX333_XD7_R050_C020,2025-11,gross_shadow,2025-11-28,11669102,11565047,-0.00891713861101,False,20B_P4_top_region_hysteresis_partial_rebalance_turnover_control_v0,20B_P4_TURNCTL_v0,-0.00968857869009,-0.000771440079083
F_MIX333_XD7_R050_C020,2025-11,reference_net,2025-11-28,11636631.2217,11530462.2627,-0.0091236851059,False,20B_P4_top_region_hysteresis_partial_rebalance_turnover_control_v0,20B_P4_TURNCTL_v0,-0.00995710204626,-0.000833416940359
F_MIX333_XD7_R050_C020,2025-12,gross_shadow,2025-12-31,11565047,11770705,0.0177827206409,False,20B_P4_top_region_hysteresis_partial_rebalance_turnover_control_v0,20B_P4_TURNCTL_v0,0.0171802536106,-0.000602467030337
F_MIX333_XD7_R050_C020,2025-12,reference_net,2025-12-31,11530462.2627,11734145.1226,0.0176647609852,False,20B_P4_top_region_hysteresis_partial_rebalance_turnover_control_v0,20B_P4_TURNCTL_v0,0.0170218081883,-0.000642952796956
F_MIX333_XD7_R050_C020,2026-01,gross_shadow,2026-01-30,11770705,11940744,0.0144459486496,False,20B_P4_top_region_hysteresis_partial_rebalance_turnover_control_v0,20B_P4_TURNCTL_v0,0.0150287676854,0.000582819035742
F_MIX333_XD7_R050_C020,2026-01,reference_net,2026-01-30,11734145.1226,11902198.9525,0.0143217787136,False,20B_P4_top_region_hysteresis_partial_rebalance_turnover_control_v0,20B_P4_TURNCTL_v0,0.0148684959055,0.000546717191865
F_MIX333_XD7_R050_C020,2026-02,gross_shadow,2026-02-27,11940744,12174210,0.0195520480131,False,20B_P4_top_region_hysteresis_partial_rebalance_turnover_control_v0,20B_P4_TURNCTL_v0,0.020391049042,0.000839001028941
F_MIX333_XD7_R050_C020,2026-02,reference_net,2026-02-27,11902198.9525,12133635.644,0.0194448683335,False,20B_P4_top_region_hysteresis_partial_rebalance_turnover_control_v0,20B_P4_TURNCTL_v0,0.0202325528075,0.000787684473949
F_MIX333_XD7_R050_C020,2026-03,gross_shadow,2026-03-31,12174210,11953370,-0.0181399860853,False,20B_P4_top_region_hysteresis_partial_rebalance_turnover_control_v0,20B_P4_TURNCTL_v0,-0.0159986324444,0.00214135364094
F_MIX333_XD7_R050_C020,2026-03,reference_net,2026-03-31,12133635.644,11910865.8453,-0.018359690794,False,20B_P4_top_region_hysteresis_partial_rebalance_turnover_control_v0,20B_P4_TURNCTL_v0,-0.0162685275383,0.00209116325566
F_MIX333_XD7_R050_C020,2026-04,gross_shadow,2026-04-30,11953370,12056923,0.00866307995151,True,20B_P4_top_region_hysteresis_partial_rebalance_turnover_control_v0,20B_P4_TURNCTL_v0,0.0130737020465,0.00441062209497
F_MIX333_XD7_R050_C020,2026-04,reference_net,2026-04-30,11910865.8453,12012424.9465,0.00852659264479,True,20B_P4_top_region_hysteresis_partial_rebalance_turnover_control_v0,20B_P4_TURNCTL_v0,0.0128697478741,0.00434315522927
F_MIX333_XD7_R050_C030,2024-08,gross_shadow,2024-08-30,10000000,9668592,-0.0331408,False,20B_P4_top_region_hysteresis_partial_rebalance_turnover_control_v0,20B_P4_TURNCTL_v0,-0.0332539,-0.0001131
F_MIX333_XD7_R050_C030,2024-08,reference_net,2024-08-30,10000000,9661124.5516,-0.03388754484,False,20B_P4_top_region_hysteresis_partial_rebalance_turnover_control_v0,20B_P4_TURNCTL_v0,-0.03400009916,-0.00011255432
F_MIX333_XD7_R050_C030,2024-09,gross_shadow,2024-09-30,9668592,11192521,0.15761643474,False,20B_P4_top_region_hysteresis_partial_rebalance_turnover_control_v0,20B_P4_TURNCTL_v0,0.158862601049,0.00124616630858
F_MIX333_XD7_R050_C030,2024-09,reference_net,2024-09-30,9661124.5516,11183280.1454,0.157554701384,False,20B_P4_top_region_hysteresis_partial_rebalance_turnover_control_v0,20B_P4_TURNCTL_v0,0.158765209196,0.00121050781192
F_MIX333_XD7_R050_C030,2024-10,gross_shadow,2024-10-31,11192521,10733143,-0.0410433002538,True,20B_P4_top_region_hysteresis_partial_rebalance_turnover_control_v0,20B_P4_TURNCTL_v0,-0.0417565103154,-0.000713210061632
F_MIX333_XD7_R050_C030,2024-10,reference_net,2024-10-31,11183280.1454,10721784.7811,-0.0412665477661,True,20B_P4_top_region_hysteresis_partial_rebalance_turnover_control_v0,20B_P4_TURNCTL_v0,-0.0419999329509,-0.000733385184811
F_MIX333_XD7_R050_C030,2024-11,gross_shadow,2024-11-29,10733143,10816401,0.00775709407766,False,20B_P4_top_region_hysteresis_partial_rebalance_turnover_control_v0,20B_P4_TURNCTL_v0,0.00743434136436,-0.000322752713304
F_MIX333_XD7_R050_C030,2024-11,reference_net,2024-11-29,10721784.7811,10803618.8224,0.00763250177103,False,20B_P4_top_region_hysteresis_partial_rebalance_turnover_control_v0,20B_P4_TURNCTL_v0,0.00728422719772,-0.000348274573304
F_MIX333_XD7_R050_C030,2024-12,gross_shadow,2024-12-31,10816401,11092923,0.0255650654964,False,20B_P4_top_region_hysteresis_partial_rebalance_turnover_control_v0,20B_P4_TURNCTL_v0,0.023651486543,-0.00191357895342
F_MIX333_XD7_R050_C030,2024-12,reference_net,2024-12-31,10803618.8224,11078591.8182,0.0254519342417,False,20B_P4_top_region_hysteresis_partial_rebalance_turnover_control_v0,20B_P4_TURNCTL_v0,0.0235057852708,-0.00194614897094
F_MIX333_XD7_R050_C030,2025-01,gross_shadow,2025-01-27,11092923,10911725,-0.0163345585289,False,20B_P4_top_region_hysteresis_partial_rebalance_turnover_control_v0,20B_P4_TURNCTL_v0,-0.0159349720686,0.000399586460279
F_MIX333_XD7_R050_C030,2025-01,reference_net,2025-01-27,11078591.8182,10895696.5405,-0.0165088921707,False,20B_P4_top_region_hysteresis_partial_rebalance_turnover_control_v0,20B_P4_TURNCTL_v0,-0.0161371317804,0.000371760390253
F_MIX333_XD7_R050_C030,2025-02,gross_shadow,2025-02-28,10911725,10820435,-0.00836622990407,True,20B_P4_top_region_hysteresis_partial_rebalance_turnover_control_v0,20B_P4_TURNCTL_v0,-0.0079087507335,0.000457479170568
F_MIX333_XD7_R050_C030,2025-02,reference_net,2025-02-28,10895696.5405,10802710.2378,-0.00853422287546,True,20B_P4_top_region_hysteresis_partial_rebalance_turnover_control_v0,20B_P4_TURNCTL_v0,-0.00809581661659,0.000438406258869
F_MIX333_XD7_R050_C030,2025-03,gross_shadow,2025-03-31,10820435,10974414,0.014230389074,False,20B_P4_top_region_hysteresis_partial_rebalance_turnover_control_v0,20B_P4_TURNCTL_v0,0.0133980936076,-0.000832295466378
F_MIX333_XD7_R050_C030,2025-03,reference_net,2025-03-31,10802710.2378,10954839.8856,0.0140825445097,False,20B_P4_top_region_hysteresis_partial_rebalance_turnover_control_v0,20B_P4_TURNCTL_v0,0.0132233978829,-0.000859146626869
F_MIX333_XD7_R050_C030,2025-04,gross_shadow,2025-04-30,10974414,10816494,-0.0143898343912,False,20B_P4_top_region_hysteresis_partial_rebalance_turnover_control_v0,20B_P4_TURNCTL_v0,-0.0157743458108,-0.00138451141961
F_MIX333_XD7_R050_C030,2025-04,reference_net,2025-04-30,10954839.8856,10795159.9336,-0.0145762013537,False,20B_P4_top_region_hysteresis_partial_rebalance_turnover_control_v0,20B_P4_TURNCTL_v0,-0.0159994675217,-0.00142326616803
F_MIX333_XD7_R050_C030,2025-05,gross_shadow,2025-05-30,10816494,11071160,0.0235442279171,False,20B_P4_top_region_hysteresis_partial_rebalance_turnover_control_v0,20B_P4_TURNCTL_v0,0.0218567581682,-0.00168746974889
F_MIX333_XD7_R050_C030,2025-05,reference_net,2025-05-30,10795159.9336,11048152.9882,0.0234357856795,False,20B_P4_top_region_hysteresis_partial_rebalance_turnover_control_v0,20B_P4_TURNCTL_v0,0.021723831916,-0.00171195376346
F_MIX333_XD7_R050_C030,2025-06,gross_shadow,2025-06-30,11071160,11211134,0.0126431196008,False,20B_P4_top_region_hysteresis_partial_rebalance_turnover_control_v0,20B_P4_TURNCTL_v0,0.0120373412204,-0.000605778380407
F_MIX333_XD7_R050_C030,2025-06,reference_net,2025-06-30,11048152.9882,11186330.8247,0.0125068721132,False,20B_P4_top_region_hysteresis_partial_rebalance_turnover_control_v0,20B_P4_TURNCTL_v0,0.0118812499438,-0.000625622169358
F_MIX333_XD7_R050_C030,2025-07,gross_shadow,2025-07-31,11211134,11374769,0.0145957581098,False,20B_P4_top_region_hysteresis_partial_rebalance_turnover_control_v0,20B_P4_TURNCTL_v0,0.0159705014252,0.00137474331543
F_MIX333_XD7_R050_C030,2025-07,reference_net,2025-07-31,11186330.8247,11348092.5953,0.0144606639259,False,20B_P4_top_region_hysteresis_partial_rebalance_turnover_control_v0,20B_P4_TURNCTL_v0,0.0158245945545,0.00136393062857
F_MIX333_XD7_R050_C030,2025-08,gross_shadow,2025-08-29,11374769,11623950,0.0219064668478,True,20B_P4_top_region_hysteresis_partial_rebalance_turnover_control_v0,20B_P4_TURNCTL_v0,0.0214107382381,-0.000495728609723
F_MIX333_XD7_R050_C030,2025-08,reference_net,2025-08-29,11348092.5953,11595461.2216,0.0217982558912,True,20B_P4_top_region_hysteresis_partial_rebalance_turnover_control_v0,20B_P4_TURNCTL_v0,0.0212920604186,-0.000506195472564
F_MIX333_XD7_R050_C030,2025-09,gross_shadow,2025-09-30,11623950,11443793,-0.0154987762336,True,20B_P4_top_region_hysteresis_partial_rebalance_turnover_control_v0,20B_P4_TURNCTL_v0,-0.0146549819574,0.000843794276117
F_MIX333_XD7_R050_C030,2025-09,reference_net,2025-09-30,11595461.2216,11413242.0714,-0.0157146961848,True,20B_P4_top_region_hysteresis_partial_rebalance_turnover_control_v0,20B_P4_TURNCTL_v0,-0.0148953122943,0.000819383890479
F_MIX333_XD7_R050_C030,2025-10,gross_shadow,2025-10-31,11443793,11670526,0.0198127491471,False,20B_P4_top_region_hysteresis_partial_rebalance_turnover_control_v0,20B_P4_TURNCTL_v0,0.0176421257991,-0.00217062334793
F_MIX333_XD7_R050_C030,2025-10,reference_net,2025-10-31,11413242.0714,11637944.1618,0.0196878405807,False,20B_P4_top_region_hysteresis_partial_rebalance_turnover_control_v0,20B_P4_TURNCTL_v0,0.017504769152,-0.00218307142865
F_MIX333_XD7_R050_C030,2025-11,gross_shadow,2025-11-28,11670526,11565772,-0.00897594504309,False,20B_P4_top_region_hysteresis_partial_rebalance_turnover_control_v0,20B_P4_TURNCTL_v0,-0.00968857869009,-0.000712633646998
F_MIX333_XD7_R050_C030,2025-11,reference_net,2025-11-28,11637944.1618,11530648.7482,-0.00921944736359,False,20B_P4_top_region_hysteresis_partial_rebalance_turnover_control_v0,20B_P4_TURNCTL_v0,-0.00995710204626,-0.000737654682671
F_MIX333_XD7_R050_C030,2025-12,gross_shadow,2025-12-31,11565772,11783490,0.0188243378825,False,20B_P4_top_region_hysteresis_partial_rebalance_turnover_control_v0,20B_P4_TURNCTL_v0,0.0171802536106,-0.00164408427193
F_MIX333_XD7_R050_C030,2025-12,reference_net,2025-12-31,11530648.7482,11746139.0033,0.0186884762407,False,20B_P4_top_region_hysteresis_partial_rebalance_turnover_control_v0,20B_P4_TURNCTL_v0,0.0170218081883,-0.00166666805242
F_MIX333_XD7_R050_C030,2026-01,gross_shadow,2026-01-30,11783490,11956927,0.0147186444763,False,20B_P4_top_region_hysteresis_partial_rebalance_turnover_control_v0,20B_P4_TURNCTL_v0,0.0150287676854,0.00031012320908
F_MIX333_XD7_R050_C030,2026-01,reference_net,2026-01-30,11746139.0033,11917206.1352,0.0145636904,False,20B_P4_top_region_hysteresis_partial_rebalance_turnover_control_v0,20B_P4_TURNCTL_v0,0.0148684959055,0.000304805505502
F_MIX333_XD7_R050_C030,2026-02,gross_shadow,2026-02-27,11956927,12200795,0.0203955414297,False,20B_P4_top_region_hysteresis_partial_rebalance_turnover_control_v0,20B_P4_TURNCTL_v0,0.020391049042,-4.49238763744e-06
F_MIX333_XD7_R050_C030,2026-02,reference_net,2026-02-27,11917206.1352,12158496.9358,0.0202472624802,False,20B_P4_top_region_hysteresis_partial_rebalance_turnover_control_v0,20B_P4_TURNCTL_v0,0.0202325528075,-1.4709672773e-05
F_MIX333_XD7_R050_C030,2026-03,gross_shadow,2026-03-31,12200795,11974769,-0.0185255141161,False,20B_P4_top_region_hysteresis_partial_rebalance_turnover_control_v0,20B_P4_TURNCTL_v0,-0.0159986324444,0.00252688167169
F_MIX333_XD7_R050_C030,2026-03,reference_net,2026-03-31,12158496.9358,11930226.421,-0.0187745669604,False,20B_P4_top_region_hysteresis_partial_rebalance_turnover_control_v0,20B_P4_TURNCTL_v0,-0.0162685275383,0.00250603942214
F_MIX333_XD7_R050_C030,2026-04,gross_shadow,2026-04-30,11974769,12088309,0.00948160252611,True,20B_P4_top_region_hysteresis_partial_rebalance_turnover_control_v0,20B_P4_TURNCTL_v0,0.0130737020465,0.00359209952037
F_MIX333_XD7_R050_C030,2026-04,reference_net,2026-04-30,11930226.421,12041046.4648,0.00928901430028,True,20B_P4_top_region_hysteresis_partial_rebalance_turnover_control_v0,20B_P4_TURNCTL_v0,0.0128697478741,0.00358073357378
F_MIX333_XD7_R050_C040,2024-08,gross_shadow,2024-08-30,10000000,9668592,-0.0331408,False,20B_P4_top_region_hysteresis_partial_rebalance_turnover_control_v0,20B_P4_TURNCTL_v0,-0.0332539,-0.0001131
F_MIX333_XD7_R050_C040,2024-08,reference_net,2024-08-30,10000000,9661124.5516,-0.03388754484,False,20B_P4_top_region_hysteresis_partial_rebalance_turnover_control_v0,20B_P4_TURNCTL_v0,-0.03400009916,-0.00011255432
F_MIX333_XD7_R050_C040,2024-09,gross_shadow,2024-09-30,9668592,11192521,0.15761643474,False,20B_P4_top_region_hysteresis_partial_rebalance_turnover_control_v0,20B_P4_TURNCTL_v0,0.158862601049,0.00124616630858
F_MIX333_XD7_R050_C040,2024-09,reference_net,2024-09-30,9661124.5516,11183280.1454,0.157554701384,False,20B_P4_top_region_hysteresis_partial_rebalance_turnover_control_v0,20B_P4_TURNCTL_v0,0.158765209196,0.00121050781192
F_MIX333_XD7_R050_C040,2024-10,gross_shadow,2024-10-31,11192521,10733143,-0.0410433002538,True,20B_P4_top_region_hysteresis_partial_rebalance_turnover_control_v0,20B_P4_TURNCTL_v0,-0.0417565103154,-0.000713210061632
F_MIX333_XD7_R050_C040,2024-10,reference_net,2024-10-31,11183280.1454,10721784.7811,-0.0412665477661,True,20B_P4_top_region_hysteresis_partial_rebalance_turnover_control_v0,20B_P4_TURNCTL_v0,-0.0419999329509,-0.000733385184811
F_MIX333_XD7_R050_C040,2024-11,gross_shadow,2024-11-29,10733143,10816401,0.00775709407766,False,20B_P4_top_region_hysteresis_partial_rebalance_turnover_control_v0,20B_P4_TURNCTL_v0,0.00743434136436,-0.000322752713304
F_MIX333_XD7_R050_C040,2024-11,reference_net,2024-11-29,10721784.7811,10803618.8224,0.00763250177103,False,20B_P4_top_region_hysteresis_partial_rebalance_turnover_control_v0,20B_P4_TURNCTL_v0,0.00728422719772,-0.000348274573304
F_MIX333_XD7_R050_C040,2024-12,gross_shadow,2024-12-31,10816401,11092923,0.0255650654964,False,20B_P4_top_region_hysteresis_partial_rebalance_turnover_control_v0,20B_P4_TURNCTL_v0,0.023651486543,-0.00191357895342
F_MIX333_XD7_R050_C040,2024-12,reference_net,2024-12-31,10803618.8224,11078591.8182,0.0254519342417,False,20B_P4_top_region_hysteresis_partial_rebalance_turnover_control_v0,20B_P4_TURNCTL_v0,0.0235057852708,-0.00194614897094
F_MIX333_XD7_R050_C040,2025-01,gross_shadow,2025-01-27,11092923,10911725,-0.0163345585289,False,20B_P4_top_region_hysteresis_partial_rebalance_turnover_control_v0,20B_P4_TURNCTL_v0,-0.0159349720686,0.000399586460279
F_MIX333_XD7_R050_C040,2025-01,reference_net,2025-01-27,11078591.8182,10895696.5405,-0.0165088921707,False,20B_P4_top_region_hysteresis_partial_rebalance_turnover_control_v0,20B_P4_TURNCTL_v0,-0.0161371317804,0.000371760390253
F_MIX333_XD7_R050_C040,2025-02,gross_shadow,2025-02-28,10911725,10820435,-0.00836622990407,True,20B_P4_top_region_hysteresis_partial_rebalance_turnover_control_v0,20B_P4_TURNCTL_v0,-0.0079087507335,0.000457479170568
F_MIX333_XD7_R050_C040,2025-02,reference_net,2025-02-28,10895696.5405,10802710.2378,-0.00853422287546,True,20B_P4_top_region_hysteresis_partial_rebalance_turnover_control_v0,20B_P4_TURNCTL_v0,-0.00809581661659,0.000438406258869
F_MIX333_XD7_R050_C040,2025-03,gross_shadow,2025-03-31,10820435,10974414,0.014230389074,False,20B_P4_top_region_hysteresis_partial_rebalance_turnover_control_v0,20B_P4_TURNCTL_v0,0.0133980936076,-0.000832295466378
F_MIX333_XD7_R050_C040,2025-03,reference_net,2025-03-31,10802710.2378,10954839.8856,0.0140825445097,False,20B_P4_top_region_hysteresis_partial_rebalance_turnover_control_v0,20B_P4_TURNCTL_v0,0.0132233978829,-0.000859146626869
F_MIX333_XD7_R050_C040,2025-04,gross_shadow,2025-04-30,10974414,10816494,-0.0143898343912,False,20B_P4_top_region_hysteresis_partial_rebalance_turnover_control_v0,20B_P4_TURNCTL_v0,-0.0157743458108,-0.00138451141961
F_MIX333_XD7_R050_C040,2025-04,reference_net,2025-04-30,10954839.8856,10795159.9336,-0.0145762013537,False,20B_P4_top_region_hysteresis_partial_rebalance_turnover_control_v0,20B_P4_TURNCTL_v0,-0.0159994675217,-0.00142326616803
F_MIX333_XD7_R050_C040,2025-05,gross_shadow,2025-05-30,10816494,11071160,0.0235442279171,False,20B_P4_top_region_hysteresis_partial_rebalance_turnover_control_v0,20B_P4_TURNCTL_v0,0.0218567581682,-0.00168746974889
F_MIX333_XD7_R050_C040,2025-05,reference_net,2025-05-30,10795159.9336,11048152.9882,0.0234357856795,False,20B_P4_top_region_hysteresis_partial_rebalance_turnover_control_v0,20B_P4_TURNCTL_v0,0.021723831916,-0.00171195376346
F_MIX333_XD7_R050_C040,2025-06,gross_shadow,2025-06-30,11071160,11211134,0.0126431196008,False,20B_P4_top_region_hysteresis_partial_rebalance_turnover_control_v0,20B_P4_TURNCTL_v0,0.0120373412204,-0.000605778380407
F_MIX333_XD7_R050_C040,2025-06,reference_net,2025-06-30,11048152.9882,11186330.8247,0.0125068721132,False,20B_P4_top_region_hysteresis_partial_rebalance_turnover_control_v0,20B_P4_TURNCTL_v0,0.0118812499438,-0.000625622169358
F_MIX333_XD7_R050_C040,2025-07,gross_shadow,2025-07-31,11211134,11374769,0.0145957581098,False,20B_P4_top_region_hysteresis_partial_rebalance_turnover_control_v0,20B_P4_TURNCTL_v0,0.0159705014252,0.00137474331543
F_MIX333_XD7_R050_C040,2025-07,reference_net,2025-07-31,11186330.8247,11348092.5953,0.0144606639259,False,20B_P4_top_region_hysteresis_partial_rebalance_turnover_control_v0,20B_P4_TURNCTL_v0,0.0158245945545,0.00136393062857
F_MIX333_XD7_R050_C040,2025-08,gross_shadow,2025-08-29,11374769,11623950,0.0219064668478,True,20B_P4_top_region_hysteresis_partial_rebalance_turnover_control_v0,20B_P4_TURNCTL_v0,0.0214107382381,-0.000495728609723
F_MIX333_XD7_R050_C040,2025-08,reference_net,2025-08-29,11348092.5953,11595461.2216,0.0217982558912,True,20B_P4_top_region_hysteresis_partial_rebalance_turnover_control_v0,20B_P4_TURNCTL_v0,0.0212920604186,-0.000506195472564
F_MIX333_XD7_R050_C040,2025-09,gross_shadow,2025-09-30,11623950,11443793,-0.0154987762336,True,20B_P4_top_region_hysteresis_partial_rebalance_turnover_control_v0,20B_P4_TURNCTL_v0,-0.0146549819574,0.000843794276117
F_MIX333_XD7_R050_C040,2025-09,reference_net,2025-09-30,11595461.2216,11413242.0714,-0.0157146961848,True,20B_P4_top_region_hysteresis_partial_rebalance_turnover_control_v0,20B_P4_TURNCTL_v0,-0.0148953122943,0.000819383890479
F_MIX333_XD7_R050_C040,2025-10,gross_shadow,2025-10-31,11443793,11670526,0.0198127491471,False,20B_P4_top_region_hysteresis_partial_rebalance_turnover_control_v0,20B_P4_TURNCTL_v0,0.0176421257991,-0.00217062334793
F_MIX333_XD7_R050_C040,2025-10,reference_net,2025-10-31,11413242.0714,11637944.1618,0.0196878405807,False,20B_P4_top_region_hysteresis_partial_rebalance_turnover_control_v0,20B_P4_TURNCTL_v0,0.017504769152,-0.00218307142865
F_MIX333_XD7_R050_C040,2025-11,gross_shadow,2025-11-28,11670526,11565772,-0.00897594504309,False,20B_P4_top_region_hysteresis_partial_rebalance_turnover_control_v0,20B_P4_TURNCTL_v0,-0.00968857869009,-0.000712633646998
F_MIX333_XD7_R050_C040,2025-11,reference_net,2025-11-28,11637944.1618,11530648.7482,-0.00921944736359,False,20B_P4_top_region_hysteresis_partial_rebalance_turnover_control_v0,20B_P4_TURNCTL_v0,-0.00995710204626,-0.000737654682671
F_MIX333_XD7_R050_C040,2025-12,gross_shadow,2025-12-31,11565772,11783490,0.0188243378825,False,20B_P4_top_region_hysteresis_partial_rebalance_turnover_control_v0,20B_P4_TURNCTL_v0,0.0171802536106,-0.00164408427193
F_MIX333_XD7_R050_C040,2025-12,reference_net,2025-12-31,11530648.7482,11746139.0033,0.0186884762407,False,20B_P4_top_region_hysteresis_partial_rebalance_turnover_control_v0,20B_P4_TURNCTL_v0,0.0170218081883,-0.00166666805242
F_MIX333_XD7_R050_C040,2026-01,gross_shadow,2026-01-30,11783490,11956927,0.0147186444763,False,20B_P4_top_region_hysteresis_partial_rebalance_turnover_control_v0,20B_P4_TURNCTL_v0,0.0150287676854,0.00031012320908
F_MIX333_XD7_R050_C040,2026-01,reference_net,2026-01-30,11746139.0033,11917206.1352,0.0145636904,False,20B_P4_top_region_hysteresis_partial_rebalance_turnover_control_v0,20B_P4_TURNCTL_v0,0.0148684959055,0.000304805505502
F_MIX333_XD7_R050_C040,2026-02,gross_shadow,2026-02-27,11956927,12200795,0.0203955414297,False,20B_P4_top_region_hysteresis_partial_rebalance_turnover_control_v0,20B_P4_TURNCTL_v0,0.020391049042,-4.49238763744e-06
F_MIX333_XD7_R050_C040,2026-02,reference_net,2026-02-27,11917206.1352,12158496.9358,0.0202472624802,False,20B_P4_top_region_hysteresis_partial_rebalance_turnover_control_v0,20B_P4_TURNCTL_v0,0.0202325528075,-1.4709672773e-05
F_MIX333_XD7_R050_C040,2026-03,gross_shadow,2026-03-31,12200795,11974769,-0.0185255141161,False,20B_P4_top_region_hysteresis_partial_rebalance_turnover_control_v0,20B_P4_TURNCTL_v0,-0.0159986324444,0.00252688167169
F_MIX333_XD7_R050_C040,2026-03,reference_net,2026-03-31,12158496.9358,11930226.421,-0.0187745669604,False,20B_P4_top_region_hysteresis_partial_rebalance_turnover_control_v0,20B_P4_TURNCTL_v0,-0.0162685275383,0.00250603942214
F_MIX333_XD7_R050_C040,2026-04,gross_shadow,2026-04-30,11974769,12088309,0.00948160252611,True,20B_P4_top_region_hysteresis_partial_rebalance_turnover_control_v0,20B_P4_TURNCTL_v0,0.0130737020465,0.00359209952037
F_MIX333_XD7_R050_C040,2026-04,reference_net,2026-04-30,11930226.421,12041046.4648,0.00928901430028,True,20B_P4_top_region_hysteresis_partial_rebalance_turnover_control_v0,20B_P4_TURNCTL_v0,0.0128697478741,0.00358073357378
F_MIX333_XD7_R050_CNONE,2024-08,gross_shadow,2024-08-30,10000000,9668592,-0.0331408,False,20B_P4_top_region_hysteresis_partial_rebalance_turnover_control_v0,20B_P4_TURNCTL_v0,-0.0332539,-0.0001131
F_MIX333_XD7_R050_CNONE,2024-08,reference_net,2024-08-30,10000000,9661124.5516,-0.03388754484,False,20B_P4_top_region_hysteresis_partial_rebalance_turnover_control_v0,20B_P4_TURNCTL_v0,-0.03400009916,-0.00011255432
F_MIX333_XD7_R050_CNONE,2024-09,gross_shadow,2024-09-30,9668592,11192521,0.15761643474,False,20B_P4_top_region_hysteresis_partial_rebalance_turnover_control_v0,20B_P4_TURNCTL_v0,0.158862601049,0.00124616630858
F_MIX333_XD7_R050_CNONE,2024-09,reference_net,2024-09-30,9661124.5516,11183280.1454,0.157554701384,False,20B_P4_top_region_hysteresis_partial_rebalance_turnover_control_v0,20B_P4_TURNCTL_v0,0.158765209196,0.00121050781192
F_MIX333_XD7_R050_CNONE,2024-10,gross_shadow,2024-10-31,11192521,10733143,-0.0410433002538,True,20B_P4_top_region_hysteresis_partial_rebalance_turnover_control_v0,20B_P4_TURNCTL_v0,-0.0417565103154,-0.000713210061632
F_MIX333_XD7_R050_CNONE,2024-10,reference_net,2024-10-31,11183280.1454,10721784.7811,-0.0412665477661,True,20B_P4_top_region_hysteresis_partial_rebalance_turnover_control_v0,20B_P4_TURNCTL_v0,-0.0419999329509,-0.000733385184811
F_MIX333_XD7_R050_CNONE,2024-11,gross_shadow,2024-11-29,10733143,10816401,0.00775709407766,False,20B_P4_top_region_hysteresis_partial_rebalance_turnover_control_v0,20B_P4_TURNCTL_v0,0.00743434136436,-0.000322752713304
F_MIX333_XD7_R050_CNONE,2024-11,reference_net,2024-11-29,10721784.7811,10803618.8224,0.00763250177103,False,20B_P4_top_region_hysteresis_partial_rebalance_turnover_control_v0,20B_P4_TURNCTL_v0,0.00728422719772,-0.000348274573304
F_MIX333_XD7_R050_CNONE,2024-12,gross_shadow,2024-12-31,10816401,11092923,0.0255650654964,False,20B_P4_top_region_hysteresis_partial_rebalance_turnover_control_v0,20B_P4_TURNCTL_v0,0.023651486543,-0.00191357895342
F_MIX333_XD7_R050_CNONE,2024-12,reference_net,2024-12-31,10803618.8224,11078591.8182,0.0254519342417,False,20B_P4_top_region_hysteresis_partial_rebalance_turnover_control_v0,20B_P4_TURNCTL_v0,0.0235057852708,-0.00194614897094
F_MIX333_XD7_R050_CNONE,2025-01,gross_shadow,2025-01-27,11092923,10911725,-0.0163345585289,False,20B_P4_top_region_hysteresis_partial_rebalance_turnover_control_v0,20B_P4_TURNCTL_v0,-0.0159349720686,0.000399586460279
F_MIX333_XD7_R050_CNONE,2025-01,reference_net,2025-01-27,11078591.8182,10895696.5405,-0.0165088921707,False,20B_P4_top_region_hysteresis_partial_rebalance_turnover_control_v0,20B_P4_TURNCTL_v0,-0.0161371317804,0.000371760390253
F_MIX333_XD7_R050_CNONE,2025-02,gross_shadow,2025-02-28,10911725,10820435,-0.00836622990407,True,20B_P4_top_region_hysteresis_partial_rebalance_turnover_control_v0,20B_P4_TURNCTL_v0,-0.0079087507335,0.000457479170568
F_MIX333_XD7_R050_CNONE,2025-02,reference_net,2025-02-28,10895696.5405,10802710.2378,-0.00853422287546,True,20B_P4_top_region_hysteresis_partial_rebalance_turnover_control_v0,20B_P4_TURNCTL_v0,-0.00809581661659,0.000438406258869
F_MIX333_XD7_R050_CNONE,2025-03,gross_shadow,2025-03-31,10820435,10974414,0.014230389074,False,20B_P4_top_region_hysteresis_partial_rebalance_turnover_control_v0,20B_P4_TURNCTL_v0,0.0133980936076,-0.000832295466378
F_MIX333_XD7_R050_CNONE,2025-03,reference_net,2025-03-31,10802710.2378,10954839.8856,0.0140825445097,False,20B_P4_top_region_hysteresis_partial_rebalance_turnover_control_v0,20B_P4_TURNCTL_v0,0.0132233978829,-0.000859146626869
F_MIX333_XD7_R050_CNONE,2025-04,gross_shadow,2025-04-30,10974414,10816494,-0.0143898343912,False,20B_P4_top_region_hysteresis_partial_rebalance_turnover_control_v0,20B_P4_TURNCTL_v0,-0.0157743458108,-0.00138451141961
F_MIX333_XD7_R050_CNONE,2025-04,reference_net,2025-04-30,10954839.8856,10795159.9336,-0.0145762013537,False,20B_P4_top_region_hysteresis_partial_rebalance_turnover_control_v0,20B_P4_TURNCTL_v0,-0.0159994675217,-0.00142326616803
F_MIX333_XD7_R050_CNONE,2025-05,gross_shadow,2025-05-30,10816494,11071160,0.0235442279171,False,20B_P4_top_region_hysteresis_partial_rebalance_turnover_control_v0,20B_P4_TURNCTL_v0,0.0218567581682,-0.00168746974889
F_MIX333_XD7_R050_CNONE,2025-05,reference_net,2025-05-30,10795159.9336,11048152.9882,0.0234357856795,False,20B_P4_top_region_hysteresis_partial_rebalance_turnover_control_v0,20B_P4_TURNCTL_v0,0.021723831916,-0.00171195376346
F_MIX333_XD7_R050_CNONE,2025-06,gross_shadow,2025-06-30,11071160,11211134,0.0126431196008,False,20B_P4_top_region_hysteresis_partial_rebalance_turnover_control_v0,20B_P4_TURNCTL_v0,0.0120373412204,-0.000605778380407
F_MIX333_XD7_R050_CNONE,2025-06,reference_net,2025-06-30,11048152.9882,11186330.8247,0.0125068721132,False,20B_P4_top_region_hysteresis_partial_rebalance_turnover_control_v0,20B_P4_TURNCTL_v0,0.0118812499438,-0.000625622169358
F_MIX333_XD7_R050_CNONE,2025-07,gross_shadow,2025-07-31,11211134,11374769,0.0145957581098,False,20B_P4_top_region_hysteresis_partial_rebalance_turnover_control_v0,20B_P4_TURNCTL_v0,0.0159705014252,0.00137474331543
F_MIX333_XD7_R050_CNONE,2025-07,reference_net,2025-07-31,11186330.8247,11348092.5953,0.0144606639259,False,20B_P4_top_region_hysteresis_partial_rebalance_turnover_control_v0,20B_P4_TURNCTL_v0,0.0158245945545,0.00136393062857
F_MIX333_XD7_R050_CNONE,2025-08,gross_shadow,2025-08-29,11374769,11623950,0.0219064668478,True,20B_P4_top_region_hysteresis_partial_rebalance_turnover_control_v0,20B_P4_TURNCTL_v0,0.0214107382381,-0.000495728609723
F_MIX333_XD7_R050_CNONE,2025-08,reference_net,2025-08-29,11348092.5953,11595461.2216,0.0217982558912,True,20B_P4_top_region_hysteresis_partial_rebalance_turnover_control_v0,20B_P4_TURNCTL_v0,0.0212920604186,-0.000506195472564
F_MIX333_XD7_R050_CNONE,2025-09,gross_shadow,2025-09-30,11623950,11443793,-0.0154987762336,True,20B_P4_top_region_hysteresis_partial_rebalance_turnover_control_v0,20B_P4_TURNCTL_v0,-0.0146549819574,0.000843794276117
F_MIX333_XD7_R050_CNONE,2025-09,reference_net,2025-09-30,11595461.2216,11413242.0714,-0.0157146961848,True,20B_P4_top_region_hysteresis_partial_rebalance_turnover_control_v0,20B_P4_TURNCTL_v0,-0.0148953122943,0.000819383890479
F_MIX333_XD7_R050_CNONE,2025-10,gross_shadow,2025-10-31,11443793,11670526,0.0198127491471,False,20B_P4_top_region_hysteresis_partial_rebalance_turnover_control_v0,20B_P4_TURNCTL_v0,0.0176421257991,-0.00217062334793
F_MIX333_XD7_R050_CNONE,2025-10,reference_net,2025-10-31,11413242.0714,11637944.1618,0.0196878405807,False,20B_P4_top_region_hysteresis_partial_rebalance_turnover_control_v0,20B_P4_TURNCTL_v0,0.017504769152,-0.00218307142865
F_MIX333_XD7_R050_CNONE,2025-11,gross_shadow,2025-11-28,11670526,11565772,-0.00897594504309,False,20B_P4_top_region_hysteresis_partial_rebalance_turnover_control_v0,20B_P4_TURNCTL_v0,-0.00968857869009,-0.000712633646998
F_MIX333_XD7_R050_CNONE,2025-11,reference_net,2025-11-28,11637944.1618,11530648.7482,-0.00921944736359,False,20B_P4_top_region_hysteresis_partial_rebalance_turnover_control_v0,20B_P4_TURNCTL_v0,-0.00995710204626,-0.000737654682671
F_MIX333_XD7_R050_CNONE,2025-12,gross_shadow,2025-12-31,11565772,11783490,0.0188243378825,False,20B_P4_top_region_hysteresis_partial_rebalance_turnover_control_v0,20B_P4_TURNCTL_v0,0.0171802536106,-0.00164408427193
F_MIX333_XD7_R050_CNONE,2025-12,reference_net,2025-12-31,11530648.7482,11746139.0033,0.0186884762407,False,20B_P4_top_region_hysteresis_partial_rebalance_turnover_control_v0,20B_P4_TURNCTL_v0,0.0170218081883,-0.00166666805242
F_MIX333_XD7_R050_CNONE,2026-01,gross_shadow,2026-01-30,11783490,11956927,0.0147186444763,False,20B_P4_top_region_hysteresis_partial_rebalance_turnover_control_v0,20B_P4_TURNCTL_v0,0.0150287676854,0.00031012320908
F_MIX333_XD7_R050_CNONE,2026-01,reference_net,2026-01-30,11746139.0033,11917206.1352,0.0145636904,False,20B_P4_top_region_hysteresis_partial_rebalance_turnover_control_v0,20B_P4_TURNCTL_v0,0.0148684959055,0.000304805505502
F_MIX333_XD7_R050_CNONE,2026-02,gross_shadow,2026-02-27,11956927,12200795,0.0203955414297,False,20B_P4_top_region_hysteresis_partial_rebalance_turnover_control_v0,20B_P4_TURNCTL_v0,0.020391049042,-4.49238763744e-06
F_MIX333_XD7_R050_CNONE,2026-02,reference_net,2026-02-27,11917206.1352,12158496.9358,0.0202472624802,False,20B_P4_top_region_hysteresis_partial_rebalance_turnover_control_v0,20B_P4_TURNCTL_v0,0.0202325528075,-1.4709672773e-05
F_MIX333_XD7_R050_CNONE,2026-03,gross_shadow,2026-03-31,12200795,11974769,-0.0185255141161,False,20B_P4_top_region_hysteresis_partial_rebalance_turnover_control_v0,20B_P4_TURNCTL_v0,-0.0159986324444,0.00252688167169
F_MIX333_XD7_R050_CNONE,2026-03,reference_net,2026-03-31,12158496.9358,11930226.421,-0.0187745669604,False,20B_P4_top_region_hysteresis_partial_rebalance_turnover_control_v0,20B_P4_TURNCTL_v0,-0.0162685275383,0.00250603942214
F_MIX333_XD7_R050_CNONE,2026-04,gross_shadow,2026-04-30,11974769,12088309,0.00948160252611,True,20B_P4_top_region_hysteresis_partial_rebalance_turnover_control_v0,20B_P4_TURNCTL_v0,0.0130737020465,0.00359209952037
F_MIX333_XD7_R050_CNONE,2026-04,reference_net,2026-04-30,11930226.421,12041046.4648,0.00928901430028,True,20B_P4_top_region_hysteresis_partial_rebalance_turnover_control_v0,20B_P4_TURNCTL_v0,0.0128697478741,0.00358073357378
F_MIX333_XD7_R100_C020,2024-08,gross_shadow,2024-08-30,10000000,9668592,-0.0331408,False,20B_P4_top_region_hysteresis_partial_rebalance_turnover_control_v0,20B_P4_TURNCTL_v0,-0.0332539,-0.0001131
F_MIX333_XD7_R100_C020,2024-08,reference_net,2024-08-30,10000000,9661124.5516,-0.03388754484,False,20B_P4_top_region_hysteresis_partial_rebalance_turnover_control_v0,20B_P4_TURNCTL_v0,-0.03400009916,-0.00011255432
F_MIX333_XD7_R100_C020,2024-09,gross_shadow,2024-09-30,9668592,11453200,0.184577857872,False,20B_P4_top_region_hysteresis_partial_rebalance_turnover_control_v0,20B_P4_TURNCTL_v0,0.158862601049,-0.0257152568231
F_MIX333_XD7_R100_C020,2024-09,reference_net,2024-09-30,9661124.5516,11441705.6316,0.184303708174,False,20B_P4_top_region_hysteresis_partial_rebalance_turnover_control_v0,20B_P4_TURNCTL_v0,0.158765209196,-0.0255384989781
F_MIX333_XD7_R100_C020,2024-10,gross_shadow,2024-10-31,11453200,11099571,-0.0308759997206,True,20B_P4_top_region_hysteresis_partial_rebalance_turnover_control_v0,20B_P4_TURNCTL_v0,-0.0417565103154,-0.0108805105948
F_MIX333_XD7_R100_C020,2024-10,reference_net,2024-10-31,11441705.6316,11084122.5746,-0.0312526006606,True,20B_P4_top_region_hysteresis_partial_rebalance_turnover_control_v0,20B_P4_TURNCTL_v0,-0.0419999329509,-0.0107473322903
F_MIX333_XD7_R100_C020,2024-11,gross_shadow,2024-11-29,11099571,11205618,0.00955415303889,False,20B_P4_top_region_hysteresis_partial_rebalance_turnover_control_v0,20B_P4_TURNCTL_v0,0.00743434136436,-0.00211981167453
F_MIX333_XD7_R100_C020,2024-11,reference_net,2024-11-29,11084122.5746,11188077.5824,0.00937873134479,False,20B_P4_top_region_hysteresis_partial_rebalance_turnover_control_v0,20B_P4_TURNCTL_v0,0.00728422719772,-0.00209450414707
F_MIX333_XD7_R100_C020,2024-12,gross_shadow,2024-12-31,11205618,11488079,0.0252070880874,False,20B_P4_top_region_hysteresis_partial_rebalance_turnover_control_v0,20B_P4_TURNCTL_v0,0.023651486543,-0.00155560154447
F_MIX333_XD7_R100_C020,2024-12,reference_net,2024-12-31,11188077.5824,11468164.5045,0.0250344100679,False,20B_P4_top_region_hysteresis_partial_rebalance_turnover_control_v0,20B_P4_TURNCTL_v0,0.0235057852708,-0.00152862479712
F_MIX333_XD7_R100_C020,2025-01,gross_shadow,2025-01-27,11488079,11217052,-0.0235920209114,False,20B_P4_top_region_hysteresis_partial_rebalance_turnover_control_v0,20B_P4_TURNCTL_v0,-0.0159349720686,0.0076570488428
F_MIX333_XD7_R100_C020,2025-01,reference_net,2025-01-27,11468164.5045,11194639.2558,-0.0238508305852,False,20B_P4_top_region_hysteresis_partial_rebalance_turnover_control_v0,20B_P4_TURNCTL_v0,-0.0161371317804,0.00771369880478
F_MIX333_XD7_R100_C020,2025-02,gross_shadow,2025-02-28,11217052,11141200,-0.00676220454358,True,20B_P4_top_region_hysteresis_partial_rebalance_turnover_control_v0,20B_P4_TURNCTL_v0,-0.0079087507335,-0.00114654618992
F_MIX333_XD7_R100_C020,2025-02,reference_net,2025-02-28,11194639.2558,11116420.7455,-0.0069871398714,True,20B_P4_top_region_hysteresis_partial_rebalance_turnover_control_v0,20B_P4_TURNCTL_v0,-0.00809581661659,-0.00110867674519
F_MIX333_XD7_R100_C020,2025-03,gross_shadow,2025-03-31,11141200,11241612,0.00901267367968,False,20B_P4_top_region_hysteresis_partial_rebalance_turnover_control_v0,20B_P4_TURNCTL_v0,0.0133980936076,0.00438541992795
F_MIX333_XD7_R100_C020,2025-03,reference_net,2025-03-31,11116420.7455,11214430.2437,0.00881664166047,False,20B_P4_top_region_hysteresis_partial_rebalance_turnover_control_v0,20B_P4_TURNCTL_v0,0.0132233978829,0.00440675622238
F_MIX333_XD7_R100_C020,2025-04,gross_shadow,2025-04-30,11241612,11050433,-0.0170063688375,False,20B_P4_top_region_hysteresis_partial_rebalance_turnover_control_v0,20B_P4_TURNCTL_v0,-0.0157743458108,0.00123202302672
F_MIX333_XD7_R100_C020,2025-04,reference_net,2025-04-30,11214430.2437,11021160.8045,-0.0172339953978,False,20B_P4_top_region_hysteresis_partial_rebalance_turnover_control_v0,20B_P4_TURNCTL_v0,-0.0159994675217,0.00123452787609
F_MIX333_XD7_R100_C020,2025-05,gross_shadow,2025-05-30,11050433,11334802,0.0257337427411,False,20B_P4_top_region_hysteresis_partial_rebalance_turnover_control_v0,20B_P4_TURNCTL_v0,0.0218567581682,-0.00387698457291
F_MIX333_XD7_R100_C020,2025-05,reference_net,2025-05-30,11021160.8045,11303357.4401,0.0256049830508,False,20B_P4_top_region_hysteresis_partial_rebalance_turnover_control_v0,20B_P4_TURNCTL_v0,0.021723831916,-0.00388115113474
F_MIX333_XD7_R100_C020,2025-06,gross_shadow,2025-06-30,11334802,11538755,0.0179935211925,False,20B_P4_top_region_hysteresis_partial_rebalance_turnover_control_v0,20B_P4_TURNCTL_v0,0.0120373412204,-0.00595617997209
F_MIX333_XD7_R100_C020,2025-06,reference_net,2025-06-30,11303357.4401,11504801.5902,0.0178216207978,False,20B_P4_top_region_hysteresis_partial_rebalance_turnover_control_v0,20B_P4_TURNCTL_v0,0.0118812499438,-0.00594037085399
F_MIX333_XD7_R100_C020,2025-07,gross_shadow,2025-07-31,11538755,11784141,0.0212662457951,False,20B_P4_top_region_hysteresis_partial_rebalance_turnover_control_v0,20B_P4_TURNCTL_v0,0.0159705014252,-0.00529574436997
F_MIX333_XD7_R100_C020,2025-07,reference_net,2025-07-31,11504801.5902,11747822.197,0.0211234070362,False,20B_P4_top_region_hysteresis_partial_rebalance_turnover_control_v0,20B_P4_TURNCTL_v0,0.0158245945545,-0.00529881248173
F_MIX333_XD7_R100_C020,2025-08,gross_shadow,2025-08-29,11784141,12162423,0.0321009397291,True,20B_P4_top_region_hysteresis_partial_rebalance_turnover_control_v0,20B_P4_TURNCTL_v0,0.0214107382381,-0.010690201491
F_MIX333_XD7_R100_C020,2025-08,reference_net,2025-08-29,11747822.197,12123933.748,0.032015427596,True,20B_P4_top_region_hysteresis_partial_rebalance_turnover_control_v0,20B_P4_TURNCTL_v0,0.0212920604186,-0.0107233671774
F_MIX333_XD7_R100_C020,2025-09,gross_shadow,2025-09-30,12162423,11956345,-0.0169438277225,True,20B_P4_top_region_hysteresis_partial_rebalance_turnover_control_v0,20B_P4_TURNCTL_v0,-0.0146549819574,0.00228884576505
F_MIX333_XD7_R100_C020,2025-09,reference_net,2025-09-30,12123933.748,11915472.572,-0.0171941863353,True,20B_P4_top_region_hysteresis_partial_rebalance_turnover_control_v0,20B_P4_TURNCTL_v0,-0.0148953122943,0.00229887404099
F_MIX333_XD7_R100_C020,2025-10,gross_shadow,2025-10-31,11956345,12164699,0.0174262285004,False,20B_P4_top_region_hysteresis_partial_rebalance_turnover_control_v0,20B_P4_TURNCTL_v0,0.0176421257991,0.000215897298707
F_MIX333_XD7_R100_C020,2025-10,reference_net,2025-10-31,11915472.572,12121618.0359,0.0173006536353,False,20B_P4_top_region_hysteresis_partial_rebalance_turnover_control_v0,20B_P4_TURNCTL_v0,0.017504769152,0.000204115516675
F_MIX333_XD7_R100_C020,2025-11,gross_shadow,2025-11-28,12164699,12032074,-0.0109024481411,False,20B_P4_top_region_hysteresis_partial_rebalance_turnover_control_v0,20B_P4_TURNCTL_v0,-0.00968857869009,0.00121386945104
F_MIX333_XD7_R100_C020,2025-11,reference_net,2025-11-28,12121618.0359,11986757.9952,-0.0111255807872,False,20B_P4_top_region_hysteresis_partial_rebalance_turnover_control_v0,20B_P4_TURNCTL_v0,-0.00995710204626,0.00116847874095
F_MIX333_XD7_R100_C020,2025-12,gross_shadow,2025-12-31,12032074,12263759,0.0192556162803,False,20B_P4_top_region_hysteresis_partial_rebalance_turnover_control_v0,20B_P4_TURNCTL_v0,0.0171802536106,-0.00207536266971
F_MIX333_XD7_R100_C020,2025-12,reference_net,2025-12-31,11986757.9952,12216252.0551,0.0191456322062,False,20B_P4_top_region_hysteresis_partial_rebalance_turnover_control_v0,20B_P4_TURNCTL_v0,0.0170218081883,-0.00212382401792
F_MIX333_XD7_R100_C020,2026-01,gross_shadow,2026-01-30,12263759,12507958,0.019912247134,False,20B_P4_top_region_hysteresis_partial_rebalance_turnover_control_v0,20B_P4_TURNCTL_v0,0.0150287676854,-0.00488347944864
F_MIX333_XD7_R100_C020,2026-01,reference_net,2026-01-30,12216252.0551,12458320.7235,0.0198152974692,False,20B_P4_top_region_hysteresis_partial_rebalance_turnover_control_v0,20B_P4_TURNCTL_v0,0.0148684959055,-0.00494680156369
F_MIX333_XD7_R100_C020,2026-02,gross_shadow,2026-02-27,12507958,12838817,0.0264518796753,False,20B_P4_top_region_hysteresis_partial_rebalance_turnover_control_v0,20B_P4_TURNCTL_v0,0.020391049042,-0.00606083063329
F_MIX333_XD7_R100_C020,2026-02,reference_net,2026-02-27,12458320.7235,12787062.7202,0.0263873441699,False,20B_P4_top_region_hysteresis_partial_rebalance_turnover_control_v0,20B_P4_TURNCTL_v0,0.0202325528075,-0.00615479136242
F_MIX333_XD7_R100_C020,2026-03,gross_shadow,2026-03-31,12838817,12525086,-0.024436129902,False,20B_P4_top_region_hysteresis_partial_rebalance_turnover_control_v0,20B_P4_TURNCTL_v0,-0.0159986324444,0.0084374974576
F_MIX333_XD7_R100_C020,2026-03,reference_net,2026-03-31,12787062.7202,12471317.164,-0.0246925789838,False,20B_P4_top_region_hysteresis_partial_rebalance_turnover_control_v0,20B_P4_TURNCTL_v0,-0.0162685275383,0.00842405144551
F_MIX333_XD7_R100_C020,2026-04,gross_shadow,2026-04-30,12525086,12648975,0.00989126940925,True,20B_P4_top_region_hysteresis_partial_rebalance_turnover_control_v0,20B_P4_TURNCTL_v0,0.0130737020465,0.00318243263723
F_MIX333_XD7_R100_C020,2026-04,reference_net,2026-04-30,12471317.164,12593181.8641,0.00977159817421,True,20B_P4_top_region_hysteresis_partial_rebalance_turnover_control_v0,20B_P4_TURNCTL_v0,0.0128697478741,0.00309814969985
F_MIX333_XD7_R100_C030,2024-08,gross_shadow,2024-08-30,10000000,9668592,-0.0331408,False,20B_P4_top_region_hysteresis_partial_rebalance_turnover_control_v0,20B_P4_TURNCTL_v0,-0.0332539,-0.0001131
F_MIX333_XD7_R100_C030,2024-08,reference_net,2024-08-30,10000000,9661124.5516,-0.03388754484,False,20B_P4_top_region_hysteresis_partial_rebalance_turnover_control_v0,20B_P4_TURNCTL_v0,-0.03400009916,-0.00011255432
F_MIX333_XD7_R100_C030,2024-09,gross_shadow,2024-09-30,9668592,11454093,0.184670218787,False,20B_P4_top_region_hysteresis_partial_rebalance_turnover_control_v0,20B_P4_TURNCTL_v0,0.158862601049,-0.0258076177377
F_MIX333_XD7_R100_C030,2024-09,reference_net,2024-09-30,9661124.5516,11442593.4056,0.184395599544,False,20B_P4_top_region_hysteresis_partial_rebalance_turnover_control_v0,20B_P4_TURNCTL_v0,0.158765209196,-0.025630390348
F_MIX333_XD7_R100_C030,2024-10,gross_shadow,2024-10-31,11454093,10976309,-0.0417129492488,True,20B_P4_top_region_hysteresis_partial_rebalance_turnover_control_v0,20B_P4_TURNCTL_v0,-0.0417565103154,-4.35610666387e-05
F_MIX333_XD7_R100_C030,2024-10,reference_net,2024-10-31,11442593.4056,10959187.2151,-0.0422462088162,True,20B_P4_top_region_hysteresis_partial_rebalance_turnover_control_v0,20B_P4_TURNCTL_v0,-0.0419999329509,0.00024627586529
F_MIX333_XD7_R100_C030,2024-11,gross_shadow,2024-11-29,10976309,11073138,0.00882163576117,False,20B_P4_top_region_hysteresis_partial_rebalance_turnover_control_v0,20B_P4_TURNCTL_v0,0.00743434136436,-0.00138729439681
F_MIX333_XD7_R100_C030,2024-11,reference_net,2024-11-29,10959187.2151,11053021.7628,0.00856218128752,False,20B_P4_top_region_hysteresis_partial_rebalance_turnover_control_v0,20B_P4_TURNCTL_v0,0.00728422719772,-0.0012779540898
F_MIX333_XD7_R100_C030,2024-12,gross_shadow,2024-12-31,11073138,11411942,0.0305969274473,False,20B_P4_top_region_hysteresis_partial_rebalance_turnover_control_v0,20B_P4_TURNCTL_v0,0.023651486543,-0.00694544090435
F_MIX333_XD7_R100_C030,2024-12,reference_net,2024-12-31,11053021.7628,11388289.9204,0.0303327148651,False,20B_P4_top_region_hysteresis_partial_rebalance_turnover_control_v0,20B_P4_TURNCTL_v0,0.0235057852708,-0.0068269295943
F_MIX333_XD7_R100_C030,2025-01,gross_shadow,2025-01-27,11411942,11122714,-0.0253443278979,False,20B_P4_top_region_hysteresis_partial_rebalance_turnover_control_v0,20B_P4_TURNCTL_v0,-0.0159349720686,0.0094093558293
F_MIX333_XD7_R100_C030,2025-01,reference_net,2025-01-27,11388289.9204,11095123.8568,-0.0257427643289,False,20B_P4_top_region_hysteresis_partial_rebalance_turnover_control_v0,20B_P4_TURNCTL_v0,-0.0161371317804,0.00960563254853
F_MIX333_XD7_R100_C030,2025-02,gross_shadow,2025-02-28,11122714,11007259,-0.0103801104658,True,20B_P4_top_region_hysteresis_partial_rebalance_turnover_control_v0,20B_P4_TURNCTL_v0,-0.0079087507335,0.00247135973234
F_MIX333_XD7_R100_C030,2025-02,reference_net,2025-02-28,11095123.8568,10976761.7797,-0.0106679365383,True,20B_P4_top_region_hysteresis_partial_rebalance_turnover_control_v0,20B_P4_TURNCTL_v0,-0.00809581661659,0.00257211992176
F_MIX333_XD7_R100_C030,2025-03,gross_shadow,2025-03-31,11007259,11165325,0.0143601599635,False,20B_P4_top_region_hysteresis_partial_rebalance_turnover_control_v0,20B_P4_TURNCTL_v0,0.0133980936076,-0.0009620663559
F_MIX333_XD7_R100_C030,2025-03,reference_net,2025-03-31,10976761.7797,11130319.5477,0.0139893505163,False,20B_P4_top_region_hysteresis_partial_rebalance_turnover_control_v0,20B_P4_TURNCTL_v0,0.0132233978829,-0.000765952633485
F_MIX333_XD7_R100_C030,2025-04,gross_shadow,2025-04-30,11165325,10982777,-0.0163495464754,False,20B_P4_top_region_hysteresis_partial_rebalance_turnover_control_v0,20B_P4_TURNCTL_v0,-0.0157743458108,0.000575200664589
F_MIX333_XD7_R100_C030,2025-04,reference_net,2025-04-30,11130319.5477,10943328.2794,-0.016800170702,False,20B_P4_top_region_hysteresis_partial_rebalance_turnover_control_v0,20B_P4_TURNCTL_v0,-0.0159994675217,0.000800703180294
F_MIX333_XD7_R100_C030,2025-05,gross_shadow,2025-05-30,10982777,11324941,0.0311545977852,False,20B_P4_top_region_hysteresis_partial_rebalance_turnover_control_v0,20B_P4_TURNCTL_v0,0.0218567581682,-0.00929783961703
F_MIX333_XD7_R100_C030,2025-05,reference_net,2025-05-30,10943328.2794,11281901.1348,0.0309387461289,False,20B_P4_top_region_hysteresis_partial_rebalance_turnover_control_v0,20B_P4_TURNCTL_v0,0.021723831916,-0.00921491421285
F_MIX333_XD7_R100_C030,2025-06,gross_shadow,2025-06-30,11324941,11633552,0.0272505613937,False,20B_P4_top_region_hysteresis_partial_rebalance_turnover_control_v0,20B_P4_TURNCTL_v0,0.0120373412204,-0.0152132201732
F_MIX333_XD7_R100_C030,2025-06,reference_net,2025-06-30,11281901.1348,11585971.1018,0.0269520148579,False,20B_P4_top_region_hysteresis_partial_rebalance_turnover_control_v0,20B_P4_TURNCTL_v0,0.0118812499438,-0.0150707649141
F_MIX333_XD7_R100_C030,2025-07,gross_shadow,2025-07-31,11633552,11903374,0.0231934322381,False,20B_P4_top_region_hysteresis_partial_rebalance_turnover_control_v0,20B_P4_TURNCTL_v0,0.0159705014252,-0.00722293081288
F_MIX333_XD7_R100_C030,2025-07,reference_net,2025-07-31,11585971.1018,11851098.2688,0.0228834652452,False,20B_P4_top_region_hysteresis_partial_rebalance_turnover_control_v0,20B_P4_TURNCTL_v0,0.0158245945545,-0.00705887069072
F_MIX333_XD7_R100_C030,2025-08,gross_shadow,2025-08-29,11903374,12511468,0.0510858517929,True,20B_P4_top_region_hysteresis_partial_rebalance_turnover_control_v0,20B_P4_TURNCTL_v0,0.0214107382381,-0.0296751135549
F_MIX333_XD7_R100_C030,2025-08,reference_net,2025-08-29,11851098.2688,12455438.3448,0.0509944363138,True,20B_P4_top_region_hysteresis_partial_rebalance_turnover_control_v0,20B_P4_TURNCTL_v0,0.0212920604186,-0.0297023758952
F_MIX333_XD7_R100_C030,2025-09,gross_shadow,2025-09-30,12511468,12332124,-0.0143343690764,True,20B_P4_top_region_hysteresis_partial_rebalance_turnover_control_v0,20B_P4_TURNCTL_v0,-0.0146549819574,-0.000320612881
F_MIX333_XD7_R100_C030,2025-09,reference_net,2025-09-30,12455438.3448,12270355.1376,-0.0148596301525,True,20B_P4_top_region_hysteresis_partial_rebalance_turnover_control_v0,20B_P4_TURNCTL_v0,-0.0148953122943,-3.5682141859e-05
F_MIX333_XD7_R100_C030,2025-10,gross_shadow,2025-10-31,12332124,12569173,0.0192220739915,False,20B_P4_top_region_hysteresis_partial_rebalance_turnover_control_v0,20B_P4_TURNCTL_v0,0.0176421257991,-0.00157994819233
F_MIX333_XD7_R100_C030,2025-10,reference_net,2025-10-31,12270355.1376,12502114.879,0.0188877778052,False,20B_P4_top_region_hysteresis_partial_rebalance_turnover_control_v0,20B_P4_TURNCTL_v0,0.017504769152,-0.00138300865322
F_MIX333_XD7_R100_C030,2025-11,gross_shadow,2025-11-28,12569173,12403033,-0.0132180534073,False,20B_P4_top_region_hysteresis_partial_rebalance_turnover_control_v0,20B_P4_TURNCTL_v0,-0.00968857869009,0.00352947471724
F_MIX333_XD7_R100_C030,2025-11,reference_net,2025-11-28,12502114.879,12330682.2037,-0.013712294035,False,20B_P4_top_region_hysteresis_partial_rebalance_turnover_control_v0,20B_P4_TURNCTL_v0,-0.00995710204626,0.00375519198871
F_MIX333_XD7_R100_C030,2025-12,gross_shadow,2025-12-31,12403033,12631372,0.0184099324738,False,20B_P4_top_region_hysteresis_partial_rebalance_turnover_control_v0,20B_P4_TURNCTL_v0,0.0171802536106,-0.0012296788632
F_MIX333_XD7_R100_C030,2025-12,reference_net,2025-12-31,12330682.2037,12555137.8188,0.0182030167789,False,20B_P4_top_region_hysteresis_partial_rebalance_turnover_control_v0,20B_P4_TURNCTL_v0,0.0170218081883,-0.00118120859064
F_MIX333_XD7_R100_C030,2026-01,gross_shadow,2026-01-30,12631372,12842748,0.0167342074954,False,20B_P4_top_region_hysteresis_partial_rebalance_turnover_control_v0,20B_P4_TURNCTL_v0,0.0150287676854,-0.00170543981006
F_MIX333_XD7_R100_C030,2026-01,reference_net,2026-01-30,12555137.8188,12763062.8197,0.0165609493047,False,20B_P4_top_region_hysteresis_partial_rebalance_turnover_control_v0,20B_P4_TURNCTL_v0,0.0148684959055,-0.00169245339917
F_MIX333_XD7_R100_C030,2026-02,gross_shadow,2026-02-27,12842748,13168622,0.0253741644701,False,20B_P4_top_region_hysteresis_partial_rebalance_turnover_control_v0,20B_P4_TURNCTL_v0,0.020391049042,-0.00498311542807
F_MIX333_XD7_R100_C030,2026-02,reference_net,2026-02-27,12763062.8197,13085714.9537,0.02528014933,False,20B_P4_top_region_hysteresis_partial_rebalance_turnover_control_v0,20B_P4_TURNCTL_v0,0.0202325528075,-0.00504759652251
F_MIX333_XD7_R100_C030,2026-03,gross_shadow,2026-03-31,13168622,12769461,-0.0303115238633,False,20B_P4_top_region_hysteresis_partial_rebalance_turnover_control_v0,20B_P4_TURNCTL_v0,-0.0159986324444,0.0143128914189
F_MIX333_XD7_R100_C030,2026-03,reference_net,2026-03-31,13085714.9537,12683303.9621,-0.0307519301035,False,20B_P4_top_region_hysteresis_partial_rebalance_turnover_control_v0,20B_P4_TURNCTL_v0,-0.0162685275383,0.0144834025652
F_MIX333_XD7_R100_C030,2026-04,gross_shadow,2026-04-30,12769461,12972980,0.0159379475766,True,20B_P4_top_region_hysteresis_partial_rebalance_turnover_control_v0,20B_P4_TURNCTL_v0,0.0130737020465,-0.00286424553016
F_MIX333_XD7_R100_C030,2026-04,reference_net,2026-04-30,12683303.9621,12882831.667,0.0157315243352,True,20B_P4_top_region_hysteresis_partial_rebalance_turnover_control_v0,20B_P4_TURNCTL_v0,0.0128697478741,-0.00286177646111
F_MIX333_XD7_R100_C040,2024-08,gross_shadow,2024-08-30,10000000,9668592,-0.0331408,False,20B_P4_top_region_hysteresis_partial_rebalance_turnover_control_v0,20B_P4_TURNCTL_v0,-0.0332539,-0.0001131
F_MIX333_XD7_R100_C040,2024-08,reference_net,2024-08-30,10000000,9661124.5516,-0.03388754484,False,20B_P4_top_region_hysteresis_partial_rebalance_turnover_control_v0,20B_P4_TURNCTL_v0,-0.03400009916,-0.00011255432
F_MIX333_XD7_R100_C040,2024-09,gross_shadow,2024-09-30,9668592,11454093,0.184670218787,False,20B_P4_top_region_hysteresis_partial_rebalance_turnover_control_v0,20B_P4_TURNCTL_v0,0.158862601049,-0.0258076177377
F_MIX333_XD7_R100_C040,2024-09,reference_net,2024-09-30,9661124.5516,11442593.4056,0.184395599544,False,20B_P4_top_region_hysteresis_partial_rebalance_turnover_control_v0,20B_P4_TURNCTL_v0,0.158765209196,-0.025630390348
F_MIX333_XD7_R100_C040,2024-10,gross_shadow,2024-10-31,11454093,10976309,-0.0417129492488,True,20B_P4_top_region_hysteresis_partial_rebalance_turnover_control_v0,20B_P4_TURNCTL_v0,-0.0417565103154,-4.35610666387e-05
F_MIX333_XD7_R100_C040,2024-10,reference_net,2024-10-31,11442593.4056,10959187.2151,-0.0422462088162,True,20B_P4_top_region_hysteresis_partial_rebalance_turnover_control_v0,20B_P4_TURNCTL_v0,-0.0419999329509,0.00024627586529
F_MIX333_XD7_R100_C040,2024-11,gross_shadow,2024-11-29,10976309,11073138,0.00882163576117,False,20B_P4_top_region_hysteresis_partial_rebalance_turnover_control_v0,20B_P4_TURNCTL_v0,0.00743434136436,-0.00138729439681
F_MIX333_XD7_R100_C040,2024-11,reference_net,2024-11-29,10959187.2151,11053021.7628,0.00856218128752,False,20B_P4_top_region_hysteresis_partial_rebalance_turnover_control_v0,20B_P4_TURNCTL_v0,0.00728422719772,-0.0012779540898
F_MIX333_XD7_R100_C040,2024-12,gross_shadow,2024-12-31,11073138,11411942,0.0305969274473,False,20B_P4_top_region_hysteresis_partial_rebalance_turnover_control_v0,20B_P4_TURNCTL_v0,0.023651486543,-0.00694544090435
F_MIX333_XD7_R100_C040,2024-12,reference_net,2024-12-31,11053021.7628,11388289.9204,0.0303327148651,False,20B_P4_top_region_hysteresis_partial_rebalance_turnover_control_v0,20B_P4_TURNCTL_v0,0.0235057852708,-0.0068269295943
F_MIX333_XD7_R100_C040,2025-01,gross_shadow,2025-01-27,11411942,11122714,-0.0253443278979,False,20B_P4_top_region_hysteresis_partial_rebalance_turnover_control_v0,20B_P4_TURNCTL_v0,-0.0159349720686,0.0094093558293
F_MIX333_XD7_R100_C040,2025-01,reference_net,2025-01-27,11388289.9204,11095123.8568,-0.0257427643289,False,20B_P4_top_region_hysteresis_partial_rebalance_turnover_control_v0,20B_P4_TURNCTL_v0,-0.0161371317804,0.00960563254853
F_MIX333_XD7_R100_C040,2025-02,gross_shadow,2025-02-28,11122714,11007259,-0.0103801104658,True,20B_P4_top_region_hysteresis_partial_rebalance_turnover_control_v0,20B_P4_TURNCTL_v0,-0.0079087507335,0.00247135973234
F_MIX333_XD7_R100_C040,2025-02,reference_net,2025-02-28,11095123.8568,10976761.7797,-0.0106679365383,True,20B_P4_top_region_hysteresis_partial_rebalance_turnover_control_v0,20B_P4_TURNCTL_v0,-0.00809581661659,0.00257211992176
F_MIX333_XD7_R100_C040,2025-03,gross_shadow,2025-03-31,11007259,11165325,0.0143601599635,False,20B_P4_top_region_hysteresis_partial_rebalance_turnover_control_v0,20B_P4_TURNCTL_v0,0.0133980936076,-0.0009620663559
F_MIX333_XD7_R100_C040,2025-03,reference_net,2025-03-31,10976761.7797,11130319.5477,0.0139893505163,False,20B_P4_top_region_hysteresis_partial_rebalance_turnover_control_v0,20B_P4_TURNCTL_v0,0.0132233978829,-0.000765952633485
F_MIX333_XD7_R100_C040,2025-04,gross_shadow,2025-04-30,11165325,10982777,-0.0163495464754,False,20B_P4_top_region_hysteresis_partial_rebalance_turnover_control_v0,20B_P4_TURNCTL_v0,-0.0157743458108,0.000575200664589
F_MIX333_XD7_R100_C040,2025-04,reference_net,2025-04-30,11130319.5477,10943328.2794,-0.016800170702,False,20B_P4_top_region_hysteresis_partial_rebalance_turnover_control_v0,20B_P4_TURNCTL_v0,-0.0159994675217,0.000800703180294
F_MIX333_XD7_R100_C040,2025-05,gross_shadow,2025-05-30,10982777,11324941,0.0311545977852,False,20B_P4_top_region_hysteresis_partial_rebalance_turnover_control_v0,20B_P4_TURNCTL_v0,0.0218567581682,-0.00929783961703
F_MIX333_XD7_R100_C040,2025-05,reference_net,2025-05-30,10943328.2794,11281901.1348,0.0309387461289,False,20B_P4_top_region_hysteresis_partial_rebalance_turnover_control_v0,20B_P4_TURNCTL_v0,0.021723831916,-0.00921491421285
F_MIX333_XD7_R100_C040,2025-06,gross_shadow,2025-06-30,11324941,11633552,0.0272505613937,False,20B_P4_top_region_hysteresis_partial_rebalance_turnover_control_v0,20B_P4_TURNCTL_v0,0.0120373412204,-0.0152132201732
F_MIX333_XD7_R100_C040,2025-06,reference_net,2025-06-30,11281901.1348,11585971.1018,0.0269520148579,False,20B_P4_top_region_hysteresis_partial_rebalance_turnover_control_v0,20B_P4_TURNCTL_v0,0.0118812499438,-0.0150707649141
F_MIX333_XD7_R100_C040,2025-07,gross_shadow,2025-07-31,11633552,11903374,0.0231934322381,False,20B_P4_top_region_hysteresis_partial_rebalance_turnover_control_v0,20B_P4_TURNCTL_v0,0.0159705014252,-0.00722293081288
F_MIX333_XD7_R100_C040,2025-07,reference_net,2025-07-31,11585971.1018,11851098.2688,0.0228834652452,False,20B_P4_top_region_hysteresis_partial_rebalance_turnover_control_v0,20B_P4_TURNCTL_v0,0.0158245945545,-0.00705887069072
F_MIX333_XD7_R100_C040,2025-08,gross_shadow,2025-08-29,11903374,12511468,0.0510858517929,True,20B_P4_top_region_hysteresis_partial_rebalance_turnover_control_v0,20B_P4_TURNCTL_v0,0.0214107382381,-0.0296751135549
F_MIX333_XD7_R100_C040,2025-08,reference_net,2025-08-29,11851098.2688,12455438.3448,0.0509944363138,True,20B_P4_top_region_hysteresis_partial_rebalance_turnover_control_v0,20B_P4_TURNCTL_v0,0.0212920604186,-0.0297023758952
F_MIX333_XD7_R100_C040,2025-09,gross_shadow,2025-09-30,12511468,12332124,-0.0143343690764,True,20B_P4_top_region_hysteresis_partial_rebalance_turnover_control_v0,20B_P4_TURNCTL_v0,-0.0146549819574,-0.000320612881
F_MIX333_XD7_R100_C040,2025-09,reference_net,2025-09-30,12455438.3448,12270355.1376,-0.0148596301525,True,20B_P4_top_region_hysteresis_partial_rebalance_turnover_control_v0,20B_P4_TURNCTL_v0,-0.0148953122943,-3.5682141859e-05
F_MIX333_XD7_R100_C040,2025-10,gross_shadow,2025-10-31,12332124,12569173,0.0192220739915,False,20B_P4_top_region_hysteresis_partial_rebalance_turnover_control_v0,20B_P4_TURNCTL_v0,0.0176421257991,-0.00157994819233
F_MIX333_XD7_R100_C040,2025-10,reference_net,2025-10-31,12270355.1376,12502114.879,0.0188877778052,False,20B_P4_top_region_hysteresis_partial_rebalance_turnover_control_v0,20B_P4_TURNCTL_v0,0.017504769152,-0.00138300865322
F_MIX333_XD7_R100_C040,2025-11,gross_shadow,2025-11-28,12569173,12265069,-0.0241944318851,False,20B_P4_top_region_hysteresis_partial_rebalance_turnover_control_v0,20B_P4_TURNCTL_v0,-0.00968857869009,0.014505853195
F_MIX333_XD7_R100_C040,2025-11,reference_net,2025-11-28,12502114.879,12189846.6668,-0.0249772310695,False,20B_P4_top_region_hysteresis_partial_rebalance_turnover_control_v0,20B_P4_TURNCTL_v0,-0.00995710204626,0.0150201290232
F_MIX333_XD7_R100_C040,2025-12,gross_shadow,2025-12-31,12265069,12838947,0.0467896267033,False,20B_P4_top_region_hysteresis_partial_rebalance_turnover_control_v0,20B_P4_TURNCTL_v0,0.0171802536106,-0.0296093730927
F_MIX333_XD7_R100_C040,2025-12,reference_net,2025-12-31,12189846.6668,12757621.0385,0.0465776467259,False,20B_P4_top_region_hysteresis_partial_rebalance_turnover_control_v0,20B_P4_TURNCTL_v0,0.0170218081883,-0.0295558385376
F_MIX333_XD7_R100_C040,2026-01,gross_shadow,2026-01-30,12838947,13517132,0.0528224783543,False,20B_P4_top_region_hysteresis_partial_rebalance_turnover_control_v0,20B_P4_TURNCTL_v0,0.0150287676854,-0.037793710669
F_MIX333_XD7_R100_C040,2026-01,reference_net,2026-01-30,12757621.0385,13427491.9181,0.0525075072851,False,20B_P4_top_region_hysteresis_partial_rebalance_turnover_control_v0,20B_P4_TURNCTL_v0,0.0148684959055,-0.0376390113796
F_MIX333_XD7_R100_C040,2026-02,gross_shadow,2026-02-27,13517132,13973503,0.0337624135061,False,20B_P4_top_region_hysteresis_partial_rebalance_turnover_control_v0,20B_P4_TURNCTL_v0,0.020391049042,-0.013371364464
F_MIX333_XD7_R100_C040,2026-02,reference_net,2026-02-27,13427491.9181,13876203.9031,0.0334174086774,False,20B_P4_top_region_hysteresis_partial_rebalance_turnover_control_v0,20B_P4_TURNCTL_v0,0.0202325528075,-0.0131848558699
F_MIX333_XD7_R100_C040,2026-03,gross_shadow,2026-03-31,13973503,13304293,-0.0478913555177,False,20B_P4_top_region_hysteresis_partial_rebalance_turnover_control_v0,20B_P4_TURNCTL_v0,-0.0159986324444,0.0318927230733
F_MIX333_XD7_R100_C040,2026-03,reference_net,2026-03-31,13876203.9031,13200928.4101,-0.048664281505,False,20B_P4_top_region_hysteresis_partial_rebalance_turnover_control_v0,20B_P4_TURNCTL_v0,-0.0162685275383,0.0323957539667
F_MIX333_XD7_R100_C040,2026-04,gross_shadow,2026-04-30,13304293,13890436,0.0440566815538,True,20B_P4_top_region_hysteresis_partial_rebalance_turnover_control_v0,20B_P4_TURNCTL_v0,0.0130737020465,-0.0309829795074
F_MIX333_XD7_R100_C040,2026-04,reference_net,2026-04-30,13200928.4101,13778201.0414,0.0437296994102,True,20B_P4_top_region_hysteresis_partial_rebalance_turnover_control_v0,20B_P4_TURNCTL_v0,0.0128697478741,-0.0308599515362
F_MIX333_XD7_R100_CNONE,2024-08,gross_shadow,2024-08-30,10000000,9668592,-0.0331408,False,20B_P4_top_region_hysteresis_partial_rebalance_turnover_control_v0,20B_P4_TURNCTL_v0,-0.0332539,-0.0001131
F_MIX333_XD7_R100_CNONE,2024-08,reference_net,2024-08-30,10000000,9661124.5516,-0.03388754484,False,20B_P4_top_region_hysteresis_partial_rebalance_turnover_control_v0,20B_P4_TURNCTL_v0,-0.03400009916,-0.00011255432
F_MIX333_XD7_R100_CNONE,2024-09,gross_shadow,2024-09-30,9668592,11454093,0.184670218787,False,20B_P4_top_region_hysteresis_partial_rebalance_turnover_control_v0,20B_P4_TURNCTL_v0,0.158862601049,-0.0258076177377
F_MIX333_XD7_R100_CNONE,2024-09,reference_net,2024-09-30,9661124.5516,11442593.4056,0.184395599544,False,20B_P4_top_region_hysteresis_partial_rebalance_turnover_control_v0,20B_P4_TURNCTL_v0,0.158765209196,-0.025630390348
F_MIX333_XD7_R100_CNONE,2024-10,gross_shadow,2024-10-31,11454093,10976309,-0.0417129492488,True,20B_P4_top_region_hysteresis_partial_rebalance_turnover_control_v0,20B_P4_TURNCTL_v0,-0.0417565103154,-4.35610666387e-05
F_MIX333_XD7_R100_CNONE,2024-10,reference_net,2024-10-31,11442593.4056,10959187.2151,-0.0422462088162,True,20B_P4_top_region_hysteresis_partial_rebalance_turnover_control_v0,20B_P4_TURNCTL_v0,-0.0419999329509,0.00024627586529
F_MIX333_XD7_R100_CNONE,2024-11,gross_shadow,2024-11-29,10976309,11073138,0.00882163576117,False,20B_P4_top_region_hysteresis_partial_rebalance_turnover_control_v0,20B_P4_TURNCTL_v0,0.00743434136436,-0.00138729439681
F_MIX333_XD7_R100_CNONE,2024-11,reference_net,2024-11-29,10959187.2151,11053021.7628,0.00856218128752,False,20B_P4_top_region_hysteresis_partial_rebalance_turnover_control_v0,20B_P4_TURNCTL_v0,0.00728422719772,-0.0012779540898
F_MIX333_XD7_R100_CNONE,2024-12,gross_shadow,2024-12-31,11073138,11411942,0.0305969274473,False,20B_P4_top_region_hysteresis_partial_rebalance_turnover_control_v0,20B_P4_TURNCTL_v0,0.023651486543,-0.00694544090435
F_MIX333_XD7_R100_CNONE,2024-12,reference_net,2024-12-31,11053021.7628,11388289.9204,0.0303327148651,False,20B_P4_top_region_hysteresis_partial_rebalance_turnover_control_v0,20B_P4_TURNCTL_v0,0.0235057852708,-0.0068269295943
F_MIX333_XD7_R100_CNONE,2025-01,gross_shadow,2025-01-27,11411942,11122714,-0.0253443278979,False,20B_P4_top_region_hysteresis_partial_rebalance_turnover_control_v0,20B_P4_TURNCTL_v0,-0.0159349720686,0.0094093558293
F_MIX333_XD7_R100_CNONE,2025-01,reference_net,2025-01-27,11388289.9204,11095123.8568,-0.0257427643289,False,20B_P4_top_region_hysteresis_partial_rebalance_turnover_control_v0,20B_P4_TURNCTL_v0,-0.0161371317804,0.00960563254853
F_MIX333_XD7_R100_CNONE,2025-02,gross_shadow,2025-02-28,11122714,11007259,-0.0103801104658,True,20B_P4_top_region_hysteresis_partial_rebalance_turnover_control_v0,20B_P4_TURNCTL_v0,-0.0079087507335,0.00247135973234
F_MIX333_XD7_R100_CNONE,2025-02,reference_net,2025-02-28,11095123.8568,10976761.7797,-0.0106679365383,True,20B_P4_top_region_hysteresis_partial_rebalance_turnover_control_v0,20B_P4_TURNCTL_v0,-0.00809581661659,0.00257211992176
F_MIX333_XD7_R100_CNONE,2025-03,gross_shadow,2025-03-31,11007259,11165325,0.0143601599635,False,20B_P4_top_region_hysteresis_partial_rebalance_turnover_control_v0,20B_P4_TURNCTL_v0,0.0133980936076,-0.0009620663559
F_MIX333_XD7_R100_CNONE,2025-03,reference_net,2025-03-31,10976761.7797,11130319.5477,0.0139893505163,False,20B_P4_top_region_hysteresis_partial_rebalance_turnover_control_v0,20B_P4_TURNCTL_v0,0.0132233978829,-0.000765952633485
F_MIX333_XD7_R100_CNONE,2025-04,gross_shadow,2025-04-30,11165325,10982777,-0.0163495464754,False,20B_P4_top_region_hysteresis_partial_rebalance_turnover_control_v0,20B_P4_TURNCTL_v0,-0.0157743458108,0.000575200664589
F_MIX333_XD7_R100_CNONE,2025-04,reference_net,2025-04-30,11130319.5477,10943328.2794,-0.016800170702,False,20B_P4_top_region_hysteresis_partial_rebalance_turnover_control_v0,20B_P4_TURNCTL_v0,-0.0159994675217,0.000800703180294
F_MIX333_XD7_R100_CNONE,2025-05,gross_shadow,2025-05-30,10982777,11324941,0.0311545977852,False,20B_P4_top_region_hysteresis_partial_rebalance_turnover_control_v0,20B_P4_TURNCTL_v0,0.0218567581682,-0.00929783961703
F_MIX333_XD7_R100_CNONE,2025-05,reference_net,2025-05-30,10943328.2794,11281901.1348,0.0309387461289,False,20B_P4_top_region_hysteresis_partial_rebalance_turnover_control_v0,20B_P4_TURNCTL_v0,0.021723831916,-0.00921491421285
F_MIX333_XD7_R100_CNONE,2025-06,gross_shadow,2025-06-30,11324941,11633552,0.0272505613937,False,20B_P4_top_region_hysteresis_partial_rebalance_turnover_control_v0,20B_P4_TURNCTL_v0,0.0120373412204,-0.0152132201732
F_MIX333_XD7_R100_CNONE,2025-06,reference_net,2025-06-30,11281901.1348,11585971.1018,0.0269520148579,False,20B_P4_top_region_hysteresis_partial_rebalance_turnover_control_v0,20B_P4_TURNCTL_v0,0.0118812499438,-0.0150707649141
F_MIX333_XD7_R100_CNONE,2025-07,gross_shadow,2025-07-31,11633552,11903374,0.0231934322381,False,20B_P4_top_region_hysteresis_partial_rebalance_turnover_control_v0,20B_P4_TURNCTL_v0,0.0159705014252,-0.00722293081288
F_MIX333_XD7_R100_CNONE,2025-07,reference_net,2025-07-31,11585971.1018,11851098.2688,0.0228834652452,False,20B_P4_top_region_hysteresis_partial_rebalance_turnover_control_v0,20B_P4_TURNCTL_v0,0.0158245945545,-0.00705887069072
F_MIX333_XD7_R100_CNONE,2025-08,gross_shadow,2025-08-29,11903374,12511468,0.0510858517929,True,20B_P4_top_region_hysteresis_partial_rebalance_turnover_control_v0,20B_P4_TURNCTL_v0,0.0214107382381,-0.0296751135549
F_MIX333_XD7_R100_CNONE,2025-08,reference_net,2025-08-29,11851098.2688,12455438.3448,0.0509944363138,True,20B_P4_top_region_hysteresis_partial_rebalance_turnover_control_v0,20B_P4_TURNCTL_v0,0.0212920604186,-0.0297023758952
F_MIX333_XD7_R100_CNONE,2025-09,gross_shadow,2025-09-30,12511468,12332124,-0.0143343690764,True,20B_P4_top_region_hysteresis_partial_rebalance_turnover_control_v0,20B_P4_TURNCTL_v0,-0.0146549819574,-0.000320612881
F_MIX333_XD7_R100_CNONE,2025-09,reference_net,2025-09-30,12455438.3448,12270355.1376,-0.0148596301525,True,20B_P4_top_region_hysteresis_partial_rebalance_turnover_control_v0,20B_P4_TURNCTL_v0,-0.0148953122943,-3.5682141859e-05
F_MIX333_XD7_R100_CNONE,2025-10,gross_shadow,2025-10-31,12332124,12569173,0.0192220739915,False,20B_P4_top_region_hysteresis_partial_rebalance_turnover_control_v0,20B_P4_TURNCTL_v0,0.0176421257991,-0.00157994819233
F_MIX333_XD7_R100_CNONE,2025-10,reference_net,2025-10-31,12270355.1376,12502114.879,0.0188877778052,False,20B_P4_top_region_hysteresis_partial_rebalance_turnover_control_v0,20B_P4_TURNCTL_v0,0.017504769152,-0.00138300865322
F_MIX333_XD7_R100_CNONE,2025-11,gross_shadow,2025-11-28,12569173,12265069,-0.0241944318851,False,20B_P4_top_region_hysteresis_partial_rebalance_turnover_control_v0,20B_P4_TURNCTL_v0,-0.00968857869009,0.014505853195
F_MIX333_XD7_R100_CNONE,2025-11,reference_net,2025-11-28,12502114.879,12189846.6668,-0.0249772310695,False,20B_P4_top_region_hysteresis_partial_rebalance_turnover_control_v0,20B_P4_TURNCTL_v0,-0.00995710204626,0.0150201290232
F_MIX333_XD7_R100_CNONE,2025-12,gross_shadow,2025-12-31,12265069,12838947,0.0467896267033,False,20B_P4_top_region_hysteresis_partial_rebalance_turnover_control_v0,20B_P4_TURNCTL_v0,0.0171802536106,-0.0296093730927
F_MIX333_XD7_R100_CNONE,2025-12,reference_net,2025-12-31,12189846.6668,12757621.0385,0.0465776467259,False,20B_P4_top_region_hysteresis_partial_rebalance_turnover_control_v0,20B_P4_TURNCTL_v0,0.0170218081883,-0.0295558385376
F_MIX333_XD7_R100_CNONE,2026-01,gross_shadow,2026-01-30,12838947,13517132,0.0528224783543,False,20B_P4_top_region_hysteresis_partial_rebalance_turnover_control_v0,20B_P4_TURNCTL_v0,0.0150287676854,-0.037793710669
F_MIX333_XD7_R100_CNONE,2026-01,reference_net,2026-01-30,12757621.0385,13427491.9181,0.0525075072851,False,20B_P4_top_region_hysteresis_partial_rebalance_turnover_control_v0,20B_P4_TURNCTL_v0,0.0148684959055,-0.0376390113796
F_MIX333_XD7_R100_CNONE,2026-02,gross_shadow,2026-02-27,13517132,13973503,0.0337624135061,False,20B_P4_top_region_hysteresis_partial_rebalance_turnover_control_v0,20B_P4_TURNCTL_v0,0.020391049042,-0.013371364464
F_MIX333_XD7_R100_CNONE,2026-02,reference_net,2026-02-27,13427491.9181,13876203.9031,0.0334174086774,False,20B_P4_top_region_hysteresis_partial_rebalance_turnover_control_v0,20B_P4_TURNCTL_v0,0.0202325528075,-0.0131848558699
F_MIX333_XD7_R100_CNONE,2026-03,gross_shadow,2026-03-31,13973503,13304293,-0.0478913555177,False,20B_P4_top_region_hysteresis_partial_rebalance_turnover_control_v0,20B_P4_TURNCTL_v0,-0.0159986324444,0.0318927230733
F_MIX333_XD7_R100_CNONE,2026-03,reference_net,2026-03-31,13876203.9031,13200928.4101,-0.048664281505,False,20B_P4_top_region_hysteresis_partial_rebalance_turnover_control_v0,20B_P4_TURNCTL_v0,-0.0162685275383,0.0323957539667
F_MIX333_XD7_R100_CNONE,2026-04,gross_shadow,2026-04-30,13304293,13890436,0.0440566815538,True,20B_P4_top_region_hysteresis_partial_rebalance_turnover_control_v0,20B_P4_TURNCTL_v0,0.0130737020465,-0.0309829795074
F_MIX333_XD7_R100_CNONE,2026-04,reference_net,2026-04-30,13200928.4101,13778201.0414,0.0437296994102,True,20B_P4_top_region_hysteresis_partial_rebalance_turnover_control_v0,20B_P4_TURNCTL_v0,0.0128697478741,-0.0308599515362
F_MIX333_XD8_R025_C020,2024-08,gross_shadow,2024-08-30,10000000,9668592,-0.0331408,False,20B_P4_top_region_hysteresis_partial_rebalance_turnover_control_v0,20B_P4_TURNCTL_v0,-0.0332539,-0.0001131
F_MIX333_XD8_R025_C020,2024-08,reference_net,2024-08-30,10000000,9661124.5516,-0.03388754484,False,20B_P4_top_region_hysteresis_partial_rebalance_turnover_control_v0,20B_P4_TURNCTL_v0,-0.03400009916,-0.00011255432
F_MIX333_XD8_R025_C020,2024-09,gross_shadow,2024-09-30,9668592,11180801,0.156404262379,False,20B_P4_top_region_hysteresis_partial_rebalance_turnover_control_v0,20B_P4_TURNCTL_v0,0.158862601049,0.00245833867039
F_MIX333_XD8_R025_C020,2024-09,reference_net,2024-09-30,9661124.5516,11171845.3827,0.156371116329,False,20B_P4_top_region_hysteresis_partial_rebalance_turnover_control_v0,20B_P4_TURNCTL_v0,0.158765209196,0.00239409286653
F_MIX333_XD8_R025_C020,2024-10,gross_shadow,2024-10-31,11180801,10744267,-0.0390431776757,True,20B_P4_top_region_hysteresis_partial_rebalance_turnover_control_v0,20B_P4_TURNCTL_v0,-0.0417565103154,-0.0027133326397
F_MIX333_XD8_R025_C020,2024-10,reference_net,2024-10-31,11171845.3827,10733577.5994,-0.0392296678217,True,20B_P4_top_region_hysteresis_partial_rebalance_turnover_control_v0,20B_P4_TURNCTL_v0,-0.0419999329509,-0.00277026512919
F_MIX333_XD8_R025_C020,2024-11,gross_shadow,2024-11-29,10744267,10828513,0.00784101884289,False,20B_P4_top_region_hysteresis_partial_rebalance_turnover_control_v0,20B_P4_TURNCTL_v0,0.00743434136436,-0.000406677478528
F_MIX333_XD8_R025_C020,2024-11,reference_net,2024-11-29,10733577.5994,10816614.913,0.00773621961466,False,20B_P4_top_region_hysteresis_partial_rebalance_turnover_control_v0,20B_P4_TURNCTL_v0,0.00728422719772,-0.000451992416935
F_MIX333_XD8_R025_C020,2024-12,gross_shadow,2024-12-31,10828513,11102147,0.0252697669569,False,20B_P4_top_region_hysteresis_partial_rebalance_turnover_control_v0,20B_P4_TURNCTL_v0,0.023651486543,-0.00161828041397
F_MIX333_XD8_R025_C020,2024-12,reference_net,2024-12-31,10816614.913,11088984.3538,0.0251806542982,False,20B_P4_top_region_hysteresis_partial_rebalance_turnover_control_v0,20B_P4_TURNCTL_v0,0.0235057852708,-0.0016748690274
F_MIX333_XD8_R025_C020,2025-01,gross_shadow,2025-01-27,11102147,10935390,-0.0150202478854,False,20B_P4_top_region_hysteresis_partial_rebalance_turnover_control_v0,20B_P4_TURNCTL_v0,-0.0159349720686,-0.000914724183227
F_MIX333_XD8_R025_C020,2025-01,reference_net,2025-01-27,11088984.3538,10920869.8338,-0.015160497534,False,20B_P4_top_region_hysteresis_partial_rebalance_turnover_control_v0,20B_P4_TURNCTL_v0,-0.0161371317804,-0.000976634246405
F_MIX333_XD8_R025_C020,2025-02,gross_shadow,2025-02-28,10935390,10859501,-0.0069397616363,True,20B_P4_top_region_hysteresis_partial_rebalance_turnover_control_v0,20B_P4_TURNCTL_v0,-0.0079087507335,-0.0009689890972
F_MIX333_XD8_R025_C020,2025-02,reference_net,2025-02-28,10920869.8338,10843770.0283,-0.00705985939977,True,20B_P4_top_region_hysteresis_partial_rebalance_turnover_control_v0,20B_P4_TURNCTL_v0,-0.00809581661659,-0.00103595721682
F_MIX333_XD8_R025_C020,2025-03,gross_shadow,2025-03-31,10859501,10988131,0.011844927313,False,20B_P4_top_region_hysteresis_partial_rebalance_turnover_control_v0,20B_P4_TURNCTL_v0,0.0133980936076,0.00155316629467
F_MIX333_XD8_R025_C020,2025-03,reference_net,2025-03-31,10843770.0283,10971036.1536,0.0117363356986,False,20B_P4_top_region_hysteresis_partial_rebalance_turnover_control_v0,20B_P4_TURNCTL_v0,0.0132233978829,0.00148706218427
F_MIX333_XD8_R025_C020,2025-04,gross_shadow,2025-04-30,10988131,10875793,-0.0102235766938,False,20B_P4_top_region_hysteresis_partial_rebalance_turnover_control_v0,20B_P4_TURNCTL_v0,-0.0157743458108,-0.00555076911697
F_MIX333_XD8_R025_C020,2025-04,reference_net,2025-04-30,10971036.1536,10857420.3848,-0.01035597433,False,20B_P4_top_region_hysteresis_partial_rebalance_turnover_control_v0,20B_P4_TURNCTL_v0,-0.0159994675217,-0.00564349319171
F_MIX333_XD8_R025_C020,2025-05,gross_shadow,2025-05-30,10875793,11104725,0.0210496834576,False,20B_P4_top_region_hysteresis_partial_rebalance_turnover_control_v0,20B_P4_TURNCTL_v0,0.0218567581682,0.000807074710648
F_MIX333_XD8_R025_C020,2025-05,reference_net,2025-05-30,10857420.3848,11085104.6808,0.0209703859638,False,20B_P4_top_region_hysteresis_partial_rebalance_turnover_control_v0,20B_P4_TURNCTL_v0,0.021723831916,0.000753445952226
F_MIX333_XD8_R025_C020,2025-06,gross_shadow,2025-06-30,11104725,11229329,0.0112208091601,False,20B_P4_top_region_hysteresis_partial_rebalance_turnover_control_v0,20B_P4_TURNCTL_v0,0.0120373412204,0.000816532060364
F_MIX333_XD8_R025_C020,2025-06,reference_net,2025-06-30,11085104.6808,11208397.1673,0.0111223565334,False,20B_P4_top_region_hysteresis_partial_rebalance_turnover_control_v0,20B_P4_TURNCTL_v0,0.0118812499438,0.00075889341041
F_MIX333_XD8_R025_C020,2025-07,gross_shadow,2025-07-31,11229329,11366592,0.0122236154983,False,20B_P4_top_region_hysteresis_partial_rebalance_turnover_control_v0,20B_P4_TURNCTL_v0,0.0159705014252,0.00374688592688
F_MIX333_XD8_R025_C020,2025-07,reference_net,2025-07-31,11208397.1673,11344320.303,0.0121269021521,False,20B_P4_top_region_hysteresis_partial_rebalance_turnover_control_v0,20B_P4_TURNCTL_v0,0.0158245945545,0.00369769240233
F_MIX333_XD8_R025_C020,2025-08,gross_shadow,2025-08-29,11366592,11522080,0.0136793860464,True,20B_P4_top_region_hysteresis_partial_rebalance_turnover_control_v0,20B_P4_TURNCTL_v0,0.0214107382381,0.00773135219168
F_MIX333_XD8_R025_C020,2025-08,reference_net,2025-08-29,11344320.303,11498502.8619,0.0135911676303,True,20B_P4_top_region_hysteresis_partial_rebalance_turnover_control_v0,20B_P4_TURNCTL_v0,0.0212920604186,0.00770089278835
F_MIX333_XD8_R025_C020,2025-09,gross_shadow,2025-09-30,11522080,11356830,-0.0143420285226,True,20B_P4_top_region_hysteresis_partial_rebalance_turnover_control_v0,20B_P4_TURNCTL_v0,-0.0146549819574,-0.000312953434807
F_MIX333_XD8_R025_C020,2025-09,reference_net,2025-09-30,11498502.8619,11331954.2694,-0.0144843719665,True,20B_P4_top_region_hysteresis_partial_rebalance_turnover_control_v0,20B_P4_TURNCTL_v0,-0.0148953122943,-0.000410940327795
F_MIX333_XD8_R025_C020,2025-10,gross_shadow,2025-10-31,11356830,11557200,0.0176431275277,False,20B_P4_top_region_hysteresis_partial_rebalance_turnover_control_v0,20B_P4_TURNCTL_v0,0.0176421257991,-1.00172852413e-06
F_MIX333_XD8_R025_C020,2025-10,reference_net,2025-10-31,11331954.2694,11531007.9148,0.017565694377,False,20B_P4_top_region_hysteresis_partial_rebalance_turnover_control_v0,20B_P4_TURNCTL_v0,0.017504769152,-6.09252249402e-05
F_MIX333_XD8_R025_C020,2025-11,gross_shadow,2025-11-28,11557200,11491553,-0.00568018205102,False,20B_P4_top_region_hysteresis_partial_rebalance_turnover_control_v0,20B_P4_TURNCTL_v0,-0.00968857869009,-0.00400839663908
F_MIX333_XD8_R025_C020,2025-11,reference_net,2025-11-28,11531007.9148,11463735.1545,-0.00583407458803,False,20B_P4_top_region_hysteresis_partial_rebalance_turnover_control_v0,20B_P4_TURNCTL_v0,-0.00995710204626,-0.00412302745823
F_MIX333_XD8_R025_C020,2025-12,gross_shadow,2025-12-31,11491553,11600406,0.00947243597101,False,20B_P4_top_region_hysteresis_partial_rebalance_turnover_control_v0,20B_P4_TURNCTL_v0,0.0171802536106,0.00770781763956
F_MIX333_XD8_R025_C020,2025-12,reference_net,2025-12-31,11463735.1545,11571027.7764,0.00935930744854,False,20B_P4_top_region_hysteresis_partial_rebalance_turnover_control_v0,20B_P4_TURNCTL_v0,0.0170218081883,0.00766250073973
F_MIX333_XD8_R025_C020,2026-01,gross_shadow,2026-01-30,11600406,11659532,0.00509689057435,False,20B_P4_top_region_hysteresis_partial_rebalance_turnover_control_v0,20B_P4_TURNCTL_v0,0.0150287676854,0.00993187711103
F_MIX333_XD8_R025_C020,2026-01,reference_net,2026-01-30,11571027.7764,11628607.7548,0.00497621987803,False,20B_P4_top_region_hysteresis_partial_rebalance_turnover_control_v0,20B_P4_TURNCTL_v0,0.0148684959055,0.00989227602747
F_MIX333_XD8_R025_C020,2026-02,gross_shadow,2026-02-27,11659532,11818459,0.0136306500124,False,20B_P4_top_region_hysteresis_partial_rebalance_turnover_control_v0,20B_P4_TURNCTL_v0,0.020391049042,0.00676039902966
F_MIX333_XD8_R025_C020,2026-02,reference_net,2026-02-27,11628607.7548,11785921.4394,0.0135281615777,False,20B_P4_top_region_hysteresis_partial_rebalance_turnover_control_v0,20B_P4_TURNCTL_v0,0.0202325528075,0.0067043912298
F_MIX333_XD8_R025_C020,2026-03,gross_shadow,2026-03-31,11818459,11630387,-0.0159134113847,False,20B_P4_top_region_hysteresis_partial_rebalance_turnover_control_v0,20B_P4_TURNCTL_v0,-0.0159986324444,-8.52210597151e-05
F_MIX333_XD8_R025_C020,2026-03,reference_net,2026-03-31,11785921.4394,11596351.531,-0.016084436793,False,20B_P4_top_region_hysteresis_partial_rebalance_turnover_control_v0,20B_P4_TURNCTL_v0,-0.0162685275383,-0.000184090745267
F_MIX333_XD8_R025_C020,2026-04,gross_shadow,2026-04-30,11630387,11699971,0.0059829479449,True,20B_P4_top_region_hysteresis_partial_rebalance_turnover_control_v0,20B_P4_TURNCTL_v0,0.0130737020465,0.00709075410158
F_MIX333_XD8_R025_C020,2026-04,reference_net,2026-04-30,11596351.531,11664223.063,0.00585283499458,True,20B_P4_top_region_hysteresis_partial_rebalance_turnover_control_v0,20B_P4_TURNCTL_v0,0.0128697478741,0.00701691287948
F_MIX333_XD8_R025_C030,2024-08,gross_shadow,2024-08-30,10000000,9668592,-0.0331408,False,20B_P4_top_region_hysteresis_partial_rebalance_turnover_control_v0,20B_P4_TURNCTL_v0,-0.0332539,-0.0001131
F_MIX333_XD8_R025_C030,2024-08,reference_net,2024-08-30,10000000,9661124.5516,-0.03388754484,False,20B_P4_top_region_hysteresis_partial_rebalance_turnover_control_v0,20B_P4_TURNCTL_v0,-0.03400009916,-0.00011255432
F_MIX333_XD8_R025_C030,2024-09,gross_shadow,2024-09-30,9668592,11180801,0.156404262379,False,20B_P4_top_region_hysteresis_partial_rebalance_turnover_control_v0,20B_P4_TURNCTL_v0,0.158862601049,0.00245833867039
F_MIX333_XD8_R025_C030,2024-09,reference_net,2024-09-30,9661124.5516,11171845.3827,0.156371116329,False,20B_P4_top_region_hysteresis_partial_rebalance_turnover_control_v0,20B_P4_TURNCTL_v0,0.158765209196,0.00239409286653
F_MIX333_XD8_R025_C030,2024-10,gross_shadow,2024-10-31,11180801,10744267,-0.0390431776757,True,20B_P4_top_region_hysteresis_partial_rebalance_turnover_control_v0,20B_P4_TURNCTL_v0,-0.0417565103154,-0.0027133326397
F_MIX333_XD8_R025_C030,2024-10,reference_net,2024-10-31,11171845.3827,10733577.5994,-0.0392296678217,True,20B_P4_top_region_hysteresis_partial_rebalance_turnover_control_v0,20B_P4_TURNCTL_v0,-0.0419999329509,-0.00277026512919
F_MIX333_XD8_R025_C030,2024-11,gross_shadow,2024-11-29,10744267,10828513,0.00784101884289,False,20B_P4_top_region_hysteresis_partial_rebalance_turnover_control_v0,20B_P4_TURNCTL_v0,0.00743434136436,-0.000406677478528
F_MIX333_XD8_R025_C030,2024-11,reference_net,2024-11-29,10733577.5994,10816614.913,0.00773621961466,False,20B_P4_top_region_hysteresis_partial_rebalance_turnover_control_v0,20B_P4_TURNCTL_v0,0.00728422719772,-0.000451992416935
F_MIX333_XD8_R025_C030,2024-12,gross_shadow,2024-12-31,10828513,11102147,0.0252697669569,False,20B_P4_top_region_hysteresis_partial_rebalance_turnover_control_v0,20B_P4_TURNCTL_v0,0.023651486543,-0.00161828041397
F_MIX333_XD8_R025_C030,2024-12,reference_net,2024-12-31,10816614.913,11088984.3538,0.0251806542982,False,20B_P4_top_region_hysteresis_partial_rebalance_turnover_control_v0,20B_P4_TURNCTL_v0,0.0235057852708,-0.0016748690274
F_MIX333_XD8_R025_C030,2025-01,gross_shadow,2025-01-27,11102147,10935390,-0.0150202478854,False,20B_P4_top_region_hysteresis_partial_rebalance_turnover_control_v0,20B_P4_TURNCTL_v0,-0.0159349720686,-0.000914724183227
F_MIX333_XD8_R025_C030,2025-01,reference_net,2025-01-27,11088984.3538,10920869.8338,-0.015160497534,False,20B_P4_top_region_hysteresis_partial_rebalance_turnover_control_v0,20B_P4_TURNCTL_v0,-0.0161371317804,-0.000976634246405
F_MIX333_XD8_R025_C030,2025-02,gross_shadow,2025-02-28,10935390,10859501,-0.0069397616363,True,20B_P4_top_region_hysteresis_partial_rebalance_turnover_control_v0,20B_P4_TURNCTL_v0,-0.0079087507335,-0.0009689890972
F_MIX333_XD8_R025_C030,2025-02,reference_net,2025-02-28,10920869.8338,10843770.0283,-0.00705985939977,True,20B_P4_top_region_hysteresis_partial_rebalance_turnover_control_v0,20B_P4_TURNCTL_v0,-0.00809581661659,-0.00103595721682
F_MIX333_XD8_R025_C030,2025-03,gross_shadow,2025-03-31,10859501,10988131,0.011844927313,False,20B_P4_top_region_hysteresis_partial_rebalance_turnover_control_v0,20B_P4_TURNCTL_v0,0.0133980936076,0.00155316629467
F_MIX333_XD8_R025_C030,2025-03,reference_net,2025-03-31,10843770.0283,10971036.1536,0.0117363356986,False,20B_P4_top_region_hysteresis_partial_rebalance_turnover_control_v0,20B_P4_TURNCTL_v0,0.0132233978829,0.00148706218427
F_MIX333_XD8_R025_C030,2025-04,gross_shadow,2025-04-30,10988131,10875793,-0.0102235766938,False,20B_P4_top_region_hysteresis_partial_rebalance_turnover_control_v0,20B_P4_TURNCTL_v0,-0.0157743458108,-0.00555076911697
F_MIX333_XD8_R025_C030,2025-04,reference_net,2025-04-30,10971036.1536,10857420.3848,-0.01035597433,False,20B_P4_top_region_hysteresis_partial_rebalance_turnover_control_v0,20B_P4_TURNCTL_v0,-0.0159994675217,-0.00564349319171
F_MIX333_XD8_R025_C030,2025-05,gross_shadow,2025-05-30,10875793,11104725,0.0210496834576,False,20B_P4_top_region_hysteresis_partial_rebalance_turnover_control_v0,20B_P4_TURNCTL_v0,0.0218567581682,0.000807074710648
F_MIX333_XD8_R025_C030,2025-05,reference_net,2025-05-30,10857420.3848,11085104.6808,0.0209703859638,False,20B_P4_top_region_hysteresis_partial_rebalance_turnover_control_v0,20B_P4_TURNCTL_v0,0.021723831916,0.000753445952226
F_MIX333_XD8_R025_C030,2025-06,gross_shadow,2025-06-30,11104725,11229329,0.0112208091601,False,20B_P4_top_region_hysteresis_partial_rebalance_turnover_control_v0,20B_P4_TURNCTL_v0,0.0120373412204,0.000816532060364
F_MIX333_XD8_R025_C030,2025-06,reference_net,2025-06-30,11085104.6808,11208397.1673,0.0111223565334,False,20B_P4_top_region_hysteresis_partial_rebalance_turnover_control_v0,20B_P4_TURNCTL_v0,0.0118812499438,0.00075889341041
F_MIX333_XD8_R025_C030,2025-07,gross_shadow,2025-07-31,11229329,11366592,0.0122236154983,False,20B_P4_top_region_hysteresis_partial_rebalance_turnover_control_v0,20B_P4_TURNCTL_v0,0.0159705014252,0.00374688592688
F_MIX333_XD8_R025_C030,2025-07,reference_net,2025-07-31,11208397.1673,11344320.303,0.0121269021521,False,20B_P4_top_region_hysteresis_partial_rebalance_turnover_control_v0,20B_P4_TURNCTL_v0,0.0158245945545,0.00369769240233
F_MIX333_XD8_R025_C030,2025-08,gross_shadow,2025-08-29,11366592,11522080,0.0136793860464,True,20B_P4_top_region_hysteresis_partial_rebalance_turnover_control_v0,20B_P4_TURNCTL_v0,0.0214107382381,0.00773135219168
F_MIX333_XD8_R025_C030,2025-08,reference_net,2025-08-29,11344320.303,11498502.8619,0.0135911676303,True,20B_P4_top_region_hysteresis_partial_rebalance_turnover_control_v0,20B_P4_TURNCTL_v0,0.0212920604186,0.00770089278835
F_MIX333_XD8_R025_C030,2025-09,gross_shadow,2025-09-30,11522080,11356830,-0.0143420285226,True,20B_P4_top_region_hysteresis_partial_rebalance_turnover_control_v0,20B_P4_TURNCTL_v0,-0.0146549819574,-0.000312953434807
F_MIX333_XD8_R025_C030,2025-09,reference_net,2025-09-30,11498502.8619,11331954.2694,-0.0144843719665,True,20B_P4_top_region_hysteresis_partial_rebalance_turnover_control_v0,20B_P4_TURNCTL_v0,-0.0148953122943,-0.000410940327795
F_MIX333_XD8_R025_C030,2025-10,gross_shadow,2025-10-31,11356830,11557200,0.0176431275277,False,20B_P4_top_region_hysteresis_partial_rebalance_turnover_control_v0,20B_P4_TURNCTL_v0,0.0176421257991,-1.00172852413e-06
F_MIX333_XD8_R025_C030,2025-10,reference_net,2025-10-31,11331954.2694,11531007.9148,0.017565694377,False,20B_P4_top_region_hysteresis_partial_rebalance_turnover_control_v0,20B_P4_TURNCTL_v0,0.017504769152,-6.09252249402e-05
F_MIX333_XD8_R025_C030,2025-11,gross_shadow,2025-11-28,11557200,11491553,-0.00568018205102,False,20B_P4_top_region_hysteresis_partial_rebalance_turnover_control_v0,20B_P4_TURNCTL_v0,-0.00968857869009,-0.00400839663908
F_MIX333_XD8_R025_C030,2025-11,reference_net,2025-11-28,11531007.9148,11463735.1545,-0.00583407458803,False,20B_P4_top_region_hysteresis_partial_rebalance_turnover_control_v0,20B_P4_TURNCTL_v0,-0.00995710204626,-0.00412302745823
F_MIX333_XD8_R025_C030,2025-12,gross_shadow,2025-12-31,11491553,11600406,0.00947243597101,False,20B_P4_top_region_hysteresis_partial_rebalance_turnover_control_v0,20B_P4_TURNCTL_v0,0.0171802536106,0.00770781763956
F_MIX333_XD8_R025_C030,2025-12,reference_net,2025-12-31,11463735.1545,11571027.7764,0.00935930744854,False,20B_P4_top_region_hysteresis_partial_rebalance_turnover_control_v0,20B_P4_TURNCTL_v0,0.0170218081883,0.00766250073973
F_MIX333_XD8_R025_C030,2026-01,gross_shadow,2026-01-30,11600406,11659532,0.00509689057435,False,20B_P4_top_region_hysteresis_partial_rebalance_turnover_control_v0,20B_P4_TURNCTL_v0,0.0150287676854,0.00993187711103
F_MIX333_XD8_R025_C030,2026-01,reference_net,2026-01-30,11571027.7764,11628607.7548,0.00497621987803,False,20B_P4_top_region_hysteresis_partial_rebalance_turnover_control_v0,20B_P4_TURNCTL_v0,0.0148684959055,0.00989227602747
F_MIX333_XD8_R025_C030,2026-02,gross_shadow,2026-02-27,11659532,11818459,0.0136306500124,False,20B_P4_top_region_hysteresis_partial_rebalance_turnover_control_v0,20B_P4_TURNCTL_v0,0.020391049042,0.00676039902966
F_MIX333_XD8_R025_C030,2026-02,reference_net,2026-02-27,11628607.7548,11785921.4394,0.0135281615777,False,20B_P4_top_region_hysteresis_partial_rebalance_turnover_control_v0,20B_P4_TURNCTL_v0,0.0202325528075,0.0067043912298
F_MIX333_XD8_R025_C030,2026-03,gross_shadow,2026-03-31,11818459,11630387,-0.0159134113847,False,20B_P4_top_region_hysteresis_partial_rebalance_turnover_control_v0,20B_P4_TURNCTL_v0,-0.0159986324444,-8.52210597151e-05
F_MIX333_XD8_R025_C030,2026-03,reference_net,2026-03-31,11785921.4394,11596351.531,-0.016084436793,False,20B_P4_top_region_hysteresis_partial_rebalance_turnover_control_v0,20B_P4_TURNCTL_v0,-0.0162685275383,-0.000184090745267
F_MIX333_XD8_R025_C030,2026-04,gross_shadow,2026-04-30,11630387,11699971,0.0059829479449,True,20B_P4_top_region_hysteresis_partial_rebalance_turnover_control_v0,20B_P4_TURNCTL_v0,0.0130737020465,0.00709075410158
F_MIX333_XD8_R025_C030,2026-04,reference_net,2026-04-30,11596351.531,11664223.063,0.00585283499458,True,20B_P4_top_region_hysteresis_partial_rebalance_turnover_control_v0,20B_P4_TURNCTL_v0,0.0128697478741,0.00701691287948
F_MIX333_XD8_R025_C040,2024-08,gross_shadow,2024-08-30,10000000,9668592,-0.0331408,False,20B_P4_top_region_hysteresis_partial_rebalance_turnover_control_v0,20B_P4_TURNCTL_v0,-0.0332539,-0.0001131
F_MIX333_XD8_R025_C040,2024-08,reference_net,2024-08-30,10000000,9661124.5516,-0.03388754484,False,20B_P4_top_region_hysteresis_partial_rebalance_turnover_control_v0,20B_P4_TURNCTL_v0,-0.03400009916,-0.00011255432
F_MIX333_XD8_R025_C040,2024-09,gross_shadow,2024-09-30,9668592,11180801,0.156404262379,False,20B_P4_top_region_hysteresis_partial_rebalance_turnover_control_v0,20B_P4_TURNCTL_v0,0.158862601049,0.00245833867039
F_MIX333_XD8_R025_C040,2024-09,reference_net,2024-09-30,9661124.5516,11171845.3827,0.156371116329,False,20B_P4_top_region_hysteresis_partial_rebalance_turnover_control_v0,20B_P4_TURNCTL_v0,0.158765209196,0.00239409286653
F_MIX333_XD8_R025_C040,2024-10,gross_shadow,2024-10-31,11180801,10744267,-0.0390431776757,True,20B_P4_top_region_hysteresis_partial_rebalance_turnover_control_v0,20B_P4_TURNCTL_v0,-0.0417565103154,-0.0027133326397
F_MIX333_XD8_R025_C040,2024-10,reference_net,2024-10-31,11171845.3827,10733577.5994,-0.0392296678217,True,20B_P4_top_region_hysteresis_partial_rebalance_turnover_control_v0,20B_P4_TURNCTL_v0,-0.0419999329509,-0.00277026512919
F_MIX333_XD8_R025_C040,2024-11,gross_shadow,2024-11-29,10744267,10828513,0.00784101884289,False,20B_P4_top_region_hysteresis_partial_rebalance_turnover_control_v0,20B_P4_TURNCTL_v0,0.00743434136436,-0.000406677478528
F_MIX333_XD8_R025_C040,2024-11,reference_net,2024-11-29,10733577.5994,10816614.913,0.00773621961466,False,20B_P4_top_region_hysteresis_partial_rebalance_turnover_control_v0,20B_P4_TURNCTL_v0,0.00728422719772,-0.000451992416935
F_MIX333_XD8_R025_C040,2024-12,gross_shadow,2024-12-31,10828513,11102147,0.0252697669569,False,20B_P4_top_region_hysteresis_partial_rebalance_turnover_control_v0,20B_P4_TURNCTL_v0,0.023651486543,-0.00161828041397
F_MIX333_XD8_R025_C040,2024-12,reference_net,2024-12-31,10816614.913,11088984.3538,0.0251806542982,False,20B_P4_top_region_hysteresis_partial_rebalance_turnover_control_v0,20B_P4_TURNCTL_v0,0.0235057852708,-0.0016748690274
F_MIX333_XD8_R025_C040,2025-01,gross_shadow,2025-01-27,11102147,10935390,-0.0150202478854,False,20B_P4_top_region_hysteresis_partial_rebalance_turnover_control_v0,20B_P4_TURNCTL_v0,-0.0159349720686,-0.000914724183227
F_MIX333_XD8_R025_C040,2025-01,reference_net,2025-01-27,11088984.3538,10920869.8338,-0.015160497534,False,20B_P4_top_region_hysteresis_partial_rebalance_turnover_control_v0,20B_P4_TURNCTL_v0,-0.0161371317804,-0.000976634246405
F_MIX333_XD8_R025_C040,2025-02,gross_shadow,2025-02-28,10935390,10859501,-0.0069397616363,True,20B_P4_top_region_hysteresis_partial_rebalance_turnover_control_v0,20B_P4_TURNCTL_v0,-0.0079087507335,-0.0009689890972
F_MIX333_XD8_R025_C040,2025-02,reference_net,2025-02-28,10920869.8338,10843770.0283,-0.00705985939977,True,20B_P4_top_region_hysteresis_partial_rebalance_turnover_control_v0,20B_P4_TURNCTL_v0,-0.00809581661659,-0.00103595721682
F_MIX333_XD8_R025_C040,2025-03,gross_shadow,2025-03-31,10859501,10988131,0.011844927313,False,20B_P4_top_region_hysteresis_partial_rebalance_turnover_control_v0,20B_P4_TURNCTL_v0,0.0133980936076,0.00155316629467
F_MIX333_XD8_R025_C040,2025-03,reference_net,2025-03-31,10843770.0283,10971036.1536,0.0117363356986,False,20B_P4_top_region_hysteresis_partial_rebalance_turnover_control_v0,20B_P4_TURNCTL_v0,0.0132233978829,0.00148706218427
F_MIX333_XD8_R025_C040,2025-04,gross_shadow,2025-04-30,10988131,10875793,-0.0102235766938,False,20B_P4_top_region_hysteresis_partial_rebalance_turnover_control_v0,20B_P4_TURNCTL_v0,-0.0157743458108,-0.00555076911697
F_MIX333_XD8_R025_C040,2025-04,reference_net,2025-04-30,10971036.1536,10857420.3848,-0.01035597433,False,20B_P4_top_region_hysteresis_partial_rebalance_turnover_control_v0,20B_P4_TURNCTL_v0,-0.0159994675217,-0.00564349319171
F_MIX333_XD8_R025_C040,2025-05,gross_shadow,2025-05-30,10875793,11104725,0.0210496834576,False,20B_P4_top_region_hysteresis_partial_rebalance_turnover_control_v0,20B_P4_TURNCTL_v0,0.0218567581682,0.000807074710648
F_MIX333_XD8_R025_C040,2025-05,reference_net,2025-05-30,10857420.3848,11085104.6808,0.0209703859638,False,20B_P4_top_region_hysteresis_partial_rebalance_turnover_control_v0,20B_P4_TURNCTL_v0,0.021723831916,0.000753445952226
F_MIX333_XD8_R025_C040,2025-06,gross_shadow,2025-06-30,11104725,11229329,0.0112208091601,False,20B_P4_top_region_hysteresis_partial_rebalance_turnover_control_v0,20B_P4_TURNCTL_v0,0.0120373412204,0.000816532060364
F_MIX333_XD8_R025_C040,2025-06,reference_net,2025-06-30,11085104.6808,11208397.1673,0.0111223565334,False,20B_P4_top_region_hysteresis_partial_rebalance_turnover_control_v0,20B_P4_TURNCTL_v0,0.0118812499438,0.00075889341041
F_MIX333_XD8_R025_C040,2025-07,gross_shadow,2025-07-31,11229329,11366592,0.0122236154983,False,20B_P4_top_region_hysteresis_partial_rebalance_turnover_control_v0,20B_P4_TURNCTL_v0,0.0159705014252,0.00374688592688
F_MIX333_XD8_R025_C040,2025-07,reference_net,2025-07-31,11208397.1673,11344320.303,0.0121269021521,False,20B_P4_top_region_hysteresis_partial_rebalance_turnover_control_v0,20B_P4_TURNCTL_v0,0.0158245945545,0.00369769240233
F_MIX333_XD8_R025_C040,2025-08,gross_shadow,2025-08-29,11366592,11522080,0.0136793860464,True,20B_P4_top_region_hysteresis_partial_rebalance_turnover_control_v0,20B_P4_TURNCTL_v0,0.0214107382381,0.00773135219168
F_MIX333_XD8_R025_C040,2025-08,reference_net,2025-08-29,11344320.303,11498502.8619,0.0135911676303,True,20B_P4_top_region_hysteresis_partial_rebalance_turnover_control_v0,20B_P4_TURNCTL_v0,0.0212920604186,0.00770089278835
F_MIX333_XD8_R025_C040,2025-09,gross_shadow,2025-09-30,11522080,11356830,-0.0143420285226,True,20B_P4_top_region_hysteresis_partial_rebalance_turnover_control_v0,20B_P4_TURNCTL_v0,-0.0146549819574,-0.000312953434807
F_MIX333_XD8_R025_C040,2025-09,reference_net,2025-09-30,11498502.8619,11331954.2694,-0.0144843719665,True,20B_P4_top_region_hysteresis_partial_rebalance_turnover_control_v0,20B_P4_TURNCTL_v0,-0.0148953122943,-0.000410940327795
F_MIX333_XD8_R025_C040,2025-10,gross_shadow,2025-10-31,11356830,11557200,0.0176431275277,False,20B_P4_top_region_hysteresis_partial_rebalance_turnover_control_v0,20B_P4_TURNCTL_v0,0.0176421257991,-1.00172852413e-06
F_MIX333_XD8_R025_C040,2025-10,reference_net,2025-10-31,11331954.2694,11531007.9148,0.017565694377,False,20B_P4_top_region_hysteresis_partial_rebalance_turnover_control_v0,20B_P4_TURNCTL_v0,0.017504769152,-6.09252249402e-05
F_MIX333_XD8_R025_C040,2025-11,gross_shadow,2025-11-28,11557200,11491553,-0.00568018205102,False,20B_P4_top_region_hysteresis_partial_rebalance_turnover_control_v0,20B_P4_TURNCTL_v0,-0.00968857869009,-0.00400839663908
F_MIX333_XD8_R025_C040,2025-11,reference_net,2025-11-28,11531007.9148,11463735.1545,-0.00583407458803,False,20B_P4_top_region_hysteresis_partial_rebalance_turnover_control_v0,20B_P4_TURNCTL_v0,-0.00995710204626,-0.00412302745823
F_MIX333_XD8_R025_C040,2025-12,gross_shadow,2025-12-31,11491553,11600406,0.00947243597101,False,20B_P4_top_region_hysteresis_partial_rebalance_turnover_control_v0,20B_P4_TURNCTL_v0,0.0171802536106,0.00770781763956
F_MIX333_XD8_R025_C040,2025-12,reference_net,2025-12-31,11463735.1545,11571027.7764,0.00935930744854,False,20B_P4_top_region_hysteresis_partial_rebalance_turnover_control_v0,20B_P4_TURNCTL_v0,0.0170218081883,0.00766250073973
F_MIX333_XD8_R025_C040,2026-01,gross_shadow,2026-01-30,11600406,11659532,0.00509689057435,False,20B_P4_top_region_hysteresis_partial_rebalance_turnover_control_v0,20B_P4_TURNCTL_v0,0.0150287676854,0.00993187711103
F_MIX333_XD8_R025_C040,2026-01,reference_net,2026-01-30,11571027.7764,11628607.7548,0.00497621987803,False,20B_P4_top_region_hysteresis_partial_rebalance_turnover_control_v0,20B_P4_TURNCTL_v0,0.0148684959055,0.00989227602747
F_MIX333_XD8_R025_C040,2026-02,gross_shadow,2026-02-27,11659532,11818459,0.0136306500124,False,20B_P4_top_region_hysteresis_partial_rebalance_turnover_control_v0,20B_P4_TURNCTL_v0,0.020391049042,0.00676039902966
F_MIX333_XD8_R025_C040,2026-02,reference_net,2026-02-27,11628607.7548,11785921.4394,0.0135281615777,False,20B_P4_top_region_hysteresis_partial_rebalance_turnover_control_v0,20B_P4_TURNCTL_v0,0.0202325528075,0.0067043912298
F_MIX333_XD8_R025_C040,2026-03,gross_shadow,2026-03-31,11818459,11630387,-0.0159134113847,False,20B_P4_top_region_hysteresis_partial_rebalance_turnover_control_v0,20B_P4_TURNCTL_v0,-0.0159986324444,-8.52210597151e-05
F_MIX333_XD8_R025_C040,2026-03,reference_net,2026-03-31,11785921.4394,11596351.531,-0.016084436793,False,20B_P4_top_region_hysteresis_partial_rebalance_turnover_control_v0,20B_P4_TURNCTL_v0,-0.0162685275383,-0.000184090745267
F_MIX333_XD8_R025_C040,2026-04,gross_shadow,2026-04-30,11630387,11699971,0.0059829479449,True,20B_P4_top_region_hysteresis_partial_rebalance_turnover_control_v0,20B_P4_TURNCTL_v0,0.0130737020465,0.00709075410158
F_MIX333_XD8_R025_C040,2026-04,reference_net,2026-04-30,11596351.531,11664223.063,0.00585283499458,True,20B_P4_top_region_hysteresis_partial_rebalance_turnover_control_v0,20B_P4_TURNCTL_v0,0.0128697478741,0.00701691287948
F_MIX333_XD8_R025_CNONE,2024-08,gross_shadow,2024-08-30,10000000,9668592,-0.0331408,False,20B_P4_top_region_hysteresis_partial_rebalance_turnover_control_v0,20B_P4_TURNCTL_v0,-0.0332539,-0.0001131
F_MIX333_XD8_R025_CNONE,2024-08,reference_net,2024-08-30,10000000,9661124.5516,-0.03388754484,False,20B_P4_top_region_hysteresis_partial_rebalance_turnover_control_v0,20B_P4_TURNCTL_v0,-0.03400009916,-0.00011255432
F_MIX333_XD8_R025_CNONE,2024-09,gross_shadow,2024-09-30,9668592,11180801,0.156404262379,False,20B_P4_top_region_hysteresis_partial_rebalance_turnover_control_v0,20B_P4_TURNCTL_v0,0.158862601049,0.00245833867039
F_MIX333_XD8_R025_CNONE,2024-09,reference_net,2024-09-30,9661124.5516,11171845.3827,0.156371116329,False,20B_P4_top_region_hysteresis_partial_rebalance_turnover_control_v0,20B_P4_TURNCTL_v0,0.158765209196,0.00239409286653
F_MIX333_XD8_R025_CNONE,2024-10,gross_shadow,2024-10-31,11180801,10744267,-0.0390431776757,True,20B_P4_top_region_hysteresis_partial_rebalance_turnover_control_v0,20B_P4_TURNCTL_v0,-0.0417565103154,-0.0027133326397
F_MIX333_XD8_R025_CNONE,2024-10,reference_net,2024-10-31,11171845.3827,10733577.5994,-0.0392296678217,True,20B_P4_top_region_hysteresis_partial_rebalance_turnover_control_v0,20B_P4_TURNCTL_v0,-0.0419999329509,-0.00277026512919
F_MIX333_XD8_R025_CNONE,2024-11,gross_shadow,2024-11-29,10744267,10828513,0.00784101884289,False,20B_P4_top_region_hysteresis_partial_rebalance_turnover_control_v0,20B_P4_TURNCTL_v0,0.00743434136436,-0.000406677478528
F_MIX333_XD8_R025_CNONE,2024-11,reference_net,2024-11-29,10733577.5994,10816614.913,0.00773621961466,False,20B_P4_top_region_hysteresis_partial_rebalance_turnover_control_v0,20B_P4_TURNCTL_v0,0.00728422719772,-0.000451992416935
F_MIX333_XD8_R025_CNONE,2024-12,gross_shadow,2024-12-31,10828513,11102147,0.0252697669569,False,20B_P4_top_region_hysteresis_partial_rebalance_turnover_control_v0,20B_P4_TURNCTL_v0,0.023651486543,-0.00161828041397
F_MIX333_XD8_R025_CNONE,2024-12,reference_net,2024-12-31,10816614.913,11088984.3538,0.0251806542982,False,20B_P4_top_region_hysteresis_partial_rebalance_turnover_control_v0,20B_P4_TURNCTL_v0,0.0235057852708,-0.0016748690274
F_MIX333_XD8_R025_CNONE,2025-01,gross_shadow,2025-01-27,11102147,10935390,-0.0150202478854,False,20B_P4_top_region_hysteresis_partial_rebalance_turnover_control_v0,20B_P4_TURNCTL_v0,-0.0159349720686,-0.000914724183227
F_MIX333_XD8_R025_CNONE,2025-01,reference_net,2025-01-27,11088984.3538,10920869.8338,-0.015160497534,False,20B_P4_top_region_hysteresis_partial_rebalance_turnover_control_v0,20B_P4_TURNCTL_v0,-0.0161371317804,-0.000976634246405
F_MIX333_XD8_R025_CNONE,2025-02,gross_shadow,2025-02-28,10935390,10859501,-0.0069397616363,True,20B_P4_top_region_hysteresis_partial_rebalance_turnover_control_v0,20B_P4_TURNCTL_v0,-0.0079087507335,-0.0009689890972
F_MIX333_XD8_R025_CNONE,2025-02,reference_net,2025-02-28,10920869.8338,10843770.0283,-0.00705985939977,True,20B_P4_top_region_hysteresis_partial_rebalance_turnover_control_v0,20B_P4_TURNCTL_v0,-0.00809581661659,-0.00103595721682
F_MIX333_XD8_R025_CNONE,2025-03,gross_shadow,2025-03-31,10859501,10988131,0.011844927313,False,20B_P4_top_region_hysteresis_partial_rebalance_turnover_control_v0,20B_P4_TURNCTL_v0,0.0133980936076,0.00155316629467
F_MIX333_XD8_R025_CNONE,2025-03,reference_net,2025-03-31,10843770.0283,10971036.1536,0.0117363356986,False,20B_P4_top_region_hysteresis_partial_rebalance_turnover_control_v0,20B_P4_TURNCTL_v0,0.0132233978829,0.00148706218427
F_MIX333_XD8_R025_CNONE,2025-04,gross_shadow,2025-04-30,10988131,10875793,-0.0102235766938,False,20B_P4_top_region_hysteresis_partial_rebalance_turnover_control_v0,20B_P4_TURNCTL_v0,-0.0157743458108,-0.00555076911697
F_MIX333_XD8_R025_CNONE,2025-04,reference_net,2025-04-30,10971036.1536,10857420.3848,-0.01035597433,False,20B_P4_top_region_hysteresis_partial_rebalance_turnover_control_v0,20B_P4_TURNCTL_v0,-0.0159994675217,-0.00564349319171
F_MIX333_XD8_R025_CNONE,2025-05,gross_shadow,2025-05-30,10875793,11104725,0.0210496834576,False,20B_P4_top_region_hysteresis_partial_rebalance_turnover_control_v0,20B_P4_TURNCTL_v0,0.0218567581682,0.000807074710648
F_MIX333_XD8_R025_CNONE,2025-05,reference_net,2025-05-30,10857420.3848,11085104.6808,0.0209703859638,False,20B_P4_top_region_hysteresis_partial_rebalance_turnover_control_v0,20B_P4_TURNCTL_v0,0.021723831916,0.000753445952226
F_MIX333_XD8_R025_CNONE,2025-06,gross_shadow,2025-06-30,11104725,11229329,0.0112208091601,False,20B_P4_top_region_hysteresis_partial_rebalance_turnover_control_v0,20B_P4_TURNCTL_v0,0.0120373412204,0.000816532060364
F_MIX333_XD8_R025_CNONE,2025-06,reference_net,2025-06-30,11085104.6808,11208397.1673,0.0111223565334,False,20B_P4_top_region_hysteresis_partial_rebalance_turnover_control_v0,20B_P4_TURNCTL_v0,0.0118812499438,0.00075889341041
F_MIX333_XD8_R025_CNONE,2025-07,gross_shadow,2025-07-31,11229329,11366592,0.0122236154983,False,20B_P4_top_region_hysteresis_partial_rebalance_turnover_control_v0,20B_P4_TURNCTL_v0,0.0159705014252,0.00374688592688
F_MIX333_XD8_R025_CNONE,2025-07,reference_net,2025-07-31,11208397.1673,11344320.303,0.0121269021521,False,20B_P4_top_region_hysteresis_partial_rebalance_turnover_control_v0,20B_P4_TURNCTL_v0,0.0158245945545,0.00369769240233
F_MIX333_XD8_R025_CNONE,2025-08,gross_shadow,2025-08-29,11366592,11522080,0.0136793860464,True,20B_P4_top_region_hysteresis_partial_rebalance_turnover_control_v0,20B_P4_TURNCTL_v0,0.0214107382381,0.00773135219168
F_MIX333_XD8_R025_CNONE,2025-08,reference_net,2025-08-29,11344320.303,11498502.8619,0.0135911676303,True,20B_P4_top_region_hysteresis_partial_rebalance_turnover_control_v0,20B_P4_TURNCTL_v0,0.0212920604186,0.00770089278835
F_MIX333_XD8_R025_CNONE,2025-09,gross_shadow,2025-09-30,11522080,11356830,-0.0143420285226,True,20B_P4_top_region_hysteresis_partial_rebalance_turnover_control_v0,20B_P4_TURNCTL_v0,-0.0146549819574,-0.000312953434807
F_MIX333_XD8_R025_CNONE,2025-09,reference_net,2025-09-30,11498502.8619,11331954.2694,-0.0144843719665,True,20B_P4_top_region_hysteresis_partial_rebalance_turnover_control_v0,20B_P4_TURNCTL_v0,-0.0148953122943,-0.000410940327795
F_MIX333_XD8_R025_CNONE,2025-10,gross_shadow,2025-10-31,11356830,11557200,0.0176431275277,False,20B_P4_top_region_hysteresis_partial_rebalance_turnover_control_v0,20B_P4_TURNCTL_v0,0.0176421257991,-1.00172852413e-06
F_MIX333_XD8_R025_CNONE,2025-10,reference_net,2025-10-31,11331954.2694,11531007.9148,0.017565694377,False,20B_P4_top_region_hysteresis_partial_rebalance_turnover_control_v0,20B_P4_TURNCTL_v0,0.017504769152,-6.09252249402e-05
F_MIX333_XD8_R025_CNONE,2025-11,gross_shadow,2025-11-28,11557200,11491553,-0.00568018205102,False,20B_P4_top_region_hysteresis_partial_rebalance_turnover_control_v0,20B_P4_TURNCTL_v0,-0.00968857869009,-0.00400839663908
F_MIX333_XD8_R025_CNONE,2025-11,reference_net,2025-11-28,11531007.9148,11463735.1545,-0.00583407458803,False,20B_P4_top_region_hysteresis_partial_rebalance_turnover_control_v0,20B_P4_TURNCTL_v0,-0.00995710204626,-0.00412302745823
F_MIX333_XD8_R025_CNONE,2025-12,gross_shadow,2025-12-31,11491553,11600406,0.00947243597101,False,20B_P4_top_region_hysteresis_partial_rebalance_turnover_control_v0,20B_P4_TURNCTL_v0,0.0171802536106,0.00770781763956
F_MIX333_XD8_R025_CNONE,2025-12,reference_net,2025-12-31,11463735.1545,11571027.7764,0.00935930744854,False,20B_P4_top_region_hysteresis_partial_rebalance_turnover_control_v0,20B_P4_TURNCTL_v0,0.0170218081883,0.00766250073973
F_MIX333_XD8_R025_CNONE,2026-01,gross_shadow,2026-01-30,11600406,11659532,0.00509689057435,False,20B_P4_top_region_hysteresis_partial_rebalance_turnover_control_v0,20B_P4_TURNCTL_v0,0.0150287676854,0.00993187711103
F_MIX333_XD8_R025_CNONE,2026-01,reference_net,2026-01-30,11571027.7764,11628607.7548,0.00497621987803,False,20B_P4_top_region_hysteresis_partial_rebalance_turnover_control_v0,20B_P4_TURNCTL_v0,0.0148684959055,0.00989227602747
F_MIX333_XD8_R025_CNONE,2026-02,gross_shadow,2026-02-27,11659532,11818459,0.0136306500124,False,20B_P4_top_region_hysteresis_partial_rebalance_turnover_control_v0,20B_P4_TURNCTL_v0,0.020391049042,0.00676039902966
F_MIX333_XD8_R025_CNONE,2026-02,reference_net,2026-02-27,11628607.7548,11785921.4394,0.0135281615777,False,20B_P4_top_region_hysteresis_partial_rebalance_turnover_control_v0,20B_P4_TURNCTL_v0,0.0202325528075,0.0067043912298
F_MIX333_XD8_R025_CNONE,2026-03,gross_shadow,2026-03-31,11818459,11630387,-0.0159134113847,False,20B_P4_top_region_hysteresis_partial_rebalance_turnover_control_v0,20B_P4_TURNCTL_v0,-0.0159986324444,-8.52210597151e-05
F_MIX333_XD8_R025_CNONE,2026-03,reference_net,2026-03-31,11785921.4394,11596351.531,-0.016084436793,False,20B_P4_top_region_hysteresis_partial_rebalance_turnover_control_v0,20B_P4_TURNCTL_v0,-0.0162685275383,-0.000184090745267
F_MIX333_XD8_R025_CNONE,2026-04,gross_shadow,2026-04-30,11630387,11699971,0.0059829479449,True,20B_P4_top_region_hysteresis_partial_rebalance_turnover_control_v0,20B_P4_TURNCTL_v0,0.0130737020465,0.00709075410158
F_MIX333_XD8_R025_CNONE,2026-04,reference_net,2026-04-30,11596351.531,11664223.063,0.00585283499458,True,20B_P4_top_region_hysteresis_partial_rebalance_turnover_control_v0,20B_P4_TURNCTL_v0,0.0128697478741,0.00701691287948
F_MIX333_XD8_R050_C020,2024-08,gross_shadow,2024-08-30,10000000,9668592,-0.0331408,False,20B_P4_top_region_hysteresis_partial_rebalance_turnover_control_v0,20B_P4_TURNCTL_v0,-0.0332539,-0.0001131
F_MIX333_XD8_R050_C020,2024-08,reference_net,2024-08-30,10000000,9661124.5516,-0.03388754484,False,20B_P4_top_region_hysteresis_partial_rebalance_turnover_control_v0,20B_P4_TURNCTL_v0,-0.03400009916,-0.00011255432
F_MIX333_XD8_R050_C020,2024-09,gross_shadow,2024-09-30,9668592,11099664,0.148012451037,False,20B_P4_top_region_hysteresis_partial_rebalance_turnover_control_v0,20B_P4_TURNCTL_v0,0.158862601049,0.0108501500117
F_MIX333_XD8_R050_C020,2024-09,reference_net,2024-09-30,9661124.5516,11089672.407,0.147865587263,False,20B_P4_top_region_hysteresis_partial_rebalance_turnover_control_v0,20B_P4_TURNCTL_v0,0.158765209196,0.0108996219332
F_MIX333_XD8_R050_C020,2024-10,gross_shadow,2024-10-31,11099664,10758116,-0.0307710215372,True,20B_P4_top_region_hysteresis_partial_rebalance_turnover_control_v0,20B_P4_TURNCTL_v0,-0.0417565103154,-0.0109854887782
F_MIX333_XD8_R050_C020,2024-10,reference_net,2024-10-31,11089672.407,10745298.0686,-0.0310536078813,True,20B_P4_top_region_hysteresis_partial_rebalance_turnover_control_v0,20B_P4_TURNCTL_v0,-0.0419999329509,-0.0109463250696
F_MIX333_XD8_R050_C020,2024-11,gross_shadow,2024-11-29,10758116,10834582,0.00710775009305,False,20B_P4_top_region_hysteresis_partial_rebalance_turnover_control_v0,20B_P4_TURNCTL_v0,0.00743434136436,0.000326591271312
F_MIX333_XD8_R050_C020,2024-11,reference_net,2024-11-29,10745298.0686,10820034.466,0.00695526516836,False,20B_P4_top_region_hysteresis_partial_rebalance_turnover_control_v0,20B_P4_TURNCTL_v0,0.00728422719772,0.000328962029366
F_MIX333_XD8_R050_C020,2024-12,gross_shadow,2024-12-31,10834582,11116837,0.0260513049788,False,20B_P4_top_region_hysteresis_partial_rebalance_turnover_control_v0,20B_P4_TURNCTL_v0,0.023651486543,-0.00239981843587
F_MIX333_XD8_R050_C020,2024-12,reference_net,2024-12-31,10820034.466,11100557.1207,0.0259262256153,False,20B_P4_top_region_hysteresis_partial_rebalance_turnover_control_v0,20B_P4_TURNCTL_v0,0.0235057852708,-0.00242044034454
F_MIX333_XD8_R050_C020,2025-01,gross_shadow,2025-01-27,11116837,10944568,-0.0154962243307,False,20B_P4_top_region_hysteresis_partial_rebalance_turnover_control_v0,20B_P4_TURNCTL_v0,-0.0159349720686,-0.000438747737898
F_MIX333_XD8_R050_C020,2025-01,reference_net,2025-01-27,11100557.1207,10926336.3075,-0.0156947810201,False,20B_P4_top_region_hysteresis_partial_rebalance_turnover_control_v0,20B_P4_TURNCTL_v0,-0.0161371317804,-0.000442350760346
F_MIX333_XD8_R050_C020,2025-02,gross_shadow,2025-02-28,10944568,10869501,-0.00685883627385,True,20B_P4_top_region_hysteresis_partial_rebalance_turnover_control_v0,20B_P4_TURNCTL_v0,-0.0079087507335,-0.00104991445965
F_MIX333_XD8_R050_C020,2025-02,reference_net,2025-02-28,10926336.3075,10849453.5812,-0.00703645981017,True,20B_P4_top_region_hysteresis_partial_rebalance_turnover_control_v0,20B_P4_TURNCTL_v0,-0.00809581661659,-0.00105935680642
F_MIX333_XD8_R050_C020,2025-03,gross_shadow,2025-03-31,10869501,11010472,0.0129694086233,False,20B_P4_top_region_hysteresis_partial_rebalance_turnover_control_v0,20B_P4_TURNCTL_v0,0.0133980936076,0.000428684984363
F_MIX333_XD8_R050_C020,2025-03,reference_net,2025-03-31,10849453.5812,10988500.364,0.0128160171229,False,20B_P4_top_region_hysteresis_partial_rebalance_turnover_control_v0,20B_P4_TURNCTL_v0,0.0132233978829,0.00040738076
F_MIX333_XD8_R050_C020,2025-04,gross_shadow,2025-04-30,11010472,10886451,-0.0112639131183,False,20B_P4_top_region_hysteresis_partial_rebalance_turnover_control_v0,20B_P4_TURNCTL_v0,-0.0157743458108,-0.00451043269242
F_MIX333_XD8_R050_C020,2025-04,reference_net,2025-04-30,10988500.364,10862706.0148,-0.0114478177269,False,20B_P4_top_region_hysteresis_partial_rebalance_turnover_control_v0,20B_P4_TURNCTL_v0,-0.0159994675217,-0.0045516497948
F_MIX333_XD8_R050_C020,2025-05,gross_shadow,2025-05-30,10886451,11133513,0.022694448356,False,20B_P4_top_region_hysteresis_partial_rebalance_turnover_control_v0,20B_P4_TURNCTL_v0,0.0218567581682,-0.000837690187822
F_MIX333_XD8_R050_C020,2025-05,reference_net,2025-05-30,10862706.0148,11108117.8876,0.0225921489955,False,20B_P4_top_region_hysteresis_partial_rebalance_turnover_control_v0,20B_P4_TURNCTL_v0,0.021723831916,-0.000868317079439
F_MIX333_XD8_R050_C020,2025-06,gross_shadow,2025-06-30,11133513,11281019,0.0132488281102,False,20B_P4_top_region_hysteresis_partial_rebalance_turnover_control_v0,20B_P4_TURNCTL_v0,0.0120373412204,-0.0012114868898
F_MIX333_XD8_R050_C020,2025-06,reference_net,2025-06-30,11108117.8876,11253680.0186,0.0131041219137,False,20B_P4_top_region_hysteresis_partial_rebalance_turnover_control_v0,20B_P4_TURNCTL_v0,0.0118812499438,-0.00122287196986
F_MIX333_XD8_R050_C020,2025-07,gross_shadow,2025-07-31,11281019,11471115,0.0168509600064,False,20B_P4_top_region_hysteresis_partial_rebalance_turnover_control_v0,20B_P4_TURNCTL_v0,0.0159705014252,-0.000880458581177
F_MIX333_XD8_R050_C020,2025-07,reference_net,2025-07-31,11253680.0186,11441830.8102,0.016719045792,False,20B_P4_top_region_hysteresis_partial_rebalance_turnover_control_v0,20B_P4_TURNCTL_v0,0.0158245945545,-0.000894451237583
F_MIX333_XD8_R050_C020,2025-08,gross_shadow,2025-08-29,11471115,11695323,0.0195454408748,True,20B_P4_top_region_hysteresis_partial_rebalance_turnover_control_v0,20B_P4_TURNCTL_v0,0.0214107382381,0.00186529736333
F_MIX333_XD8_R050_C020,2025-08,reference_net,2025-08-29,11441830.8102,11664221.3053,0.0194366180448,True,20B_P4_top_region_hysteresis_partial_rebalance_turnover_control_v0,20B_P4_TURNCTL_v0,0.0212920604186,0.00185544237386
F_MIX333_XD8_R050_C020,2025-09,gross_shadow,2025-09-30,11695323,11505452,-0.0162347803477,True,20B_P4_top_region_hysteresis_partial_rebalance_turnover_control_v0,20B_P4_TURNCTL_v0,-0.0146549819574,0.00157979839023
F_MIX333_XD8_R050_C020,2025-09,reference_net,2025-09-30,11664221.3053,11472422.3565,-0.016443356471,True,20B_P4_top_region_hysteresis_partial_rebalance_turnover_control_v0,20B_P4_TURNCTL_v0,-0.0148953122943,0.00154804417664
F_MIX333_XD8_R050_C020,2025-10,gross_shadow,2025-10-31,11505452,11718891,0.0185511182003,False,20B_P4_top_region_hysteresis_partial_rebalance_turnover_control_v0,20B_P4_TURNCTL_v0,0.0176421257991,-0.000908992401171
F_MIX333_XD8_R050_C020,2025-10,reference_net,2025-10-31,11472422.3565,11684046.5586,0.0184463398866,False,20B_P4_top_region_hysteresis_partial_rebalance_turnover_control_v0,20B_P4_TURNCTL_v0,0.017504769152,-0.000941570734571
F_MIX333_XD8_R050_C020,2025-11,gross_shadow,2025-11-28,11718891,11631131,-0.00748876322853,False,20B_P4_top_region_hysteresis_partial_rebalance_turnover_control_v0,20B_P4_TURNCTL_v0,-0.00968857869009,-0.00219981546156
F_MIX333_XD8_R050_C020,2025-11,reference_net,2025-11-28,11684046.5586,11594269.1249,-0.00768376206307,False,20B_P4_top_region_hysteresis_partial_rebalance_turnover_control_v0,20B_P4_TURNCTL_v0,-0.00995710204626,-0.00227333998319
F_MIX333_XD8_R050_C020,2025-12,gross_shadow,2025-12-31,11631131,11756127,0.010746676312,False,20B_P4_top_region_hysteresis_partial_rebalance_turnover_control_v0,20B_P4_TURNCTL_v0,0.0171802536106,0.00643357729853
F_MIX333_XD8_R050_C020,2025-12,reference_net,2025-12-31,11594269.1249,11717448.2829,0.0106241416922,False,20B_P4_top_region_hysteresis_partial_rebalance_turnover_control_v0,20B_P4_TURNCTL_v0,0.0170218081883,0.0063976664961
F_MIX333_XD8_R050_C020,2026-01,gross_shadow,2026-01-30,11756127,11900386,0.0122709630476,False,20B_P4_top_region_hysteresis_partial_rebalance_turnover_control_v0,20B_P4_TURNCTL_v0,0.0150287676854,0.00275780463777
F_MIX333_XD8_R050_C020,2026-01,reference_net,2026-01-30,11717448.2829,11859870.6513,0.0121547255854,False,20B_P4_top_region_hysteresis_partial_rebalance_turnover_control_v0,20B_P4_TURNCTL_v0,0.0148684959055,0.00271377032007
F_MIX333_XD8_R050_C020,2026-02,gross_shadow,2026-02-27,11900386,12152381,0.0211753635554,False,20B_P4_top_region_hysteresis_partial_rebalance_turnover_control_v0,20B_P4_TURNCTL_v0,0.020391049042,-0.000784314513405
F_MIX333_XD8_R050_C020,2026-02,reference_net,2026-02-27,11859870.6513,12110052.3472,0.0210948081354,False,20B_P4_top_region_hysteresis_partial_rebalance_turnover_control_v0,20B_P4_TURNCTL_v0,0.0202325528075,-0.000862255327903
F_MIX333_XD8_R050_C020,2026-03,gross_shadow,2026-03-31,12152381,11949187,-0.0167205093389,False,20B_P4_top_region_hysteresis_partial_rebalance_turnover_control_v0,20B_P4_TURNCTL_v0,-0.0159986324444,0.000721876894472
F_MIX333_XD8_R050_C020,2026-03,reference_net,2026-03-31,12110052.3472,11905066.4972,-0.0169269169284,False,20B_P4_top_region_hysteresis_partial_rebalance_turnover_control_v0,20B_P4_TURNCTL_v0,-0.0162685275383,0.000658389390089
F_MIX333_XD8_R050_C020,2026-04,gross_shadow,2026-04-30,11949187,12030767,0.00682724272371,True,20B_P4_top_region_hysteresis_partial_rebalance_turnover_control_v0,20B_P4_TURNCTL_v0,0.0130737020465,0.00624645932277
F_MIX333_XD8_R050_C020,2026-04,reference_net,2026-04-30,11905066.4972,11984816.4609,0.00669882556213,True,20B_P4_top_region_hysteresis_partial_rebalance_turnover_control_v0,20B_P4_TURNCTL_v0,0.0128697478741,0.00617092231193
F_MIX333_XD8_R050_C030,2024-08,gross_shadow,2024-08-30,10000000,9668592,-0.0331408,False,20B_P4_top_region_hysteresis_partial_rebalance_turnover_control_v0,20B_P4_TURNCTL_v0,-0.0332539,-0.0001131
F_MIX333_XD8_R050_C030,2024-08,reference_net,2024-08-30,10000000,9661124.5516,-0.03388754484,False,20B_P4_top_region_hysteresis_partial_rebalance_turnover_control_v0,20B_P4_TURNCTL_v0,-0.03400009916,-0.00011255432
F_MIX333_XD8_R050_C030,2024-09,gross_shadow,2024-09-30,9668592,11099664,0.148012451037,False,20B_P4_top_region_hysteresis_partial_rebalance_turnover_control_v0,20B_P4_TURNCTL_v0,0.158862601049,0.0108501500117
F_MIX333_XD8_R050_C030,2024-09,reference_net,2024-09-30,9661124.5516,11089672.407,0.147865587263,False,20B_P4_top_region_hysteresis_partial_rebalance_turnover_control_v0,20B_P4_TURNCTL_v0,0.158765209196,0.0108996219332
F_MIX333_XD8_R050_C030,2024-10,gross_shadow,2024-10-31,11099664,10758116,-0.0307710215372,True,20B_P4_top_region_hysteresis_partial_rebalance_turnover_control_v0,20B_P4_TURNCTL_v0,-0.0417565103154,-0.0109854887782
F_MIX333_XD8_R050_C030,2024-10,reference_net,2024-10-31,11089672.407,10745298.0686,-0.0310536078813,True,20B_P4_top_region_hysteresis_partial_rebalance_turnover_control_v0,20B_P4_TURNCTL_v0,-0.0419999329509,-0.0109463250696
F_MIX333_XD8_R050_C030,2024-11,gross_shadow,2024-11-29,10758116,10834582,0.00710775009305,False,20B_P4_top_region_hysteresis_partial_rebalance_turnover_control_v0,20B_P4_TURNCTL_v0,0.00743434136436,0.000326591271312
F_MIX333_XD8_R050_C030,2024-11,reference_net,2024-11-29,10745298.0686,10820034.466,0.00695526516836,False,20B_P4_top_region_hysteresis_partial_rebalance_turnover_control_v0,20B_P4_TURNCTL_v0,0.00728422719772,0.000328962029366
F_MIX333_XD8_R050_C030,2024-12,gross_shadow,2024-12-31,10834582,11116837,0.0260513049788,False,20B_P4_top_region_hysteresis_partial_rebalance_turnover_control_v0,20B_P4_TURNCTL_v0,0.023651486543,-0.00239981843587
F_MIX333_XD8_R050_C030,2024-12,reference_net,2024-12-31,10820034.466,11100557.1207,0.0259262256153,False,20B_P4_top_region_hysteresis_partial_rebalance_turnover_control_v0,20B_P4_TURNCTL_v0,0.0235057852708,-0.00242044034454
F_MIX333_XD8_R050_C030,2025-01,gross_shadow,2025-01-27,11116837,10944251,-0.0155247396359,False,20B_P4_top_region_hysteresis_partial_rebalance_turnover_control_v0,20B_P4_TURNCTL_v0,-0.0159349720686,-0.00041023243269
F_MIX333_XD8_R050_C030,2025-01,reference_net,2025-01-27,11100557.1207,10925975.8932,-0.0157272491481,False,20B_P4_top_region_hysteresis_partial_rebalance_turnover_control_v0,20B_P4_TURNCTL_v0,-0.0161371317804,-0.000409882632298
F_MIX333_XD8_R050_C030,2025-02,gross_shadow,2025-02-28,10944251,10867740,-0.00699097635827,True,20B_P4_top_region_hysteresis_partial_rebalance_turnover_control_v0,20B_P4_TURNCTL_v0,-0.0079087507335,-0.00091777437523
F_MIX333_XD8_R050_C030,2025-02,reference_net,2025-02-28,10925975.8932,10847568.4418,-0.00717624238939,True,20B_P4_top_region_hysteresis_partial_rebalance_turnover_control_v0,20B_P4_TURNCTL_v0,-0.00809581661659,-0.000919574227202
F_MIX333_XD8_R050_C030,2025-03,gross_shadow,2025-03-31,10867740,11005413,0.0126680432178,False,20B_P4_top_region_hysteresis_partial_rebalance_turnover_control_v0,20B_P4_TURNCTL_v0,0.0133980936076,0.000730050389812
F_MIX333_XD8_R050_C030,2025-03,reference_net,2025-03-31,10847568.4418,10983077.8788,0.0124921486061,False,20B_P4_top_region_hysteresis_partial_rebalance_turnover_control_v0,20B_P4_TURNCTL_v0,0.0132233978829,0.000731249276757
F_MIX333_XD8_R050_C030,2025-04,gross_shadow,2025-04-30,11005413,10889576,-0.010525456882,False,20B_P4_top_region_hysteresis_partial_rebalance_turnover_control_v0,20B_P4_TURNCTL_v0,-0.0157743458108,-0.00524888892878
F_MIX333_XD8_R050_C030,2025-04,reference_net,2025-04-30,10983077.8788,10865368.2871,-0.0107173592912,False,20B_P4_top_region_hysteresis_partial_rebalance_turnover_control_v0,20B_P4_TURNCTL_v0,-0.0159994675217,-0.00528210823057
F_MIX333_XD8_R050_C030,2025-05,gross_shadow,2025-05-30,10889576,11138856,0.0228916167168,False,20B_P4_top_region_hysteresis_partial_rebalance_turnover_control_v0,20B_P4_TURNCTL_v0,0.0218567581682,-0.00103485854854
F_MIX333_XD8_R050_C030,2025-05,reference_net,2025-05-30,10865368.2871,11112828.9305,0.0227751730942,False,20B_P4_top_region_hysteresis_partial_rebalance_turnover_control_v0,20B_P4_TURNCTL_v0,0.021723831916,-0.00105134117818
F_MIX333_XD8_R050_C030,2025-06,gross_shadow,2025-06-30,11138856,11286085,0.0132176051113,False,20B_P4_top_region_hysteresis_partial_rebalance_turnover_control_v0,20B_P4_TURNCTL_v0,0.0120373412204,-0.0011802638909
F_MIX333_XD8_R050_C030,2025-06,reference_net,2025-06-30,11112828.9305,11257852.1584,0.013050072919,False,20B_P4_top_region_hysteresis_partial_rebalance_turnover_control_v0,20B_P4_TURNCTL_v0,0.0118812499438,-0.00116882297522
F_MIX333_XD8_R050_C030,2025-07,gross_shadow,2025-07-31,11286085,11479872,0.0171704359838,False,20B_P4_top_region_hysteresis_partial_rebalance_turnover_control_v0,20B_P4_TURNCTL_v0,0.0159705014252,-0.0011999345586
F_MIX333_XD8_R050_C030,2025-07,reference_net,2025-07-31,11257852.1584,11449411.3695,0.0170156090535,False,20B_P4_top_region_hysteresis_partial_rebalance_turnover_control_v0,20B_P4_TURNCTL_v0,0.0158245945545,-0.00119101449907
F_MIX333_XD8_R050_C030,2025-08,gross_shadow,2025-08-29,11479872,11725676,0.021411736995,True,20B_P4_top_region_hysteresis_partial_rebalance_turnover_control_v0,20B_P4_TURNCTL_v0,0.0214107382381,-9.98756889192e-07
F_MIX333_XD8_R050_C030,2025-08,reference_net,2025-08-29,11449411.3695,11693125.4311,0.0212861651787,True,20B_P4_top_region_hysteresis_partial_rebalance_turnover_control_v0,20B_P4_TURNCTL_v0,0.0212920604186,5.89523997574e-06
F_MIX333_XD8_R050_C030,2025-09,gross_shadow,2025-09-30,11725676,11519641,-0.0175712683857,True,20B_P4_top_region_hysteresis_partial_rebalance_turnover_control_v0,20B_P4_TURNCTL_v0,-0.0146549819574,0.00291628642829
F_MIX333_XD8_R050_C030,2025-09,reference_net,2025-09-30,11693125.4311,11484802.681,-0.0178158313076,True,20B_P4_top_region_hysteresis_partial_rebalance_turnover_control_v0,20B_P4_TURNCTL_v0,-0.0148953122943,0.00292051901332
F_MIX333_XD8_R050_C030,2025-10,gross_shadow,2025-10-31,11519641,11738400,0.0189900883196,False,20B_P4_top_region_hysteresis_partial_rebalance_turnover_control_v0,20B_P4_TURNCTL_v0,0.0176421257991,-0.00134796252045
F_MIX333_XD8_R050_C030,2025-10,reference_net,2025-10-31,11484802.681,11701345.8875,0.0188547607247,False,20B_P4_top_region_hysteresis_partial_rebalance_turnover_control_v0,20B_P4_TURNCTL_v0,0.017504769152,-0.00134999157264
F_MIX333_XD8_R050_C030,2025-11,gross_shadow,2025-11-28,11738400,11645152,-0.00794384243168,False,20B_P4_top_region_hysteresis_partial_rebalance_turnover_control_v0,20B_P4_TURNCTL_v0,-0.00968857869009,-0.00174473625841
F_MIX333_XD8_R050_C030,2025-11,reference_net,2025-11-28,11701345.8875,11605296.0515,-0.00820844344602,False,20B_P4_top_region_hysteresis_partial_rebalance_turnover_control_v0,20B_P4_TURNCTL_v0,-0.00995710204626,-0.00174865860023
F_MIX333_XD8_R050_C030,2025-12,gross_shadow,2025-12-31,11645152,11787062,0.0121861870073,False,20B_P4_top_region_hysteresis_partial_rebalance_turnover_control_v0,20B_P4_TURNCTL_v0,0.0171802536106,0.00499406660331
F_MIX333_XD8_R050_C030,2025-12,reference_net,2025-12-31,11605296.0515,11744902.0219,0.0120295052991,False,20B_P4_top_region_hysteresis_partial_rebalance_turnover_control_v0,20B_P4_TURNCTL_v0,0.0170218081883,0.00499230288915
F_MIX333_XD8_R050_C030,2026-01,gross_shadow,2026-01-30,11787062,11953503,0.0141206519487,False,20B_P4_top_region_hysteresis_partial_rebalance_turnover_control_v0,20B_P4_TURNCTL_v0,0.0150287676854,0.000908115736656
F_MIX333_XD8_R050_C030,2026-01,reference_net,2026-01-30,11744902.0219,11908732.0276,0.0139490312839,False,20B_P4_top_region_hysteresis_partial_rebalance_turnover_control_v0,20B_P4_TURNCTL_v0,0.0148684959055,0.000919464621586
F_MIX333_XD8_R050_C030,2026-02,gross_shadow,2026-02-27,11953503,12262125,0.0258185403894,False,20B_P4_top_region_hysteresis_partial_rebalance_turnover_control_v0,20B_P4_TURNCTL_v0,0.020391049042,-0.00542749134735
F_MIX333_XD8_R050_C030,2026-02,reference_net,2026-02-27,11908732.0276,12214621.326,0.025686134989,False,20B_P4_top_region_hysteresis_partial_rebalance_turnover_control_v0,20B_P4_TURNCTL_v0,0.0202325528075,-0.00545358218158
F_MIX333_XD8_R050_C030,2026-03,gross_shadow,2026-03-31,12262125,12010712,-0.0205032162044,False,20B_P4_top_region_hysteresis_partial_rebalance_turnover_control_v0,20B_P4_TURNCTL_v0,-0.0159986324444,0.00450458375997
F_MIX333_XD8_R050_C030,2026-03,reference_net,2026-03-31,12214621.326,11960664.9008,-0.0207911828358,False,20B_P4_top_region_hysteresis_partial_rebalance_turnover_control_v0,20B_P4_TURNCTL_v0,-0.0162685275383,0.00452265529752
F_MIX333_XD8_R050_C030,2026-04,gross_shadow,2026-04-30,12010712,12142643,0.0109844445525,True,20B_P4_top_region_hysteresis_partial_rebalance_turnover_control_v0,20B_P4_TURNCTL_v0,0.0130737020465,0.00208925749399
F_MIX333_XD8_R050_C030,2026-04,reference_net,2026-04-30,11960664.9008,12089996.3737,0.0108130671692,True,20B_P4_top_region_hysteresis_partial_rebalance_turnover_control_v0,20B_P4_TURNCTL_v0,0.0128697478741,0.0020566807049
F_MIX333_XD8_R050_C040,2024-08,gross_shadow,2024-08-30,10000000,9668592,-0.0331408,False,20B_P4_top_region_hysteresis_partial_rebalance_turnover_control_v0,20B_P4_TURNCTL_v0,-0.0332539,-0.0001131
F_MIX333_XD8_R050_C040,2024-08,reference_net,2024-08-30,10000000,9661124.5516,-0.03388754484,False,20B_P4_top_region_hysteresis_partial_rebalance_turnover_control_v0,20B_P4_TURNCTL_v0,-0.03400009916,-0.00011255432
F_MIX333_XD8_R050_C040,2024-09,gross_shadow,2024-09-30,9668592,11099664,0.148012451037,False,20B_P4_top_region_hysteresis_partial_rebalance_turnover_control_v0,20B_P4_TURNCTL_v0,0.158862601049,0.0108501500117
F_MIX333_XD8_R050_C040,2024-09,reference_net,2024-09-30,9661124.5516,11089672.407,0.147865587263,False,20B_P4_top_region_hysteresis_partial_rebalance_turnover_control_v0,20B_P4_TURNCTL_v0,0.158765209196,0.0108996219332
F_MIX333_XD8_R050_C040,2024-10,gross_shadow,2024-10-31,11099664,10758116,-0.0307710215372,True,20B_P4_top_region_hysteresis_partial_rebalance_turnover_control_v0,20B_P4_TURNCTL_v0,-0.0417565103154,-0.0109854887782
F_MIX333_XD8_R050_C040,2024-10,reference_net,2024-10-31,11089672.407,10745298.0686,-0.0310536078813,True,20B_P4_top_region_hysteresis_partial_rebalance_turnover_control_v0,20B_P4_TURNCTL_v0,-0.0419999329509,-0.0109463250696
F_MIX333_XD8_R050_C040,2024-11,gross_shadow,2024-11-29,10758116,10834582,0.00710775009305,False,20B_P4_top_region_hysteresis_partial_rebalance_turnover_control_v0,20B_P4_TURNCTL_v0,0.00743434136436,0.000326591271312
F_MIX333_XD8_R050_C040,2024-11,reference_net,2024-11-29,10745298.0686,10820034.466,0.00695526516836,False,20B_P4_top_region_hysteresis_partial_rebalance_turnover_control_v0,20B_P4_TURNCTL_v0,0.00728422719772,0.000328962029366
F_MIX333_XD8_R050_C040,2024-12,gross_shadow,2024-12-31,10834582,11116837,0.0260513049788,False,20B_P4_top_region_hysteresis_partial_rebalance_turnover_control_v0,20B_P4_TURNCTL_v0,0.023651486543,-0.00239981843587
F_MIX333_XD8_R050_C040,2024-12,reference_net,2024-12-31,10820034.466,11100557.1207,0.0259262256153,False,20B_P4_top_region_hysteresis_partial_rebalance_turnover_control_v0,20B_P4_TURNCTL_v0,0.0235057852708,-0.00242044034454
F_MIX333_XD8_R050_C040,2025-01,gross_shadow,2025-01-27,11116837,10944251,-0.0155247396359,False,20B_P4_top_region_hysteresis_partial_rebalance_turnover_control_v0,20B_P4_TURNCTL_v0,-0.0159349720686,-0.00041023243269
F_MIX333_XD8_R050_C040,2025-01,reference_net,2025-01-27,11100557.1207,10925975.8932,-0.0157272491481,False,20B_P4_top_region_hysteresis_partial_rebalance_turnover_control_v0,20B_P4_TURNCTL_v0,-0.0161371317804,-0.000409882632298
F_MIX333_XD8_R050_C040,2025-02,gross_shadow,2025-02-28,10944251,10867740,-0.00699097635827,True,20B_P4_top_region_hysteresis_partial_rebalance_turnover_control_v0,20B_P4_TURNCTL_v0,-0.0079087507335,-0.00091777437523
F_MIX333_XD8_R050_C040,2025-02,reference_net,2025-02-28,10925975.8932,10847568.4418,-0.00717624238939,True,20B_P4_top_region_hysteresis_partial_rebalance_turnover_control_v0,20B_P4_TURNCTL_v0,-0.00809581661659,-0.000919574227202
F_MIX333_XD8_R050_C040,2025-03,gross_shadow,2025-03-31,10867740,11005413,0.0126680432178,False,20B_P4_top_region_hysteresis_partial_rebalance_turnover_control_v0,20B_P4_TURNCTL_v0,0.0133980936076,0.000730050389812
F_MIX333_XD8_R050_C040,2025-03,reference_net,2025-03-31,10847568.4418,10983077.8788,0.0124921486061,False,20B_P4_top_region_hysteresis_partial_rebalance_turnover_control_v0,20B_P4_TURNCTL_v0,0.0132233978829,0.000731249276757
F_MIX333_XD8_R050_C040,2025-04,gross_shadow,2025-04-30,11005413,10889576,-0.010525456882,False,20B_P4_top_region_hysteresis_partial_rebalance_turnover_control_v0,20B_P4_TURNCTL_v0,-0.0157743458108,-0.00524888892878
F_MIX333_XD8_R050_C040,2025-04,reference_net,2025-04-30,10983077.8788,10865368.2871,-0.0107173592912,False,20B_P4_top_region_hysteresis_partial_rebalance_turnover_control_v0,20B_P4_TURNCTL_v0,-0.0159994675217,-0.00528210823057
F_MIX333_XD8_R050_C040,2025-05,gross_shadow,2025-05-30,10889576,11138856,0.0228916167168,False,20B_P4_top_region_hysteresis_partial_rebalance_turnover_control_v0,20B_P4_TURNCTL_v0,0.0218567581682,-0.00103485854854
F_MIX333_XD8_R050_C040,2025-05,reference_net,2025-05-30,10865368.2871,11112828.9305,0.0227751730942,False,20B_P4_top_region_hysteresis_partial_rebalance_turnover_control_v0,20B_P4_TURNCTL_v0,0.021723831916,-0.00105134117818
F_MIX333_XD8_R050_C040,2025-06,gross_shadow,2025-06-30,11138856,11286085,0.0132176051113,False,20B_P4_top_region_hysteresis_partial_rebalance_turnover_control_v0,20B_P4_TURNCTL_v0,0.0120373412204,-0.0011802638909
F_MIX333_XD8_R050_C040,2025-06,reference_net,2025-06-30,11112828.9305,11257852.1584,0.013050072919,False,20B_P4_top_region_hysteresis_partial_rebalance_turnover_control_v0,20B_P4_TURNCTL_v0,0.0118812499438,-0.00116882297522
F_MIX333_XD8_R050_C040,2025-07,gross_shadow,2025-07-31,11286085,11479872,0.0171704359838,False,20B_P4_top_region_hysteresis_partial_rebalance_turnover_control_v0,20B_P4_TURNCTL_v0,0.0159705014252,-0.0011999345586
F_MIX333_XD8_R050_C040,2025-07,reference_net,2025-07-31,11257852.1584,11449411.3695,0.0170156090535,False,20B_P4_top_region_hysteresis_partial_rebalance_turnover_control_v0,20B_P4_TURNCTL_v0,0.0158245945545,-0.00119101449907
F_MIX333_XD8_R050_C040,2025-08,gross_shadow,2025-08-29,11479872,11725676,0.021411736995,True,20B_P4_top_region_hysteresis_partial_rebalance_turnover_control_v0,20B_P4_TURNCTL_v0,0.0214107382381,-9.98756889192e-07
F_MIX333_XD8_R050_C040,2025-08,reference_net,2025-08-29,11449411.3695,11693125.4311,0.0212861651787,True,20B_P4_top_region_hysteresis_partial_rebalance_turnover_control_v0,20B_P4_TURNCTL_v0,0.0212920604186,5.89523997574e-06
F_MIX333_XD8_R050_C040,2025-09,gross_shadow,2025-09-30,11725676,11519641,-0.0175712683857,True,20B_P4_top_region_hysteresis_partial_rebalance_turnover_control_v0,20B_P4_TURNCTL_v0,-0.0146549819574,0.00291628642829
F_MIX333_XD8_R050_C040,2025-09,reference_net,2025-09-30,11693125.4311,11484802.681,-0.0178158313076,True,20B_P4_top_region_hysteresis_partial_rebalance_turnover_control_v0,20B_P4_TURNCTL_v0,-0.0148953122943,0.00292051901332
F_MIX333_XD8_R050_C040,2025-10,gross_shadow,2025-10-31,11519641,11738400,0.0189900883196,False,20B_P4_top_region_hysteresis_partial_rebalance_turnover_control_v0,20B_P4_TURNCTL_v0,0.0176421257991,-0.00134796252045
F_MIX333_XD8_R050_C040,2025-10,reference_net,2025-10-31,11484802.681,11701345.8875,0.0188547607247,False,20B_P4_top_region_hysteresis_partial_rebalance_turnover_control_v0,20B_P4_TURNCTL_v0,0.017504769152,-0.00134999157264
F_MIX333_XD8_R050_C040,2025-11,gross_shadow,2025-11-28,11738400,11645177,-0.00794171266953,False,20B_P4_top_region_hysteresis_partial_rebalance_turnover_control_v0,20B_P4_TURNCTL_v0,-0.00968857869009,-0.00174686602056
F_MIX333_XD8_R050_C040,2025-11,reference_net,2025-11-28,11701345.8875,11605315.3607,-0.00820679328286,False,20B_P4_top_region_hysteresis_partial_rebalance_turnover_control_v0,20B_P4_TURNCTL_v0,-0.00995710204626,-0.0017503087634
F_MIX333_XD8_R050_C040,2025-12,gross_shadow,2025-12-31,11645177,11787011,0.0121796345388,False,20B_P4_top_region_hysteresis_partial_rebalance_turnover_control_v0,20B_P4_TURNCTL_v0,0.0171802536106,0.00500061907174
F_MIX333_XD8_R050_C040,2025-12,reference_net,2025-12-31,11605315.3607,11744845.5718,0.0120229573108,False,20B_P4_top_region_hysteresis_partial_rebalance_turnover_control_v0,20B_P4_TURNCTL_v0,0.0170218081883,0.00499885087746
F_MIX333_XD8_R050_C040,2026-01,gross_shadow,2026-01-30,11787011,11953600,0.0141332692402,False,20B_P4_top_region_hysteresis_partial_rebalance_turnover_control_v0,20B_P4_TURNCTL_v0,0.0150287676854,0.000895498445194
F_MIX333_XD8_R050_C040,2026-01,reference_net,2026-01-30,11744845.5718,11908808.3007,0.0139603988709,False,20B_P4_top_region_hysteresis_partial_rebalance_turnover_control_v0,20B_P4_TURNCTL_v0,0.0148684959055,0.000908097034602
F_MIX333_XD8_R050_C040,2026-02,gross_shadow,2026-02-27,11953600,12265477,0.026090633784,False,20B_P4_top_region_hysteresis_partial_rebalance_turnover_control_v0,20B_P4_TURNCTL_v0,0.020391049042,-0.00569958474194
F_MIX333_XD8_R050_C040,2026-02,reference_net,2026-02-27,11908808.3007,12217849.4418,0.0259506353051,False,20B_P4_top_region_hysteresis_partial_rebalance_turnover_control_v0,20B_P4_TURNCTL_v0,0.0202325528075,-0.00571808249766
F_MIX333_XD8_R050_C040,2026-03,gross_shadow,2026-03-31,12265477,12012709,-0.0206080856048,False,20B_P4_top_region_hysteresis_partial_rebalance_turnover_control_v0,20B_P4_TURNCTL_v0,-0.0159986324444,0.00460945316043
F_MIX333_XD8_R050_C040,2026-03,reference_net,2026-03-31,12217849.4418,11962516.1711,-0.0208983808432,False,20B_P4_top_region_hysteresis_partial_rebalance_turnover_control_v0,20B_P4_TURNCTL_v0,-0.0162685275383,0.00462985330488
F_MIX333_XD8_R050_C040,2026-04,gross_shadow,2026-04-30,12012709,12148857,0.0113336633727,True,20B_P4_top_region_hysteresis_partial_rebalance_turnover_control_v0,20B_P4_TURNCTL_v0,0.0130737020465,0.0017400386738
F_MIX333_XD8_R050_C040,2026-04,reference_net,2026-04-30,11962516.1711,12095761.4816,0.0111385688959,True,20B_P4_top_region_hysteresis_partial_rebalance_turnover_control_v0,20B_P4_TURNCTL_v0,0.0128697478741,0.00173117897818
F_MIX333_XD8_R050_CNONE,2024-08,gross_shadow,2024-08-30,10000000,9668592,-0.0331408,False,20B_P4_top_region_hysteresis_partial_rebalance_turnover_control_v0,20B_P4_TURNCTL_v0,-0.0332539,-0.0001131
F_MIX333_XD8_R050_CNONE,2024-08,reference_net,2024-08-30,10000000,9661124.5516,-0.03388754484,False,20B_P4_top_region_hysteresis_partial_rebalance_turnover_control_v0,20B_P4_TURNCTL_v0,-0.03400009916,-0.00011255432
F_MIX333_XD8_R050_CNONE,2024-09,gross_shadow,2024-09-30,9668592,11099664,0.148012451037,False,20B_P4_top_region_hysteresis_partial_rebalance_turnover_control_v0,20B_P4_TURNCTL_v0,0.158862601049,0.0108501500117
F_MIX333_XD8_R050_CNONE,2024-09,reference_net,2024-09-30,9661124.5516,11089672.407,0.147865587263,False,20B_P4_top_region_hysteresis_partial_rebalance_turnover_control_v0,20B_P4_TURNCTL_v0,0.158765209196,0.0108996219332
F_MIX333_XD8_R050_CNONE,2024-10,gross_shadow,2024-10-31,11099664,10758116,-0.0307710215372,True,20B_P4_top_region_hysteresis_partial_rebalance_turnover_control_v0,20B_P4_TURNCTL_v0,-0.0417565103154,-0.0109854887782
F_MIX333_XD8_R050_CNONE,2024-10,reference_net,2024-10-31,11089672.407,10745298.0686,-0.0310536078813,True,20B_P4_top_region_hysteresis_partial_rebalance_turnover_control_v0,20B_P4_TURNCTL_v0,-0.0419999329509,-0.0109463250696
F_MIX333_XD8_R050_CNONE,2024-11,gross_shadow,2024-11-29,10758116,10834582,0.00710775009305,False,20B_P4_top_region_hysteresis_partial_rebalance_turnover_control_v0,20B_P4_TURNCTL_v0,0.00743434136436,0.000326591271312
F_MIX333_XD8_R050_CNONE,2024-11,reference_net,2024-11-29,10745298.0686,10820034.466,0.00695526516836,False,20B_P4_top_region_hysteresis_partial_rebalance_turnover_control_v0,20B_P4_TURNCTL_v0,0.00728422719772,0.000328962029366
F_MIX333_XD8_R050_CNONE,2024-12,gross_shadow,2024-12-31,10834582,11116837,0.0260513049788,False,20B_P4_top_region_hysteresis_partial_rebalance_turnover_control_v0,20B_P4_TURNCTL_v0,0.023651486543,-0.00239981843587
F_MIX333_XD8_R050_CNONE,2024-12,reference_net,2024-12-31,10820034.466,11100557.1207,0.0259262256153,False,20B_P4_top_region_hysteresis_partial_rebalance_turnover_control_v0,20B_P4_TURNCTL_v0,0.0235057852708,-0.00242044034454
F_MIX333_XD8_R050_CNONE,2025-01,gross_shadow,2025-01-27,11116837,10944251,-0.0155247396359,False,20B_P4_top_region_hysteresis_partial_rebalance_turnover_control_v0,20B_P4_TURNCTL_v0,-0.0159349720686,-0.00041023243269
F_MIX333_XD8_R050_CNONE,2025-01,reference_net,2025-01-27,11100557.1207,10925975.8932,-0.0157272491481,False,20B_P4_top_region_hysteresis_partial_rebalance_turnover_control_v0,20B_P4_TURNCTL_v0,-0.0161371317804,-0.000409882632298
F_MIX333_XD8_R050_CNONE,2025-02,gross_shadow,2025-02-28,10944251,10867740,-0.00699097635827,True,20B_P4_top_region_hysteresis_partial_rebalance_turnover_control_v0,20B_P4_TURNCTL_v0,-0.0079087507335,-0.00091777437523
F_MIX333_XD8_R050_CNONE,2025-02,reference_net,2025-02-28,10925975.8932,10847568.4418,-0.00717624238939,True,20B_P4_top_region_hysteresis_partial_rebalance_turnover_control_v0,20B_P4_TURNCTL_v0,-0.00809581661659,-0.000919574227202
F_MIX333_XD8_R050_CNONE,2025-03,gross_shadow,2025-03-31,10867740,11005413,0.0126680432178,False,20B_P4_top_region_hysteresis_partial_rebalance_turnover_control_v0,20B_P4_TURNCTL_v0,0.0133980936076,0.000730050389812
F_MIX333_XD8_R050_CNONE,2025-03,reference_net,2025-03-31,10847568.4418,10983077.8788,0.0124921486061,False,20B_P4_top_region_hysteresis_partial_rebalance_turnover_control_v0,20B_P4_TURNCTL_v0,0.0132233978829,0.000731249276757
F_MIX333_XD8_R050_CNONE,2025-04,gross_shadow,2025-04-30,11005413,10889576,-0.010525456882,False,20B_P4_top_region_hysteresis_partial_rebalance_turnover_control_v0,20B_P4_TURNCTL_v0,-0.0157743458108,-0.00524888892878
F_MIX333_XD8_R050_CNONE,2025-04,reference_net,2025-04-30,10983077.8788,10865368.2871,-0.0107173592912,False,20B_P4_top_region_hysteresis_partial_rebalance_turnover_control_v0,20B_P4_TURNCTL_v0,-0.0159994675217,-0.00528210823057
F_MIX333_XD8_R050_CNONE,2025-05,gross_shadow,2025-05-30,10889576,11138856,0.0228916167168,False,20B_P4_top_region_hysteresis_partial_rebalance_turnover_control_v0,20B_P4_TURNCTL_v0,0.0218567581682,-0.00103485854854
F_MIX333_XD8_R050_CNONE,2025-05,reference_net,2025-05-30,10865368.2871,11112828.9305,0.0227751730942,False,20B_P4_top_region_hysteresis_partial_rebalance_turnover_control_v0,20B_P4_TURNCTL_v0,0.021723831916,-0.00105134117818
F_MIX333_XD8_R050_CNONE,2025-06,gross_shadow,2025-06-30,11138856,11286085,0.0132176051113,False,20B_P4_top_region_hysteresis_partial_rebalance_turnover_control_v0,20B_P4_TURNCTL_v0,0.0120373412204,-0.0011802638909
F_MIX333_XD8_R050_CNONE,2025-06,reference_net,2025-06-30,11112828.9305,11257852.1584,0.013050072919,False,20B_P4_top_region_hysteresis_partial_rebalance_turnover_control_v0,20B_P4_TURNCTL_v0,0.0118812499438,-0.00116882297522
F_MIX333_XD8_R050_CNONE,2025-07,gross_shadow,2025-07-31,11286085,11479872,0.0171704359838,False,20B_P4_top_region_hysteresis_partial_rebalance_turnover_control_v0,20B_P4_TURNCTL_v0,0.0159705014252,-0.0011999345586
F_MIX333_XD8_R050_CNONE,2025-07,reference_net,2025-07-31,11257852.1584,11449411.3695,0.0170156090535,False,20B_P4_top_region_hysteresis_partial_rebalance_turnover_control_v0,20B_P4_TURNCTL_v0,0.0158245945545,-0.00119101449907
F_MIX333_XD8_R050_CNONE,2025-08,gross_shadow,2025-08-29,11479872,11725676,0.021411736995,True,20B_P4_top_region_hysteresis_partial_rebalance_turnover_control_v0,20B_P4_TURNCTL_v0,0.0214107382381,-9.98756889192e-07
F_MIX333_XD8_R050_CNONE,2025-08,reference_net,2025-08-29,11449411.3695,11693125.4311,0.0212861651787,True,20B_P4_top_region_hysteresis_partial_rebalance_turnover_control_v0,20B_P4_TURNCTL_v0,0.0212920604186,5.89523997574e-06
F_MIX333_XD8_R050_CNONE,2025-09,gross_shadow,2025-09-30,11725676,11519641,-0.0175712683857,True,20B_P4_top_region_hysteresis_partial_rebalance_turnover_control_v0,20B_P4_TURNCTL_v0,-0.0146549819574,0.00291628642829
F_MIX333_XD8_R050_CNONE,2025-09,reference_net,2025-09-30,11693125.4311,11484802.681,-0.0178158313076,True,20B_P4_top_region_hysteresis_partial_rebalance_turnover_control_v0,20B_P4_TURNCTL_v0,-0.0148953122943,0.00292051901332
F_MIX333_XD8_R050_CNONE,2025-10,gross_shadow,2025-10-31,11519641,11738400,0.0189900883196,False,20B_P4_top_region_hysteresis_partial_rebalance_turnover_control_v0,20B_P4_TURNCTL_v0,0.0176421257991,-0.00134796252045
F_MIX333_XD8_R050_CNONE,2025-10,reference_net,2025-10-31,11484802.681,11701345.8875,0.0188547607247,False,20B_P4_top_region_hysteresis_partial_rebalance_turnover_control_v0,20B_P4_TURNCTL_v0,0.017504769152,-0.00134999157264
F_MIX333_XD8_R050_CNONE,2025-11,gross_shadow,2025-11-28,11738400,11645177,-0.00794171266953,False,20B_P4_top_region_hysteresis_partial_rebalance_turnover_control_v0,20B_P4_TURNCTL_v0,-0.00968857869009,-0.00174686602056
F_MIX333_XD8_R050_CNONE,2025-11,reference_net,2025-11-28,11701345.8875,11605315.3607,-0.00820679328286,False,20B_P4_top_region_hysteresis_partial_rebalance_turnover_control_v0,20B_P4_TURNCTL_v0,-0.00995710204626,-0.0017503087634
F_MIX333_XD8_R050_CNONE,2025-12,gross_shadow,2025-12-31,11645177,11787011,0.0121796345388,False,20B_P4_top_region_hysteresis_partial_rebalance_turnover_control_v0,20B_P4_TURNCTL_v0,0.0171802536106,0.00500061907174
F_MIX333_XD8_R050_CNONE,2025-12,reference_net,2025-12-31,11605315.3607,11744845.5718,0.0120229573108,False,20B_P4_top_region_hysteresis_partial_rebalance_turnover_control_v0,20B_P4_TURNCTL_v0,0.0170218081883,0.00499885087746
F_MIX333_XD8_R050_CNONE,2026-01,gross_shadow,2026-01-30,11787011,11953600,0.0141332692402,False,20B_P4_top_region_hysteresis_partial_rebalance_turnover_control_v0,20B_P4_TURNCTL_v0,0.0150287676854,0.000895498445194
F_MIX333_XD8_R050_CNONE,2026-01,reference_net,2026-01-30,11744845.5718,11908808.3007,0.0139603988709,False,20B_P4_top_region_hysteresis_partial_rebalance_turnover_control_v0,20B_P4_TURNCTL_v0,0.0148684959055,0.000908097034602
F_MIX333_XD8_R050_CNONE,2026-02,gross_shadow,2026-02-27,11953600,12265477,0.026090633784,False,20B_P4_top_region_hysteresis_partial_rebalance_turnover_control_v0,20B_P4_TURNCTL_v0,0.020391049042,-0.00569958474194
F_MIX333_XD8_R050_CNONE,2026-02,reference_net,2026-02-27,11908808.3007,12217849.4418,0.0259506353051,False,20B_P4_top_region_hysteresis_partial_rebalance_turnover_control_v0,20B_P4_TURNCTL_v0,0.0202325528075,-0.00571808249766
F_MIX333_XD8_R050_CNONE,2026-03,gross_shadow,2026-03-31,12265477,12012709,-0.0206080856048,False,20B_P4_top_region_hysteresis_partial_rebalance_turnover_control_v0,20B_P4_TURNCTL_v0,-0.0159986324444,0.00460945316043
F_MIX333_XD8_R050_CNONE,2026-03,reference_net,2026-03-31,12217849.4418,11962516.1711,-0.0208983808432,False,20B_P4_top_region_hysteresis_partial_rebalance_turnover_control_v0,20B_P4_TURNCTL_v0,-0.0162685275383,0.00462985330488
F_MIX333_XD8_R050_CNONE,2026-04,gross_shadow,2026-04-30,12012709,12148857,0.0113336633727,True,20B_P4_top_region_hysteresis_partial_rebalance_turnover_control_v0,20B_P4_TURNCTL_v0,0.0130737020465,0.0017400386738
F_MIX333_XD8_R050_CNONE,2026-04,reference_net,2026-04-30,11962516.1711,12095761.4816,0.0111385688959,True,20B_P4_top_region_hysteresis_partial_rebalance_turnover_control_v0,20B_P4_TURNCTL_v0,0.0128697478741,0.00173117897818
F_MIX333_XD8_R100_C020,2024-08,gross_shadow,2024-08-30,10000000,9668592,-0.0331408,False,20B_P4_top_region_hysteresis_partial_rebalance_turnover_control_v0,20B_P4_TURNCTL_v0,-0.0332539,-0.0001131
F_MIX333_XD8_R100_C020,2024-08,reference_net,2024-08-30,10000000,9661124.5516,-0.03388754484,False,20B_P4_top_region_hysteresis_partial_rebalance_turnover_control_v0,20B_P4_TURNCTL_v0,-0.03400009916,-0.00011255432
F_MIX333_XD8_R100_C020,2024-09,gross_shadow,2024-09-30,9668592,11061699,0.144085819321,False,20B_P4_top_region_hysteresis_partial_rebalance_turnover_control_v0,20B_P4_TURNCTL_v0,0.158862601049,0.0147767817281
F_MIX333_XD8_R100_C020,2024-09,reference_net,2024-09-30,9661124.5516,11051277.1272,0.14389138326,False,20B_P4_top_region_hysteresis_partial_rebalance_turnover_control_v0,20B_P4_TURNCTL_v0,0.158765209196,0.0148738259355
F_MIX333_XD8_R100_C020,2024-10,gross_shadow,2024-10-31,11061699,10714049,-0.03142826432,True,20B_P4_top_region_hysteresis_partial_rebalance_turnover_control_v0,20B_P4_TURNCTL_v0,-0.0417565103154,-0.0103282459955
F_MIX333_XD8_R100_C020,2024-10,reference_net,2024-10-31,11051277.1272,10700866.9905,-0.0317076599028,True,20B_P4_top_region_hysteresis_partial_rebalance_turnover_control_v0,20B_P4_TURNCTL_v0,-0.0419999329509,-0.0102922730481
F_MIX333_XD8_R100_C020,2024-11,gross_shadow,2024-11-29,10714049,10792427,0.00731544162249,False,20B_P4_top_region_hysteresis_partial_rebalance_turnover_control_v0,20B_P4_TURNCTL_v0,0.00743434136436,0.000118899741868
F_MIX333_XD8_R100_C020,2024-11,reference_net,2024-11-29,10700866.9905,10777500.0511,0.00716138801162,False,20B_P4_top_region_hysteresis_partial_rebalance_turnover_control_v0,20B_P4_TURNCTL_v0,0.00728422719772,0.000122839186101
F_MIX333_XD8_R100_C020,2024-12,gross_shadow,2024-12-31,10792427,11070023,0.0257213692527,False,20B_P4_top_region_hysteresis_partial_rebalance_turnover_control_v0,20B_P4_TURNCTL_v0,0.023651486543,-0.00206988270977
F_MIX333_XD8_R100_C020,2024-12,reference_net,2024-12-31,10777500.0511,11053270.8818,0.0255876436467,False,20B_P4_top_region_hysteresis_partial_rebalance_turnover_control_v0,20B_P4_TURNCTL_v0,0.0235057852708,-0.00208185837589
F_MIX333_XD8_R100_C020,2025-01,gross_shadow,2025-01-27,11070023,10891992,-0.0160822610757,False,20B_P4_top_region_hysteresis_partial_rebalance_turnover_control_v0,20B_P4_TURNCTL_v0,-0.0159349720686,0.000147289007086
F_MIX333_XD8_R100_C020,2025-01,reference_net,2025-01-27,11053270.8818,10873258.7539,-0.0162858695751,False,20B_P4_top_region_hysteresis_partial_rebalance_turnover_control_v0,20B_P4_TURNCTL_v0,-0.0161371317804,0.000148737794709
F_MIX333_XD8_R100_C020,2025-02,gross_shadow,2025-02-28,10891992,10826548,-0.0060084509794,True,20B_P4_top_region_hysteresis_partial_rebalance_turnover_control_v0,20B_P4_TURNCTL_v0,-0.0079087507335,-0.0019002997541
F_MIX333_XD8_R100_C020,2025-02,reference_net,2025-02-28,10873258.7539,10806054.6691,-0.00618067557218,True,20B_P4_top_region_hysteresis_partial_rebalance_turnover_control_v0,20B_P4_TURNCTL_v0,-0.00809581661659,-0.00191514104441
F_MIX333_XD8_R100_C020,2025-03,gross_shadow,2025-03-31,10826548,10962518,0.0125589430722,False,20B_P4_top_region_hysteresis_partial_rebalance_turnover_control_v0,20B_P4_TURNCTL_v0,0.0133980936076,0.00083915053547
F_MIX333_XD8_R100_C020,2025-03,reference_net,2025-03-31,10806054.6691,10940049.7792,0.0124000029792,False,20B_P4_top_region_hysteresis_partial_rebalance_turnover_control_v0,20B_P4_TURNCTL_v0,0.0132233978829,0.000823394903675
F_MIX333_XD8_R100_C020,2025-04,gross_shadow,2025-04-30,10962518,10840026,-0.0111737102735,False,20B_P4_top_region_hysteresis_partial_rebalance_turnover_control_v0,20B_P4_TURNCTL_v0,-0.0157743458108,-0.00460063553727
F_MIX333_XD8_R100_C020,2025-04,reference_net,2025-04-30,10940049.7792,10815834.1853,-0.0113542073772,False,20B_P4_top_region_hysteresis_partial_rebalance_turnover_control_v0,20B_P4_TURNCTL_v0,-0.0159994675217,-0.00464526014452
F_MIX333_XD8_R100_C020,2025-05,gross_shadow,2025-05-30,10840026,11096926,0.0236992051495,False,20B_P4_top_region_hysteresis_partial_rebalance_turnover_control_v0,20B_P4_TURNCTL_v0,0.0218567581682,-0.00184244698129
F_MIX333_XD8_R100_C020,2025-05,reference_net,2025-05-30,10815834.1853,11071060.3718,0.0235974574127,False,20B_P4_top_region_hysteresis_partial_rebalance_turnover_control_v0,20B_P4_TURNCTL_v0,0.021723831916,-0.00187362549668
F_MIX333_XD8_R100_C020,2025-06,gross_shadow,2025-06-30,11096926,11256743,0.0144019163505,False,20B_P4_top_region_hysteresis_partial_rebalance_turnover_control_v0,20B_P4_TURNCTL_v0,0.0120373412204,-0.0023645751301
F_MIX333_XD8_R100_C020,2025-06,reference_net,2025-06-30,11071060.3718,11228962.3928,0.0142625923531,False,20B_P4_top_region_hysteresis_partial_rebalance_turnover_control_v0,20B_P4_TURNCTL_v0,0.0118812499438,-0.00238134240928
F_MIX333_XD8_R100_C020,2025-07,gross_shadow,2025-07-31,11256743,11408569,0.0134875603005,False,20B_P4_top_region_hysteresis_partial_rebalance_turnover_control_v0,20B_P4_TURNCTL_v0,0.0159705014252,0.00248294112466
F_MIX333_XD8_R100_C020,2025-07,reference_net,2025-07-31,11228962.3928,11378867.0011,0.0133498183586,False,20B_P4_top_region_hysteresis_partial_rebalance_turnover_control_v0,20B_P4_TURNCTL_v0,0.0158245945545,0.00247477619587
F_MIX333_XD8_R100_C020,2025-08,gross_shadow,2025-08-29,11408569,11647250,0.0209212040528,True,20B_P4_top_region_hysteresis_partial_rebalance_turnover_control_v0,20B_P4_TURNCTL_v0,0.0214107382381,0.000489534185239
F_MIX333_XD8_R100_C020,2025-08,reference_net,2025-08-29,11378867.0011,11615771.0134,0.0208196485815,True,20B_P4_top_region_hysteresis_partial_rebalance_turnover_control_v0,20B_P4_TURNCTL_v0,0.0212920604186,0.000472411837095
F_MIX333_XD8_R100_C020,2025-09,gross_shadow,2025-09-30,11647250,11458053,-0.0162439202387,True,20B_P4_top_region_hysteresis_partial_rebalance_turnover_control_v0,20B_P4_TURNCTL_v0,-0.0146549819574,0.00158893828125
F_MIX333_XD8_R100_C020,2025-09,reference_net,2025-09-30,11615771.0134,11424633.4011,-0.0164550086266,True,20B_P4_top_region_hysteresis_partial_rebalance_turnover_control_v0,20B_P4_TURNCTL_v0,-0.0148953122943,0.00155969633232
F_MIX333_XD8_R100_C020,2025-10,gross_shadow,2025-10-31,11458053,11662992,0.0178860230442,False,20B_P4_top_region_hysteresis_partial_rebalance_turnover_control_v0,20B_P4_TURNCTL_v0,0.0176421257991,-0.00024389724509
F_MIX333_XD8_R100_C020,2025-10,reference_net,2025-10-31,11424633.4011,11627734.7429,0.0177774931264,False,20B_P4_top_region_hysteresis_partial_rebalance_turnover_control_v0,20B_P4_TURNCTL_v0,0.017504769152,-0.000272723974342
F_MIX333_XD8_R100_C020,2025-11,gross_shadow,2025-11-28,11662992,11570583,-0.00792326703131,False,20B_P4_top_region_hysteresis_partial_rebalance_turnover_control_v0,20B_P4_TURNCTL_v0,-0.00968857869009,-0.00176531165878
F_MIX333_XD8_R100_C020,2025-11,reference_net,2025-11-28,11627734.7429,11533288.7374,-0.00812247678488,False,20B_P4_top_region_hysteresis_partial_rebalance_turnover_control_v0,20B_P4_TURNCTL_v0,-0.00995710204626,-0.00183462526137
F_MIX333_XD8_R100_C020,2025-12,gross_shadow,2025-12-31,11570583,11702085,0.0113652008719,False,20B_P4_top_region_hysteresis_partial_rebalance_turnover_control_v0,20B_P4_TURNCTL_v0,0.0171802536106,0.00581505273867
F_MIX333_XD8_R100_C020,2025-12,reference_net,2025-12-31,11533288.7374,11662977.496,0.0112447335346,False,20B_P4_top_region_hysteresis_partial_rebalance_turnover_control_v0,20B_P4_TURNCTL_v0,0.0170218081883,0.00577707465364
F_MIX333_XD8_R100_C020,2026-01,gross_shadow,2026-01-30,11702085,11831893,0.0110927240744,False,20B_P4_top_region_hysteresis_partial_rebalance_turnover_control_v0,20B_P4_TURNCTL_v0,0.0150287676854,0.00393604361099
F_MIX333_XD8_R100_C020,2026-01,reference_net,2026-01-30,11662977.496,11790945.8367,0.0109721844798,False,20B_P4_top_region_hysteresis_partial_rebalance_turnover_control_v0,20B_P4_TURNCTL_v0,0.0148684959055,0.00389631142571
F_MIX333_XD8_R100_C020,2026-02,gross_shadow,2026-02-27,11831893,12044013,0.0179278159463,False,20B_P4_top_region_hysteresis_partial_rebalance_turnover_control_v0,20B_P4_TURNCTL_v0,0.020391049042,0.00246323309576
F_MIX333_XD8_R100_C020,2026-02,reference_net,2026-02-27,11790945.8367,12001266.5674,0.0178374774715,False,20B_P4_top_region_hysteresis_partial_rebalance_turnover_control_v0,20B_P4_TURNCTL_v0,0.0202325528075,0.00239507533593
F_MIX333_XD8_R100_C020,2026-03,gross_shadow,2026-03-31,12044013,11865289,-0.014839240044,False,20B_P4_top_region_hysteresis_partial_rebalance_turnover_control_v0,20B_P4_TURNCTL_v0,-0.0159986324444,-0.0011593924004
F_MIX333_XD8_R100_C020,2026-03,reference_net,2026-03-31,12001266.5674,11820800.8885,-0.0150372194406,False,20B_P4_top_region_hysteresis_partial_rebalance_turnover_control_v0,20B_P4_TURNCTL_v0,-0.0162685275383,-0.00123130809765
F_MIX333_XD8_R100_C020,2026-04,gross_shadow,2026-04-30,11865289,11907138,0.00352701059367,True,20B_P4_top_region_hysteresis_partial_rebalance_turnover_control_v0,20B_P4_TURNCTL_v0,0.0130737020465,0.00954669145281
F_MIX333_XD8_R100_C020,2026-04,reference_net,2026-04-30,11820800.8885,11860825.9312,0.00338598400122,True,20B_P4_top_region_hysteresis_partial_rebalance_turnover_control_v0,20B_P4_TURNCTL_v0,0.0128697478741,0.00948376387284
F_MIX333_XD8_R100_C030,2024-08,gross_shadow,2024-08-30,10000000,9668592,-0.0331408,False,20B_P4_top_region_hysteresis_partial_rebalance_turnover_control_v0,20B_P4_TURNCTL_v0,-0.0332539,-0.0001131
F_MIX333_XD8_R100_C030,2024-08,reference_net,2024-08-30,10000000,9661124.5516,-0.03388754484,False,20B_P4_top_region_hysteresis_partial_rebalance_turnover_control_v0,20B_P4_TURNCTL_v0,-0.03400009916,-0.00011255432
F_MIX333_XD8_R100_C030,2024-09,gross_shadow,2024-09-30,9668592,10968204,0.134415848761,False,20B_P4_top_region_hysteresis_partial_rebalance_turnover_control_v0,20B_P4_TURNCTL_v0,0.158862601049,0.0244467522884
F_MIX333_XD8_R100_C030,2024-09,reference_net,2024-09-30,9661124.5516,10956470.1456,0.13407813833,False,20B_P4_top_region_hysteresis_partial_rebalance_turnover_control_v0,20B_P4_TURNCTL_v0,0.158765209196,0.0246870708661
F_MIX333_XD8_R100_C030,2024-10,gross_shadow,2024-10-31,10968204,10625978,-0.0312016443166,True,20B_P4_top_region_hysteresis_partial_rebalance_turnover_control_v0,20B_P4_TURNCTL_v0,-0.0417565103154,-0.0105548659988
F_MIX333_XD8_R100_C030,2024-10,reference_net,2024-10-31,10956470.1456,10610511.6702,-0.031575723829,True,20B_P4_top_region_hysteresis_partial_rebalance_turnover_control_v0,20B_P4_TURNCTL_v0,-0.0419999329509,-0.0104242091219
F_MIX333_XD8_R100_C030,2024-11,gross_shadow,2024-11-29,10625978,10701064,0.00706626721794,False,20B_P4_top_region_hysteresis_partial_rebalance_turnover_control_v0,20B_P4_TURNCTL_v0,0.00743434136436,0.000368074146414
F_MIX333_XD8_R100_C030,2024-11,reference_net,2024-11-29,10610511.6702,10682973.8882,0.00682928592818,False,20B_P4_top_region_hysteresis_partial_rebalance_turnover_control_v0,20B_P4_TURNCTL_v0,0.00728422719772,0.000454941269543
F_MIX333_XD8_R100_C030,2024-12,gross_shadow,2024-12-31,10701064,10991799,0.0271687936826,False,20B_P4_top_region_hysteresis_partial_rebalance_turnover_control_v0,20B_P4_TURNCTL_v0,0.023651486543,-0.00351730713962
F_MIX333_XD8_R100_C030,2024-12,reference_net,2024-12-31,10682973.8882,10970628.2791,0.0269264339537,False,20B_P4_top_region_hysteresis_partial_rebalance_turnover_control_v0,20B_P4_TURNCTL_v0,0.0235057852708,-0.00342064868288
F_MIX333_XD8_R100_C030,2025-01,gross_shadow,2025-01-27,10991799,10756052,-0.0214475355672,False,20B_P4_top_region_hysteresis_partial_rebalance_turnover_control_v0,20B_P4_TURNCTL_v0,-0.0159349720686,0.00551256349859
F_MIX333_XD8_R100_C030,2025-01,reference_net,2025-01-27,10970628.2791,10731433.493,-0.0218031984974,False,20B_P4_top_region_hysteresis_partial_rebalance_turnover_control_v0,20B_P4_TURNCTL_v0,-0.0161371317804,0.00566606671703
F_MIX333_XD8_R100_C030,2025-02,gross_shadow,2025-02-28,10756052,10676070,-0.00743599975158,True,20B_P4_top_region_hysteresis_partial_rebalance_turnover_control_v0,20B_P4_TURNCTL_v0,-0.0079087507335,-0.000472750981921
F_MIX333_XD8_R100_C030,2025-02,reference_net,2025-02-28,10731433.493,10647777.8279,-0.00779538587777,True,20B_P4_top_region_hysteresis_partial_rebalance_turnover_control_v0,20B_P4_TURNCTL_v0,-0.00809581661659,-0.000300430738816
F_MIX333_XD8_R100_C030,2025-03,gross_shadow,2025-03-31,10676070,10810752,0.0126153163102,False,20B_P4_top_region_hysteresis_partial_rebalance_turnover_control_v0,20B_P4_TURNCTL_v0,0.0133980936076,0.000782777297414
F_MIX333_XD8_R100_C030,2025-03,reference_net,2025-03-31,10647777.8279,10778282.3594,0.0122565039935,False,20B_P4_top_region_hysteresis_partial_rebalance_turnover_control_v0,20B_P4_TURNCTL_v0,0.0132233978829,0.000966893889368
F_MIX333_XD8_R100_C030,2025-04,gross_shadow,2025-04-30,10810752,10673487,-0.0126970815721,False,20B_P4_top_region_hysteresis_partial_rebalance_turnover_control_v0,20B_P4_TURNCTL_v0,-0.0157743458108,-0.00307726423865
F_MIX333_XD8_R100_C030,2025-04,reference_net,2025-04-30,10778282.3594,10637771.799,-0.0130364519795,False,20B_P4_top_region_hysteresis_partial_rebalance_turnover_control_v0,20B_P4_TURNCTL_v0,-0.0159994675217,-0.00296301554224
F_MIX333_XD8_R100_C030,2025-05,gross_shadow,2025-05-30,10673487,10976064,0.0283484675627,False,20B_P4_top_region_hysteresis_partial_rebalance_turnover_control_v0,20B_P4_TURNCTL_v0,0.0218567581682,-0.00649170939445
F_MIX333_XD8_R100_C030,2025-05,reference_net,2025-05-30,10637771.799,10936896.1849,0.0281190827846,False,20B_P4_top_region_hysteresis_partial_rebalance_turnover_control_v0,20B_P4_TURNCTL_v0,0.021723831916,-0.00639525086855
F_MIX333_XD8_R100_C030,2025-06,gross_shadow,2025-06-30,10976064,11181959,0.0187585458685,False,20B_P4_top_region_hysteresis_partial_rebalance_turnover_control_v0,20B_P4_TURNCTL_v0,0.0120373412204,-0.00672120464811
F_MIX333_XD8_R100_C030,2025-06,reference_net,2025-06-30,10936896.1849,11139204.2765,0.0184977609955,False,20B_P4_top_region_hysteresis_partial_rebalance_turnover_control_v0,20B_P4_TURNCTL_v0,0.0118812499438,-0.00661651105166
F_MIX333_XD8_R100_C030,2025-07,gross_shadow,2025-07-31,11181959,11371624,0.016961696962,False,20B_P4_top_region_hysteresis_partial_rebalance_turnover_control_v0,20B_P4_TURNCTL_v0,0.0159705014252,-0.00099119553686
F_MIX333_XD8_R100_C030,2025-07,reference_net,2025-07-31,11139204.2765,11325410.7398,0.0167163164152,False,20B_P4_top_region_hysteresis_partial_rebalance_turnover_control_v0,20B_P4_TURNCTL_v0,0.0158245945545,-0.000891721860721
F_MIX333_XD8_R100_C030,2025-08,gross_shadow,2025-08-29,11371624,11740291,0.0324199076579,True,20B_P4_top_region_hysteresis_partial_rebalance_turnover_control_v0,20B_P4_TURNCTL_v0,0.0214107382381,-0.0110091694198
F_MIX333_XD8_R100_C030,2025-08,reference_net,2025-08-29,11325410.7398,11691082.2341,0.032287702645,True,20B_P4_top_region_hysteresis_partial_rebalance_turnover_control_v0,20B_P4_TURNCTL_v0,0.0212920604186,-0.0109956422263
F_MIX333_XD8_R100_C030,2025-09,gross_shadow,2025-09-30,11740291,11559032,-0.0154390551307,True,20B_P4_top_region_hysteresis_partial_rebalance_turnover_control_v0,20B_P4_TURNCTL_v0,-0.0146549819574,0.000784073173311
F_MIX333_XD8_R100_C030,2025-09,reference_net,2025-09-30,11691082.2341,11506468.0499,-0.0157910260618,True,20B_P4_top_region_hysteresis_partial_rebalance_turnover_control_v0,20B_P4_TURNCTL_v0,-0.0148953122943,0.000895713767489
F_MIX333_XD8_R100_C030,2025-10,gross_shadow,2025-10-31,11559032,11760392,0.0174201438321,False,20B_P4_top_region_hysteresis_partial_rebalance_turnover_control_v0,20B_P4_TURNCTL_v0,0.0176421257991,0.000221981967027
F_MIX333_XD8_R100_C030,2025-10,reference_net,2025-10-31,11506468.0499,11704715.7617,0.0172292410651,False,20B_P4_top_region_hysteresis_partial_rebalance_turnover_control_v0,20B_P4_TURNCTL_v0,0.017504769152,0.000275528086873
F_MIX333_XD8_R100_C030,2025-11,gross_shadow,2025-11-28,11760392,11609156,-0.0128597754225,False,20B_P4_top_region_hysteresis_partial_rebalance_turnover_control_v0,20B_P4_TURNCTL_v0,-0.00968857869009,0.00317119673236
F_MIX333_XD8_R100_C030,2025-11,reference_net,2025-11-28,11704715.7617,11550241.8505,-0.0131975790275,False,20B_P4_top_region_hysteresis_partial_rebalance_turnover_control_v0,20B_P4_TURNCTL_v0,-0.00995710204626,0.00324047698125
F_MIX333_XD8_R100_C030,2025-12,gross_shadow,2025-12-31,11609156,11733015,0.0106690787857,False,20B_P4_top_region_hysteresis_partial_rebalance_turnover_control_v0,20B_P4_TURNCTL_v0,0.0171802536106,0.00651117482483
F_MIX333_XD8_R100_C030,2025-12,reference_net,2025-12-31,11550241.8505,11671382.6757,0.0104881635189,False,20B_P4_top_region_hysteresis_partial_rebalance_turnover_control_v0,20B_P4_TURNCTL_v0,0.0170218081883,0.00653364466942
F_MIX333_XD8_R100_C030,2026-01,gross_shadow,2026-01-30,11733015,11919408,0.0158861980488,False,20B_P4_top_region_hysteresis_partial_rebalance_turnover_control_v0,20B_P4_TURNCTL_v0,0.0150287676854,-0.000857430363462
F_MIX333_XD8_R100_C030,2026-01,reference_net,2026-01-30,11671382.6757,11854806.6518,0.0157157023514,False,20B_P4_top_region_hysteresis_partial_rebalance_turnover_control_v0,20B_P4_TURNCTL_v0,0.0148684959055,-0.000847206445875
F_MIX333_XD8_R100_C030,2026-02,gross_shadow,2026-02-27,11919408,12195741,0.0231834500505,False,20B_P4_top_region_hysteresis_partial_rebalance_turnover_control_v0,20B_P4_TURNCTL_v0,0.020391049042,-0.00279240100851
F_MIX333_XD8_R100_C030,2026-02,reference_net,2026-02-27,11854806.6518,12128307.3333,0.0230708681695,False,20B_P4_top_region_hysteresis_partial_rebalance_turnover_control_v0,20B_P4_TURNCTL_v0,0.0202325528075,-0.00283831536208
F_MIX333_XD8_R100_C030,2026-03,gross_shadow,2026-03-31,12195741,11913707,-0.0231256140976,False,20B_P4_top_region_hysteresis_partial_rebalance_turnover_control_v0,20B_P4_TURNCTL_v0,-0.0159986324444,0.00712698165318
F_MIX333_XD8_R100_C030,2026-03,reference_net,2026-03-31,12128307.3333,11843560.1003,-0.0234779038126,False,20B_P4_top_region_hysteresis_partial_rebalance_turnover_control_v0,20B_P4_TURNCTL_v0,-0.0162685275383,0.00720937627427
F_MIX333_XD8_R100_C030,2026-04,gross_shadow,2026-04-30,11913707,12059651,0.0122500914283,True,20B_P4_top_region_hysteresis_partial_rebalance_turnover_control_v0,20B_P4_TURNCTL_v0,0.0130737020465,0.00082361061818
F_MIX333_XD8_R100_C030,2026-04,reference_net,2026-04-30,11843560.1003,11986640.2722,0.0120808414622,True,20B_P4_top_region_hysteresis_partial_rebalance_turnover_control_v0,20B_P4_TURNCTL_v0,0.0128697478741,0.000788906411841
F_MIX333_XD8_R100_C040,2024-08,gross_shadow,2024-08-30,10000000,9668592,-0.0331408,False,20B_P4_top_region_hysteresis_partial_rebalance_turnover_control_v0,20B_P4_TURNCTL_v0,-0.0332539,-0.0001131
F_MIX333_XD8_R100_C040,2024-08,reference_net,2024-08-30,10000000,9661124.5516,-0.03388754484,False,20B_P4_top_region_hysteresis_partial_rebalance_turnover_control_v0,20B_P4_TURNCTL_v0,-0.03400009916,-0.00011255432
F_MIX333_XD8_R100_C040,2024-09,gross_shadow,2024-09-30,9668592,11575985,0.19727722506,False,20B_P4_top_region_hysteresis_partial_rebalance_turnover_control_v0,20B_P4_TURNCTL_v0,0.158862601049,-0.0384146240113
F_MIX333_XD8_R100_C040,2024-09,reference_net,2024-09-30,9661124.5516,11561954.6305,0.196750395745,False,20B_P4_top_region_hysteresis_partial_rebalance_turnover_control_v0,20B_P4_TURNCTL_v0,0.158765209196,-0.0379851865493
F_MIX333_XD8_R100_C040,2024-10,gross_shadow,2024-10-31,11575985,11579221,0.000279544246127,True,20B_P4_top_region_hysteresis_partial_rebalance_turnover_control_v0,20B_P4_TURNCTL_v0,-0.0417565103154,-0.0420360545616
F_MIX333_XD8_R100_C040,2024-10,reference_net,2024-10-31,11561954.6305,11557590.7506,-0.000377434441621,True,20B_P4_top_region_hysteresis_partial_rebalance_turnover_control_v0,20B_P4_TURNCTL_v0,-0.0419999329509,-0.0416224985093
F_MIX333_XD8_R100_C040,2024-11,gross_shadow,2024-11-29,11579221,11652484,0.00632710956981,False,20B_P4_top_region_hysteresis_partial_rebalance_turnover_control_v0,20B_P4_TURNCTL_v0,0.00743434136436,0.00110723179455
F_MIX333_XD8_R100_C040,2024-11,reference_net,2024-11-29,11557590.7506,11626321.2722,0.00594678623973,False,20B_P4_top_region_hysteresis_partial_rebalance_turnover_control_v0,20B_P4_TURNCTL_v0,0.00728422719772,0.00133744095799
F_MIX333_XD8_R100_C040,2024-12,gross_shadow,2024-12-31,11652484,11967560,0.0270393849071,False,20B_P4_top_region_hysteresis_partial_rebalance_turnover_control_v0,20B_P4_TURNCTL_v0,0.023651486543,-0.00338789836416
F_MIX333_XD8_R100_C040,2024-12,reference_net,2024-12-31,11626321.2722,11935403.1637,0.026584668035,False,20B_P4_top_region_hysteresis_partial_rebalance_turnover_control_v0,20B_P4_TURNCTL_v0,0.0235057852708,-0.00307888276421
F_MIX333_XD8_R100_C040,2025-01,gross_shadow,2025-01-27,11967560,11648305,-0.0266766993439,False,20B_P4_top_region_hysteresis_partial_rebalance_turnover_control_v0,20B_P4_TURNCTL_v0,-0.0159349720686,0.0107417272753
F_MIX333_XD8_R100_C040,2025-01,reference_net,2025-01-27,11935403.1637,11610147.4786,-0.0272513362706,False,20B_P4_top_region_hysteresis_partial_rebalance_turnover_control_v0,20B_P4_TURNCTL_v0,-0.0161371317804,0.0111142044902
F_MIX333_XD8_R100_C040,2025-02,gross_shadow,2025-02-28,11648305,11584781,-0.00545349731141,True,20B_P4_top_region_hysteresis_partial_rebalance_turnover_control_v0,20B_P4_TURNCTL_v0,-0.0079087507335,-0.00245525342209
F_MIX333_XD8_R100_C040,2025-02,reference_net,2025-02-28,11610147.4786,11541233.1356,-0.00593569918704,True,20B_P4_top_region_hysteresis_partial_rebalance_turnover_control_v0,20B_P4_TURNCTL_v0,-0.00809581661659,-0.00216011742955
F_MIX333_XD8_R100_C040,2025-03,gross_shadow,2025-03-31,11584781,11767263,0.0157518730825,False,20B_P4_top_region_hysteresis_partial_rebalance_turnover_control_v0,20B_P4_TURNCTL_v0,0.0133980936076,-0.00235377947482
F_MIX333_XD8_R100_C040,2025-03,reference_net,2025-03-31,11541233.1356,11715819.4511,0.0151271803869,False,20B_P4_top_region_hysteresis_partial_rebalance_turnover_control_v0,20B_P4_TURNCTL_v0,0.0132233978829,-0.00190378250407
F_MIX333_XD8_R100_C040,2025-04,gross_shadow,2025-04-30,11767263,11590413,-0.0150289833753,False,20B_P4_top_region_hysteresis_partial_rebalance_turnover_control_v0,20B_P4_TURNCTL_v0,-0.0157743458108,-0.000745362435452
F_MIX333_XD8_R100_C040,2025-04,reference_net,2025-04-30,11715819.4511,11532112.8855,-0.0156802148101,False,20B_P4_top_region_hysteresis_partial_rebalance_turnover_control_v0,20B_P4_TURNCTL_v0,-0.0159994675217,-0.000319252711668
F_MIX333_XD8_R100_C040,2025-05,gross_shadow,2025-05-30,11590413,11957208,0.03164641329,False,20B_P4_top_region_hysteresis_partial_rebalance_turnover_control_v0,20B_P4_TURNCTL_v0,0.0218567581682,-0.00978965512181
F_MIX333_XD8_R100_C040,2025-05,reference_net,2025-05-30,11532112.8855,11892895.5468,0.0312850441973,False,20B_P4_top_region_hysteresis_partial_rebalance_turnover_control_v0,20B_P4_TURNCTL_v0,0.021723831916,-0.00956121228124
F_MIX333_XD8_R100_C040,2025-06,gross_shadow,2025-06-30,11957208,12321323,0.0304515067397,False,20B_P4_top_region_hysteresis_partial_rebalance_turnover_control_v0,20B_P4_TURNCTL_v0,0.0120373412204,-0.0184141655193
F_MIX333_XD8_R100_C040,2025-06,reference_net,2025-06-30,11892895.5468,12250189.6445,0.0300426499404,False,20B_P4_top_region_hysteresis_partial_rebalance_turnover_control_v0,20B_P4_TURNCTL_v0,0.0118812499438,-0.0181613999966
F_MIX333_XD8_R100_C040,2025-07,gross_shadow,2025-07-31,12321323,12657128,0.0272539726456,False,20B_P4_top_region_hysteresis_partial_rebalance_turnover_control_v0,20B_P4_TURNCTL_v0,0.0159705014252,-0.0112834712204
F_MIX333_XD8_R100_C040,2025-07,reference_net,2025-07-31,12250189.6445,12577712.0565,0.0267361095212,False,20B_P4_top_region_hysteresis_partial_rebalance_turnover_control_v0,20B_P4_TURNCTL_v0,0.0158245945545,-0.0109115149667
F_MIX333_XD8_R100_C040,2025-08,gross_shadow,2025-08-29,12657128,13312008,0.0517400155865,True,20B_P4_top_region_hysteresis_partial_rebalance_turnover_control_v0,20B_P4_TURNCTL_v0,0.0214107382381,-0.0303292773484
F_MIX333_XD8_R100_C040,2025-08,reference_net,2025-08-29,12577712.0565,13225462.5542,0.051499866972,True,20B_P4_top_region_hysteresis_partial_rebalance_turnover_control_v0,20B_P4_TURNCTL_v0,0.0212920604186,-0.0302078065533
F_MIX333_XD8_R100_C040,2025-09,gross_shadow,2025-09-30,13312008,13129084,-0.0137412777997,True,20B_P4_top_region_hysteresis_partial_rebalance_turnover_control_v0,20B_P4_TURNCTL_v0,-0.0146549819574,-0.000913704157722
F_MIX333_XD8_R100_C040,2025-09,reference_net,2025-09-30,13225462.5542,13033628.1618,-0.0145049287761,True,20B_P4_top_region_hysteresis_partial_rebalance_turnover_control_v0,20B_P4_TURNCTL_v0,-0.0148953122943,-0.000390383518178
F_MIX333_XD8_R100_C040,2025-10,gross_shadow,2025-10-31,13129084,13360423,0.0176203457911,False,20B_P4_top_region_hysteresis_partial_rebalance_turnover_control_v0,20B_P4_TURNCTL_v0,0.0176421257991,2.178000807e-05
F_MIX333_XD8_R100_C040,2025-10,reference_net,2025-10-31,13033628.1618,13256375.6925,0.0170902167796,False,20B_P4_top_region_hysteresis_partial_rebalance_turnover_control_v0,20B_P4_TURNCTL_v0,0.017504769152,0.000414552372425
F_MIX333_XD8_R100_C040,2025-11,gross_shadow,2025-11-28,13360423,13076873,-0.0212231304353,False,20B_P4_top_region_hysteresis_partial_rebalance_turnover_control_v0,20B_P4_TURNCTL_v0,-0.00968857869009,0.0115345517452
F_MIX333_XD8_R100_C040,2025-11,reference_net,2025-11-28,13256375.6925,12963734.8991,-0.0220754752406,False,20B_P4_top_region_hysteresis_partial_rebalance_turnover_control_v0,20B_P4_TURNCTL_v0,-0.00995710204626,0.0121183731943
F_MIX333_XD8_R100_C040,2025-12,gross_shadow,2025-12-31,13076873,13436798,0.0275237818705,False,20B_P4_top_region_hysteresis_partial_rebalance_turnover_control_v0,20B_P4_TURNCTL_v0,0.0171802536106,-0.0103435282599
F_MIX333_XD8_R100_C040,2025-12,reference_net,2025-12-31,12963734.8991,13317207.2901,0.0272662464691,False,20B_P4_top_region_hysteresis_partial_rebalance_turnover_control_v0,20B_P4_TURNCTL_v0,0.0170218081883,-0.0102444382808
F_MIX333_XD8_R100_C040,2026-01,gross_shadow,2026-01-30,13436798,13743392,0.0228174897025,False,20B_P4_top_region_hysteresis_partial_rebalance_turnover_control_v0,20B_P4_TURNCTL_v0,0.0150287676854,-0.00778872201715
F_MIX333_XD8_R100_C040,2026-01,reference_net,2026-01-30,13317207.2901,13617479.1352,0.0225476587275,False,20B_P4_top_region_hysteresis_partial_rebalance_turnover_control_v0,20B_P4_TURNCTL_v0,0.0148684959055,-0.00767916282202
F_MIX333_XD8_R100_C040,2026-02,gross_shadow,2026-02-27,13743392,14145903,0.0292876023619,False,20B_P4_top_region_hysteresis_partial_rebalance_turnover_control_v0,20B_P4_TURNCTL_v0,0.020391049042,-0.00889655331989
F_MIX333_XD8_R100_C040,2026-02,reference_net,2026-02-27,13617479.1352,14015140.2484,0.0292022561041,False,20B_P4_top_region_hysteresis_partial_rebalance_turnover_control_v0,20B_P4_TURNCTL_v0,0.0202325528075,-0.00896970329668
F_MIX333_XD8_R100_C040,2026-03,gross_shadow,2026-03-31,14145903,13598751,-0.0386791850616,False,20B_P4_top_region_hysteresis_partial_rebalance_turnover_control_v0,20B_P4_TURNCTL_v0,-0.0159986324444,0.0226805526172
F_MIX333_XD8_R100_C040,2026-03,reference_net,2026-03-31,14015140.2484,13463205.5024,-0.0393813216455,False,20B_P4_top_region_hysteresis_partial_rebalance_turnover_control_v0,20B_P4_TURNCTL_v0,-0.0162685275383,0.0231127941072
F_MIX333_XD8_R100_C040,2026-04,gross_shadow,2026-04-30,13598751,13864209,0.0195207633407,True,20B_P4_top_region_hysteresis_partial_rebalance_turnover_control_v0,20B_P4_TURNCTL_v0,0.0130737020465,-0.00644706129421
F_MIX333_XD8_R100_C040,2026-04,reference_net,2026-04-30,13463205.5024,13723924.2054,0.0193652769323,True,20B_P4_top_region_hysteresis_partial_rebalance_turnover_control_v0,20B_P4_TURNCTL_v0,0.0128697478741,-0.00649552905819
F_MIX333_XD8_R100_CNONE,2024-08,gross_shadow,2024-08-30,10000000,9668592,-0.0331408,False,20B_P4_top_region_hysteresis_partial_rebalance_turnover_control_v0,20B_P4_TURNCTL_v0,-0.0332539,-0.0001131
F_MIX333_XD8_R100_CNONE,2024-08,reference_net,2024-08-30,10000000,9661124.5516,-0.03388754484,False,20B_P4_top_region_hysteresis_partial_rebalance_turnover_control_v0,20B_P4_TURNCTL_v0,-0.03400009916,-0.00011255432
F_MIX333_XD8_R100_CNONE,2024-09,gross_shadow,2024-09-30,9668592,11575985,0.19727722506,False,20B_P4_top_region_hysteresis_partial_rebalance_turnover_control_v0,20B_P4_TURNCTL_v0,0.158862601049,-0.0384146240113
F_MIX333_XD8_R100_CNONE,2024-09,reference_net,2024-09-30,9661124.5516,11561954.6305,0.196750395745,False,20B_P4_top_region_hysteresis_partial_rebalance_turnover_control_v0,20B_P4_TURNCTL_v0,0.158765209196,-0.0379851865493
F_MIX333_XD8_R100_CNONE,2024-10,gross_shadow,2024-10-31,11575985,11304488,-0.0234534685385,True,20B_P4_top_region_hysteresis_partial_rebalance_turnover_control_v0,20B_P4_TURNCTL_v0,-0.0417565103154,-0.0183030417769
F_MIX333_XD8_R100_CNONE,2024-10,reference_net,2024-10-31,11561954.6305,11281161.8693,-0.0242859248392,True,20B_P4_top_region_hysteresis_partial_rebalance_turnover_control_v0,20B_P4_TURNCTL_v0,-0.0419999329509,-0.0177140081117
F_MIX333_XD8_R100_CNONE,2024-11,gross_shadow,2024-11-29,11304488,11373000,0.00606060177161,False,20B_P4_top_region_hysteresis_partial_rebalance_turnover_control_v0,20B_P4_TURNCTL_v0,0.00743434136436,0.00137373959274
F_MIX333_XD8_R100_CNONE,2024-11,reference_net,2024-11-29,11281161.8693,11344323.0826,0.00559882164813,False,20B_P4_top_region_hysteresis_partial_rebalance_turnover_control_v0,20B_P4_TURNCTL_v0,0.00728422719772,0.00168540554959
F_MIX333_XD8_R100_CNONE,2024-12,gross_shadow,2024-12-31,11373000,11681105,0.0270909170843,False,20B_P4_top_region_hysteresis_partial_rebalance_turnover_control_v0,20B_P4_TURNCTL_v0,0.023651486543,-0.00343943054137
F_MIX333_XD8_R100_CNONE,2024-12,reference_net,2024-12-31,11344323.0826,11645944.3204,0.0265878568191,False,20B_P4_top_region_hysteresis_partial_rebalance_turnover_control_v0,20B_P4_TURNCTL_v0,0.0235057852708,-0.00308207154832
F_MIX333_XD8_R100_CNONE,2025-01,gross_shadow,2025-01-27,11681105,11369179,-0.0267034668381,False,20B_P4_top_region_hysteresis_partial_rebalance_turnover_control_v0,20B_P4_TURNCTL_v0,-0.0159349720686,0.0107684947695
F_MIX333_XD8_R100_CNONE,2025-01,reference_net,2025-01-27,11645944.3204,11328199.0342,-0.0272837717129,False,20B_P4_top_region_hysteresis_partial_rebalance_turnover_control_v0,20B_P4_TURNCTL_v0,-0.0161371317804,0.0111466399325
F_MIX333_XD8_R100_CNONE,2025-02,gross_shadow,2025-02-28,11369179,11307590,-0.00541718975486,True,20B_P4_top_region_hysteresis_partial_rebalance_turnover_control_v0,20B_P4_TURNCTL_v0,-0.0079087507335,-0.00249156097864
F_MIX333_XD8_R100_CNONE,2025-02,reference_net,2025-02-28,11328199.0342,11261346.4225,-0.00590143336183,True,20B_P4_top_region_hysteresis_partial_rebalance_turnover_control_v0,20B_P4_TURNCTL_v0,-0.00809581661659,-0.00219438325476
F_MIX333_XD8_R100_CNONE,2025-03,gross_shadow,2025-03-31,11307590,11484822,0.0156737200411,False,20B_P4_top_region_hysteresis_partial_rebalance_turnover_control_v0,20B_P4_TURNCTL_v0,0.0133980936076,-0.00227562643351
F_MIX333_XD8_R100_CNONE,2025-03,reference_net,2025-03-31,11261346.4225,11430873.768,0.0150539144352,False,20B_P4_top_region_hysteresis_partial_rebalance_turnover_control_v0,20B_P4_TURNCTL_v0,0.0132233978829,-0.00183051655238
F_MIX333_XD8_R100_CNONE,2025-04,gross_shadow,2025-04-30,11484822,11310367,-0.0151900482219,False,20B_P4_top_region_hysteresis_partial_rebalance_turnover_control_v0,20B_P4_TURNCTL_v0,-0.0157743458108,-0.000584297588865
F_MIX333_XD8_R100_CNONE,2025-04,reference_net,2025-04-30,11430873.768,11249750.5976,-0.0158450853387,False,20B_P4_top_region_hysteresis_partial_rebalance_turnover_control_v0,20B_P4_TURNCTL_v0,-0.0159994675217,-0.000154382182995
F_MIX333_XD8_R100_CNONE,2025-05,gross_shadow,2025-05-30,11310367,11668555,0.0316689988928,False,20B_P4_top_region_hysteresis_partial_rebalance_turnover_control_v0,20B_P4_TURNCTL_v0,0.0218567581682,-0.00981224072457
F_MIX333_XD8_R100_CNONE,2025-05,reference_net,2025-05-30,11249750.5976,11602108.3202,0.0313213808193,False,20B_P4_top_region_hysteresis_partial_rebalance_turnover_control_v0,20B_P4_TURNCTL_v0,0.021723831916,-0.00959754890323
F_MIX333_XD8_R100_CNONE,2025-06,gross_shadow,2025-06-30,11668555,12024763,0.0305271732447,False,20B_P4_top_region_hysteresis_partial_rebalance_turnover_control_v0,20B_P4_TURNCTL_v0,0.0120373412204,-0.0184898320242
F_MIX333_XD8_R100_CNONE,2025-06,reference_net,2025-06-30,11602108.3202,11951635.5408,0.0301261814649,False,20B_P4_top_region_hysteresis_partial_rebalance_turnover_control_v0,20B_P4_TURNCTL_v0,0.0118812499438,-0.0182449315211
F_MIX333_XD8_R100_CNONE,2025-07,gross_shadow,2025-07-31,12024763,12351226,0.0271492253111,False,20B_P4_top_region_hysteresis_partial_rebalance_turnover_control_v0,20B_P4_TURNCTL_v0,0.0159705014252,-0.011178723886
F_MIX333_XD8_R100_CNONE,2025-07,reference_net,2025-07-31,11951635.5408,12269994.9427,0.0266373084045,False,20B_P4_top_region_hysteresis_partial_rebalance_turnover_control_v0,20B_P4_TURNCTL_v0,0.0158245945545,-0.0108127138501
F_MIX333_XD8_R100_CNONE,2025-08,gross_shadow,2025-08-29,12351226,12989379,0.0516671786266,True,20B_P4_top_region_hysteresis_partial_rebalance_turnover_control_v0,20B_P4_TURNCTL_v0,0.0214107382381,-0.0302564403886
F_MIX333_XD8_R100_CNONE,2025-08,reference_net,2025-08-29,12269994.9427,12901205.8488,0.0514434528334,True,20B_P4_top_region_hysteresis_partial_rebalance_turnover_control_v0,20B_P4_TURNCTL_v0,0.0212920604186,-0.0301513924147
F_MIX333_XD8_R100_CNONE,2025-09,gross_shadow,2025-09-30,12989379,12812134,-0.0136453790439,True,20B_P4_top_region_hysteresis_partial_rebalance_turnover_control_v0,20B_P4_TURNCTL_v0,-0.0146549819574,-0.00100960291353
F_MIX333_XD8_R100_CNONE,2025-09,reference_net,2025-09-30,12901205.8488,12715275.1838,-0.0144118826697,True,20B_P4_top_region_hysteresis_partial_rebalance_turnover_control_v0,20B_P4_TURNCTL_v0,-0.0148953122943,-0.000483429624647
F_MIX333_XD8_R100_CNONE,2025-10,gross_shadow,2025-10-31,12812134,13037253,0.0175707653385,False,20B_P4_top_region_hysteresis_partial_rebalance_turnover_control_v0,20B_P4_TURNCTL_v0,0.0176421257991,7.1360460594e-05
F_MIX333_XD8_R100_CNONE,2025-10,reference_net,2025-10-31,12715275.1838,12931999.8683,0.0170444352472,False,20B_P4_top_region_hysteresis_partial_rebalance_turnover_control_v0,20B_P4_TURNCTL_v0,0.017504769152,0.00046033390487
F_MIX333_XD8_R100_CNONE,2025-11,gross_shadow,2025-11-28,13037253,12682640,-0.0271999784004,False,20B_P4_top_region_hysteresis_partial_rebalance_turnover_control_v0,20B_P4_TURNCTL_v0,-0.00968857869009,0.0175113997103
F_MIX333_XD8_R100_CNONE,2025-11,reference_net,2025-11-28,12931999.8683,12566846.1066,-0.0282364495405,False,20B_P4_top_region_hysteresis_partial_rebalance_turnover_control_v0,20B_P4_TURNCTL_v0,-0.00995710204626,0.0182793474943
F_MIX333_XD8_R100_CNONE,2025-12,gross_shadow,2025-12-31,12682640,13240562,0.0439909987195,False,20B_P4_top_region_hysteresis_partial_rebalance_turnover_control_v0,20B_P4_TURNCTL_v0,0.0171802536106,-0.0268107451089
F_MIX333_XD8_R100_CNONE,2025-12,reference_net,2025-12-31,12566846.1066,13115785.4632,0.0436815531888,False,20B_P4_top_region_hysteresis_partial_rebalance_turnover_control_v0,20B_P4_TURNCTL_v0,0.0170218081883,-0.0266597450005
F_MIX333_XD8_R100_CNONE,2026-01,gross_shadow,2026-01-30,13240562,13943103,0.0530597568291,False,20B_P4_top_region_hysteresis_partial_rebalance_turnover_control_v0,20B_P4_TURNCTL_v0,0.0150287676854,-0.0380309891437
F_MIX333_XD8_R100_CNONE,2026-01,reference_net,2026-01-30,13115785.4632,13806678.7421,0.0526764699574,False,20B_P4_top_region_hysteresis_partial_rebalance_turnover_control_v0,20B_P4_TURNCTL_v0,0.0148684959055,-0.0378079740519
F_MIX333_XD8_R100_CNONE,2026-02,gross_shadow,2026-02-27,13943103,14379812,0.0313207899275,False,20B_P4_top_region_hysteresis_partial_rebalance_turnover_control_v0,20B_P4_TURNCTL_v0,0.020391049042,-0.0109297408854
F_MIX333_XD8_R100_CNONE,2026-02,reference_net,2026-02-27,13806678.7421,14232014.8632,0.0308065487048,False,20B_P4_top_region_hysteresis_partial_rebalance_turnover_control_v0,20B_P4_TURNCTL_v0,0.0202325528075,-0.0105739958973
F_MIX333_XD8_R100_CNONE,2026-03,gross_shadow,2026-03-31,14379812,13538255,-0.0585235050361,False,20B_P4_top_region_hysteresis_partial_rebalance_turnover_control_v0,20B_P4_TURNCTL_v0,-0.0159986324444,0.0425248725917
F_MIX333_XD8_R100_CNONE,2026-03,reference_net,2026-03-31,14232014.8632,13378654.5129,-0.059960614048,False,20B_P4_top_region_hysteresis_partial_rebalance_turnover_control_v0,20B_P4_TURNCTL_v0,-0.0162685275383,0.0436920865097
F_MIX333_XD8_R100_CNONE,2026-04,gross_shadow,2026-04-30,13538255,14097046,0.041274964905,True,20B_P4_top_region_hysteresis_partial_rebalance_turnover_control_v0,20B_P4_TURNCTL_v0,0.0130737020465,-0.0282012628585
F_MIX333_XD8_R100_CNONE,2026-04,reference_net,2026-04-30,13378654.5129,13924373.7374,0.0407902920233,True,20B_P4_top_region_hysteresis_partial_rebalance_turnover_control_v0,20B_P4_TURNCTL_v0,0.0128697478741,-0.0279205441492
F_MIX403030_XD6_R025_C020,2024-08,gross_shadow,2024-08-30,10000000,9667461,-0.0332539,False,20B_P4_top_region_hysteresis_partial_rebalance_turnover_control_v0,20B_P4_TURNCTL_v0,-0.0332539,0
F_MIX403030_XD6_R025_C020,2024-08,reference_net,2024-08-30,10000000,9659999.0084,-0.03400009916,False,20B_P4_top_region_hysteresis_partial_rebalance_turnover_control_v0,20B_P4_TURNCTL_v0,-0.03400009916,0
F_MIX403030_XD6_R025_C020,2024-09,gross_shadow,2024-09-30,9667461,11269278,0.165691591619,False,20B_P4_top_region_hysteresis_partial_rebalance_turnover_control_v0,20B_P4_TURNCTL_v0,0.158862601049,-0.0068289905695
F_MIX403030_XD6_R025_C020,2024-09,reference_net,2024-09-30,9659999.0084,11260581.2319,0.165691758569,False,20B_P4_top_region_hysteresis_partial_rebalance_turnover_control_v0,20B_P4_TURNCTL_v0,0.158765209196,-0.00692654937354
F_MIX403030_XD6_R025_C020,2024-10,gross_shadow,2024-10-31,11269278,10712678,-0.0493909192763,True,20B_P4_top_region_hysteresis_partial_rebalance_turnover_control_v0,20B_P4_TURNCTL_v0,-0.0417565103154,0.00763440896085
F_MIX403030_XD6_R025_C020,2024-10,reference_net,2024-10-31,11260581.2319,10702722.939,-0.0495408080118,True,20B_P4_top_region_hysteresis_partial_rebalance_turnover_control_v0,20B_P4_TURNCTL_v0,-0.0419999329509,0.00754087506092
F_MIX403030_XD6_R025_C020,2024-11,gross_shadow,2024-11-29,10712678,10807829,0.00888209278763,False,20B_P4_top_region_hysteresis_partial_rebalance_turnover_control_v0,20B_P4_TURNCTL_v0,0.00743434136436,-0.00144775142327
F_MIX403030_XD6_R025_C020,2024-11,reference_net,2024-11-29,10702722.939,10796836.5309,0.00879342504021,False,20B_P4_top_region_hysteresis_partial_rebalance_turnover_control_v0,20B_P4_TURNCTL_v0,0.00728422719772,-0.00150919784249
F_MIX403030_XD6_R025_C020,2024-12,gross_shadow,2024-12-31,10807829,11057600,0.0231101916953,False,20B_P4_top_region_hysteresis_partial_rebalance_turnover_control_v0,20B_P4_TURNCTL_v0,0.023651486543,0.000541294847653
F_MIX403030_XD6_R025_C020,2024-12,reference_net,2024-12-31,10796836.5309,11045380.7438,0.0230200959586,False,20B_P4_top_region_hysteresis_partial_rebalance_turnover_control_v0,20B_P4_TURNCTL_v0,0.0235057852708,0.000485689312148
F_MIX403030_XD6_R025_C020,2025-01,gross_shadow,2025-01-27,11057600,10871458,-0.0168338518304,False,20B_P4_top_region_hysteresis_partial_rebalance_turnover_control_v0,20B_P4_TURNCTL_v0,-0.0159349720686,0.000898879761802
F_MIX403030_XD6_R025_C020,2025-01,reference_net,2025-01-27,11045380.7438,10858043.5239,-0.0169606846794,False,20B_P4_top_region_hysteresis_partial_rebalance_turnover_control_v0,20B_P4_TURNCTL_v0,-0.0161371317804,0.000823552898953
F_MIX403030_XD6_R025_C020,2025-02,gross_shadow,2025-02-28,10871458,10795040,-0.00702923195766,True,20B_P4_top_region_hysteresis_partial_rebalance_turnover_control_v0,20B_P4_TURNCTL_v0,-0.0079087507335,-0.000879518775839
F_MIX403030_XD6_R025_C020,2025-02,reference_net,2025-02-28,10858043.5239,10780486.4369,-0.0071428233677,True,20B_P4_top_region_hysteresis_partial_rebalance_turnover_control_v0,20B_P4_TURNCTL_v0,-0.00809581661659,-0.000952993248886
F_MIX403030_XD6_R025_C020,2025-03,gross_shadow,2025-03-31,10795040,10945357,0.0139246357586,False,20B_P4_top_region_hysteresis_partial_rebalance_turnover_control_v0,20B_P4_TURNCTL_v0,0.0133980936076,-0.000526542151015
F_MIX403030_XD6_R025_C020,2025-03,reference_net,2025-03-31,10780486.4369,10929541.4504,0.0138263717906,False,20B_P4_top_region_hysteresis_partial_rebalance_turnover_control_v0,20B_P4_TURNCTL_v0,0.0132233978829,-0.000602973907764
F_MIX403030_XD6_R025_C020,2025-04,gross_shadow,2025-04-30,10945357,10737530,-0.0189876858288,False,20B_P4_top_region_hysteresis_partial_rebalance_turnover_control_v0,20B_P4_TURNCTL_v0,-0.0157743458108,0.00321334001802
F_MIX403030_XD6_R025_C020,2025-04,reference_net,2025-04-30,10929541.4504,10720401.9934,-0.0191352453292,False,20B_P4_top_region_hysteresis_partial_rebalance_turnover_control_v0,20B_P4_TURNCTL_v0,-0.0159994675217,0.00313577780748
F_MIX403030_XD6_R025_C020,2025-05,gross_shadow,2025-05-30,10737530,10972237,0.021858565238,False,20B_P4_top_region_hysteresis_partial_rebalance_turnover_control_v0,20B_P4_TURNCTL_v0,0.0218567581682,-1.8070697887e-06
F_MIX403030_XD6_R025_C020,2025-05,reference_net,2025-05-30,10720401.9934,10953799.942,0.0217713802815,False,20B_P4_top_region_hysteresis_partial_rebalance_turnover_control_v0,20B_P4_TURNCTL_v0,0.021723831916,-4.75483654847e-05
F_MIX403030_XD6_R025_C020,2025-06,gross_shadow,2025-06-30,10972237,11105312,0.0121283380955,False,20B_P4_top_region_hysteresis_partial_rebalance_turnover_control_v0,20B_P4_TURNCTL_v0,0.0120373412204,-9.09968750751e-05
F_MIX403030_XD6_R025_C020,2025-06,reference_net,2025-06-30,10953799.942,11085562.446,0.012028931031,False,20B_P4_top_region_hysteresis_partial_rebalance_turnover_control_v0,20B_P4_TURNCTL_v0,0.0118812499438,-0.000147681087209
F_MIX403030_XD6_R025_C020,2025-07,gross_shadow,2025-07-31,11105312,11362598,0.0231678317547,False,20B_P4_top_region_hysteresis_partial_rebalance_turnover_control_v0,20B_P4_TURNCTL_v0,0.0159705014252,-0.00719733032957
F_MIX403030_XD6_R025_C020,2025-07,reference_net,2025-07-31,11085562.446,11341615.6811,0.0230979020051,False,20B_P4_top_region_hysteresis_partial_rebalance_turnover_control_v0,20B_P4_TURNCTL_v0,0.0158245945545,-0.00727330745061
F_MIX403030_XD6_R025_C020,2025-08,gross_shadow,2025-08-29,11362598,11644968,0.0248508307695,True,20B_P4_top_region_hysteresis_partial_rebalance_turnover_control_v0,20B_P4_TURNCTL_v0,0.0214107382381,-0.00344009253142
F_MIX403030_XD6_R025_C020,2025-08,reference_net,2025-08-29,11341615.6811,11622777.2347,0.0247902557727,True,20B_P4_top_region_hysteresis_partial_rebalance_turnover_control_v0,20B_P4_TURNCTL_v0,0.0212920604186,-0.00349819535405
F_MIX403030_XD6_R025_C020,2025-09,gross_shadow,2025-09-30,11644968,11491787,-0.0131542654304,True,20B_P4_top_region_hysteresis_partial_rebalance_turnover_control_v0,20B_P4_TURNCTL_v0,-0.0146549819574,-0.00150071652708
F_MIX403030_XD6_R025_C020,2025-09,reference_net,2025-09-30,11622777.2347,11468368.508,-0.0132850112862,True,20B_P4_top_region_hysteresis_partial_rebalance_turnover_control_v0,20B_P4_TURNCTL_v0,-0.0148953122943,-0.00161030100812
F_MIX403030_XD6_R025_C020,2025-10,gross_shadow,2025-10-31,11491787,11722001,0.0200329156814,False,20B_P4_top_region_hysteresis_partial_rebalance_turnover_control_v0,20B_P4_TURNCTL_v0,0.0176421257991,-0.00239078988229
F_MIX403030_XD6_R025_C020,2025-10,reference_net,2025-10-31,11468368.508,11697304.8066,0.0199624121357,False,20B_P4_top_region_hysteresis_partial_rebalance_turnover_control_v0,20B_P4_TURNCTL_v0,0.017504769152,-0.00245764298366
F_MIX403030_XD6_R025_C020,2025-11,gross_shadow,2025-11-28,11722001,11594795,-0.01085190148,False,20B_P4_top_region_hysteresis_partial_rebalance_turnover_control_v0,20B_P4_TURNCTL_v0,-0.00968857869009,0.00116332278987
F_MIX403030_XD6_R025_C020,2025-11,reference_net,2025-11-28,11697304.8066,11568664.981,-0.0109973902327,False,20B_P4_top_region_hysteresis_partial_rebalance_turnover_control_v0,20B_P4_TURNCTL_v0,-0.00995710204626,0.00104028818648
F_MIX403030_XD6_R025_C020,2025-12,gross_shadow,2025-12-31,11594795,11756904,0.0139811872482,False,20B_P4_top_region_hysteresis_partial_rebalance_turnover_control_v0,20B_P4_TURNCTL_v0,0.0171802536106,0.00319906636233
F_MIX403030_XD6_R025_C020,2025-12,reference_net,2025-12-31,11568664.981,11729292.2896,0.0138846884142,False,20B_P4_top_region_hysteresis_partial_rebalance_turnover_control_v0,20B_P4_TURNCTL_v0,0.0170218081883,0.00313711977405
F_MIX403030_XD6_R025_C020,2026-01,gross_shadow,2026-01-30,11756904,11957858,0.0170924250126,False,20B_P4_top_region_hysteresis_partial_rebalance_turnover_control_v0,20B_P4_TURNCTL_v0,0.0150287676854,-0.00206365732719
F_MIX403030_XD6_R025_C020,2026-01,reference_net,2026-01-30,11729292.2896,11928772.1515,0.0170069819162,False,20B_P4_top_region_hysteresis_partial_rebalance_turnover_control_v0,20B_P4_TURNCTL_v0,0.0148684959055,-0.00213848601071
F_MIX403030_XD6_R025_C020,2026-02,gross_shadow,2026-02-27,11957858,12193931,0.0197420808978,False,20B_P4_top_region_hysteresis_partial_rebalance_turnover_control_v0,20B_P4_TURNCTL_v0,0.020391049042,0.000648968144263
F_MIX403030_XD6_R025_C020,2026-02,reference_net,2026-02-27,11928772.1515,12163233.5767,0.0196551180785,False,20B_P4_top_region_hysteresis_partial_rebalance_turnover_control_v0,20B_P4_TURNCTL_v0,0.0202325528075,0.000577434728911
F_MIX403030_XD6_R025_C020,2026-03,gross_shadow,2026-03-31,12193931,11906642,-0.0235599988224,False,20B_P4_top_region_hysteresis_partial_rebalance_turnover_control_v0,20B_P4_TURNCTL_v0,-0.0159986324444,0.00756136637797
F_MIX403030_XD6_R025_C020,2026-03,reference_net,2026-03-31,12163233.5767,11874432.1797,-0.0237438009497,False,20B_P4_top_region_hysteresis_partial_rebalance_turnover_control_v0,20B_P4_TURNCTL_v0,-0.0162685275383,0.00747527341145
F_MIX403030_XD6_R025_C020,2026-04,gross_shadow,2026-04-30,11906642,12037781,0.011013936591,True,20B_P4_top_region_hysteresis_partial_rebalance_turnover_control_v0,20B_P4_TURNCTL_v0,0.0130737020465,0.00205976545546
F_MIX403030_XD6_R025_C020,2026-04,reference_net,2026-04-30,11874432.1797,12003923.0743,0.0109050178274,True,20B_P4_top_region_hysteresis_partial_rebalance_turnover_control_v0,20B_P4_TURNCTL_v0,0.0128697478741,0.00196473004668
F_MIX403030_XD6_R025_C030,2024-08,gross_shadow,2024-08-30,10000000,9667461,-0.0332539,False,20B_P4_top_region_hysteresis_partial_rebalance_turnover_control_v0,20B_P4_TURNCTL_v0,-0.0332539,0
F_MIX403030_XD6_R025_C030,2024-08,reference_net,2024-08-30,10000000,9659999.0084,-0.03400009916,False,20B_P4_top_region_hysteresis_partial_rebalance_turnover_control_v0,20B_P4_TURNCTL_v0,-0.03400009916,0
F_MIX403030_XD6_R025_C030,2024-09,gross_shadow,2024-09-30,9667461,11269278,0.165691591619,False,20B_P4_top_region_hysteresis_partial_rebalance_turnover_control_v0,20B_P4_TURNCTL_v0,0.158862601049,-0.0068289905695
F_MIX403030_XD6_R025_C030,2024-09,reference_net,2024-09-30,9659999.0084,11260581.2319,0.165691758569,False,20B_P4_top_region_hysteresis_partial_rebalance_turnover_control_v0,20B_P4_TURNCTL_v0,0.158765209196,-0.00692654937354
F_MIX403030_XD6_R025_C030,2024-10,gross_shadow,2024-10-31,11269278,10712678,-0.0493909192763,True,20B_P4_top_region_hysteresis_partial_rebalance_turnover_control_v0,20B_P4_TURNCTL_v0,-0.0417565103154,0.00763440896085
F_MIX403030_XD6_R025_C030,2024-10,reference_net,2024-10-31,11260581.2319,10702722.939,-0.0495408080118,True,20B_P4_top_region_hysteresis_partial_rebalance_turnover_control_v0,20B_P4_TURNCTL_v0,-0.0419999329509,0.00754087506092
F_MIX403030_XD6_R025_C030,2024-11,gross_shadow,2024-11-29,10712678,10807829,0.00888209278763,False,20B_P4_top_region_hysteresis_partial_rebalance_turnover_control_v0,20B_P4_TURNCTL_v0,0.00743434136436,-0.00144775142327
F_MIX403030_XD6_R025_C030,2024-11,reference_net,2024-11-29,10702722.939,10796836.5309,0.00879342504021,False,20B_P4_top_region_hysteresis_partial_rebalance_turnover_control_v0,20B_P4_TURNCTL_v0,0.00728422719772,-0.00150919784249
F_MIX403030_XD6_R025_C030,2024-12,gross_shadow,2024-12-31,10807829,11057600,0.0231101916953,False,20B_P4_top_region_hysteresis_partial_rebalance_turnover_control_v0,20B_P4_TURNCTL_v0,0.023651486543,0.000541294847653
F_MIX403030_XD6_R025_C030,2024-12,reference_net,2024-12-31,10796836.5309,11045380.7438,0.0230200959586,False,20B_P4_top_region_hysteresis_partial_rebalance_turnover_control_v0,20B_P4_TURNCTL_v0,0.0235057852708,0.000485689312148
F_MIX403030_XD6_R025_C030,2025-01,gross_shadow,2025-01-27,11057600,10871458,-0.0168338518304,False,20B_P4_top_region_hysteresis_partial_rebalance_turnover_control_v0,20B_P4_TURNCTL_v0,-0.0159349720686,0.000898879761802
F_MIX403030_XD6_R025_C030,2025-01,reference_net,2025-01-27,11045380.7438,10858043.5239,-0.0169606846794,False,20B_P4_top_region_hysteresis_partial_rebalance_turnover_control_v0,20B_P4_TURNCTL_v0,-0.0161371317804,0.000823552898953
F_MIX403030_XD6_R025_C030,2025-02,gross_shadow,2025-02-28,10871458,10795040,-0.00702923195766,True,20B_P4_top_region_hysteresis_partial_rebalance_turnover_control_v0,20B_P4_TURNCTL_v0,-0.0079087507335,-0.000879518775839
F_MIX403030_XD6_R025_C030,2025-02,reference_net,2025-02-28,10858043.5239,10780486.4369,-0.0071428233677,True,20B_P4_top_region_hysteresis_partial_rebalance_turnover_control_v0,20B_P4_TURNCTL_v0,-0.00809581661659,-0.000952993248886
F_MIX403030_XD6_R025_C030,2025-03,gross_shadow,2025-03-31,10795040,10945357,0.0139246357586,False,20B_P4_top_region_hysteresis_partial_rebalance_turnover_control_v0,20B_P4_TURNCTL_v0,0.0133980936076,-0.000526542151015
F_MIX403030_XD6_R025_C030,2025-03,reference_net,2025-03-31,10780486.4369,10929541.4504,0.0138263717906,False,20B_P4_top_region_hysteresis_partial_rebalance_turnover_control_v0,20B_P4_TURNCTL_v0,0.0132233978829,-0.000602973907764
F_MIX403030_XD6_R025_C030,2025-04,gross_shadow,2025-04-30,10945357,10737530,-0.0189876858288,False,20B_P4_top_region_hysteresis_partial_rebalance_turnover_control_v0,20B_P4_TURNCTL_v0,-0.0157743458108,0.00321334001802
F_MIX403030_XD6_R025_C030,2025-04,reference_net,2025-04-30,10929541.4504,10720401.9934,-0.0191352453292,False,20B_P4_top_region_hysteresis_partial_rebalance_turnover_control_v0,20B_P4_TURNCTL_v0,-0.0159994675217,0.00313577780748
F_MIX403030_XD6_R025_C030,2025-05,gross_shadow,2025-05-30,10737530,10972237,0.021858565238,False,20B_P4_top_region_hysteresis_partial_rebalance_turnover_control_v0,20B_P4_TURNCTL_v0,0.0218567581682,-1.8070697887e-06
F_MIX403030_XD6_R025_C030,2025-05,reference_net,2025-05-30,10720401.9934,10953799.942,0.0217713802815,False,20B_P4_top_region_hysteresis_partial_rebalance_turnover_control_v0,20B_P4_TURNCTL_v0,0.021723831916,-4.75483654847e-05
F_MIX403030_XD6_R025_C030,2025-06,gross_shadow,2025-06-30,10972237,11105312,0.0121283380955,False,20B_P4_top_region_hysteresis_partial_rebalance_turnover_control_v0,20B_P4_TURNCTL_v0,0.0120373412204,-9.09968750751e-05
F_MIX403030_XD6_R025_C030,2025-06,reference_net,2025-06-30,10953799.942,11085562.446,0.012028931031,False,20B_P4_top_region_hysteresis_partial_rebalance_turnover_control_v0,20B_P4_TURNCTL_v0,0.0118812499438,-0.000147681087209
F_MIX403030_XD6_R025_C030,2025-07,gross_shadow,2025-07-31,11105312,11362598,0.0231678317547,False,20B_P4_top_region_hysteresis_partial_rebalance_turnover_control_v0,20B_P4_TURNCTL_v0,0.0159705014252,-0.00719733032957
F_MIX403030_XD6_R025_C030,2025-07,reference_net,2025-07-31,11085562.446,11341615.6811,0.0230979020051,False,20B_P4_top_region_hysteresis_partial_rebalance_turnover_control_v0,20B_P4_TURNCTL_v0,0.0158245945545,-0.00727330745061
F_MIX403030_XD6_R025_C030,2025-08,gross_shadow,2025-08-29,11362598,11644968,0.0248508307695,True,20B_P4_top_region_hysteresis_partial_rebalance_turnover_control_v0,20B_P4_TURNCTL_v0,0.0214107382381,-0.00344009253142
F_MIX403030_XD6_R025_C030,2025-08,reference_net,2025-08-29,11341615.6811,11622777.2347,0.0247902557727,True,20B_P4_top_region_hysteresis_partial_rebalance_turnover_control_v0,20B_P4_TURNCTL_v0,0.0212920604186,-0.00349819535405
F_MIX403030_XD6_R025_C030,2025-09,gross_shadow,2025-09-30,11644968,11491787,-0.0131542654304,True,20B_P4_top_region_hysteresis_partial_rebalance_turnover_control_v0,20B_P4_TURNCTL_v0,-0.0146549819574,-0.00150071652708
F_MIX403030_XD6_R025_C030,2025-09,reference_net,2025-09-30,11622777.2347,11468368.508,-0.0132850112862,True,20B_P4_top_region_hysteresis_partial_rebalance_turnover_control_v0,20B_P4_TURNCTL_v0,-0.0148953122943,-0.00161030100812
F_MIX403030_XD6_R025_C030,2025-10,gross_shadow,2025-10-31,11491787,11722001,0.0200329156814,False,20B_P4_top_region_hysteresis_partial_rebalance_turnover_control_v0,20B_P4_TURNCTL_v0,0.0176421257991,-0.00239078988229
F_MIX403030_XD6_R025_C030,2025-10,reference_net,2025-10-31,11468368.508,11697304.8066,0.0199624121357,False,20B_P4_top_region_hysteresis_partial_rebalance_turnover_control_v0,20B_P4_TURNCTL_v0,0.017504769152,-0.00245764298366
F_MIX403030_XD6_R025_C030,2025-11,gross_shadow,2025-11-28,11722001,11594795,-0.01085190148,False,20B_P4_top_region_hysteresis_partial_rebalance_turnover_control_v0,20B_P4_TURNCTL_v0,-0.00968857869009,0.00116332278987
F_MIX403030_XD6_R025_C030,2025-11,reference_net,2025-11-28,11697304.8066,11568664.981,-0.0109973902327,False,20B_P4_top_region_hysteresis_partial_rebalance_turnover_control_v0,20B_P4_TURNCTL_v0,-0.00995710204626,0.00104028818648
F_MIX403030_XD6_R025_C030,2025-12,gross_shadow,2025-12-31,11594795,11756904,0.0139811872482,False,20B_P4_top_region_hysteresis_partial_rebalance_turnover_control_v0,20B_P4_TURNCTL_v0,0.0171802536106,0.00319906636233
F_MIX403030_XD6_R025_C030,2025-12,reference_net,2025-12-31,11568664.981,11729292.2896,0.0138846884142,False,20B_P4_top_region_hysteresis_partial_rebalance_turnover_control_v0,20B_P4_TURNCTL_v0,0.0170218081883,0.00313711977405
F_MIX403030_XD6_R025_C030,2026-01,gross_shadow,2026-01-30,11756904,11957858,0.0170924250126,False,20B_P4_top_region_hysteresis_partial_rebalance_turnover_control_v0,20B_P4_TURNCTL_v0,0.0150287676854,-0.00206365732719
F_MIX403030_XD6_R025_C030,2026-01,reference_net,2026-01-30,11729292.2896,11928772.1515,0.0170069819162,False,20B_P4_top_region_hysteresis_partial_rebalance_turnover_control_v0,20B_P4_TURNCTL_v0,0.0148684959055,-0.00213848601071
F_MIX403030_XD6_R025_C030,2026-02,gross_shadow,2026-02-27,11957858,12193931,0.0197420808978,False,20B_P4_top_region_hysteresis_partial_rebalance_turnover_control_v0,20B_P4_TURNCTL_v0,0.020391049042,0.000648968144263
F_MIX403030_XD6_R025_C030,2026-02,reference_net,2026-02-27,11928772.1515,12163233.5767,0.0196551180785,False,20B_P4_top_region_hysteresis_partial_rebalance_turnover_control_v0,20B_P4_TURNCTL_v0,0.0202325528075,0.000577434728911
F_MIX403030_XD6_R025_C030,2026-03,gross_shadow,2026-03-31,12193931,11906642,-0.0235599988224,False,20B_P4_top_region_hysteresis_partial_rebalance_turnover_control_v0,20B_P4_TURNCTL_v0,-0.0159986324444,0.00756136637797
F_MIX403030_XD6_R025_C030,2026-03,reference_net,2026-03-31,12163233.5767,11874432.1797,-0.0237438009497,False,20B_P4_top_region_hysteresis_partial_rebalance_turnover_control_v0,20B_P4_TURNCTL_v0,-0.0162685275383,0.00747527341145
F_MIX403030_XD6_R025_C030,2026-04,gross_shadow,2026-04-30,11906642,12037781,0.011013936591,True,20B_P4_top_region_hysteresis_partial_rebalance_turnover_control_v0,20B_P4_TURNCTL_v0,0.0130737020465,0.00205976545546
F_MIX403030_XD6_R025_C030,2026-04,reference_net,2026-04-30,11874432.1797,12003923.0743,0.0109050178274,True,20B_P4_top_region_hysteresis_partial_rebalance_turnover_control_v0,20B_P4_TURNCTL_v0,0.0128697478741,0.00196473004668
F_MIX403030_XD6_R025_C040,2024-08,gross_shadow,2024-08-30,10000000,9667461,-0.0332539,False,20B_P4_top_region_hysteresis_partial_rebalance_turnover_control_v0,20B_P4_TURNCTL_v0,-0.0332539,0
F_MIX403030_XD6_R025_C040,2024-08,reference_net,2024-08-30,10000000,9659999.0084,-0.03400009916,False,20B_P4_top_region_hysteresis_partial_rebalance_turnover_control_v0,20B_P4_TURNCTL_v0,-0.03400009916,0
F_MIX403030_XD6_R025_C040,2024-09,gross_shadow,2024-09-30,9667461,11269278,0.165691591619,False,20B_P4_top_region_hysteresis_partial_rebalance_turnover_control_v0,20B_P4_TURNCTL_v0,0.158862601049,-0.0068289905695
F_MIX403030_XD6_R025_C040,2024-09,reference_net,2024-09-30,9659999.0084,11260581.2319,0.165691758569,False,20B_P4_top_region_hysteresis_partial_rebalance_turnover_control_v0,20B_P4_TURNCTL_v0,0.158765209196,-0.00692654937354
F_MIX403030_XD6_R025_C040,2024-10,gross_shadow,2024-10-31,11269278,10712678,-0.0493909192763,True,20B_P4_top_region_hysteresis_partial_rebalance_turnover_control_v0,20B_P4_TURNCTL_v0,-0.0417565103154,0.00763440896085
F_MIX403030_XD6_R025_C040,2024-10,reference_net,2024-10-31,11260581.2319,10702722.939,-0.0495408080118,True,20B_P4_top_region_hysteresis_partial_rebalance_turnover_control_v0,20B_P4_TURNCTL_v0,-0.0419999329509,0.00754087506092
F_MIX403030_XD6_R025_C040,2024-11,gross_shadow,2024-11-29,10712678,10807829,0.00888209278763,False,20B_P4_top_region_hysteresis_partial_rebalance_turnover_control_v0,20B_P4_TURNCTL_v0,0.00743434136436,-0.00144775142327
F_MIX403030_XD6_R025_C040,2024-11,reference_net,2024-11-29,10702722.939,10796836.5309,0.00879342504021,False,20B_P4_top_region_hysteresis_partial_rebalance_turnover_control_v0,20B_P4_TURNCTL_v0,0.00728422719772,-0.00150919784249
F_MIX403030_XD6_R025_C040,2024-12,gross_shadow,2024-12-31,10807829,11057600,0.0231101916953,False,20B_P4_top_region_hysteresis_partial_rebalance_turnover_control_v0,20B_P4_TURNCTL_v0,0.023651486543,0.000541294847653
F_MIX403030_XD6_R025_C040,2024-12,reference_net,2024-12-31,10796836.5309,11045380.7438,0.0230200959586,False,20B_P4_top_region_hysteresis_partial_rebalance_turnover_control_v0,20B_P4_TURNCTL_v0,0.0235057852708,0.000485689312148
F_MIX403030_XD6_R025_C040,2025-01,gross_shadow,2025-01-27,11057600,10871458,-0.0168338518304,False,20B_P4_top_region_hysteresis_partial_rebalance_turnover_control_v0,20B_P4_TURNCTL_v0,-0.0159349720686,0.000898879761802
F_MIX403030_XD6_R025_C040,2025-01,reference_net,2025-01-27,11045380.7438,10858043.5239,-0.0169606846794,False,20B_P4_top_region_hysteresis_partial_rebalance_turnover_control_v0,20B_P4_TURNCTL_v0,-0.0161371317804,0.000823552898953
F_MIX403030_XD6_R025_C040,2025-02,gross_shadow,2025-02-28,10871458,10795040,-0.00702923195766,True,20B_P4_top_region_hysteresis_partial_rebalance_turnover_control_v0,20B_P4_TURNCTL_v0,-0.0079087507335,-0.000879518775839
F_MIX403030_XD6_R025_C040,2025-02,reference_net,2025-02-28,10858043.5239,10780486.4369,-0.0071428233677,True,20B_P4_top_region_hysteresis_partial_rebalance_turnover_control_v0,20B_P4_TURNCTL_v0,-0.00809581661659,-0.000952993248886
F_MIX403030_XD6_R025_C040,2025-03,gross_shadow,2025-03-31,10795040,10945357,0.0139246357586,False,20B_P4_top_region_hysteresis_partial_rebalance_turnover_control_v0,20B_P4_TURNCTL_v0,0.0133980936076,-0.000526542151015
F_MIX403030_XD6_R025_C040,2025-03,reference_net,2025-03-31,10780486.4369,10929541.4504,0.0138263717906,False,20B_P4_top_region_hysteresis_partial_rebalance_turnover_control_v0,20B_P4_TURNCTL_v0,0.0132233978829,-0.000602973907764
F_MIX403030_XD6_R025_C040,2025-04,gross_shadow,2025-04-30,10945357,10737530,-0.0189876858288,False,20B_P4_top_region_hysteresis_partial_rebalance_turnover_control_v0,20B_P4_TURNCTL_v0,-0.0157743458108,0.00321334001802
F_MIX403030_XD6_R025_C040,2025-04,reference_net,2025-04-30,10929541.4504,10720401.9934,-0.0191352453292,False,20B_P4_top_region_hysteresis_partial_rebalance_turnover_control_v0,20B_P4_TURNCTL_v0,-0.0159994675217,0.00313577780748
F_MIX403030_XD6_R025_C040,2025-05,gross_shadow,2025-05-30,10737530,10972237,0.021858565238,False,20B_P4_top_region_hysteresis_partial_rebalance_turnover_control_v0,20B_P4_TURNCTL_v0,0.0218567581682,-1.8070697887e-06
F_MIX403030_XD6_R025_C040,2025-05,reference_net,2025-05-30,10720401.9934,10953799.942,0.0217713802815,False,20B_P4_top_region_hysteresis_partial_rebalance_turnover_control_v0,20B_P4_TURNCTL_v0,0.021723831916,-4.75483654847e-05
F_MIX403030_XD6_R025_C040,2025-06,gross_shadow,2025-06-30,10972237,11105312,0.0121283380955,False,20B_P4_top_region_hysteresis_partial_rebalance_turnover_control_v0,20B_P4_TURNCTL_v0,0.0120373412204,-9.09968750751e-05
F_MIX403030_XD6_R025_C040,2025-06,reference_net,2025-06-30,10953799.942,11085562.446,0.012028931031,False,20B_P4_top_region_hysteresis_partial_rebalance_turnover_control_v0,20B_P4_TURNCTL_v0,0.0118812499438,-0.000147681087209
F_MIX403030_XD6_R025_C040,2025-07,gross_shadow,2025-07-31,11105312,11362598,0.0231678317547,False,20B_P4_top_region_hysteresis_partial_rebalance_turnover_control_v0,20B_P4_TURNCTL_v0,0.0159705014252,-0.00719733032957
F_MIX403030_XD6_R025_C040,2025-07,reference_net,2025-07-31,11085562.446,11341615.6811,0.0230979020051,False,20B_P4_top_region_hysteresis_partial_rebalance_turnover_control_v0,20B_P4_TURNCTL_v0,0.0158245945545,-0.00727330745061
F_MIX403030_XD6_R025_C040,2025-08,gross_shadow,2025-08-29,11362598,11644968,0.0248508307695,True,20B_P4_top_region_hysteresis_partial_rebalance_turnover_control_v0,20B_P4_TURNCTL_v0,0.0214107382381,-0.00344009253142
F_MIX403030_XD6_R025_C040,2025-08,reference_net,2025-08-29,11341615.6811,11622777.2347,0.0247902557727,True,20B_P4_top_region_hysteresis_partial_rebalance_turnover_control_v0,20B_P4_TURNCTL_v0,0.0212920604186,-0.00349819535405
F_MIX403030_XD6_R025_C040,2025-09,gross_shadow,2025-09-30,11644968,11491787,-0.0131542654304,True,20B_P4_top_region_hysteresis_partial_rebalance_turnover_control_v0,20B_P4_TURNCTL_v0,-0.0146549819574,-0.00150071652708
F_MIX403030_XD6_R025_C040,2025-09,reference_net,2025-09-30,11622777.2347,11468368.508,-0.0132850112862,True,20B_P4_top_region_hysteresis_partial_rebalance_turnover_control_v0,20B_P4_TURNCTL_v0,-0.0148953122943,-0.00161030100812
F_MIX403030_XD6_R025_C040,2025-10,gross_shadow,2025-10-31,11491787,11722001,0.0200329156814,False,20B_P4_top_region_hysteresis_partial_rebalance_turnover_control_v0,20B_P4_TURNCTL_v0,0.0176421257991,-0.00239078988229
F_MIX403030_XD6_R025_C040,2025-10,reference_net,2025-10-31,11468368.508,11697304.8066,0.0199624121357,False,20B_P4_top_region_hysteresis_partial_rebalance_turnover_control_v0,20B_P4_TURNCTL_v0,0.017504769152,-0.00245764298366
F_MIX403030_XD6_R025_C040,2025-11,gross_shadow,2025-11-28,11722001,11594795,-0.01085190148,False,20B_P4_top_region_hysteresis_partial_rebalance_turnover_control_v0,20B_P4_TURNCTL_v0,-0.00968857869009,0.00116332278987
F_MIX403030_XD6_R025_C040,2025-11,reference_net,2025-11-28,11697304.8066,11568664.981,-0.0109973902327,False,20B_P4_top_region_hysteresis_partial_rebalance_turnover_control_v0,20B_P4_TURNCTL_v0,-0.00995710204626,0.00104028818648
F_MIX403030_XD6_R025_C040,2025-12,gross_shadow,2025-12-31,11594795,11756904,0.0139811872482,False,20B_P4_top_region_hysteresis_partial_rebalance_turnover_control_v0,20B_P4_TURNCTL_v0,0.0171802536106,0.00319906636233
F_MIX403030_XD6_R025_C040,2025-12,reference_net,2025-12-31,11568664.981,11729292.2896,0.0138846884142,False,20B_P4_top_region_hysteresis_partial_rebalance_turnover_control_v0,20B_P4_TURNCTL_v0,0.0170218081883,0.00313711977405
F_MIX403030_XD6_R025_C040,2026-01,gross_shadow,2026-01-30,11756904,11957858,0.0170924250126,False,20B_P4_top_region_hysteresis_partial_rebalance_turnover_control_v0,20B_P4_TURNCTL_v0,0.0150287676854,-0.00206365732719
F_MIX403030_XD6_R025_C040,2026-01,reference_net,2026-01-30,11729292.2896,11928772.1515,0.0170069819162,False,20B_P4_top_region_hysteresis_partial_rebalance_turnover_control_v0,20B_P4_TURNCTL_v0,0.0148684959055,-0.00213848601071
F_MIX403030_XD6_R025_C040,2026-02,gross_shadow,2026-02-27,11957858,12193931,0.0197420808978,False,20B_P4_top_region_hysteresis_partial_rebalance_turnover_control_v0,20B_P4_TURNCTL_v0,0.020391049042,0.000648968144263
F_MIX403030_XD6_R025_C040,2026-02,reference_net,2026-02-27,11928772.1515,12163233.5767,0.0196551180785,False,20B_P4_top_region_hysteresis_partial_rebalance_turnover_control_v0,20B_P4_TURNCTL_v0,0.0202325528075,0.000577434728911
F_MIX403030_XD6_R025_C040,2026-03,gross_shadow,2026-03-31,12193931,11906642,-0.0235599988224,False,20B_P4_top_region_hysteresis_partial_rebalance_turnover_control_v0,20B_P4_TURNCTL_v0,-0.0159986324444,0.00756136637797
F_MIX403030_XD6_R025_C040,2026-03,reference_net,2026-03-31,12163233.5767,11874432.1797,-0.0237438009497,False,20B_P4_top_region_hysteresis_partial_rebalance_turnover_control_v0,20B_P4_TURNCTL_v0,-0.0162685275383,0.00747527341145
F_MIX403030_XD6_R025_C040,2026-04,gross_shadow,2026-04-30,11906642,12037781,0.011013936591,True,20B_P4_top_region_hysteresis_partial_rebalance_turnover_control_v0,20B_P4_TURNCTL_v0,0.0130737020465,0.00205976545546
F_MIX403030_XD6_R025_C040,2026-04,reference_net,2026-04-30,11874432.1797,12003923.0743,0.0109050178274,True,20B_P4_top_region_hysteresis_partial_rebalance_turnover_control_v0,20B_P4_TURNCTL_v0,0.0128697478741,0.00196473004668
F_MIX403030_XD6_R025_CNONE,2024-08,gross_shadow,2024-08-30,10000000,9667461,-0.0332539,False,20B_P4_top_region_hysteresis_partial_rebalance_turnover_control_v0,20B_P4_TURNCTL_v0,-0.0332539,0
F_MIX403030_XD6_R025_CNONE,2024-08,reference_net,2024-08-30,10000000,9659999.0084,-0.03400009916,False,20B_P4_top_region_hysteresis_partial_rebalance_turnover_control_v0,20B_P4_TURNCTL_v0,-0.03400009916,0
F_MIX403030_XD6_R025_CNONE,2024-09,gross_shadow,2024-09-30,9667461,11269278,0.165691591619,False,20B_P4_top_region_hysteresis_partial_rebalance_turnover_control_v0,20B_P4_TURNCTL_v0,0.158862601049,-0.0068289905695
F_MIX403030_XD6_R025_CNONE,2024-09,reference_net,2024-09-30,9659999.0084,11260581.2319,0.165691758569,False,20B_P4_top_region_hysteresis_partial_rebalance_turnover_control_v0,20B_P4_TURNCTL_v0,0.158765209196,-0.00692654937354
F_MIX403030_XD6_R025_CNONE,2024-10,gross_shadow,2024-10-31,11269278,10712678,-0.0493909192763,True,20B_P4_top_region_hysteresis_partial_rebalance_turnover_control_v0,20B_P4_TURNCTL_v0,-0.0417565103154,0.00763440896085
F_MIX403030_XD6_R025_CNONE,2024-10,reference_net,2024-10-31,11260581.2319,10702722.939,-0.0495408080118,True,20B_P4_top_region_hysteresis_partial_rebalance_turnover_control_v0,20B_P4_TURNCTL_v0,-0.0419999329509,0.00754087506092
F_MIX403030_XD6_R025_CNONE,2024-11,gross_shadow,2024-11-29,10712678,10807829,0.00888209278763,False,20B_P4_top_region_hysteresis_partial_rebalance_turnover_control_v0,20B_P4_TURNCTL_v0,0.00743434136436,-0.00144775142327
F_MIX403030_XD6_R025_CNONE,2024-11,reference_net,2024-11-29,10702722.939,10796836.5309,0.00879342504021,False,20B_P4_top_region_hysteresis_partial_rebalance_turnover_control_v0,20B_P4_TURNCTL_v0,0.00728422719772,-0.00150919784249
F_MIX403030_XD6_R025_CNONE,2024-12,gross_shadow,2024-12-31,10807829,11057600,0.0231101916953,False,20B_P4_top_region_hysteresis_partial_rebalance_turnover_control_v0,20B_P4_TURNCTL_v0,0.023651486543,0.000541294847653
F_MIX403030_XD6_R025_CNONE,2024-12,reference_net,2024-12-31,10796836.5309,11045380.7438,0.0230200959586,False,20B_P4_top_region_hysteresis_partial_rebalance_turnover_control_v0,20B_P4_TURNCTL_v0,0.0235057852708,0.000485689312148
F_MIX403030_XD6_R025_CNONE,2025-01,gross_shadow,2025-01-27,11057600,10871458,-0.0168338518304,False,20B_P4_top_region_hysteresis_partial_rebalance_turnover_control_v0,20B_P4_TURNCTL_v0,-0.0159349720686,0.000898879761802
F_MIX403030_XD6_R025_CNONE,2025-01,reference_net,2025-01-27,11045380.7438,10858043.5239,-0.0169606846794,False,20B_P4_top_region_hysteresis_partial_rebalance_turnover_control_v0,20B_P4_TURNCTL_v0,-0.0161371317804,0.000823552898953
F_MIX403030_XD6_R025_CNONE,2025-02,gross_shadow,2025-02-28,10871458,10795040,-0.00702923195766,True,20B_P4_top_region_hysteresis_partial_rebalance_turnover_control_v0,20B_P4_TURNCTL_v0,-0.0079087507335,-0.000879518775839
F_MIX403030_XD6_R025_CNONE,2025-02,reference_net,2025-02-28,10858043.5239,10780486.4369,-0.0071428233677,True,20B_P4_top_region_hysteresis_partial_rebalance_turnover_control_v0,20B_P4_TURNCTL_v0,-0.00809581661659,-0.000952993248886
F_MIX403030_XD6_R025_CNONE,2025-03,gross_shadow,2025-03-31,10795040,10945357,0.0139246357586,False,20B_P4_top_region_hysteresis_partial_rebalance_turnover_control_v0,20B_P4_TURNCTL_v0,0.0133980936076,-0.000526542151015
F_MIX403030_XD6_R025_CNONE,2025-03,reference_net,2025-03-31,10780486.4369,10929541.4504,0.0138263717906,False,20B_P4_top_region_hysteresis_partial_rebalance_turnover_control_v0,20B_P4_TURNCTL_v0,0.0132233978829,-0.000602973907764
F_MIX403030_XD6_R025_CNONE,2025-04,gross_shadow,2025-04-30,10945357,10737530,-0.0189876858288,False,20B_P4_top_region_hysteresis_partial_rebalance_turnover_control_v0,20B_P4_TURNCTL_v0,-0.0157743458108,0.00321334001802
F_MIX403030_XD6_R025_CNONE,2025-04,reference_net,2025-04-30,10929541.4504,10720401.9934,-0.0191352453292,False,20B_P4_top_region_hysteresis_partial_rebalance_turnover_control_v0,20B_P4_TURNCTL_v0,-0.0159994675217,0.00313577780748
F_MIX403030_XD6_R025_CNONE,2025-05,gross_shadow,2025-05-30,10737530,10972237,0.021858565238,False,20B_P4_top_region_hysteresis_partial_rebalance_turnover_control_v0,20B_P4_TURNCTL_v0,0.0218567581682,-1.8070697887e-06
F_MIX403030_XD6_R025_CNONE,2025-05,reference_net,2025-05-30,10720401.9934,10953799.942,0.0217713802815,False,20B_P4_top_region_hysteresis_partial_rebalance_turnover_control_v0,20B_P4_TURNCTL_v0,0.021723831916,-4.75483654847e-05
F_MIX403030_XD6_R025_CNONE,2025-06,gross_shadow,2025-06-30,10972237,11105312,0.0121283380955,False,20B_P4_top_region_hysteresis_partial_rebalance_turnover_control_v0,20B_P4_TURNCTL_v0,0.0120373412204,-9.09968750751e-05
F_MIX403030_XD6_R025_CNONE,2025-06,reference_net,2025-06-30,10953799.942,11085562.446,0.012028931031,False,20B_P4_top_region_hysteresis_partial_rebalance_turnover_control_v0,20B_P4_TURNCTL_v0,0.0118812499438,-0.000147681087209
F_MIX403030_XD6_R025_CNONE,2025-07,gross_shadow,2025-07-31,11105312,11362598,0.0231678317547,False,20B_P4_top_region_hysteresis_partial_rebalance_turnover_control_v0,20B_P4_TURNCTL_v0,0.0159705014252,-0.00719733032957
F_MIX403030_XD6_R025_CNONE,2025-07,reference_net,2025-07-31,11085562.446,11341615.6811,0.0230979020051,False,20B_P4_top_region_hysteresis_partial_rebalance_turnover_control_v0,20B_P4_TURNCTL_v0,0.0158245945545,-0.00727330745061
F_MIX403030_XD6_R025_CNONE,2025-08,gross_shadow,2025-08-29,11362598,11644968,0.0248508307695,True,20B_P4_top_region_hysteresis_partial_rebalance_turnover_control_v0,20B_P4_TURNCTL_v0,0.0214107382381,-0.00344009253142
F_MIX403030_XD6_R025_CNONE,2025-08,reference_net,2025-08-29,11341615.6811,11622777.2347,0.0247902557727,True,20B_P4_top_region_hysteresis_partial_rebalance_turnover_control_v0,20B_P4_TURNCTL_v0,0.0212920604186,-0.00349819535405
F_MIX403030_XD6_R025_CNONE,2025-09,gross_shadow,2025-09-30,11644968,11491787,-0.0131542654304,True,20B_P4_top_region_hysteresis_partial_rebalance_turnover_control_v0,20B_P4_TURNCTL_v0,-0.0146549819574,-0.00150071652708
F_MIX403030_XD6_R025_CNONE,2025-09,reference_net,2025-09-30,11622777.2347,11468368.508,-0.0132850112862,True,20B_P4_top_region_hysteresis_partial_rebalance_turnover_control_v0,20B_P4_TURNCTL_v0,-0.0148953122943,-0.00161030100812
F_MIX403030_XD6_R025_CNONE,2025-10,gross_shadow,2025-10-31,11491787,11722001,0.0200329156814,False,20B_P4_top_region_hysteresis_partial_rebalance_turnover_control_v0,20B_P4_TURNCTL_v0,0.0176421257991,-0.00239078988229
F_MIX403030_XD6_R025_CNONE,2025-10,reference_net,2025-10-31,11468368.508,11697304.8066,0.0199624121357,False,20B_P4_top_region_hysteresis_partial_rebalance_turnover_control_v0,20B_P4_TURNCTL_v0,0.017504769152,-0.00245764298366
F_MIX403030_XD6_R025_CNONE,2025-11,gross_shadow,2025-11-28,11722001,11594795,-0.01085190148,False,20B_P4_top_region_hysteresis_partial_rebalance_turnover_control_v0,20B_P4_TURNCTL_v0,-0.00968857869009,0.00116332278987
F_MIX403030_XD6_R025_CNONE,2025-11,reference_net,2025-11-28,11697304.8066,11568664.981,-0.0109973902327,False,20B_P4_top_region_hysteresis_partial_rebalance_turnover_control_v0,20B_P4_TURNCTL_v0,-0.00995710204626,0.00104028818648
F_MIX403030_XD6_R025_CNONE,2025-12,gross_shadow,2025-12-31,11594795,11756904,0.0139811872482,False,20B_P4_top_region_hysteresis_partial_rebalance_turnover_control_v0,20B_P4_TURNCTL_v0,0.0171802536106,0.00319906636233
F_MIX403030_XD6_R025_CNONE,2025-12,reference_net,2025-12-31,11568664.981,11729292.2896,0.0138846884142,False,20B_P4_top_region_hysteresis_partial_rebalance_turnover_control_v0,20B_P4_TURNCTL_v0,0.0170218081883,0.00313711977405
F_MIX403030_XD6_R025_CNONE,2026-01,gross_shadow,2026-01-30,11756904,11957858,0.0170924250126,False,20B_P4_top_region_hysteresis_partial_rebalance_turnover_control_v0,20B_P4_TURNCTL_v0,0.0150287676854,-0.00206365732719
F_MIX403030_XD6_R025_CNONE,2026-01,reference_net,2026-01-30,11729292.2896,11928772.1515,0.0170069819162,False,20B_P4_top_region_hysteresis_partial_rebalance_turnover_control_v0,20B_P4_TURNCTL_v0,0.0148684959055,-0.00213848601071
F_MIX403030_XD6_R025_CNONE,2026-02,gross_shadow,2026-02-27,11957858,12193931,0.0197420808978,False,20B_P4_top_region_hysteresis_partial_rebalance_turnover_control_v0,20B_P4_TURNCTL_v0,0.020391049042,0.000648968144263
F_MIX403030_XD6_R025_CNONE,2026-02,reference_net,2026-02-27,11928772.1515,12163233.5767,0.0196551180785,False,20B_P4_top_region_hysteresis_partial_rebalance_turnover_control_v0,20B_P4_TURNCTL_v0,0.0202325528075,0.000577434728911
F_MIX403030_XD6_R025_CNONE,2026-03,gross_shadow,2026-03-31,12193931,11906642,-0.0235599988224,False,20B_P4_top_region_hysteresis_partial_rebalance_turnover_control_v0,20B_P4_TURNCTL_v0,-0.0159986324444,0.00756136637797
F_MIX403030_XD6_R025_CNONE,2026-03,reference_net,2026-03-31,12163233.5767,11874432.1797,-0.0237438009497,False,20B_P4_top_region_hysteresis_partial_rebalance_turnover_control_v0,20B_P4_TURNCTL_v0,-0.0162685275383,0.00747527341145
F_MIX403030_XD6_R025_CNONE,2026-04,gross_shadow,2026-04-30,11906642,12037781,0.011013936591,True,20B_P4_top_region_hysteresis_partial_rebalance_turnover_control_v0,20B_P4_TURNCTL_v0,0.0130737020465,0.00205976545546
F_MIX403030_XD6_R025_CNONE,2026-04,reference_net,2026-04-30,11874432.1797,12003923.0743,0.0109050178274,True,20B_P4_top_region_hysteresis_partial_rebalance_turnover_control_v0,20B_P4_TURNCTL_v0,0.0128697478741,0.00196473004668
F_MIX403030_XD6_R050_C020,2024-08,gross_shadow,2024-08-30,10000000,9667461,-0.0332539,False,20B_P4_top_region_hysteresis_partial_rebalance_turnover_control_v0,20B_P4_TURNCTL_v0,-0.0332539,0
F_MIX403030_XD6_R050_C020,2024-08,reference_net,2024-08-30,10000000,9659999.0084,-0.03400009916,False,20B_P4_top_region_hysteresis_partial_rebalance_turnover_control_v0,20B_P4_TURNCTL_v0,-0.03400009916,0
F_MIX403030_XD6_R050_C020,2024-09,gross_shadow,2024-09-30,9667461,11240131,0.162676632468,False,20B_P4_top_region_hysteresis_partial_rebalance_turnover_control_v0,20B_P4_TURNCTL_v0,0.158862601049,-0.00381403141942
F_MIX403030_XD6_R050_C020,2024-09,reference_net,2024-09-30,9659999.0084,11230760.9159,0.162604769024,False,20B_P4_top_region_hysteresis_partial_rebalance_turnover_control_v0,20B_P4_TURNCTL_v0,0.158765209196,-0.00383955982788
F_MIX403030_XD6_R050_C020,2024-10,gross_shadow,2024-10-31,11240131,10704079,-0.0476909032466,True,20B_P4_top_region_hysteresis_partial_rebalance_turnover_control_v0,20B_P4_TURNCTL_v0,-0.0417565103154,0.00593439293115
F_MIX403030_XD6_R050_C020,2024-10,reference_net,2024-10-31,11230760.9159,10692679.7471,-0.0479113724197,True,20B_P4_top_region_hysteresis_partial_rebalance_turnover_control_v0,20B_P4_TURNCTL_v0,-0.0419999329509,0.00591143946883
F_MIX403030_XD6_R050_C020,2024-11,gross_shadow,2024-11-29,10704079,10797389,0.00871723760634,False,20B_P4_top_region_hysteresis_partial_rebalance_turnover_control_v0,20B_P4_TURNCTL_v0,0.00743434136436,-0.00128289624198
F_MIX403030_XD6_R050_C020,2024-11,reference_net,2024-11-29,10692679.7471,10784453.1979,0.00858282983596,False,20B_P4_top_region_hysteresis_partial_rebalance_turnover_control_v0,20B_P4_TURNCTL_v0,0.00728422719772,-0.00129860263824
F_MIX403030_XD6_R050_C020,2024-12,gross_shadow,2024-12-31,10797389,11036769,0.0221701746598,False,20B_P4_top_region_hysteresis_partial_rebalance_turnover_control_v0,20B_P4_TURNCTL_v0,0.023651486543,0.00148131188313
F_MIX403030_XD6_R050_C020,2024-12,reference_net,2024-12-31,10784453.1979,11022094.847,0.0220355770255,False,20B_P4_top_region_hysteresis_partial_rebalance_turnover_control_v0,20B_P4_TURNCTL_v0,0.0235057852708,0.00147020824527
F_MIX403030_XD6_R050_C020,2025-01,gross_shadow,2025-01-27,11036769,10849208,-0.0169941945872,False,20B_P4_top_region_hysteresis_partial_rebalance_turnover_control_v0,20B_P4_TURNCTL_v0,-0.0159349720686,0.00105922251859
F_MIX403030_XD6_R050_C020,2025-01,reference_net,2025-01-27,11022094.847,10832910.5054,-0.0171641003145,False,20B_P4_top_region_hysteresis_partial_rebalance_turnover_control_v0,20B_P4_TURNCTL_v0,-0.0161371317804,0.00102696853408
F_MIX403030_XD6_R050_C020,2025-02,gross_shadow,2025-02-28,10849208,10770697,-0.00723656510226,True,20B_P4_top_region_hysteresis_partial_rebalance_turnover_control_v0,20B_P4_TURNCTL_v0,-0.0079087507335,-0.000672185631239
F_MIX403030_XD6_R050_C020,2025-02,reference_net,2025-02-28,10832910.5054,10752698.0385,-0.007404516716,True,20B_P4_top_region_hysteresis_partial_rebalance_turnover_control_v0,20B_P4_TURNCTL_v0,-0.00809581661659,-0.000691299900592
F_MIX403030_XD6_R050_C020,2025-03,gross_shadow,2025-03-31,10770697,10920480,0.0139065280548,False,20B_P4_top_region_hysteresis_partial_rebalance_turnover_control_v0,20B_P4_TURNCTL_v0,0.0133980936076,-0.000508434447148
F_MIX403030_XD6_R050_C020,2025-03,reference_net,2025-03-31,10752698.0385,10900431.2534,0.0137391763864,False,20B_P4_top_region_hysteresis_partial_rebalance_turnover_control_v0,20B_P4_TURNCTL_v0,0.0132233978829,-0.000515778503538
F_MIX403030_XD6_R050_C020,2025-04,gross_shadow,2025-04-30,10920480,10720711,-0.0182930603783,False,20B_P4_top_region_hysteresis_partial_rebalance_turnover_control_v0,20B_P4_TURNCTL_v0,-0.0157743458108,0.00251871456753
F_MIX403030_XD6_R050_C020,2025-04,reference_net,2025-04-30,10900431.2534,10698729.4112,-0.018504024062,False,20B_P4_top_region_hysteresis_partial_rebalance_turnover_control_v0,20B_P4_TURNCTL_v0,-0.0159994675217,0.00250455654028
F_MIX403030_XD6_R050_C020,2025-05,gross_shadow,2025-05-30,10720711,10967837,0.0230512696406,False,20B_P4_top_region_hysteresis_partial_rebalance_turnover_control_v0,20B_P4_TURNCTL_v0,0.0218567581682,-0.00119451147239
F_MIX403030_XD6_R050_C020,2025-05,reference_net,2025-05-30,10698729.4112,10943947.4928,0.0229202994229,False,20B_P4_top_region_hysteresis_partial_rebalance_turnover_control_v0,20B_P4_TURNCTL_v0,0.021723831916,-0.00119646750686
F_MIX403030_XD6_R050_C020,2025-06,gross_shadow,2025-06-30,10967837,11108493,0.0128244064896,False,20B_P4_top_region_hysteresis_partial_rebalance_turnover_control_v0,20B_P4_TURNCTL_v0,0.0120373412204,-0.0007870652692
F_MIX403030_XD6_R050_C020,2025-06,reference_net,2025-06-30,10943947.4928,11082775.1833,0.012685339599,False,20B_P4_top_region_hysteresis_partial_rebalance_turnover_control_v0,20B_P4_TURNCTL_v0,0.0118812499438,-0.000804089655232
F_MIX403030_XD6_R050_C020,2025-07,gross_shadow,2025-07-31,11108493,11360740,0.0227075805872,False,20B_P4_top_region_hysteresis_partial_rebalance_turnover_control_v0,20B_P4_TURNCTL_v0,0.0159705014252,-0.00673707916203
F_MIX403030_XD6_R050_C020,2025-07,reference_net,2025-07-31,11082775.1833,11333252.4205,0.0226005881287,False,20B_P4_top_region_hysteresis_partial_rebalance_turnover_control_v0,20B_P4_TURNCTL_v0,0.0158245945545,-0.00677599357419
F_MIX403030_XD6_R050_C020,2025-08,gross_shadow,2025-08-29,11360740,11655150,0.0259146851349,True,20B_P4_top_region_hysteresis_partial_rebalance_turnover_control_v0,20B_P4_TURNCTL_v0,0.0214107382381,-0.00450394689686
F_MIX403030_XD6_R050_C020,2025-08,reference_net,2025-08-29,11333252.4205,11625925.3719,0.0258242683098,True,20B_P4_top_region_hysteresis_partial_rebalance_turnover_control_v0,20B_P4_TURNCTL_v0,0.0212920604186,-0.00453220789113
F_MIX403030_XD6_R050_C020,2025-09,gross_shadow,2025-09-30,11655150,11461826,-0.0165870023123,True,20B_P4_top_region_hysteresis_partial_rebalance_turnover_control_v0,20B_P4_TURNCTL_v0,-0.0146549819574,0.00193202035485
F_MIX403030_XD6_R050_C020,2025-09,reference_net,2025-09-30,11625925.3719,11430445.5261,-0.0168141321699,True,20B_P4_top_region_hysteresis_partial_rebalance_turnover_control_v0,20B_P4_TURNCTL_v0,-0.0148953122943,0.0019188198756
F_MIX403030_XD6_R050_C020,2025-10,gross_shadow,2025-10-31,11461826,11687620,0.0196996534409,False,20B_P4_top_region_hysteresis_partial_rebalance_turnover_control_v0,20B_P4_TURNCTL_v0,0.0176421257991,-0.00205752764177
F_MIX403030_XD6_R050_C020,2025-10,reference_net,2025-10-31,11430445.5261,11654255.1628,0.0195801323955,False,20B_P4_top_region_hysteresis_partial_rebalance_turnover_control_v0,20B_P4_TURNCTL_v0,0.017504769152,-0.00207536324349
F_MIX403030_XD6_R050_C020,2025-11,gross_shadow,2025-11-28,11687620,11553909,-0.0114403959061,False,20B_P4_top_region_hysteresis_partial_rebalance_turnover_control_v0,20B_P4_TURNCTL_v0,-0.00968857869009,0.001751817216
F_MIX403030_XD6_R050_C020,2025-11,reference_net,2025-11-28,11654255.1628,11517961.0459,-0.0116947943001,False,20B_P4_top_region_hysteresis_partial_rebalance_turnover_control_v0,20B_P4_TURNCTL_v0,-0.00995710204626,0.00173769225386
F_MIX403030_XD6_R050_C020,2025-12,gross_shadow,2025-12-31,11553909,11738586,0.0159839410194,False,20B_P4_top_region_hysteresis_partial_rebalance_turnover_control_v0,20B_P4_TURNCTL_v0,0.0171802536106,0.00119631259113
F_MIX403030_XD6_R050_C020,2025-12,reference_net,2025-12-31,11517961.0459,11700333.1797,0.0158337168386,False,20B_P4_top_region_hysteresis_partial_rebalance_turnover_control_v0,20B_P4_TURNCTL_v0,0.0170218081883,0.00118809134964
F_MIX403030_XD6_R050_C020,2026-01,gross_shadow,2026-01-30,11738586,11971012,0.0198001701397,False,20B_P4_top_region_hysteresis_partial_rebalance_turnover_control_v0,20B_P4_TURNCTL_v0,0.0150287676854,-0.00477140245437
F_MIX403030_XD6_R050_C020,2026-01,reference_net,2026-01-30,11700333.1797,11930468.874,0.0196691573441,False,20B_P4_top_region_hysteresis_partial_rebalance_turnover_control_v0,20B_P4_TURNCTL_v0,0.0148684959055,-0.00480066143859
F_MIX403030_XD6_R050_C020,2026-02,gross_shadow,2026-02-27,11971012,12193926,0.018621149156,False,20B_P4_top_region_hysteresis_partial_rebalance_turnover_control_v0,20B_P4_TURNCTL_v0,0.020391049042,0.00176989988605
F_MIX403030_XD6_R050_C020,2026-02,reference_net,2026-02-27,11930468.874,12150969.414,0.0184821353091,False,20B_P4_top_region_hysteresis_partial_rebalance_turnover_control_v0,20B_P4_TURNCTL_v0,0.0202325528075,0.00175041749838
F_MIX403030_XD6_R050_C020,2026-03,gross_shadow,2026-03-31,12193926,11913040,-0.0230349109877,False,20B_P4_top_region_hysteresis_partial_rebalance_turnover_control_v0,20B_P4_TURNCTL_v0,-0.0159986324444,0.00703627854325
F_MIX403030_XD6_R050_C020,2026-03,reference_net,2026-03-31,12150969.414,11867883.8617,-0.0232973635793,False,20B_P4_top_region_hysteresis_partial_rebalance_turnover_control_v0,20B_P4_TURNCTL_v0,-0.0162685275383,0.00702883604103
F_MIX403030_XD6_R050_C020,2026-04,gross_shadow,2026-04-30,11913040,12094429,0.0152260883872,True,20B_P4_top_region_hysteresis_partial_rebalance_turnover_control_v0,20B_P4_TURNCTL_v0,0.0130737020465,-0.0021523863407
F_MIX403030_XD6_R050_C020,2026-04,reference_net,2026-04-30,11867883.8617,12046947.2838,0.0150880665969,True,20B_P4_top_region_hysteresis_partial_rebalance_turnover_control_v0,20B_P4_TURNCTL_v0,0.0128697478741,-0.00221831872281
F_MIX403030_XD6_R050_C030,2024-08,gross_shadow,2024-08-30,10000000,9667461,-0.0332539,False,20B_P4_top_region_hysteresis_partial_rebalance_turnover_control_v0,20B_P4_TURNCTL_v0,-0.0332539,0
F_MIX403030_XD6_R050_C030,2024-08,reference_net,2024-08-30,10000000,9659999.0084,-0.03400009916,False,20B_P4_top_region_hysteresis_partial_rebalance_turnover_control_v0,20B_P4_TURNCTL_v0,-0.03400009916,0
F_MIX403030_XD6_R050_C030,2024-09,gross_shadow,2024-09-30,9667461,11240131,0.162676632468,False,20B_P4_top_region_hysteresis_partial_rebalance_turnover_control_v0,20B_P4_TURNCTL_v0,0.158862601049,-0.00381403141942
F_MIX403030_XD6_R050_C030,2024-09,reference_net,2024-09-30,9659999.0084,11230760.9159,0.162604769024,False,20B_P4_top_region_hysteresis_partial_rebalance_turnover_control_v0,20B_P4_TURNCTL_v0,0.158765209196,-0.00383955982788
F_MIX403030_XD6_R050_C030,2024-10,gross_shadow,2024-10-31,11240131,10704079,-0.0476909032466,True,20B_P4_top_region_hysteresis_partial_rebalance_turnover_control_v0,20B_P4_TURNCTL_v0,-0.0417565103154,0.00593439293115
F_MIX403030_XD6_R050_C030,2024-10,reference_net,2024-10-31,11230760.9159,10692679.7471,-0.0479113724197,True,20B_P4_top_region_hysteresis_partial_rebalance_turnover_control_v0,20B_P4_TURNCTL_v0,-0.0419999329509,0.00591143946883
F_MIX403030_XD6_R050_C030,2024-11,gross_shadow,2024-11-29,10704079,10797389,0.00871723760634,False,20B_P4_top_region_hysteresis_partial_rebalance_turnover_control_v0,20B_P4_TURNCTL_v0,0.00743434136436,-0.00128289624198
F_MIX403030_XD6_R050_C030,2024-11,reference_net,2024-11-29,10692679.7471,10784453.1979,0.00858282983596,False,20B_P4_top_region_hysteresis_partial_rebalance_turnover_control_v0,20B_P4_TURNCTL_v0,0.00728422719772,-0.00129860263824
F_MIX403030_XD6_R050_C030,2024-12,gross_shadow,2024-12-31,10797389,11036769,0.0221701746598,False,20B_P4_top_region_hysteresis_partial_rebalance_turnover_control_v0,20B_P4_TURNCTL_v0,0.023651486543,0.00148131188313
F_MIX403030_XD6_R050_C030,2024-12,reference_net,2024-12-31,10784453.1979,11022094.847,0.0220355770255,False,20B_P4_top_region_hysteresis_partial_rebalance_turnover_control_v0,20B_P4_TURNCTL_v0,0.0235057852708,0.00147020824527
F_MIX403030_XD6_R050_C030,2025-01,gross_shadow,2025-01-27,11036769,10849208,-0.0169941945872,False,20B_P4_top_region_hysteresis_partial_rebalance_turnover_control_v0,20B_P4_TURNCTL_v0,-0.0159349720686,0.00105922251859
F_MIX403030_XD6_R050_C030,2025-01,reference_net,2025-01-27,11022094.847,10832910.5054,-0.0171641003145,False,20B_P4_top_region_hysteresis_partial_rebalance_turnover_control_v0,20B_P4_TURNCTL_v0,-0.0161371317804,0.00102696853408
F_MIX403030_XD6_R050_C030,2025-02,gross_shadow,2025-02-28,10849208,10770697,-0.00723656510226,True,20B_P4_top_region_hysteresis_partial_rebalance_turnover_control_v0,20B_P4_TURNCTL_v0,-0.0079087507335,-0.000672185631239
F_MIX403030_XD6_R050_C030,2025-02,reference_net,2025-02-28,10832910.5054,10752698.0385,-0.007404516716,True,20B_P4_top_region_hysteresis_partial_rebalance_turnover_control_v0,20B_P4_TURNCTL_v0,-0.00809581661659,-0.000691299900592
F_MIX403030_XD6_R050_C030,2025-03,gross_shadow,2025-03-31,10770697,10920480,0.0139065280548,False,20B_P4_top_region_hysteresis_partial_rebalance_turnover_control_v0,20B_P4_TURNCTL_v0,0.0133980936076,-0.000508434447148
F_MIX403030_XD6_R050_C030,2025-03,reference_net,2025-03-31,10752698.0385,10900431.2534,0.0137391763864,False,20B_P4_top_region_hysteresis_partial_rebalance_turnover_control_v0,20B_P4_TURNCTL_v0,0.0132233978829,-0.000515778503538
F_MIX403030_XD6_R050_C030,2025-04,gross_shadow,2025-04-30,10920480,10720711,-0.0182930603783,False,20B_P4_top_region_hysteresis_partial_rebalance_turnover_control_v0,20B_P4_TURNCTL_v0,-0.0157743458108,0.00251871456753
F_MIX403030_XD6_R050_C030,2025-04,reference_net,2025-04-30,10900431.2534,10698729.4112,-0.018504024062,False,20B_P4_top_region_hysteresis_partial_rebalance_turnover_control_v0,20B_P4_TURNCTL_v0,-0.0159994675217,0.00250455654028
F_MIX403030_XD6_R050_C030,2025-05,gross_shadow,2025-05-30,10720711,10967837,0.0230512696406,False,20B_P4_top_region_hysteresis_partial_rebalance_turnover_control_v0,20B_P4_TURNCTL_v0,0.0218567581682,-0.00119451147239
F_MIX403030_XD6_R050_C030,2025-05,reference_net,2025-05-30,10698729.4112,10943947.4928,0.0229202994229,False,20B_P4_top_region_hysteresis_partial_rebalance_turnover_control_v0,20B_P4_TURNCTL_v0,0.021723831916,-0.00119646750686
F_MIX403030_XD6_R050_C030,2025-06,gross_shadow,2025-06-30,10967837,11108493,0.0128244064896,False,20B_P4_top_region_hysteresis_partial_rebalance_turnover_control_v0,20B_P4_TURNCTL_v0,0.0120373412204,-0.0007870652692
F_MIX403030_XD6_R050_C030,2025-06,reference_net,2025-06-30,10943947.4928,11082775.1833,0.012685339599,False,20B_P4_top_region_hysteresis_partial_rebalance_turnover_control_v0,20B_P4_TURNCTL_v0,0.0118812499438,-0.000804089655232
F_MIX403030_XD6_R050_C030,2025-07,gross_shadow,2025-07-31,11108493,11360740,0.0227075805872,False,20B_P4_top_region_hysteresis_partial_rebalance_turnover_control_v0,20B_P4_TURNCTL_v0,0.0159705014252,-0.00673707916203
F_MIX403030_XD6_R050_C030,2025-07,reference_net,2025-07-31,11082775.1833,11333252.4205,0.0226005881287,False,20B_P4_top_region_hysteresis_partial_rebalance_turnover_control_v0,20B_P4_TURNCTL_v0,0.0158245945545,-0.00677599357419
F_MIX403030_XD6_R050_C030,2025-08,gross_shadow,2025-08-29,11360740,11655150,0.0259146851349,True,20B_P4_top_region_hysteresis_partial_rebalance_turnover_control_v0,20B_P4_TURNCTL_v0,0.0214107382381,-0.00450394689686
F_MIX403030_XD6_R050_C030,2025-08,reference_net,2025-08-29,11333252.4205,11625925.3719,0.0258242683098,True,20B_P4_top_region_hysteresis_partial_rebalance_turnover_control_v0,20B_P4_TURNCTL_v0,0.0212920604186,-0.00453220789113
F_MIX403030_XD6_R050_C030,2025-09,gross_shadow,2025-09-30,11655150,11461826,-0.0165870023123,True,20B_P4_top_region_hysteresis_partial_rebalance_turnover_control_v0,20B_P4_TURNCTL_v0,-0.0146549819574,0.00193202035485
F_MIX403030_XD6_R050_C030,2025-09,reference_net,2025-09-30,11625925.3719,11430445.5261,-0.0168141321699,True,20B_P4_top_region_hysteresis_partial_rebalance_turnover_control_v0,20B_P4_TURNCTL_v0,-0.0148953122943,0.0019188198756
F_MIX403030_XD6_R050_C030,2025-10,gross_shadow,2025-10-31,11461826,11687620,0.0196996534409,False,20B_P4_top_region_hysteresis_partial_rebalance_turnover_control_v0,20B_P4_TURNCTL_v0,0.0176421257991,-0.00205752764177
F_MIX403030_XD6_R050_C030,2025-10,reference_net,2025-10-31,11430445.5261,11654255.1628,0.0195801323955,False,20B_P4_top_region_hysteresis_partial_rebalance_turnover_control_v0,20B_P4_TURNCTL_v0,0.017504769152,-0.00207536324349
F_MIX403030_XD6_R050_C030,2025-11,gross_shadow,2025-11-28,11687620,11554788,-0.0113651881221,False,20B_P4_top_region_hysteresis_partial_rebalance_turnover_control_v0,20B_P4_TURNCTL_v0,-0.00968857869009,0.00167660943204
F_MIX403030_XD6_R050_C030,2025-11,reference_net,2025-11-28,11654255.1628,11518671.142,-0.0116338641034,False,20B_P4_top_region_hysteresis_partial_rebalance_turnover_control_v0,20B_P4_TURNCTL_v0,-0.00995710204626,0.00167676205711
F_MIX403030_XD6_R050_C030,2025-12,gross_shadow,2025-12-31,11554788,11741322,0.0161434376814,False,20B_P4_top_region_hysteresis_partial_rebalance_turnover_control_v0,20B_P4_TURNCTL_v0,0.0171802536106,0.00103681592915
F_MIX403030_XD6_R050_C030,2025-12,reference_net,2025-12-31,11518671.142,11702877.204,0.015991954254,False,20B_P4_top_region_hysteresis_partial_rebalance_turnover_control_v0,20B_P4_TURNCTL_v0,0.0170218081883,0.00102985393427
F_MIX403030_XD6_R050_C030,2026-01,gross_shadow,2026-01-30,11741322,11974322,0.0198444434111,False,20B_P4_top_region_hysteresis_partial_rebalance_turnover_control_v0,20B_P4_TURNCTL_v0,0.0150287676854,-0.00481567572568
F_MIX403030_XD6_R050_C030,2026-01,reference_net,2026-01-30,11702877.204,11933467.231,0.0197037038833,False,20B_P4_top_region_hysteresis_partial_rebalance_turnover_control_v0,20B_P4_TURNCTL_v0,0.0148684959055,-0.00483520797781
F_MIX403030_XD6_R050_C030,2026-02,gross_shadow,2026-02-27,11974322,12192105,0.0181875015554,False,20B_P4_top_region_hysteresis_partial_rebalance_turnover_control_v0,20B_P4_TURNCTL_v0,0.020391049042,0.00220354748662
F_MIX403030_XD6_R050_C030,2026-02,reference_net,2026-02-27,11933467.231,12148398.6537,0.0180108109831,False,20B_P4_top_region_hysteresis_partial_rebalance_turnover_control_v0,20B_P4_TURNCTL_v0,0.0202325528075,0.00222174182439
F_MIX403030_XD6_R050_C030,2026-03,gross_shadow,2026-03-31,12192105,11907815,-0.0233175485283,False,20B_P4_top_region_hysteresis_partial_rebalance_turnover_control_v0,20B_P4_TURNCTL_v0,-0.0159986324444,0.00731891608393
F_MIX403030_XD6_R050_C030,2026-03,reference_net,2026-03-31,12148398.6537,11861786.4667,-0.0235925898656,False,20B_P4_top_region_hysteresis_partial_rebalance_turnover_control_v0,20B_P4_TURNCTL_v0,-0.0162685275383,0.00732406232733
F_MIX403030_XD6_R050_C030,2026-04,gross_shadow,2026-04-30,11907815,12113913,0.0173077932433,True,20B_P4_top_region_hysteresis_partial_rebalance_turnover_control_v0,20B_P4_TURNCTL_v0,0.0130737020465,-0.00423409119686
F_MIX403030_XD6_R050_C030,2026-04,reference_net,2026-04-30,11861786.4667,12064911.5193,0.0171243221382,True,20B_P4_top_region_hysteresis_partial_rebalance_turnover_control_v0,20B_P4_TURNCTL_v0,0.0128697478741,-0.00425457426411
F_MIX403030_XD6_R050_C040,2024-08,gross_shadow,2024-08-30,10000000,9667461,-0.0332539,False,20B_P4_top_region_hysteresis_partial_rebalance_turnover_control_v0,20B_P4_TURNCTL_v0,-0.0332539,0
F_MIX403030_XD6_R050_C040,2024-08,reference_net,2024-08-30,10000000,9659999.0084,-0.03400009916,False,20B_P4_top_region_hysteresis_partial_rebalance_turnover_control_v0,20B_P4_TURNCTL_v0,-0.03400009916,0
F_MIX403030_XD6_R050_C040,2024-09,gross_shadow,2024-09-30,9667461,11240131,0.162676632468,False,20B_P4_top_region_hysteresis_partial_rebalance_turnover_control_v0,20B_P4_TURNCTL_v0,0.158862601049,-0.00381403141942
F_MIX403030_XD6_R050_C040,2024-09,reference_net,2024-09-30,9659999.0084,11230760.9159,0.162604769024,False,20B_P4_top_region_hysteresis_partial_rebalance_turnover_control_v0,20B_P4_TURNCTL_v0,0.158765209196,-0.00383955982788
F_MIX403030_XD6_R050_C040,2024-10,gross_shadow,2024-10-31,11240131,10704079,-0.0476909032466,True,20B_P4_top_region_hysteresis_partial_rebalance_turnover_control_v0,20B_P4_TURNCTL_v0,-0.0417565103154,0.00593439293115
F_MIX403030_XD6_R050_C040,2024-10,reference_net,2024-10-31,11230760.9159,10692679.7471,-0.0479113724197,True,20B_P4_top_region_hysteresis_partial_rebalance_turnover_control_v0,20B_P4_TURNCTL_v0,-0.0419999329509,0.00591143946883
F_MIX403030_XD6_R050_C040,2024-11,gross_shadow,2024-11-29,10704079,10797389,0.00871723760634,False,20B_P4_top_region_hysteresis_partial_rebalance_turnover_control_v0,20B_P4_TURNCTL_v0,0.00743434136436,-0.00128289624198
F_MIX403030_XD6_R050_C040,2024-11,reference_net,2024-11-29,10692679.7471,10784453.1979,0.00858282983596,False,20B_P4_top_region_hysteresis_partial_rebalance_turnover_control_v0,20B_P4_TURNCTL_v0,0.00728422719772,-0.00129860263824
F_MIX403030_XD6_R050_C040,2024-12,gross_shadow,2024-12-31,10797389,11036769,0.0221701746598,False,20B_P4_top_region_hysteresis_partial_rebalance_turnover_control_v0,20B_P4_TURNCTL_v0,0.023651486543,0.00148131188313
F_MIX403030_XD6_R050_C040,2024-12,reference_net,2024-12-31,10784453.1979,11022094.847,0.0220355770255,False,20B_P4_top_region_hysteresis_partial_rebalance_turnover_control_v0,20B_P4_TURNCTL_v0,0.0235057852708,0.00147020824527
F_MIX403030_XD6_R050_C040,2025-01,gross_shadow,2025-01-27,11036769,10849208,-0.0169941945872,False,20B_P4_top_region_hysteresis_partial_rebalance_turnover_control_v0,20B_P4_TURNCTL_v0,-0.0159349720686,0.00105922251859
F_MIX403030_XD6_R050_C040,2025-01,reference_net,2025-01-27,11022094.847,10832910.5054,-0.0171641003145,False,20B_P4_top_region_hysteresis_partial_rebalance_turnover_control_v0,20B_P4_TURNCTL_v0,-0.0161371317804,0.00102696853408
F_MIX403030_XD6_R050_C040,2025-02,gross_shadow,2025-02-28,10849208,10770697,-0.00723656510226,True,20B_P4_top_region_hysteresis_partial_rebalance_turnover_control_v0,20B_P4_TURNCTL_v0,-0.0079087507335,-0.000672185631239
F_MIX403030_XD6_R050_C040,2025-02,reference_net,2025-02-28,10832910.5054,10752698.0385,-0.007404516716,True,20B_P4_top_region_hysteresis_partial_rebalance_turnover_control_v0,20B_P4_TURNCTL_v0,-0.00809581661659,-0.000691299900592
F_MIX403030_XD6_R050_C040,2025-03,gross_shadow,2025-03-31,10770697,10920480,0.0139065280548,False,20B_P4_top_region_hysteresis_partial_rebalance_turnover_control_v0,20B_P4_TURNCTL_v0,0.0133980936076,-0.000508434447148
F_MIX403030_XD6_R050_C040,2025-03,reference_net,2025-03-31,10752698.0385,10900431.2534,0.0137391763864,False,20B_P4_top_region_hysteresis_partial_rebalance_turnover_control_v0,20B_P4_TURNCTL_v0,0.0132233978829,-0.000515778503538
F_MIX403030_XD6_R050_C040,2025-04,gross_shadow,2025-04-30,10920480,10720711,-0.0182930603783,False,20B_P4_top_region_hysteresis_partial_rebalance_turnover_control_v0,20B_P4_TURNCTL_v0,-0.0157743458108,0.00251871456753
F_MIX403030_XD6_R050_C040,2025-04,reference_net,2025-04-30,10900431.2534,10698729.4112,-0.018504024062,False,20B_P4_top_region_hysteresis_partial_rebalance_turnover_control_v0,20B_P4_TURNCTL_v0,-0.0159994675217,0.00250455654028
F_MIX403030_XD6_R050_C040,2025-05,gross_shadow,2025-05-30,10720711,10967837,0.0230512696406,False,20B_P4_top_region_hysteresis_partial_rebalance_turnover_control_v0,20B_P4_TURNCTL_v0,0.0218567581682,-0.00119451147239
F_MIX403030_XD6_R050_C040,2025-05,reference_net,2025-05-30,10698729.4112,10943947.4928,0.0229202994229,False,20B_P4_top_region_hysteresis_partial_rebalance_turnover_control_v0,20B_P4_TURNCTL_v0,0.021723831916,-0.00119646750686
F_MIX403030_XD6_R050_C040,2025-06,gross_shadow,2025-06-30,10967837,11108493,0.0128244064896,False,20B_P4_top_region_hysteresis_partial_rebalance_turnover_control_v0,20B_P4_TURNCTL_v0,0.0120373412204,-0.0007870652692
F_MIX403030_XD6_R050_C040,2025-06,reference_net,2025-06-30,10943947.4928,11082775.1833,0.012685339599,False,20B_P4_top_region_hysteresis_partial_rebalance_turnover_control_v0,20B_P4_TURNCTL_v0,0.0118812499438,-0.000804089655232
F_MIX403030_XD6_R050_C040,2025-07,gross_shadow,2025-07-31,11108493,11360740,0.0227075805872,False,20B_P4_top_region_hysteresis_partial_rebalance_turnover_control_v0,20B_P4_TURNCTL_v0,0.0159705014252,-0.00673707916203
F_MIX403030_XD6_R050_C040,2025-07,reference_net,2025-07-31,11082775.1833,11333252.4205,0.0226005881287,False,20B_P4_top_region_hysteresis_partial_rebalance_turnover_control_v0,20B_P4_TURNCTL_v0,0.0158245945545,-0.00677599357419
F_MIX403030_XD6_R050_C040,2025-08,gross_shadow,2025-08-29,11360740,11655150,0.0259146851349,True,20B_P4_top_region_hysteresis_partial_rebalance_turnover_control_v0,20B_P4_TURNCTL_v0,0.0214107382381,-0.00450394689686
F_MIX403030_XD6_R050_C040,2025-08,reference_net,2025-08-29,11333252.4205,11625925.3719,0.0258242683098,True,20B_P4_top_region_hysteresis_partial_rebalance_turnover_control_v0,20B_P4_TURNCTL_v0,0.0212920604186,-0.00453220789113
F_MIX403030_XD6_R050_C040,2025-09,gross_shadow,2025-09-30,11655150,11461826,-0.0165870023123,True,20B_P4_top_region_hysteresis_partial_rebalance_turnover_control_v0,20B_P4_TURNCTL_v0,-0.0146549819574,0.00193202035485
F_MIX403030_XD6_R050_C040,2025-09,reference_net,2025-09-30,11625925.3719,11430445.5261,-0.0168141321699,True,20B_P4_top_region_hysteresis_partial_rebalance_turnover_control_v0,20B_P4_TURNCTL_v0,-0.0148953122943,0.0019188198756
F_MIX403030_XD6_R050_C040,2025-10,gross_shadow,2025-10-31,11461826,11687620,0.0196996534409,False,20B_P4_top_region_hysteresis_partial_rebalance_turnover_control_v0,20B_P4_TURNCTL_v0,0.0176421257991,-0.00205752764177
F_MIX403030_XD6_R050_C040,2025-10,reference_net,2025-10-31,11430445.5261,11654255.1628,0.0195801323955,False,20B_P4_top_region_hysteresis_partial_rebalance_turnover_control_v0,20B_P4_TURNCTL_v0,0.017504769152,-0.00207536324349
F_MIX403030_XD6_R050_C040,2025-11,gross_shadow,2025-11-28,11687620,11554788,-0.0113651881221,False,20B_P4_top_region_hysteresis_partial_rebalance_turnover_control_v0,20B_P4_TURNCTL_v0,-0.00968857869009,0.00167660943204
F_MIX403030_XD6_R050_C040,2025-11,reference_net,2025-11-28,11654255.1628,11518671.142,-0.0116338641034,False,20B_P4_top_region_hysteresis_partial_rebalance_turnover_control_v0,20B_P4_TURNCTL_v0,-0.00995710204626,0.00167676205711
F_MIX403030_XD6_R050_C040,2025-12,gross_shadow,2025-12-31,11554788,11741322,0.0161434376814,False,20B_P4_top_region_hysteresis_partial_rebalance_turnover_control_v0,20B_P4_TURNCTL_v0,0.0171802536106,0.00103681592915
F_MIX403030_XD6_R050_C040,2025-12,reference_net,2025-12-31,11518671.142,11702877.204,0.015991954254,False,20B_P4_top_region_hysteresis_partial_rebalance_turnover_control_v0,20B_P4_TURNCTL_v0,0.0170218081883,0.00102985393427
F_MIX403030_XD6_R050_C040,2026-01,gross_shadow,2026-01-30,11741322,11974322,0.0198444434111,False,20B_P4_top_region_hysteresis_partial_rebalance_turnover_control_v0,20B_P4_TURNCTL_v0,0.0150287676854,-0.00481567572568
F_MIX403030_XD6_R050_C040,2026-01,reference_net,2026-01-30,11702877.204,11933467.231,0.0197037038833,False,20B_P4_top_region_hysteresis_partial_rebalance_turnover_control_v0,20B_P4_TURNCTL_v0,0.0148684959055,-0.00483520797781
F_MIX403030_XD6_R050_C040,2026-02,gross_shadow,2026-02-27,11974322,12192105,0.0181875015554,False,20B_P4_top_region_hysteresis_partial_rebalance_turnover_control_v0,20B_P4_TURNCTL_v0,0.020391049042,0.00220354748662
F_MIX403030_XD6_R050_C040,2026-02,reference_net,2026-02-27,11933467.231,12148398.6537,0.0180108109831,False,20B_P4_top_region_hysteresis_partial_rebalance_turnover_control_v0,20B_P4_TURNCTL_v0,0.0202325528075,0.00222174182439
F_MIX403030_XD6_R050_C040,2026-03,gross_shadow,2026-03-31,12192105,11907815,-0.0233175485283,False,20B_P4_top_region_hysteresis_partial_rebalance_turnover_control_v0,20B_P4_TURNCTL_v0,-0.0159986324444,0.00731891608393
F_MIX403030_XD6_R050_C040,2026-03,reference_net,2026-03-31,12148398.6537,11861786.4667,-0.0235925898656,False,20B_P4_top_region_hysteresis_partial_rebalance_turnover_control_v0,20B_P4_TURNCTL_v0,-0.0162685275383,0.00732406232733
F_MIX403030_XD6_R050_C040,2026-04,gross_shadow,2026-04-30,11907815,12113913,0.0173077932433,True,20B_P4_top_region_hysteresis_partial_rebalance_turnover_control_v0,20B_P4_TURNCTL_v0,0.0130737020465,-0.00423409119686
F_MIX403030_XD6_R050_C040,2026-04,reference_net,2026-04-30,11861786.4667,12064911.5193,0.0171243221382,True,20B_P4_top_region_hysteresis_partial_rebalance_turnover_control_v0,20B_P4_TURNCTL_v0,0.0128697478741,-0.00425457426411
F_MIX403030_XD6_R050_CNONE,2024-08,gross_shadow,2024-08-30,10000000,9667461,-0.0332539,False,20B_P4_top_region_hysteresis_partial_rebalance_turnover_control_v0,20B_P4_TURNCTL_v0,-0.0332539,0
F_MIX403030_XD6_R050_CNONE,2024-08,reference_net,2024-08-30,10000000,9659999.0084,-0.03400009916,False,20B_P4_top_region_hysteresis_partial_rebalance_turnover_control_v0,20B_P4_TURNCTL_v0,-0.03400009916,0
F_MIX403030_XD6_R050_CNONE,2024-09,gross_shadow,2024-09-30,9667461,11240131,0.162676632468,False,20B_P4_top_region_hysteresis_partial_rebalance_turnover_control_v0,20B_P4_TURNCTL_v0,0.158862601049,-0.00381403141942
F_MIX403030_XD6_R050_CNONE,2024-09,reference_net,2024-09-30,9659999.0084,11230760.9159,0.162604769024,False,20B_P4_top_region_hysteresis_partial_rebalance_turnover_control_v0,20B_P4_TURNCTL_v0,0.158765209196,-0.00383955982788
F_MIX403030_XD6_R050_CNONE,2024-10,gross_shadow,2024-10-31,11240131,10704079,-0.0476909032466,True,20B_P4_top_region_hysteresis_partial_rebalance_turnover_control_v0,20B_P4_TURNCTL_v0,-0.0417565103154,0.00593439293115
F_MIX403030_XD6_R050_CNONE,2024-10,reference_net,2024-10-31,11230760.9159,10692679.7471,-0.0479113724197,True,20B_P4_top_region_hysteresis_partial_rebalance_turnover_control_v0,20B_P4_TURNCTL_v0,-0.0419999329509,0.00591143946883
F_MIX403030_XD6_R050_CNONE,2024-11,gross_shadow,2024-11-29,10704079,10797389,0.00871723760634,False,20B_P4_top_region_hysteresis_partial_rebalance_turnover_control_v0,20B_P4_TURNCTL_v0,0.00743434136436,-0.00128289624198
F_MIX403030_XD6_R050_CNONE,2024-11,reference_net,2024-11-29,10692679.7471,10784453.1979,0.00858282983596,False,20B_P4_top_region_hysteresis_partial_rebalance_turnover_control_v0,20B_P4_TURNCTL_v0,0.00728422719772,-0.00129860263824
F_MIX403030_XD6_R050_CNONE,2024-12,gross_shadow,2024-12-31,10797389,11036769,0.0221701746598,False,20B_P4_top_region_hysteresis_partial_rebalance_turnover_control_v0,20B_P4_TURNCTL_v0,0.023651486543,0.00148131188313
F_MIX403030_XD6_R050_CNONE,2024-12,reference_net,2024-12-31,10784453.1979,11022094.847,0.0220355770255,False,20B_P4_top_region_hysteresis_partial_rebalance_turnover_control_v0,20B_P4_TURNCTL_v0,0.0235057852708,0.00147020824527
F_MIX403030_XD6_R050_CNONE,2025-01,gross_shadow,2025-01-27,11036769,10849208,-0.0169941945872,False,20B_P4_top_region_hysteresis_partial_rebalance_turnover_control_v0,20B_P4_TURNCTL_v0,-0.0159349720686,0.00105922251859
F_MIX403030_XD6_R050_CNONE,2025-01,reference_net,2025-01-27,11022094.847,10832910.5054,-0.0171641003145,False,20B_P4_top_region_hysteresis_partial_rebalance_turnover_control_v0,20B_P4_TURNCTL_v0,-0.0161371317804,0.00102696853408
F_MIX403030_XD6_R050_CNONE,2025-02,gross_shadow,2025-02-28,10849208,10770697,-0.00723656510226,True,20B_P4_top_region_hysteresis_partial_rebalance_turnover_control_v0,20B_P4_TURNCTL_v0,-0.0079087507335,-0.000672185631239
F_MIX403030_XD6_R050_CNONE,2025-02,reference_net,2025-02-28,10832910.5054,10752698.0385,-0.007404516716,True,20B_P4_top_region_hysteresis_partial_rebalance_turnover_control_v0,20B_P4_TURNCTL_v0,-0.00809581661659,-0.000691299900592
F_MIX403030_XD6_R050_CNONE,2025-03,gross_shadow,2025-03-31,10770697,10920480,0.0139065280548,False,20B_P4_top_region_hysteresis_partial_rebalance_turnover_control_v0,20B_P4_TURNCTL_v0,0.0133980936076,-0.000508434447148
F_MIX403030_XD6_R050_CNONE,2025-03,reference_net,2025-03-31,10752698.0385,10900431.2534,0.0137391763864,False,20B_P4_top_region_hysteresis_partial_rebalance_turnover_control_v0,20B_P4_TURNCTL_v0,0.0132233978829,-0.000515778503538
F_MIX403030_XD6_R050_CNONE,2025-04,gross_shadow,2025-04-30,10920480,10720711,-0.0182930603783,False,20B_P4_top_region_hysteresis_partial_rebalance_turnover_control_v0,20B_P4_TURNCTL_v0,-0.0157743458108,0.00251871456753
F_MIX403030_XD6_R050_CNONE,2025-04,reference_net,2025-04-30,10900431.2534,10698729.4112,-0.018504024062,False,20B_P4_top_region_hysteresis_partial_rebalance_turnover_control_v0,20B_P4_TURNCTL_v0,-0.0159994675217,0.00250455654028
F_MIX403030_XD6_R050_CNONE,2025-05,gross_shadow,2025-05-30,10720711,10967837,0.0230512696406,False,20B_P4_top_region_hysteresis_partial_rebalance_turnover_control_v0,20B_P4_TURNCTL_v0,0.0218567581682,-0.00119451147239
F_MIX403030_XD6_R050_CNONE,2025-05,reference_net,2025-05-30,10698729.4112,10943947.4928,0.0229202994229,False,20B_P4_top_region_hysteresis_partial_rebalance_turnover_control_v0,20B_P4_TURNCTL_v0,0.021723831916,-0.00119646750686
F_MIX403030_XD6_R050_CNONE,2025-06,gross_shadow,2025-06-30,10967837,11108493,0.0128244064896,False,20B_P4_top_region_hysteresis_partial_rebalance_turnover_control_v0,20B_P4_TURNCTL_v0,0.0120373412204,-0.0007870652692
F_MIX403030_XD6_R050_CNONE,2025-06,reference_net,2025-06-30,10943947.4928,11082775.1833,0.012685339599,False,20B_P4_top_region_hysteresis_partial_rebalance_turnover_control_v0,20B_P4_TURNCTL_v0,0.0118812499438,-0.000804089655232
F_MIX403030_XD6_R050_CNONE,2025-07,gross_shadow,2025-07-31,11108493,11360740,0.0227075805872,False,20B_P4_top_region_hysteresis_partial_rebalance_turnover_control_v0,20B_P4_TURNCTL_v0,0.0159705014252,-0.00673707916203
F_MIX403030_XD6_R050_CNONE,2025-07,reference_net,2025-07-31,11082775.1833,11333252.4205,0.0226005881287,False,20B_P4_top_region_hysteresis_partial_rebalance_turnover_control_v0,20B_P4_TURNCTL_v0,0.0158245945545,-0.00677599357419
F_MIX403030_XD6_R050_CNONE,2025-08,gross_shadow,2025-08-29,11360740,11655150,0.0259146851349,True,20B_P4_top_region_hysteresis_partial_rebalance_turnover_control_v0,20B_P4_TURNCTL_v0,0.0214107382381,-0.00450394689686
F_MIX403030_XD6_R050_CNONE,2025-08,reference_net,2025-08-29,11333252.4205,11625925.3719,0.0258242683098,True,20B_P4_top_region_hysteresis_partial_rebalance_turnover_control_v0,20B_P4_TURNCTL_v0,0.0212920604186,-0.00453220789113
F_MIX403030_XD6_R050_CNONE,2025-09,gross_shadow,2025-09-30,11655150,11461826,-0.0165870023123,True,20B_P4_top_region_hysteresis_partial_rebalance_turnover_control_v0,20B_P4_TURNCTL_v0,-0.0146549819574,0.00193202035485
F_MIX403030_XD6_R050_CNONE,2025-09,reference_net,2025-09-30,11625925.3719,11430445.5261,-0.0168141321699,True,20B_P4_top_region_hysteresis_partial_rebalance_turnover_control_v0,20B_P4_TURNCTL_v0,-0.0148953122943,0.0019188198756
F_MIX403030_XD6_R050_CNONE,2025-10,gross_shadow,2025-10-31,11461826,11687620,0.0196996534409,False,20B_P4_top_region_hysteresis_partial_rebalance_turnover_control_v0,20B_P4_TURNCTL_v0,0.0176421257991,-0.00205752764177
F_MIX403030_XD6_R050_CNONE,2025-10,reference_net,2025-10-31,11430445.5261,11654255.1628,0.0195801323955,False,20B_P4_top_region_hysteresis_partial_rebalance_turnover_control_v0,20B_P4_TURNCTL_v0,0.017504769152,-0.00207536324349
F_MIX403030_XD6_R050_CNONE,2025-11,gross_shadow,2025-11-28,11687620,11554788,-0.0113651881221,False,20B_P4_top_region_hysteresis_partial_rebalance_turnover_control_v0,20B_P4_TURNCTL_v0,-0.00968857869009,0.00167660943204
F_MIX403030_XD6_R050_CNONE,2025-11,reference_net,2025-11-28,11654255.1628,11518671.142,-0.0116338641034,False,20B_P4_top_region_hysteresis_partial_rebalance_turnover_control_v0,20B_P4_TURNCTL_v0,-0.00995710204626,0.00167676205711
F_MIX403030_XD6_R050_CNONE,2025-12,gross_shadow,2025-12-31,11554788,11741322,0.0161434376814,False,20B_P4_top_region_hysteresis_partial_rebalance_turnover_control_v0,20B_P4_TURNCTL_v0,0.0171802536106,0.00103681592915
F_MIX403030_XD6_R050_CNONE,2025-12,reference_net,2025-12-31,11518671.142,11702877.204,0.015991954254,False,20B_P4_top_region_hysteresis_partial_rebalance_turnover_control_v0,20B_P4_TURNCTL_v0,0.0170218081883,0.00102985393427
F_MIX403030_XD6_R050_CNONE,2026-01,gross_shadow,2026-01-30,11741322,11974322,0.0198444434111,False,20B_P4_top_region_hysteresis_partial_rebalance_turnover_control_v0,20B_P4_TURNCTL_v0,0.0150287676854,-0.00481567572568
F_MIX403030_XD6_R050_CNONE,2026-01,reference_net,2026-01-30,11702877.204,11933467.231,0.0197037038833,False,20B_P4_top_region_hysteresis_partial_rebalance_turnover_control_v0,20B_P4_TURNCTL_v0,0.0148684959055,-0.00483520797781
F_MIX403030_XD6_R050_CNONE,2026-02,gross_shadow,2026-02-27,11974322,12192105,0.0181875015554,False,20B_P4_top_region_hysteresis_partial_rebalance_turnover_control_v0,20B_P4_TURNCTL_v0,0.020391049042,0.00220354748662
F_MIX403030_XD6_R050_CNONE,2026-02,reference_net,2026-02-27,11933467.231,12148398.6537,0.0180108109831,False,20B_P4_top_region_hysteresis_partial_rebalance_turnover_control_v0,20B_P4_TURNCTL_v0,0.0202325528075,0.00222174182439
F_MIX403030_XD6_R050_CNONE,2026-03,gross_shadow,2026-03-31,12192105,11907815,-0.0233175485283,False,20B_P4_top_region_hysteresis_partial_rebalance_turnover_control_v0,20B_P4_TURNCTL_v0,-0.0159986324444,0.00731891608393
F_MIX403030_XD6_R050_CNONE,2026-03,reference_net,2026-03-31,12148398.6537,11861786.4667,-0.0235925898656,False,20B_P4_top_region_hysteresis_partial_rebalance_turnover_control_v0,20B_P4_TURNCTL_v0,-0.0162685275383,0.00732406232733
F_MIX403030_XD6_R050_CNONE,2026-04,gross_shadow,2026-04-30,11907815,12113913,0.0173077932433,True,20B_P4_top_region_hysteresis_partial_rebalance_turnover_control_v0,20B_P4_TURNCTL_v0,0.0130737020465,-0.00423409119686
F_MIX403030_XD6_R050_CNONE,2026-04,reference_net,2026-04-30,11861786.4667,12064911.5193,0.0171243221382,True,20B_P4_top_region_hysteresis_partial_rebalance_turnover_control_v0,20B_P4_TURNCTL_v0,0.0128697478741,-0.00425457426411
F_MIX403030_XD6_R100_C020,2024-08,gross_shadow,2024-08-30,10000000,9667461,-0.0332539,False,20B_P4_top_region_hysteresis_partial_rebalance_turnover_control_v0,20B_P4_TURNCTL_v0,-0.0332539,0
F_MIX403030_XD6_R100_C020,2024-08,reference_net,2024-08-30,10000000,9659999.0084,-0.03400009916,False,20B_P4_top_region_hysteresis_partial_rebalance_turnover_control_v0,20B_P4_TURNCTL_v0,-0.03400009916,0
F_MIX403030_XD6_R100_C020,2024-09,gross_shadow,2024-09-30,9667461,11388576,0.178031750012,False,20B_P4_top_region_hysteresis_partial_rebalance_turnover_control_v0,20B_P4_TURNCTL_v0,0.158862601049,-0.0191691489627
F_MIX403030_XD6_R100_C020,2024-09,reference_net,2024-09-30,9659999.0084,11377226.351,0.177766823896,False,20B_P4_top_region_hysteresis_partial_rebalance_turnover_control_v0,20B_P4_TURNCTL_v0,0.158765209196,-0.0190016147
F_MIX403030_XD6_R100_C020,2024-10,gross_shadow,2024-10-31,11388576,10901557,-0.0427638187601,True,20B_P4_top_region_hysteresis_partial_rebalance_turnover_control_v0,20B_P4_TURNCTL_v0,-0.0417565103154,0.0010073084447
F_MIX403030_XD6_R100_C020,2024-10,reference_net,2024-10-31,11377226.351,10886199.9631,-0.0431587078206,True,20B_P4_top_region_hysteresis_partial_rebalance_turnover_control_v0,20B_P4_TURNCTL_v0,-0.0419999329509,0.00115877486971
F_MIX403030_XD6_R100_C020,2024-11,gross_shadow,2024-11-29,10901557,10999761,0.00900825450897,False,20B_P4_top_region_hysteresis_partial_rebalance_turnover_control_v0,20B_P4_TURNCTL_v0,0.00743434136436,-0.00157391314461
F_MIX403030_XD6_R100_C020,2024-11,reference_net,2024-11-29,10886199.9631,10981724.5903,0.00877483672761,False,20B_P4_top_region_hysteresis_partial_rebalance_turnover_control_v0,20B_P4_TURNCTL_v0,0.00728422719772,-0.00149060952988
F_MIX403030_XD6_R100_C020,2024-12,gross_shadow,2024-12-31,10999761,11250569,0.0228012226811,False,20B_P4_top_region_hysteresis_partial_rebalance_turnover_control_v0,20B_P4_TURNCTL_v0,0.023651486543,0.00085026386184
F_MIX403030_XD6_R100_C020,2024-12,reference_net,2024-12-31,10981724.5903,11228994.1989,0.0225164641952,False,20B_P4_top_region_hysteresis_partial_rebalance_turnover_control_v0,20B_P4_TURNCTL_v0,0.0235057852708,0.000989321075548
F_MIX403030_XD6_R100_C020,2025-01,gross_shadow,2025-01-27,11250569,10901524,-0.0310246530642,False,20B_P4_top_region_hysteresis_partial_rebalance_turnover_control_v0,20B_P4_TURNCTL_v0,-0.0159349720686,0.0150896809956
F_MIX403030_XD6_R100_C020,2025-01,reference_net,2025-01-27,11228994.1989,10876946.1505,-0.0313516991927,False,20B_P4_top_region_hysteresis_partial_rebalance_turnover_control_v0,20B_P4_TURNCTL_v0,-0.0161371317804,0.0152145674123
F_MIX403030_XD6_R100_C020,2025-02,gross_shadow,2025-02-28,10901524,10793396,-0.00991861321408,True,20B_P4_top_region_hysteresis_partial_rebalance_turnover_control_v0,20B_P4_TURNCTL_v0,-0.0079087507335,0.00200986248058
F_MIX403030_XD6_R100_C020,2025-02,reference_net,2025-02-28,10876946.1505,10765470.1702,-0.0102488307626,True,20B_P4_top_region_hysteresis_partial_rebalance_turnover_control_v0,20B_P4_TURNCTL_v0,-0.00809581661659,0.00215301414596
F_MIX403030_XD6_R100_C020,2025-03,gross_shadow,2025-03-31,10793396,10912493,0.0110342472378,False,20B_P4_top_region_hysteresis_partial_rebalance_turnover_control_v0,20B_P4_TURNCTL_v0,0.0133980936076,0.00236384636978
F_MIX403030_XD6_R100_C020,2025-03,reference_net,2025-03-31,10765470.1702,10880770.4741,0.0107101967752,False,20B_P4_top_region_hysteresis_partial_rebalance_turnover_control_v0,20B_P4_TURNCTL_v0,0.0132233978829,0.00251320110769
F_MIX403030_XD6_R100_C020,2025-04,gross_shadow,2025-04-30,10912493,10703881,-0.0191168049317,False,20B_P4_top_region_hysteresis_partial_rebalance_turnover_control_v0,20B_P4_TURNCTL_v0,-0.0157743458108,0.00334245912097
F_MIX403030_XD6_R100_C020,2025-04,reference_net,2025-04-30,10880770.4741,10668342.3983,-0.0195232567717,False,20B_P4_top_region_hysteresis_partial_rebalance_turnover_control_v0,20B_P4_TURNCTL_v0,-0.0159994675217,0.00352378924998
F_MIX403030_XD6_R100_C020,2025-05,gross_shadow,2025-05-30,10703881,11041382,0.031530713019,False,20B_P4_top_region_hysteresis_partial_rebalance_turnover_control_v0,20B_P4_TURNCTL_v0,0.0218567581682,-0.00967395485074
F_MIX403030_XD6_R100_C020,2025-05,reference_net,2025-05-30,10668342.3983,11002283.5536,0.0313020657646,False,20B_P4_top_region_hysteresis_partial_rebalance_turnover_control_v0,20B_P4_TURNCTL_v0,0.021723831916,-0.00957823384862
F_MIX403030_XD6_R100_C020,2025-06,gross_shadow,2025-06-30,11041382,11324499,0.0256414459712,False,20B_P4_top_region_hysteresis_partial_rebalance_turnover_control_v0,20B_P4_TURNCTL_v0,0.0120373412204,-0.0136041047507
F_MIX403030_XD6_R100_C020,2025-06,reference_net,2025-06-30,11002283.5536,11281991.0584,0.025422677343,False,20B_P4_top_region_hysteresis_partial_rebalance_turnover_control_v0,20B_P4_TURNCTL_v0,0.0118812499438,-0.0135414273992
F_MIX403030_XD6_R100_C020,2025-07,gross_shadow,2025-07-31,11324499,11624784,0.0265164048317,False,20B_P4_top_region_hysteresis_partial_rebalance_turnover_control_v0,20B_P4_TURNCTL_v0,0.0159705014252,-0.0105459034065
F_MIX403030_XD6_R100_C020,2025-07,reference_net,2025-07-31,11281991.0584,11578768.6905,0.0263054305302,False,20B_P4_top_region_hysteresis_partial_rebalance_turnover_control_v0,20B_P4_TURNCTL_v0,0.0158245945545,-0.0104808359758
F_MIX403030_XD6_R100_C020,2025-08,gross_shadow,2025-08-29,11624784,12153943,0.0455198995525,True,20B_P4_top_region_hysteresis_partial_rebalance_turnover_control_v0,20B_P4_TURNCTL_v0,0.0214107382381,-0.0241091613145
F_MIX403030_XD6_R100_C020,2025-08,reference_net,2025-08-29,11578768.6905,12103756.5872,0.0453405634722,True,20B_P4_top_region_hysteresis_partial_rebalance_turnover_control_v0,20B_P4_TURNCTL_v0,0.0212920604186,-0.0240485030536
F_MIX403030_XD6_R100_C020,2025-09,gross_shadow,2025-09-30,12153943,12015157,-0.0114190102751,True,20B_P4_top_region_hysteresis_partial_rebalance_turnover_control_v0,20B_P4_TURNCTL_v0,-0.0146549819574,-0.00323597168233
F_MIX403030_XD6_R100_C020,2025-09,reference_net,2025-09-30,12103756.5872,11960411.989,-0.0118429842138,True,20B_P4_top_region_hysteresis_partial_rebalance_turnover_control_v0,20B_P4_TURNCTL_v0,-0.0148953122943,-0.00305232808051
F_MIX403030_XD6_R100_C020,2025-10,gross_shadow,2025-10-31,12015157,12254505,0.0199205054083,False,20B_P4_top_region_hysteresis_partial_rebalance_turnover_control_v0,20B_P4_TURNCTL_v0,0.0176421257991,-0.00227837960915
F_MIX403030_XD6_R100_C020,2025-10,reference_net,2025-10-31,11960411.989,12195379.0551,0.0196453990336,False,20B_P4_top_region_hysteresis_partial_rebalance_turnover_control_v0,20B_P4_TURNCTL_v0,0.017504769152,-0.00214062988155
F_MIX403030_XD6_R100_C020,2025-11,gross_shadow,2025-11-28,12254505,12078953,-0.0143255072318,False,20B_P4_top_region_hysteresis_partial_rebalance_turnover_control_v0,20B_P4_TURNCTL_v0,-0.00968857869009,0.00463692854174
F_MIX403030_XD6_R100_C020,2025-11,reference_net,2025-11-28,12195379.0551,12016073.5572,-0.0147027408586,False,20B_P4_top_region_hysteresis_partial_rebalance_turnover_control_v0,20B_P4_TURNCTL_v0,-0.00995710204626,0.00474563881233
F_MIX403030_XD6_R100_C020,2025-12,gross_shadow,2025-12-31,12078953,12305963,0.0187938474469,False,20B_P4_top_region_hysteresis_partial_rebalance_turnover_control_v0,20B_P4_TURNCTL_v0,0.0171802536106,-0.0016135938363
F_MIX403030_XD6_R100_C020,2025-12,reference_net,2025-12-31,12016073.5572,12240158.8673,0.0186487964652,False,20B_P4_top_region_hysteresis_partial_rebalance_turnover_control_v0,20B_P4_TURNCTL_v0,0.0170218081883,-0.00162698827697
F_MIX403030_XD6_R100_C020,2026-01,gross_shadow,2026-01-30,12305963,12448528,0.0115850340197,False,20B_P4_top_region_hysteresis_partial_rebalance_turnover_control_v0,20B_P4_TURNCTL_v0,0.0150287676854,0.00344373366569
F_MIX403030_XD6_R100_C020,2026-01,reference_net,2026-01-30,12240158.8673,12379863.0826,0.0114135949422,False,20B_P4_top_region_hysteresis_partial_rebalance_turnover_control_v0,20B_P4_TURNCTL_v0,0.0148684959055,0.00345490096326
F_MIX403030_XD6_R100_C020,2026-02,gross_shadow,2026-02-27,12448528,12685877,0.0190664309869,False,20B_P4_top_region_hysteresis_partial_rebalance_turnover_control_v0,20B_P4_TURNCTL_v0,0.020391049042,0.00132461805517
F_MIX403030_XD6_R100_C020,2026-02,reference_net,2026-02-27,12379863.0826,12614532.4977,0.018955735899,False,20B_P4_top_region_hysteresis_partial_rebalance_turnover_control_v0,20B_P4_TURNCTL_v0,0.0202325528075,0.00127681690848
F_MIX403030_XD6_R100_C020,2026-03,gross_shadow,2026-03-31,12685877,12404346,-0.0221924743555,False,20B_P4_top_region_hysteresis_partial_rebalance_turnover_control_v0,20B_P4_TURNCTL_v0,-0.0159986324444,0.00619384191114
F_MIX403030_XD6_R100_C020,2026-03,reference_net,2026-03-31,12614532.4977,12330524.4357,-0.0225143549332,False,20B_P4_top_region_hysteresis_partial_rebalance_turnover_control_v0,20B_P4_TURNCTL_v0,-0.0162685275383,0.00624582739493
F_MIX403030_XD6_R100_C020,2026-04,gross_shadow,2026-04-30,12404346,12453965,0.00400013027692,True,20B_P4_top_region_hysteresis_partial_rebalance_turnover_control_v0,20B_P4_TURNCTL_v0,0.0130737020465,0.00907357176956
F_MIX403030_XD6_R100_C020,2026-04,reference_net,2026-04-30,12330524.4357,12377500.6596,0.00380975068294,True,20B_P4_top_region_hysteresis_partial_rebalance_turnover_control_v0,20B_P4_TURNCTL_v0,0.0128697478741,0.00905999719112
F_MIX403030_XD6_R100_C030,2024-08,gross_shadow,2024-08-30,10000000,9667461,-0.0332539,False,20B_P4_top_region_hysteresis_partial_rebalance_turnover_control_v0,20B_P4_TURNCTL_v0,-0.0332539,0
F_MIX403030_XD6_R100_C030,2024-08,reference_net,2024-08-30,10000000,9659999.0084,-0.03400009916,False,20B_P4_top_region_hysteresis_partial_rebalance_turnover_control_v0,20B_P4_TURNCTL_v0,-0.03400009916,0
F_MIX403030_XD6_R100_C030,2024-09,gross_shadow,2024-09-30,9667461,11390002,0.178179255132,False,20B_P4_top_region_hysteresis_partial_rebalance_turnover_control_v0,20B_P4_TURNCTL_v0,0.158862601049,-0.0193166540832
F_MIX403030_XD6_R100_C030,2024-09,reference_net,2024-09-30,9659999.0084,11378647.2845,0.177913918476,False,20B_P4_top_region_hysteresis_partial_rebalance_turnover_control_v0,20B_P4_TURNCTL_v0,0.158765209196,-0.0191487092803
F_MIX403030_XD6_R100_C030,2024-10,gross_shadow,2024-10-31,11390002,10821663,-0.0498980597194,True,20B_P4_top_region_hysteresis_partial_rebalance_turnover_control_v0,20B_P4_TURNCTL_v0,-0.0417565103154,0.00814154940396
F_MIX403030_XD6_R100_C030,2024-10,reference_net,2024-10-31,11378647.2845,10805765.2835,-0.0503471095112,True,20B_P4_top_region_hysteresis_partial_rebalance_turnover_control_v0,20B_P4_TURNCTL_v0,-0.0419999329509,0.0083471765603
F_MIX403030_XD6_R100_C030,2024-11,gross_shadow,2024-11-29,10821663,10914670,0.00859452008439,False,20B_P4_top_region_hysteresis_partial_rebalance_turnover_control_v0,20B_P4_TURNCTL_v0,0.00743434136436,-0.00116017872003
F_MIX403030_XD6_R100_C030,2024-11,reference_net,2024-11-29,10805765.2835,10895658.6273,0.00831901687305,False,20B_P4_top_region_hysteresis_partial_rebalance_turnover_control_v0,20B_P4_TURNCTL_v0,0.00728422719772,-0.00103478967533
F_MIX403030_XD6_R100_C030,2024-12,gross_shadow,2024-12-31,10914670,11248230,0.0305607040799,False,20B_P4_top_region_hysteresis_partial_rebalance_turnover_control_v0,20B_P4_TURNCTL_v0,0.023651486543,-0.00690921753697
F_MIX403030_XD6_R100_C030,2024-12,reference_net,2024-12-31,10895658.6273,11225855.3654,0.0303053490767,False,20B_P4_top_region_hysteresis_partial_rebalance_turnover_control_v0,20B_P4_TURNCTL_v0,0.0235057852708,-0.00679956380596
F_MIX403030_XD6_R100_C030,2025-01,gross_shadow,2025-01-27,11248230,10952847,-0.0262603983027,False,20B_P4_top_region_hysteresis_partial_rebalance_turnover_control_v0,20B_P4_TURNCTL_v0,-0.0159349720686,0.0103254262341
F_MIX403030_XD6_R100_C030,2025-01,reference_net,2025-01-27,11225855.3654,10927247.3835,-0.0266000204146,False,20B_P4_top_region_hysteresis_partial_rebalance_turnover_control_v0,20B_P4_TURNCTL_v0,-0.0161371317804,0.0104628886341
F_MIX403030_XD6_R100_C030,2025-02,gross_shadow,2025-02-28,10952847,10826199,-0.0115630210118,True,20B_P4_top_region_hysteresis_partial_rebalance_turnover_control_v0,20B_P4_TURNCTL_v0,-0.0079087507335,0.00365427027829
F_MIX403030_XD6_R100_C030,2025-02,reference_net,2025-02-28,10927247.3835,10797835.1931,-0.0118430731792,True,20B_P4_top_region_hysteresis_partial_rebalance_turnover_control_v0,20B_P4_TURNCTL_v0,-0.00809581661659,0.00374725656262
F_MIX403030_XD6_R100_C030,2025-03,gross_shadow,2025-03-31,10826199,10989124,0.0150491414392,False,20B_P4_top_region_hysteresis_partial_rebalance_turnover_control_v0,20B_P4_TURNCTL_v0,0.0133980936076,-0.00165104783158
F_MIX403030_XD6_R100_C030,2025-03,reference_net,2025-03-31,10797835.1931,10956885.1002,0.0147297957642,False,20B_P4_top_region_hysteresis_partial_rebalance_turnover_control_v0,20B_P4_TURNCTL_v0,0.0132233978829,-0.00150639788139
F_MIX403030_XD6_R100_C030,2025-04,gross_shadow,2025-04-30,10989124,10804419,-0.0168079821467,False,20B_P4_top_region_hysteresis_partial_rebalance_turnover_control_v0,20B_P4_TURNCTL_v0,-0.0157743458108,0.00103363633594
F_MIX403030_XD6_R100_C030,2025-04,reference_net,2025-04-30,10956885.1002,10767890.6699,-0.0172489196119,False,20B_P4_top_region_hysteresis_partial_rebalance_turnover_control_v0,20B_P4_TURNCTL_v0,-0.0159994675217,0.0012494520902
F_MIX403030_XD6_R100_C030,2025-05,gross_shadow,2025-05-30,10804419,11140997,0.0311518833174,False,20B_P4_top_region_hysteresis_partial_rebalance_turnover_control_v0,20B_P4_TURNCTL_v0,0.0218567581682,-0.00929512514916
F_MIX403030_XD6_R100_C030,2025-05,reference_net,2025-05-30,10767890.6699,11100949.6256,0.0309307519895,False,20B_P4_top_region_hysteresis_partial_rebalance_turnover_control_v0,20B_P4_TURNCTL_v0,0.021723831916,-0.00920692007347
F_MIX403030_XD6_R100_C030,2025-06,gross_shadow,2025-06-30,11140997,11416955,0.0247695964733,False,20B_P4_top_region_hysteresis_partial_rebalance_turnover_control_v0,20B_P4_TURNCTL_v0,0.0120373412204,-0.0127322552528
F_MIX403030_XD6_R100_C030,2025-06,reference_net,2025-06-30,11100949.6256,11373414.9853,0.0245443289825,False,20B_P4_top_region_hysteresis_partial_rebalance_turnover_control_v0,20B_P4_TURNCTL_v0,0.0118812499438,-0.0126630790387
F_MIX403030_XD6_R100_C030,2025-07,gross_shadow,2025-07-31,11416955,11728472,0.0272854714764,False,20B_P4_top_region_hysteresis_partial_rebalance_turnover_control_v0,20B_P4_TURNCTL_v0,0.0159705014252,-0.0113149700512
F_MIX403030_XD6_R100_C030,2025-07,reference_net,2025-07-31,11373414.9853,11681367.2219,0.0270764969922,False,20B_P4_top_region_hysteresis_partial_rebalance_turnover_control_v0,20B_P4_TURNCTL_v0,0.0158245945545,-0.0112519024378
F_MIX403030_XD6_R100_C030,2025-08,gross_shadow,2025-08-29,11728472,12266189,0.0458471487164,True,20B_P4_top_region_hysteresis_partial_rebalance_turnover_control_v0,20B_P4_TURNCTL_v0,0.0214107382381,-0.0244364104783
F_MIX403030_XD6_R100_C030,2025-08,reference_net,2025-08-29,11681367.2219,12214848.1488,0.0456693909853,True,20B_P4_top_region_hysteresis_partial_rebalance_turnover_control_v0,20B_P4_TURNCTL_v0,0.0212920604186,-0.0243773305666
F_MIX403030_XD6_R100_C030,2025-09,gross_shadow,2025-09-30,12266189,12130375,-0.0110722246331,True,20B_P4_top_region_hysteresis_partial_rebalance_turnover_control_v0,20B_P4_TURNCTL_v0,-0.0146549819574,-0.00358275732434
F_MIX403030_XD6_R100_C030,2025-09,reference_net,2025-09-30,12214848.1488,12074437.3036,-0.0114950954346,True,20B_P4_top_region_hysteresis_partial_rebalance_turnover_control_v0,20B_P4_TURNCTL_v0,-0.0148953122943,-0.00340021685969
F_MIX403030_XD6_R100_C030,2025-10,gross_shadow,2025-10-31,12130375,12372010,0.019919829354,False,20B_P4_top_region_hysteresis_partial_rebalance_turnover_control_v0,20B_P4_TURNCTL_v0,0.0176421257991,-0.00227770355486
F_MIX403030_XD6_R100_C030,2025-10,reference_net,2025-10-31,12074437.3036,12311483.0458,0.0196320322156,False,20B_P4_top_region_hysteresis_partial_rebalance_turnover_control_v0,20B_P4_TURNCTL_v0,0.017504769152,-0.00212726306359
F_MIX403030_XD6_R100_C030,2025-11,gross_shadow,2025-11-28,12372010,12104153,-0.0216502411492,False,20B_P4_top_region_hysteresis_partial_rebalance_turnover_control_v0,20B_P4_TURNCTL_v0,-0.00968857869009,0.0119616624591
F_MIX403030_XD6_R100_C030,2025-11,reference_net,2025-11-28,12311483.0458,12036532.371,-0.0223328638612,False,20B_P4_top_region_hysteresis_partial_rebalance_turnover_control_v0,20B_P4_TURNCTL_v0,-0.00995710204626,0.0123757618149
F_MIX403030_XD6_R100_C030,2025-12,gross_shadow,2025-12-31,12104153,12564685,0.0380474371069,False,20B_P4_top_region_hysteresis_partial_rebalance_turnover_control_v0,20B_P4_TURNCTL_v0,0.0171802536106,-0.0208671834963
F_MIX403030_XD6_R100_C030,2025-12,reference_net,2025-12-31,12036532.371,12492335.8099,0.037868334906,False,20B_P4_top_region_hysteresis_partial_rebalance_turnover_control_v0,20B_P4_TURNCTL_v0,0.0170218081883,-0.0208465267177
F_MIX403030_XD6_R100_C030,2026-01,gross_shadow,2026-01-30,12564685,13201755,0.0507032209721,False,20B_P4_top_region_hysteresis_partial_rebalance_turnover_control_v0,20B_P4_TURNCTL_v0,0.0150287676854,-0.0356744532867
F_MIX403030_XD6_R100_C030,2026-01,reference_net,2026-01-30,12492335.8099,13123436.9732,0.0505190680818,False,20B_P4_top_region_hysteresis_partial_rebalance_turnover_control_v0,20B_P4_TURNCTL_v0,0.0148684959055,-0.0356505721763
F_MIX403030_XD6_R100_C030,2026-02,gross_shadow,2026-02-27,13201755,13731657,0.0401387542793,False,20B_P4_top_region_hysteresis_partial_rebalance_turnover_control_v0,20B_P4_TURNCTL_v0,0.020391049042,-0.0197477052372
F_MIX403030_XD6_R100_C030,2026-02,reference_net,2026-02-27,13123436.9732,13646072.3638,0.039824581904,False,20B_P4_top_region_hysteresis_partial_rebalance_turnover_control_v0,20B_P4_TURNCTL_v0,0.0202325528075,-0.0195920290965
F_MIX403030_XD6_R100_C030,2026-03,gross_shadow,2026-03-31,13731657,13108106,-0.0454097418833,False,20B_P4_top_region_hysteresis_partial_rebalance_turnover_control_v0,20B_P4_TURNCTL_v0,-0.0159986324444,0.0294111094389
F_MIX403030_XD6_R100_C030,2026-03,reference_net,2026-03-31,13646072.3638,13017050.1558,-0.0460954764999,False,20B_P4_top_region_hysteresis_partial_rebalance_turnover_control_v0,20B_P4_TURNCTL_v0,-0.0162685275383,0.0298269489616
F_MIX403030_XD6_R100_C030,2026-04,gross_shadow,2026-04-30,13108106,13386925,0.0212707312559,True,20B_P4_top_region_hysteresis_partial_rebalance_turnover_control_v0,20B_P4_TURNCTL_v0,0.0130737020465,-0.00819702920943
F_MIX403030_XD6_R100_C030,2026-04,reference_net,2026-04-30,13017050.1558,13290034.0624,0.0209712571867,True,20B_P4_top_region_hysteresis_partial_rebalance_turnover_control_v0,20B_P4_TURNCTL_v0,0.0128697478741,-0.00810150931266
F_MIX403030_XD6_R100_C040,2024-08,gross_shadow,2024-08-30,10000000,9667461,-0.0332539,False,20B_P4_top_region_hysteresis_partial_rebalance_turnover_control_v0,20B_P4_TURNCTL_v0,-0.0332539,0
F_MIX403030_XD6_R100_C040,2024-08,reference_net,2024-08-30,10000000,9659999.0084,-0.03400009916,False,20B_P4_top_region_hysteresis_partial_rebalance_turnover_control_v0,20B_P4_TURNCTL_v0,-0.03400009916,0
F_MIX403030_XD6_R100_C040,2024-09,gross_shadow,2024-09-30,9667461,11390002,0.178179255132,False,20B_P4_top_region_hysteresis_partial_rebalance_turnover_control_v0,20B_P4_TURNCTL_v0,0.158862601049,-0.0193166540832
F_MIX403030_XD6_R100_C040,2024-09,reference_net,2024-09-30,9659999.0084,11378647.2845,0.177913918476,False,20B_P4_top_region_hysteresis_partial_rebalance_turnover_control_v0,20B_P4_TURNCTL_v0,0.158765209196,-0.0191487092803
F_MIX403030_XD6_R100_C040,2024-10,gross_shadow,2024-10-31,11390002,10821663,-0.0498980597194,True,20B_P4_top_region_hysteresis_partial_rebalance_turnover_control_v0,20B_P4_TURNCTL_v0,-0.0417565103154,0.00814154940396
F_MIX403030_XD6_R100_C040,2024-10,reference_net,2024-10-31,11378647.2845,10805765.2835,-0.0503471095112,True,20B_P4_top_region_hysteresis_partial_rebalance_turnover_control_v0,20B_P4_TURNCTL_v0,-0.0419999329509,0.0083471765603
F_MIX403030_XD6_R100_C040,2024-11,gross_shadow,2024-11-29,10821663,10914670,0.00859452008439,False,20B_P4_top_region_hysteresis_partial_rebalance_turnover_control_v0,20B_P4_TURNCTL_v0,0.00743434136436,-0.00116017872003
F_MIX403030_XD6_R100_C040,2024-11,reference_net,2024-11-29,10805765.2835,10895658.6273,0.00831901687305,False,20B_P4_top_region_hysteresis_partial_rebalance_turnover_control_v0,20B_P4_TURNCTL_v0,0.00728422719772,-0.00103478967533
F_MIX403030_XD6_R100_C040,2024-12,gross_shadow,2024-12-31,10914670,11248230,0.0305607040799,False,20B_P4_top_region_hysteresis_partial_rebalance_turnover_control_v0,20B_P4_TURNCTL_v0,0.023651486543,-0.00690921753697
F_MIX403030_XD6_R100_C040,2024-12,reference_net,2024-12-31,10895658.6273,11225855.3654,0.0303053490767,False,20B_P4_top_region_hysteresis_partial_rebalance_turnover_control_v0,20B_P4_TURNCTL_v0,0.0235057852708,-0.00679956380596
F_MIX403030_XD6_R100_C040,2025-01,gross_shadow,2025-01-27,11248230,10952847,-0.0262603983027,False,20B_P4_top_region_hysteresis_partial_rebalance_turnover_control_v0,20B_P4_TURNCTL_v0,-0.0159349720686,0.0103254262341
F_MIX403030_XD6_R100_C040,2025-01,reference_net,2025-01-27,11225855.3654,10927247.3835,-0.0266000204146,False,20B_P4_top_region_hysteresis_partial_rebalance_turnover_control_v0,20B_P4_TURNCTL_v0,-0.0161371317804,0.0104628886341
F_MIX403030_XD6_R100_C040,2025-02,gross_shadow,2025-02-28,10952847,10826199,-0.0115630210118,True,20B_P4_top_region_hysteresis_partial_rebalance_turnover_control_v0,20B_P4_TURNCTL_v0,-0.0079087507335,0.00365427027829
F_MIX403030_XD6_R100_C040,2025-02,reference_net,2025-02-28,10927247.3835,10797835.1931,-0.0118430731792,True,20B_P4_top_region_hysteresis_partial_rebalance_turnover_control_v0,20B_P4_TURNCTL_v0,-0.00809581661659,0.00374725656262
F_MIX403030_XD6_R100_C040,2025-03,gross_shadow,2025-03-31,10826199,10989124,0.0150491414392,False,20B_P4_top_region_hysteresis_partial_rebalance_turnover_control_v0,20B_P4_TURNCTL_v0,0.0133980936076,-0.00165104783158
F_MIX403030_XD6_R100_C040,2025-03,reference_net,2025-03-31,10797835.1931,10956885.1002,0.0147297957642,False,20B_P4_top_region_hysteresis_partial_rebalance_turnover_control_v0,20B_P4_TURNCTL_v0,0.0132233978829,-0.00150639788139
F_MIX403030_XD6_R100_C040,2025-04,gross_shadow,2025-04-30,10989124,10804419,-0.0168079821467,False,20B_P4_top_region_hysteresis_partial_rebalance_turnover_control_v0,20B_P4_TURNCTL_v0,-0.0157743458108,0.00103363633594
F_MIX403030_XD6_R100_C040,2025-04,reference_net,2025-04-30,10956885.1002,10767890.6699,-0.0172489196119,False,20B_P4_top_region_hysteresis_partial_rebalance_turnover_control_v0,20B_P4_TURNCTL_v0,-0.0159994675217,0.0012494520902
F_MIX403030_XD6_R100_C040,2025-05,gross_shadow,2025-05-30,10804419,11140997,0.0311518833174,False,20B_P4_top_region_hysteresis_partial_rebalance_turnover_control_v0,20B_P4_TURNCTL_v0,0.0218567581682,-0.00929512514916
F_MIX403030_XD6_R100_C040,2025-05,reference_net,2025-05-30,10767890.6699,11100949.6256,0.0309307519895,False,20B_P4_top_region_hysteresis_partial_rebalance_turnover_control_v0,20B_P4_TURNCTL_v0,0.021723831916,-0.00920692007347
F_MIX403030_XD6_R100_C040,2025-06,gross_shadow,2025-06-30,11140997,11416955,0.0247695964733,False,20B_P4_top_region_hysteresis_partial_rebalance_turnover_control_v0,20B_P4_TURNCTL_v0,0.0120373412204,-0.0127322552528
F_MIX403030_XD6_R100_C040,2025-06,reference_net,2025-06-30,11100949.6256,11373414.9853,0.0245443289825,False,20B_P4_top_region_hysteresis_partial_rebalance_turnover_control_v0,20B_P4_TURNCTL_v0,0.0118812499438,-0.0126630790387
F_MIX403030_XD6_R100_C040,2025-07,gross_shadow,2025-07-31,11416955,11728472,0.0272854714764,False,20B_P4_top_region_hysteresis_partial_rebalance_turnover_control_v0,20B_P4_TURNCTL_v0,0.0159705014252,-0.0113149700512
F_MIX403030_XD6_R100_C040,2025-07,reference_net,2025-07-31,11373414.9853,11681367.2219,0.0270764969922,False,20B_P4_top_region_hysteresis_partial_rebalance_turnover_control_v0,20B_P4_TURNCTL_v0,0.0158245945545,-0.0112519024378
F_MIX403030_XD6_R100_C040,2025-08,gross_shadow,2025-08-29,11728472,12266189,0.0458471487164,True,20B_P4_top_region_hysteresis_partial_rebalance_turnover_control_v0,20B_P4_TURNCTL_v0,0.0214107382381,-0.0244364104783
F_MIX403030_XD6_R100_C040,2025-08,reference_net,2025-08-29,11681367.2219,12214848.1488,0.0456693909853,True,20B_P4_top_region_hysteresis_partial_rebalance_turnover_control_v0,20B_P4_TURNCTL_v0,0.0212920604186,-0.0243773305666
F_MIX403030_XD6_R100_C040,2025-09,gross_shadow,2025-09-30,12266189,12130375,-0.0110722246331,True,20B_P4_top_region_hysteresis_partial_rebalance_turnover_control_v0,20B_P4_TURNCTL_v0,-0.0146549819574,-0.00358275732434
F_MIX403030_XD6_R100_C040,2025-09,reference_net,2025-09-30,12214848.1488,12074437.3036,-0.0114950954346,True,20B_P4_top_region_hysteresis_partial_rebalance_turnover_control_v0,20B_P4_TURNCTL_v0,-0.0148953122943,-0.00340021685969
F_MIX403030_XD6_R100_C040,2025-10,gross_shadow,2025-10-31,12130375,12372010,0.019919829354,False,20B_P4_top_region_hysteresis_partial_rebalance_turnover_control_v0,20B_P4_TURNCTL_v0,0.0176421257991,-0.00227770355486
F_MIX403030_XD6_R100_C040,2025-10,reference_net,2025-10-31,12074437.3036,12311483.0458,0.0196320322156,False,20B_P4_top_region_hysteresis_partial_rebalance_turnover_control_v0,20B_P4_TURNCTL_v0,0.017504769152,-0.00212726306359
F_MIX403030_XD6_R100_C040,2025-11,gross_shadow,2025-11-28,12372010,12104153,-0.0216502411492,False,20B_P4_top_region_hysteresis_partial_rebalance_turnover_control_v0,20B_P4_TURNCTL_v0,-0.00968857869009,0.0119616624591
F_MIX403030_XD6_R100_C040,2025-11,reference_net,2025-11-28,12311483.0458,12036532.371,-0.0223328638612,False,20B_P4_top_region_hysteresis_partial_rebalance_turnover_control_v0,20B_P4_TURNCTL_v0,-0.00995710204626,0.0123757618149
F_MIX403030_XD6_R100_C040,2025-12,gross_shadow,2025-12-31,12104153,12564685,0.0380474371069,False,20B_P4_top_region_hysteresis_partial_rebalance_turnover_control_v0,20B_P4_TURNCTL_v0,0.0171802536106,-0.0208671834963
F_MIX403030_XD6_R100_C040,2025-12,reference_net,2025-12-31,12036532.371,12492335.8099,0.037868334906,False,20B_P4_top_region_hysteresis_partial_rebalance_turnover_control_v0,20B_P4_TURNCTL_v0,0.0170218081883,-0.0208465267177
F_MIX403030_XD6_R100_C040,2026-01,gross_shadow,2026-01-30,12564685,13201755,0.0507032209721,False,20B_P4_top_region_hysteresis_partial_rebalance_turnover_control_v0,20B_P4_TURNCTL_v0,0.0150287676854,-0.0356744532867
F_MIX403030_XD6_R100_C040,2026-01,reference_net,2026-01-30,12492335.8099,13123436.9732,0.0505190680818,False,20B_P4_top_region_hysteresis_partial_rebalance_turnover_control_v0,20B_P4_TURNCTL_v0,0.0148684959055,-0.0356505721763
F_MIX403030_XD6_R100_C040,2026-02,gross_shadow,2026-02-27,13201755,13731657,0.0401387542793,False,20B_P4_top_region_hysteresis_partial_rebalance_turnover_control_v0,20B_P4_TURNCTL_v0,0.020391049042,-0.0197477052372
F_MIX403030_XD6_R100_C040,2026-02,reference_net,2026-02-27,13123436.9732,13646072.3638,0.039824581904,False,20B_P4_top_region_hysteresis_partial_rebalance_turnover_control_v0,20B_P4_TURNCTL_v0,0.0202325528075,-0.0195920290965
F_MIX403030_XD6_R100_C040,2026-03,gross_shadow,2026-03-31,13731657,13108106,-0.0454097418833,False,20B_P4_top_region_hysteresis_partial_rebalance_turnover_control_v0,20B_P4_TURNCTL_v0,-0.0159986324444,0.0294111094389
F_MIX403030_XD6_R100_C040,2026-03,reference_net,2026-03-31,13646072.3638,13017050.1558,-0.0460954764999,False,20B_P4_top_region_hysteresis_partial_rebalance_turnover_control_v0,20B_P4_TURNCTL_v0,-0.0162685275383,0.0298269489616
F_MIX403030_XD6_R100_C040,2026-04,gross_shadow,2026-04-30,13108106,13589826,0.0367497791062,True,20B_P4_top_region_hysteresis_partial_rebalance_turnover_control_v0,20B_P4_TURNCTL_v0,0.0130737020465,-0.0236760770597
F_MIX403030_XD6_R100_C040,2026-04,reference_net,2026-04-30,13017050.1558,13490349.3964,0.0363599459904,True,20B_P4_top_region_hysteresis_partial_rebalance_turnover_control_v0,20B_P4_TURNCTL_v0,0.0128697478741,-0.0234901981164
F_MIX403030_XD6_R100_CNONE,2024-08,gross_shadow,2024-08-30,10000000,9667461,-0.0332539,False,20B_P4_top_region_hysteresis_partial_rebalance_turnover_control_v0,20B_P4_TURNCTL_v0,-0.0332539,0
F_MIX403030_XD6_R100_CNONE,2024-08,reference_net,2024-08-30,10000000,9659999.0084,-0.03400009916,False,20B_P4_top_region_hysteresis_partial_rebalance_turnover_control_v0,20B_P4_TURNCTL_v0,-0.03400009916,0
F_MIX403030_XD6_R100_CNONE,2024-09,gross_shadow,2024-09-30,9667461,11390002,0.178179255132,False,20B_P4_top_region_hysteresis_partial_rebalance_turnover_control_v0,20B_P4_TURNCTL_v0,0.158862601049,-0.0193166540832
F_MIX403030_XD6_R100_CNONE,2024-09,reference_net,2024-09-30,9659999.0084,11378647.2845,0.177913918476,False,20B_P4_top_region_hysteresis_partial_rebalance_turnover_control_v0,20B_P4_TURNCTL_v0,0.158765209196,-0.0191487092803
F_MIX403030_XD6_R100_CNONE,2024-10,gross_shadow,2024-10-31,11390002,10821663,-0.0498980597194,True,20B_P4_top_region_hysteresis_partial_rebalance_turnover_control_v0,20B_P4_TURNCTL_v0,-0.0417565103154,0.00814154940396
F_MIX403030_XD6_R100_CNONE,2024-10,reference_net,2024-10-31,11378647.2845,10805765.2835,-0.0503471095112,True,20B_P4_top_region_hysteresis_partial_rebalance_turnover_control_v0,20B_P4_TURNCTL_v0,-0.0419999329509,0.0083471765603
F_MIX403030_XD6_R100_CNONE,2024-11,gross_shadow,2024-11-29,10821663,10914670,0.00859452008439,False,20B_P4_top_region_hysteresis_partial_rebalance_turnover_control_v0,20B_P4_TURNCTL_v0,0.00743434136436,-0.00116017872003
F_MIX403030_XD6_R100_CNONE,2024-11,reference_net,2024-11-29,10805765.2835,10895658.6273,0.00831901687305,False,20B_P4_top_region_hysteresis_partial_rebalance_turnover_control_v0,20B_P4_TURNCTL_v0,0.00728422719772,-0.00103478967533
F_MIX403030_XD6_R100_CNONE,2024-12,gross_shadow,2024-12-31,10914670,11248230,0.0305607040799,False,20B_P4_top_region_hysteresis_partial_rebalance_turnover_control_v0,20B_P4_TURNCTL_v0,0.023651486543,-0.00690921753697
F_MIX403030_XD6_R100_CNONE,2024-12,reference_net,2024-12-31,10895658.6273,11225855.3654,0.0303053490767,False,20B_P4_top_region_hysteresis_partial_rebalance_turnover_control_v0,20B_P4_TURNCTL_v0,0.0235057852708,-0.00679956380596
F_MIX403030_XD6_R100_CNONE,2025-01,gross_shadow,2025-01-27,11248230,10952847,-0.0262603983027,False,20B_P4_top_region_hysteresis_partial_rebalance_turnover_control_v0,20B_P4_TURNCTL_v0,-0.0159349720686,0.0103254262341
F_MIX403030_XD6_R100_CNONE,2025-01,reference_net,2025-01-27,11225855.3654,10927247.3835,-0.0266000204146,False,20B_P4_top_region_hysteresis_partial_rebalance_turnover_control_v0,20B_P4_TURNCTL_v0,-0.0161371317804,0.0104628886341
F_MIX403030_XD6_R100_CNONE,2025-02,gross_shadow,2025-02-28,10952847,10826199,-0.0115630210118,True,20B_P4_top_region_hysteresis_partial_rebalance_turnover_control_v0,20B_P4_TURNCTL_v0,-0.0079087507335,0.00365427027829
F_MIX403030_XD6_R100_CNONE,2025-02,reference_net,2025-02-28,10927247.3835,10797835.1931,-0.0118430731792,True,20B_P4_top_region_hysteresis_partial_rebalance_turnover_control_v0,20B_P4_TURNCTL_v0,-0.00809581661659,0.00374725656262
F_MIX403030_XD6_R100_CNONE,2025-03,gross_shadow,2025-03-31,10826199,10989124,0.0150491414392,False,20B_P4_top_region_hysteresis_partial_rebalance_turnover_control_v0,20B_P4_TURNCTL_v0,0.0133980936076,-0.00165104783158
F_MIX403030_XD6_R100_CNONE,2025-03,reference_net,2025-03-31,10797835.1931,10956885.1002,0.0147297957642,False,20B_P4_top_region_hysteresis_partial_rebalance_turnover_control_v0,20B_P4_TURNCTL_v0,0.0132233978829,-0.00150639788139
F_MIX403030_XD6_R100_CNONE,2025-04,gross_shadow,2025-04-30,10989124,10804419,-0.0168079821467,False,20B_P4_top_region_hysteresis_partial_rebalance_turnover_control_v0,20B_P4_TURNCTL_v0,-0.0157743458108,0.00103363633594
F_MIX403030_XD6_R100_CNONE,2025-04,reference_net,2025-04-30,10956885.1002,10767890.6699,-0.0172489196119,False,20B_P4_top_region_hysteresis_partial_rebalance_turnover_control_v0,20B_P4_TURNCTL_v0,-0.0159994675217,0.0012494520902
F_MIX403030_XD6_R100_CNONE,2025-05,gross_shadow,2025-05-30,10804419,11140997,0.0311518833174,False,20B_P4_top_region_hysteresis_partial_rebalance_turnover_control_v0,20B_P4_TURNCTL_v0,0.0218567581682,-0.00929512514916
F_MIX403030_XD6_R100_CNONE,2025-05,reference_net,2025-05-30,10767890.6699,11100949.6256,0.0309307519895,False,20B_P4_top_region_hysteresis_partial_rebalance_turnover_control_v0,20B_P4_TURNCTL_v0,0.021723831916,-0.00920692007347
F_MIX403030_XD6_R100_CNONE,2025-06,gross_shadow,2025-06-30,11140997,11416955,0.0247695964733,False,20B_P4_top_region_hysteresis_partial_rebalance_turnover_control_v0,20B_P4_TURNCTL_v0,0.0120373412204,-0.0127322552528
F_MIX403030_XD6_R100_CNONE,2025-06,reference_net,2025-06-30,11100949.6256,11373414.9853,0.0245443289825,False,20B_P4_top_region_hysteresis_partial_rebalance_turnover_control_v0,20B_P4_TURNCTL_v0,0.0118812499438,-0.0126630790387
F_MIX403030_XD6_R100_CNONE,2025-07,gross_shadow,2025-07-31,11416955,11728472,0.0272854714764,False,20B_P4_top_region_hysteresis_partial_rebalance_turnover_control_v0,20B_P4_TURNCTL_v0,0.0159705014252,-0.0113149700512
F_MIX403030_XD6_R100_CNONE,2025-07,reference_net,2025-07-31,11373414.9853,11681367.2219,0.0270764969922,False,20B_P4_top_region_hysteresis_partial_rebalance_turnover_control_v0,20B_P4_TURNCTL_v0,0.0158245945545,-0.0112519024378
F_MIX403030_XD6_R100_CNONE,2025-08,gross_shadow,2025-08-29,11728472,12266189,0.0458471487164,True,20B_P4_top_region_hysteresis_partial_rebalance_turnover_control_v0,20B_P4_TURNCTL_v0,0.0214107382381,-0.0244364104783
F_MIX403030_XD6_R100_CNONE,2025-08,reference_net,2025-08-29,11681367.2219,12214848.1488,0.0456693909853,True,20B_P4_top_region_hysteresis_partial_rebalance_turnover_control_v0,20B_P4_TURNCTL_v0,0.0212920604186,-0.0243773305666
F_MIX403030_XD6_R100_CNONE,2025-09,gross_shadow,2025-09-30,12266189,12130375,-0.0110722246331,True,20B_P4_top_region_hysteresis_partial_rebalance_turnover_control_v0,20B_P4_TURNCTL_v0,-0.0146549819574,-0.00358275732434
F_MIX403030_XD6_R100_CNONE,2025-09,reference_net,2025-09-30,12214848.1488,12074437.3036,-0.0114950954346,True,20B_P4_top_region_hysteresis_partial_rebalance_turnover_control_v0,20B_P4_TURNCTL_v0,-0.0148953122943,-0.00340021685969
F_MIX403030_XD6_R100_CNONE,2025-10,gross_shadow,2025-10-31,12130375,12372010,0.019919829354,False,20B_P4_top_region_hysteresis_partial_rebalance_turnover_control_v0,20B_P4_TURNCTL_v0,0.0176421257991,-0.00227770355486
F_MIX403030_XD6_R100_CNONE,2025-10,reference_net,2025-10-31,12074437.3036,12311483.0458,0.0196320322156,False,20B_P4_top_region_hysteresis_partial_rebalance_turnover_control_v0,20B_P4_TURNCTL_v0,0.017504769152,-0.00212726306359
F_MIX403030_XD6_R100_CNONE,2025-11,gross_shadow,2025-11-28,12372010,12104153,-0.0216502411492,False,20B_P4_top_region_hysteresis_partial_rebalance_turnover_control_v0,20B_P4_TURNCTL_v0,-0.00968857869009,0.0119616624591
F_MIX403030_XD6_R100_CNONE,2025-11,reference_net,2025-11-28,12311483.0458,12036532.371,-0.0223328638612,False,20B_P4_top_region_hysteresis_partial_rebalance_turnover_control_v0,20B_P4_TURNCTL_v0,-0.00995710204626,0.0123757618149
F_MIX403030_XD6_R100_CNONE,2025-12,gross_shadow,2025-12-31,12104153,12564685,0.0380474371069,False,20B_P4_top_region_hysteresis_partial_rebalance_turnover_control_v0,20B_P4_TURNCTL_v0,0.0171802536106,-0.0208671834963
F_MIX403030_XD6_R100_CNONE,2025-12,reference_net,2025-12-31,12036532.371,12492335.8099,0.037868334906,False,20B_P4_top_region_hysteresis_partial_rebalance_turnover_control_v0,20B_P4_TURNCTL_v0,0.0170218081883,-0.0208465267177
F_MIX403030_XD6_R100_CNONE,2026-01,gross_shadow,2026-01-30,12564685,13201755,0.0507032209721,False,20B_P4_top_region_hysteresis_partial_rebalance_turnover_control_v0,20B_P4_TURNCTL_v0,0.0150287676854,-0.0356744532867
F_MIX403030_XD6_R100_CNONE,2026-01,reference_net,2026-01-30,12492335.8099,13123436.9732,0.0505190680818,False,20B_P4_top_region_hysteresis_partial_rebalance_turnover_control_v0,20B_P4_TURNCTL_v0,0.0148684959055,-0.0356505721763
F_MIX403030_XD6_R100_CNONE,2026-02,gross_shadow,2026-02-27,13201755,13731657,0.0401387542793,False,20B_P4_top_region_hysteresis_partial_rebalance_turnover_control_v0,20B_P4_TURNCTL_v0,0.020391049042,-0.0197477052372
F_MIX403030_XD6_R100_CNONE,2026-02,reference_net,2026-02-27,13123436.9732,13646072.3638,0.039824581904,False,20B_P4_top_region_hysteresis_partial_rebalance_turnover_control_v0,20B_P4_TURNCTL_v0,0.0202325528075,-0.0195920290965
F_MIX403030_XD6_R100_CNONE,2026-03,gross_shadow,2026-03-31,13731657,13108106,-0.0454097418833,False,20B_P4_top_region_hysteresis_partial_rebalance_turnover_control_v0,20B_P4_TURNCTL_v0,-0.0159986324444,0.0294111094389
F_MIX403030_XD6_R100_CNONE,2026-03,reference_net,2026-03-31,13646072.3638,13017050.1558,-0.0460954764999,False,20B_P4_top_region_hysteresis_partial_rebalance_turnover_control_v0,20B_P4_TURNCTL_v0,-0.0162685275383,0.0298269489616
F_MIX403030_XD6_R100_CNONE,2026-04,gross_shadow,2026-04-30,13108106,13589826,0.0367497791062,True,20B_P4_top_region_hysteresis_partial_rebalance_turnover_control_v0,20B_P4_TURNCTL_v0,0.0130737020465,-0.0236760770597
F_MIX403030_XD6_R100_CNONE,2026-04,reference_net,2026-04-30,13017050.1558,13490349.3964,0.0363599459904,True,20B_P4_top_region_hysteresis_partial_rebalance_turnover_control_v0,20B_P4_TURNCTL_v0,0.0128697478741,-0.0234901981164
F_MIX403030_XD7_R025_C020,2024-08,gross_shadow,2024-08-30,10000000,9667461,-0.0332539,False,20B_P4_top_region_hysteresis_partial_rebalance_turnover_control_v0,20B_P4_TURNCTL_v0,-0.0332539,0
F_MIX403030_XD7_R025_C020,2024-08,reference_net,2024-08-30,10000000,9659999.0084,-0.03400009916,False,20B_P4_top_region_hysteresis_partial_rebalance_turnover_control_v0,20B_P4_TURNCTL_v0,-0.03400009916,0
F_MIX403030_XD7_R025_C020,2024-09,gross_shadow,2024-09-30,9667461,11250636,0.163763267315,False,20B_P4_top_region_hysteresis_partial_rebalance_turnover_control_v0,20B_P4_TURNCTL_v0,0.158862601049,-0.00490066626594
F_MIX403030_XD7_R025_C020,2024-09,reference_net,2024-09-30,9659999.0084,11241834.9957,0.163751154207,False,20B_P4_top_region_hysteresis_partial_rebalance_turnover_control_v0,20B_P4_TURNCTL_v0,0.158765209196,-0.00498594501077
F_MIX403030_XD7_R025_C020,2024-10,gross_shadow,2024-10-31,11250636,10734155,-0.0459068269563,True,20B_P4_top_region_hysteresis_partial_rebalance_turnover_control_v0,20B_P4_TURNCTL_v0,-0.0417565103154,0.00415031664084
F_MIX403030_XD7_R025_C020,2024-10,reference_net,2024-10-31,11241834.9957,10723935.1848,-0.0460689745989,True,20B_P4_top_region_hysteresis_partial_rebalance_turnover_control_v0,20B_P4_TURNCTL_v0,-0.0419999329509,0.004069041648
F_MIX403030_XD7_R025_C020,2024-11,gross_shadow,2024-11-29,10734155,10821212,0.00811027975653,False,20B_P4_top_region_hysteresis_partial_rebalance_turnover_control_v0,20B_P4_TURNCTL_v0,0.00743434136436,-0.000675938392176
F_MIX403030_XD7_R025_C020,2024-11,reference_net,2024-11-29,10723935.1848,10809849.9643,0.00801149745774,False,20B_P4_top_region_hysteresis_partial_rebalance_turnover_control_v0,20B_P4_TURNCTL_v0,0.00728422719772,-0.000727270260019
F_MIX403030_XD7_R025_C020,2024-12,gross_shadow,2024-12-31,10821212,11077604,0.0236934642811,False,20B_P4_top_region_hysteresis_partial_rebalance_turnover_control_v0,20B_P4_TURNCTL_v0,0.023651486543,-4.19777381295e-05
F_MIX403030_XD7_R025_C020,2024-12,reference_net,2024-12-31,10809849.9643,11064920.8622,0.023596155242,False,20B_P4_top_region_hysteresis_partial_rebalance_turnover_control_v0,20B_P4_TURNCTL_v0,0.0235057852708,-9.03699712587e-05
F_MIX403030_XD7_R025_C020,2025-01,gross_shadow,2025-01-27,11077604,10897815,-0.0162299536976,False,20B_P4_top_region_hysteresis_partial_rebalance_turnover_control_v0,20B_P4_TURNCTL_v0,-0.0159349720686,0.000294981628955
F_MIX403030_XD7_R025_C020,2025-01,reference_net,2025-01-27,11064920.8622,10883760.1131,-0.0163725300259,False,20B_P4_top_region_hysteresis_partial_rebalance_turnover_control_v0,20B_P4_TURNCTL_v0,-0.0161371317804,0.000235398245478
F_MIX403030_XD7_R025_C020,2025-02,gross_shadow,2025-02-28,10897815,10820231,-0.00711922527589,True,20B_P4_top_region_hysteresis_partial_rebalance_turnover_control_v0,20B_P4_TURNCTL_v0,-0.0079087507335,-0.00078952545761
F_MIX403030_XD7_R025_C020,2025-02,reference_net,2025-02-28,10883760.1131,10804938.7247,-0.00724211004017,True,20B_P4_top_region_hysteresis_partial_rebalance_turnover_control_v0,20B_P4_TURNCTL_v0,-0.00809581661659,-0.000853706576423
F_MIX403030_XD7_R025_C020,2025-03,gross_shadow,2025-03-31,10820231,10962459,0.0131446361912,False,20B_P4_top_region_hysteresis_partial_rebalance_turnover_control_v0,20B_P4_TURNCTL_v0,0.0133980936076,0.000253457416405
F_MIX403030_XD7_R025_C020,2025-03,reference_net,2025-03-31,10804938.7247,10945866.2993,0.0130428851214,False,20B_P4_top_region_hysteresis_partial_rebalance_turnover_control_v0,20B_P4_TURNCTL_v0,0.0132233978829,0.000180512761491
F_MIX403030_XD7_R025_C020,2025-04,gross_shadow,2025-04-30,10962459,10785615,-0.016131782112,False,20B_P4_top_region_hysteresis_partial_rebalance_turnover_control_v0,20B_P4_TURNCTL_v0,-0.0157743458108,0.000357436301254
F_MIX403030_XD7_R025_C020,2025-04,reference_net,2025-04-30,10945866.2993,10767646.8072,-0.0162818992246,False,20B_P4_top_region_hysteresis_partial_rebalance_turnover_control_v0,20B_P4_TURNCTL_v0,-0.0159994675217,0.00028243170282
F_MIX403030_XD7_R025_C020,2025-05,gross_shadow,2025-05-30,10785615,11007739,0.0205944677239,False,20B_P4_top_region_hysteresis_partial_rebalance_turnover_control_v0,20B_P4_TURNCTL_v0,0.0218567581682,0.0012622904443
F_MIX403030_XD7_R025_C020,2025-05,reference_net,2025-05-30,10767646.8072,10988418.7625,0.0205032686512,False,20B_P4_top_region_hysteresis_partial_rebalance_turnover_control_v0,20B_P4_TURNCTL_v0,0.021723831916,0.00122056326485
F_MIX403030_XD7_R025_C020,2025-06,gross_shadow,2025-06-30,11007739,11135448,0.0116017467347,False,20B_P4_top_region_hysteresis_partial_rebalance_turnover_control_v0,20B_P4_TURNCTL_v0,0.0120373412204,0.0004355944857
F_MIX403030_XD7_R025_C020,2025-06,reference_net,2025-06-30,10988418.7625,11114744.4821,0.0114962600489,False,20B_P4_top_region_hysteresis_partial_rebalance_turnover_control_v0,20B_P4_TURNCTL_v0,0.0118812499438,0.000384989894869
F_MIX403030_XD7_R025_C020,2025-07,gross_shadow,2025-07-31,11135448,11319807,0.0165560469592,False,20B_P4_top_region_hysteresis_partial_rebalance_turnover_control_v0,20B_P4_TURNCTL_v0,0.0159705014252,-0.000585545534041
F_MIX403030_XD7_R025_C020,2025-07,reference_net,2025-07-31,11114744.4821,11297777.1062,0.0164675512221,False,20B_P4_top_region_hysteresis_partial_rebalance_turnover_control_v0,20B_P4_TURNCTL_v0,0.0158245945545,-0.00064295666768
F_MIX403030_XD7_R025_C020,2025-08,gross_shadow,2025-08-29,11319807,11547637,0.0201266682374,True,20B_P4_top_region_hysteresis_partial_rebalance_turnover_control_v0,20B_P4_TURNCTL_v0,0.0214107382381,0.00128407000072
F_MIX403030_XD7_R025_C020,2025-08,reference_net,2025-08-29,11297777.1062,11524284.5048,0.0200488464705,True,20B_P4_top_region_hysteresis_partial_rebalance_turnover_control_v0,20B_P4_TURNCTL_v0,0.0212920604186,0.00124321394811
F_MIX403030_XD7_R025_C020,2025-09,gross_shadow,2025-09-30,11547637,11404389,-0.0124049621581,True,20B_P4_top_region_hysteresis_partial_rebalance_turnover_control_v0,20B_P4_TURNCTL_v0,-0.0146549819574,-0.00225001979938
F_MIX403030_XD7_R025_C020,2025-09,reference_net,2025-09-30,11524284.5048,11379717.931,-0.0125445162109,True,20B_P4_top_region_hysteresis_partial_rebalance_turnover_control_v0,20B_P4_TURNCTL_v0,-0.0148953122943,-0.00235079608341
F_MIX403030_XD7_R025_C020,2025-10,gross_shadow,2025-10-31,11404389,11603899,0.0174941419483,False,20B_P4_top_region_hysteresis_partial_rebalance_turnover_control_v0,20B_P4_TURNCTL_v0,0.0176421257991,0.000147983850808
F_MIX403030_XD7_R025_C020,2025-10,reference_net,2025-10-31,11379717.931,11577834.11,0.01740958609,False,20B_P4_top_region_hysteresis_partial_rebalance_turnover_control_v0,20B_P4_TURNCTL_v0,0.017504769152,9.51830620695e-05
F_MIX403030_XD7_R025_C020,2025-11,gross_shadow,2025-11-28,11603899,11508867,-0.00818966107857,False,20B_P4_top_region_hysteresis_partial_rebalance_turnover_control_v0,20B_P4_TURNCTL_v0,-0.00968857869009,-0.00149891761152
F_MIX403030_XD7_R025_C020,2025-11,reference_net,2025-11-28,11577834.11,11481239.2118,-0.00834308880934,False,20B_P4_top_region_hysteresis_partial_rebalance_turnover_control_v0,20B_P4_TURNCTL_v0,-0.00995710204626,-0.00161401323691
F_MIX403030_XD7_R025_C020,2025-12,gross_shadow,2025-12-31,11508867,11684166,0.0152316470422,False,20B_P4_top_region_hysteresis_partial_rebalance_turnover_control_v0,20B_P4_TURNCTL_v0,0.0171802536106,0.00194860656834
F_MIX403030_XD7_R025_C020,2025-12,reference_net,2025-12-31,11481239.2118,11654920.7729,0.0151274229032,False,20B_P4_top_region_hysteresis_partial_rebalance_turnover_control_v0,20B_P4_TURNCTL_v0,0.0170218081883,0.00189438528512
F_MIX403030_XD7_R025_C020,2026-01,gross_shadow,2026-01-30,11684166,11842114,0.0135181235871,False,20B_P4_top_region_hysteresis_partial_rebalance_turnover_control_v0,20B_P4_TURNCTL_v0,0.0150287676854,0.00151064409829
F_MIX403030_XD7_R025_C020,2026-01,reference_net,2026-01-30,11654920.7729,11811352.1795,0.0134219193471,False,20B_P4_top_region_hysteresis_partial_rebalance_turnover_control_v0,20B_P4_TURNCTL_v0,0.0148684959055,0.00144657655842
F_MIX403030_XD7_R025_C020,2026-02,gross_shadow,2026-02-27,11842114,12047422,0.0173371072091,False,20B_P4_top_region_hysteresis_partial_rebalance_turnover_control_v0,20B_P4_TURNCTL_v0,0.020391049042,0.00305394183296
F_MIX403030_XD7_R025_C020,2026-02,reference_net,2026-02-27,11811352.1795,12015044.711,0.0172454879344,False,20B_P4_top_region_hysteresis_partial_rebalance_turnover_control_v0,20B_P4_TURNCTL_v0,0.0202325528075,0.00298706487306
F_MIX403030_XD7_R025_C020,2026-03,gross_shadow,2026-03-31,12047422,11793088,-0.0211110725598,False,20B_P4_top_region_hysteresis_partial_rebalance_turnover_control_v0,20B_P4_TURNCTL_v0,-0.0159986324444,0.00511244011536
F_MIX403030_XD7_R025_C020,2026-03,reference_net,2026-03-31,12015044.711,11759198.1104,-0.0212938533909,False,20B_P4_top_region_hysteresis_partial_rebalance_turnover_control_v0,20B_P4_TURNCTL_v0,-0.0162685275383,0.00502532585256
F_MIX403030_XD7_R025_C020,2026-04,gross_shadow,2026-04-30,11793088,11921554,0.0108933300591,True,20B_P4_top_region_hysteresis_partial_rebalance_turnover_control_v0,20B_P4_TURNCTL_v0,0.0130737020465,0.00218037198738
F_MIX403030_XD7_R025_C020,2026-04,reference_net,2026-04-30,11759198.1104,11886010.0503,0.0107840635636,True,20B_P4_top_region_hysteresis_partial_rebalance_turnover_control_v0,20B_P4_TURNCTL_v0,0.0128697478741,0.00208568431043
F_MIX403030_XD7_R025_C030,2024-08,gross_shadow,2024-08-30,10000000,9667461,-0.0332539,False,20B_P4_top_region_hysteresis_partial_rebalance_turnover_control_v0,20B_P4_TURNCTL_v0,-0.0332539,0
F_MIX403030_XD7_R025_C030,2024-08,reference_net,2024-08-30,10000000,9659999.0084,-0.03400009916,False,20B_P4_top_region_hysteresis_partial_rebalance_turnover_control_v0,20B_P4_TURNCTL_v0,-0.03400009916,0
F_MIX403030_XD7_R025_C030,2024-09,gross_shadow,2024-09-30,9667461,11250636,0.163763267315,False,20B_P4_top_region_hysteresis_partial_rebalance_turnover_control_v0,20B_P4_TURNCTL_v0,0.158862601049,-0.00490066626594
F_MIX403030_XD7_R025_C030,2024-09,reference_net,2024-09-30,9659999.0084,11241834.9957,0.163751154207,False,20B_P4_top_region_hysteresis_partial_rebalance_turnover_control_v0,20B_P4_TURNCTL_v0,0.158765209196,-0.00498594501077
F_MIX403030_XD7_R025_C030,2024-10,gross_shadow,2024-10-31,11250636,10734155,-0.0459068269563,True,20B_P4_top_region_hysteresis_partial_rebalance_turnover_control_v0,20B_P4_TURNCTL_v0,-0.0417565103154,0.00415031664084
F_MIX403030_XD7_R025_C030,2024-10,reference_net,2024-10-31,11241834.9957,10723935.1848,-0.0460689745989,True,20B_P4_top_region_hysteresis_partial_rebalance_turnover_control_v0,20B_P4_TURNCTL_v0,-0.0419999329509,0.004069041648
F_MIX403030_XD7_R025_C030,2024-11,gross_shadow,2024-11-29,10734155,10821212,0.00811027975653,False,20B_P4_top_region_hysteresis_partial_rebalance_turnover_control_v0,20B_P4_TURNCTL_v0,0.00743434136436,-0.000675938392176
F_MIX403030_XD7_R025_C030,2024-11,reference_net,2024-11-29,10723935.1848,10809849.9643,0.00801149745774,False,20B_P4_top_region_hysteresis_partial_rebalance_turnover_control_v0,20B_P4_TURNCTL_v0,0.00728422719772,-0.000727270260019
F_MIX403030_XD7_R025_C030,2024-12,gross_shadow,2024-12-31,10821212,11077604,0.0236934642811,False,20B_P4_top_region_hysteresis_partial_rebalance_turnover_control_v0,20B_P4_TURNCTL_v0,0.023651486543,-4.19777381295e-05
F_MIX403030_XD7_R025_C030,2024-12,reference_net,2024-12-31,10809849.9643,11064920.8622,0.023596155242,False,20B_P4_top_region_hysteresis_partial_rebalance_turnover_control_v0,20B_P4_TURNCTL_v0,0.0235057852708,-9.03699712587e-05
F_MIX403030_XD7_R025_C030,2025-01,gross_shadow,2025-01-27,11077604,10897815,-0.0162299536976,False,20B_P4_top_region_hysteresis_partial_rebalance_turnover_control_v0,20B_P4_TURNCTL_v0,-0.0159349720686,0.000294981628955
F_MIX403030_XD7_R025_C030,2025-01,reference_net,2025-01-27,11064920.8622,10883760.1131,-0.0163725300259,False,20B_P4_top_region_hysteresis_partial_rebalance_turnover_control_v0,20B_P4_TURNCTL_v0,-0.0161371317804,0.000235398245478
F_MIX403030_XD7_R025_C030,2025-02,gross_shadow,2025-02-28,10897815,10820231,-0.00711922527589,True,20B_P4_top_region_hysteresis_partial_rebalance_turnover_control_v0,20B_P4_TURNCTL_v0,-0.0079087507335,-0.00078952545761
F_MIX403030_XD7_R025_C030,2025-02,reference_net,2025-02-28,10883760.1131,10804938.7247,-0.00724211004017,True,20B_P4_top_region_hysteresis_partial_rebalance_turnover_control_v0,20B_P4_TURNCTL_v0,-0.00809581661659,-0.000853706576423
F_MIX403030_XD7_R025_C030,2025-03,gross_shadow,2025-03-31,10820231,10962459,0.0131446361912,False,20B_P4_top_region_hysteresis_partial_rebalance_turnover_control_v0,20B_P4_TURNCTL_v0,0.0133980936076,0.000253457416405
F_MIX403030_XD7_R025_C030,2025-03,reference_net,2025-03-31,10804938.7247,10945866.2993,0.0130428851214,False,20B_P4_top_region_hysteresis_partial_rebalance_turnover_control_v0,20B_P4_TURNCTL_v0,0.0132233978829,0.000180512761491
F_MIX403030_XD7_R025_C030,2025-04,gross_shadow,2025-04-30,10962459,10785615,-0.016131782112,False,20B_P4_top_region_hysteresis_partial_rebalance_turnover_control_v0,20B_P4_TURNCTL_v0,-0.0157743458108,0.000357436301254
F_MIX403030_XD7_R025_C030,2025-04,reference_net,2025-04-30,10945866.2993,10767646.8072,-0.0162818992246,False,20B_P4_top_region_hysteresis_partial_rebalance_turnover_control_v0,20B_P4_TURNCTL_v0,-0.0159994675217,0.00028243170282
F_MIX403030_XD7_R025_C030,2025-05,gross_shadow,2025-05-30,10785615,11007739,0.0205944677239,False,20B_P4_top_region_hysteresis_partial_rebalance_turnover_control_v0,20B_P4_TURNCTL_v0,0.0218567581682,0.0012622904443
F_MIX403030_XD7_R025_C030,2025-05,reference_net,2025-05-30,10767646.8072,10988418.7625,0.0205032686512,False,20B_P4_top_region_hysteresis_partial_rebalance_turnover_control_v0,20B_P4_TURNCTL_v0,0.021723831916,0.00122056326485
F_MIX403030_XD7_R025_C030,2025-06,gross_shadow,2025-06-30,11007739,11135448,0.0116017467347,False,20B_P4_top_region_hysteresis_partial_rebalance_turnover_control_v0,20B_P4_TURNCTL_v0,0.0120373412204,0.0004355944857
F_MIX403030_XD7_R025_C030,2025-06,reference_net,2025-06-30,10988418.7625,11114744.4821,0.0114962600489,False,20B_P4_top_region_hysteresis_partial_rebalance_turnover_control_v0,20B_P4_TURNCTL_v0,0.0118812499438,0.000384989894869
F_MIX403030_XD7_R025_C030,2025-07,gross_shadow,2025-07-31,11135448,11319807,0.0165560469592,False,20B_P4_top_region_hysteresis_partial_rebalance_turnover_control_v0,20B_P4_TURNCTL_v0,0.0159705014252,-0.000585545534041
F_MIX403030_XD7_R025_C030,2025-07,reference_net,2025-07-31,11114744.4821,11297777.1062,0.0164675512221,False,20B_P4_top_region_hysteresis_partial_rebalance_turnover_control_v0,20B_P4_TURNCTL_v0,0.0158245945545,-0.00064295666768
F_MIX403030_XD7_R025_C030,2025-08,gross_shadow,2025-08-29,11319807,11547637,0.0201266682374,True,20B_P4_top_region_hysteresis_partial_rebalance_turnover_control_v0,20B_P4_TURNCTL_v0,0.0214107382381,0.00128407000072
F_MIX403030_XD7_R025_C030,2025-08,reference_net,2025-08-29,11297777.1062,11524284.5048,0.0200488464705,True,20B_P4_top_region_hysteresis_partial_rebalance_turnover_control_v0,20B_P4_TURNCTL_v0,0.0212920604186,0.00124321394811
F_MIX403030_XD7_R025_C030,2025-09,gross_shadow,2025-09-30,11547637,11404389,-0.0124049621581,True,20B_P4_top_region_hysteresis_partial_rebalance_turnover_control_v0,20B_P4_TURNCTL_v0,-0.0146549819574,-0.00225001979938
F_MIX403030_XD7_R025_C030,2025-09,reference_net,2025-09-30,11524284.5048,11379717.931,-0.0125445162109,True,20B_P4_top_region_hysteresis_partial_rebalance_turnover_control_v0,20B_P4_TURNCTL_v0,-0.0148953122943,-0.00235079608341
F_MIX403030_XD7_R025_C030,2025-10,gross_shadow,2025-10-31,11404389,11603899,0.0174941419483,False,20B_P4_top_region_hysteresis_partial_rebalance_turnover_control_v0,20B_P4_TURNCTL_v0,0.0176421257991,0.000147983850808
F_MIX403030_XD7_R025_C030,2025-10,reference_net,2025-10-31,11379717.931,11577834.11,0.01740958609,False,20B_P4_top_region_hysteresis_partial_rebalance_turnover_control_v0,20B_P4_TURNCTL_v0,0.017504769152,9.51830620695e-05
F_MIX403030_XD7_R025_C030,2025-11,gross_shadow,2025-11-28,11603899,11508867,-0.00818966107857,False,20B_P4_top_region_hysteresis_partial_rebalance_turnover_control_v0,20B_P4_TURNCTL_v0,-0.00968857869009,-0.00149891761152
F_MIX403030_XD7_R025_C030,2025-11,reference_net,2025-11-28,11577834.11,11481239.2118,-0.00834308880934,False,20B_P4_top_region_hysteresis_partial_rebalance_turnover_control_v0,20B_P4_TURNCTL_v0,-0.00995710204626,-0.00161401323691
F_MIX403030_XD7_R025_C030,2025-12,gross_shadow,2025-12-31,11508867,11684166,0.0152316470422,False,20B_P4_top_region_hysteresis_partial_rebalance_turnover_control_v0,20B_P4_TURNCTL_v0,0.0171802536106,0.00194860656834
F_MIX403030_XD7_R025_C030,2025-12,reference_net,2025-12-31,11481239.2118,11654920.7729,0.0151274229032,False,20B_P4_top_region_hysteresis_partial_rebalance_turnover_control_v0,20B_P4_TURNCTL_v0,0.0170218081883,0.00189438528512
F_MIX403030_XD7_R025_C030,2026-01,gross_shadow,2026-01-30,11684166,11842114,0.0135181235871,False,20B_P4_top_region_hysteresis_partial_rebalance_turnover_control_v0,20B_P4_TURNCTL_v0,0.0150287676854,0.00151064409829
F_MIX403030_XD7_R025_C030,2026-01,reference_net,2026-01-30,11654920.7729,11811352.1795,0.0134219193471,False,20B_P4_top_region_hysteresis_partial_rebalance_turnover_control_v0,20B_P4_TURNCTL_v0,0.0148684959055,0.00144657655842
F_MIX403030_XD7_R025_C030,2026-02,gross_shadow,2026-02-27,11842114,12047422,0.0173371072091,False,20B_P4_top_region_hysteresis_partial_rebalance_turnover_control_v0,20B_P4_TURNCTL_v0,0.020391049042,0.00305394183296
F_MIX403030_XD7_R025_C030,2026-02,reference_net,2026-02-27,11811352.1795,12015044.711,0.0172454879344,False,20B_P4_top_region_hysteresis_partial_rebalance_turnover_control_v0,20B_P4_TURNCTL_v0,0.0202325528075,0.00298706487306
F_MIX403030_XD7_R025_C030,2026-03,gross_shadow,2026-03-31,12047422,11793088,-0.0211110725598,False,20B_P4_top_region_hysteresis_partial_rebalance_turnover_control_v0,20B_P4_TURNCTL_v0,-0.0159986324444,0.00511244011536
F_MIX403030_XD7_R025_C030,2026-03,reference_net,2026-03-31,12015044.711,11759198.1104,-0.0212938533909,False,20B_P4_top_region_hysteresis_partial_rebalance_turnover_control_v0,20B_P4_TURNCTL_v0,-0.0162685275383,0.00502532585256
F_MIX403030_XD7_R025_C030,2026-04,gross_shadow,2026-04-30,11793088,11921554,0.0108933300591,True,20B_P4_top_region_hysteresis_partial_rebalance_turnover_control_v0,20B_P4_TURNCTL_v0,0.0130737020465,0.00218037198738
F_MIX403030_XD7_R025_C030,2026-04,reference_net,2026-04-30,11759198.1104,11886010.0503,0.0107840635636,True,20B_P4_top_region_hysteresis_partial_rebalance_turnover_control_v0,20B_P4_TURNCTL_v0,0.0128697478741,0.00208568431043
F_MIX403030_XD7_R025_C040,2024-08,gross_shadow,2024-08-30,10000000,9667461,-0.0332539,False,20B_P4_top_region_hysteresis_partial_rebalance_turnover_control_v0,20B_P4_TURNCTL_v0,-0.0332539,0
F_MIX403030_XD7_R025_C040,2024-08,reference_net,2024-08-30,10000000,9659999.0084,-0.03400009916,False,20B_P4_top_region_hysteresis_partial_rebalance_turnover_control_v0,20B_P4_TURNCTL_v0,-0.03400009916,0
F_MIX403030_XD7_R025_C040,2024-09,gross_shadow,2024-09-30,9667461,11250636,0.163763267315,False,20B_P4_top_region_hysteresis_partial_rebalance_turnover_control_v0,20B_P4_TURNCTL_v0,0.158862601049,-0.00490066626594
F_MIX403030_XD7_R025_C040,2024-09,reference_net,2024-09-30,9659999.0084,11241834.9957,0.163751154207,False,20B_P4_top_region_hysteresis_partial_rebalance_turnover_control_v0,20B_P4_TURNCTL_v0,0.158765209196,-0.00498594501077
F_MIX403030_XD7_R025_C040,2024-10,gross_shadow,2024-10-31,11250636,10734155,-0.0459068269563,True,20B_P4_top_region_hysteresis_partial_rebalance_turnover_control_v0,20B_P4_TURNCTL_v0,-0.0417565103154,0.00415031664084
F_MIX403030_XD7_R025_C040,2024-10,reference_net,2024-10-31,11241834.9957,10723935.1848,-0.0460689745989,True,20B_P4_top_region_hysteresis_partial_rebalance_turnover_control_v0,20B_P4_TURNCTL_v0,-0.0419999329509,0.004069041648
F_MIX403030_XD7_R025_C040,2024-11,gross_shadow,2024-11-29,10734155,10821212,0.00811027975653,False,20B_P4_top_region_hysteresis_partial_rebalance_turnover_control_v0,20B_P4_TURNCTL_v0,0.00743434136436,-0.000675938392176
F_MIX403030_XD7_R025_C040,2024-11,reference_net,2024-11-29,10723935.1848,10809849.9643,0.00801149745774,False,20B_P4_top_region_hysteresis_partial_rebalance_turnover_control_v0,20B_P4_TURNCTL_v0,0.00728422719772,-0.000727270260019
F_MIX403030_XD7_R025_C040,2024-12,gross_shadow,2024-12-31,10821212,11077604,0.0236934642811,False,20B_P4_top_region_hysteresis_partial_rebalance_turnover_control_v0,20B_P4_TURNCTL_v0,0.023651486543,-4.19777381295e-05
F_MIX403030_XD7_R025_C040,2024-12,reference_net,2024-12-31,10809849.9643,11064920.8622,0.023596155242,False,20B_P4_top_region_hysteresis_partial_rebalance_turnover_control_v0,20B_P4_TURNCTL_v0,0.0235057852708,-9.03699712587e-05
F_MIX403030_XD7_R025_C040,2025-01,gross_shadow,2025-01-27,11077604,10897815,-0.0162299536976,False,20B_P4_top_region_hysteresis_partial_rebalance_turnover_control_v0,20B_P4_TURNCTL_v0,-0.0159349720686,0.000294981628955
F_MIX403030_XD7_R025_C040,2025-01,reference_net,2025-01-27,11064920.8622,10883760.1131,-0.0163725300259,False,20B_P4_top_region_hysteresis_partial_rebalance_turnover_control_v0,20B_P4_TURNCTL_v0,-0.0161371317804,0.000235398245478
F_MIX403030_XD7_R025_C040,2025-02,gross_shadow,2025-02-28,10897815,10820231,-0.00711922527589,True,20B_P4_top_region_hysteresis_partial_rebalance_turnover_control_v0,20B_P4_TURNCTL_v0,-0.0079087507335,-0.00078952545761
F_MIX403030_XD7_R025_C040,2025-02,reference_net,2025-02-28,10883760.1131,10804938.7247,-0.00724211004017,True,20B_P4_top_region_hysteresis_partial_rebalance_turnover_control_v0,20B_P4_TURNCTL_v0,-0.00809581661659,-0.000853706576423
F_MIX403030_XD7_R025_C040,2025-03,gross_shadow,2025-03-31,10820231,10962459,0.0131446361912,False,20B_P4_top_region_hysteresis_partial_rebalance_turnover_control_v0,20B_P4_TURNCTL_v0,0.0133980936076,0.000253457416405
F_MIX403030_XD7_R025_C040,2025-03,reference_net,2025-03-31,10804938.7247,10945866.2993,0.0130428851214,False,20B_P4_top_region_hysteresis_partial_rebalance_turnover_control_v0,20B_P4_TURNCTL_v0,0.0132233978829,0.000180512761491
F_MIX403030_XD7_R025_C040,2025-04,gross_shadow,2025-04-30,10962459,10785615,-0.016131782112,False,20B_P4_top_region_hysteresis_partial_rebalance_turnover_control_v0,20B_P4_TURNCTL_v0,-0.0157743458108,0.000357436301254
F_MIX403030_XD7_R025_C040,2025-04,reference_net,2025-04-30,10945866.2993,10767646.8072,-0.0162818992246,False,20B_P4_top_region_hysteresis_partial_rebalance_turnover_control_v0,20B_P4_TURNCTL_v0,-0.0159994675217,0.00028243170282
F_MIX403030_XD7_R025_C040,2025-05,gross_shadow,2025-05-30,10785615,11007739,0.0205944677239,False,20B_P4_top_region_hysteresis_partial_rebalance_turnover_control_v0,20B_P4_TURNCTL_v0,0.0218567581682,0.0012622904443
F_MIX403030_XD7_R025_C040,2025-05,reference_net,2025-05-30,10767646.8072,10988418.7625,0.0205032686512,False,20B_P4_top_region_hysteresis_partial_rebalance_turnover_control_v0,20B_P4_TURNCTL_v0,0.021723831916,0.00122056326485
F_MIX403030_XD7_R025_C040,2025-06,gross_shadow,2025-06-30,11007739,11135448,0.0116017467347,False,20B_P4_top_region_hysteresis_partial_rebalance_turnover_control_v0,20B_P4_TURNCTL_v0,0.0120373412204,0.0004355944857
F_MIX403030_XD7_R025_C040,2025-06,reference_net,2025-06-30,10988418.7625,11114744.4821,0.0114962600489,False,20B_P4_top_region_hysteresis_partial_rebalance_turnover_control_v0,20B_P4_TURNCTL_v0,0.0118812499438,0.000384989894869
F_MIX403030_XD7_R025_C040,2025-07,gross_shadow,2025-07-31,11135448,11319807,0.0165560469592,False,20B_P4_top_region_hysteresis_partial_rebalance_turnover_control_v0,20B_P4_TURNCTL_v0,0.0159705014252,-0.000585545534041
F_MIX403030_XD7_R025_C040,2025-07,reference_net,2025-07-31,11114744.4821,11297777.1062,0.0164675512221,False,20B_P4_top_region_hysteresis_partial_rebalance_turnover_control_v0,20B_P4_TURNCTL_v0,0.0158245945545,-0.00064295666768
F_MIX403030_XD7_R025_C040,2025-08,gross_shadow,2025-08-29,11319807,11547637,0.0201266682374,True,20B_P4_top_region_hysteresis_partial_rebalance_turnover_control_v0,20B_P4_TURNCTL_v0,0.0214107382381,0.00128407000072
F_MIX403030_XD7_R025_C040,2025-08,reference_net,2025-08-29,11297777.1062,11524284.5048,0.0200488464705,True,20B_P4_top_region_hysteresis_partial_rebalance_turnover_control_v0,20B_P4_TURNCTL_v0,0.0212920604186,0.00124321394811
F_MIX403030_XD7_R025_C040,2025-09,gross_shadow,2025-09-30,11547637,11404389,-0.0124049621581,True,20B_P4_top_region_hysteresis_partial_rebalance_turnover_control_v0,20B_P4_TURNCTL_v0,-0.0146549819574,-0.00225001979938
F_MIX403030_XD7_R025_C040,2025-09,reference_net,2025-09-30,11524284.5048,11379717.931,-0.0125445162109,True,20B_P4_top_region_hysteresis_partial_rebalance_turnover_control_v0,20B_P4_TURNCTL_v0,-0.0148953122943,-0.00235079608341
F_MIX403030_XD7_R025_C040,2025-10,gross_shadow,2025-10-31,11404389,11603899,0.0174941419483,False,20B_P4_top_region_hysteresis_partial_rebalance_turnover_control_v0,20B_P4_TURNCTL_v0,0.0176421257991,0.000147983850808
F_MIX403030_XD7_R025_C040,2025-10,reference_net,2025-10-31,11379717.931,11577834.11,0.01740958609,False,20B_P4_top_region_hysteresis_partial_rebalance_turnover_control_v0,20B_P4_TURNCTL_v0,0.017504769152,9.51830620695e-05
F_MIX403030_XD7_R025_C040,2025-11,gross_shadow,2025-11-28,11603899,11508867,-0.00818966107857,False,20B_P4_top_region_hysteresis_partial_rebalance_turnover_control_v0,20B_P4_TURNCTL_v0,-0.00968857869009,-0.00149891761152
F_MIX403030_XD7_R025_C040,2025-11,reference_net,2025-11-28,11577834.11,11481239.2118,-0.00834308880934,False,20B_P4_top_region_hysteresis_partial_rebalance_turnover_control_v0,20B_P4_TURNCTL_v0,-0.00995710204626,-0.00161401323691
F_MIX403030_XD7_R025_C040,2025-12,gross_shadow,2025-12-31,11508867,11684166,0.0152316470422,False,20B_P4_top_region_hysteresis_partial_rebalance_turnover_control_v0,20B_P4_TURNCTL_v0,0.0171802536106,0.00194860656834
F_MIX403030_XD7_R025_C040,2025-12,reference_net,2025-12-31,11481239.2118,11654920.7729,0.0151274229032,False,20B_P4_top_region_hysteresis_partial_rebalance_turnover_control_v0,20B_P4_TURNCTL_v0,0.0170218081883,0.00189438528512
F_MIX403030_XD7_R025_C040,2026-01,gross_shadow,2026-01-30,11684166,11842114,0.0135181235871,False,20B_P4_top_region_hysteresis_partial_rebalance_turnover_control_v0,20B_P4_TURNCTL_v0,0.0150287676854,0.00151064409829
F_MIX403030_XD7_R025_C040,2026-01,reference_net,2026-01-30,11654920.7729,11811352.1795,0.0134219193471,False,20B_P4_top_region_hysteresis_partial_rebalance_turnover_control_v0,20B_P4_TURNCTL_v0,0.0148684959055,0.00144657655842
F_MIX403030_XD7_R025_C040,2026-02,gross_shadow,2026-02-27,11842114,12047422,0.0173371072091,False,20B_P4_top_region_hysteresis_partial_rebalance_turnover_control_v0,20B_P4_TURNCTL_v0,0.020391049042,0.00305394183296
F_MIX403030_XD7_R025_C040,2026-02,reference_net,2026-02-27,11811352.1795,12015044.711,0.0172454879344,False,20B_P4_top_region_hysteresis_partial_rebalance_turnover_control_v0,20B_P4_TURNCTL_v0,0.0202325528075,0.00298706487306
F_MIX403030_XD7_R025_C040,2026-03,gross_shadow,2026-03-31,12047422,11793088,-0.0211110725598,False,20B_P4_top_region_hysteresis_partial_rebalance_turnover_control_v0,20B_P4_TURNCTL_v0,-0.0159986324444,0.00511244011536
F_MIX403030_XD7_R025_C040,2026-03,reference_net,2026-03-31,12015044.711,11759198.1104,-0.0212938533909,False,20B_P4_top_region_hysteresis_partial_rebalance_turnover_control_v0,20B_P4_TURNCTL_v0,-0.0162685275383,0.00502532585256
F_MIX403030_XD7_R025_C040,2026-04,gross_shadow,2026-04-30,11793088,11921554,0.0108933300591,True,20B_P4_top_region_hysteresis_partial_rebalance_turnover_control_v0,20B_P4_TURNCTL_v0,0.0130737020465,0.00218037198738
F_MIX403030_XD7_R025_C040,2026-04,reference_net,2026-04-30,11759198.1104,11886010.0503,0.0107840635636,True,20B_P4_top_region_hysteresis_partial_rebalance_turnover_control_v0,20B_P4_TURNCTL_v0,0.0128697478741,0.00208568431043
F_MIX403030_XD7_R025_CNONE,2024-08,gross_shadow,2024-08-30,10000000,9667461,-0.0332539,False,20B_P4_top_region_hysteresis_partial_rebalance_turnover_control_v0,20B_P4_TURNCTL_v0,-0.0332539,0
F_MIX403030_XD7_R025_CNONE,2024-08,reference_net,2024-08-30,10000000,9659999.0084,-0.03400009916,False,20B_P4_top_region_hysteresis_partial_rebalance_turnover_control_v0,20B_P4_TURNCTL_v0,-0.03400009916,0
F_MIX403030_XD7_R025_CNONE,2024-09,gross_shadow,2024-09-30,9667461,11250636,0.163763267315,False,20B_P4_top_region_hysteresis_partial_rebalance_turnover_control_v0,20B_P4_TURNCTL_v0,0.158862601049,-0.00490066626594
F_MIX403030_XD7_R025_CNONE,2024-09,reference_net,2024-09-30,9659999.0084,11241834.9957,0.163751154207,False,20B_P4_top_region_hysteresis_partial_rebalance_turnover_control_v0,20B_P4_TURNCTL_v0,0.158765209196,-0.00498594501077
F_MIX403030_XD7_R025_CNONE,2024-10,gross_shadow,2024-10-31,11250636,10734155,-0.0459068269563,True,20B_P4_top_region_hysteresis_partial_rebalance_turnover_control_v0,20B_P4_TURNCTL_v0,-0.0417565103154,0.00415031664084
F_MIX403030_XD7_R025_CNONE,2024-10,reference_net,2024-10-31,11241834.9957,10723935.1848,-0.0460689745989,True,20B_P4_top_region_hysteresis_partial_rebalance_turnover_control_v0,20B_P4_TURNCTL_v0,-0.0419999329509,0.004069041648
F_MIX403030_XD7_R025_CNONE,2024-11,gross_shadow,2024-11-29,10734155,10821212,0.00811027975653,False,20B_P4_top_region_hysteresis_partial_rebalance_turnover_control_v0,20B_P4_TURNCTL_v0,0.00743434136436,-0.000675938392176
F_MIX403030_XD7_R025_CNONE,2024-11,reference_net,2024-11-29,10723935.1848,10809849.9643,0.00801149745774,False,20B_P4_top_region_hysteresis_partial_rebalance_turnover_control_v0,20B_P4_TURNCTL_v0,0.00728422719772,-0.000727270260019
F_MIX403030_XD7_R025_CNONE,2024-12,gross_shadow,2024-12-31,10821212,11077604,0.0236934642811,False,20B_P4_top_region_hysteresis_partial_rebalance_turnover_control_v0,20B_P4_TURNCTL_v0,0.023651486543,-4.19777381295e-05
F_MIX403030_XD7_R025_CNONE,2024-12,reference_net,2024-12-31,10809849.9643,11064920.8622,0.023596155242,False,20B_P4_top_region_hysteresis_partial_rebalance_turnover_control_v0,20B_P4_TURNCTL_v0,0.0235057852708,-9.03699712587e-05
F_MIX403030_XD7_R025_CNONE,2025-01,gross_shadow,2025-01-27,11077604,10897815,-0.0162299536976,False,20B_P4_top_region_hysteresis_partial_rebalance_turnover_control_v0,20B_P4_TURNCTL_v0,-0.0159349720686,0.000294981628955
F_MIX403030_XD7_R025_CNONE,2025-01,reference_net,2025-01-27,11064920.8622,10883760.1131,-0.0163725300259,False,20B_P4_top_region_hysteresis_partial_rebalance_turnover_control_v0,20B_P4_TURNCTL_v0,-0.0161371317804,0.000235398245478
F_MIX403030_XD7_R025_CNONE,2025-02,gross_shadow,2025-02-28,10897815,10820231,-0.00711922527589,True,20B_P4_top_region_hysteresis_partial_rebalance_turnover_control_v0,20B_P4_TURNCTL_v0,-0.0079087507335,-0.00078952545761
F_MIX403030_XD7_R025_CNONE,2025-02,reference_net,2025-02-28,10883760.1131,10804938.7247,-0.00724211004017,True,20B_P4_top_region_hysteresis_partial_rebalance_turnover_control_v0,20B_P4_TURNCTL_v0,-0.00809581661659,-0.000853706576423
F_MIX403030_XD7_R025_CNONE,2025-03,gross_shadow,2025-03-31,10820231,10962459,0.0131446361912,False,20B_P4_top_region_hysteresis_partial_rebalance_turnover_control_v0,20B_P4_TURNCTL_v0,0.0133980936076,0.000253457416405
F_MIX403030_XD7_R025_CNONE,2025-03,reference_net,2025-03-31,10804938.7247,10945866.2993,0.0130428851214,False,20B_P4_top_region_hysteresis_partial_rebalance_turnover_control_v0,20B_P4_TURNCTL_v0,0.0132233978829,0.000180512761491
F_MIX403030_XD7_R025_CNONE,2025-04,gross_shadow,2025-04-30,10962459,10785615,-0.016131782112,False,20B_P4_top_region_hysteresis_partial_rebalance_turnover_control_v0,20B_P4_TURNCTL_v0,-0.0157743458108,0.000357436301254
F_MIX403030_XD7_R025_CNONE,2025-04,reference_net,2025-04-30,10945866.2993,10767646.8072,-0.0162818992246,False,20B_P4_top_region_hysteresis_partial_rebalance_turnover_control_v0,20B_P4_TURNCTL_v0,-0.0159994675217,0.00028243170282
F_MIX403030_XD7_R025_CNONE,2025-05,gross_shadow,2025-05-30,10785615,11007739,0.0205944677239,False,20B_P4_top_region_hysteresis_partial_rebalance_turnover_control_v0,20B_P4_TURNCTL_v0,0.0218567581682,0.0012622904443
F_MIX403030_XD7_R025_CNONE,2025-05,reference_net,2025-05-30,10767646.8072,10988418.7625,0.0205032686512,False,20B_P4_top_region_hysteresis_partial_rebalance_turnover_control_v0,20B_P4_TURNCTL_v0,0.021723831916,0.00122056326485
F_MIX403030_XD7_R025_CNONE,2025-06,gross_shadow,2025-06-30,11007739,11135448,0.0116017467347,False,20B_P4_top_region_hysteresis_partial_rebalance_turnover_control_v0,20B_P4_TURNCTL_v0,0.0120373412204,0.0004355944857
F_MIX403030_XD7_R025_CNONE,2025-06,reference_net,2025-06-30,10988418.7625,11114744.4821,0.0114962600489,False,20B_P4_top_region_hysteresis_partial_rebalance_turnover_control_v0,20B_P4_TURNCTL_v0,0.0118812499438,0.000384989894869
F_MIX403030_XD7_R025_CNONE,2025-07,gross_shadow,2025-07-31,11135448,11319807,0.0165560469592,False,20B_P4_top_region_hysteresis_partial_rebalance_turnover_control_v0,20B_P4_TURNCTL_v0,0.0159705014252,-0.000585545534041
F_MIX403030_XD7_R025_CNONE,2025-07,reference_net,2025-07-31,11114744.4821,11297777.1062,0.0164675512221,False,20B_P4_top_region_hysteresis_partial_rebalance_turnover_control_v0,20B_P4_TURNCTL_v0,0.0158245945545,-0.00064295666768
F_MIX403030_XD7_R025_CNONE,2025-08,gross_shadow,2025-08-29,11319807,11547637,0.0201266682374,True,20B_P4_top_region_hysteresis_partial_rebalance_turnover_control_v0,20B_P4_TURNCTL_v0,0.0214107382381,0.00128407000072
F_MIX403030_XD7_R025_CNONE,2025-08,reference_net,2025-08-29,11297777.1062,11524284.5048,0.0200488464705,True,20B_P4_top_region_hysteresis_partial_rebalance_turnover_control_v0,20B_P4_TURNCTL_v0,0.0212920604186,0.00124321394811
F_MIX403030_XD7_R025_CNONE,2025-09,gross_shadow,2025-09-30,11547637,11404389,-0.0124049621581,True,20B_P4_top_region_hysteresis_partial_rebalance_turnover_control_v0,20B_P4_TURNCTL_v0,-0.0146549819574,-0.00225001979938
F_MIX403030_XD7_R025_CNONE,2025-09,reference_net,2025-09-30,11524284.5048,11379717.931,-0.0125445162109,True,20B_P4_top_region_hysteresis_partial_rebalance_turnover_control_v0,20B_P4_TURNCTL_v0,-0.0148953122943,-0.00235079608341
F_MIX403030_XD7_R025_CNONE,2025-10,gross_shadow,2025-10-31,11404389,11603899,0.0174941419483,False,20B_P4_top_region_hysteresis_partial_rebalance_turnover_control_v0,20B_P4_TURNCTL_v0,0.0176421257991,0.000147983850808
F_MIX403030_XD7_R025_CNONE,2025-10,reference_net,2025-10-31,11379717.931,11577834.11,0.01740958609,False,20B_P4_top_region_hysteresis_partial_rebalance_turnover_control_v0,20B_P4_TURNCTL_v0,0.017504769152,9.51830620695e-05
F_MIX403030_XD7_R025_CNONE,2025-11,gross_shadow,2025-11-28,11603899,11508867,-0.00818966107857,False,20B_P4_top_region_hysteresis_partial_rebalance_turnover_control_v0,20B_P4_TURNCTL_v0,-0.00968857869009,-0.00149891761152
F_MIX403030_XD7_R025_CNONE,2025-11,reference_net,2025-11-28,11577834.11,11481239.2118,-0.00834308880934,False,20B_P4_top_region_hysteresis_partial_rebalance_turnover_control_v0,20B_P4_TURNCTL_v0,-0.00995710204626,-0.00161401323691
F_MIX403030_XD7_R025_CNONE,2025-12,gross_shadow,2025-12-31,11508867,11684166,0.0152316470422,False,20B_P4_top_region_hysteresis_partial_rebalance_turnover_control_v0,20B_P4_TURNCTL_v0,0.0171802536106,0.00194860656834
F_MIX403030_XD7_R025_CNONE,2025-12,reference_net,2025-12-31,11481239.2118,11654920.7729,0.0151274229032,False,20B_P4_top_region_hysteresis_partial_rebalance_turnover_control_v0,20B_P4_TURNCTL_v0,0.0170218081883,0.00189438528512
F_MIX403030_XD7_R025_CNONE,2026-01,gross_shadow,2026-01-30,11684166,11842114,0.0135181235871,False,20B_P4_top_region_hysteresis_partial_rebalance_turnover_control_v0,20B_P4_TURNCTL_v0,0.0150287676854,0.00151064409829
F_MIX403030_XD7_R025_CNONE,2026-01,reference_net,2026-01-30,11654920.7729,11811352.1795,0.0134219193471,False,20B_P4_top_region_hysteresis_partial_rebalance_turnover_control_v0,20B_P4_TURNCTL_v0,0.0148684959055,0.00144657655842
F_MIX403030_XD7_R025_CNONE,2026-02,gross_shadow,2026-02-27,11842114,12047422,0.0173371072091,False,20B_P4_top_region_hysteresis_partial_rebalance_turnover_control_v0,20B_P4_TURNCTL_v0,0.020391049042,0.00305394183296
F_MIX403030_XD7_R025_CNONE,2026-02,reference_net,2026-02-27,11811352.1795,12015044.711,0.0172454879344,False,20B_P4_top_region_hysteresis_partial_rebalance_turnover_control_v0,20B_P4_TURNCTL_v0,0.0202325528075,0.00298706487306
F_MIX403030_XD7_R025_CNONE,2026-03,gross_shadow,2026-03-31,12047422,11793088,-0.0211110725598,False,20B_P4_top_region_hysteresis_partial_rebalance_turnover_control_v0,20B_P4_TURNCTL_v0,-0.0159986324444,0.00511244011536
F_MIX403030_XD7_R025_CNONE,2026-03,reference_net,2026-03-31,12015044.711,11759198.1104,-0.0212938533909,False,20B_P4_top_region_hysteresis_partial_rebalance_turnover_control_v0,20B_P4_TURNCTL_v0,-0.0162685275383,0.00502532585256
F_MIX403030_XD7_R025_CNONE,2026-04,gross_shadow,2026-04-30,11793088,11921554,0.0108933300591,True,20B_P4_top_region_hysteresis_partial_rebalance_turnover_control_v0,20B_P4_TURNCTL_v0,0.0130737020465,0.00218037198738
F_MIX403030_XD7_R025_CNONE,2026-04,reference_net,2026-04-30,11759198.1104,11886010.0503,0.0107840635636,True,20B_P4_top_region_hysteresis_partial_rebalance_turnover_control_v0,20B_P4_TURNCTL_v0,0.0128697478741,0.00208568431043
F_MIX403030_XD7_R050_C020,2024-08,gross_shadow,2024-08-30,10000000,9667461,-0.0332539,False,20B_P4_top_region_hysteresis_partial_rebalance_turnover_control_v0,20B_P4_TURNCTL_v0,-0.0332539,0
F_MIX403030_XD7_R050_C020,2024-08,reference_net,2024-08-30,10000000,9659999.0084,-0.03400009916,False,20B_P4_top_region_hysteresis_partial_rebalance_turnover_control_v0,20B_P4_TURNCTL_v0,-0.03400009916,0
F_MIX403030_XD7_R050_C020,2024-09,gross_shadow,2024-09-30,9667461,11203259,0.158862601049,False,20B_P4_top_region_hysteresis_partial_rebalance_turnover_control_v0,20B_P4_TURNCTL_v0,0.158862601049,0
F_MIX403030_XD7_R050_C020,2024-09,reference_net,2024-09-30,9659999.0084,11193670.7718,0.158765209196,False,20B_P4_top_region_hysteresis_partial_rebalance_turnover_control_v0,20B_P4_TURNCTL_v0,0.158765209196,0
F_MIX403030_XD7_R050_C020,2024-10,gross_shadow,2024-10-31,11203259,10735450,-0.0417565103154,True,20B_P4_top_region_hysteresis_partial_rebalance_turnover_control_v0,20B_P4_TURNCTL_v0,-0.0417565103154,0
F_MIX403030_XD7_R050_C020,2024-10,reference_net,2024-10-31,11193670.7718,10723537.3499,-0.0419999329509,True,20B_P4_top_region_hysteresis_partial_rebalance_turnover_control_v0,20B_P4_TURNCTL_v0,-0.0419999329509,0
F_MIX403030_XD7_R050_C020,2024-11,gross_shadow,2024-11-29,10735450,10815261,0.00743434136436,False,20B_P4_top_region_hysteresis_partial_rebalance_turnover_control_v0,20B_P4_TURNCTL_v0,0.00743434136436,0
F_MIX403030_XD7_R050_C020,2024-11,reference_net,2024-11-29,10723537.3499,10801650.0323,0.00728422719772,False,20B_P4_top_region_hysteresis_partial_rebalance_turnover_control_v0,20B_P4_TURNCTL_v0,0.00728422719772,0
F_MIX403030_XD7_R050_C020,2024-12,gross_shadow,2024-12-31,10815261,11071058,0.023651486543,False,20B_P4_top_region_hysteresis_partial_rebalance_turnover_control_v0,20B_P4_TURNCTL_v0,0.023651486543,0
F_MIX403030_XD7_R050_C020,2024-12,reference_net,2024-12-31,10801650.0323,11055551.2986,0.0235057852708,False,20B_P4_top_region_hysteresis_partial_rebalance_turnover_control_v0,20B_P4_TURNCTL_v0,0.0235057852708,0
F_MIX403030_XD7_R050_C020,2025-01,gross_shadow,2025-01-27,11071058,10894641,-0.0159349720686,False,20B_P4_top_region_hysteresis_partial_rebalance_turnover_control_v0,20B_P4_TURNCTL_v0,-0.0159349720686,0
F_MIX403030_XD7_R050_C020,2025-01,reference_net,2025-01-27,11055551.2986,10877146.4104,-0.0161371317804,False,20B_P4_top_region_hysteresis_partial_rebalance_turnover_control_v0,20B_P4_TURNCTL_v0,-0.0161371317804,0
F_MIX403030_XD7_R050_C020,2025-02,gross_shadow,2025-02-28,10894641,10808478,-0.0079087507335,True,20B_P4_top_region_hysteresis_partial_rebalance_turnover_control_v0,20B_P4_TURNCTL_v0,-0.0079087507335,0
F_MIX403030_XD7_R050_C020,2025-02,reference_net,2025-02-28,10877146.4104,10789087.0277,-0.00809581661659,True,20B_P4_top_region_hysteresis_partial_rebalance_turnover_control_v0,20B_P4_TURNCTL_v0,-0.00809581661659,0
F_MIX403030_XD7_R050_C020,2025-03,gross_shadow,2025-03-31,10808478,10953291,0.0133980936076,False,20B_P4_top_region_hysteresis_partial_rebalance_turnover_control_v0,20B_P4_TURNCTL_v0,0.0133980936076,0
F_MIX403030_XD7_R050_C020,2025-03,reference_net,2025-03-31,10789087.0277,10931755.4183,0.0132233978829,False,20B_P4_top_region_hysteresis_partial_rebalance_turnover_control_v0,20B_P4_TURNCTL_v0,0.0132233978829,0
F_MIX403030_XD7_R050_C020,2025-04,gross_shadow,2025-04-30,10953291,10780510,-0.0157743458108,False,20B_P4_top_region_hysteresis_partial_rebalance_turnover_control_v0,20B_P4_TURNCTL_v0,-0.0157743458108,0
F_MIX403030_XD7_R050_C020,2025-04,reference_net,2025-04-30,10931755.4183,10756853.1525,-0.0159994675217,False,20B_P4_top_region_hysteresis_partial_rebalance_turnover_control_v0,20B_P4_TURNCTL_v0,-0.0159994675217,0
F_MIX403030_XD7_R050_C020,2025-05,gross_shadow,2025-05-30,10780510,11016137,0.0218567581682,False,20B_P4_top_region_hysteresis_partial_rebalance_turnover_control_v0,20B_P4_TURNCTL_v0,0.0218567581682,0
F_MIX403030_XD7_R050_C020,2025-05,reference_net,2025-05-30,10756853.1525,10990533.2223,0.021723831916,False,20B_P4_top_region_hysteresis_partial_rebalance_turnover_control_v0,20B_P4_TURNCTL_v0,0.021723831916,0
F_MIX403030_XD7_R050_C020,2025-06,gross_shadow,2025-06-30,11016137,11147573,0.0119312241669,False,20B_P4_top_region_hysteresis_partial_rebalance_turnover_control_v0,20B_P4_TURNCTL_v0,0.0120373412204,0.000106117053555
F_MIX403030_XD7_R050_C020,2025-06,reference_net,2025-06-30,10990533.2223,11119980.7089,0.0117780897416,False,20B_P4_top_region_hysteresis_partial_rebalance_turnover_control_v0,20B_P4_TURNCTL_v0,0.0118812499438,0.000103160202245
F_MIX403030_XD7_R050_C020,2025-07,gross_shadow,2025-07-31,11147573,11325435,0.0159552218227,False,20B_P4_top_region_hysteresis_partial_rebalance_turnover_control_v0,20B_P4_TURNCTL_v0,0.0159705014252,1.52796024602e-05
F_MIX403030_XD7_R050_C020,2025-07,reference_net,2025-07-31,11119980.7089,11295819.4365,0.015812862649,False,20B_P4_top_region_hysteresis_partial_rebalance_turnover_control_v0,20B_P4_TURNCTL_v0,0.0158245945545,1.17319054331e-05
F_MIX403030_XD7_R050_C020,2025-08,gross_shadow,2025-08-29,11325435,11564044,0.0210684181226,True,20B_P4_top_region_hysteresis_partial_rebalance_turnover_control_v0,20B_P4_TURNCTL_v0,0.0214107382381,0.000342320115516
F_MIX403030_XD7_R050_C020,2025-08,reference_net,2025-08-29,11295819.4365,11532583.5871,0.0209603342139,True,20B_P4_top_region_hysteresis_partial_rebalance_turnover_control_v0,20B_P4_TURNCTL_v0,0.0212920604186,0.000331726204692
F_MIX403030_XD7_R050_C020,2025-09,gross_shadow,2025-09-30,11564044,11391381,-0.0149310224001,True,20B_P4_top_region_hysteresis_partial_rebalance_turnover_control_v0,20B_P4_TURNCTL_v0,-0.0146549819574,0.000276040442688
F_MIX403030_XD7_R050_C020,2025-09,reference_net,2025-09-30,11532583.5871,11357756.0282,-0.0151594443343,True,20B_P4_top_region_hysteresis_partial_rebalance_turnover_control_v0,20B_P4_TURNCTL_v0,-0.0148953122943,0.000264132039993
F_MIX403030_XD7_R050_C020,2025-10,gross_shadow,2025-10-31,11391381,11591440,0.0175623131208,False,20B_P4_top_region_hysteresis_partial_rebalance_turnover_control_v0,20B_P4_TURNCTL_v0,0.0176421257991,7.98126783688e-05
F_MIX403030_XD7_R050_C020,2025-10,reference_net,2025-10-31,11357756.0282,11555766.5671,0.0174339489577,False,20B_P4_top_region_hysteresis_partial_rebalance_turnover_control_v0,20B_P4_TURNCTL_v0,0.017504769152,7.0820194322e-05
F_MIX403030_XD7_R050_C020,2025-11,gross_shadow,2025-11-28,11591440,11474892,-0.0100546610257,False,20B_P4_top_region_hysteresis_partial_rebalance_turnover_control_v0,20B_P4_TURNCTL_v0,-0.00968857869009,0.000366082335631
F_MIX403030_XD7_R050_C020,2025-11,reference_net,2025-11-28,11555766.5671,11437019.7848,-0.0102759762064,False,20B_P4_top_region_hysteresis_partial_rebalance_turnover_control_v0,20B_P4_TURNCTL_v0,-0.00995710204626,0.00031887416013
F_MIX403030_XD7_R050_C020,2025-12,gross_shadow,2025-12-31,11474892,11671722,0.0171531026174,False,20B_P4_top_region_hysteresis_partial_rebalance_turnover_control_v0,20B_P4_TURNCTL_v0,0.0171802536106,2.71509931367e-05
F_MIX403030_XD7_R050_C020,2025-12,reference_net,2025-12-31,11437019.7848,11631766.9726,0.0170277914609,False,20B_P4_top_region_hysteresis_partial_rebalance_turnover_control_v0,20B_P4_TURNCTL_v0,0.0170218081883,-5.98327264556e-06
F_MIX403030_XD7_R050_C020,2026-01,gross_shadow,2026-01-30,11671722,11836724,0.0141369028495,False,20B_P4_top_region_hysteresis_partial_rebalance_turnover_control_v0,20B_P4_TURNCTL_v0,0.0150287676854,0.000891864835909
F_MIX403030_XD7_R050_C020,2026-01,reference_net,2026-01-30,11631766.9726,11794720.469,0.0140093501472,False,20B_P4_top_region_hysteresis_partial_rebalance_turnover_control_v0,20B_P4_TURNCTL_v0,0.0148684959055,0.000859145758319
F_MIX403030_XD7_R050_C020,2026-02,gross_shadow,2026-02-27,11836724,12042344,0.0173713605217,False,20B_P4_top_region_hysteresis_partial_rebalance_turnover_control_v0,20B_P4_TURNCTL_v0,0.020391049042,0.00301968852032
F_MIX403030_XD7_R050_C020,2026-02,reference_net,2026-02-27,11794720.469,11998222.9259,0.0172536905368,False,20B_P4_top_region_hysteresis_partial_rebalance_turnover_control_v0,20B_P4_TURNCTL_v0,0.0202325528075,0.00297886227064
F_MIX403030_XD7_R050_C020,2026-03,gross_shadow,2026-03-31,12042344,11828364,-0.017768965909,False,20B_P4_top_region_hysteresis_partial_rebalance_turnover_control_v0,20B_P4_TURNCTL_v0,-0.0159986324444,0.00177033346457
F_MIX403030_XD7_R050_C020,2026-03,reference_net,2026-03-31,11998222.9259,11782226.3439,-0.0180023811329,False,20B_P4_top_region_hysteresis_partial_rebalance_turnover_control_v0,20B_P4_TURNCTL_v0,-0.0162685275383,0.00173385359461
F_MIX403030_XD7_R050_C020,2026-04,gross_shadow,2026-04-30,11828364,11926681,0.00831196943212,True,20B_P4_top_region_hysteresis_partial_rebalance_turnover_control_v0,20B_P4_TURNCTL_v0,0.0130737020465,0.00476173261436
F_MIX403030_XD7_R050_C020,2026-04,reference_net,2026-04-30,11782226.3439,11878385.9489,0.00816141212903,True,20B_P4_top_region_hysteresis_partial_rebalance_turnover_control_v0,20B_P4_TURNCTL_v0,0.0128697478741,0.00470833574503
F_MIX403030_XD7_R050_C030,2024-08,gross_shadow,2024-08-30,10000000,9667461,-0.0332539,False,20B_P4_top_region_hysteresis_partial_rebalance_turnover_control_v0,20B_P4_TURNCTL_v0,-0.0332539,0
F_MIX403030_XD7_R050_C030,2024-08,reference_net,2024-08-30,10000000,9659999.0084,-0.03400009916,False,20B_P4_top_region_hysteresis_partial_rebalance_turnover_control_v0,20B_P4_TURNCTL_v0,-0.03400009916,0
F_MIX403030_XD7_R050_C030,2024-09,gross_shadow,2024-09-30,9667461,11203259,0.158862601049,False,20B_P4_top_region_hysteresis_partial_rebalance_turnover_control_v0,20B_P4_TURNCTL_v0,0.158862601049,0
F_MIX403030_XD7_R050_C030,2024-09,reference_net,2024-09-30,9659999.0084,11193670.7718,0.158765209196,False,20B_P4_top_region_hysteresis_partial_rebalance_turnover_control_v0,20B_P4_TURNCTL_v0,0.158765209196,0
F_MIX403030_XD7_R050_C030,2024-10,gross_shadow,2024-10-31,11203259,10735450,-0.0417565103154,True,20B_P4_top_region_hysteresis_partial_rebalance_turnover_control_v0,20B_P4_TURNCTL_v0,-0.0417565103154,0
F_MIX403030_XD7_R050_C030,2024-10,reference_net,2024-10-31,11193670.7718,10723537.3499,-0.0419999329509,True,20B_P4_top_region_hysteresis_partial_rebalance_turnover_control_v0,20B_P4_TURNCTL_v0,-0.0419999329509,0
F_MIX403030_XD7_R050_C030,2024-11,gross_shadow,2024-11-29,10735450,10815261,0.00743434136436,False,20B_P4_top_region_hysteresis_partial_rebalance_turnover_control_v0,20B_P4_TURNCTL_v0,0.00743434136436,0
F_MIX403030_XD7_R050_C030,2024-11,reference_net,2024-11-29,10723537.3499,10801650.0323,0.00728422719772,False,20B_P4_top_region_hysteresis_partial_rebalance_turnover_control_v0,20B_P4_TURNCTL_v0,0.00728422719772,0
F_MIX403030_XD7_R050_C030,2024-12,gross_shadow,2024-12-31,10815261,11071058,0.023651486543,False,20B_P4_top_region_hysteresis_partial_rebalance_turnover_control_v0,20B_P4_TURNCTL_v0,0.023651486543,0
F_MIX403030_XD7_R050_C030,2024-12,reference_net,2024-12-31,10801650.0323,11055551.2986,0.0235057852708,False,20B_P4_top_region_hysteresis_partial_rebalance_turnover_control_v0,20B_P4_TURNCTL_v0,0.0235057852708,0
F_MIX403030_XD7_R050_C030,2025-01,gross_shadow,2025-01-27,11071058,10894641,-0.0159349720686,False,20B_P4_top_region_hysteresis_partial_rebalance_turnover_control_v0,20B_P4_TURNCTL_v0,-0.0159349720686,0
F_MIX403030_XD7_R050_C030,2025-01,reference_net,2025-01-27,11055551.2986,10877146.4104,-0.0161371317804,False,20B_P4_top_region_hysteresis_partial_rebalance_turnover_control_v0,20B_P4_TURNCTL_v0,-0.0161371317804,0
F_MIX403030_XD7_R050_C030,2025-02,gross_shadow,2025-02-28,10894641,10808478,-0.0079087507335,True,20B_P4_top_region_hysteresis_partial_rebalance_turnover_control_v0,20B_P4_TURNCTL_v0,-0.0079087507335,0
F_MIX403030_XD7_R050_C030,2025-02,reference_net,2025-02-28,10877146.4104,10789087.0277,-0.00809581661659,True,20B_P4_top_region_hysteresis_partial_rebalance_turnover_control_v0,20B_P4_TURNCTL_v0,-0.00809581661659,0
F_MIX403030_XD7_R050_C030,2025-03,gross_shadow,2025-03-31,10808478,10953291,0.0133980936076,False,20B_P4_top_region_hysteresis_partial_rebalance_turnover_control_v0,20B_P4_TURNCTL_v0,0.0133980936076,0
F_MIX403030_XD7_R050_C030,2025-03,reference_net,2025-03-31,10789087.0277,10931755.4183,0.0132233978829,False,20B_P4_top_region_hysteresis_partial_rebalance_turnover_control_v0,20B_P4_TURNCTL_v0,0.0132233978829,0
F_MIX403030_XD7_R050_C030,2025-04,gross_shadow,2025-04-30,10953291,10780510,-0.0157743458108,False,20B_P4_top_region_hysteresis_partial_rebalance_turnover_control_v0,20B_P4_TURNCTL_v0,-0.0157743458108,0
F_MIX403030_XD7_R050_C030,2025-04,reference_net,2025-04-30,10931755.4183,10756853.1525,-0.0159994675217,False,20B_P4_top_region_hysteresis_partial_rebalance_turnover_control_v0,20B_P4_TURNCTL_v0,-0.0159994675217,0
F_MIX403030_XD7_R050_C030,2025-05,gross_shadow,2025-05-30,10780510,11016137,0.0218567581682,False,20B_P4_top_region_hysteresis_partial_rebalance_turnover_control_v0,20B_P4_TURNCTL_v0,0.0218567581682,0
F_MIX403030_XD7_R050_C030,2025-05,reference_net,2025-05-30,10756853.1525,10990533.2223,0.021723831916,False,20B_P4_top_region_hysteresis_partial_rebalance_turnover_control_v0,20B_P4_TURNCTL_v0,0.021723831916,0
F_MIX403030_XD7_R050_C030,2025-06,gross_shadow,2025-06-30,11016137,11148742,0.0120373412204,False,20B_P4_top_region_hysteresis_partial_rebalance_turnover_control_v0,20B_P4_TURNCTL_v0,0.0120373412204,0
F_MIX403030_XD7_R050_C030,2025-06,reference_net,2025-06-30,10990533.2223,11121114.4945,0.0118812499438,False,20B_P4_top_region_hysteresis_partial_rebalance_turnover_control_v0,20B_P4_TURNCTL_v0,0.0118812499438,0
F_MIX403030_XD7_R050_C030,2025-07,gross_shadow,2025-07-31,11148742,11326793,0.0159705014252,False,20B_P4_top_region_hysteresis_partial_rebalance_turnover_control_v0,20B_P4_TURNCTL_v0,0.0159705014252,0
F_MIX403030_XD7_R050_C030,2025-07,reference_net,2025-07-31,11121114.4945,11297101.6224,0.0158245945545,False,20B_P4_top_region_hysteresis_partial_rebalance_turnover_control_v0,20B_P4_TURNCTL_v0,0.0158245945545,0
F_MIX403030_XD7_R050_C030,2025-08,gross_shadow,2025-08-29,11326793,11569308,0.0214107382381,True,20B_P4_top_region_hysteresis_partial_rebalance_turnover_control_v0,20B_P4_TURNCTL_v0,0.0214107382381,0
F_MIX403030_XD7_R050_C030,2025-08,reference_net,2025-08-29,11297101.6224,11537640.1927,0.0212920604186,True,20B_P4_top_region_hysteresis_partial_rebalance_turnover_control_v0,20B_P4_TURNCTL_v0,0.0212920604186,0
F_MIX403030_XD7_R050_C030,2025-09,gross_shadow,2025-09-30,11569308,11399760,-0.0146549819574,True,20B_P4_top_region_hysteresis_partial_rebalance_turnover_control_v0,20B_P4_TURNCTL_v0,-0.0146549819574,0
F_MIX403030_XD7_R050_C030,2025-09,reference_net,2025-09-30,11537640.1927,11365783.4389,-0.0148953122943,True,20B_P4_top_region_hysteresis_partial_rebalance_turnover_control_v0,20B_P4_TURNCTL_v0,-0.0148953122943,0
F_MIX403030_XD7_R050_C030,2025-10,gross_shadow,2025-10-31,11399760,11600876,0.0176421257991,False,20B_P4_top_region_hysteresis_partial_rebalance_turnover_control_v0,20B_P4_TURNCTL_v0,0.0176421257991,0
F_MIX403030_XD7_R050_C030,2025-10,reference_net,2025-10-31,11365783.4389,11564738.8542,0.017504769152,False,20B_P4_top_region_hysteresis_partial_rebalance_turnover_control_v0,20B_P4_TURNCTL_v0,0.017504769152,0
F_MIX403030_XD7_R050_C030,2025-11,gross_shadow,2025-11-28,11600876,11488480,-0.00968857869009,False,20B_P4_top_region_hysteresis_partial_rebalance_turnover_control_v0,20B_P4_TURNCTL_v0,-0.00968857869009,0
F_MIX403030_XD7_R050_C030,2025-11,reference_net,2025-11-28,11564738.8542,11449587.5693,-0.00995710204626,False,20B_P4_top_region_hysteresis_partial_rebalance_turnover_control_v0,20B_P4_TURNCTL_v0,-0.00995710204626,0
F_MIX403030_XD7_R050_C030,2025-12,gross_shadow,2025-12-31,11488480,11685855,0.0171802536106,False,20B_P4_top_region_hysteresis_partial_rebalance_turnover_control_v0,20B_P4_TURNCTL_v0,0.0171802536106,0
F_MIX403030_XD7_R050_C030,2025-12,reference_net,2025-12-31,11449587.5693,11644480.2528,0.0170218081883,False,20B_P4_top_region_hysteresis_partial_rebalance_turnover_control_v0,20B_P4_TURNCTL_v0,0.0170218081883,0
F_MIX403030_XD7_R050_C030,2026-01,gross_shadow,2026-01-30,11685855,11861479,0.0150287676854,False,20B_P4_top_region_hysteresis_partial_rebalance_turnover_control_v0,20B_P4_TURNCTL_v0,0.0150287676854,0
F_MIX403030_XD7_R050_C030,2026-01,reference_net,2026-01-30,11644480.2528,11817616.1597,0.0148684959055,False,20B_P4_top_region_hysteresis_partial_rebalance_turnover_control_v0,20B_P4_TURNCTL_v0,0.0148684959055,0
F_MIX403030_XD7_R050_C030,2026-02,gross_shadow,2026-02-27,11861479,12103347,0.020391049042,False,20B_P4_top_region_hysteresis_partial_rebalance_turnover_control_v0,20B_P4_TURNCTL_v0,0.020391049042,0
F_MIX403030_XD7_R050_C030,2026-02,reference_net,2026-02-27,11817616.1597,12056716.7027,0.0202325528075,False,20B_P4_top_region_hysteresis_partial_rebalance_turnover_control_v0,20B_P4_TURNCTL_v0,0.0202325528075,0
F_MIX403030_XD7_R050_C030,2026-03,gross_shadow,2026-03-31,12103347,11909710,-0.0159986324444,False,20B_P4_top_region_hysteresis_partial_rebalance_turnover_control_v0,20B_P4_TURNCTL_v0,-0.0159986324444,0
F_MIX403030_XD7_R050_C030,2026-03,reference_net,2026-03-31,12056716.7027,11860571.675,-0.0162685275383,False,20B_P4_top_region_hysteresis_partial_rebalance_turnover_control_v0,20B_P4_TURNCTL_v0,-0.0162685275383,0
F_MIX403030_XD7_R050_C030,2026-04,gross_shadow,2026-04-30,11909710,12065414,0.0130737020465,True,20B_P4_top_region_hysteresis_partial_rebalance_turnover_control_v0,20B_P4_TURNCTL_v0,0.0130737020465,0
F_MIX403030_XD7_R050_C030,2026-04,reference_net,2026-04-30,11860571.675,12013214.2421,0.0128697478741,True,20B_P4_top_region_hysteresis_partial_rebalance_turnover_control_v0,20B_P4_TURNCTL_v0,0.0128697478741,0
F_MIX403030_XD7_R050_C040,2024-08,gross_shadow,2024-08-30,10000000,9667461,-0.0332539,False,20B_P4_top_region_hysteresis_partial_rebalance_turnover_control_v0,20B_P4_TURNCTL_v0,-0.0332539,0
F_MIX403030_XD7_R050_C040,2024-08,reference_net,2024-08-30,10000000,9659999.0084,-0.03400009916,False,20B_P4_top_region_hysteresis_partial_rebalance_turnover_control_v0,20B_P4_TURNCTL_v0,-0.03400009916,0
F_MIX403030_XD7_R050_C040,2024-09,gross_shadow,2024-09-30,9667461,11203259,0.158862601049,False,20B_P4_top_region_hysteresis_partial_rebalance_turnover_control_v0,20B_P4_TURNCTL_v0,0.158862601049,0
F_MIX403030_XD7_R050_C040,2024-09,reference_net,2024-09-30,9659999.0084,11193670.7718,0.158765209196,False,20B_P4_top_region_hysteresis_partial_rebalance_turnover_control_v0,20B_P4_TURNCTL_v0,0.158765209196,0
F_MIX403030_XD7_R050_C040,2024-10,gross_shadow,2024-10-31,11203259,10735450,-0.0417565103154,True,20B_P4_top_region_hysteresis_partial_rebalance_turnover_control_v0,20B_P4_TURNCTL_v0,-0.0417565103154,0
F_MIX403030_XD7_R050_C040,2024-10,reference_net,2024-10-31,11193670.7718,10723537.3499,-0.0419999329509,True,20B_P4_top_region_hysteresis_partial_rebalance_turnover_control_v0,20B_P4_TURNCTL_v0,-0.0419999329509,0
F_MIX403030_XD7_R050_C040,2024-11,gross_shadow,2024-11-29,10735450,10815261,0.00743434136436,False,20B_P4_top_region_hysteresis_partial_rebalance_turnover_control_v0,20B_P4_TURNCTL_v0,0.00743434136436,0
F_MIX403030_XD7_R050_C040,2024-11,reference_net,2024-11-29,10723537.3499,10801650.0323,0.00728422719772,False,20B_P4_top_region_hysteresis_partial_rebalance_turnover_control_v0,20B_P4_TURNCTL_v0,0.00728422719772,0
F_MIX403030_XD7_R050_C040,2024-12,gross_shadow,2024-12-31,10815261,11071058,0.023651486543,False,20B_P4_top_region_hysteresis_partial_rebalance_turnover_control_v0,20B_P4_TURNCTL_v0,0.023651486543,0
F_MIX403030_XD7_R050_C040,2024-12,reference_net,2024-12-31,10801650.0323,11055551.2986,0.0235057852708,False,20B_P4_top_region_hysteresis_partial_rebalance_turnover_control_v0,20B_P4_TURNCTL_v0,0.0235057852708,0
F_MIX403030_XD7_R050_C040,2025-01,gross_shadow,2025-01-27,11071058,10894641,-0.0159349720686,False,20B_P4_top_region_hysteresis_partial_rebalance_turnover_control_v0,20B_P4_TURNCTL_v0,-0.0159349720686,0
F_MIX403030_XD7_R050_C040,2025-01,reference_net,2025-01-27,11055551.2986,10877146.4104,-0.0161371317804,False,20B_P4_top_region_hysteresis_partial_rebalance_turnover_control_v0,20B_P4_TURNCTL_v0,-0.0161371317804,0
F_MIX403030_XD7_R050_C040,2025-02,gross_shadow,2025-02-28,10894641,10808478,-0.0079087507335,True,20B_P4_top_region_hysteresis_partial_rebalance_turnover_control_v0,20B_P4_TURNCTL_v0,-0.0079087507335,0
F_MIX403030_XD7_R050_C040,2025-02,reference_net,2025-02-28,10877146.4104,10789087.0277,-0.00809581661659,True,20B_P4_top_region_hysteresis_partial_rebalance_turnover_control_v0,20B_P4_TURNCTL_v0,-0.00809581661659,0
F_MIX403030_XD7_R050_C040,2025-03,gross_shadow,2025-03-31,10808478,10953291,0.0133980936076,False,20B_P4_top_region_hysteresis_partial_rebalance_turnover_control_v0,20B_P4_TURNCTL_v0,0.0133980936076,0
F_MIX403030_XD7_R050_C040,2025-03,reference_net,2025-03-31,10789087.0277,10931755.4183,0.0132233978829,False,20B_P4_top_region_hysteresis_partial_rebalance_turnover_control_v0,20B_P4_TURNCTL_v0,0.0132233978829,0
F_MIX403030_XD7_R050_C040,2025-04,gross_shadow,2025-04-30,10953291,10780510,-0.0157743458108,False,20B_P4_top_region_hysteresis_partial_rebalance_turnover_control_v0,20B_P4_TURNCTL_v0,-0.0157743458108,0
F_MIX403030_XD7_R050_C040,2025-04,reference_net,2025-04-30,10931755.4183,10756853.1525,-0.0159994675217,False,20B_P4_top_region_hysteresis_partial_rebalance_turnover_control_v0,20B_P4_TURNCTL_v0,-0.0159994675217,0
F_MIX403030_XD7_R050_C040,2025-05,gross_shadow,2025-05-30,10780510,11016137,0.0218567581682,False,20B_P4_top_region_hysteresis_partial_rebalance_turnover_control_v0,20B_P4_TURNCTL_v0,0.0218567581682,0
F_MIX403030_XD7_R050_C040,2025-05,reference_net,2025-05-30,10756853.1525,10990533.2223,0.021723831916,False,20B_P4_top_region_hysteresis_partial_rebalance_turnover_control_v0,20B_P4_TURNCTL_v0,0.021723831916,0
F_MIX403030_XD7_R050_C040,2025-06,gross_shadow,2025-06-30,11016137,11148742,0.0120373412204,False,20B_P4_top_region_hysteresis_partial_rebalance_turnover_control_v0,20B_P4_TURNCTL_v0,0.0120373412204,0
F_MIX403030_XD7_R050_C040,2025-06,reference_net,2025-06-30,10990533.2223,11121114.4945,0.0118812499438,False,20B_P4_top_region_hysteresis_partial_rebalance_turnover_control_v0,20B_P4_TURNCTL_v0,0.0118812499438,0
F_MIX403030_XD7_R050_C040,2025-07,gross_shadow,2025-07-31,11148742,11326793,0.0159705014252,False,20B_P4_top_region_hysteresis_partial_rebalance_turnover_control_v0,20B_P4_TURNCTL_v0,0.0159705014252,0
F_MIX403030_XD7_R050_C040,2025-07,reference_net,2025-07-31,11121114.4945,11297101.6224,0.0158245945545,False,20B_P4_top_region_hysteresis_partial_rebalance_turnover_control_v0,20B_P4_TURNCTL_v0,0.0158245945545,0
F_MIX403030_XD7_R050_C040,2025-08,gross_shadow,2025-08-29,11326793,11569308,0.0214107382381,True,20B_P4_top_region_hysteresis_partial_rebalance_turnover_control_v0,20B_P4_TURNCTL_v0,0.0214107382381,0
F_MIX403030_XD7_R050_C040,2025-08,reference_net,2025-08-29,11297101.6224,11537640.1927,0.0212920604186,True,20B_P4_top_region_hysteresis_partial_rebalance_turnover_control_v0,20B_P4_TURNCTL_v0,0.0212920604186,0
F_MIX403030_XD7_R050_C040,2025-09,gross_shadow,2025-09-30,11569308,11399760,-0.0146549819574,True,20B_P4_top_region_hysteresis_partial_rebalance_turnover_control_v0,20B_P4_TURNCTL_v0,-0.0146549819574,0
F_MIX403030_XD7_R050_C040,2025-09,reference_net,2025-09-30,11537640.1927,11365783.4389,-0.0148953122943,True,20B_P4_top_region_hysteresis_partial_rebalance_turnover_control_v0,20B_P4_TURNCTL_v0,-0.0148953122943,0
F_MIX403030_XD7_R050_C040,2025-10,gross_shadow,2025-10-31,11399760,11600876,0.0176421257991,False,20B_P4_top_region_hysteresis_partial_rebalance_turnover_control_v0,20B_P4_TURNCTL_v0,0.0176421257991,0
F_MIX403030_XD7_R050_C040,2025-10,reference_net,2025-10-31,11365783.4389,11564738.8542,0.017504769152,False,20B_P4_top_region_hysteresis_partial_rebalance_turnover_control_v0,20B_P4_TURNCTL_v0,0.017504769152,0
F_MIX403030_XD7_R050_C040,2025-11,gross_shadow,2025-11-28,11600876,11488480,-0.00968857869009,False,20B_P4_top_region_hysteresis_partial_rebalance_turnover_control_v0,20B_P4_TURNCTL_v0,-0.00968857869009,0
F_MIX403030_XD7_R050_C040,2025-11,reference_net,2025-11-28,11564738.8542,11449587.5693,-0.00995710204626,False,20B_P4_top_region_hysteresis_partial_rebalance_turnover_control_v0,20B_P4_TURNCTL_v0,-0.00995710204626,0
F_MIX403030_XD7_R050_C040,2025-12,gross_shadow,2025-12-31,11488480,11685855,0.0171802536106,False,20B_P4_top_region_hysteresis_partial_rebalance_turnover_control_v0,20B_P4_TURNCTL_v0,0.0171802536106,0
F_MIX403030_XD7_R050_C040,2025-12,reference_net,2025-12-31,11449587.5693,11644480.2528,0.0170218081883,False,20B_P4_top_region_hysteresis_partial_rebalance_turnover_control_v0,20B_P4_TURNCTL_v0,0.0170218081883,0
F_MIX403030_XD7_R050_C040,2026-01,gross_shadow,2026-01-30,11685855,11861479,0.0150287676854,False,20B_P4_top_region_hysteresis_partial_rebalance_turnover_control_v0,20B_P4_TURNCTL_v0,0.0150287676854,0
F_MIX403030_XD7_R050_C040,2026-01,reference_net,2026-01-30,11644480.2528,11817616.1597,0.0148684959055,False,20B_P4_top_region_hysteresis_partial_rebalance_turnover_control_v0,20B_P4_TURNCTL_v0,0.0148684959055,0
F_MIX403030_XD7_R050_C040,2026-02,gross_shadow,2026-02-27,11861479,12103347,0.020391049042,False,20B_P4_top_region_hysteresis_partial_rebalance_turnover_control_v0,20B_P4_TURNCTL_v0,0.020391049042,0
F_MIX403030_XD7_R050_C040,2026-02,reference_net,2026-02-27,11817616.1597,12056716.7027,0.0202325528075,False,20B_P4_top_region_hysteresis_partial_rebalance_turnover_control_v0,20B_P4_TURNCTL_v0,0.0202325528075,0
F_MIX403030_XD7_R050_C040,2026-03,gross_shadow,2026-03-31,12103347,11909710,-0.0159986324444,False,20B_P4_top_region_hysteresis_partial_rebalance_turnover_control_v0,20B_P4_TURNCTL_v0,-0.0159986324444,0
F_MIX403030_XD7_R050_C040,2026-03,reference_net,2026-03-31,12056716.7027,11860571.675,-0.0162685275383,False,20B_P4_top_region_hysteresis_partial_rebalance_turnover_control_v0,20B_P4_TURNCTL_v0,-0.0162685275383,0
F_MIX403030_XD7_R050_C040,2026-04,gross_shadow,2026-04-30,11909710,12065414,0.0130737020465,True,20B_P4_top_region_hysteresis_partial_rebalance_turnover_control_v0,20B_P4_TURNCTL_v0,0.0130737020465,0
F_MIX403030_XD7_R050_C040,2026-04,reference_net,2026-04-30,11860571.675,12013214.2421,0.0128697478741,True,20B_P4_top_region_hysteresis_partial_rebalance_turnover_control_v0,20B_P4_TURNCTL_v0,0.0128697478741,0
F_MIX403030_XD7_R050_CNONE,2024-08,gross_shadow,2024-08-30,10000000,9667461,-0.0332539,False,20B_P4_top_region_hysteresis_partial_rebalance_turnover_control_v0,20B_P4_TURNCTL_v0,-0.0332539,0
F_MIX403030_XD7_R050_CNONE,2024-08,reference_net,2024-08-30,10000000,9659999.0084,-0.03400009916,False,20B_P4_top_region_hysteresis_partial_rebalance_turnover_control_v0,20B_P4_TURNCTL_v0,-0.03400009916,0
F_MIX403030_XD7_R050_CNONE,2024-09,gross_shadow,2024-09-30,9667461,11203259,0.158862601049,False,20B_P4_top_region_hysteresis_partial_rebalance_turnover_control_v0,20B_P4_TURNCTL_v0,0.158862601049,0
F_MIX403030_XD7_R050_CNONE,2024-09,reference_net,2024-09-30,9659999.0084,11193670.7718,0.158765209196,False,20B_P4_top_region_hysteresis_partial_rebalance_turnover_control_v0,20B_P4_TURNCTL_v0,0.158765209196,0
F_MIX403030_XD7_R050_CNONE,2024-10,gross_shadow,2024-10-31,11203259,10735450,-0.0417565103154,True,20B_P4_top_region_hysteresis_partial_rebalance_turnover_control_v0,20B_P4_TURNCTL_v0,-0.0417565103154,0
F_MIX403030_XD7_R050_CNONE,2024-10,reference_net,2024-10-31,11193670.7718,10723537.3499,-0.0419999329509,True,20B_P4_top_region_hysteresis_partial_rebalance_turnover_control_v0,20B_P4_TURNCTL_v0,-0.0419999329509,0
F_MIX403030_XD7_R050_CNONE,2024-11,gross_shadow,2024-11-29,10735450,10815261,0.00743434136436,False,20B_P4_top_region_hysteresis_partial_rebalance_turnover_control_v0,20B_P4_TURNCTL_v0,0.00743434136436,0
F_MIX403030_XD7_R050_CNONE,2024-11,reference_net,2024-11-29,10723537.3499,10801650.0323,0.00728422719772,False,20B_P4_top_region_hysteresis_partial_rebalance_turnover_control_v0,20B_P4_TURNCTL_v0,0.00728422719772,0
F_MIX403030_XD7_R050_CNONE,2024-12,gross_shadow,2024-12-31,10815261,11071058,0.023651486543,False,20B_P4_top_region_hysteresis_partial_rebalance_turnover_control_v0,20B_P4_TURNCTL_v0,0.023651486543,0
F_MIX403030_XD7_R050_CNONE,2024-12,reference_net,2024-12-31,10801650.0323,11055551.2986,0.0235057852708,False,20B_P4_top_region_hysteresis_partial_rebalance_turnover_control_v0,20B_P4_TURNCTL_v0,0.0235057852708,0
F_MIX403030_XD7_R050_CNONE,2025-01,gross_shadow,2025-01-27,11071058,10894641,-0.0159349720686,False,20B_P4_top_region_hysteresis_partial_rebalance_turnover_control_v0,20B_P4_TURNCTL_v0,-0.0159349720686,0
F_MIX403030_XD7_R050_CNONE,2025-01,reference_net,2025-01-27,11055551.2986,10877146.4104,-0.0161371317804,False,20B_P4_top_region_hysteresis_partial_rebalance_turnover_control_v0,20B_P4_TURNCTL_v0,-0.0161371317804,0
F_MIX403030_XD7_R050_CNONE,2025-02,gross_shadow,2025-02-28,10894641,10808478,-0.0079087507335,True,20B_P4_top_region_hysteresis_partial_rebalance_turnover_control_v0,20B_P4_TURNCTL_v0,-0.0079087507335,0
F_MIX403030_XD7_R050_CNONE,2025-02,reference_net,2025-02-28,10877146.4104,10789087.0277,-0.00809581661659,True,20B_P4_top_region_hysteresis_partial_rebalance_turnover_control_v0,20B_P4_TURNCTL_v0,-0.00809581661659,0
F_MIX403030_XD7_R050_CNONE,2025-03,gross_shadow,2025-03-31,10808478,10953291,0.0133980936076,False,20B_P4_top_region_hysteresis_partial_rebalance_turnover_control_v0,20B_P4_TURNCTL_v0,0.0133980936076,0
F_MIX403030_XD7_R050_CNONE,2025-03,reference_net,2025-03-31,10789087.0277,10931755.4183,0.0132233978829,False,20B_P4_top_region_hysteresis_partial_rebalance_turnover_control_v0,20B_P4_TURNCTL_v0,0.0132233978829,0
F_MIX403030_XD7_R050_CNONE,2025-04,gross_shadow,2025-04-30,10953291,10780510,-0.0157743458108,False,20B_P4_top_region_hysteresis_partial_rebalance_turnover_control_v0,20B_P4_TURNCTL_v0,-0.0157743458108,0
F_MIX403030_XD7_R050_CNONE,2025-04,reference_net,2025-04-30,10931755.4183,10756853.1525,-0.0159994675217,False,20B_P4_top_region_hysteresis_partial_rebalance_turnover_control_v0,20B_P4_TURNCTL_v0,-0.0159994675217,0
F_MIX403030_XD7_R050_CNONE,2025-05,gross_shadow,2025-05-30,10780510,11016137,0.0218567581682,False,20B_P4_top_region_hysteresis_partial_rebalance_turnover_control_v0,20B_P4_TURNCTL_v0,0.0218567581682,0
F_MIX403030_XD7_R050_CNONE,2025-05,reference_net,2025-05-30,10756853.1525,10990533.2223,0.021723831916,False,20B_P4_top_region_hysteresis_partial_rebalance_turnover_control_v0,20B_P4_TURNCTL_v0,0.021723831916,0
F_MIX403030_XD7_R050_CNONE,2025-06,gross_shadow,2025-06-30,11016137,11148742,0.0120373412204,False,20B_P4_top_region_hysteresis_partial_rebalance_turnover_control_v0,20B_P4_TURNCTL_v0,0.0120373412204,0
F_MIX403030_XD7_R050_CNONE,2025-06,reference_net,2025-06-30,10990533.2223,11121114.4945,0.0118812499438,False,20B_P4_top_region_hysteresis_partial_rebalance_turnover_control_v0,20B_P4_TURNCTL_v0,0.0118812499438,0
F_MIX403030_XD7_R050_CNONE,2025-07,gross_shadow,2025-07-31,11148742,11326793,0.0159705014252,False,20B_P4_top_region_hysteresis_partial_rebalance_turnover_control_v0,20B_P4_TURNCTL_v0,0.0159705014252,0
F_MIX403030_XD7_R050_CNONE,2025-07,reference_net,2025-07-31,11121114.4945,11297101.6224,0.0158245945545,False,20B_P4_top_region_hysteresis_partial_rebalance_turnover_control_v0,20B_P4_TURNCTL_v0,0.0158245945545,0
F_MIX403030_XD7_R050_CNONE,2025-08,gross_shadow,2025-08-29,11326793,11569308,0.0214107382381,True,20B_P4_top_region_hysteresis_partial_rebalance_turnover_control_v0,20B_P4_TURNCTL_v0,0.0214107382381,0
F_MIX403030_XD7_R050_CNONE,2025-08,reference_net,2025-08-29,11297101.6224,11537640.1927,0.0212920604186,True,20B_P4_top_region_hysteresis_partial_rebalance_turnover_control_v0,20B_P4_TURNCTL_v0,0.0212920604186,0
F_MIX403030_XD7_R050_CNONE,2025-09,gross_shadow,2025-09-30,11569308,11399760,-0.0146549819574,True,20B_P4_top_region_hysteresis_partial_rebalance_turnover_control_v0,20B_P4_TURNCTL_v0,-0.0146549819574,0
F_MIX403030_XD7_R050_CNONE,2025-09,reference_net,2025-09-30,11537640.1927,11365783.4389,-0.0148953122943,True,20B_P4_top_region_hysteresis_partial_rebalance_turnover_control_v0,20B_P4_TURNCTL_v0,-0.0148953122943,0
F_MIX403030_XD7_R050_CNONE,2025-10,gross_shadow,2025-10-31,11399760,11600876,0.0176421257991,False,20B_P4_top_region_hysteresis_partial_rebalance_turnover_control_v0,20B_P4_TURNCTL_v0,0.0176421257991,0
F_MIX403030_XD7_R050_CNONE,2025-10,reference_net,2025-10-31,11365783.4389,11564738.8542,0.017504769152,False,20B_P4_top_region_hysteresis_partial_rebalance_turnover_control_v0,20B_P4_TURNCTL_v0,0.017504769152,0
F_MIX403030_XD7_R050_CNONE,2025-11,gross_shadow,2025-11-28,11600876,11488480,-0.00968857869009,False,20B_P4_top_region_hysteresis_partial_rebalance_turnover_control_v0,20B_P4_TURNCTL_v0,-0.00968857869009,0
F_MIX403030_XD7_R050_CNONE,2025-11,reference_net,2025-11-28,11564738.8542,11449587.5693,-0.00995710204626,False,20B_P4_top_region_hysteresis_partial_rebalance_turnover_control_v0,20B_P4_TURNCTL_v0,-0.00995710204626,0
F_MIX403030_XD7_R050_CNONE,2025-12,gross_shadow,2025-12-31,11488480,11685855,0.0171802536106,False,20B_P4_top_region_hysteresis_partial_rebalance_turnover_control_v0,20B_P4_TURNCTL_v0,0.0171802536106,0
F_MIX403030_XD7_R050_CNONE,2025-12,reference_net,2025-12-31,11449587.5693,11644480.2528,0.0170218081883,False,20B_P4_top_region_hysteresis_partial_rebalance_turnover_control_v0,20B_P4_TURNCTL_v0,0.0170218081883,0
F_MIX403030_XD7_R050_CNONE,2026-01,gross_shadow,2026-01-30,11685855,11861479,0.0150287676854,False,20B_P4_top_region_hysteresis_partial_rebalance_turnover_control_v0,20B_P4_TURNCTL_v0,0.0150287676854,0
F_MIX403030_XD7_R050_CNONE,2026-01,reference_net,2026-01-30,11644480.2528,11817616.1597,0.0148684959055,False,20B_P4_top_region_hysteresis_partial_rebalance_turnover_control_v0,20B_P4_TURNCTL_v0,0.0148684959055,0
F_MIX403030_XD7_R050_CNONE,2026-02,gross_shadow,2026-02-27,11861479,12103347,0.020391049042,False,20B_P4_top_region_hysteresis_partial_rebalance_turnover_control_v0,20B_P4_TURNCTL_v0,0.020391049042,0
F_MIX403030_XD7_R050_CNONE,2026-02,reference_net,2026-02-27,11817616.1597,12056716.7027,0.0202325528075,False,20B_P4_top_region_hysteresis_partial_rebalance_turnover_control_v0,20B_P4_TURNCTL_v0,0.0202325528075,0
F_MIX403030_XD7_R050_CNONE,2026-03,gross_shadow,2026-03-31,12103347,11909710,-0.0159986324444,False,20B_P4_top_region_hysteresis_partial_rebalance_turnover_control_v0,20B_P4_TURNCTL_v0,-0.0159986324444,0
F_MIX403030_XD7_R050_CNONE,2026-03,reference_net,2026-03-31,12056716.7027,11860571.675,-0.0162685275383,False,20B_P4_top_region_hysteresis_partial_rebalance_turnover_control_v0,20B_P4_TURNCTL_v0,-0.0162685275383,0
F_MIX403030_XD7_R050_CNONE,2026-04,gross_shadow,2026-04-30,11909710,12065414,0.0130737020465,True,20B_P4_top_region_hysteresis_partial_rebalance_turnover_control_v0,20B_P4_TURNCTL_v0,0.0130737020465,0
F_MIX403030_XD7_R050_CNONE,2026-04,reference_net,2026-04-30,11860571.675,12013214.2421,0.0128697478741,True,20B_P4_top_region_hysteresis_partial_rebalance_turnover_control_v0,20B_P4_TURNCTL_v0,0.0128697478741,0
F_MIX403030_XD7_R100_C020,2024-08,gross_shadow,2024-08-30,10000000,9667461,-0.0332539,False,20B_P4_top_region_hysteresis_partial_rebalance_turnover_control_v0,20B_P4_TURNCTL_v0,-0.0332539,0
F_MIX403030_XD7_R100_C020,2024-08,reference_net,2024-08-30,10000000,9659999.0084,-0.03400009916,False,20B_P4_top_region_hysteresis_partial_rebalance_turnover_control_v0,20B_P4_TURNCTL_v0,-0.03400009916,0
F_MIX403030_XD7_R100_C020,2024-09,gross_shadow,2024-09-30,9667461,11136480,0.15195499625,False,20B_P4_top_region_hysteresis_partial_rebalance_turnover_control_v0,20B_P4_TURNCTL_v0,0.158862601049,0.00690760479923
F_MIX403030_XD7_R100_C020,2024-09,reference_net,2024-09-30,9659999.0084,11125840.4609,0.151743437162,False,20B_P4_top_region_hysteresis_partial_rebalance_turnover_control_v0,20B_P4_TURNCTL_v0,0.158765209196,0.00702177203341
F_MIX403030_XD7_R100_C020,2024-10,gross_shadow,2024-10-31,11136480,10689917,-0.040099115699,True,20B_P4_top_region_hysteresis_partial_rebalance_turnover_control_v0,20B_P4_TURNCTL_v0,-0.0417565103154,-0.0016573946164
F_MIX403030_XD7_R100_C020,2024-10,reference_net,2024-10-31,11125840.4609,10676323.8507,-0.0404029351166,True,20B_P4_top_region_hysteresis_partial_rebalance_turnover_control_v0,20B_P4_TURNCTL_v0,-0.0419999329509,-0.00159699783431
F_MIX403030_XD7_R100_C020,2024-11,gross_shadow,2024-11-29,10689917,10761590,0.00670472932577,False,20B_P4_top_region_hysteresis_partial_rebalance_turnover_control_v0,20B_P4_TURNCTL_v0,0.00743434136436,0.000729612038583
F_MIX403030_XD7_R100_C020,2024-11,reference_net,2024-11-29,10676323.8507,10745919.8607,0.00651872414265,False,20B_P4_top_region_hysteresis_partial_rebalance_turnover_control_v0,20B_P4_TURNCTL_v0,0.00728422719772,0.000765503055076
F_MIX403030_XD7_R100_C020,2024-12,gross_shadow,2024-12-31,10761590,11014776,0.0235268208508,False,20B_P4_top_region_hysteresis_partial_rebalance_turnover_control_v0,20B_P4_TURNCTL_v0,0.023651486543,0.000124665692129
F_MIX403030_XD7_R100_C020,2024-12,reference_net,2024-12-31,10745919.8607,10996656.326,0.0233331784147,False,20B_P4_top_region_hysteresis_partial_rebalance_turnover_control_v0,20B_P4_TURNCTL_v0,0.0235057852708,0.000172606856054
F_MIX403030_XD7_R100_C020,2025-01,gross_shadow,2025-01-27,11014776,10827884,-0.016967389986,False,20B_P4_top_region_hysteresis_partial_rebalance_turnover_control_v0,20B_P4_TURNCTL_v0,-0.0159349720686,0.00103241791735
F_MIX403030_XD7_R100_C020,2025-01,reference_net,2025-01-27,10996656.326,10807246.3523,-0.0172243242068,False,20B_P4_top_region_hysteresis_partial_rebalance_turnover_control_v0,20B_P4_TURNCTL_v0,-0.0161371317804,0.00108719242634
F_MIX403030_XD7_R100_C020,2025-02,gross_shadow,2025-02-28,10827884,10745217,-0.00763464034155,True,20B_P4_top_region_hysteresis_partial_rebalance_turnover_control_v0,20B_P4_TURNCTL_v0,-0.0079087507335,-0.000274110391955
F_MIX403030_XD7_R100_C020,2025-02,reference_net,2025-02-28,10807246.3523,10722318.6134,-0.00785840685976,True,20B_P4_top_region_hysteresis_partial_rebalance_turnover_control_v0,20B_P4_TURNCTL_v0,-0.00809581661659,-0.000237409756826
F_MIX403030_XD7_R100_C020,2025-03,gross_shadow,2025-03-31,10745217,10892154,0.0136746424014,False,20B_P4_top_region_hysteresis_partial_rebalance_turnover_control_v0,20B_P4_TURNCTL_v0,0.0133980936076,-0.00027654879373
F_MIX403030_XD7_R100_C020,2025-03,reference_net,2025-03-31,10722318.6134,10866877.2411,0.0134820305982,False,20B_P4_top_region_hysteresis_partial_rebalance_turnover_control_v0,20B_P4_TURNCTL_v0,0.0132233978829,-0.000258632715369
F_MIX403030_XD7_R100_C020,2025-04,gross_shadow,2025-04-30,10892154,10725065,-0.0153403082623,False,20B_P4_top_region_hysteresis_partial_rebalance_turnover_control_v0,20B_P4_TURNCTL_v0,-0.0157743458108,-0.000434037548511
F_MIX403030_XD7_R100_C020,2025-04,reference_net,2025-04-30,10866877.2411,10697503.9596,-0.0155861962662,False,20B_P4_top_region_hysteresis_partial_rebalance_turnover_control_v0,20B_P4_TURNCTL_v0,-0.0159994675217,-0.000413271255508
F_MIX403030_XD7_R100_C020,2025-05,gross_shadow,2025-05-30,10725065,10963641,0.0222447136684,False,20B_P4_top_region_hysteresis_partial_rebalance_turnover_control_v0,20B_P4_TURNCTL_v0,0.0218567581682,-0.000387955500189
F_MIX403030_XD7_R100_C020,2025-05,reference_net,2025-05-30,10697503.9596,10934001.6807,0.0221077479442,False,20B_P4_top_region_hysteresis_partial_rebalance_turnover_control_v0,20B_P4_TURNCTL_v0,0.021723831916,-0.000383916028156
F_MIX403030_XD7_R100_C020,2025-06,gross_shadow,2025-06-30,10963641,11087436,0.0112914131355,False,20B_P4_top_region_hysteresis_partial_rebalance_turnover_control_v0,20B_P4_TURNCTL_v0,0.0120373412204,0.000745928084957
F_MIX403030_XD7_R100_C020,2025-06,reference_net,2025-06-30,10934001.6807,11055695.3854,0.0111298414115,False,20B_P4_top_region_hysteresis_partial_rebalance_turnover_control_v0,20B_P4_TURNCTL_v0,0.0118812499438,0.000751408532271
F_MIX403030_XD7_R100_C020,2025-07,gross_shadow,2025-07-31,11087436,11263701,0.0158977242349,False,20B_P4_top_region_hysteresis_partial_rebalance_turnover_control_v0,20B_P4_TURNCTL_v0,0.0159705014252,7.27771902929e-05
F_MIX403030_XD7_R100_C020,2025-07,reference_net,2025-07-31,11055695.3854,11229941.8902,0.0157607910398,False,20B_P4_top_region_hysteresis_partial_rebalance_turnover_control_v0,20B_P4_TURNCTL_v0,0.0158245945545,6.38035146256e-05
F_MIX403030_XD7_R100_C020,2025-08,gross_shadow,2025-08-29,11263701,11558685,0.0261889054051,True,20B_P4_top_region_hysteresis_partial_rebalance_turnover_control_v0,20B_P4_TURNCTL_v0,0.0214107382381,-0.00477816716698
F_MIX403030_XD7_R100_C020,2025-08,reference_net,2025-08-29,11229941.8902,11523007.9475,0.0260968453929,True,20B_P4_top_region_hysteresis_partial_rebalance_turnover_control_v0,20B_P4_TURNCTL_v0,0.0212920604186,-0.00480478497426
F_MIX403030_XD7_R100_C020,2025-09,gross_shadow,2025-09-30,11558685,11431056,-0.0110418269898,True,20B_P4_top_region_hysteresis_partial_rebalance_turnover_control_v0,20B_P4_TURNCTL_v0,-0.0146549819574,-0.0036131549676
F_MIX403030_XD7_R100_C020,2025-09,reference_net,2025-09-30,11523007.9475,11393090.908,-0.0112745769223,True,20B_P4_top_region_hysteresis_partial_rebalance_turnover_control_v0,20B_P4_TURNCTL_v0,-0.0148953122943,-0.00362073537204
F_MIX403030_XD7_R100_C020,2025-10,gross_shadow,2025-10-31,11431056,11641976,0.0184514886464,False,20B_P4_top_region_hysteresis_partial_rebalance_turnover_control_v0,20B_P4_TURNCTL_v0,0.0176421257991,-0.000809362847229
F_MIX403030_XD7_R100_C020,2025-10,reference_net,2025-10-31,11393090.908,11601916.6533,0.0183291564112,False,20B_P4_top_region_hysteresis_partial_rebalance_turnover_control_v0,20B_P4_TURNCTL_v0,0.017504769152,-0.000824387259183
F_MIX403030_XD7_R100_C020,2025-11,gross_shadow,2025-11-28,11641976,11526634,-0.00990742465025,False,20B_P4_top_region_hysteresis_partial_rebalance_turnover_control_v0,20B_P4_TURNCTL_v0,-0.00968857869009,0.000218845960157
F_MIX403030_XD7_R100_C020,2025-11,reference_net,2025-11-28,11601916.6533,11484364.3427,-0.0101321457526,False,20B_P4_top_region_hysteresis_partial_rebalance_turnover_control_v0,20B_P4_TURNCTL_v0,-0.00995710204626,0.000175043706303
F_MIX403030_XD7_R100_C020,2025-12,gross_shadow,2025-12-31,11526634,11745263,0.0189672891496,False,20B_P4_top_region_hysteresis_partial_rebalance_turnover_control_v0,20B_P4_TURNCTL_v0,0.0171802536106,-0.00178703553906
F_MIX403030_XD7_R100_C020,2025-12,reference_net,2025-12-31,11484364.3427,11700887.813,0.0188537618425,False,20B_P4_top_region_hysteresis_partial_rebalance_turnover_control_v0,20B_P4_TURNCTL_v0,0.0170218081883,-0.0018319536542
F_MIX403030_XD7_R100_C020,2026-01,gross_shadow,2026-01-30,11745263,11991509,0.0209655586256,False,20B_P4_top_region_hysteresis_partial_rebalance_turnover_control_v0,20B_P4_TURNCTL_v0,0.0150287676854,-0.00593679094026
F_MIX403030_XD7_R100_C020,2026-01,reference_net,2026-01-30,11700887.813,11945041.252,0.0208662319418,False,20B_P4_top_region_hysteresis_partial_rebalance_turnover_control_v0,20B_P4_TURNCTL_v0,0.0148684959055,-0.00599773603628
F_MIX403030_XD7_R100_C020,2026-02,gross_shadow,2026-02-27,11991509,12234409,0.0202559994743,False,20B_P4_top_region_hysteresis_partial_rebalance_turnover_control_v0,20B_P4_TURNCTL_v0,0.020391049042,0.000135049567734
F_MIX403030_XD7_R100_C020,2026-02,reference_net,2026-02-27,11945041.252,12185781.8906,0.0201540232102,False,20B_P4_top_region_hysteresis_partial_rebalance_turnover_control_v0,20B_P4_TURNCTL_v0,0.0202325528075,7.85295972074e-05
F_MIX403030_XD7_R100_C020,2026-03,gross_shadow,2026-03-31,12234409,12003406,-0.0188814187919,False,20B_P4_top_region_hysteresis_partial_rebalance_turnover_control_v0,20B_P4_TURNCTL_v0,-0.0159986324444,0.00288278634747
F_MIX403030_XD7_R100_C020,2026-03,reference_net,2026-03-31,12185781.8906,11952689.4114,-0.0191282333224,False,20B_P4_top_region_hysteresis_partial_rebalance_turnover_control_v0,20B_P4_TURNCTL_v0,-0.0162685275383,0.00285970578411
F_MIX403030_XD7_R100_C020,2026-04,gross_shadow,2026-04-30,12003406,12130925,0.0106235680106,True,20B_P4_top_region_hysteresis_partial_rebalance_turnover_control_v0,20B_P4_TURNCTL_v0,0.0130737020465,0.00245013403587
F_MIX403030_XD7_R100_C020,2026-04,reference_net,2026-04-30,11952689.4114,12078078.9637,0.0104904886276,True,20B_P4_top_region_hysteresis_partial_rebalance_turnover_control_v0,20B_P4_TURNCTL_v0,0.0128697478741,0.00237925924643
F_MIX403030_XD7_R100_C030,2024-08,gross_shadow,2024-08-30,10000000,9667461,-0.0332539,False,20B_P4_top_region_hysteresis_partial_rebalance_turnover_control_v0,20B_P4_TURNCTL_v0,-0.0332539,0
F_MIX403030_XD7_R100_C030,2024-08,reference_net,2024-08-30,10000000,9659999.0084,-0.03400009916,False,20B_P4_top_region_hysteresis_partial_rebalance_turnover_control_v0,20B_P4_TURNCTL_v0,-0.03400009916,0
F_MIX403030_XD7_R100_C030,2024-09,gross_shadow,2024-09-30,9667461,11444442,0.183810516536,False,20B_P4_top_region_hysteresis_partial_rebalance_turnover_control_v0,20B_P4_TURNCTL_v0,0.158862601049,-0.0249479154868
F_MIX403030_XD7_R100_C030,2024-09,reference_net,2024-09-30,9659999.0084,11432321.4472,0.183470250597,False,20B_P4_top_region_hysteresis_partial_rebalance_turnover_control_v0,20B_P4_TURNCTL_v0,0.158765209196,-0.0247050414014
F_MIX403030_XD7_R100_C030,2024-10,gross_shadow,2024-10-31,11444442,10966493,-0.0417625429007,True,20B_P4_top_region_hysteresis_partial_rebalance_turnover_control_v0,20B_P4_TURNCTL_v0,-0.0417565103154,6.03258530141e-06
F_MIX403030_XD7_R100_C030,2024-10,reference_net,2024-10-31,11432321.4472,10948340.968,-0.0423344008917,True,20B_P4_top_region_hysteresis_partial_rebalance_turnover_control_v0,20B_P4_TURNCTL_v0,-0.0419999329509,0.000334467940784
F_MIX403030_XD7_R100_C030,2024-11,gross_shadow,2024-11-29,10966493,11051314,0.00773456017343,False,20B_P4_top_region_hysteresis_partial_rebalance_turnover_control_v0,20B_P4_TURNCTL_v0,0.00743434136436,-0.000300218809072
F_MIX403030_XD7_R100_C030,2024-11,reference_net,2024-11-29,10948340.968,11029607.0608,0.00742268560029,False,20B_P4_top_region_hysteresis_partial_rebalance_turnover_control_v0,20B_P4_TURNCTL_v0,0.00728422719772,-0.000138458402567
F_MIX403030_XD7_R100_C030,2024-12,gross_shadow,2024-12-31,11051314,11384124,0.0301149709437,False,20B_P4_top_region_hysteresis_partial_rebalance_turnover_control_v0,20B_P4_TURNCTL_v0,0.023651486543,-0.00646348440078
F_MIX403030_XD7_R100_C030,2024-12,reference_net,2024-12-31,11029607.0608,11357902.2888,0.0297649069581,False,20B_P4_top_region_hysteresis_partial_rebalance_turnover_control_v0,20B_P4_TURNCTL_v0,0.0235057852708,-0.00625912168735
F_MIX403030_XD7_R100_C030,2025-01,gross_shadow,2025-01-27,11384124,11107677,-0.0242835548875,False,20B_P4_top_region_hysteresis_partial_rebalance_turnover_control_v0,20B_P4_TURNCTL_v0,-0.0159349720686,0.00834858281888
F_MIX403030_XD7_R100_C030,2025-01,reference_net,2025-01-27,11357902.2888,11076715.4936,-0.0247569302853,False,20B_P4_top_region_hysteresis_partial_rebalance_turnover_control_v0,20B_P4_TURNCTL_v0,-0.0161371317804,0.00861979850486
F_MIX403030_XD7_R100_C030,2025-02,gross_shadow,2025-02-28,11107677,11004727,-0.00926836457344,True,20B_P4_top_region_hysteresis_partial_rebalance_turnover_control_v0,20B_P4_TURNCTL_v0,-0.0079087507335,0.00135961383994
F_MIX403030_XD7_R100_C030,2025-02,reference_net,2025-02-28,11076715.4936,10970134.3603,-0.00962208818773,True,20B_P4_top_region_hysteresis_partial_rebalance_turnover_control_v0,20B_P4_TURNCTL_v0,-0.00809581661659,0.00152627157114
F_MIX403030_XD7_R100_C030,2025-03,gross_shadow,2025-03-31,11004727,11161913,0.0142834983548,False,20B_P4_top_region_hysteresis_partial_rebalance_turnover_control_v0,20B_P4_TURNCTL_v0,0.0133980936076,-0.000885404747214
F_MIX403030_XD7_R100_C030,2025-03,reference_net,2025-03-31,10970134.3603,11122026.8087,0.0138459970836,False,20B_P4_top_region_hysteresis_partial_rebalance_turnover_control_v0,20B_P4_TURNCTL_v0,0.0132233978829,-0.000622599200788
F_MIX403030_XD7_R100_C030,2025-04,gross_shadow,2025-04-30,11161913,10975055,-0.0167406787707,False,20B_P4_top_region_hysteresis_partial_rebalance_turnover_control_v0,20B_P4_TURNCTL_v0,-0.0157743458108,0.000966332959974
F_MIX403030_XD7_R100_C030,2025-04,reference_net,2025-04-30,11122026.8087,10929955.5132,-0.0172694508613,False,20B_P4_top_region_hysteresis_partial_rebalance_turnover_control_v0,20B_P4_TURNCTL_v0,-0.0159994675217,0.00126998333953
F_MIX403030_XD7_R100_C030,2025-05,gross_shadow,2025-05-30,10975055,11303310,0.0299091895211,False,20B_P4_top_region_hysteresis_partial_rebalance_turnover_control_v0,20B_P4_TURNCTL_v0,0.0218567581682,-0.00805243135293
F_MIX403030_XD7_R100_C030,2025-05,reference_net,2025-05-30,10929955.5132,11253973.635,0.0296449625452,False,20B_P4_top_region_hysteresis_partial_rebalance_turnover_control_v0,20B_P4_TURNCTL_v0,0.021723831916,-0.00792113062917
F_MIX403030_XD7_R100_C030,2025-06,gross_shadow,2025-06-30,11303310,11600399,0.0262833630149,False,20B_P4_top_region_hysteresis_partial_rebalance_turnover_control_v0,20B_P4_TURNCTL_v0,0.0120373412204,-0.0142460217945
F_MIX403030_XD7_R100_C030,2025-06,reference_net,2025-06-30,11253973.635,11545802.3126,0.0259311676972,False,20B_P4_top_region_hysteresis_partial_rebalance_turnover_control_v0,20B_P4_TURNCTL_v0,0.0118812499438,-0.0140499177534
F_MIX403030_XD7_R100_C030,2025-07,gross_shadow,2025-07-31,11600399,11858149,0.022219063327,False,20B_P4_top_region_hysteresis_partial_rebalance_turnover_control_v0,20B_P4_TURNCTL_v0,0.0159705014252,-0.00624856190186
F_MIX403030_XD7_R100_C030,2025-07,reference_net,2025-07-31,11545802.3126,11798208.2655,0.0218612744291,False,20B_P4_top_region_hysteresis_partial_rebalance_turnover_control_v0,20B_P4_TURNCTL_v0,0.0158245945545,-0.00603667987461
F_MIX403030_XD7_R100_C030,2025-08,gross_shadow,2025-08-29,11858149,12491746,0.0534313576259,True,20B_P4_top_region_hysteresis_partial_rebalance_turnover_control_v0,20B_P4_TURNCTL_v0,0.0214107382381,-0.0320206193878
F_MIX403030_XD7_R100_C030,2025-08,reference_net,2025-08-29,11798208.2655,12427383.4741,0.0533280303621,True,20B_P4_top_region_hysteresis_partial_rebalance_turnover_control_v0,20B_P4_TURNCTL_v0,0.0212920604186,-0.0320359699435
F_MIX403030_XD7_R100_C030,2025-09,gross_shadow,2025-09-30,12491746,12341742,-0.0120082492872,True,20B_P4_top_region_hysteresis_partial_rebalance_turnover_control_v0,20B_P4_TURNCTL_v0,-0.0146549819574,-0.00264673267027
F_MIX403030_XD7_R100_C030,2025-09,reference_net,2025-09-30,12427383.4741,12270781.4881,-0.012601364262,True,20B_P4_top_region_hysteresis_partial_rebalance_turnover_control_v0,20B_P4_TURNCTL_v0,-0.0148953122943,-0.00229394803235
F_MIX403030_XD7_R100_C030,2025-10,gross_shadow,2025-10-31,12341742,12573936,0.0188137136557,False,20B_P4_top_region_hysteresis_partial_rebalance_turnover_control_v0,20B_P4_TURNCTL_v0,0.0176421257991,-0.00117158785652
F_MIX403030_XD7_R100_C030,2025-10,reference_net,2025-10-31,12270781.4881,12496768.3625,0.0184166652034,False,20B_P4_top_region_hysteresis_partial_rebalance_turnover_control_v0,20B_P4_TURNCTL_v0,0.017504769152,-0.000911896051344
F_MIX403030_XD7_R100_C030,2025-11,gross_shadow,2025-11-28,12573936,12402368,-0.0136447330414,False,20B_P4_top_region_hysteresis_partial_rebalance_turnover_control_v0,20B_P4_TURNCTL_v0,-0.00968857869009,0.00395615435134
F_MIX403030_XD7_R100_C030,2025-11,reference_net,2025-11-28,12496768.3625,12319838.5208,-0.0141580476358,False,20B_P4_top_region_hysteresis_partial_rebalance_turnover_control_v0,20B_P4_TURNCTL_v0,-0.00995710204626,0.0042009455895
F_MIX403030_XD7_R100_C030,2025-12,gross_shadow,2025-12-31,12402368,12614990,0.0171436615975,False,20B_P4_top_region_hysteresis_partial_rebalance_turnover_control_v0,20B_P4_TURNCTL_v0,0.0171802536106,3.65920130461e-05
F_MIX403030_XD7_R100_C030,2025-12,reference_net,2025-12-31,12319838.5208,12528622.612,0.016946982774,False,20B_P4_top_region_hysteresis_partial_rebalance_turnover_control_v0,20B_P4_TURNCTL_v0,0.0170218081883,7.48254142853e-05
F_MIX403030_XD7_R100_C030,2026-01,gross_shadow,2026-01-30,12614990,12775143,0.012695451998,False,20B_P4_top_region_hysteresis_partial_rebalance_turnover_control_v0,20B_P4_TURNCTL_v0,0.0150287676854,0.0023333156874
F_MIX403030_XD7_R100_C030,2026-01,reference_net,2026-01-30,12528622.612,12685184.6204,0.0124963464252,False,20B_P4_top_region_hysteresis_partial_rebalance_turnover_control_v0,20B_P4_TURNCTL_v0,0.0148684959055,0.00237214948028
F_MIX403030_XD7_R100_C030,2026-02,gross_shadow,2026-02-27,12775143,13073947,0.0233894837811,False,20B_P4_top_region_hysteresis_partial_rebalance_turnover_control_v0,20B_P4_TURNCTL_v0,0.020391049042,-0.00299843473909
F_MIX403030_XD7_R100_C030,2026-02,reference_net,2026-02-27,12685184.6204,12980694.7105,0.0232956869785,False,20B_P4_top_region_hysteresis_partial_rebalance_turnover_control_v0,20B_P4_TURNCTL_v0,0.0202325528075,-0.00306313417101
F_MIX403030_XD7_R100_C030,2026-03,gross_shadow,2026-03-31,13073947,12805036,-0.0205684633722,False,20B_P4_top_region_hysteresis_partial_rebalance_turnover_control_v0,20B_P4_TURNCTL_v0,-0.0159986324444,0.00456983092783
F_MIX403030_XD7_R100_C030,2026-03,reference_net,2026-03-31,12980694.7105,12708506.6846,-0.0209686794127,False,20B_P4_top_region_hysteresis_partial_rebalance_turnover_control_v0,20B_P4_TURNCTL_v0,-0.0162685275383,0.00470015187444
F_MIX403030_XD7_R100_C030,2026-04,gross_shadow,2026-04-30,12805036,12946819,0.0110724405617,True,20B_P4_top_region_hysteresis_partial_rebalance_turnover_control_v0,20B_P4_TURNCTL_v0,0.0130737020465,0.00200126148481
F_MIX403030_XD7_R100_C030,2026-04,reference_net,2026-04-30,12708506.6846,12846480.0551,0.0108567728612,True,20B_P4_top_region_hysteresis_partial_rebalance_turnover_control_v0,20B_P4_TURNCTL_v0,0.0128697478741,0.00201297501284
F_MIX403030_XD7_R100_C040,2024-08,gross_shadow,2024-08-30,10000000,9667461,-0.0332539,False,20B_P4_top_region_hysteresis_partial_rebalance_turnover_control_v0,20B_P4_TURNCTL_v0,-0.0332539,0
F_MIX403030_XD7_R100_C040,2024-08,reference_net,2024-08-30,10000000,9659999.0084,-0.03400009916,False,20B_P4_top_region_hysteresis_partial_rebalance_turnover_control_v0,20B_P4_TURNCTL_v0,-0.03400009916,0
F_MIX403030_XD7_R100_C040,2024-09,gross_shadow,2024-09-30,9667461,11444442,0.183810516536,False,20B_P4_top_region_hysteresis_partial_rebalance_turnover_control_v0,20B_P4_TURNCTL_v0,0.158862601049,-0.0249479154868
F_MIX403030_XD7_R100_C040,2024-09,reference_net,2024-09-30,9659999.0084,11432321.4472,0.183470250597,False,20B_P4_top_region_hysteresis_partial_rebalance_turnover_control_v0,20B_P4_TURNCTL_v0,0.158765209196,-0.0247050414014
F_MIX403030_XD7_R100_C040,2024-10,gross_shadow,2024-10-31,11444442,10966493,-0.0417625429007,True,20B_P4_top_region_hysteresis_partial_rebalance_turnover_control_v0,20B_P4_TURNCTL_v0,-0.0417565103154,6.03258530141e-06
F_MIX403030_XD7_R100_C040,2024-10,reference_net,2024-10-31,11432321.4472,10948340.968,-0.0423344008917,True,20B_P4_top_region_hysteresis_partial_rebalance_turnover_control_v0,20B_P4_TURNCTL_v0,-0.0419999329509,0.000334467940784
F_MIX403030_XD7_R100_C040,2024-11,gross_shadow,2024-11-29,10966493,11051314,0.00773456017343,False,20B_P4_top_region_hysteresis_partial_rebalance_turnover_control_v0,20B_P4_TURNCTL_v0,0.00743434136436,-0.000300218809072
F_MIX403030_XD7_R100_C040,2024-11,reference_net,2024-11-29,10948340.968,11029607.0608,0.00742268560029,False,20B_P4_top_region_hysteresis_partial_rebalance_turnover_control_v0,20B_P4_TURNCTL_v0,0.00728422719772,-0.000138458402567
F_MIX403030_XD7_R100_C040,2024-12,gross_shadow,2024-12-31,11051314,11384124,0.0301149709437,False,20B_P4_top_region_hysteresis_partial_rebalance_turnover_control_v0,20B_P4_TURNCTL_v0,0.023651486543,-0.00646348440078
F_MIX403030_XD7_R100_C040,2024-12,reference_net,2024-12-31,11029607.0608,11357902.2888,0.0297649069581,False,20B_P4_top_region_hysteresis_partial_rebalance_turnover_control_v0,20B_P4_TURNCTL_v0,0.0235057852708,-0.00625912168735
F_MIX403030_XD7_R100_C040,2025-01,gross_shadow,2025-01-27,11384124,11107677,-0.0242835548875,False,20B_P4_top_region_hysteresis_partial_rebalance_turnover_control_v0,20B_P4_TURNCTL_v0,-0.0159349720686,0.00834858281888
F_MIX403030_XD7_R100_C040,2025-01,reference_net,2025-01-27,11357902.2888,11076715.4936,-0.0247569302853,False,20B_P4_top_region_hysteresis_partial_rebalance_turnover_control_v0,20B_P4_TURNCTL_v0,-0.0161371317804,0.00861979850486
F_MIX403030_XD7_R100_C040,2025-02,gross_shadow,2025-02-28,11107677,11004727,-0.00926836457344,True,20B_P4_top_region_hysteresis_partial_rebalance_turnover_control_v0,20B_P4_TURNCTL_v0,-0.0079087507335,0.00135961383994
F_MIX403030_XD7_R100_C040,2025-02,reference_net,2025-02-28,11076715.4936,10970134.3603,-0.00962208818773,True,20B_P4_top_region_hysteresis_partial_rebalance_turnover_control_v0,20B_P4_TURNCTL_v0,-0.00809581661659,0.00152627157114
F_MIX403030_XD7_R100_C040,2025-03,gross_shadow,2025-03-31,11004727,11161913,0.0142834983548,False,20B_P4_top_region_hysteresis_partial_rebalance_turnover_control_v0,20B_P4_TURNCTL_v0,0.0133980936076,-0.000885404747214
F_MIX403030_XD7_R100_C040,2025-03,reference_net,2025-03-31,10970134.3603,11122026.8087,0.0138459970836,False,20B_P4_top_region_hysteresis_partial_rebalance_turnover_control_v0,20B_P4_TURNCTL_v0,0.0132233978829,-0.000622599200788
F_MIX403030_XD7_R100_C040,2025-04,gross_shadow,2025-04-30,11161913,10975055,-0.0167406787707,False,20B_P4_top_region_hysteresis_partial_rebalance_turnover_control_v0,20B_P4_TURNCTL_v0,-0.0157743458108,0.000966332959974
F_MIX403030_XD7_R100_C040,2025-04,reference_net,2025-04-30,11122026.8087,10929955.5132,-0.0172694508613,False,20B_P4_top_region_hysteresis_partial_rebalance_turnover_control_v0,20B_P4_TURNCTL_v0,-0.0159994675217,0.00126998333953
F_MIX403030_XD7_R100_C040,2025-05,gross_shadow,2025-05-30,10975055,11303310,0.0299091895211,False,20B_P4_top_region_hysteresis_partial_rebalance_turnover_control_v0,20B_P4_TURNCTL_v0,0.0218567581682,-0.00805243135293
F_MIX403030_XD7_R100_C040,2025-05,reference_net,2025-05-30,10929955.5132,11253973.635,0.0296449625452,False,20B_P4_top_region_hysteresis_partial_rebalance_turnover_control_v0,20B_P4_TURNCTL_v0,0.021723831916,-0.00792113062917
F_MIX403030_XD7_R100_C040,2025-06,gross_shadow,2025-06-30,11303310,11600399,0.0262833630149,False,20B_P4_top_region_hysteresis_partial_rebalance_turnover_control_v0,20B_P4_TURNCTL_v0,0.0120373412204,-0.0142460217945
F_MIX403030_XD7_R100_C040,2025-06,reference_net,2025-06-30,11253973.635,11545802.3126,0.0259311676972,False,20B_P4_top_region_hysteresis_partial_rebalance_turnover_control_v0,20B_P4_TURNCTL_v0,0.0118812499438,-0.0140499177534
F_MIX403030_XD7_R100_C040,2025-07,gross_shadow,2025-07-31,11600399,11858149,0.022219063327,False,20B_P4_top_region_hysteresis_partial_rebalance_turnover_control_v0,20B_P4_TURNCTL_v0,0.0159705014252,-0.00624856190186
F_MIX403030_XD7_R100_C040,2025-07,reference_net,2025-07-31,11545802.3126,11798208.2655,0.0218612744291,False,20B_P4_top_region_hysteresis_partial_rebalance_turnover_control_v0,20B_P4_TURNCTL_v0,0.0158245945545,-0.00603667987461
F_MIX403030_XD7_R100_C040,2025-08,gross_shadow,2025-08-29,11858149,12491746,0.0534313576259,True,20B_P4_top_region_hysteresis_partial_rebalance_turnover_control_v0,20B_P4_TURNCTL_v0,0.0214107382381,-0.0320206193878
F_MIX403030_XD7_R100_C040,2025-08,reference_net,2025-08-29,11798208.2655,12427383.4741,0.0533280303621,True,20B_P4_top_region_hysteresis_partial_rebalance_turnover_control_v0,20B_P4_TURNCTL_v0,0.0212920604186,-0.0320359699435
F_MIX403030_XD7_R100_C040,2025-09,gross_shadow,2025-09-30,12491746,12341742,-0.0120082492872,True,20B_P4_top_region_hysteresis_partial_rebalance_turnover_control_v0,20B_P4_TURNCTL_v0,-0.0146549819574,-0.00264673267027
F_MIX403030_XD7_R100_C040,2025-09,reference_net,2025-09-30,12427383.4741,12270781.4881,-0.012601364262,True,20B_P4_top_region_hysteresis_partial_rebalance_turnover_control_v0,20B_P4_TURNCTL_v0,-0.0148953122943,-0.00229394803235
F_MIX403030_XD7_R100_C040,2025-10,gross_shadow,2025-10-31,12341742,12573936,0.0188137136557,False,20B_P4_top_region_hysteresis_partial_rebalance_turnover_control_v0,20B_P4_TURNCTL_v0,0.0176421257991,-0.00117158785652
F_MIX403030_XD7_R100_C040,2025-10,reference_net,2025-10-31,12270781.4881,12496768.3625,0.0184166652034,False,20B_P4_top_region_hysteresis_partial_rebalance_turnover_control_v0,20B_P4_TURNCTL_v0,0.017504769152,-0.000911896051344
F_MIX403030_XD7_R100_C040,2025-11,gross_shadow,2025-11-28,12573936,12266893,-0.0244190045186,False,20B_P4_top_region_hysteresis_partial_rebalance_turnover_control_v0,20B_P4_TURNCTL_v0,-0.00968857869009,0.0147304258285
F_MIX403030_XD7_R100_C040,2025-11,reference_net,2025-11-28,12496768.3625,12180916.6058,-0.0252746748261,False,20B_P4_top_region_hysteresis_partial_rebalance_turnover_control_v0,20B_P4_TURNCTL_v0,-0.00995710204626,0.0153175727798
F_MIX403030_XD7_R100_C040,2025-12,gross_shadow,2025-12-31,12266893,12888079,0.0506392286947,False,20B_P4_top_region_hysteresis_partial_rebalance_turnover_control_v0,20B_P4_TURNCTL_v0,0.0171802536106,-0.0334589750841
F_MIX403030_XD7_R100_C040,2025-12,reference_net,2025-12-31,12180916.6058,12795166.3612,0.0504272194973,False,20B_P4_top_region_hysteresis_partial_rebalance_turnover_control_v0,20B_P4_TURNCTL_v0,0.0170218081883,-0.0334054113091
F_MIX403030_XD7_R100_C040,2026-01,gross_shadow,2026-01-30,12888079,13597099,0.0550136292616,False,20B_P4_top_region_hysteresis_partial_rebalance_turnover_control_v0,20B_P4_TURNCTL_v0,0.0150287676854,-0.0399848615762
F_MIX403030_XD7_R100_C040,2026-01,reference_net,2026-01-30,12795166.3612,13494982.5762,0.0546937957105,False,20B_P4_top_region_hysteresis_partial_rebalance_turnover_control_v0,20B_P4_TURNCTL_v0,0.0148684959055,-0.039825299805
F_MIX403030_XD7_R100_C040,2026-02,gross_shadow,2026-02-27,13597099,14054634,0.0336494571379,False,20B_P4_top_region_hysteresis_partial_rebalance_turnover_control_v0,20B_P4_TURNCTL_v0,0.020391049042,-0.0132584080958
F_MIX403030_XD7_R100_C040,2026-02,reference_net,2026-02-27,13494982.5762,13944379.8182,0.0333010612991,False,20B_P4_top_region_hysteresis_partial_rebalance_turnover_control_v0,20B_P4_TURNCTL_v0,0.0202325528075,-0.0130685084916
F_MIX403030_XD7_R100_C040,2026-03,gross_shadow,2026-03-31,14054634,13405926,-0.0461561645789,False,20B_P4_top_region_hysteresis_partial_rebalance_turnover_control_v0,20B_P4_TURNCTL_v0,-0.0159986324444,0.0301575321345
F_MIX403030_XD7_R100_C040,2026-03,reference_net,2026-03-31,13944379.8182,13288639.3742,-0.0470254290667,False,20B_P4_top_region_hysteresis_partial_rebalance_turnover_control_v0,20B_P4_TURNCTL_v0,-0.0162685275383,0.0307569015284
F_MIX403030_XD7_R100_C040,2026-04,gross_shadow,2026-04-30,13405926,13996479,0.0440516380592,True,20B_P4_top_region_hysteresis_partial_rebalance_turnover_control_v0,20B_P4_TURNCTL_v0,0.0130737020465,-0.0309779360127
F_MIX403030_XD7_R100_C040,2026-04,reference_net,2026-04-30,13288639.3742,13869885.2581,0.0437400600274,True,20B_P4_top_region_hysteresis_partial_rebalance_turnover_control_v0,20B_P4_TURNCTL_v0,0.0128697478741,-0.0308703121534
F_MIX403030_XD7_R100_CNONE,2024-08,gross_shadow,2024-08-30,10000000,9667461,-0.0332539,False,20B_P4_top_region_hysteresis_partial_rebalance_turnover_control_v0,20B_P4_TURNCTL_v0,-0.0332539,0
F_MIX403030_XD7_R100_CNONE,2024-08,reference_net,2024-08-30,10000000,9659999.0084,-0.03400009916,False,20B_P4_top_region_hysteresis_partial_rebalance_turnover_control_v0,20B_P4_TURNCTL_v0,-0.03400009916,0
F_MIX403030_XD7_R100_CNONE,2024-09,gross_shadow,2024-09-30,9667461,11444442,0.183810516536,False,20B_P4_top_region_hysteresis_partial_rebalance_turnover_control_v0,20B_P4_TURNCTL_v0,0.158862601049,-0.0249479154868
F_MIX403030_XD7_R100_CNONE,2024-09,reference_net,2024-09-30,9659999.0084,11432321.4472,0.183470250597,False,20B_P4_top_region_hysteresis_partial_rebalance_turnover_control_v0,20B_P4_TURNCTL_v0,0.158765209196,-0.0247050414014
F_MIX403030_XD7_R100_CNONE,2024-10,gross_shadow,2024-10-31,11444442,10966493,-0.0417625429007,True,20B_P4_top_region_hysteresis_partial_rebalance_turnover_control_v0,20B_P4_TURNCTL_v0,-0.0417565103154,6.03258530141e-06
F_MIX403030_XD7_R100_CNONE,2024-10,reference_net,2024-10-31,11432321.4472,10948340.968,-0.0423344008917,True,20B_P4_top_region_hysteresis_partial_rebalance_turnover_control_v0,20B_P4_TURNCTL_v0,-0.0419999329509,0.000334467940784
F_MIX403030_XD7_R100_CNONE,2024-11,gross_shadow,2024-11-29,10966493,11051314,0.00773456017343,False,20B_P4_top_region_hysteresis_partial_rebalance_turnover_control_v0,20B_P4_TURNCTL_v0,0.00743434136436,-0.000300218809072
F_MIX403030_XD7_R100_CNONE,2024-11,reference_net,2024-11-29,10948340.968,11029607.0608,0.00742268560029,False,20B_P4_top_region_hysteresis_partial_rebalance_turnover_control_v0,20B_P4_TURNCTL_v0,0.00728422719772,-0.000138458402567
F_MIX403030_XD7_R100_CNONE,2024-12,gross_shadow,2024-12-31,11051314,11384124,0.0301149709437,False,20B_P4_top_region_hysteresis_partial_rebalance_turnover_control_v0,20B_P4_TURNCTL_v0,0.023651486543,-0.00646348440078
F_MIX403030_XD7_R100_CNONE,2024-12,reference_net,2024-12-31,11029607.0608,11357902.2888,0.0297649069581,False,20B_P4_top_region_hysteresis_partial_rebalance_turnover_control_v0,20B_P4_TURNCTL_v0,0.0235057852708,-0.00625912168735
F_MIX403030_XD7_R100_CNONE,2025-01,gross_shadow,2025-01-27,11384124,11107677,-0.0242835548875,False,20B_P4_top_region_hysteresis_partial_rebalance_turnover_control_v0,20B_P4_TURNCTL_v0,-0.0159349720686,0.00834858281888
F_MIX403030_XD7_R100_CNONE,2025-01,reference_net,2025-01-27,11357902.2888,11076715.4936,-0.0247569302853,False,20B_P4_top_region_hysteresis_partial_rebalance_turnover_control_v0,20B_P4_TURNCTL_v0,-0.0161371317804,0.00861979850486
F_MIX403030_XD7_R100_CNONE,2025-02,gross_shadow,2025-02-28,11107677,11004727,-0.00926836457344,True,20B_P4_top_region_hysteresis_partial_rebalance_turnover_control_v0,20B_P4_TURNCTL_v0,-0.0079087507335,0.00135961383994
F_MIX403030_XD7_R100_CNONE,2025-02,reference_net,2025-02-28,11076715.4936,10970134.3603,-0.00962208818773,True,20B_P4_top_region_hysteresis_partial_rebalance_turnover_control_v0,20B_P4_TURNCTL_v0,-0.00809581661659,0.00152627157114
F_MIX403030_XD7_R100_CNONE,2025-03,gross_shadow,2025-03-31,11004727,11161913,0.0142834983548,False,20B_P4_top_region_hysteresis_partial_rebalance_turnover_control_v0,20B_P4_TURNCTL_v0,0.0133980936076,-0.000885404747214
F_MIX403030_XD7_R100_CNONE,2025-03,reference_net,2025-03-31,10970134.3603,11122026.8087,0.0138459970836,False,20B_P4_top_region_hysteresis_partial_rebalance_turnover_control_v0,20B_P4_TURNCTL_v0,0.0132233978829,-0.000622599200788
F_MIX403030_XD7_R100_CNONE,2025-04,gross_shadow,2025-04-30,11161913,10975055,-0.0167406787707,False,20B_P4_top_region_hysteresis_partial_rebalance_turnover_control_v0,20B_P4_TURNCTL_v0,-0.0157743458108,0.000966332959974
F_MIX403030_XD7_R100_CNONE,2025-04,reference_net,2025-04-30,11122026.8087,10929955.5132,-0.0172694508613,False,20B_P4_top_region_hysteresis_partial_rebalance_turnover_control_v0,20B_P4_TURNCTL_v0,-0.0159994675217,0.00126998333953
F_MIX403030_XD7_R100_CNONE,2025-05,gross_shadow,2025-05-30,10975055,11303310,0.0299091895211,False,20B_P4_top_region_hysteresis_partial_rebalance_turnover_control_v0,20B_P4_TURNCTL_v0,0.0218567581682,-0.00805243135293
F_MIX403030_XD7_R100_CNONE,2025-05,reference_net,2025-05-30,10929955.5132,11253973.635,0.0296449625452,False,20B_P4_top_region_hysteresis_partial_rebalance_turnover_control_v0,20B_P4_TURNCTL_v0,0.021723831916,-0.00792113062917
F_MIX403030_XD7_R100_CNONE,2025-06,gross_shadow,2025-06-30,11303310,11600399,0.0262833630149,False,20B_P4_top_region_hysteresis_partial_rebalance_turnover_control_v0,20B_P4_TURNCTL_v0,0.0120373412204,-0.0142460217945
F_MIX403030_XD7_R100_CNONE,2025-06,reference_net,2025-06-30,11253973.635,11545802.3126,0.0259311676972,False,20B_P4_top_region_hysteresis_partial_rebalance_turnover_control_v0,20B_P4_TURNCTL_v0,0.0118812499438,-0.0140499177534
F_MIX403030_XD7_R100_CNONE,2025-07,gross_shadow,2025-07-31,11600399,11858149,0.022219063327,False,20B_P4_top_region_hysteresis_partial_rebalance_turnover_control_v0,20B_P4_TURNCTL_v0,0.0159705014252,-0.00624856190186
F_MIX403030_XD7_R100_CNONE,2025-07,reference_net,2025-07-31,11545802.3126,11798208.2655,0.0218612744291,False,20B_P4_top_region_hysteresis_partial_rebalance_turnover_control_v0,20B_P4_TURNCTL_v0,0.0158245945545,-0.00603667987461
F_MIX403030_XD7_R100_CNONE,2025-08,gross_shadow,2025-08-29,11858149,12491746,0.0534313576259,True,20B_P4_top_region_hysteresis_partial_rebalance_turnover_control_v0,20B_P4_TURNCTL_v0,0.0214107382381,-0.0320206193878
F_MIX403030_XD7_R100_CNONE,2025-08,reference_net,2025-08-29,11798208.2655,12427383.4741,0.0533280303621,True,20B_P4_top_region_hysteresis_partial_rebalance_turnover_control_v0,20B_P4_TURNCTL_v0,0.0212920604186,-0.0320359699435
F_MIX403030_XD7_R100_CNONE,2025-09,gross_shadow,2025-09-30,12491746,12341742,-0.0120082492872,True,20B_P4_top_region_hysteresis_partial_rebalance_turnover_control_v0,20B_P4_TURNCTL_v0,-0.0146549819574,-0.00264673267027
F_MIX403030_XD7_R100_CNONE,2025-09,reference_net,2025-09-30,12427383.4741,12270781.4881,-0.012601364262,True,20B_P4_top_region_hysteresis_partial_rebalance_turnover_control_v0,20B_P4_TURNCTL_v0,-0.0148953122943,-0.00229394803235
F_MIX403030_XD7_R100_CNONE,2025-10,gross_shadow,2025-10-31,12341742,12573936,0.0188137136557,False,20B_P4_top_region_hysteresis_partial_rebalance_turnover_control_v0,20B_P4_TURNCTL_v0,0.0176421257991,-0.00117158785652
F_MIX403030_XD7_R100_CNONE,2025-10,reference_net,2025-10-31,12270781.4881,12496768.3625,0.0184166652034,False,20B_P4_top_region_hysteresis_partial_rebalance_turnover_control_v0,20B_P4_TURNCTL_v0,0.017504769152,-0.000911896051344
F_MIX403030_XD7_R100_CNONE,2025-11,gross_shadow,2025-11-28,12573936,12266893,-0.0244190045186,False,20B_P4_top_region_hysteresis_partial_rebalance_turnover_control_v0,20B_P4_TURNCTL_v0,-0.00968857869009,0.0147304258285
F_MIX403030_XD7_R100_CNONE,2025-11,reference_net,2025-11-28,12496768.3625,12180916.6058,-0.0252746748261,False,20B_P4_top_region_hysteresis_partial_rebalance_turnover_control_v0,20B_P4_TURNCTL_v0,-0.00995710204626,0.0153175727798
F_MIX403030_XD7_R100_CNONE,2025-12,gross_shadow,2025-12-31,12266893,12888079,0.0506392286947,False,20B_P4_top_region_hysteresis_partial_rebalance_turnover_control_v0,20B_P4_TURNCTL_v0,0.0171802536106,-0.0334589750841
F_MIX403030_XD7_R100_CNONE,2025-12,reference_net,2025-12-31,12180916.6058,12795166.3612,0.0504272194973,False,20B_P4_top_region_hysteresis_partial_rebalance_turnover_control_v0,20B_P4_TURNCTL_v0,0.0170218081883,-0.0334054113091
F_MIX403030_XD7_R100_CNONE,2026-01,gross_shadow,2026-01-30,12888079,13597099,0.0550136292616,False,20B_P4_top_region_hysteresis_partial_rebalance_turnover_control_v0,20B_P4_TURNCTL_v0,0.0150287676854,-0.0399848615762
F_MIX403030_XD7_R100_CNONE,2026-01,reference_net,2026-01-30,12795166.3612,13494982.5762,0.0546937957105,False,20B_P4_top_region_hysteresis_partial_rebalance_turnover_control_v0,20B_P4_TURNCTL_v0,0.0148684959055,-0.039825299805
F_MIX403030_XD7_R100_CNONE,2026-02,gross_shadow,2026-02-27,13597099,14054634,0.0336494571379,False,20B_P4_top_region_hysteresis_partial_rebalance_turnover_control_v0,20B_P4_TURNCTL_v0,0.020391049042,-0.0132584080958
F_MIX403030_XD7_R100_CNONE,2026-02,reference_net,2026-02-27,13494982.5762,13944379.8182,0.0333010612991,False,20B_P4_top_region_hysteresis_partial_rebalance_turnover_control_v0,20B_P4_TURNCTL_v0,0.0202325528075,-0.0130685084916
F_MIX403030_XD7_R100_CNONE,2026-03,gross_shadow,2026-03-31,14054634,13405926,-0.0461561645789,False,20B_P4_top_region_hysteresis_partial_rebalance_turnover_control_v0,20B_P4_TURNCTL_v0,-0.0159986324444,0.0301575321345
F_MIX403030_XD7_R100_CNONE,2026-03,reference_net,2026-03-31,13944379.8182,13288639.3742,-0.0470254290667,False,20B_P4_top_region_hysteresis_partial_rebalance_turnover_control_v0,20B_P4_TURNCTL_v0,-0.0162685275383,0.0307569015284
F_MIX403030_XD7_R100_CNONE,2026-04,gross_shadow,2026-04-30,13405926,13996479,0.0440516380592,True,20B_P4_top_region_hysteresis_partial_rebalance_turnover_control_v0,20B_P4_TURNCTL_v0,0.0130737020465,-0.0309779360127
F_MIX403030_XD7_R100_CNONE,2026-04,reference_net,2026-04-30,13288639.3742,13869885.2581,0.0437400600274,True,20B_P4_top_region_hysteresis_partial_rebalance_turnover_control_v0,20B_P4_TURNCTL_v0,0.0128697478741,-0.0308703121534
F_MIX403030_XD8_R025_C020,2024-08,gross_shadow,2024-08-30,10000000,9667461,-0.0332539,False,20B_P4_top_region_hysteresis_partial_rebalance_turnover_control_v0,20B_P4_TURNCTL_v0,-0.0332539,0
F_MIX403030_XD8_R025_C020,2024-08,reference_net,2024-08-30,10000000,9659999.0084,-0.03400009916,False,20B_P4_top_region_hysteresis_partial_rebalance_turnover_control_v0,20B_P4_TURNCTL_v0,-0.03400009916,0
F_MIX403030_XD8_R025_C020,2024-09,gross_shadow,2024-09-30,9667461,11194520,0.157958640847,False,20B_P4_top_region_hysteresis_partial_rebalance_turnover_control_v0,20B_P4_TURNCTL_v0,0.158862601049,0.000903960202167
F_MIX403030_XD8_R025_C020,2024-09,reference_net,2024-09-30,9659999.0084,11185367.3526,0.157905641902,False,20B_P4_top_region_hysteresis_partial_rebalance_turnover_control_v0,20B_P4_TURNCTL_v0,0.158765209196,0.000859567294239
F_MIX403030_XD8_R025_C020,2024-10,gross_shadow,2024-10-31,11194520,10760697,-0.0387531577951,True,20B_P4_top_region_hysteresis_partial_rebalance_turnover_control_v0,20B_P4_TURNCTL_v0,-0.0417565103154,-0.00300335252037
F_MIX403030_XD8_R025_C020,2024-10,reference_net,2024-10-31,11185367.3526,10749718.6439,-0.038948091281,True,20B_P4_top_region_hysteresis_partial_rebalance_turnover_control_v0,20B_P4_TURNCTL_v0,-0.0419999329509,-0.00305184166991
F_MIX403030_XD8_R025_C020,2024-11,gross_shadow,2024-11-29,10760697,10841417,0.00750137281999,False,20B_P4_top_region_hysteresis_partial_rebalance_turnover_control_v0,20B_P4_TURNCTL_v0,0.00743434136436,-6.70314556364e-05
F_MIX403030_XD8_R025_C020,2024-11,reference_net,2024-11-29,10749718.6439,10829131.3356,0.00738742048145,False,20B_P4_top_region_hysteresis_partial_rebalance_turnover_control_v0,20B_P4_TURNCTL_v0,0.00728422719772,-0.000103193283729
F_MIX403030_XD8_R025_C020,2024-12,gross_shadow,2024-12-31,10841417,11094566,0.0233501764576,False,20B_P4_top_region_hysteresis_partial_rebalance_turnover_control_v0,20B_P4_TURNCTL_v0,0.023651486543,0.00030131008539
F_MIX403030_XD8_R025_C020,2024-12,reference_net,2024-12-31,10829131.3356,11080937.7233,0.0232526857304,False,20B_P4_top_region_hysteresis_partial_rebalance_turnover_control_v0,20B_P4_TURNCTL_v0,0.0235057852708,0.00025309954039
F_MIX403030_XD8_R025_C020,2025-01,gross_shadow,2025-01-27,11094566,10929102,-0.0149139677929,False,20B_P4_top_region_hysteresis_partial_rebalance_turnover_control_v0,20B_P4_TURNCTL_v0,-0.0159349720686,-0.00102100427573
F_MIX403030_XD8_R025_C020,2025-01,reference_net,2025-01-27,11080937.7233,10914021.5534,-0.0150633614256,False,20B_P4_top_region_hysteresis_partial_rebalance_turnover_control_v0,20B_P4_TURNCTL_v0,-0.0161371317804,-0.00107377035486
F_MIX403030_XD8_R025_C020,2025-02,gross_shadow,2025-02-28,10929102,10861267,-0.00620682284784,True,20B_P4_top_region_hysteresis_partial_rebalance_turnover_control_v0,20B_P4_TURNCTL_v0,-0.0079087507335,-0.00170192788566
F_MIX403030_XD8_R025_C020,2025-02,reference_net,2025-02-28,10914021.5534,10844912.6649,-0.00633211948242,True,20B_P4_top_region_hysteresis_partial_rebalance_turnover_control_v0,20B_P4_TURNCTL_v0,-0.00809581661659,-0.00176369713417
F_MIX403030_XD8_R025_C020,2025-03,gross_shadow,2025-03-31,10861267,10989317,0.0117896006055,False,20B_P4_top_region_hysteresis_partial_rebalance_turnover_control_v0,20B_P4_TURNCTL_v0,0.0133980936076,0.0016084930021
F_MIX403030_XD8_R025_C020,2025-03,reference_net,2025-03-31,10844912.6649,10971530.6729,0.0116753368028,False,20B_P4_top_region_hysteresis_partial_rebalance_turnover_control_v0,20B_P4_TURNCTL_v0,0.0132233978829,0.00154806108004
F_MIX403030_XD8_R025_C020,2025-04,gross_shadow,2025-04-30,10989317,10870367,-0.0108241485799,False,20B_P4_top_region_hysteresis_partial_rebalance_turnover_control_v0,20B_P4_TURNCTL_v0,-0.0157743458108,-0.00495019723084
F_MIX403030_XD8_R025_C020,2025-04,reference_net,2025-04-30,10971530.6729,10851223.3725,-0.0109654071065,False,20B_P4_top_region_hysteresis_partial_rebalance_turnover_control_v0,20B_P4_TURNCTL_v0,-0.0159994675217,-0.0050340604152
F_MIX403030_XD8_R025_C020,2025-05,gross_shadow,2025-05-30,10870367,11088313,0.0200495530648,False,20B_P4_top_region_hysteresis_partial_rebalance_turnover_control_v0,20B_P4_TURNCTL_v0,0.0218567581682,0.00180720510344
F_MIX403030_XD8_R025_C020,2025-05,reference_net,2025-05-30,10851223.3725,11067831.4651,0.0199616287689,False,20B_P4_top_region_hysteresis_partial_rebalance_turnover_control_v0,20B_P4_TURNCTL_v0,0.021723831916,0.00176220314709
F_MIX403030_XD8_R025_C020,2025-06,gross_shadow,2025-06-30,11088313,11200608,0.0101273295586,False,20B_P4_top_region_hysteresis_partial_rebalance_turnover_control_v0,20B_P4_TURNCTL_v0,0.0120373412204,0.00191001166182
F_MIX403030_XD8_R025_C020,2025-06,reference_net,2025-06-30,11067831.4651,11178735.6586,0.0100204085895,False,20B_P4_top_region_hysteresis_partial_rebalance_turnover_control_v0,20B_P4_TURNCTL_v0,0.0118812499438,0.00186084135432
F_MIX403030_XD8_R025_C020,2025-07,gross_shadow,2025-07-31,11200608,11339665,0.0124151296073,False,20B_P4_top_region_hysteresis_partial_rebalance_turnover_control_v0,20B_P4_TURNCTL_v0,0.0159705014252,0.00355537181793
F_MIX403030_XD8_R025_C020,2025-07,reference_net,2025-07-31,11178735.6586,11316405.5398,0.0123153355938,False,20B_P4_top_region_hysteresis_partial_rebalance_turnover_control_v0,20B_P4_TURNCTL_v0,0.0158245945545,0.00350925896066
F_MIX403030_XD8_R025_C020,2025-08,gross_shadow,2025-08-29,11339665,11516169,0.0155651864495,True,20B_P4_top_region_hysteresis_partial_rebalance_turnover_control_v0,20B_P4_TURNCTL_v0,0.0214107382381,0.00584555178858
F_MIX403030_XD8_R025_C020,2025-08,reference_net,2025-08-29,11316405.5398,11491569.2631,0.0154787421399,True,20B_P4_top_region_hysteresis_partial_rebalance_turnover_control_v0,20B_P4_TURNCTL_v0,0.0212920604186,0.00581331827876
F_MIX403030_XD8_R025_C020,2025-09,gross_shadow,2025-09-30,11516169,11360966,-0.0134769644315,True,20B_P4_top_region_hysteresis_partial_rebalance_turnover_control_v0,20B_P4_TURNCTL_v0,-0.0146549819574,-0.00117801752595
F_MIX403030_XD8_R025_C020,2025-09,reference_net,2025-09-30,11491569.2631,11335012.7895,-0.0136235939536,True,20B_P4_top_region_hysteresis_partial_rebalance_turnover_control_v0,20B_P4_TURNCTL_v0,-0.0148953122943,-0.00127171834067
F_MIX403030_XD8_R025_C020,2025-10,gross_shadow,2025-10-31,11360966,11551147,0.0167398617336,False,20B_P4_top_region_hysteresis_partial_rebalance_turnover_control_v0,20B_P4_TURNCTL_v0,0.0176421257991,0.000902264065551
F_MIX403030_XD8_R025_C020,2025-10,reference_net,2025-10-31,11335012.7895,11523825.6717,0.0166574917643,False,20B_P4_top_region_hysteresis_partial_rebalance_turnover_control_v0,20B_P4_TURNCTL_v0,0.017504769152,0.000847277387693
F_MIX403030_XD8_R025_C020,2025-11,gross_shadow,2025-11-28,11551147,11480362,-0.00612796287676,False,20B_P4_top_region_hysteresis_partial_rebalance_turnover_control_v0,20B_P4_TURNCTL_v0,-0.00968857869009,-0.00356061581333
F_MIX403030_XD8_R025_C020,2025-11,reference_net,2025-11-28,11523825.6717,11451428.5317,-0.00628238764126,False,20B_P4_top_region_hysteresis_partial_rebalance_turnover_control_v0,20B_P4_TURNCTL_v0,-0.00995710204626,-0.003674714405
F_MIX403030_XD8_R025_C020,2025-12,gross_shadow,2025-12-31,11480362,11589480,0.00950475255049,False,20B_P4_top_region_hysteresis_partial_rebalance_turnover_control_v0,20B_P4_TURNCTL_v0,0.0171802536106,0.00767550106009
F_MIX403030_XD8_R025_C020,2025-12,reference_net,2025-12-31,11451428.5317,11558987.6201,0.00939263499414,False,20B_P4_top_region_hysteresis_partial_rebalance_turnover_control_v0,20B_P4_TURNCTL_v0,0.0170218081883,0.00762917319414
F_MIX403030_XD8_R025_C020,2026-01,gross_shadow,2026-01-30,11589480,11666535,0.0066487020988,False,20B_P4_top_region_hysteresis_partial_rebalance_turnover_control_v0,20B_P4_TURNCTL_v0,0.0150287676854,0.00838006558658
F_MIX403030_XD8_R025_C020,2026-01,reference_net,2026-01-30,11558987.6201,11634483.8023,0.00653138360394,False,20B_P4_top_region_hysteresis_partial_rebalance_turnover_control_v0,20B_P4_TURNCTL_v0,0.0148684959055,0.00833711230156
F_MIX403030_XD8_R025_C020,2026-02,gross_shadow,2026-02-27,11666535,11848633,0.0156085761539,False,20B_P4_top_region_hysteresis_partial_rebalance_turnover_control_v0,20B_P4_TURNCTL_v0,0.020391049042,0.0047824728881
F_MIX403030_XD8_R025_C020,2026-02,reference_net,2026-02-27,11634483.8023,11814942.9379,0.0155107126957,False,20B_P4_top_region_hysteresis_partial_rebalance_turnover_control_v0,20B_P4_TURNCTL_v0,0.0202325528075,0.00472184011179
F_MIX403030_XD8_R025_C020,2026-03,gross_shadow,2026-03-31,11848633,11642200,-0.0174225161671,False,20B_P4_top_region_hysteresis_partial_rebalance_turnover_control_v0,20B_P4_TURNCTL_v0,-0.0159986324444,0.00142388372266
F_MIX403030_XD8_R025_C020,2026-03,reference_net,2026-03-31,11814942.9379,11606954.1077,-0.0176038793723,False,20B_P4_top_region_hysteresis_partial_rebalance_turnover_control_v0,20B_P4_TURNCTL_v0,-0.0162685275383,0.00133535183401
F_MIX403030_XD8_R025_C020,2026-04,gross_shadow,2026-04-30,11642200,11739224,0.00833382006837,True,20B_P4_top_region_hysteresis_partial_rebalance_turnover_control_v0,20B_P4_TURNCTL_v0,0.0130737020465,0.00473988197811
F_MIX403030_XD8_R025_C020,2026-04,reference_net,2026-04-30,11606954.1077,11702250.4367,0.00821027878512,True,20B_P4_top_region_hysteresis_partial_rebalance_turnover_control_v0,20B_P4_TURNCTL_v0,0.0128697478741,0.00465946908894
F_MIX403030_XD8_R025_C030,2024-08,gross_shadow,2024-08-30,10000000,9667461,-0.0332539,False,20B_P4_top_region_hysteresis_partial_rebalance_turnover_control_v0,20B_P4_TURNCTL_v0,-0.0332539,0
F_MIX403030_XD8_R025_C030,2024-08,reference_net,2024-08-30,10000000,9659999.0084,-0.03400009916,False,20B_P4_top_region_hysteresis_partial_rebalance_turnover_control_v0,20B_P4_TURNCTL_v0,-0.03400009916,0
F_MIX403030_XD8_R025_C030,2024-09,gross_shadow,2024-09-30,9667461,11194520,0.157958640847,False,20B_P4_top_region_hysteresis_partial_rebalance_turnover_control_v0,20B_P4_TURNCTL_v0,0.158862601049,0.000903960202167
F_MIX403030_XD8_R025_C030,2024-09,reference_net,2024-09-30,9659999.0084,11185367.3526,0.157905641902,False,20B_P4_top_region_hysteresis_partial_rebalance_turnover_control_v0,20B_P4_TURNCTL_v0,0.158765209196,0.000859567294239
F_MIX403030_XD8_R025_C030,2024-10,gross_shadow,2024-10-31,11194520,10760697,-0.0387531577951,True,20B_P4_top_region_hysteresis_partial_rebalance_turnover_control_v0,20B_P4_TURNCTL_v0,-0.0417565103154,-0.00300335252037
F_MIX403030_XD8_R025_C030,2024-10,reference_net,2024-10-31,11185367.3526,10749718.6439,-0.038948091281,True,20B_P4_top_region_hysteresis_partial_rebalance_turnover_control_v0,20B_P4_TURNCTL_v0,-0.0419999329509,-0.00305184166991
F_MIX403030_XD8_R025_C030,2024-11,gross_shadow,2024-11-29,10760697,10841417,0.00750137281999,False,20B_P4_top_region_hysteresis_partial_rebalance_turnover_control_v0,20B_P4_TURNCTL_v0,0.00743434136436,-6.70314556364e-05
F_MIX403030_XD8_R025_C030,2024-11,reference_net,2024-11-29,10749718.6439,10829131.3356,0.00738742048145,False,20B_P4_top_region_hysteresis_partial_rebalance_turnover_control_v0,20B_P4_TURNCTL_v0,0.00728422719772,-0.000103193283729
F_MIX403030_XD8_R025_C030,2024-12,gross_shadow,2024-12-31,10841417,11094566,0.0233501764576,False,20B_P4_top_region_hysteresis_partial_rebalance_turnover_control_v0,20B_P4_TURNCTL_v0,0.023651486543,0.00030131008539
F_MIX403030_XD8_R025_C030,2024-12,reference_net,2024-12-31,10829131.3356,11080937.7233,0.0232526857304,False,20B_P4_top_region_hysteresis_partial_rebalance_turnover_control_v0,20B_P4_TURNCTL_v0,0.0235057852708,0.00025309954039
F_MIX403030_XD8_R025_C030,2025-01,gross_shadow,2025-01-27,11094566,10929102,-0.0149139677929,False,20B_P4_top_region_hysteresis_partial_rebalance_turnover_control_v0,20B_P4_TURNCTL_v0,-0.0159349720686,-0.00102100427573
F_MIX403030_XD8_R025_C030,2025-01,reference_net,2025-01-27,11080937.7233,10914021.5534,-0.0150633614256,False,20B_P4_top_region_hysteresis_partial_rebalance_turnover_control_v0,20B_P4_TURNCTL_v0,-0.0161371317804,-0.00107377035486
F_MIX403030_XD8_R025_C030,2025-02,gross_shadow,2025-02-28,10929102,10861267,-0.00620682284784,True,20B_P4_top_region_hysteresis_partial_rebalance_turnover_control_v0,20B_P4_TURNCTL_v0,-0.0079087507335,-0.00170192788566
F_MIX403030_XD8_R025_C030,2025-02,reference_net,2025-02-28,10914021.5534,10844912.6649,-0.00633211948242,True,20B_P4_top_region_hysteresis_partial_rebalance_turnover_control_v0,20B_P4_TURNCTL_v0,-0.00809581661659,-0.00176369713417
F_MIX403030_XD8_R025_C030,2025-03,gross_shadow,2025-03-31,10861267,10989317,0.0117896006055,False,20B_P4_top_region_hysteresis_partial_rebalance_turnover_control_v0,20B_P4_TURNCTL_v0,0.0133980936076,0.0016084930021
F_MIX403030_XD8_R025_C030,2025-03,reference_net,2025-03-31,10844912.6649,10971530.6729,0.0116753368028,False,20B_P4_top_region_hysteresis_partial_rebalance_turnover_control_v0,20B_P4_TURNCTL_v0,0.0132233978829,0.00154806108004
F_MIX403030_XD8_R025_C030,2025-04,gross_shadow,2025-04-30,10989317,10870367,-0.0108241485799,False,20B_P4_top_region_hysteresis_partial_rebalance_turnover_control_v0,20B_P4_TURNCTL_v0,-0.0157743458108,-0.00495019723084
F_MIX403030_XD8_R025_C030,2025-04,reference_net,2025-04-30,10971530.6729,10851223.3725,-0.0109654071065,False,20B_P4_top_region_hysteresis_partial_rebalance_turnover_control_v0,20B_P4_TURNCTL_v0,-0.0159994675217,-0.0050340604152
F_MIX403030_XD8_R025_C030,2025-05,gross_shadow,2025-05-30,10870367,11088313,0.0200495530648,False,20B_P4_top_region_hysteresis_partial_rebalance_turnover_control_v0,20B_P4_TURNCTL_v0,0.0218567581682,0.00180720510344
F_MIX403030_XD8_R025_C030,2025-05,reference_net,2025-05-30,10851223.3725,11067831.4651,0.0199616287689,False,20B_P4_top_region_hysteresis_partial_rebalance_turnover_control_v0,20B_P4_TURNCTL_v0,0.021723831916,0.00176220314709
F_MIX403030_XD8_R025_C030,2025-06,gross_shadow,2025-06-30,11088313,11200608,0.0101273295586,False,20B_P4_top_region_hysteresis_partial_rebalance_turnover_control_v0,20B_P4_TURNCTL_v0,0.0120373412204,0.00191001166182
F_MIX403030_XD8_R025_C030,2025-06,reference_net,2025-06-30,11067831.4651,11178735.6586,0.0100204085895,False,20B_P4_top_region_hysteresis_partial_rebalance_turnover_control_v0,20B_P4_TURNCTL_v0,0.0118812499438,0.00186084135432
F_MIX403030_XD8_R025_C030,2025-07,gross_shadow,2025-07-31,11200608,11339665,0.0124151296073,False,20B_P4_top_region_hysteresis_partial_rebalance_turnover_control_v0,20B_P4_TURNCTL_v0,0.0159705014252,0.00355537181793
F_MIX403030_XD8_R025_C030,2025-07,reference_net,2025-07-31,11178735.6586,11316405.5398,0.0123153355938,False,20B_P4_top_region_hysteresis_partial_rebalance_turnover_control_v0,20B_P4_TURNCTL_v0,0.0158245945545,0.00350925896066
F_MIX403030_XD8_R025_C030,2025-08,gross_shadow,2025-08-29,11339665,11516169,0.0155651864495,True,20B_P4_top_region_hysteresis_partial_rebalance_turnover_control_v0,20B_P4_TURNCTL_v0,0.0214107382381,0.00584555178858
F_MIX403030_XD8_R025_C030,2025-08,reference_net,2025-08-29,11316405.5398,11491569.2631,0.0154787421399,True,20B_P4_top_region_hysteresis_partial_rebalance_turnover_control_v0,20B_P4_TURNCTL_v0,0.0212920604186,0.00581331827876
F_MIX403030_XD8_R025_C030,2025-09,gross_shadow,2025-09-30,11516169,11360966,-0.0134769644315,True,20B_P4_top_region_hysteresis_partial_rebalance_turnover_control_v0,20B_P4_TURNCTL_v0,-0.0146549819574,-0.00117801752595
F_MIX403030_XD8_R025_C030,2025-09,reference_net,2025-09-30,11491569.2631,11335012.7895,-0.0136235939536,True,20B_P4_top_region_hysteresis_partial_rebalance_turnover_control_v0,20B_P4_TURNCTL_v0,-0.0148953122943,-0.00127171834067
F_MIX403030_XD8_R025_C030,2025-10,gross_shadow,2025-10-31,11360966,11551147,0.0167398617336,False,20B_P4_top_region_hysteresis_partial_rebalance_turnover_control_v0,20B_P4_TURNCTL_v0,0.0176421257991,0.000902264065551
F_MIX403030_XD8_R025_C030,2025-10,reference_net,2025-10-31,11335012.7895,11523825.6717,0.0166574917643,False,20B_P4_top_region_hysteresis_partial_rebalance_turnover_control_v0,20B_P4_TURNCTL_v0,0.017504769152,0.000847277387693
F_MIX403030_XD8_R025_C030,2025-11,gross_shadow,2025-11-28,11551147,11480362,-0.00612796287676,False,20B_P4_top_region_hysteresis_partial_rebalance_turnover_control_v0,20B_P4_TURNCTL_v0,-0.00968857869009,-0.00356061581333
F_MIX403030_XD8_R025_C030,2025-11,reference_net,2025-11-28,11523825.6717,11451428.5317,-0.00628238764126,False,20B_P4_top_region_hysteresis_partial_rebalance_turnover_control_v0,20B_P4_TURNCTL_v0,-0.00995710204626,-0.003674714405
F_MIX403030_XD8_R025_C030,2025-12,gross_shadow,2025-12-31,11480362,11589480,0.00950475255049,False,20B_P4_top_region_hysteresis_partial_rebalance_turnover_control_v0,20B_P4_TURNCTL_v0,0.0171802536106,0.00767550106009
F_MIX403030_XD8_R025_C030,2025-12,reference_net,2025-12-31,11451428.5317,11558987.6201,0.00939263499414,False,20B_P4_top_region_hysteresis_partial_rebalance_turnover_control_v0,20B_P4_TURNCTL_v0,0.0170218081883,0.00762917319414
F_MIX403030_XD8_R025_C030,2026-01,gross_shadow,2026-01-30,11589480,11666535,0.0066487020988,False,20B_P4_top_region_hysteresis_partial_rebalance_turnover_control_v0,20B_P4_TURNCTL_v0,0.0150287676854,0.00838006558658
F_MIX403030_XD8_R025_C030,2026-01,reference_net,2026-01-30,11558987.6201,11634483.8023,0.00653138360394,False,20B_P4_top_region_hysteresis_partial_rebalance_turnover_control_v0,20B_P4_TURNCTL_v0,0.0148684959055,0.00833711230156
F_MIX403030_XD8_R025_C030,2026-02,gross_shadow,2026-02-27,11666535,11848633,0.0156085761539,False,20B_P4_top_region_hysteresis_partial_rebalance_turnover_control_v0,20B_P4_TURNCTL_v0,0.020391049042,0.0047824728881
F_MIX403030_XD8_R025_C030,2026-02,reference_net,2026-02-27,11634483.8023,11814942.9379,0.0155107126957,False,20B_P4_top_region_hysteresis_partial_rebalance_turnover_control_v0,20B_P4_TURNCTL_v0,0.0202325528075,0.00472184011179
F_MIX403030_XD8_R025_C030,2026-03,gross_shadow,2026-03-31,11848633,11642200,-0.0174225161671,False,20B_P4_top_region_hysteresis_partial_rebalance_turnover_control_v0,20B_P4_TURNCTL_v0,-0.0159986324444,0.00142388372266
F_MIX403030_XD8_R025_C030,2026-03,reference_net,2026-03-31,11814942.9379,11606954.1077,-0.0176038793723,False,20B_P4_top_region_hysteresis_partial_rebalance_turnover_control_v0,20B_P4_TURNCTL_v0,-0.0162685275383,0.00133535183401
F_MIX403030_XD8_R025_C030,2026-04,gross_shadow,2026-04-30,11642200,11739224,0.00833382006837,True,20B_P4_top_region_hysteresis_partial_rebalance_turnover_control_v0,20B_P4_TURNCTL_v0,0.0130737020465,0.00473988197811
F_MIX403030_XD8_R025_C030,2026-04,reference_net,2026-04-30,11606954.1077,11702250.4367,0.00821027878512,True,20B_P4_top_region_hysteresis_partial_rebalance_turnover_control_v0,20B_P4_TURNCTL_v0,0.0128697478741,0.00465946908894
F_MIX403030_XD8_R025_C040,2024-08,gross_shadow,2024-08-30,10000000,9667461,-0.0332539,False,20B_P4_top_region_hysteresis_partial_rebalance_turnover_control_v0,20B_P4_TURNCTL_v0,-0.0332539,0
F_MIX403030_XD8_R025_C040,2024-08,reference_net,2024-08-30,10000000,9659999.0084,-0.03400009916,False,20B_P4_top_region_hysteresis_partial_rebalance_turnover_control_v0,20B_P4_TURNCTL_v0,-0.03400009916,0
F_MIX403030_XD8_R025_C040,2024-09,gross_shadow,2024-09-30,9667461,11194520,0.157958640847,False,20B_P4_top_region_hysteresis_partial_rebalance_turnover_control_v0,20B_P4_TURNCTL_v0,0.158862601049,0.000903960202167
F_MIX403030_XD8_R025_C040,2024-09,reference_net,2024-09-30,9659999.0084,11185367.3526,0.157905641902,False,20B_P4_top_region_hysteresis_partial_rebalance_turnover_control_v0,20B_P4_TURNCTL_v0,0.158765209196,0.000859567294239
F_MIX403030_XD8_R025_C040,2024-10,gross_shadow,2024-10-31,11194520,10760697,-0.0387531577951,True,20B_P4_top_region_hysteresis_partial_rebalance_turnover_control_v0,20B_P4_TURNCTL_v0,-0.0417565103154,-0.00300335252037
F_MIX403030_XD8_R025_C040,2024-10,reference_net,2024-10-31,11185367.3526,10749718.6439,-0.038948091281,True,20B_P4_top_region_hysteresis_partial_rebalance_turnover_control_v0,20B_P4_TURNCTL_v0,-0.0419999329509,-0.00305184166991
F_MIX403030_XD8_R025_C040,2024-11,gross_shadow,2024-11-29,10760697,10841417,0.00750137281999,False,20B_P4_top_region_hysteresis_partial_rebalance_turnover_control_v0,20B_P4_TURNCTL_v0,0.00743434136436,-6.70314556364e-05
F_MIX403030_XD8_R025_C040,2024-11,reference_net,2024-11-29,10749718.6439,10829131.3356,0.00738742048145,False,20B_P4_top_region_hysteresis_partial_rebalance_turnover_control_v0,20B_P4_TURNCTL_v0,0.00728422719772,-0.000103193283729
F_MIX403030_XD8_R025_C040,2024-12,gross_shadow,2024-12-31,10841417,11094566,0.0233501764576,False,20B_P4_top_region_hysteresis_partial_rebalance_turnover_control_v0,20B_P4_TURNCTL_v0,0.023651486543,0.00030131008539
F_MIX403030_XD8_R025_C040,2024-12,reference_net,2024-12-31,10829131.3356,11080937.7233,0.0232526857304,False,20B_P4_top_region_hysteresis_partial_rebalance_turnover_control_v0,20B_P4_TURNCTL_v0,0.0235057852708,0.00025309954039
F_MIX403030_XD8_R025_C040,2025-01,gross_shadow,2025-01-27,11094566,10929102,-0.0149139677929,False,20B_P4_top_region_hysteresis_partial_rebalance_turnover_control_v0,20B_P4_TURNCTL_v0,-0.0159349720686,-0.00102100427573
F_MIX403030_XD8_R025_C040,2025-01,reference_net,2025-01-27,11080937.7233,10914021.5534,-0.0150633614256,False,20B_P4_top_region_hysteresis_partial_rebalance_turnover_control_v0,20B_P4_TURNCTL_v0,-0.0161371317804,-0.00107377035486
F_MIX403030_XD8_R025_C040,2025-02,gross_shadow,2025-02-28,10929102,10861267,-0.00620682284784,True,20B_P4_top_region_hysteresis_partial_rebalance_turnover_control_v0,20B_P4_TURNCTL_v0,-0.0079087507335,-0.00170192788566
F_MIX403030_XD8_R025_C040,2025-02,reference_net,2025-02-28,10914021.5534,10844912.6649,-0.00633211948242,True,20B_P4_top_region_hysteresis_partial_rebalance_turnover_control_v0,20B_P4_TURNCTL_v0,-0.00809581661659,-0.00176369713417
F_MIX403030_XD8_R025_C040,2025-03,gross_shadow,2025-03-31,10861267,10989317,0.0117896006055,False,20B_P4_top_region_hysteresis_partial_rebalance_turnover_control_v0,20B_P4_TURNCTL_v0,0.0133980936076,0.0016084930021
F_MIX403030_XD8_R025_C040,2025-03,reference_net,2025-03-31,10844912.6649,10971530.6729,0.0116753368028,False,20B_P4_top_region_hysteresis_partial_rebalance_turnover_control_v0,20B_P4_TURNCTL_v0,0.0132233978829,0.00154806108004
F_MIX403030_XD8_R025_C040,2025-04,gross_shadow,2025-04-30,10989317,10870367,-0.0108241485799,False,20B_P4_top_region_hysteresis_partial_rebalance_turnover_control_v0,20B_P4_TURNCTL_v0,-0.0157743458108,-0.00495019723084
F_MIX403030_XD8_R025_C040,2025-04,reference_net,2025-04-30,10971530.6729,10851223.3725,-0.0109654071065,False,20B_P4_top_region_hysteresis_partial_rebalance_turnover_control_v0,20B_P4_TURNCTL_v0,-0.0159994675217,-0.0050340604152
F_MIX403030_XD8_R025_C040,2025-05,gross_shadow,2025-05-30,10870367,11088313,0.0200495530648,False,20B_P4_top_region_hysteresis_partial_rebalance_turnover_control_v0,20B_P4_TURNCTL_v0,0.0218567581682,0.00180720510344
F_MIX403030_XD8_R025_C040,2025-05,reference_net,2025-05-30,10851223.3725,11067831.4651,0.0199616287689,False,20B_P4_top_region_hysteresis_partial_rebalance_turnover_control_v0,20B_P4_TURNCTL_v0,0.021723831916,0.00176220314709
F_MIX403030_XD8_R025_C040,2025-06,gross_shadow,2025-06-30,11088313,11200608,0.0101273295586,False,20B_P4_top_region_hysteresis_partial_rebalance_turnover_control_v0,20B_P4_TURNCTL_v0,0.0120373412204,0.00191001166182
F_MIX403030_XD8_R025_C040,2025-06,reference_net,2025-06-30,11067831.4651,11178735.6586,0.0100204085895,False,20B_P4_top_region_hysteresis_partial_rebalance_turnover_control_v0,20B_P4_TURNCTL_v0,0.0118812499438,0.00186084135432
F_MIX403030_XD8_R025_C040,2025-07,gross_shadow,2025-07-31,11200608,11339665,0.0124151296073,False,20B_P4_top_region_hysteresis_partial_rebalance_turnover_control_v0,20B_P4_TURNCTL_v0,0.0159705014252,0.00355537181793
F_MIX403030_XD8_R025_C040,2025-07,reference_net,2025-07-31,11178735.6586,11316405.5398,0.0123153355938,False,20B_P4_top_region_hysteresis_partial_rebalance_turnover_control_v0,20B_P4_TURNCTL_v0,0.0158245945545,0.00350925896066
F_MIX403030_XD8_R025_C040,2025-08,gross_shadow,2025-08-29,11339665,11516169,0.0155651864495,True,20B_P4_top_region_hysteresis_partial_rebalance_turnover_control_v0,20B_P4_TURNCTL_v0,0.0214107382381,0.00584555178858
F_MIX403030_XD8_R025_C040,2025-08,reference_net,2025-08-29,11316405.5398,11491569.2631,0.0154787421399,True,20B_P4_top_region_hysteresis_partial_rebalance_turnover_control_v0,20B_P4_TURNCTL_v0,0.0212920604186,0.00581331827876
F_MIX403030_XD8_R025_C040,2025-09,gross_shadow,2025-09-30,11516169,11360966,-0.0134769644315,True,20B_P4_top_region_hysteresis_partial_rebalance_turnover_control_v0,20B_P4_TURNCTL_v0,-0.0146549819574,-0.00117801752595
F_MIX403030_XD8_R025_C040,2025-09,reference_net,2025-09-30,11491569.2631,11335012.7895,-0.0136235939536,True,20B_P4_top_region_hysteresis_partial_rebalance_turnover_control_v0,20B_P4_TURNCTL_v0,-0.0148953122943,-0.00127171834067
F_MIX403030_XD8_R025_C040,2025-10,gross_shadow,2025-10-31,11360966,11551147,0.0167398617336,False,20B_P4_top_region_hysteresis_partial_rebalance_turnover_control_v0,20B_P4_TURNCTL_v0,0.0176421257991,0.000902264065551
F_MIX403030_XD8_R025_C040,2025-10,reference_net,2025-10-31,11335012.7895,11523825.6717,0.0166574917643,False,20B_P4_top_region_hysteresis_partial_rebalance_turnover_control_v0,20B_P4_TURNCTL_v0,0.017504769152,0.000847277387693
F_MIX403030_XD8_R025_C040,2025-11,gross_shadow,2025-11-28,11551147,11480362,-0.00612796287676,False,20B_P4_top_region_hysteresis_partial_rebalance_turnover_control_v0,20B_P4_TURNCTL_v0,-0.00968857869009,-0.00356061581333
F_MIX403030_XD8_R025_C040,2025-11,reference_net,2025-11-28,11523825.6717,11451428.5317,-0.00628238764126,False,20B_P4_top_region_hysteresis_partial_rebalance_turnover_control_v0,20B_P4_TURNCTL_v0,-0.00995710204626,-0.003674714405
F_MIX403030_XD8_R025_C040,2025-12,gross_shadow,2025-12-31,11480362,11589480,0.00950475255049,False,20B_P4_top_region_hysteresis_partial_rebalance_turnover_control_v0,20B_P4_TURNCTL_v0,0.0171802536106,0.00767550106009
F_MIX403030_XD8_R025_C040,2025-12,reference_net,2025-12-31,11451428.5317,11558987.6201,0.00939263499414,False,20B_P4_top_region_hysteresis_partial_rebalance_turnover_control_v0,20B_P4_TURNCTL_v0,0.0170218081883,0.00762917319414
F_MIX403030_XD8_R025_C040,2026-01,gross_shadow,2026-01-30,11589480,11666535,0.0066487020988,False,20B_P4_top_region_hysteresis_partial_rebalance_turnover_control_v0,20B_P4_TURNCTL_v0,0.0150287676854,0.00838006558658
F_MIX403030_XD8_R025_C040,2026-01,reference_net,2026-01-30,11558987.6201,11634483.8023,0.00653138360394,False,20B_P4_top_region_hysteresis_partial_rebalance_turnover_control_v0,20B_P4_TURNCTL_v0,0.0148684959055,0.00833711230156
F_MIX403030_XD8_R025_C040,2026-02,gross_shadow,2026-02-27,11666535,11848633,0.0156085761539,False,20B_P4_top_region_hysteresis_partial_rebalance_turnover_control_v0,20B_P4_TURNCTL_v0,0.020391049042,0.0047824728881
F_MIX403030_XD8_R025_C040,2026-02,reference_net,2026-02-27,11634483.8023,11814942.9379,0.0155107126957,False,20B_P4_top_region_hysteresis_partial_rebalance_turnover_control_v0,20B_P4_TURNCTL_v0,0.0202325528075,0.00472184011179
F_MIX403030_XD8_R025_C040,2026-03,gross_shadow,2026-03-31,11848633,11642200,-0.0174225161671,False,20B_P4_top_region_hysteresis_partial_rebalance_turnover_control_v0,20B_P4_TURNCTL_v0,-0.0159986324444,0.00142388372266
F_MIX403030_XD8_R025_C040,2026-03,reference_net,2026-03-31,11814942.9379,11606954.1077,-0.0176038793723,False,20B_P4_top_region_hysteresis_partial_rebalance_turnover_control_v0,20B_P4_TURNCTL_v0,-0.0162685275383,0.00133535183401
F_MIX403030_XD8_R025_C040,2026-04,gross_shadow,2026-04-30,11642200,11739224,0.00833382006837,True,20B_P4_top_region_hysteresis_partial_rebalance_turnover_control_v0,20B_P4_TURNCTL_v0,0.0130737020465,0.00473988197811
F_MIX403030_XD8_R025_C040,2026-04,reference_net,2026-04-30,11606954.1077,11702250.4367,0.00821027878512,True,20B_P4_top_region_hysteresis_partial_rebalance_turnover_control_v0,20B_P4_TURNCTL_v0,0.0128697478741,0.00465946908894
F_MIX403030_XD8_R025_CNONE,2024-08,gross_shadow,2024-08-30,10000000,9667461,-0.0332539,False,20B_P4_top_region_hysteresis_partial_rebalance_turnover_control_v0,20B_P4_TURNCTL_v0,-0.0332539,0
F_MIX403030_XD8_R025_CNONE,2024-08,reference_net,2024-08-30,10000000,9659999.0084,-0.03400009916,False,20B_P4_top_region_hysteresis_partial_rebalance_turnover_control_v0,20B_P4_TURNCTL_v0,-0.03400009916,0
F_MIX403030_XD8_R025_CNONE,2024-09,gross_shadow,2024-09-30,9667461,11194520,0.157958640847,False,20B_P4_top_region_hysteresis_partial_rebalance_turnover_control_v0,20B_P4_TURNCTL_v0,0.158862601049,0.000903960202167
F_MIX403030_XD8_R025_CNONE,2024-09,reference_net,2024-09-30,9659999.0084,11185367.3526,0.157905641902,False,20B_P4_top_region_hysteresis_partial_rebalance_turnover_control_v0,20B_P4_TURNCTL_v0,0.158765209196,0.000859567294239
F_MIX403030_XD8_R025_CNONE,2024-10,gross_shadow,2024-10-31,11194520,10760697,-0.0387531577951,True,20B_P4_top_region_hysteresis_partial_rebalance_turnover_control_v0,20B_P4_TURNCTL_v0,-0.0417565103154,-0.00300335252037
F_MIX403030_XD8_R025_CNONE,2024-10,reference_net,2024-10-31,11185367.3526,10749718.6439,-0.038948091281,True,20B_P4_top_region_hysteresis_partial_rebalance_turnover_control_v0,20B_P4_TURNCTL_v0,-0.0419999329509,-0.00305184166991
F_MIX403030_XD8_R025_CNONE,2024-11,gross_shadow,2024-11-29,10760697,10841417,0.00750137281999,False,20B_P4_top_region_hysteresis_partial_rebalance_turnover_control_v0,20B_P4_TURNCTL_v0,0.00743434136436,-6.70314556364e-05
F_MIX403030_XD8_R025_CNONE,2024-11,reference_net,2024-11-29,10749718.6439,10829131.3356,0.00738742048145,False,20B_P4_top_region_hysteresis_partial_rebalance_turnover_control_v0,20B_P4_TURNCTL_v0,0.00728422719772,-0.000103193283729
F_MIX403030_XD8_R025_CNONE,2024-12,gross_shadow,2024-12-31,10841417,11094566,0.0233501764576,False,20B_P4_top_region_hysteresis_partial_rebalance_turnover_control_v0,20B_P4_TURNCTL_v0,0.023651486543,0.00030131008539
F_MIX403030_XD8_R025_CNONE,2024-12,reference_net,2024-12-31,10829131.3356,11080937.7233,0.0232526857304,False,20B_P4_top_region_hysteresis_partial_rebalance_turnover_control_v0,20B_P4_TURNCTL_v0,0.0235057852708,0.00025309954039
F_MIX403030_XD8_R025_CNONE,2025-01,gross_shadow,2025-01-27,11094566,10929102,-0.0149139677929,False,20B_P4_top_region_hysteresis_partial_rebalance_turnover_control_v0,20B_P4_TURNCTL_v0,-0.0159349720686,-0.00102100427573
F_MIX403030_XD8_R025_CNONE,2025-01,reference_net,2025-01-27,11080937.7233,10914021.5534,-0.0150633614256,False,20B_P4_top_region_hysteresis_partial_rebalance_turnover_control_v0,20B_P4_TURNCTL_v0,-0.0161371317804,-0.00107377035486
F_MIX403030_XD8_R025_CNONE,2025-02,gross_shadow,2025-02-28,10929102,10861267,-0.00620682284784,True,20B_P4_top_region_hysteresis_partial_rebalance_turnover_control_v0,20B_P4_TURNCTL_v0,-0.0079087507335,-0.00170192788566
F_MIX403030_XD8_R025_CNONE,2025-02,reference_net,2025-02-28,10914021.5534,10844912.6649,-0.00633211948242,True,20B_P4_top_region_hysteresis_partial_rebalance_turnover_control_v0,20B_P4_TURNCTL_v0,-0.00809581661659,-0.00176369713417
F_MIX403030_XD8_R025_CNONE,2025-03,gross_shadow,2025-03-31,10861267,10989317,0.0117896006055,False,20B_P4_top_region_hysteresis_partial_rebalance_turnover_control_v0,20B_P4_TURNCTL_v0,0.0133980936076,0.0016084930021
F_MIX403030_XD8_R025_CNONE,2025-03,reference_net,2025-03-31,10844912.6649,10971530.6729,0.0116753368028,False,20B_P4_top_region_hysteresis_partial_rebalance_turnover_control_v0,20B_P4_TURNCTL_v0,0.0132233978829,0.00154806108004
F_MIX403030_XD8_R025_CNONE,2025-04,gross_shadow,2025-04-30,10989317,10870367,-0.0108241485799,False,20B_P4_top_region_hysteresis_partial_rebalance_turnover_control_v0,20B_P4_TURNCTL_v0,-0.0157743458108,-0.00495019723084
F_MIX403030_XD8_R025_CNONE,2025-04,reference_net,2025-04-30,10971530.6729,10851223.3725,-0.0109654071065,False,20B_P4_top_region_hysteresis_partial_rebalance_turnover_control_v0,20B_P4_TURNCTL_v0,-0.0159994675217,-0.0050340604152
F_MIX403030_XD8_R025_CNONE,2025-05,gross_shadow,2025-05-30,10870367,11088313,0.0200495530648,False,20B_P4_top_region_hysteresis_partial_rebalance_turnover_control_v0,20B_P4_TURNCTL_v0,0.0218567581682,0.00180720510344
F_MIX403030_XD8_R025_CNONE,2025-05,reference_net,2025-05-30,10851223.3725,11067831.4651,0.0199616287689,False,20B_P4_top_region_hysteresis_partial_rebalance_turnover_control_v0,20B_P4_TURNCTL_v0,0.021723831916,0.00176220314709
F_MIX403030_XD8_R025_CNONE,2025-06,gross_shadow,2025-06-30,11088313,11200608,0.0101273295586,False,20B_P4_top_region_hysteresis_partial_rebalance_turnover_control_v0,20B_P4_TURNCTL_v0,0.0120373412204,0.00191001166182
F_MIX403030_XD8_R025_CNONE,2025-06,reference_net,2025-06-30,11067831.4651,11178735.6586,0.0100204085895,False,20B_P4_top_region_hysteresis_partial_rebalance_turnover_control_v0,20B_P4_TURNCTL_v0,0.0118812499438,0.00186084135432
F_MIX403030_XD8_R025_CNONE,2025-07,gross_shadow,2025-07-31,11200608,11339665,0.0124151296073,False,20B_P4_top_region_hysteresis_partial_rebalance_turnover_control_v0,20B_P4_TURNCTL_v0,0.0159705014252,0.00355537181793
F_MIX403030_XD8_R025_CNONE,2025-07,reference_net,2025-07-31,11178735.6586,11316405.5398,0.0123153355938,False,20B_P4_top_region_hysteresis_partial_rebalance_turnover_control_v0,20B_P4_TURNCTL_v0,0.0158245945545,0.00350925896066
F_MIX403030_XD8_R025_CNONE,2025-08,gross_shadow,2025-08-29,11339665,11516169,0.0155651864495,True,20B_P4_top_region_hysteresis_partial_rebalance_turnover_control_v0,20B_P4_TURNCTL_v0,0.0214107382381,0.00584555178858
F_MIX403030_XD8_R025_CNONE,2025-08,reference_net,2025-08-29,11316405.5398,11491569.2631,0.0154787421399,True,20B_P4_top_region_hysteresis_partial_rebalance_turnover_control_v0,20B_P4_TURNCTL_v0,0.0212920604186,0.00581331827876
F_MIX403030_XD8_R025_CNONE,2025-09,gross_shadow,2025-09-30,11516169,11360966,-0.0134769644315,True,20B_P4_top_region_hysteresis_partial_rebalance_turnover_control_v0,20B_P4_TURNCTL_v0,-0.0146549819574,-0.00117801752595
F_MIX403030_XD8_R025_CNONE,2025-09,reference_net,2025-09-30,11491569.2631,11335012.7895,-0.0136235939536,True,20B_P4_top_region_hysteresis_partial_rebalance_turnover_control_v0,20B_P4_TURNCTL_v0,-0.0148953122943,-0.00127171834067
F_MIX403030_XD8_R025_CNONE,2025-10,gross_shadow,2025-10-31,11360966,11551147,0.0167398617336,False,20B_P4_top_region_hysteresis_partial_rebalance_turnover_control_v0,20B_P4_TURNCTL_v0,0.0176421257991,0.000902264065551
F_MIX403030_XD8_R025_CNONE,2025-10,reference_net,2025-10-31,11335012.7895,11523825.6717,0.0166574917643,False,20B_P4_top_region_hysteresis_partial_rebalance_turnover_control_v0,20B_P4_TURNCTL_v0,0.017504769152,0.000847277387693
F_MIX403030_XD8_R025_CNONE,2025-11,gross_shadow,2025-11-28,11551147,11480362,-0.00612796287676,False,20B_P4_top_region_hysteresis_partial_rebalance_turnover_control_v0,20B_P4_TURNCTL_v0,-0.00968857869009,-0.00356061581333
F_MIX403030_XD8_R025_CNONE,2025-11,reference_net,2025-11-28,11523825.6717,11451428.5317,-0.00628238764126,False,20B_P4_top_region_hysteresis_partial_rebalance_turnover_control_v0,20B_P4_TURNCTL_v0,-0.00995710204626,-0.003674714405
F_MIX403030_XD8_R025_CNONE,2025-12,gross_shadow,2025-12-31,11480362,11589480,0.00950475255049,False,20B_P4_top_region_hysteresis_partial_rebalance_turnover_control_v0,20B_P4_TURNCTL_v0,0.0171802536106,0.00767550106009
F_MIX403030_XD8_R025_CNONE,2025-12,reference_net,2025-12-31,11451428.5317,11558987.6201,0.00939263499414,False,20B_P4_top_region_hysteresis_partial_rebalance_turnover_control_v0,20B_P4_TURNCTL_v0,0.0170218081883,0.00762917319414
F_MIX403030_XD8_R025_CNONE,2026-01,gross_shadow,2026-01-30,11589480,11666535,0.0066487020988,False,20B_P4_top_region_hysteresis_partial_rebalance_turnover_control_v0,20B_P4_TURNCTL_v0,0.0150287676854,0.00838006558658
F_MIX403030_XD8_R025_CNONE,2026-01,reference_net,2026-01-30,11558987.6201,11634483.8023,0.00653138360394,False,20B_P4_top_region_hysteresis_partial_rebalance_turnover_control_v0,20B_P4_TURNCTL_v0,0.0148684959055,0.00833711230156
F_MIX403030_XD8_R025_CNONE,2026-02,gross_shadow,2026-02-27,11666535,11848633,0.0156085761539,False,20B_P4_top_region_hysteresis_partial_rebalance_turnover_control_v0,20B_P4_TURNCTL_v0,0.020391049042,0.0047824728881
F_MIX403030_XD8_R025_CNONE,2026-02,reference_net,2026-02-27,11634483.8023,11814942.9379,0.0155107126957,False,20B_P4_top_region_hysteresis_partial_rebalance_turnover_control_v0,20B_P4_TURNCTL_v0,0.0202325528075,0.00472184011179
F_MIX403030_XD8_R025_CNONE,2026-03,gross_shadow,2026-03-31,11848633,11642200,-0.0174225161671,False,20B_P4_top_region_hysteresis_partial_rebalance_turnover_control_v0,20B_P4_TURNCTL_v0,-0.0159986324444,0.00142388372266
F_MIX403030_XD8_R025_CNONE,2026-03,reference_net,2026-03-31,11814942.9379,11606954.1077,-0.0176038793723,False,20B_P4_top_region_hysteresis_partial_rebalance_turnover_control_v0,20B_P4_TURNCTL_v0,-0.0162685275383,0.00133535183401
F_MIX403030_XD8_R025_CNONE,2026-04,gross_shadow,2026-04-30,11642200,11739224,0.00833382006837,True,20B_P4_top_region_hysteresis_partial_rebalance_turnover_control_v0,20B_P4_TURNCTL_v0,0.0130737020465,0.00473988197811
F_MIX403030_XD8_R025_CNONE,2026-04,reference_net,2026-04-30,11606954.1077,11702250.4367,0.00821027878512,True,20B_P4_top_region_hysteresis_partial_rebalance_turnover_control_v0,20B_P4_TURNCTL_v0,0.0128697478741,0.00465946908894
F_MIX403030_XD8_R050_C020,2024-08,gross_shadow,2024-08-30,10000000,9667461,-0.0332539,False,20B_P4_top_region_hysteresis_partial_rebalance_turnover_control_v0,20B_P4_TURNCTL_v0,-0.0332539,0
F_MIX403030_XD8_R050_C020,2024-08,reference_net,2024-08-30,10000000,9659999.0084,-0.03400009916,False,20B_P4_top_region_hysteresis_partial_rebalance_turnover_control_v0,20B_P4_TURNCTL_v0,-0.03400009916,0
F_MIX403030_XD8_R050_C020,2024-09,gross_shadow,2024-09-30,9667461,11091679,0.147320790847,False,20B_P4_top_region_hysteresis_partial_rebalance_turnover_control_v0,20B_P4_TURNCTL_v0,0.158862601049,0.0115418102023
F_MIX403030_XD8_R050_C020,2024-09,reference_net,2024-09-30,9659999.0084,11081352.5347,0.147138061307,False,20B_P4_top_region_hysteresis_partial_rebalance_turnover_control_v0,20B_P4_TURNCTL_v0,0.158765209196,0.0116271478892
F_MIX403030_XD8_R050_C020,2024-10,gross_shadow,2024-10-31,11091679,10749519,-0.0308483503715,True,20B_P4_top_region_hysteresis_partial_rebalance_turnover_control_v0,20B_P4_TURNCTL_v0,-0.0417565103154,-0.010908159944
F_MIX403030_XD8_R050_C020,2024-10,reference_net,2024-10-31,11081352.5347,10736402.7432,-0.031128852765,True,20B_P4_top_region_hysteresis_partial_rebalance_turnover_control_v0,20B_P4_TURNCTL_v0,-0.0419999329509,-0.0108710801859
F_MIX403030_XD8_R050_C020,2024-11,gross_shadow,2024-11-29,10749519,10820410,0.00659480670717,False,20B_P4_top_region_hysteresis_partial_rebalance_turnover_control_v0,20B_P4_TURNCTL_v0,0.00743434136436,0.000839534657193
F_MIX403030_XD8_R050_C020,2024-11,reference_net,2024-11-29,10736402.7432,10805423.3146,0.00642864961577,False,20B_P4_top_region_hysteresis_partial_rebalance_turnover_control_v0,20B_P4_TURNCTL_v0,0.00728422719772,0.000855577581953
F_MIX403030_XD8_R050_C020,2024-12,gross_shadow,2024-12-31,10820410,11080687,0.0240542641175,False,20B_P4_top_region_hysteresis_partial_rebalance_turnover_control_v0,20B_P4_TURNCTL_v0,0.023651486543,-0.000402777574582
F_MIX403030_XD8_R050_C020,2024-12,reference_net,2024-12-31,10805423.3146,11063861.671,0.023917467077,False,20B_P4_top_region_hysteresis_partial_rebalance_turnover_control_v0,20B_P4_TURNCTL_v0,0.0235057852708,-0.000411681806226
F_MIX403030_XD8_R050_C020,2025-01,gross_shadow,2025-01-27,11080687,10918472,-0.0146394352625,False,20B_P4_top_region_hysteresis_partial_rebalance_turnover_control_v0,20B_P4_TURNCTL_v0,-0.0159349720686,-0.00129553680616
F_MIX403030_XD8_R050_C020,2025-01,reference_net,2025-01-27,11063861.671,10899715.6664,-0.0148362307322,False,20B_P4_top_region_hysteresis_partial_rebalance_turnover_control_v0,20B_P4_TURNCTL_v0,-0.0161371317804,-0.0013009010482
F_MIX403030_XD8_R050_C020,2025-02,gross_shadow,2025-02-28,10918472,10856407,-0.00568440345865,True,20B_P4_top_region_hysteresis_partial_rebalance_turnover_control_v0,20B_P4_TURNCTL_v0,-0.0079087507335,-0.00222434727485
F_MIX403030_XD8_R050_C020,2025-02,reference_net,2025-02-28,10899715.6664,10835806.5549,-0.0058633741912,True,20B_P4_top_region_hysteresis_partial_rebalance_turnover_control_v0,20B_P4_TURNCTL_v0,-0.00809581661659,-0.00223244242539
F_MIX403030_XD8_R050_C020,2025-03,gross_shadow,2025-03-31,10856407,10993256,0.0126053675033,False,20B_P4_top_region_hysteresis_partial_rebalance_turnover_control_v0,20B_P4_TURNCTL_v0,0.0133980936076,0.000792726104365
F_MIX403030_XD8_R050_C020,2025-03,reference_net,2025-03-31,10835806.5549,10970786.4394,0.0124568377855,False,20B_P4_top_region_hysteresis_partial_rebalance_turnover_control_v0,20B_P4_TURNCTL_v0,0.0132233978829,0.000766560097313
F_MIX403030_XD8_R050_C020,2025-04,gross_shadow,2025-04-30,10993256,10871103,-0.0111116306215,False,20B_P4_top_region_hysteresis_partial_rebalance_turnover_control_v0,20B_P4_TURNCTL_v0,-0.0157743458108,-0.00466271518923
F_MIX403030_XD8_R050_C020,2025-04,reference_net,2025-04-30,10970786.4394,10846825.5245,-0.0112991822058,False,20B_P4_top_region_hysteresis_partial_rebalance_turnover_control_v0,20B_P4_TURNCTL_v0,-0.0159994675217,-0.00470028531595
F_MIX403030_XD8_R050_C020,2025-05,gross_shadow,2025-05-30,10871103,11103673,0.0213934133455,False,20B_P4_top_region_hysteresis_partial_rebalance_turnover_control_v0,20B_P4_TURNCTL_v0,0.0218567581682,0.000463344822759
F_MIX403030_XD8_R050_C020,2025-05,reference_net,2025-05-30,10846825.5245,11077656.1786,0.0212809410023,False,20B_P4_top_region_hysteresis_partial_rebalance_turnover_control_v0,20B_P4_TURNCTL_v0,0.021723831916,0.000442890913678
F_MIX403030_XD8_R050_C020,2025-06,gross_shadow,2025-06-30,11103673,11220007,0.0104770736674,False,20B_P4_top_region_hysteresis_partial_rebalance_turnover_control_v0,20B_P4_TURNCTL_v0,0.0120373412204,0.001560267553
F_MIX403030_XD8_R050_C020,2025-06,reference_net,2025-06-30,11077656.1786,11192170.2361,0.0103373904808,False,20B_P4_top_region_hysteresis_partial_rebalance_turnover_control_v0,20B_P4_TURNCTL_v0,0.0118812499438,0.00154385946299
F_MIX403030_XD8_R050_C020,2025-07,gross_shadow,2025-07-31,11220007,11384923,0.0146983865518,False,20B_P4_top_region_hysteresis_partial_rebalance_turnover_control_v0,20B_P4_TURNCTL_v0,0.0159705014252,0.00127211487337
F_MIX403030_XD8_R050_C020,2025-07,reference_net,2025-07-31,11192170.2361,11355166.4277,0.014563412468,False,20B_P4_top_region_hysteresis_partial_rebalance_turnover_control_v0,20B_P4_TURNCTL_v0,0.0158245945545,0.0012611820865
F_MIX403030_XD8_R050_C020,2025-08,gross_shadow,2025-08-29,11384923,11576817,0.0168550986247,True,20B_P4_top_region_hysteresis_partial_rebalance_turnover_control_v0,20B_P4_TURNCTL_v0,0.0214107382381,0.00455563961335
F_MIX403030_XD8_R050_C020,2025-08,reference_net,2025-08-29,11355166.4277,11545300.08,0.0167442418032,True,20B_P4_top_region_hysteresis_partial_rebalance_turnover_control_v0,20B_P4_TURNCTL_v0,0.0212920604186,0.00454781861546
F_MIX403030_XD8_R050_C020,2025-09,gross_shadow,2025-09-30,11576817,11403518,-0.0149694859995,True,20B_P4_top_region_hysteresis_partial_rebalance_turnover_control_v0,20B_P4_TURNCTL_v0,-0.0146549819574,0.000314504042042
F_MIX403030_XD8_R050_C020,2025-09,reference_net,2025-09-30,11545300.08,11370166.7227,-0.0151692338974,True,20B_P4_top_region_hysteresis_partial_rebalance_turnover_control_v0,20B_P4_TURNCTL_v0,-0.0148953122943,0.000273921603103
F_MIX403030_XD8_R050_C020,2025-10,gross_shadow,2025-10-31,11403518,11616147,0.0186459126035,False,20B_P4_top_region_hysteresis_partial_rebalance_turnover_control_v0,20B_P4_TURNCTL_v0,0.0176421257991,-0.00100378680432
F_MIX403030_XD8_R050_C020,2025-10,reference_net,2025-10-31,11370166.7227,11580982.533,0.0185411362411,False,20B_P4_top_region_hysteresis_partial_rebalance_turnover_control_v0,20B_P4_TURNCTL_v0,0.017504769152,-0.0010363670891
F_MIX403030_XD8_R050_C020,2025-11,gross_shadow,2025-11-28,11616147,11536115,-0.00688971997341,False,20B_P4_top_region_hysteresis_partial_rebalance_turnover_control_v0,20B_P4_TURNCTL_v0,-0.00968857869009,-0.00279885871668
F_MIX403030_XD8_R050_C020,2025-11,reference_net,2025-11-28,11580982.533,11499003.9479,-0.00707872452846,False,20B_P4_top_region_hysteresis_partial_rebalance_turnover_control_v0,20B_P4_TURNCTL_v0,-0.00995710204626,-0.0028783775178
F_MIX403030_XD8_R050_C020,2025-12,gross_shadow,2025-12-31,11536115,11672431,0.0118164564067,False,20B_P4_top_region_hysteresis_partial_rebalance_turnover_control_v0,20B_P4_TURNCTL_v0,0.0171802536106,0.00536379720389
F_MIX403030_XD8_R050_C020,2025-12,reference_net,2025-12-31,11499003.9479,11633548.7001,0.0117005570961,False,20B_P4_top_region_hysteresis_partial_rebalance_turnover_control_v0,20B_P4_TURNCTL_v0,0.0170218081883,0.00532125109221
F_MIX403030_XD8_R050_C020,2026-01,gross_shadow,2026-01-30,11672431,11804495,0.0113141812532,False,20B_P4_top_region_hysteresis_partial_rebalance_turnover_control_v0,20B_P4_TURNCTL_v0,0.0150287676854,0.00371458643213
F_MIX403030_XD8_R050_C020,2026-01,reference_net,2026-01-30,11633548.7001,11763841.8866,0.0111997800403,False,20B_P4_top_region_hysteresis_partial_rebalance_turnover_control_v0,20B_P4_TURNCTL_v0,0.0148684959055,0.00366871586515
F_MIX403030_XD8_R050_C020,2026-02,gross_shadow,2026-02-27,11804495,12057700,0.0214498798974,False,20B_P4_top_region_hysteresis_partial_rebalance_turnover_control_v0,20B_P4_TURNCTL_v0,0.020391049042,-0.00105883085542
F_MIX403030_XD8_R050_C020,2026-02,reference_net,2026-02-27,11763841.8866,12015267.4319,0.0213727409559,False,20B_P4_top_region_hysteresis_partial_rebalance_turnover_control_v0,20B_P4_TURNCTL_v0,0.0202325528075,-0.00114018814848
F_MIX403030_XD8_R050_C020,2026-03,gross_shadow,2026-03-31,12057700,11840694,-0.0179972963335,False,20B_P4_top_region_hysteresis_partial_rebalance_turnover_control_v0,20B_P4_TURNCTL_v0,-0.0159986324444,0.00199866388907
F_MIX403030_XD8_R050_C020,2026-03,reference_net,2026-03-31,12015267.4319,11796453.1636,-0.0182113523098,False,20B_P4_top_region_hysteresis_partial_rebalance_turnover_control_v0,20B_P4_TURNCTL_v0,-0.0162685275383,0.00194282477154
F_MIX403030_XD8_R050_C020,2026-04,gross_shadow,2026-04-30,11840694,11899633,0.00497766431596,True,20B_P4_top_region_hysteresis_partial_rebalance_turnover_control_v0,20B_P4_TURNCTL_v0,0.0130737020465,0.00809603773052
F_MIX403030_XD8_R050_C020,2026-04,reference_net,2026-04-30,11796453.1636,11853549.1317,0.00484009619739,True,20B_P4_top_region_hysteresis_partial_rebalance_turnover_control_v0,20B_P4_TURNCTL_v0,0.0128697478741,0.00802965167667
F_MIX403030_XD8_R050_C030,2024-08,gross_shadow,2024-08-30,10000000,9667461,-0.0332539,False,20B_P4_top_region_hysteresis_partial_rebalance_turnover_control_v0,20B_P4_TURNCTL_v0,-0.0332539,0
F_MIX403030_XD8_R050_C030,2024-08,reference_net,2024-08-30,10000000,9659999.0084,-0.03400009916,False,20B_P4_top_region_hysteresis_partial_rebalance_turnover_control_v0,20B_P4_TURNCTL_v0,-0.03400009916,0
F_MIX403030_XD8_R050_C030,2024-09,gross_shadow,2024-09-30,9667461,11091679,0.147320790847,False,20B_P4_top_region_hysteresis_partial_rebalance_turnover_control_v0,20B_P4_TURNCTL_v0,0.158862601049,0.0115418102023
F_MIX403030_XD8_R050_C030,2024-09,reference_net,2024-09-30,9659999.0084,11081352.5347,0.147138061307,False,20B_P4_top_region_hysteresis_partial_rebalance_turnover_control_v0,20B_P4_TURNCTL_v0,0.158765209196,0.0116271478892
F_MIX403030_XD8_R050_C030,2024-10,gross_shadow,2024-10-31,11091679,10760660,-0.0298439037048,True,20B_P4_top_region_hysteresis_partial_rebalance_turnover_control_v0,20B_P4_TURNCTL_v0,-0.0417565103154,-0.0119126066107
F_MIX403030_XD8_R050_C030,2024-10,reference_net,2024-10-31,11081352.5347,10747370.8597,-0.0301390713781,True,20B_P4_top_region_hysteresis_partial_rebalance_turnover_control_v0,20B_P4_TURNCTL_v0,-0.0419999329509,-0.0118608615728
F_MIX403030_XD8_R050_C030,2024-11,gross_shadow,2024-11-29,10760660,10831799,0.00661102571775,False,20B_P4_top_region_hysteresis_partial_rebalance_turnover_control_v0,20B_P4_TURNCTL_v0,0.00743434136436,0.000823315646605
F_MIX403030_XD8_R050_C030,2024-11,reference_net,2024-11-29,10747370.8597,10816617.3923,0.00644311371813,False,20B_P4_top_region_hysteresis_partial_rebalance_turnover_control_v0,20B_P4_TURNCTL_v0,0.00728422719772,0.000841113479594
F_MIX403030_XD8_R050_C030,2024-12,gross_shadow,2024-12-31,10831799,11093271,0.0241392957901,False,20B_P4_top_region_hysteresis_partial_rebalance_turnover_control_v0,20B_P4_TURNCTL_v0,0.023651486543,-0.000487809247157
F_MIX403030_XD8_R050_C030,2024-12,reference_net,2024-12-31,10816617.3923,11076167.9744,0.0239955406229,False,20B_P4_top_region_hysteresis_partial_rebalance_turnover_control_v0,20B_P4_TURNCTL_v0,0.0235057852708,-0.000489755352124
F_MIX403030_XD8_R050_C030,2025-01,gross_shadow,2025-01-27,11093271,10931313,-0.0145996613623,False,20B_P4_top_region_hysteresis_partial_rebalance_turnover_control_v0,20B_P4_TURNCTL_v0,-0.0159349720686,-0.00133531070633
F_MIX403030_XD8_R050_C030,2025-01,reference_net,2025-01-27,11076167.9744,10912127.668,-0.0148102039225,False,20B_P4_top_region_hysteresis_partial_rebalance_turnover_control_v0,20B_P4_TURNCTL_v0,-0.0161371317804,-0.00132692785794
F_MIX403030_XD8_R050_C030,2025-02,gross_shadow,2025-02-28,10931313,10868939,-0.00570599341543,True,20B_P4_top_region_hysteresis_partial_rebalance_turnover_control_v0,20B_P4_TURNCTL_v0,-0.0079087507335,-0.00220275731807
F_MIX403030_XD8_R050_C030,2025-02,reference_net,2025-02-28,10912127.668,10847719.467,-0.00590244203419,True,20B_P4_top_region_hysteresis_partial_rebalance_turnover_control_v0,20B_P4_TURNCTL_v0,-0.00809581661659,-0.0021933745824
F_MIX403030_XD8_R050_C030,2025-03,gross_shadow,2025-03-31,10868939,11003394,0.0123705726934,False,20B_P4_top_region_hysteresis_partial_rebalance_turnover_control_v0,20B_P4_TURNCTL_v0,0.0133980936076,0.0010275209142
F_MIX403030_XD8_R050_C030,2025-03,reference_net,2025-03-31,10847719.467,10979923.6043,0.012187274733,False,20B_P4_top_region_hysteresis_partial_rebalance_turnover_control_v0,20B_P4_TURNCTL_v0,0.0132233978829,0.00103612314988
F_MIX403030_XD8_R050_C030,2025-04,gross_shadow,2025-04-30,11003394,10886197,-0.0106509864138,False,20B_P4_top_region_hysteresis_partial_rebalance_turnover_control_v0,20B_P4_TURNCTL_v0,-0.0157743458108,-0.00512335939694
F_MIX403030_XD8_R050_C030,2025-04,reference_net,2025-04-30,10979923.6043,10860742.883,-0.010854421725,False,20B_P4_top_region_hysteresis_partial_rebalance_turnover_control_v0,20B_P4_TURNCTL_v0,-0.0159994675217,-0.00514504579671
F_MIX403030_XD8_R050_C030,2025-05,gross_shadow,2025-05-30,10886197,11123057,0.0217578278255,False,20B_P4_top_region_hysteresis_partial_rebalance_turnover_control_v0,20B_P4_TURNCTL_v0,0.0218567581682,9.89303427563e-05
F_MIX403030_XD8_R050_C030,2025-05,reference_net,2025-05-30,10860742.883,11095600.8472,0.0216244843221,False,20B_P4_top_region_hysteresis_partial_rebalance_turnover_control_v0,20B_P4_TURNCTL_v0,0.021723831916,9.93475939406e-05
F_MIX403030_XD8_R050_C030,2025-06,gross_shadow,2025-06-30,11123057,11254274,0.011796846856,False,20B_P4_top_region_hysteresis_partial_rebalance_turnover_control_v0,20B_P4_TURNCTL_v0,0.0120373412204,0.000240494364389
F_MIX403030_XD8_R050_C030,2025-06,reference_net,2025-06-30,11095600.8472,11224528.773,0.0116197335778,False,20B_P4_top_region_hysteresis_partial_rebalance_turnover_control_v0,20B_P4_TURNCTL_v0,0.0118812499438,0.000261516366026
F_MIX403030_XD8_R050_C030,2025-07,gross_shadow,2025-07-31,11254274,11412668,0.0140741197522,False,20B_P4_top_region_hysteresis_partial_rebalance_turnover_control_v0,20B_P4_TURNCTL_v0,0.0159705014252,0.00189638167299
F_MIX403030_XD8_R050_C030,2025-07,reference_net,2025-07-31,11224528.773,11380529.1783,0.0138981696707,False,20B_P4_top_region_hysteresis_partial_rebalance_turnover_control_v0,20B_P4_TURNCTL_v0,0.0158245945545,0.00192642488377
F_MIX403030_XD8_R050_C030,2025-08,gross_shadow,2025-08-29,11412668,11637542,0.0197038939536,True,20B_P4_top_region_hysteresis_partial_rebalance_turnover_control_v0,20B_P4_TURNCTL_v0,0.0214107382381,0.00170684428446
F_MIX403030_XD8_R050_C030,2025-08,reference_net,2025-08-29,11380529.1783,11603305.3606,0.0195752041737,True,20B_P4_top_region_hysteresis_partial_rebalance_turnover_control_v0,20B_P4_TURNCTL_v0,0.0212920604186,0.00171685624495
F_MIX403030_XD8_R050_C030,2025-09,gross_shadow,2025-09-30,11637542,11467900,-0.0145771332125,True,20B_P4_top_region_hysteresis_partial_rebalance_turnover_control_v0,20B_P4_TURNCTL_v0,-0.0146549819574,-7.78487449401e-05
F_MIX403030_XD8_R050_C030,2025-09,reference_net,2025-09-30,11603305.3606,11431380.769,-0.0148168634908,True,20B_P4_top_region_hysteresis_partial_rebalance_turnover_control_v0,20B_P4_TURNCTL_v0,-0.0148953122943,-7.84488034961e-05
F_MIX403030_XD8_R050_C030,2025-10,gross_shadow,2025-10-31,11467900,11674074,0.017978356979,False,20B_P4_top_region_hysteresis_partial_rebalance_turnover_control_v0,20B_P4_TURNCTL_v0,0.0176421257991,-0.000336231179906
F_MIX403030_XD8_R050_C030,2025-10,reference_net,2025-10-31,11431380.769,11635257.4474,0.0178348252516,False,20B_P4_top_region_hysteresis_partial_rebalance_turnover_control_v0,20B_P4_TURNCTL_v0,0.017504769152,-0.000330056099596
F_MIX403030_XD8_R050_C030,2025-11,gross_shadow,2025-11-28,11674074,11581757,-0.00790786489789,False,20B_P4_top_region_hysteresis_partial_rebalance_turnover_control_v0,20B_P4_TURNCTL_v0,-0.00968857869009,-0.0017807137922
F_MIX403030_XD8_R050_C030,2025-11,reference_net,2025-11-28,11635257.4474,11540157.2829,-0.00817344738523,False,20B_P4_top_region_hysteresis_partial_rebalance_turnover_control_v0,20B_P4_TURNCTL_v0,-0.00995710204626,-0.00178365466103
F_MIX403030_XD8_R050_C030,2025-12,gross_shadow,2025-12-31,11581757,11748001,0.0143539533768,False,20B_P4_top_region_hysteresis_partial_rebalance_turnover_control_v0,20B_P4_TURNCTL_v0,0.0171802536106,0.00282630023372
F_MIX403030_XD8_R050_C030,2025-12,reference_net,2025-12-31,11540157.2829,11703997.503,0.0141973992333,False,20B_P4_top_region_hysteresis_partial_rebalance_turnover_control_v0,20B_P4_TURNCTL_v0,0.0170218081883,0.00282440895495
F_MIX403030_XD8_R050_C030,2026-01,gross_shadow,2026-01-30,11748001,11903217,0.0132121200875,False,20B_P4_top_region_hysteresis_partial_rebalance_turnover_control_v0,20B_P4_TURNCTL_v0,0.0150287676854,0.00181664759788
F_MIX403030_XD8_R050_C030,2026-01,reference_net,2026-01-30,11703997.503,11856628.5414,0.0130409322422,False,20B_P4_top_region_hysteresis_partial_rebalance_turnover_control_v0,20B_P4_TURNCTL_v0,0.0148684959055,0.00182756366327
F_MIX403030_XD8_R050_C030,2026-02,gross_shadow,2026-02-27,11903217,12162309,0.0217665526891,False,20B_P4_top_region_hysteresis_partial_rebalance_turnover_control_v0,20B_P4_TURNCTL_v0,0.020391049042,-0.00137550364705
F_MIX403030_XD8_R050_C030,2026-02,reference_net,2026-02-27,11856628.5414,12113056.4773,0.0216273905364,False,20B_P4_top_region_hysteresis_partial_rebalance_turnover_control_v0,20B_P4_TURNCTL_v0,0.0202325528075,-0.00139483772893
F_MIX403030_XD8_R050_C030,2026-03,gross_shadow,2026-03-31,12162309,11932557,-0.0188904919288,False,20B_P4_top_region_hysteresis_partial_rebalance_turnover_control_v0,20B_P4_TURNCTL_v0,-0.0159986324444,0.0028918594844
F_MIX403030_XD8_R050_C030,2026-03,reference_net,2026-03-31,12113056.4773,11880797.7147,-0.0191742491307,False,20B_P4_top_region_hysteresis_partial_rebalance_turnover_control_v0,20B_P4_TURNCTL_v0,-0.0162685275383,0.00290572159237
F_MIX403030_XD8_R050_C030,2026-04,gross_shadow,2026-04-30,11932557,12020596,0.00737804981782,True,20B_P4_top_region_hysteresis_partial_rebalance_turnover_control_v0,20B_P4_TURNCTL_v0,0.0130737020465,0.00569565222866
F_MIX403030_XD8_R050_C030,2026-04,reference_net,2026-04-30,11880797.7147,11966182.0213,0.00718674862416,True,20B_P4_top_region_hysteresis_partial_rebalance_turnover_control_v0,20B_P4_TURNCTL_v0,0.0128697478741,0.0056829992499
F_MIX403030_XD8_R050_C040,2024-08,gross_shadow,2024-08-30,10000000,9667461,-0.0332539,False,20B_P4_top_region_hysteresis_partial_rebalance_turnover_control_v0,20B_P4_TURNCTL_v0,-0.0332539,0
F_MIX403030_XD8_R050_C040,2024-08,reference_net,2024-08-30,10000000,9659999.0084,-0.03400009916,False,20B_P4_top_region_hysteresis_partial_rebalance_turnover_control_v0,20B_P4_TURNCTL_v0,-0.03400009916,0
F_MIX403030_XD8_R050_C040,2024-09,gross_shadow,2024-09-30,9667461,11091679,0.147320790847,False,20B_P4_top_region_hysteresis_partial_rebalance_turnover_control_v0,20B_P4_TURNCTL_v0,0.158862601049,0.0115418102023
F_MIX403030_XD8_R050_C040,2024-09,reference_net,2024-09-30,9659999.0084,11081352.5347,0.147138061307,False,20B_P4_top_region_hysteresis_partial_rebalance_turnover_control_v0,20B_P4_TURNCTL_v0,0.158765209196,0.0116271478892
F_MIX403030_XD8_R050_C040,2024-10,gross_shadow,2024-10-31,11091679,10760660,-0.0298439037048,True,20B_P4_top_region_hysteresis_partial_rebalance_turnover_control_v0,20B_P4_TURNCTL_v0,-0.0417565103154,-0.0119126066107
F_MIX403030_XD8_R050_C040,2024-10,reference_net,2024-10-31,11081352.5347,10747370.8597,-0.0301390713781,True,20B_P4_top_region_hysteresis_partial_rebalance_turnover_control_v0,20B_P4_TURNCTL_v0,-0.0419999329509,-0.0118608615728
F_MIX403030_XD8_R050_C040,2024-11,gross_shadow,2024-11-29,10760660,10831799,0.00661102571775,False,20B_P4_top_region_hysteresis_partial_rebalance_turnover_control_v0,20B_P4_TURNCTL_v0,0.00743434136436,0.000823315646605
F_MIX403030_XD8_R050_C040,2024-11,reference_net,2024-11-29,10747370.8597,10816617.3923,0.00644311371813,False,20B_P4_top_region_hysteresis_partial_rebalance_turnover_control_v0,20B_P4_TURNCTL_v0,0.00728422719772,0.000841113479594
F_MIX403030_XD8_R050_C040,2024-12,gross_shadow,2024-12-31,10831799,11093271,0.0241392957901,False,20B_P4_top_region_hysteresis_partial_rebalance_turnover_control_v0,20B_P4_TURNCTL_v0,0.023651486543,-0.000487809247157
F_MIX403030_XD8_R050_C040,2024-12,reference_net,2024-12-31,10816617.3923,11076167.9744,0.0239955406229,False,20B_P4_top_region_hysteresis_partial_rebalance_turnover_control_v0,20B_P4_TURNCTL_v0,0.0235057852708,-0.000489755352124
F_MIX403030_XD8_R050_C040,2025-01,gross_shadow,2025-01-27,11093271,10931313,-0.0145996613623,False,20B_P4_top_region_hysteresis_partial_rebalance_turnover_control_v0,20B_P4_TURNCTL_v0,-0.0159349720686,-0.00133531070633
F_MIX403030_XD8_R050_C040,2025-01,reference_net,2025-01-27,11076167.9744,10912127.668,-0.0148102039225,False,20B_P4_top_region_hysteresis_partial_rebalance_turnover_control_v0,20B_P4_TURNCTL_v0,-0.0161371317804,-0.00132692785794
F_MIX403030_XD8_R050_C040,2025-02,gross_shadow,2025-02-28,10931313,10868939,-0.00570599341543,True,20B_P4_top_region_hysteresis_partial_rebalance_turnover_control_v0,20B_P4_TURNCTL_v0,-0.0079087507335,-0.00220275731807
F_MIX403030_XD8_R050_C040,2025-02,reference_net,2025-02-28,10912127.668,10847719.467,-0.00590244203419,True,20B_P4_top_region_hysteresis_partial_rebalance_turnover_control_v0,20B_P4_TURNCTL_v0,-0.00809581661659,-0.0021933745824
F_MIX403030_XD8_R050_C040,2025-03,gross_shadow,2025-03-31,10868939,11003394,0.0123705726934,False,20B_P4_top_region_hysteresis_partial_rebalance_turnover_control_v0,20B_P4_TURNCTL_v0,0.0133980936076,0.0010275209142
F_MIX403030_XD8_R050_C040,2025-03,reference_net,2025-03-31,10847719.467,10979923.6043,0.012187274733,False,20B_P4_top_region_hysteresis_partial_rebalance_turnover_control_v0,20B_P4_TURNCTL_v0,0.0132233978829,0.00103612314988
F_MIX403030_XD8_R050_C040,2025-04,gross_shadow,2025-04-30,11003394,10886197,-0.0106509864138,False,20B_P4_top_region_hysteresis_partial_rebalance_turnover_control_v0,20B_P4_TURNCTL_v0,-0.0157743458108,-0.00512335939694
F_MIX403030_XD8_R050_C040,2025-04,reference_net,2025-04-30,10979923.6043,10860742.883,-0.010854421725,False,20B_P4_top_region_hysteresis_partial_rebalance_turnover_control_v0,20B_P4_TURNCTL_v0,-0.0159994675217,-0.00514504579671
F_MIX403030_XD8_R050_C040,2025-05,gross_shadow,2025-05-30,10886197,11123057,0.0217578278255,False,20B_P4_top_region_hysteresis_partial_rebalance_turnover_control_v0,20B_P4_TURNCTL_v0,0.0218567581682,9.89303427563e-05
F_MIX403030_XD8_R050_C040,2025-05,reference_net,2025-05-30,10860742.883,11095600.8472,0.0216244843221,False,20B_P4_top_region_hysteresis_partial_rebalance_turnover_control_v0,20B_P4_TURNCTL_v0,0.021723831916,9.93475939406e-05
F_MIX403030_XD8_R050_C040,2025-06,gross_shadow,2025-06-30,11123057,11254274,0.011796846856,False,20B_P4_top_region_hysteresis_partial_rebalance_turnover_control_v0,20B_P4_TURNCTL_v0,0.0120373412204,0.000240494364389
F_MIX403030_XD8_R050_C040,2025-06,reference_net,2025-06-30,11095600.8472,11224528.773,0.0116197335778,False,20B_P4_top_region_hysteresis_partial_rebalance_turnover_control_v0,20B_P4_TURNCTL_v0,0.0118812499438,0.000261516366026
F_MIX403030_XD8_R050_C040,2025-07,gross_shadow,2025-07-31,11254274,11412668,0.0140741197522,False,20B_P4_top_region_hysteresis_partial_rebalance_turnover_control_v0,20B_P4_TURNCTL_v0,0.0159705014252,0.00189638167299
F_MIX403030_XD8_R050_C040,2025-07,reference_net,2025-07-31,11224528.773,11380529.1783,0.0138981696707,False,20B_P4_top_region_hysteresis_partial_rebalance_turnover_control_v0,20B_P4_TURNCTL_v0,0.0158245945545,0.00192642488377
F_MIX403030_XD8_R050_C040,2025-08,gross_shadow,2025-08-29,11412668,11637542,0.0197038939536,True,20B_P4_top_region_hysteresis_partial_rebalance_turnover_control_v0,20B_P4_TURNCTL_v0,0.0214107382381,0.00170684428446
F_MIX403030_XD8_R050_C040,2025-08,reference_net,2025-08-29,11380529.1783,11603305.3606,0.0195752041737,True,20B_P4_top_region_hysteresis_partial_rebalance_turnover_control_v0,20B_P4_TURNCTL_v0,0.0212920604186,0.00171685624495
F_MIX403030_XD8_R050_C040,2025-09,gross_shadow,2025-09-30,11637542,11467900,-0.0145771332125,True,20B_P4_top_region_hysteresis_partial_rebalance_turnover_control_v0,20B_P4_TURNCTL_v0,-0.0146549819574,-7.78487449401e-05
F_MIX403030_XD8_R050_C040,2025-09,reference_net,2025-09-30,11603305.3606,11431380.769,-0.0148168634908,True,20B_P4_top_region_hysteresis_partial_rebalance_turnover_control_v0,20B_P4_TURNCTL_v0,-0.0148953122943,-7.84488034961e-05
F_MIX403030_XD8_R050_C040,2025-10,gross_shadow,2025-10-31,11467900,11674074,0.017978356979,False,20B_P4_top_region_hysteresis_partial_rebalance_turnover_control_v0,20B_P4_TURNCTL_v0,0.0176421257991,-0.000336231179906
F_MIX403030_XD8_R050_C040,2025-10,reference_net,2025-10-31,11431380.769,11635257.4474,0.0178348252516,False,20B_P4_top_region_hysteresis_partial_rebalance_turnover_control_v0,20B_P4_TURNCTL_v0,0.017504769152,-0.000330056099596
F_MIX403030_XD8_R050_C040,2025-11,gross_shadow,2025-11-28,11674074,11581725,-0.00791060601466,False,20B_P4_top_region_hysteresis_partial_rebalance_turnover_control_v0,20B_P4_TURNCTL_v0,-0.00968857869009,-0.00177797267543
F_MIX403030_XD8_R050_C040,2025-11,reference_net,2025-11-28,11635257.4474,11540043.926,-0.0081831899131,False,20B_P4_top_region_hysteresis_partial_rebalance_turnover_control_v0,20B_P4_TURNCTL_v0,-0.00995710204626,-0.00177391213316
F_MIX403030_XD8_R050_C040,2025-12,gross_shadow,2025-12-31,11581725,11749283,0.0144674476384,False,20B_P4_top_region_hysteresis_partial_rebalance_turnover_control_v0,20B_P4_TURNCTL_v0,0.0171802536106,0.00271280597216
F_MIX403030_XD8_R050_C040,2025-12,reference_net,2025-12-31,11540043.926,11705204.3019,0.0143119364994,False,20B_P4_top_region_hysteresis_partial_rebalance_turnover_control_v0,20B_P4_TURNCTL_v0,0.0170218081883,0.00270987168884
F_MIX403030_XD8_R050_C040,2026-01,gross_shadow,2026-01-30,11749283,11907374,0.0134553742556,False,20B_P4_top_region_hysteresis_partial_rebalance_turnover_control_v0,20B_P4_TURNCTL_v0,0.0150287676854,0.00157339342977
F_MIX403030_XD8_R050_C040,2026-01,reference_net,2026-01-30,11705204.3019,11860562.6216,0.0132725850556,False,20B_P4_top_region_hysteresis_partial_rebalance_turnover_control_v0,20B_P4_TURNCTL_v0,0.0148684959055,0.00159591084991
F_MIX403030_XD8_R050_C040,2026-02,gross_shadow,2026-02-27,11907374,12181633,0.0230327022566,False,20B_P4_top_region_hysteresis_partial_rebalance_turnover_control_v0,20B_P4_TURNCTL_v0,0.020391049042,-0.00264165321457
F_MIX403030_XD8_R050_C040,2026-02,reference_net,2026-02-27,11860562.6216,12131948.3434,0.0228813531422,False,20B_P4_top_region_hysteresis_partial_rebalance_turnover_control_v0,20B_P4_TURNCTL_v0,0.0202325528075,-0.00264880033476
F_MIX403030_XD8_R050_C040,2026-03,gross_shadow,2026-03-31,12181633,11934977,-0.0202481883997,False,20B_P4_top_region_hysteresis_partial_rebalance_turnover_control_v0,20B_P4_TURNCTL_v0,-0.0159986324444,0.0042495559553
F_MIX403030_XD8_R050_C040,2026-03,reference_net,2026-03-31,12131948.3434,11882655.9366,-0.0205484230384,False,20B_P4_top_region_hysteresis_partial_rebalance_turnover_control_v0,20B_P4_TURNCTL_v0,-0.0162685275383,0.00427989550008
F_MIX403030_XD8_R050_C040,2026-04,gross_shadow,2026-04-30,11934977,12054963,0.0100533080206,True,20B_P4_top_region_hysteresis_partial_rebalance_turnover_control_v0,20B_P4_TURNCTL_v0,0.0130737020465,0.00302039402586
F_MIX403030_XD8_R050_C040,2026-04,reference_net,2026-04-30,11882655.9366,11999683.1985,0.00984857784361,True,20B_P4_top_region_hysteresis_partial_rebalance_turnover_control_v0,20B_P4_TURNCTL_v0,0.0128697478741,0.00302117003046
F_MIX403030_XD8_R050_CNONE,2024-08,gross_shadow,2024-08-30,10000000,9667461,-0.0332539,False,20B_P4_top_region_hysteresis_partial_rebalance_turnover_control_v0,20B_P4_TURNCTL_v0,-0.0332539,0
F_MIX403030_XD8_R050_CNONE,2024-08,reference_net,2024-08-30,10000000,9659999.0084,-0.03400009916,False,20B_P4_top_region_hysteresis_partial_rebalance_turnover_control_v0,20B_P4_TURNCTL_v0,-0.03400009916,0
F_MIX403030_XD8_R050_CNONE,2024-09,gross_shadow,2024-09-30,9667461,11091679,0.147320790847,False,20B_P4_top_region_hysteresis_partial_rebalance_turnover_control_v0,20B_P4_TURNCTL_v0,0.158862601049,0.0115418102023
F_MIX403030_XD8_R050_CNONE,2024-09,reference_net,2024-09-30,9659999.0084,11081352.5347,0.147138061307,False,20B_P4_top_region_hysteresis_partial_rebalance_turnover_control_v0,20B_P4_TURNCTL_v0,0.158765209196,0.0116271478892
F_MIX403030_XD8_R050_CNONE,2024-10,gross_shadow,2024-10-31,11091679,10760660,-0.0298439037048,True,20B_P4_top_region_hysteresis_partial_rebalance_turnover_control_v0,20B_P4_TURNCTL_v0,-0.0417565103154,-0.0119126066107
F_MIX403030_XD8_R050_CNONE,2024-10,reference_net,2024-10-31,11081352.5347,10747370.8597,-0.0301390713781,True,20B_P4_top_region_hysteresis_partial_rebalance_turnover_control_v0,20B_P4_TURNCTL_v0,-0.0419999329509,-0.0118608615728
F_MIX403030_XD8_R050_CNONE,2024-11,gross_shadow,2024-11-29,10760660,10831799,0.00661102571775,False,20B_P4_top_region_hysteresis_partial_rebalance_turnover_control_v0,20B_P4_TURNCTL_v0,0.00743434136436,0.000823315646605
F_MIX403030_XD8_R050_CNONE,2024-11,reference_net,2024-11-29,10747370.8597,10816617.3923,0.00644311371813,False,20B_P4_top_region_hysteresis_partial_rebalance_turnover_control_v0,20B_P4_TURNCTL_v0,0.00728422719772,0.000841113479594
F_MIX403030_XD8_R050_CNONE,2024-12,gross_shadow,2024-12-31,10831799,11093271,0.0241392957901,False,20B_P4_top_region_hysteresis_partial_rebalance_turnover_control_v0,20B_P4_TURNCTL_v0,0.023651486543,-0.000487809247157
F_MIX403030_XD8_R050_CNONE,2024-12,reference_net,2024-12-31,10816617.3923,11076167.9744,0.0239955406229,False,20B_P4_top_region_hysteresis_partial_rebalance_turnover_control_v0,20B_P4_TURNCTL_v0,0.0235057852708,-0.000489755352124
F_MIX403030_XD8_R050_CNONE,2025-01,gross_shadow,2025-01-27,11093271,10931313,-0.0145996613623,False,20B_P4_top_region_hysteresis_partial_rebalance_turnover_control_v0,20B_P4_TURNCTL_v0,-0.0159349720686,-0.00133531070633
F_MIX403030_XD8_R050_CNONE,2025-01,reference_net,2025-01-27,11076167.9744,10912127.668,-0.0148102039225,False,20B_P4_top_region_hysteresis_partial_rebalance_turnover_control_v0,20B_P4_TURNCTL_v0,-0.0161371317804,-0.00132692785794
F_MIX403030_XD8_R050_CNONE,2025-02,gross_shadow,2025-02-28,10931313,10868939,-0.00570599341543,True,20B_P4_top_region_hysteresis_partial_rebalance_turnover_control_v0,20B_P4_TURNCTL_v0,-0.0079087507335,-0.00220275731807
F_MIX403030_XD8_R050_CNONE,2025-02,reference_net,2025-02-28,10912127.668,10847719.467,-0.00590244203419,True,20B_P4_top_region_hysteresis_partial_rebalance_turnover_control_v0,20B_P4_TURNCTL_v0,-0.00809581661659,-0.0021933745824
F_MIX403030_XD8_R050_CNONE,2025-03,gross_shadow,2025-03-31,10868939,11003394,0.0123705726934,False,20B_P4_top_region_hysteresis_partial_rebalance_turnover_control_v0,20B_P4_TURNCTL_v0,0.0133980936076,0.0010275209142
F_MIX403030_XD8_R050_CNONE,2025-03,reference_net,2025-03-31,10847719.467,10979923.6043,0.012187274733,False,20B_P4_top_region_hysteresis_partial_rebalance_turnover_control_v0,20B_P4_TURNCTL_v0,0.0132233978829,0.00103612314988
F_MIX403030_XD8_R050_CNONE,2025-04,gross_shadow,2025-04-30,11003394,10886197,-0.0106509864138,False,20B_P4_top_region_hysteresis_partial_rebalance_turnover_control_v0,20B_P4_TURNCTL_v0,-0.0157743458108,-0.00512335939694
F_MIX403030_XD8_R050_CNONE,2025-04,reference_net,2025-04-30,10979923.6043,10860742.883,-0.010854421725,False,20B_P4_top_region_hysteresis_partial_rebalance_turnover_control_v0,20B_P4_TURNCTL_v0,-0.0159994675217,-0.00514504579671
F_MIX403030_XD8_R050_CNONE,2025-05,gross_shadow,2025-05-30,10886197,11123057,0.0217578278255,False,20B_P4_top_region_hysteresis_partial_rebalance_turnover_control_v0,20B_P4_TURNCTL_v0,0.0218567581682,9.89303427563e-05
F_MIX403030_XD8_R050_CNONE,2025-05,reference_net,2025-05-30,10860742.883,11095600.8472,0.0216244843221,False,20B_P4_top_region_hysteresis_partial_rebalance_turnover_control_v0,20B_P4_TURNCTL_v0,0.021723831916,9.93475939406e-05
F_MIX403030_XD8_R050_CNONE,2025-06,gross_shadow,2025-06-30,11123057,11254274,0.011796846856,False,20B_P4_top_region_hysteresis_partial_rebalance_turnover_control_v0,20B_P4_TURNCTL_v0,0.0120373412204,0.000240494364389
F_MIX403030_XD8_R050_CNONE,2025-06,reference_net,2025-06-30,11095600.8472,11224528.773,0.0116197335778,False,20B_P4_top_region_hysteresis_partial_rebalance_turnover_control_v0,20B_P4_TURNCTL_v0,0.0118812499438,0.000261516366026
F_MIX403030_XD8_R050_CNONE,2025-07,gross_shadow,2025-07-31,11254274,11412668,0.0140741197522,False,20B_P4_top_region_hysteresis_partial_rebalance_turnover_control_v0,20B_P4_TURNCTL_v0,0.0159705014252,0.00189638167299
F_MIX403030_XD8_R050_CNONE,2025-07,reference_net,2025-07-31,11224528.773,11380529.1783,0.0138981696707,False,20B_P4_top_region_hysteresis_partial_rebalance_turnover_control_v0,20B_P4_TURNCTL_v0,0.0158245945545,0.00192642488377
F_MIX403030_XD8_R050_CNONE,2025-08,gross_shadow,2025-08-29,11412668,11637542,0.0197038939536,True,20B_P4_top_region_hysteresis_partial_rebalance_turnover_control_v0,20B_P4_TURNCTL_v0,0.0214107382381,0.00170684428446
F_MIX403030_XD8_R050_CNONE,2025-08,reference_net,2025-08-29,11380529.1783,11603305.3606,0.0195752041737,True,20B_P4_top_region_hysteresis_partial_rebalance_turnover_control_v0,20B_P4_TURNCTL_v0,0.0212920604186,0.00171685624495
F_MIX403030_XD8_R050_CNONE,2025-09,gross_shadow,2025-09-30,11637542,11467900,-0.0145771332125,True,20B_P4_top_region_hysteresis_partial_rebalance_turnover_control_v0,20B_P4_TURNCTL_v0,-0.0146549819574,-7.78487449401e-05
F_MIX403030_XD8_R050_CNONE,2025-09,reference_net,2025-09-30,11603305.3606,11431380.769,-0.0148168634908,True,20B_P4_top_region_hysteresis_partial_rebalance_turnover_control_v0,20B_P4_TURNCTL_v0,-0.0148953122943,-7.84488034961e-05
F_MIX403030_XD8_R050_CNONE,2025-10,gross_shadow,2025-10-31,11467900,11674074,0.017978356979,False,20B_P4_top_region_hysteresis_partial_rebalance_turnover_control_v0,20B_P4_TURNCTL_v0,0.0176421257991,-0.000336231179906
F_MIX403030_XD8_R050_CNONE,2025-10,reference_net,2025-10-31,11431380.769,11635257.4474,0.0178348252516,False,20B_P4_top_region_hysteresis_partial_rebalance_turnover_control_v0,20B_P4_TURNCTL_v0,0.017504769152,-0.000330056099596
F_MIX403030_XD8_R050_CNONE,2025-11,gross_shadow,2025-11-28,11674074,11581725,-0.00791060601466,False,20B_P4_top_region_hysteresis_partial_rebalance_turnover_control_v0,20B_P4_TURNCTL_v0,-0.00968857869009,-0.00177797267543
F_MIX403030_XD8_R050_CNONE,2025-11,reference_net,2025-11-28,11635257.4474,11540043.926,-0.0081831899131,False,20B_P4_top_region_hysteresis_partial_rebalance_turnover_control_v0,20B_P4_TURNCTL_v0,-0.00995710204626,-0.00177391213316
F_MIX403030_XD8_R050_CNONE,2025-12,gross_shadow,2025-12-31,11581725,11749283,0.0144674476384,False,20B_P4_top_region_hysteresis_partial_rebalance_turnover_control_v0,20B_P4_TURNCTL_v0,0.0171802536106,0.00271280597216
F_MIX403030_XD8_R050_CNONE,2025-12,reference_net,2025-12-31,11540043.926,11705204.3019,0.0143119364994,False,20B_P4_top_region_hysteresis_partial_rebalance_turnover_control_v0,20B_P4_TURNCTL_v0,0.0170218081883,0.00270987168884
F_MIX403030_XD8_R050_CNONE,2026-01,gross_shadow,2026-01-30,11749283,11907374,0.0134553742556,False,20B_P4_top_region_hysteresis_partial_rebalance_turnover_control_v0,20B_P4_TURNCTL_v0,0.0150287676854,0.00157339342977
F_MIX403030_XD8_R050_CNONE,2026-01,reference_net,2026-01-30,11705204.3019,11860562.6216,0.0132725850556,False,20B_P4_top_region_hysteresis_partial_rebalance_turnover_control_v0,20B_P4_TURNCTL_v0,0.0148684959055,0.00159591084991
F_MIX403030_XD8_R050_CNONE,2026-02,gross_shadow,2026-02-27,11907374,12181633,0.0230327022566,False,20B_P4_top_region_hysteresis_partial_rebalance_turnover_control_v0,20B_P4_TURNCTL_v0,0.020391049042,-0.00264165321457
F_MIX403030_XD8_R050_CNONE,2026-02,reference_net,2026-02-27,11860562.6216,12131948.3434,0.0228813531422,False,20B_P4_top_region_hysteresis_partial_rebalance_turnover_control_v0,20B_P4_TURNCTL_v0,0.0202325528075,-0.00264880033476
F_MIX403030_XD8_R050_CNONE,2026-03,gross_shadow,2026-03-31,12181633,11934977,-0.0202481883997,False,20B_P4_top_region_hysteresis_partial_rebalance_turnover_control_v0,20B_P4_TURNCTL_v0,-0.0159986324444,0.0042495559553
F_MIX403030_XD8_R050_CNONE,2026-03,reference_net,2026-03-31,12131948.3434,11882655.9366,-0.0205484230384,False,20B_P4_top_region_hysteresis_partial_rebalance_turnover_control_v0,20B_P4_TURNCTL_v0,-0.0162685275383,0.00427989550008
F_MIX403030_XD8_R050_CNONE,2026-04,gross_shadow,2026-04-30,11934977,12054963,0.0100533080206,True,20B_P4_top_region_hysteresis_partial_rebalance_turnover_control_v0,20B_P4_TURNCTL_v0,0.0130737020465,0.00302039402586
F_MIX403030_XD8_R050_CNONE,2026-04,reference_net,2026-04-30,11882655.9366,11999683.1985,0.00984857784361,True,20B_P4_top_region_hysteresis_partial_rebalance_turnover_control_v0,20B_P4_TURNCTL_v0,0.0128697478741,0.00302117003046
F_MIX403030_XD8_R100_C020,2024-08,gross_shadow,2024-08-30,10000000,9667461,-0.0332539,False,20B_P4_top_region_hysteresis_partial_rebalance_turnover_control_v0,20B_P4_TURNCTL_v0,-0.0332539,0
F_MIX403030_XD8_R100_C020,2024-08,reference_net,2024-08-30,10000000,9659999.0084,-0.03400009916,False,20B_P4_top_region_hysteresis_partial_rebalance_turnover_control_v0,20B_P4_TURNCTL_v0,-0.03400009916,0
F_MIX403030_XD8_R100_C020,2024-09,gross_shadow,2024-09-30,9667461,11077793,0.145884426118,False,20B_P4_top_region_hysteresis_partial_rebalance_turnover_control_v0,20B_P4_TURNCTL_v0,0.158862601049,0.0129781749313
F_MIX403030_XD8_R100_C020,2024-09,reference_net,2024-09-30,9659999.0084,11067329.2607,0.145686376473,False,20B_P4_top_region_hysteresis_partial_rebalance_turnover_control_v0,20B_P4_TURNCTL_v0,0.158765209196,0.0130788327225
F_MIX403030_XD8_R100_C020,2024-10,gross_shadow,2024-10-31,11077793,10735731,-0.0308781722135,True,20B_P4_top_region_hysteresis_partial_rebalance_turnover_control_v0,20B_P4_TURNCTL_v0,-0.0417565103154,-0.0108783381019
F_MIX403030_XD8_R100_C020,2024-10,reference_net,2024-10-31,11067329.2607,10722532.0283,-0.0311545111019,True,20B_P4_top_region_hysteresis_partial_rebalance_turnover_control_v0,20B_P4_TURNCTL_v0,-0.0419999329509,-0.010845421849
F_MIX403030_XD8_R100_C020,2024-11,gross_shadow,2024-11-29,10735731,10807965,0.00672837275822,False,20B_P4_top_region_hysteresis_partial_rebalance_turnover_control_v0,20B_P4_TURNCTL_v0,0.00743434136436,0.000705968606136
F_MIX403030_XD8_R100_C020,2024-11,reference_net,2024-11-29,10722532.0283,10792904.0805,0.0065630069422,False,20B_P4_top_region_hysteresis_partial_rebalance_turnover_control_v0,20B_P4_TURNCTL_v0,0.00728422719772,0.000721220255524
F_MIX403030_XD8_R100_C020,2024-12,gross_shadow,2024-12-31,10807965,11068350,0.0240919544058,False,20B_P4_top_region_hysteresis_partial_rebalance_turnover_control_v0,20B_P4_TURNCTL_v0,0.023651486543,-0.000440467862897
F_MIX403030_XD8_R100_C020,2024-12,reference_net,2024-12-31,10792904.0805,11051452.026,0.023955363968,False,20B_P4_top_region_hysteresis_partial_rebalance_turnover_control_v0,20B_P4_TURNCTL_v0,0.0235057852708,-0.000449578697239
F_MIX403030_XD8_R100_C020,2025-01,gross_shadow,2025-01-27,11068350,10906048,-0.0146636129143,False,20B_P4_top_region_hysteresis_partial_rebalance_turnover_control_v0,20B_P4_TURNCTL_v0,-0.0159349720686,-0.00127135915431
F_MIX403030_XD8_R100_C020,2025-01,reference_net,2025-01-27,11051452.026,10887215.7725,-0.0148610565475,False,20B_P4_top_region_hysteresis_partial_rebalance_turnover_control_v0,20B_P4_TURNCTL_v0,-0.0161371317804,-0.00127607523296
F_MIX403030_XD8_R100_C020,2025-02,gross_shadow,2025-02-28,10906048,10843975,-0.00569161258047,True,20B_P4_top_region_hysteresis_partial_rebalance_turnover_control_v0,20B_P4_TURNCTL_v0,-0.0079087507335,-0.00221713815303
F_MIX403030_XD8_R100_C020,2025-02,reference_net,2025-02-28,10887215.7725,10823322.4903,-0.00586865214716,True,20B_P4_top_region_hysteresis_partial_rebalance_turnover_control_v0,20B_P4_TURNCTL_v0,-0.00809581661659,-0.00222716446943
F_MIX403030_XD8_R100_C020,2025-03,gross_shadow,2025-03-31,10843975,10980726,0.012610781563,False,20B_P4_top_region_hysteresis_partial_rebalance_turnover_control_v0,20B_P4_TURNCTL_v0,0.0133980936076,0.000787312044595
F_MIX403030_XD8_R100_C020,2025-03,reference_net,2025-03-31,10823322.4903,10958203.6451,0.0124620840727,False,20B_P4_top_region_hysteresis_partial_rebalance_turnover_control_v0,20B_P4_TURNCTL_v0,0.0132233978829,0.000761313810158
F_MIX403030_XD8_R100_C020,2025-04,gross_shadow,2025-04-30,10980726,10858829,-0.0111009964186,False,20B_P4_top_region_hysteresis_partial_rebalance_turnover_control_v0,20B_P4_TURNCTL_v0,-0.0157743458108,-0.00467334939214
F_MIX403030_XD8_R100_C020,2025-04,reference_net,2025-04-30,10958203.6451,10834497.7512,-0.0112888843789,False,20B_P4_top_region_hysteresis_partial_rebalance_turnover_control_v0,20B_P4_TURNCTL_v0,-0.0159994675217,-0.00471058314285
F_MIX403030_XD8_R100_C020,2025-05,gross_shadow,2025-05-30,10858829,11090980,0.0213790087311,False,20B_P4_top_region_hysteresis_partial_rebalance_turnover_control_v0,20B_P4_TURNCTL_v0,0.0218567581682,0.000477749437161
F_MIX403030_XD8_R100_C020,2025-05,reference_net,2025-05-30,10834497.7512,11064911.0796,0.021266636782,False,20B_P4_top_region_hysteresis_partial_rebalance_turnover_control_v0,20B_P4_TURNCTL_v0,0.021723831916,0.000457195133976
F_MIX403030_XD8_R100_C020,2025-06,gross_shadow,2025-06-30,11090980,11207299,0.0104877116359,False,20B_P4_top_region_hysteresis_partial_rebalance_turnover_control_v0,20B_P4_TURNCTL_v0,0.0120373412204,0.00154962958449
F_MIX403030_XD8_R100_C020,2025-06,reference_net,2025-06-30,11064911.0796,11179411.5014,0.0103480652458,False,20B_P4_top_region_hysteresis_partial_rebalance_turnover_control_v0,20B_P4_TURNCTL_v0,0.0118812499438,0.00153318469802
F_MIX403030_XD8_R100_C020,2025-07,gross_shadow,2025-07-31,11207299,11372186,0.0147124655102,False,20B_P4_top_region_hysteresis_partial_rebalance_turnover_control_v0,20B_P4_TURNCTL_v0,0.0159705014252,0.00125803591498
F_MIX403030_XD8_R100_C020,2025-07,reference_net,2025-07-31,11179411.5014,11342403.667,0.0145796731474,False,20B_P4_top_region_hysteresis_partial_rebalance_turnover_control_v0,20B_P4_TURNCTL_v0,0.0158245945545,0.00124492140706
F_MIX403030_XD8_R100_C020,2025-08,gross_shadow,2025-08-29,11372186,11564237,0.0168877821731,True,20B_P4_top_region_hysteresis_partial_rebalance_turnover_control_v0,20B_P4_TURNCTL_v0,0.0214107382381,0.00452295606499
F_MIX403030_XD8_R100_C020,2025-08,reference_net,2025-08-29,11342403.667,11532690.7838,0.0167766129928,True,20B_P4_top_region_hysteresis_partial_rebalance_turnover_control_v0,20B_P4_TURNCTL_v0,0.0212920604186,0.00451544742581
F_MIX403030_XD8_R100_C020,2025-09,gross_shadow,2025-09-30,11564237,11396186,-0.0145319574478,True,20B_P4_top_region_hysteresis_partial_rebalance_turnover_control_v0,20B_P4_TURNCTL_v0,-0.0146549819574,-0.000123024509658
F_MIX403030_XD8_R100_C020,2025-09,reference_net,2025-09-30,11532690.7838,11362785.1783,-0.0147325206819,True,20B_P4_top_region_hysteresis_partial_rebalance_turnover_control_v0,20B_P4_TURNCTL_v0,-0.0148953122943,-0.000162791612376
F_MIX403030_XD8_R100_C020,2025-10,gross_shadow,2025-10-31,11396186,11603569,0.0181975794358,False,20B_P4_top_region_hysteresis_partial_rebalance_turnover_control_v0,20B_P4_TURNCTL_v0,0.0176421257991,-0.000555453636647
F_MIX403030_XD8_R100_C020,2025-10,reference_net,2025-10-31,11362785.1783,11568369.3486,0.0180927622185,False,20B_P4_top_region_hysteresis_partial_rebalance_turnover_control_v0,20B_P4_TURNCTL_v0,0.017504769152,-0.000587993066464
F_MIX403030_XD8_R100_C020,2025-11,gross_shadow,2025-11-28,11603569,11520115,-0.00719209753482,False,20B_P4_top_region_hysteresis_partial_rebalance_turnover_control_v0,20B_P4_TURNCTL_v0,-0.00968857869009,-0.00249648115527
F_MIX403030_XD8_R100_C020,2025-11,reference_net,2025-11-28,11568369.3486,11482974.4679,-0.00738175607871,False,20B_P4_top_region_hysteresis_partial_rebalance_turnover_control_v0,20B_P4_TURNCTL_v0,-0.00995710204626,-0.00257534596755
F_MIX403030_XD8_R100_C020,2025-12,gross_shadow,2025-12-31,11520115,11650479,0.0113162064788,False,20B_P4_top_region_hysteresis_partial_rebalance_turnover_control_v0,20B_P4_TURNCTL_v0,0.0171802536106,0.00586404713173
F_MIX403030_XD8_R100_C020,2025-12,reference_net,2025-12-31,11482974.4679,11611557.7972,0.0111977371124,False,20B_P4_top_region_hysteresis_partial_rebalance_turnover_control_v0,20B_P4_TURNCTL_v0,0.0170218081883,0.00582407107584
F_MIX403030_XD8_R100_C020,2026-01,gross_shadow,2026-01-30,11650479,11779998,0.0111170536422,False,20B_P4_top_region_hysteresis_partial_rebalance_turnover_control_v0,20B_P4_TURNCTL_v0,0.0150287676854,0.0039117140432
F_MIX403030_XD8_R100_C020,2026-01,reference_net,2026-01-30,11611557.7972,11739316.5051,0.0110027190263,False,20B_P4_top_region_hysteresis_partial_rebalance_turnover_control_v0,20B_P4_TURNCTL_v0,0.0148684959055,0.00386577687925
F_MIX403030_XD8_R100_C020,2026-02,gross_shadow,2026-02-27,11779998,12012033,0.0196973717653,False,20B_P4_top_region_hysteresis_partial_rebalance_turnover_control_v0,20B_P4_TURNCTL_v0,0.020391049042,0.00069367727677
F_MIX403030_XD8_R100_C020,2026-02,reference_net,2026-02-27,11739316.5051,11969584.8383,0.0196151396982,False,20B_P4_top_region_hysteresis_partial_rebalance_turnover_control_v0,20B_P4_TURNCTL_v0,0.0202325528075,0.000617413109215
F_MIX403030_XD8_R100_C020,2026-03,gross_shadow,2026-03-31,12012033,11800518,-0.0176085929834,False,20B_P4_top_region_hysteresis_partial_rebalance_turnover_control_v0,20B_P4_TURNCTL_v0,-0.0159986324444,0.00160996053899
F_MIX403030_XD8_R100_C020,2026-03,reference_net,2026-03-31,11969584.8383,11756293.4918,-0.017819443985,False,20B_P4_top_region_hysteresis_partial_rebalance_turnover_control_v0,20B_P4_TURNCTL_v0,-0.0162685275383,0.00155091644666
F_MIX403030_XD8_R100_C020,2026-04,gross_shadow,2026-04-30,11800518,11855496,0.00465894802245,True,20B_P4_top_region_hysteresis_partial_rebalance_turnover_control_v0,20B_P4_TURNCTL_v0,0.0130737020465,0.00841475402403
F_MIX403030_XD8_R100_C020,2026-04,reference_net,2026-04-30,11756293.4918,11809422.034,0.00451915752334,True,20B_P4_top_region_hysteresis_partial_rebalance_turnover_control_v0,20B_P4_TURNCTL_v0,0.0128697478741,0.00835059035072
F_MIX403030_XD8_R100_C030,2024-08,gross_shadow,2024-08-30,10000000,9667461,-0.0332539,False,20B_P4_top_region_hysteresis_partial_rebalance_turnover_control_v0,20B_P4_TURNCTL_v0,-0.0332539,0
F_MIX403030_XD8_R100_C030,2024-08,reference_net,2024-08-30,10000000,9659999.0084,-0.03400009916,False,20B_P4_top_region_hysteresis_partial_rebalance_turnover_control_v0,20B_P4_TURNCTL_v0,-0.03400009916,0
F_MIX403030_XD8_R100_C030,2024-09,gross_shadow,2024-09-30,9667461,10968642,0.134593871131,False,20B_P4_top_region_hysteresis_partial_rebalance_turnover_control_v0,20B_P4_TURNCTL_v0,0.158862601049,0.0242687299178
F_MIX403030_XD8_R100_C030,2024-09,reference_net,2024-09-30,9659999.0084,10956950.7665,0.134260030146,False,20B_P4_top_region_hysteresis_partial_rebalance_turnover_control_v0,20B_P4_TURNCTL_v0,0.158765209196,0.0245051790496
F_MIX403030_XD8_R100_C030,2024-10,gross_shadow,2024-10-31,10968642,10661519,-0.028000093357,True,20B_P4_top_region_hysteresis_partial_rebalance_turnover_control_v0,20B_P4_TURNCTL_v0,-0.0417565103154,-0.0137564169584
F_MIX403030_XD8_R100_C030,2024-10,reference_net,2024-10-31,10956950.7665,10646297.5125,-0.028352162985,True,20B_P4_top_region_hysteresis_partial_rebalance_turnover_control_v0,20B_P4_TURNCTL_v0,-0.0419999329509,-0.0136477699659
F_MIX403030_XD8_R100_C030,2024-11,gross_shadow,2024-11-29,10661519,10718387,0.00533394913051,False,20B_P4_top_region_hysteresis_partial_rebalance_turnover_control_v0,20B_P4_TURNCTL_v0,0.00743434136436,0.00210039223384
F_MIX403030_XD8_R100_C030,2024-11,reference_net,2024-11-29,10646297.5125,10700787.6532,0.00511822449127,False,20B_P4_top_region_hysteresis_partial_rebalance_turnover_control_v0,20B_P4_TURNCTL_v0,0.00728422719772,0.00216600270645
F_MIX403030_XD8_R100_C030,2024-12,gross_shadow,2024-12-31,10718387,11002584,0.0265149037817,False,20B_P4_top_region_hysteresis_partial_rebalance_turnover_control_v0,20B_P4_TURNCTL_v0,0.023651486543,-0.00286341723875
F_MIX403030_XD8_R100_C030,2024-12,reference_net,2024-12-31,10700787.6532,10982240.9472,0.0263021100036,False,20B_P4_top_region_hysteresis_partial_rebalance_turnover_control_v0,20B_P4_TURNCTL_v0,0.0235057852708,-0.00279632473286
F_MIX403030_XD8_R100_C030,2025-01,gross_shadow,2025-01-27,11002584,10807381,-0.0177415596191,False,20B_P4_top_region_hysteresis_partial_rebalance_turnover_control_v0,20B_P4_TURNCTL_v0,-0.0159349720686,0.00180658755047
F_MIX403030_XD8_R100_C030,2025-01,reference_net,2025-01-27,10982240.9472,10783933.6669,-0.0180570870011,False,20B_P4_top_region_hysteresis_partial_rebalance_turnover_control_v0,20B_P4_TURNCTL_v0,-0.0161371317804,0.00191995522066
F_MIX403030_XD8_R100_C030,2025-02,gross_shadow,2025-02-28,10807381,10750789,-0.00523642129393,True,20B_P4_top_region_hysteresis_partial_rebalance_turnover_control_v0,20B_P4_TURNCTL_v0,-0.0079087507335,-0.00267232943957
F_MIX403030_XD8_R100_C030,2025-02,reference_net,2025-02-28,10783933.6669,10724556.3132,-0.005506094115,True,20B_P4_top_region_hysteresis_partial_rebalance_turnover_control_v0,20B_P4_TURNCTL_v0,-0.00809581661659,-0.00258972250159
F_MIX403030_XD8_R100_C030,2025-03,gross_shadow,2025-03-31,10750789,10874142,0.0114738555468,False,20B_P4_top_region_hysteresis_partial_rebalance_turnover_control_v0,20B_P4_TURNCTL_v0,0.0133980936076,0.00192423806084
F_MIX403030_XD8_R100_C030,2025-03,reference_net,2025-03-31,10724556.3132,10844613.945,0.0111946478972,False,20B_P4_top_region_hysteresis_partial_rebalance_turnover_control_v0,20B_P4_TURNCTL_v0,0.0132233978829,0.00202874998568
F_MIX403030_XD8_R100_C030,2025-04,gross_shadow,2025-04-30,10874142,10739554,-0.0123768845395,False,20B_P4_top_region_hysteresis_partial_rebalance_turnover_control_v0,20B_P4_TURNCTL_v0,-0.0157743458108,-0.00339746127128
F_MIX403030_XD8_R100_C030,2025-04,reference_net,2025-04-30,10844613.945,10707290.9501,-0.0126627831674,False,20B_P4_top_region_hysteresis_partial_rebalance_turnover_control_v0,20B_P4_TURNCTL_v0,-0.0159994675217,-0.00333668435432
F_MIX403030_XD8_R100_C030,2025-05,gross_shadow,2025-05-30,10739554,11009209,0.0251085845837,False,20B_P4_top_region_hysteresis_partial_rebalance_turnover_control_v0,20B_P4_TURNCTL_v0,0.0218567581682,-0.00325182641547
F_MIX403030_XD8_R100_C030,2025-05,reference_net,2025-05-30,10707290.9501,10974035.3817,0.0249124108828,False,20B_P4_top_region_hysteresis_partial_rebalance_turnover_control_v0,20B_P4_TURNCTL_v0,0.021723831916,-0.00318857896675
F_MIX403030_XD8_R100_C030,2025-06,gross_shadow,2025-06-30,11009209,11164888,0.0141407979447,False,20B_P4_top_region_hysteresis_partial_rebalance_turnover_control_v0,20B_P4_TURNCTL_v0,0.0120373412204,-0.00210345672427
F_MIX403030_XD8_R100_C030,2025-06,reference_net,2025-06-30,10974035.3817,11126593.8705,0.0139017675389,False,20B_P4_top_region_hysteresis_partial_rebalance_turnover_control_v0,20B_P4_TURNCTL_v0,0.0118812499438,-0.00202051759512
F_MIX403030_XD8_R100_C030,2025-07,gross_shadow,2025-07-31,11164888,11355833,0.0171022763506,False,20B_P4_top_region_hysteresis_partial_rebalance_turnover_control_v0,20B_P4_TURNCTL_v0,0.0159705014252,-0.00113177492546
F_MIX403030_XD8_R100_C030,2025-07,reference_net,2025-07-31,11126593.8705,11314619.5513,0.0168987637122,False,20B_P4_top_region_hysteresis_partial_rebalance_turnover_control_v0,20B_P4_TURNCTL_v0,0.0158245945545,-0.00107416915778
F_MIX403030_XD8_R100_C030,2025-08,gross_shadow,2025-08-29,11355833,11654664,0.0263151985416,True,20B_P4_top_region_hysteresis_partial_rebalance_turnover_control_v0,20B_P4_TURNCTL_v0,0.0214107382381,-0.00490446030349
F_MIX403030_XD8_R100_C030,2025-08,reference_net,2025-08-29,11314619.5513,11610605.074,0.0261595647444,True,20B_P4_top_region_hysteresis_partial_rebalance_turnover_control_v0,20B_P4_TURNCTL_v0,0.0212920604186,-0.00486750432582
F_MIX403030_XD8_R100_C030,2025-09,gross_shadow,2025-09-30,11654664,11462960,-0.0164486938448,True,20B_P4_top_region_hysteresis_partial_rebalance_turnover_control_v0,20B_P4_TURNCTL_v0,-0.0146549819574,0.00179371188736
F_MIX403030_XD8_R100_C030,2025-09,reference_net,2025-09-30,11610605.074,11415966.6305,-0.0167638501336,True,20B_P4_top_region_hysteresis_partial_rebalance_turnover_control_v0,20B_P4_TURNCTL_v0,-0.0148953122943,0.00186853783925
F_MIX403030_XD8_R100_C030,2025-10,gross_shadow,2025-10-31,11462960,11640868,0.015520249569,False,20B_P4_top_region_hysteresis_partial_rebalance_turnover_control_v0,20B_P4_TURNCTL_v0,0.0176421257991,0.00212187623009
F_MIX403030_XD8_R100_C030,2025-10,reference_net,2025-10-31,11415966.6305,11591098.1969,0.0153409318709,False,20B_P4_top_region_hysteresis_partial_rebalance_turnover_control_v0,20B_P4_TURNCTL_v0,0.017504769152,0.0021638372811
F_MIX403030_XD8_R100_C030,2025-11,gross_shadow,2025-11-28,11640868,11510677,-0.0111839598216,False,20B_P4_top_region_hysteresis_partial_rebalance_turnover_control_v0,20B_P4_TURNCTL_v0,-0.00968857869009,0.00149538113146
F_MIX403030_XD8_R100_C030,2025-11,reference_net,2025-11-28,11591098.1969,11457911.0421,-0.0114904690244,False,20B_P4_top_region_hysteresis_partial_rebalance_turnover_control_v0,20B_P4_TURNCTL_v0,-0.00995710204626,0.00153336697815
F_MIX403030_XD8_R100_C030,2025-12,gross_shadow,2025-12-31,11510677,11690698,0.015639479763,False,20B_P4_top_region_hysteresis_partial_rebalance_turnover_control_v0,20B_P4_TURNCTL_v0,0.0171802536106,0.00154077384757
F_MIX403030_XD8_R100_C030,2025-12,reference_net,2025-12-31,11457911.0421,11635301.9583,0.0154819596363,False,20B_P4_top_region_hysteresis_partial_rebalance_turnover_control_v0,20B_P4_TURNCTL_v0,0.0170218081883,0.00153984855196
F_MIX403030_XD8_R100_C030,2026-01,gross_shadow,2026-01-30,11690698,11853697,0.013942623443,False,20B_P4_top_region_hysteresis_partial_rebalance_turnover_control_v0,20B_P4_TURNCTL_v0,0.0150287676854,0.00108614424236
F_MIX403030_XD8_R100_C030,2026-01,reference_net,2026-01-30,11635301.9583,11795577.0314,0.0137748958801,False,20B_P4_top_region_hysteresis_partial_rebalance_turnover_control_v0,20B_P4_TURNCTL_v0,0.0148684959055,0.00109360002538
F_MIX403030_XD8_R100_C030,2026-02,gross_shadow,2026-02-27,11853697,12128160,0.0231542108762,False,20B_P4_top_region_hysteresis_partial_rebalance_turnover_control_v0,20B_P4_TURNCTL_v0,0.020391049042,-0.00276316183412
F_MIX403030_XD8_R100_C030,2026-02,reference_net,2026-02-27,11795577.0314,12067364.3803,0.0230414627667,False,20B_P4_top_region_hysteresis_partial_rebalance_turnover_control_v0,20B_P4_TURNCTL_v0,0.0202325528075,-0.00280890995926
F_MIX403030_XD8_R100_C030,2026-03,gross_shadow,2026-03-31,12128160,11852690,-0.0227132557618,False,20B_P4_top_region_hysteresis_partial_rebalance_turnover_control_v0,20B_P4_TURNCTL_v0,-0.0159986324444,0.0067146233174
F_MIX403030_XD8_R100_C030,2026-03,reference_net,2026-03-31,12067364.3803,11789345.4999,-0.023038906563,False,20B_P4_top_region_hysteresis_partial_rebalance_turnover_control_v0,20B_P4_TURNCTL_v0,-0.0162685275383,0.00677037902467
F_MIX403030_XD8_R100_C030,2026-04,gross_shadow,2026-04-30,11852690,11956956,0.00879682164977,True,20B_P4_top_region_hysteresis_partial_rebalance_turnover_control_v0,20B_P4_TURNCTL_v0,0.0130737020465,0.00427688039671
F_MIX403030_XD8_R100_C030,2026-04,reference_net,2026-04-30,11789345.4999,11890947.2301,0.00861809760353,True,20B_P4_top_region_hysteresis_partial_rebalance_turnover_control_v0,20B_P4_TURNCTL_v0,0.0128697478741,0.00425165027054
F_MIX403030_XD8_R100_C040,2024-08,gross_shadow,2024-08-30,10000000,9667461,-0.0332539,False,20B_P4_top_region_hysteresis_partial_rebalance_turnover_control_v0,20B_P4_TURNCTL_v0,-0.0332539,0
F_MIX403030_XD8_R100_C040,2024-08,reference_net,2024-08-30,10000000,9659999.0084,-0.03400009916,False,20B_P4_top_region_hysteresis_partial_rebalance_turnover_control_v0,20B_P4_TURNCTL_v0,-0.03400009916,0
F_MIX403030_XD8_R100_C040,2024-09,gross_shadow,2024-09-30,9667461,11590422,0.198910655031,False,20B_P4_top_region_hysteresis_partial_rebalance_turnover_control_v0,20B_P4_TURNCTL_v0,0.158862601049,-0.0400480539823
F_MIX403030_XD8_R100_C040,2024-09,reference_net,2024-09-30,9659999.0084,11575592.1239,0.198301585108,False,20B_P4_top_region_hysteresis_partial_rebalance_turnover_control_v0,20B_P4_TURNCTL_v0,0.158765209196,-0.0395363759125
F_MIX403030_XD8_R100_C040,2024-10,gross_shadow,2024-10-31,11590422,11694466,0.00897672233159,True,20B_P4_top_region_hysteresis_partial_rebalance_turnover_control_v0,20B_P4_TURNCTL_v0,-0.0417565103154,-0.050733232647
F_MIX403030_XD8_R100_C040,2024-10,reference_net,2024-10-31,11575592.1239,11672544.4455,0.00837558204472,True,20B_P4_top_region_hysteresis_partial_rebalance_turnover_control_v0,20B_P4_TURNCTL_v0,-0.0419999329509,-0.0503755149956
F_MIX403030_XD8_R100_C040,2024-11,gross_shadow,2024-11-29,11694466,11759305,0.00554441733381,False,20B_P4_top_region_hysteresis_partial_rebalance_turnover_control_v0,20B_P4_TURNCTL_v0,0.00743434136436,0.00188992403055
F_MIX403030_XD8_R100_C040,2024-11,reference_net,2024-11-29,11672544.4455,11734064.3587,0.0052704801029,False,20B_P4_top_region_hysteresis_partial_rebalance_turnover_control_v0,20B_P4_TURNCTL_v0,0.00728422719772,0.00201374709482
F_MIX403030_XD8_R100_C040,2024-12,gross_shadow,2024-12-31,11759305,12031984,0.0231883601965,False,20B_P4_top_region_hysteresis_partial_rebalance_turnover_control_v0,20B_P4_TURNCTL_v0,0.023651486543,0.000463126346494
F_MIX403030_XD8_R100_C040,2024-12,reference_net,2024-12-31,11734064.3587,12002444.7593,0.0228719045998,False,20B_P4_top_region_hysteresis_partial_rebalance_turnover_control_v0,20B_P4_TURNCTL_v0,0.0235057852708,0.000633880671002
F_MIX403030_XD8_R100_C040,2025-01,gross_shadow,2025-01-27,12031984,11722490,-0.0257226073439,False,20B_P4_top_region_hysteresis_partial_rebalance_turnover_control_v0,20B_P4_TURNCTL_v0,-0.0159349720686,0.00978763527528
F_MIX403030_XD8_R100_C040,2025-01,reference_net,2025-01-27,12002444.7593,11686329.154,-0.0263376013504,False,20B_P4_top_region_hysteresis_partial_rebalance_turnover_control_v0,20B_P4_TURNCTL_v0,-0.0161371317804,0.01020046957
F_MIX403030_XD8_R100_C040,2025-02,gross_shadow,2025-02-28,11722490,11676946,-0.00388518139064,True,20B_P4_top_region_hysteresis_partial_rebalance_turnover_control_v0,20B_P4_TURNCTL_v0,-0.0079087507335,-0.00402356934286
F_MIX403030_XD8_R100_C040,2025-02,reference_net,2025-02-28,11686329.154,11634376.1154,-0.00444562513647,True,20B_P4_top_region_hysteresis_partial_rebalance_turnover_control_v0,20B_P4_TURNCTL_v0,-0.00809581661659,-0.00365019148012
F_MIX403030_XD8_R100_C040,2025-03,gross_shadow,2025-03-31,11676946,11865524,0.0161495993901,False,20B_P4_top_region_hysteresis_partial_rebalance_turnover_control_v0,20B_P4_TURNCTL_v0,0.0133980936076,-0.00275150578249
F_MIX403030_XD8_R100_C040,2025-03,reference_net,2025-03-31,11634376.1154,11813950.1396,0.01543477901,False,20B_P4_top_region_hysteresis_partial_rebalance_turnover_control_v0,20B_P4_TURNCTL_v0,0.0132233978829,-0.00221138112718
F_MIX403030_XD8_R100_C040,2025-04,gross_shadow,2025-04-30,11865524,11684592,-0.0152485469668,False,20B_P4_top_region_hysteresis_partial_rebalance_turnover_control_v0,20B_P4_TURNCTL_v0,-0.0157743458108,-0.000525798843945
F_MIX403030_XD8_R100_C040,2025-04,reference_net,2025-04-30,11813950.1396,11625108.3977,-0.0159846401685,False,20B_P4_top_region_hysteresis_partial_rebalance_turnover_control_v0,20B_P4_TURNCTL_v0,-0.0159994675217,-1.48273532576e-05
F_MIX403030_XD8_R100_C040,2025-05,gross_shadow,2025-05-30,11684592,12041464,0.0305421019407,False,20B_P4_top_region_hysteresis_partial_rebalance_turnover_control_v0,20B_P4_TURNCTL_v0,0.0218567581682,-0.00868534377253
F_MIX403030_XD8_R100_C040,2025-05,reference_net,2025-05-30,11625108.3977,11974968.6705,0.030095226719,False,20B_P4_top_region_hysteresis_partial_rebalance_turnover_control_v0,20B_P4_TURNCTL_v0,0.021723831916,-0.00837139480293
F_MIX403030_XD8_R100_C040,2025-06,gross_shadow,2025-06-30,12041464,12405191,0.0302062108063,False,20B_P4_top_region_hysteresis_partial_rebalance_turnover_control_v0,20B_P4_TURNCTL_v0,0.0120373412204,-0.0181688695858
F_MIX403030_XD8_R100_C040,2025-06,reference_net,2025-06-30,11974968.6705,12330802.6103,0.0297148117494,False,20B_P4_top_region_hysteresis_partial_rebalance_turnover_control_v0,20B_P4_TURNCTL_v0,0.0118812499438,-0.0178335618056
F_MIX403030_XD8_R100_C040,2025-07,gross_shadow,2025-07-31,12405191,12740448,0.0270255411626,False,20B_P4_top_region_hysteresis_partial_rebalance_turnover_control_v0,20B_P4_TURNCTL_v0,0.0159705014252,-0.0110550397374
F_MIX403030_XD8_R100_C040,2025-07,reference_net,2025-07-31,12330802.6103,12656706.6158,0.0264300723846,False,20B_P4_top_region_hysteresis_partial_rebalance_turnover_control_v0,20B_P4_TURNCTL_v0,0.0158245945545,-0.0106054778302
F_MIX403030_XD8_R100_C040,2025-08,gross_shadow,2025-08-29,12740448,13429065,0.054049669211,True,20B_P4_top_region_hysteresis_partial_rebalance_turnover_control_v0,20B_P4_TURNCTL_v0,0.0214107382381,-0.0326389309729
F_MIX403030_XD8_R100_C040,2025-08,reference_net,2025-08-29,12656706.6158,13337215.847,0.0537666908001,True,20B_P4_top_region_hysteresis_partial_rebalance_turnover_control_v0,20B_P4_TURNCTL_v0,0.0212920604186,-0.0324746303814
F_MIX403030_XD8_R100_C040,2025-09,gross_shadow,2025-09-30,13429065,13275880,-0.01140697435,True,20B_P4_top_region_hysteresis_partial_rebalance_turnover_control_v0,20B_P4_TURNCTL_v0,-0.0146549819574,-0.0032480076074
F_MIX403030_XD8_R100_C040,2025-09,reference_net,2025-09-30,13337215.847,13174086.1872,-0.0122311629115,True,20B_P4_top_region_hysteresis_partial_rebalance_turnover_control_v0,20B_P4_TURNCTL_v0,-0.0148953122943,-0.00266414938283
F_MIX403030_XD8_R100_C040,2025-10,gross_shadow,2025-10-31,13275880,13504057,0.0171873352275,False,20B_P4_top_region_hysteresis_partial_rebalance_turnover_control_v0,20B_P4_TURNCTL_v0,0.0176421257991,0.000454790571645
F_MIX403030_XD8_R100_C040,2025-10,reference_net,2025-10-31,13174086.1872,13392493.5781,0.0165785609603,False,20B_P4_top_region_hysteresis_partial_rebalance_turnover_control_v0,20B_P4_TURNCTL_v0,0.017504769152,0.000926208191741
F_MIX403030_XD8_R100_C040,2025-11,gross_shadow,2025-11-28,13504057,13308053,-0.0145144529529,False,20B_P4_top_region_hysteresis_partial_rebalance_turnover_control_v0,20B_P4_TURNCTL_v0,-0.00968857869009,0.00482587426282
F_MIX403030_XD8_R100_C040,2025-11,reference_net,2025-11-28,13392493.5781,13189149.3305,-0.0151834493288,False,20B_P4_top_region_hysteresis_partial_rebalance_turnover_control_v0,20B_P4_TURNCTL_v0,-0.00995710204626,0.00522634728257
F_MIX403030_XD8_R100_C040,2025-12,gross_shadow,2025-12-31,13308053,13471408,0.0122748985145,False,20B_P4_top_region_hysteresis_partial_rebalance_turnover_control_v0,20B_P4_TURNCTL_v0,0.0171802536106,0.00490535509612
F_MIX403030_XD8_R100_C040,2025-12,reference_net,2025-12-31,13189149.3305,13347757.562,0.0120256604551,False,20B_P4_top_region_hysteresis_partial_rebalance_turnover_control_v0,20B_P4_TURNCTL_v0,0.0170218081883,0.00499614773318
F_MIX403030_XD8_R100_C040,2026-01,gross_shadow,2026-01-30,13471408,13655268,0.0136481650619,False,20B_P4_top_region_hysteresis_partial_rebalance_turnover_control_v0,20B_P4_TURNCTL_v0,0.0150287676854,0.00138060262349
F_MIX403030_XD8_R100_C040,2026-01,reference_net,2026-01-30,13347757.562,13526885.3546,0.013420066381,False,20B_P4_top_region_hysteresis_partial_rebalance_turnover_control_v0,20B_P4_TURNCTL_v0,0.0148684959055,0.0014484295245
F_MIX403030_XD8_R100_C040,2026-02,gross_shadow,2026-02-27,13655268,13981833,0.0239149462317,False,20B_P4_top_region_hysteresis_partial_rebalance_turnover_control_v0,20B_P4_TURNCTL_v0,0.020391049042,-0.00352389718971
F_MIX403030_XD8_R100_C040,2026-02,reference_net,2026-02-27,13526885.3546,13849454.5176,0.0238465215477,False,20B_P4_top_region_hysteresis_partial_rebalance_turnover_control_v0,20B_P4_TURNCTL_v0,0.0202325528075,-0.0036139687402
F_MIX403030_XD8_R100_C040,2026-03,gross_shadow,2026-03-31,13981833,13582488,-0.0285617057506,False,20B_P4_top_region_hysteresis_partial_rebalance_turnover_control_v0,20B_P4_TURNCTL_v0,-0.0159986324444,0.0125630733062
F_MIX403030_XD8_R100_C040,2026-03,reference_net,2026-03-31,13849454.5176,13445711.6275,-0.0291522593642,False,20B_P4_top_region_hysteresis_partial_rebalance_turnover_control_v0,20B_P4_TURNCTL_v0,-0.0162685275383,0.0128837318259
F_MIX403030_XD8_R100_C040,2026-04,gross_shadow,2026-04-30,13582488,13781319,0.0146387760475,True,20B_P4_top_region_hysteresis_partial_rebalance_turnover_control_v0,20B_P4_TURNCTL_v0,0.0130737020465,-0.00156507400103
F_MIX403030_XD8_R100_C040,2026-04,reference_net,2026-04-30,13445711.6275,13640087.3496,0.0144563357846,True,20B_P4_top_region_hysteresis_partial_rebalance_turnover_control_v0,20B_P4_TURNCTL_v0,0.0128697478741,-0.00158658791056
F_MIX403030_XD8_R100_CNONE,2024-08,gross_shadow,2024-08-30,10000000,9667461,-0.0332539,False,20B_P4_top_region_hysteresis_partial_rebalance_turnover_control_v0,20B_P4_TURNCTL_v0,-0.0332539,0
F_MIX403030_XD8_R100_CNONE,2024-08,reference_net,2024-08-30,10000000,9659999.0084,-0.03400009916,False,20B_P4_top_region_hysteresis_partial_rebalance_turnover_control_v0,20B_P4_TURNCTL_v0,-0.03400009916,0
F_MIX403030_XD8_R100_CNONE,2024-09,gross_shadow,2024-09-30,9667461,11590422,0.198910655031,False,20B_P4_top_region_hysteresis_partial_rebalance_turnover_control_v0,20B_P4_TURNCTL_v0,0.158862601049,-0.0400480539823
F_MIX403030_XD8_R100_CNONE,2024-09,reference_net,2024-09-30,9659999.0084,11575592.1239,0.198301585108,False,20B_P4_top_region_hysteresis_partial_rebalance_turnover_control_v0,20B_P4_TURNCTL_v0,0.158765209196,-0.0395363759125
F_MIX403030_XD8_R100_CNONE,2024-10,gross_shadow,2024-10-31,11590422,11361964,-0.0197109302836,True,20B_P4_top_region_hysteresis_partial_rebalance_turnover_control_v0,20B_P4_TURNCTL_v0,-0.0417565103154,-0.0220455800318
F_MIX403030_XD8_R100_CNONE,2024-10,reference_net,2024-10-31,11575592.1239,11337144.554,-0.0205991682661,True,20B_P4_top_region_hysteresis_partial_rebalance_turnover_control_v0,20B_P4_TURNCTL_v0,-0.0419999329509,-0.0214007646848
F_MIX403030_XD8_R100_CNONE,2024-11,gross_shadow,2024-11-29,11361964,11414424,0.00461715949813,False,20B_P4_top_region_hysteresis_partial_rebalance_turnover_control_v0,20B_P4_TURNCTL_v0,0.00743434136436,0.00281718186623
F_MIX403030_XD8_R100_CNONE,2024-11,reference_net,2024-11-29,11337144.554,11383582.4671,0.00409608547628,False,20B_P4_top_region_hysteresis_partial_rebalance_turnover_control_v0,20B_P4_TURNCTL_v0,0.00728422719772,0.00318814172144
F_MIX403030_XD8_R100_CNONE,2024-12,gross_shadow,2024-12-31,11414424,11707333,0.0256613036278,False,20B_P4_top_region_hysteresis_partial_rebalance_turnover_control_v0,20B_P4_TURNCTL_v0,0.023651486543,-0.00200981708481
F_MIX403030_XD8_R100_CNONE,2024-12,reference_net,2024-12-31,11383582.4671,11669012.1199,0.0250737984799,False,20B_P4_top_region_hysteresis_partial_rebalance_turnover_control_v0,20B_P4_TURNCTL_v0,0.0235057852708,-0.00156801320914
F_MIX403030_XD8_R100_CNONE,2025-01,gross_shadow,2025-01-27,11707333,11403850,-0.0259224709846,False,20B_P4_top_region_hysteresis_partial_rebalance_turnover_control_v0,20B_P4_TURNCTL_v0,-0.0159349720686,0.00998749891603
F_MIX403030_XD8_R100_CNONE,2025-01,reference_net,2025-01-27,11669012.1199,11358740.2789,-0.0265893837295,False,20B_P4_top_region_hysteresis_partial_rebalance_turnover_control_v0,20B_P4_TURNCTL_v0,-0.0161371317804,0.0104522519491
F_MIX403030_XD8_R100_CNONE,2025-02,gross_shadow,2025-02-28,11403850,11360153,-0.0038317761107,True,20B_P4_top_region_hysteresis_partial_rebalance_turnover_control_v0,20B_P4_TURNCTL_v0,-0.0079087507335,-0.0040769746228
F_MIX403030_XD8_R100_CNONE,2025-02,reference_net,2025-02-28,11358740.2789,11308804.3709,-0.0043962540523,True,20B_P4_top_region_hysteresis_partial_rebalance_turnover_control_v0,20B_P4_TURNCTL_v0,-0.00809581661659,-0.00369956256429
F_MIX403030_XD8_R100_CNONE,2025-03,gross_shadow,2025-03-31,11360153,11544125,0.0161945001973,False,20B_P4_top_region_hysteresis_partial_rebalance_turnover_control_v0,20B_P4_TURNCTL_v0,0.0133980936076,-0.00279640658968
F_MIX403030_XD8_R100_CNONE,2025-03,reference_net,2025-03-31,11308804.3709,11484023.0816,0.0154940084737,False,20B_P4_top_region_hysteresis_partial_rebalance_turnover_control_v0,20B_P4_TURNCTL_v0,0.0132233978829,-0.00227061059084
F_MIX403030_XD8_R100_CNONE,2025-04,gross_shadow,2025-04-30,11544125,11367506,-0.0152994705099,False,20B_P4_top_region_hysteresis_partial_rebalance_turnover_control_v0,20B_P4_TURNCTL_v0,-0.0157743458108,-0.000474875300879
F_MIX403030_XD8_R100_CNONE,2025-04,reference_net,2025-04-30,11484023.0816,11299714.0423,-0.0160491700574,False,20B_P4_top_region_hysteresis_partial_rebalance_turnover_control_v0,20B_P4_TURNCTL_v0,-0.0159994675217,4.97025356211e-05
F_MIX403030_XD8_R100_CNONE,2025-05,gross_shadow,2025-05-30,11367506,11715109,0.0305786511131,False,20B_P4_top_region_hysteresis_partial_rebalance_turnover_control_v0,20B_P4_TURNCTL_v0,0.0218567581682,-0.00872189294488
F_MIX403030_XD8_R100_CNONE,2025-05,reference_net,2025-05-30,11299714.0423,11640476.1086,0.0301566982204,False,20B_P4_top_region_hysteresis_partial_rebalance_turnover_control_v0,20B_P4_TURNCTL_v0,0.021723831916,-0.00843286630442
F_MIX403030_XD8_R100_CNONE,2025-06,gross_shadow,2025-06-30,11715109,12066598,0.0300030499076,False,20B_P4_top_region_hysteresis_partial_rebalance_turnover_control_v0,20B_P4_TURNCTL_v0,0.0120373412204,-0.0179657086872
F_MIX403030_XD8_R100_CNONE,2025-06,reference_net,2025-06-30,11640476.1086,11984324.1266,0.0295389995015,False,20B_P4_top_region_hysteresis_partial_rebalance_turnover_control_v0,20B_P4_TURNCTL_v0,0.0118812499438,-0.0176577495577
F_MIX403030_XD8_R100_CNONE,2025-07,gross_shadow,2025-07-31,12066598,12392613,0.0270179714282,False,20B_P4_top_region_hysteresis_partial_rebalance_turnover_control_v0,20B_P4_TURNCTL_v0,0.0159705014252,-0.0110474700031
F_MIX403030_XD8_R100_CNONE,2025-07,reference_net,2025-07-31,11984324.1266,12301200.8975,0.026440937973,False,20B_P4_top_region_hysteresis_partial_rebalance_turnover_control_v0,20B_P4_TURNCTL_v0,0.0158245945545,-0.0106163434186
F_MIX403030_XD8_R100_CNONE,2025-08,gross_shadow,2025-08-29,12392613,13057562,0.0536568841454,True,20B_P4_top_region_hysteresis_partial_rebalance_turnover_control_v0,20B_P4_TURNCTL_v0,0.0214107382381,-0.0322461459073
F_MIX403030_XD8_R100_CNONE,2025-08,reference_net,2025-08-29,12301200.8975,12958253.4066,0.0534136881949,True,20B_P4_top_region_hysteresis_partial_rebalance_turnover_control_v0,20B_P4_TURNCTL_v0,0.0212920604186,-0.0321216277762
F_MIX403030_XD8_R100_CNONE,2025-09,gross_shadow,2025-09-30,13057562,12908204,-0.0114384293178,True,20B_P4_top_region_hysteresis_partial_rebalance_turnover_control_v0,20B_P4_TURNCTL_v0,-0.0146549819574,-0.00321655263962
F_MIX403030_XD8_R100_CNONE,2025-09,reference_net,2025-09-30,12958253.4066,12799235.9726,-0.0122715175441,True,20B_P4_top_region_hysteresis_partial_rebalance_turnover_control_v0,20B_P4_TURNCTL_v0,-0.0148953122943,-0.00262379475024
F_MIX403030_XD8_R100_CNONE,2025-10,gross_shadow,2025-10-31,12908204,13130433,0.0172161053544,False,20B_P4_top_region_hysteresis_partial_rebalance_turnover_control_v0,20B_P4_TURNCTL_v0,0.0176421257991,0.000426020444746
F_MIX403030_XD8_R100_CNONE,2025-10,reference_net,2025-10-31,12799235.9726,13011962.1241,0.0166202226426,False,20B_P4_top_region_hysteresis_partial_rebalance_turnover_control_v0,20B_P4_TURNCTL_v0,0.017504769152,0.000884546509419
F_MIX403030_XD8_R100_CNONE,2025-11,gross_shadow,2025-11-28,13130433,12761392,-0.0281057753389,False,20B_P4_top_region_hysteresis_partial_rebalance_turnover_control_v0,20B_P4_TURNCTL_v0,-0.00968857869009,0.0184171966488
F_MIX403030_XD8_R100_CNONE,2025-11,reference_net,2025-11-28,13011962.1241,12631622.3861,-0.0292300065456,False,20B_P4_top_region_hysteresis_partial_rebalance_turnover_control_v0,20B_P4_TURNCTL_v0,-0.00995710204626,0.0192729044994
F_MIX403030_XD8_R100_CNONE,2025-12,gross_shadow,2025-12-31,12761392,13368785,0.0475961399822,False,20B_P4_top_region_hysteresis_partial_rebalance_turnover_control_v0,20B_P4_TURNCTL_v0,0.0171802536106,-0.0304158863716
F_MIX403030_XD8_R100_CNONE,2025-12,reference_net,2025-12-31,12631622.3861,13228901.0308,0.0472843967707,False,20B_P4_top_region_hysteresis_partial_rebalance_turnover_control_v0,20B_P4_TURNCTL_v0,0.0170218081883,-0.0302625885824
F_MIX403030_XD8_R100_CNONE,2026-01,gross_shadow,2026-01-30,13368785,14108630,0.0553412295882,False,20B_P4_top_region_hysteresis_partial_rebalance_turnover_control_v0,20B_P4_TURNCTL_v0,0.0150287676854,-0.0403124619028
F_MIX403030_XD8_R100_CNONE,2026-01,reference_net,2026-01-30,13228901.0308,13956045.2585,0.0549663366568,False,20B_P4_top_region_hysteresis_partial_rebalance_turnover_control_v0,20B_P4_TURNCTL_v0,0.0148684959055,-0.0400978407513
F_MIX403030_XD8_R100_CNONE,2026-02,gross_shadow,2026-02-27,14108630,14526471,0.0296159868109,False,20B_P4_top_region_hysteresis_partial_rebalance_turnover_control_v0,20B_P4_TURNCTL_v0,0.020391049042,-0.00922493776888
F_MIX403030_XD8_R100_CNONE,2026-02,reference_net,2026-02-27,13956045.2585,14361394.7421,0.029044724067,False,20B_P4_top_region_hysteresis_partial_rebalance_turnover_control_v0,20B_P4_TURNCTL_v0,0.0202325528075,-0.00881217125959
F_MIX403030_XD8_R100_CNONE,2026-03,gross_shadow,2026-03-31,14526471,13675570,-0.0585758922453,False,20B_P4_top_region_hysteresis_partial_rebalance_turnover_control_v0,20B_P4_TURNCTL_v0,-0.0159986324444,0.0425772598009
F_MIX403030_XD8_R100_CNONE,2026-03,reference_net,2026-03-31,14361394.7421,13497461.5255,-0.0601566374363,False,20B_P4_top_region_hysteresis_partial_rebalance_turnover_control_v0,20B_P4_TURNCTL_v0,-0.0162685275383,0.043888109898
F_MIX403030_XD8_R100_CNONE,2026-04,gross_shadow,2026-04-30,13675570,14232242,0.0407055793652,True,20B_P4_top_region_hysteresis_partial_rebalance_turnover_control_v0,20B_P4_TURNCTL_v0,0.0130737020465,-0.0276318773188
F_MIX403030_XD8_R100_CNONE,2026-04,reference_net,2026-04-30,13497461.5255,14040151.8015,0.0402068399998,True,20B_P4_top_region_hysteresis_partial_rebalance_turnover_control_v0,20B_P4_TURNCTL_v0,0.0128697478741,-0.0273370921258
