arm_order,arm_id,model_seed,epoch,split_role,metric_id,metric_value,observation_n,optimizer_step_n,tau,checkpoint_selected
0,D0_R2_RAW_EXACT_REPLAY,20260713,1,train,loss_diff,0.2625694349517223,335393,1311,0.991006796390514,False
0,D0_R2_RAW_EXACT_REPLAY,20260713,1,train,loss_koop,0.0004687601472276,335393,1311,0.991006796390514,False
0,D0_R2_RAW_EXACT_REPLAY,20260713,1,train,loss_rec,0.0102657963489242,335393,1311,0.991006796390514,False
0,D0_R2_RAW_EXACT_REPLAY,20260713,1,train,loss_total,0.2733039913601381,335393,1311,0.991006796390514,False
0,D0_R2_RAW_EXACT_REPLAY,20260713,1,validation_early,complete_day_n,107.0,107,1311,0.991006796390514,False
0,D0_R2_RAW_EXACT_REPLAY,20260713,1,validation_early,mean_rankic,-0.0076011793461382,107,1311,0.991006796390514,False
0,D0_R2_RAW_EXACT_REPLAY,20260713,1,validation_early,score_coverage,1.0,51932,1311,0.991006796390514,False
0,D0_R2_RAW_EXACT_REPLAY,20260713,2,train,loss_diff,0.1221727553439721,335393,2622,0.9820067277401048,False
0,D0_R2_RAW_EXACT_REPLAY,20260713,2,train,loss_koop,7.374273885826651e-06,335393,2622,0.9820067277401048,False
0,D0_R2_RAW_EXACT_REPLAY,20260713,2,train,loss_rec,0.0017001401497108,335393,2622,0.9820067277401048,False
0,D0_R2_RAW_EXACT_REPLAY,20260713,2,train,loss_total,0.1238802697187961,335393,2622,0.9820067277401048,False
0,D0_R2_RAW_EXACT_REPLAY,20260713,2,validation_early,complete_day_n,107.0,107,2622,0.9820067277401048,False
0,D0_R2_RAW_EXACT_REPLAY,20260713,2,validation_early,mean_rankic,-0.0069558344619096,107,2622,0.9820067277401048,False
0,D0_R2_RAW_EXACT_REPLAY,20260713,2,validation_early,score_coverage,1.0,51932,2622,0.9820067277401048,False
0,D0_R2_RAW_EXACT_REPLAY,20260713,3,train,loss_diff,0.1057352805192246,335393,3933,0.9730066590896956,False
0,D0_R2_RAW_EXACT_REPLAY,20260713,3,train,loss_koop,1.4077578528806647e-06,335393,3933,0.9730066590896956,False
0,D0_R2_RAW_EXACT_REPLAY,20260713,3,train,loss_rec,0.0015062628368714,335393,3933,0.9730066590896956,False
0,D0_R2_RAW_EXACT_REPLAY,20260713,3,train,loss_total,0.1072429511360828,335393,3933,0.9730066590896956,False
0,D0_R2_RAW_EXACT_REPLAY,20260713,3,validation_early,complete_day_n,107.0,107,3933,0.9730066590896956,False
0,D0_R2_RAW_EXACT_REPLAY,20260713,3,validation_early,mean_rankic,-0.003847962984108,107,3933,0.9730066590896956,False
0,D0_R2_RAW_EXACT_REPLAY,20260713,3,validation_early,score_coverage,1.0,51932,3933,0.9730066590896956,False
0,D0_R2_RAW_EXACT_REPLAY,20260713,4,train,loss_diff,0.0967141927322555,335393,5244,0.9640065904392864,False
0,D0_R2_RAW_EXACT_REPLAY,20260713,4,train,loss_koop,4.1309345739295886e-07,335393,5244,0.9640065904392864,False
0,D0_R2_RAW_EXACT_REPLAY,20260713,4,train,loss_rec,0.0014979617395993,335393,5244,0.9640065904392864,False
0,D0_R2_RAW_EXACT_REPLAY,20260713,4,train,loss_total,0.0982125675964988,335393,5244,0.9640065904392864,False
0,D0_R2_RAW_EXACT_REPLAY,20260713,4,validation_early,complete_day_n,107.0,107,5244,0.9640065904392864,False
0,D0_R2_RAW_EXACT_REPLAY,20260713,4,validation_early,mean_rankic,0.0038414456791323,107,5244,0.9640065904392864,False
0,D0_R2_RAW_EXACT_REPLAY,20260713,4,validation_early,score_coverage,1.0,51932,5244,0.9640065904392864,False
0,D0_R2_RAW_EXACT_REPLAY,20260713,5,train,loss_diff,0.0906688357922525,335393,6555,0.9550065217888772,False
0,D0_R2_RAW_EXACT_REPLAY,20260713,5,train,loss_koop,1.665311893772667e-07,335393,6555,0.9550065217888772,False
0,D0_R2_RAW_EXACT_REPLAY,20260713,5,train,loss_rec,0.0014987134260456,335393,6555,0.9550065217888772,False
0,D0_R2_RAW_EXACT_REPLAY,20260713,5,train,loss_total,0.0921677156364438,335393,6555,0.9550065217888772,False
0,D0_R2_RAW_EXACT_REPLAY,20260713,5,validation_early,complete_day_n,107.0,107,6555,0.9550065217888772,False
0,D0_R2_RAW_EXACT_REPLAY,20260713,5,validation_early,mean_rankic,-0.0023561944851142,107,6555,0.9550065217888772,False
0,D0_R2_RAW_EXACT_REPLAY,20260713,5,validation_early,score_coverage,1.0,51932,6555,0.9550065217888772,False
0,D0_R2_RAW_EXACT_REPLAY,20260713,6,train,loss_diff,0.0853421096182384,335393,7866,0.946006453138468,False
0,D0_R2_RAW_EXACT_REPLAY,20260713,6,train,loss_koop,7.950659831968488e-08,335393,7866,0.946006453138468,False
0,D0_R2_RAW_EXACT_REPLAY,20260713,6,train,loss_rec,0.0014996586136989,335393,7866,0.946006453138468,False
0,D0_R2_RAW_EXACT_REPLAY,20260713,6,train,loss_total,0.0868418476327043,335393,7866,0.946006453138468,False
0,D0_R2_RAW_EXACT_REPLAY,20260713,6,validation_early,complete_day_n,107.0,107,7866,0.946006453138468,False
0,D0_R2_RAW_EXACT_REPLAY,20260713,6,validation_early,mean_rankic,0.0027680316218289,107,7866,0.946006453138468,False
0,D0_R2_RAW_EXACT_REPLAY,20260713,6,validation_early,score_coverage,1.0,51932,7866,0.946006453138468,False
0,D0_R2_RAW_EXACT_REPLAY,20260713,7,train,loss_diff,0.0807283858061613,335393,9177,0.9370063844880586,False
0,D0_R2_RAW_EXACT_REPLAY,20260713,7,train,loss_koop,4.4386470477654553e-08,335393,9177,0.9370063844880586,False
0,D0_R2_RAW_EXACT_REPLAY,20260713,7,train,loss_rec,0.001499962411397,335393,9177,0.9370063844880586,False
0,D0_R2_RAW_EXACT_REPLAY,20260713,7,train,loss_total,0.0822283925490407,335393,9177,0.9370063844880586,False
0,D0_R2_RAW_EXACT_REPLAY,20260713,7,validation_early,complete_day_n,107.0,107,9177,0.9370063844880586,False
0,D0_R2_RAW_EXACT_REPLAY,20260713,7,validation_early,mean_rankic,-0.0035928098918669,107,9177,0.9370063844880586,False
0,D0_R2_RAW_EXACT_REPLAY,20260713,7,validation_early,score_coverage,1.0,51932,9177,0.9370063844880586,False
0,D0_R2_RAW_EXACT_REPLAY,20260713,8,train,loss_diff,0.0766659350510698,335393,10488,0.9280063158376494,True
0,D0_R2_RAW_EXACT_REPLAY,20260713,8,train,loss_koop,2.4312625026925652e-08,335393,10488,0.9280063158376494,True
0,D0_R2_RAW_EXACT_REPLAY,20260713,8,train,loss_rec,0.0015002886217018,335393,10488,0.9280063158376494,True
0,D0_R2_RAW_EXACT_REPLAY,20260713,8,train,loss_total,0.0781662480210022,335393,10488,0.9280063158376494,True
0,D0_R2_RAW_EXACT_REPLAY,20260713,8,validation_early,complete_day_n,107.0,107,10488,0.9280063158376494,True
0,D0_R2_RAW_EXACT_REPLAY,20260713,8,validation_early,mean_rankic,0.0059495754296992,107,10488,0.9280063158376494,True
0,D0_R2_RAW_EXACT_REPLAY,20260713,8,validation_early,score_coverage,1.0,51932,10488,0.9280063158376494,True
0,D0_R2_RAW_EXACT_REPLAY,20260713,9,train,loss_diff,0.0733413455558533,335393,11799,0.9190062471872402,False
0,D0_R2_RAW_EXACT_REPLAY,20260713,9,train,loss_koop,1.4336883986465164e-08,335393,11799,0.9190062471872402,False
0,D0_R2_RAW_EXACT_REPLAY,20260713,9,train,loss_rec,0.0015005069301271,335393,11799,0.9190062471872402,False
0,D0_R2_RAW_EXACT_REPLAY,20260713,9,train,loss_total,0.0748418668518991,335393,11799,0.9190062471872402,False
0,D0_R2_RAW_EXACT_REPLAY,20260713,9,validation_early,complete_day_n,107.0,107,11799,0.9190062471872402,False
0,D0_R2_RAW_EXACT_REPLAY,20260713,9,validation_early,mean_rankic,-0.004689639358953,107,11799,0.9190062471872402,False
0,D0_R2_RAW_EXACT_REPLAY,20260713,9,validation_early,score_coverage,1.0,51932,11799,0.9190062471872402,False
0,D0_R2_RAW_EXACT_REPLAY,20260713,10,train,loss_diff,0.0703047815761144,335393,13110,0.910006178536831,False
0,D0_R2_RAW_EXACT_REPLAY,20260713,10,train,loss_koop,9.404053078706806e-09,335393,13110,0.910006178536831,False
0,D0_R2_RAW_EXACT_REPLAY,20260713,10,train,loss_rec,0.0015003908947375,335393,13110,0.910006178536831,False
0,D0_R2_RAW_EXACT_REPLAY,20260713,10,train,loss_total,0.0718051819051167,335393,13110,0.910006178536831,False
0,D0_R2_RAW_EXACT_REPLAY,20260713,10,validation_early,complete_day_n,107.0,107,13110,0.910006178536831,False
0,D0_R2_RAW_EXACT_REPLAY,20260713,10,validation_early,mean_rankic,-0.0057630822522266,107,13110,0.910006178536831,False
0,D0_R2_RAW_EXACT_REPLAY,20260713,10,validation_early,score_coverage,1.0,51932,13110,0.910006178536831,False
0,D0_R2_RAW_EXACT_REPLAY,20260713,11,train,loss_diff,0.0678523924284731,335393,14421,0.9010061098864216,False
0,D0_R2_RAW_EXACT_REPLAY,20260713,11,train,loss_koop,6.164066169488925e-09,335393,14421,0.9010061098864216,False
0,D0_R2_RAW_EXACT_REPLAY,20260713,11,train,loss_rec,0.0015002296049278,335393,14421,0.9010061098864216,False
0,D0_R2_RAW_EXACT_REPLAY,20260713,11,train,loss_total,0.0693526283632257,335393,14421,0.9010061098864216,False
0,D0_R2_RAW_EXACT_REPLAY,20260713,11,validation_early,complete_day_n,107.0,107,14421,0.9010061098864216,False
0,D0_R2_RAW_EXACT_REPLAY,20260713,11,validation_early,mean_rankic,0.0019896847895642,107,14421,0.9010061098864216,False
0,D0_R2_RAW_EXACT_REPLAY,20260713,11,validation_early,score_coverage,1.0,51932,14421,0.9010061098864216,False
0,D0_R2_RAW_EXACT_REPLAY,20260713,12,train,loss_diff,0.0657890898574762,335393,15732,0.8920060412360125,False
0,D0_R2_RAW_EXACT_REPLAY,20260713,12,train,loss_koop,4.148927576500063e-09,335393,15732,0.8920060412360125,False
0,D0_R2_RAW_EXACT_REPLAY,20260713,12,train,loss_rec,0.0015002960822407,335393,15732,0.8920060412360125,False
0,D0_R2_RAW_EXACT_REPLAY,20260713,12,train,loss_total,0.06728939007662,335393,15732,0.8920060412360125,False
0,D0_R2_RAW_EXACT_REPLAY,20260713,12,validation_early,complete_day_n,107.0,107,15732,0.8920060412360125,False
0,D0_R2_RAW_EXACT_REPLAY,20260713,12,validation_early,mean_rankic,0.0014542150953701,107,15732,0.8920060412360125,False
0,D0_R2_RAW_EXACT_REPLAY,20260713,12,validation_early,score_coverage,1.0,51932,15732,0.8920060412360125,False
0,D0_R2_RAW_EXACT_REPLAY,20260713,13,train,loss_diff,0.0641645069035223,335393,17043,0.8830059725856032,False
0,D0_R2_RAW_EXACT_REPLAY,20260713,13,train,loss_koop,2.84206098804998e-09,335393,17043,0.8830059725856032,False
0,D0_R2_RAW_EXACT_REPLAY,20260713,13,train,loss_rec,0.001500297219572,335393,17043,0.8830059725856032,False
0,D0_R2_RAW_EXACT_REPLAY,20260713,13,train,loss_total,0.0656648068557702,335393,17043,0.8830059725856032,False
0,D0_R2_RAW_EXACT_REPLAY,20260713,13,validation_early,complete_day_n,107.0,107,17043,0.8830059725856032,False
0,D0_R2_RAW_EXACT_REPLAY,20260713,13,validation_early,mean_rankic,0.0049920321172995,107,17043,0.8830059725856032,False
0,D0_R2_RAW_EXACT_REPLAY,20260713,13,validation_early,score_coverage,1.0,51932,17043,0.8830059725856032,False
0,D0_R2_RAW_EXACT_REPLAY,20260713,14,train,loss_diff,0.0622317995127834,335393,18354,0.874005903935194,False
0,D0_R2_RAW_EXACT_REPLAY,20260713,14,train,loss_koop,1.699401968971876e-09,335393,18354,0.874005903935194,False
0,D0_R2_RAW_EXACT_REPLAY,20260713,14,train,loss_rec,0.0015003628072857,335393,18354,0.874005903935194,False
0,D0_R2_RAW_EXACT_REPLAY,20260713,14,train,loss_total,0.0637321639240173,335393,18354,0.874005903935194,False
0,D0_R2_RAW_EXACT_REPLAY,20260713,14,validation_early,complete_day_n,107.0,107,18354,0.874005903935194,False
0,D0_R2_RAW_EXACT_REPLAY,20260713,14,validation_early,mean_rankic,0.0002218086293653,107,18354,0.874005903935194,False
0,D0_R2_RAW_EXACT_REPLAY,20260713,14,validation_early,score_coverage,1.0,51932,18354,0.874005903935194,False
0,D0_R2_RAW_EXACT_REPLAY,20260713,15,train,loss_diff,0.0606891959533976,335393,19665,0.8650058352847847,False
0,D0_R2_RAW_EXACT_REPLAY,20260713,15,train,loss_koop,1.388206583497718e-09,335393,19665,0.8650058352847847,False
0,D0_R2_RAW_EXACT_REPLAY,20260713,15,train,loss_rec,0.0015001473174997,335393,19665,0.8650058352847847,False
0,D0_R2_RAW_EXACT_REPLAY,20260713,15,train,loss_total,0.0621893446906461,335393,19665,0.8650058352847847,False
0,D0_R2_RAW_EXACT_REPLAY,20260713,15,validation_early,complete_day_n,107.0,107,19665,0.8650058352847847,False
0,D0_R2_RAW_EXACT_REPLAY,20260713,15,validation_early,mean_rankic,-0.0043548810311092,107,19665,0.8650058352847847,False
0,D0_R2_RAW_EXACT_REPLAY,20260713,15,validation_early,score_coverage,1.0,51932,19665,0.8650058352847847,False
0,D0_R2_RAW_EXACT_REPLAY,20260713,16,train,loss_diff,0.0595448195495737,335393,20976,0.8560057666343756,False
0,D0_R2_RAW_EXACT_REPLAY,20260713,16,train,loss_koop,8.025362462208424e-10,335393,20976,0.8560057666343756,False
0,D0_R2_RAW_EXACT_REPLAY,20260713,16,train,loss_rec,0.0014999953641042,335393,20976,0.8560057666343756,False
0,D0_R2_RAW_EXACT_REPLAY,20260713,16,train,loss_total,0.0610448157453075,335393,20976,0.8560057666343756,False
0,D0_R2_RAW_EXACT_REPLAY,20260713,16,validation_early,complete_day_n,107.0,107,20976,0.8560057666343756,False
0,D0_R2_RAW_EXACT_REPLAY,20260713,16,validation_early,mean_rankic,0.0027644498257315,107,20976,0.8560057666343756,False
0,D0_R2_RAW_EXACT_REPLAY,20260713,16,validation_early,score_coverage,1.0,51932,20976,0.8560057666343756,False
0,D0_R2_RAW_EXACT_REPLAY,20260713,17,train,loss_diff,0.0580905629835448,335393,22287,0.8470056979839663,False
0,D0_R2_RAW_EXACT_REPLAY,20260713,17,train,loss_koop,5.939408589650892e-10,335393,22287,0.8470056979839663,False
0,D0_R2_RAW_EXACT_REPLAY,20260713,17,train,loss_rec,0.0015000811071853,335393,22287,0.8470056979839663,False
0,D0_R2_RAW_EXACT_REPLAY,20260713,17,train,loss_total,0.0595906446589592,335393,22287,0.8470056979839663,False
0,D0_R2_RAW_EXACT_REPLAY,20260713,17,validation_early,complete_day_n,107.0,107,22287,0.8470056979839663,False
0,D0_R2_RAW_EXACT_REPLAY,20260713,17,validation_early,mean_rankic,-0.004392904256753,107,22287,0.8470056979839663,False
0,D0_R2_RAW_EXACT_REPLAY,20260713,17,validation_early,score_coverage,1.0,51932,22287,0.8470056979839663,False
0,D0_R2_RAW_EXACT_REPLAY,20260713,18,train,loss_diff,0.0570717735598427,335393,23598,0.8380056293335572,False
0,D0_R2_RAW_EXACT_REPLAY,20260713,18,train,loss_koop,4.2610331204418686e-10,335393,23598,0.8380056293335572,False
0,D0_R2_RAW_EXACT_REPLAY,20260713,18,train,loss_rec,0.0015000373436095,335393,23598,0.8380056293335572,False
0,D0_R2_RAW_EXACT_REPLAY,20260713,18,train,loss_total,0.0585718113395697,335393,23598,0.8380056293335572,False
0,D0_R2_RAW_EXACT_REPLAY,20260713,18,validation_early,complete_day_n,107.0,107,23598,0.8380056293335572,False
0,D0_R2_RAW_EXACT_REPLAY,20260713,18,validation_early,mean_rankic,0.0042028709852894,107,23598,0.8380056293335572,False
0,D0_R2_RAW_EXACT_REPLAY,20260713,18,validation_early,score_coverage,1.0,51932,23598,0.8380056293335572,False
0,D0_R2_RAW_EXACT_REPLAY,20260714,1,train,loss_diff,0.2578041703784926,335393,1311,0.991006796390514,False
0,D0_R2_RAW_EXACT_REPLAY,20260714,1,train,loss_koop,0.0004298598065683,335393,1311,0.991006796390514,False
0,D0_R2_RAW_EXACT_REPLAY,20260714,1,train,loss_rec,0.0091416096198056,335393,1311,0.991006796390514,False
0,D0_R2_RAW_EXACT_REPLAY,20260714,1,train,loss_total,0.2673756396477726,335393,1311,0.991006796390514,False
0,D0_R2_RAW_EXACT_REPLAY,20260714,1,validation_early,complete_day_n,107.0,107,1311,0.991006796390514,False
0,D0_R2_RAW_EXACT_REPLAY,20260714,1,validation_early,mean_rankic,-0.0047370347679371,107,1311,0.991006796390514,False
0,D0_R2_RAW_EXACT_REPLAY,20260714,1,validation_early,score_coverage,1.0,51932,1311,0.991006796390514,False
0,D0_R2_RAW_EXACT_REPLAY,20260714,2,train,loss_diff,0.1219937053457571,335393,2622,0.9820067277401048,False
0,D0_R2_RAW_EXACT_REPLAY,20260714,2,train,loss_koop,6.875367747972269e-06,335393,2622,0.9820067277401048,False
0,D0_R2_RAW_EXACT_REPLAY,20260714,2,train,loss_rec,0.0016629489897922,335393,2622,0.9820067277401048,False
0,D0_R2_RAW_EXACT_REPLAY,20260714,2,train,loss_total,0.1236635296315497,335393,2622,0.9820067277401048,False
0,D0_R2_RAW_EXACT_REPLAY,20260714,2,validation_early,complete_day_n,107.0,107,2622,0.9820067277401048,False
0,D0_R2_RAW_EXACT_REPLAY,20260714,2,validation_early,mean_rankic,-0.0015508477428764,107,2622,0.9820067277401048,False
0,D0_R2_RAW_EXACT_REPLAY,20260714,2,validation_early,score_coverage,1.0,51932,2622,0.9820067277401048,False
0,D0_R2_RAW_EXACT_REPLAY,20260714,3,train,loss_diff,0.1061909913383211,335393,3933,0.9730066590896956,False
0,D0_R2_RAW_EXACT_REPLAY,20260714,3,train,loss_koop,1.3349248123821213e-06,335393,3933,0.9730066590896956,False
0,D0_R2_RAW_EXACT_REPLAY,20260714,3,train,loss_rec,0.0015017030999223,335393,3933,0.9730066590896956,False
0,D0_R2_RAW_EXACT_REPLAY,20260714,3,train,loss_total,0.107694029370508,335393,3933,0.9730066590896956,False
0,D0_R2_RAW_EXACT_REPLAY,20260714,3,validation_early,complete_day_n,107.0,107,3933,0.9730066590896956,False
0,D0_R2_RAW_EXACT_REPLAY,20260714,3,validation_early,mean_rankic,-0.0022197881627524,107,3933,0.9730066590896956,False
0,D0_R2_RAW_EXACT_REPLAY,20260714,3,validation_early,score_coverage,1.0,51932,3933,0.9730066590896956,False
0,D0_R2_RAW_EXACT_REPLAY,20260714,4,train,loss_diff,0.0970437517835083,335393,5244,0.9640065904392864,False
0,D0_R2_RAW_EXACT_REPLAY,20260714,4,train,loss_koop,4.059701839650443e-07,335393,5244,0.9640065904392864,False
0,D0_R2_RAW_EXACT_REPLAY,20260714,4,train,loss_rec,0.0014981662973013,335393,5244,0.9640065904392864,False
0,D0_R2_RAW_EXACT_REPLAY,20260714,4,train,loss_total,0.0985423240751308,335393,5244,0.9640065904392864,False
0,D0_R2_RAW_EXACT_REPLAY,20260714,4,validation_early,complete_day_n,107.0,107,5244,0.9640065904392864,False
0,D0_R2_RAW_EXACT_REPLAY,20260714,4,validation_early,mean_rankic,-0.0039213624168116,107,5244,0.9640065904392864,False
0,D0_R2_RAW_EXACT_REPLAY,20260714,4,validation_early,score_coverage,1.0,51932,5244,0.9640065904392864,False
0,D0_R2_RAW_EXACT_REPLAY,20260714,5,train,loss_diff,0.0906777120895954,335393,6555,0.9550065217888772,False
0,D0_R2_RAW_EXACT_REPLAY,20260714,5,train,loss_koop,1.5555076992324878e-07,335393,6555,0.9550065217888772,False
0,D0_R2_RAW_EXACT_REPLAY,20260714,5,train,loss_rec,0.0014989684670817,335393,6555,0.9550065217888772,False
0,D0_R2_RAW_EXACT_REPLAY,20260714,5,train,loss_total,0.0921768360392057,335393,6555,0.9550065217888772,False
0,D0_R2_RAW_EXACT_REPLAY,20260714,5,validation_early,complete_day_n,107.0,107,6555,0.9550065217888772,False
0,D0_R2_RAW_EXACT_REPLAY,20260714,5,validation_early,mean_rankic,-0.0027871092745455,107,6555,0.9550065217888772,False
0,D0_R2_RAW_EXACT_REPLAY,20260714,5,validation_early,score_coverage,1.0,51932,6555,0.9550065217888772,False
0,D0_R2_RAW_EXACT_REPLAY,20260714,6,train,loss_diff,0.0857993583562352,335393,7866,0.946006453138468,False
0,D0_R2_RAW_EXACT_REPLAY,20260714,6,train,loss_koop,6.812381707716099e-08,335393,7866,0.946006453138468,False
0,D0_R2_RAW_EXACT_REPLAY,20260714,6,train,loss_rec,0.0014995160156457,335393,7866,0.946006453138468,False
0,D0_R2_RAW_EXACT_REPLAY,20260714,6,train,loss_total,0.087298942500494,335393,7866,0.946006453138468,False
0,D0_R2_RAW_EXACT_REPLAY,20260714,6,validation_early,complete_day_n,107.0,107,7866,0.946006453138468,False
0,D0_R2_RAW_EXACT_REPLAY,20260714,6,validation_early,mean_rankic,0.0013865265314637,107,7866,0.946006453138468,False
0,D0_R2_RAW_EXACT_REPLAY,20260714,6,validation_early,score_coverage,1.0,51932,7866,0.946006453138468,False
0,D0_R2_RAW_EXACT_REPLAY,20260714,7,train,loss_diff,0.0813200169093168,335393,9177,0.9370063844880586,False
0,D0_R2_RAW_EXACT_REPLAY,20260714,7,train,loss_koop,3.4689741045988855e-08,335393,9177,0.9370063844880586,False
0,D0_R2_RAW_EXACT_REPLAY,20260714,7,train,loss_rec,0.0015001967235006,335393,9177,0.9370063844880586,False
0,D0_R2_RAW_EXACT_REPLAY,20260714,7,train,loss_total,0.0828202482997534,335393,9177,0.9370063844880586,False
0,D0_R2_RAW_EXACT_REPLAY,20260714,7,validation_early,complete_day_n,107.0,107,9177,0.9370063844880586,False
0,D0_R2_RAW_EXACT_REPLAY,20260714,7,validation_early,mean_rankic,-0.0054769800095943,107,9177,0.9370063844880586,False
0,D0_R2_RAW_EXACT_REPLAY,20260714,7,validation_early,score_coverage,1.0,51932,9177,0.9370063844880586,False
0,D0_R2_RAW_EXACT_REPLAY,20260714,8,train,loss_diff,0.0771728766413711,335393,10488,0.9280063158376494,False
0,D0_R2_RAW_EXACT_REPLAY,20260714,8,train,loss_koop,1.90209984571318e-08,335393,10488,0.9280063158376494,False
0,D0_R2_RAW_EXACT_REPLAY,20260714,8,train,loss_rec,0.0015001832448418,335393,10488,0.9280063158376494,False
0,D0_R2_RAW_EXACT_REPLAY,20260714,8,train,loss_total,0.0786730789824451,335393,10488,0.9280063158376494,False
0,D0_R2_RAW_EXACT_REPLAY,20260714,8,validation_early,complete_day_n,107.0,107,10488,0.9280063158376494,False
0,D0_R2_RAW_EXACT_REPLAY,20260714,8,validation_early,mean_rankic,0.0068650027455773,107,10488,0.9280063158376494,False
0,D0_R2_RAW_EXACT_REPLAY,20260714,8,validation_early,score_coverage,1.0,51932,10488,0.9280063158376494,False
0,D0_R2_RAW_EXACT_REPLAY,20260714,9,train,loss_diff,0.0736391759250682,335393,11799,0.9190062471872402,False
0,D0_R2_RAW_EXACT_REPLAY,20260714,9,train,loss_koop,1.096650128321531e-08,335393,11799,0.9190062471872402,False
0,D0_R2_RAW_EXACT_REPLAY,20260714,9,train,loss_rec,0.0015004192348168,335393,11799,0.9190062471872402,False
0,D0_R2_RAW_EXACT_REPLAY,20260714,9,train,loss_total,0.0751396061032321,335393,11799,0.9190062471872402,False
0,D0_R2_RAW_EXACT_REPLAY,20260714,9,validation_early,complete_day_n,107.0,107,11799,0.9190062471872402,False
0,D0_R2_RAW_EXACT_REPLAY,20260714,9,validation_early,mean_rankic,-0.0026150416561091,107,11799,0.9190062471872402,False
0,D0_R2_RAW_EXACT_REPLAY,20260714,9,validation_early,score_coverage,1.0,51932,11799,0.9190062471872402,False
0,D0_R2_RAW_EXACT_REPLAY,20260714,10,train,loss_diff,0.0707411140942151,335393,13110,0.910006178536831,False
0,D0_R2_RAW_EXACT_REPLAY,20260714,10,train,loss_koop,7.818966845497415e-09,335393,13110,0.910006178536831,False
0,D0_R2_RAW_EXACT_REPLAY,20260714,10,train,loss_rec,0.0015004140210065,335393,13110,0.910006178536831,False
0,D0_R2_RAW_EXACT_REPLAY,20260714,10,train,loss_total,0.0722415359631867,335393,13110,0.910006178536831,False
0,D0_R2_RAW_EXACT_REPLAY,20260714,10,validation_early,complete_day_n,107.0,107,13110,0.910006178536831,False
0,D0_R2_RAW_EXACT_REPLAY,20260714,10,validation_early,mean_rankic,-0.006769252916063,107,13110,0.910006178536831,False
0,D0_R2_RAW_EXACT_REPLAY,20260714,10,validation_early,score_coverage,1.0,51932,13110,0.910006178536831,False
0,D0_R2_RAW_EXACT_REPLAY,20260714,11,train,loss_diff,0.0682654561237774,335393,14421,0.9010061098864216,False
0,D0_R2_RAW_EXACT_REPLAY,20260714,11,train,loss_koop,5.700866567509115e-09,335393,14421,0.9010061098864216,False
0,D0_R2_RAW_EXACT_REPLAY,20260714,11,train,loss_rec,0.0015003455529208,335393,14421,0.9010061098864216,False
0,D0_R2_RAW_EXACT_REPLAY,20260714,11,train,loss_total,0.0697658074847493,335393,14421,0.9010061098864216,False
0,D0_R2_RAW_EXACT_REPLAY,20260714,11,validation_early,complete_day_n,107.0,107,14421,0.9010061098864216,False
0,D0_R2_RAW_EXACT_REPLAY,20260714,11,validation_early,mean_rankic,-0.0010817396802062,107,14421,0.9010061098864216,False
0,D0_R2_RAW_EXACT_REPLAY,20260714,11,validation_early,score_coverage,1.0,51932,14421,0.9010061098864216,False
0,D0_R2_RAW_EXACT_REPLAY,20260714,12,train,loss_diff,0.0660967054652215,335393,15732,0.8920060412360125,False
0,D0_R2_RAW_EXACT_REPLAY,20260714,12,train,loss_koop,3.4327234809190253e-09,335393,15732,0.8920060412360125,False
0,D0_R2_RAW_EXACT_REPLAY,20260714,12,train,loss_rec,0.0015000893584986,335393,15732,0.8920060412360125,False
0,D0_R2_RAW_EXACT_REPLAY,20260714,12,train,loss_total,0.0675967982599932,335393,15732,0.8920060412360125,False
0,D0_R2_RAW_EXACT_REPLAY,20260714,12,validation_early,complete_day_n,107.0,107,15732,0.8920060412360125,False
0,D0_R2_RAW_EXACT_REPLAY,20260714,12,validation_early,mean_rankic,0.0024429733482359,107,15732,0.8920060412360125,False
0,D0_R2_RAW_EXACT_REPLAY,20260714,12,validation_early,score_coverage,1.0,51932,15732,0.8920060412360125,False
0,D0_R2_RAW_EXACT_REPLAY,20260714,13,train,loss_diff,0.064296453397529,335393,17043,0.8830059725856032,False
0,D0_R2_RAW_EXACT_REPLAY,20260714,13,train,loss_koop,2.540017661994049e-09,335393,17043,0.8830059725856032,False
0,D0_R2_RAW_EXACT_REPLAY,20260714,13,train,loss_rec,0.0015002852681048,335393,17043,0.8830059725856032,False
0,D0_R2_RAW_EXACT_REPLAY,20260714,13,train,loss_total,0.0657967411022352,335393,17043,0.8830059725856032,False
0,D0_R2_RAW_EXACT_REPLAY,20260714,13,validation_early,complete_day_n,107.0,107,17043,0.8830059725856032,False
0,D0_R2_RAW_EXACT_REPLAY,20260714,13,validation_early,mean_rankic,0.0042406806556459,107,17043,0.8830059725856032,False
0,D0_R2_RAW_EXACT_REPLAY,20260714,13,validation_early,score_coverage,1.0,51932,17043,0.8830059725856032,False
0,D0_R2_RAW_EXACT_REPLAY,20260714,14,train,loss_diff,0.0624380742244533,335393,18354,0.874005903935194,False
0,D0_R2_RAW_EXACT_REPLAY,20260714,14,train,loss_koop,1.965070402461373e-09,335393,18354,0.874005903935194,False
0,D0_R2_RAW_EXACT_REPLAY,20260714,14,train,loss_rec,0.0015001133688862,335393,18354,0.874005903935194,False
0,D0_R2_RAW_EXACT_REPLAY,20260714,14,train,loss_total,0.0639381896014309,335393,18354,0.874005903935194,False
0,D0_R2_RAW_EXACT_REPLAY,20260714,14,validation_early,complete_day_n,107.0,107,18354,0.874005903935194,False
0,D0_R2_RAW_EXACT_REPLAY,20260714,14,validation_early,mean_rankic,6.236334718264257e-05,107,18354,0.874005903935194,False
0,D0_R2_RAW_EXACT_REPLAY,20260714,14,validation_early,score_coverage,1.0,51932,18354,0.874005903935194,False
0,D0_R2_RAW_EXACT_REPLAY,20260714,15,train,loss_diff,0.0608179813720941,335393,19665,0.8650058352847847,False
0,D0_R2_RAW_EXACT_REPLAY,20260714,15,train,loss_koop,1.0259568602812099e-09,335393,19665,0.8650058352847847,False
0,D0_R2_RAW_EXACT_REPLAY,20260714,15,train,loss_rec,0.0015000781374355,335393,19665,0.8650058352847847,False
0,D0_R2_RAW_EXACT_REPLAY,20260714,15,train,loss_total,0.0623180604683408,335393,19665,0.8650058352847847,False
0,D0_R2_RAW_EXACT_REPLAY,20260714,15,validation_early,complete_day_n,107.0,107,19665,0.8650058352847847,False
0,D0_R2_RAW_EXACT_REPLAY,20260714,15,validation_early,mean_rankic,0.0010557880631195,107,19665,0.8650058352847847,False
0,D0_R2_RAW_EXACT_REPLAY,20260714,15,validation_early,score_coverage,1.0,51932,19665,0.8650058352847847,False
0,D0_R2_RAW_EXACT_REPLAY,20260714,16,train,loss_diff,0.0594511771410112,335393,20976,0.8560057666343756,True
0,D0_R2_RAW_EXACT_REPLAY,20260714,16,train,loss_koop,8.604232985972431e-10,335393,20976,0.8560057666343756,True
0,D0_R2_RAW_EXACT_REPLAY,20260714,16,train,loss_rec,0.0015001081469249,335393,20976,0.8560057666343756,True
0,D0_R2_RAW_EXACT_REPLAY,20260714,16,train,loss_total,0.0609512861664139,335393,20976,0.8560057666343756,True
0,D0_R2_RAW_EXACT_REPLAY,20260714,16,validation_early,complete_day_n,107.0,107,20976,0.8560057666343756,True
0,D0_R2_RAW_EXACT_REPLAY,20260714,16,validation_early,mean_rankic,0.0098294041925329,107,20976,0.8560057666343756,True
0,D0_R2_RAW_EXACT_REPLAY,20260714,16,validation_early,score_coverage,1.0,51932,20976,0.8560057666343756,True
0,D0_R2_RAW_EXACT_REPLAY,20260714,17,train,loss_diff,0.057932782292444,335393,22287,0.8470056979839663,False
0,D0_R2_RAW_EXACT_REPLAY,20260714,17,train,loss_koop,6.110541366509465e-10,335393,22287,0.8470056979839663,False
0,D0_R2_RAW_EXACT_REPLAY,20260714,17,train,loss_rec,0.0015001646127027,335393,22287,0.8470056979839663,False
0,D0_R2_RAW_EXACT_REPLAY,20260714,17,train,loss_total,0.0594329475047829,335393,22287,0.8470056979839663,False
0,D0_R2_RAW_EXACT_REPLAY,20260714,17,validation_early,complete_day_n,107.0,107,22287,0.8470056979839663,False
0,D0_R2_RAW_EXACT_REPLAY,20260714,17,validation_early,mean_rankic,0.004605368455704,107,22287,0.8470056979839663,False
0,D0_R2_RAW_EXACT_REPLAY,20260714,17,validation_early,score_coverage,1.0,51932,22287,0.8470056979839663,False
0,D0_R2_RAW_EXACT_REPLAY,20260714,18,train,loss_diff,0.0568721934670775,335393,23598,0.8380056293335572,False
0,D0_R2_RAW_EXACT_REPLAY,20260714,18,train,loss_koop,5.97462812539896e-10,335393,23598,0.8380056293335572,False
0,D0_R2_RAW_EXACT_REPLAY,20260714,18,train,loss_rec,0.0015002753256509,335393,23598,0.8380056293335572,False
0,D0_R2_RAW_EXACT_REPLAY,20260714,18,train,loss_total,0.0583724694271111,335393,23598,0.8380056293335572,False
0,D0_R2_RAW_EXACT_REPLAY,20260714,18,validation_early,complete_day_n,107.0,107,23598,0.8380056293335572,False
0,D0_R2_RAW_EXACT_REPLAY,20260714,18,validation_early,mean_rankic,-0.0051320321624212,107,23598,0.8380056293335572,False
0,D0_R2_RAW_EXACT_REPLAY,20260714,18,validation_early,score_coverage,1.0,51932,23598,0.8380056293335572,False
0,D0_R2_RAW_EXACT_REPLAY,20260714,19,train,loss_diff,0.055773988838529,335393,24909,0.8290055606831479,False
0,D0_R2_RAW_EXACT_REPLAY,20260714,19,train,loss_koop,3.7515035699349036e-10,335393,24909,0.8290055606831479,False
0,D0_R2_RAW_EXACT_REPLAY,20260714,19,train,loss_rec,0.0014999718799654,335393,24909,0.8290055606831479,False
0,D0_R2_RAW_EXACT_REPLAY,20260714,19,train,loss_total,0.0572739611244863,335393,24909,0.8290055606831479,False
0,D0_R2_RAW_EXACT_REPLAY,20260714,19,validation_early,complete_day_n,107.0,107,24909,0.8290055606831479,False
0,D0_R2_RAW_EXACT_REPLAY,20260714,19,validation_early,mean_rankic,-0.0121103322202365,107,24909,0.8290055606831479,False
0,D0_R2_RAW_EXACT_REPLAY,20260714,19,validation_early,score_coverage,1.0,51932,24909,0.8290055606831479,False
0,D0_R2_RAW_EXACT_REPLAY,20260714,20,train,loss_diff,0.0545015732918327,335393,26220,0.8200054920327386,False
0,D0_R2_RAW_EXACT_REPLAY,20260714,20,train,loss_koop,3.1588142459553385e-10,335393,26220,0.8200054920327386,False
0,D0_R2_RAW_EXACT_REPLAY,20260714,20,train,loss_rec,0.0015001258816626,335393,26220,0.8200054920327386,False
0,D0_R2_RAW_EXACT_REPLAY,20260714,20,train,loss_total,0.0560016995052106,335393,26220,0.8200054920327386,False
0,D0_R2_RAW_EXACT_REPLAY,20260714,20,validation_early,complete_day_n,107.0,107,26220,0.8200054920327386,False
0,D0_R2_RAW_EXACT_REPLAY,20260714,20,validation_early,mean_rankic,-0.0012066436055039,107,26220,0.8200054920327386,False
0,D0_R2_RAW_EXACT_REPLAY,20260714,20,validation_early,score_coverage,1.0,51932,26220,0.8200054920327386,False
0,D0_R2_RAW_EXACT_REPLAY,20260714,21,train,loss_diff,0.0535570189175045,335393,27531,0.8110054233823294,False
0,D0_R2_RAW_EXACT_REPLAY,20260714,21,train,loss_koop,1.6731167387771832e-10,335393,27531,0.8110054233823294,False
0,D0_R2_RAW_EXACT_REPLAY,20260714,21,train,loss_rec,0.0014998789955473,335393,27531,0.8110054233823294,False
0,D0_R2_RAW_EXACT_REPLAY,20260714,21,train,loss_total,0.0550568981167773,335393,27531,0.8110054233823294,False
0,D0_R2_RAW_EXACT_REPLAY,20260714,21,validation_early,complete_day_n,107.0,107,27531,0.8110054233823294,False
0,D0_R2_RAW_EXACT_REPLAY,20260714,21,validation_early,mean_rankic,-0.0006435383240586,107,27531,0.8110054233823294,False
0,D0_R2_RAW_EXACT_REPLAY,20260714,21,validation_early,score_coverage,1.0,51932,27531,0.8110054233823294,False
0,D0_R2_RAW_EXACT_REPLAY,20260714,22,train,loss_diff,0.0526188588338495,335393,28842,0.8020053547319201,False
0,D0_R2_RAW_EXACT_REPLAY,20260714,22,train,loss_koop,2.0799916930835679e-10,335393,28842,0.8020053547319201,False
0,D0_R2_RAW_EXACT_REPLAY,20260714,22,train,loss_rec,0.0015000303678856,335393,28842,0.8020053547319201,False
0,D0_R2_RAW_EXACT_REPLAY,20260714,22,train,loss_total,0.0541188894001577,335393,28842,0.8020053547319201,False
0,D0_R2_RAW_EXACT_REPLAY,20260714,22,validation_early,complete_day_n,107.0,107,28842,0.8020053547319201,False
0,D0_R2_RAW_EXACT_REPLAY,20260714,22,validation_early,mean_rankic,0.0030322435175634,107,28842,0.8020053547319201,False
0,D0_R2_RAW_EXACT_REPLAY,20260714,22,validation_early,score_coverage,1.0,51932,28842,0.8020053547319201,False
0,D0_R2_RAW_EXACT_REPLAY,20260714,23,train,loss_diff,0.0518206121859122,335393,30153,0.7930052860815109,False
0,D0_R2_RAW_EXACT_REPLAY,20260714,23,train,loss_koop,1.482659665645264e-10,335393,30153,0.7930052860815109,False
0,D0_R2_RAW_EXACT_REPLAY,20260714,23,train,loss_rec,0.0015002859975124,335393,30153,0.7930052860815109,False
0,D0_R2_RAW_EXACT_REPLAY,20260714,23,train,loss_total,0.0533208983063151,335393,30153,0.7930052860815109,False
0,D0_R2_RAW_EXACT_REPLAY,20260714,23,validation_early,complete_day_n,107.0,107,30153,0.7930052860815109,False
0,D0_R2_RAW_EXACT_REPLAY,20260714,23,validation_early,mean_rankic,-0.0058065552885304,107,30153,0.7930052860815109,False
0,D0_R2_RAW_EXACT_REPLAY,20260714,23,validation_early,score_coverage,1.0,51932,30153,0.7930052860815109,False
0,D0_R2_RAW_EXACT_REPLAY,20260714,24,train,loss_diff,0.0510470626209307,335393,31464,0.7840052174311016,False
0,D0_R2_RAW_EXACT_REPLAY,20260714,24,train,loss_koop,1.6284104192999092e-10,335393,31464,0.7840052174311016,False
0,D0_R2_RAW_EXACT_REPLAY,20260714,24,train,loss_rec,0.0015000528659774,335393,31464,0.7840052174311016,False
0,D0_R2_RAW_EXACT_REPLAY,20260714,24,train,loss_total,0.0525471156364244,335393,31464,0.7840052174311016,False
0,D0_R2_RAW_EXACT_REPLAY,20260714,24,validation_early,complete_day_n,107.0,107,31464,0.7840052174311016,False
0,D0_R2_RAW_EXACT_REPLAY,20260714,24,validation_early,mean_rankic,-0.0049854014236776,107,31464,0.7840052174311016,False
0,D0_R2_RAW_EXACT_REPLAY,20260714,24,validation_early,score_coverage,1.0,51932,31464,0.7840052174311016,False
0,D0_R2_RAW_EXACT_REPLAY,20260714,25,train,loss_diff,0.0502750178584269,335393,32775,0.7750051487806924,False
0,D0_R2_RAW_EXACT_REPLAY,20260714,25,train,loss_koop,1.1749624118625251e-10,335393,32775,0.7750051487806924,False
0,D0_R2_RAW_EXACT_REPLAY,20260714,25,train,loss_rec,0.0015001119176625,335393,32775,0.7750051487806924,False
0,D0_R2_RAW_EXACT_REPLAY,20260714,25,train,loss_total,0.0517751299114631,335393,32775,0.7750051487806924,False
0,D0_R2_RAW_EXACT_REPLAY,20260714,25,validation_early,complete_day_n,107.0,107,32775,0.7750051487806924,False
0,D0_R2_RAW_EXACT_REPLAY,20260714,25,validation_early,mean_rankic,0.0012121980558713,107,32775,0.7750051487806924,False
0,D0_R2_RAW_EXACT_REPLAY,20260714,25,validation_early,score_coverage,1.0,51932,32775,0.7750051487806924,False
0,D0_R2_RAW_EXACT_REPLAY,20260714,26,train,loss_diff,0.0492862121402512,335393,34086,0.7660050801302832,False
0,D0_R2_RAW_EXACT_REPLAY,20260714,26,train,loss_koop,7.286667867353074e-11,335393,34086,0.7660050801302832,False
0,D0_R2_RAW_EXACT_REPLAY,20260714,26,train,loss_rec,0.0014998482795146,335393,34086,0.7660050801302832,False
0,D0_R2_RAW_EXACT_REPLAY,20260714,26,train,loss_total,0.0507860605426706,335393,34086,0.7660050801302832,False
0,D0_R2_RAW_EXACT_REPLAY,20260714,26,validation_early,complete_day_n,107.0,107,34086,0.7660050801302832,False
0,D0_R2_RAW_EXACT_REPLAY,20260714,26,validation_early,mean_rankic,-0.0055465900450238,107,34086,0.7660050801302832,False
0,D0_R2_RAW_EXACT_REPLAY,20260714,26,validation_early,score_coverage,1.0,51932,34086,0.7660050801302832,False
0,D0_R2_RAW_EXACT_REPLAY,20260715,1,train,loss_diff,0.2528692344244216,335393,1311,0.991006796390514,False
0,D0_R2_RAW_EXACT_REPLAY,20260715,1,train,loss_koop,0.0004412327067241,335393,1311,0.991006796390514,False
0,D0_R2_RAW_EXACT_REPLAY,20260715,1,train,loss_rec,0.0098446841277413,335393,1311,0.991006796390514,False
0,D0_R2_RAW_EXACT_REPLAY,20260715,1,train,loss_total,0.2631551512683663,335393,1311,0.991006796390514,False
0,D0_R2_RAW_EXACT_REPLAY,20260715,1,validation_early,complete_day_n,107.0,107,1311,0.991006796390514,False
0,D0_R2_RAW_EXACT_REPLAY,20260715,1,validation_early,mean_rankic,0.0025109215578664,107,1311,0.991006796390514,False
0,D0_R2_RAW_EXACT_REPLAY,20260715,1,validation_early,score_coverage,1.0,51932,1311,0.991006796390514,False
0,D0_R2_RAW_EXACT_REPLAY,20260715,2,train,loss_diff,0.1215165010812339,335393,2622,0.9820067277401048,False
0,D0_R2_RAW_EXACT_REPLAY,20260715,2,train,loss_koop,6.913159060251427e-06,335393,2622,0.9820067277401048,False
0,D0_R2_RAW_EXACT_REPLAY,20260715,2,train,loss_rec,0.0016711517153246,335393,2622,0.9820067277401048,False
0,D0_R2_RAW_EXACT_REPLAY,20260715,2,train,loss_total,0.1231945659256912,335393,2622,0.9820067277401048,False
0,D0_R2_RAW_EXACT_REPLAY,20260715,2,validation_early,complete_day_n,107.0,107,2622,0.9820067277401048,False
0,D0_R2_RAW_EXACT_REPLAY,20260715,2,validation_early,mean_rankic,0.0046573438238606,107,2622,0.9820067277401048,False
0,D0_R2_RAW_EXACT_REPLAY,20260715,2,validation_early,score_coverage,1.0,51932,2622,0.9820067277401048,False
0,D0_R2_RAW_EXACT_REPLAY,20260715,3,train,loss_diff,0.1060939102401991,335393,3933,0.9730066590896956,True
0,D0_R2_RAW_EXACT_REPLAY,20260715,3,train,loss_koop,1.3584900134014602e-06,335393,3933,0.9730066590896956,True
0,D0_R2_RAW_EXACT_REPLAY,20260715,3,train,loss_rec,0.0015009378530787,335393,3933,0.9730066590896956,True
0,D0_R2_RAW_EXACT_REPLAY,20260715,3,train,loss_total,0.1075962067189491,335393,3933,0.9730066590896956,True
0,D0_R2_RAW_EXACT_REPLAY,20260715,3,validation_early,complete_day_n,107.0,107,3933,0.9730066590896956,True
0,D0_R2_RAW_EXACT_REPLAY,20260715,3,validation_early,mean_rankic,0.0080257327394926,107,3933,0.9730066590896956,True
0,D0_R2_RAW_EXACT_REPLAY,20260715,3,validation_early,score_coverage,1.0,51932,3933,0.9730066590896956,True
0,D0_R2_RAW_EXACT_REPLAY,20260715,4,train,loss_diff,0.0968647981387057,335393,5244,0.9640065904392864,False
0,D0_R2_RAW_EXACT_REPLAY,20260715,4,train,loss_koop,4.381985733715815e-07,335393,5244,0.9640065904392864,False
0,D0_R2_RAW_EXACT_REPLAY,20260715,4,train,loss_rec,0.0014981010405817,335393,5244,0.9640065904392864,False
0,D0_R2_RAW_EXACT_REPLAY,20260715,4,train,loss_total,0.0983633374109717,335393,5244,0.9640065904392864,False
0,D0_R2_RAW_EXACT_REPLAY,20260715,4,validation_early,complete_day_n,107.0,107,5244,0.9640065904392864,False
0,D0_R2_RAW_EXACT_REPLAY,20260715,4,validation_early,mean_rankic,-0.0045255258847225,107,5244,0.9640065904392864,False
0,D0_R2_RAW_EXACT_REPLAY,20260715,4,validation_early,score_coverage,1.0,51932,5244,0.9640065904392864,False
0,D0_R2_RAW_EXACT_REPLAY,20260715,5,train,loss_diff,0.0899892055417408,335393,6555,0.9550065217888772,False
0,D0_R2_RAW_EXACT_REPLAY,20260715,5,train,loss_koop,1.7805399522807966e-07,335393,6555,0.9550065217888772,False
0,D0_R2_RAW_EXACT_REPLAY,20260715,5,train,loss_rec,0.0014989130341123,335393,6555,0.9550065217888772,False
0,D0_R2_RAW_EXACT_REPLAY,20260715,5,train,loss_total,0.0914882966368038,335393,6555,0.9550065217888772,False
0,D0_R2_RAW_EXACT_REPLAY,20260715,5,validation_early,complete_day_n,107.0,107,6555,0.9550065217888772,False
0,D0_R2_RAW_EXACT_REPLAY,20260715,5,validation_early,mean_rankic,-0.0024774248717551,107,6555,0.9550065217888772,False
0,D0_R2_RAW_EXACT_REPLAY,20260715,5,validation_early,score_coverage,1.0,51932,6555,0.9550065217888772,False
0,D0_R2_RAW_EXACT_REPLAY,20260715,6,train,loss_diff,0.0843533239663678,335393,7866,0.946006453138468,False
0,D0_R2_RAW_EXACT_REPLAY,20260715,6,train,loss_koop,8.159457507176394e-08,335393,7866,0.946006453138468,False
0,D0_R2_RAW_EXACT_REPLAY,20260715,6,train,loss_rec,0.0014995080196073,335393,7866,0.946006453138468,False
0,D0_R2_RAW_EXACT_REPLAY,20260715,6,train,loss_total,0.0858529135854515,335393,7866,0.946006453138468,False
0,D0_R2_RAW_EXACT_REPLAY,20260715,6,validation_early,complete_day_n,107.0,107,7866,0.946006453138468,False
0,D0_R2_RAW_EXACT_REPLAY,20260715,6,validation_early,mean_rankic,-0.0052600682261248,107,7866,0.946006453138468,False
0,D0_R2_RAW_EXACT_REPLAY,20260715,6,validation_early,score_coverage,1.0,51932,7866,0.946006453138468,False
0,D0_R2_RAW_EXACT_REPLAY,20260715,7,train,loss_diff,0.0797574947977934,335393,9177,0.9370063844880586,False
0,D0_R2_RAW_EXACT_REPLAY,20260715,7,train,loss_koop,4.10825832716015e-08,335393,9177,0.9370063844880586,False
0,D0_R2_RAW_EXACT_REPLAY,20260715,7,train,loss_rec,0.0015001713980805,335393,9177,0.9370063844880586,False
0,D0_R2_RAW_EXACT_REPLAY,20260715,7,train,loss_total,0.0812577072581622,335393,9177,0.9370063844880586,False
0,D0_R2_RAW_EXACT_REPLAY,20260715,7,validation_early,complete_day_n,107.0,107,9177,0.9370063844880586,False
0,D0_R2_RAW_EXACT_REPLAY,20260715,7,validation_early,mean_rankic,-0.0029534790484531,107,9177,0.9370063844880586,False
0,D0_R2_RAW_EXACT_REPLAY,20260715,7,validation_early,score_coverage,1.0,51932,9177,0.9370063844880586,False
0,D0_R2_RAW_EXACT_REPLAY,20260715,8,train,loss_diff,0.0760954593457804,335393,10488,0.9280063158376494,False
0,D0_R2_RAW_EXACT_REPLAY,20260715,8,train,loss_koop,2.1939934482505372e-08,335393,10488,0.9280063158376494,False
0,D0_R2_RAW_EXACT_REPLAY,20260715,8,train,loss_rec,0.0015002043051685,335393,10488,0.9280063158376494,False
0,D0_R2_RAW_EXACT_REPLAY,20260715,8,train,loss_total,0.0775956854996869,335393,10488,0.9280063158376494,False
0,D0_R2_RAW_EXACT_REPLAY,20260715,8,validation_early,complete_day_n,107.0,107,10488,0.9280063158376494,False
0,D0_R2_RAW_EXACT_REPLAY,20260715,8,validation_early,mean_rankic,0.0037417904277735,107,10488,0.9280063158376494,False
0,D0_R2_RAW_EXACT_REPLAY,20260715,8,validation_early,score_coverage,1.0,51932,10488,0.9280063158376494,False
0,D0_R2_RAW_EXACT_REPLAY,20260715,9,train,loss_diff,0.0729303148429319,335393,11799,0.9190062471872402,False
0,D0_R2_RAW_EXACT_REPLAY,20260715,9,train,loss_koop,1.2801140849886772e-08,335393,11799,0.9190062471872402,False
0,D0_R2_RAW_EXACT_REPLAY,20260715,9,train,loss_rec,0.0015002493422018,335393,11799,0.9190062471872402,False
0,D0_R2_RAW_EXACT_REPLAY,20260715,9,train,loss_total,0.0744305769283354,335393,11799,0.9190062471872402,False
0,D0_R2_RAW_EXACT_REPLAY,20260715,9,validation_early,complete_day_n,107.0,107,11799,0.9190062471872402,False
0,D0_R2_RAW_EXACT_REPLAY,20260715,9,validation_early,mean_rankic,-0.004271995694151,107,11799,0.9190062471872402,False
0,D0_R2_RAW_EXACT_REPLAY,20260715,9,validation_early,score_coverage,1.0,51932,11799,0.9190062471872402,False
0,D0_R2_RAW_EXACT_REPLAY,20260715,10,train,loss_diff,0.0699547790878925,335393,13110,0.910006178536831,False
0,D0_R2_RAW_EXACT_REPLAY,20260715,10,train,loss_koop,9.067408926555451e-09,335393,13110,0.910006178536831,False
0,D0_R2_RAW_EXACT_REPLAY,20260715,10,train,loss_rec,0.0015004033866343,335393,13110,0.910006178536831,False
0,D0_R2_RAW_EXACT_REPLAY,20260715,10,train,loss_total,0.0714551914737031,335393,13110,0.910006178536831,False
0,D0_R2_RAW_EXACT_REPLAY,20260715,10,validation_early,complete_day_n,107.0,107,13110,0.910006178536831,False
0,D0_R2_RAW_EXACT_REPLAY,20260715,10,validation_early,mean_rankic,0.0035344058953815,107,13110,0.910006178536831,False
0,D0_R2_RAW_EXACT_REPLAY,20260715,10,validation_early,score_coverage,1.0,51932,13110,0.910006178536831,False
0,D0_R2_RAW_EXACT_REPLAY,20260715,11,train,loss_diff,0.067342059388234,335393,14421,0.9010061098864216,False
0,D0_R2_RAW_EXACT_REPLAY,20260715,11,train,loss_koop,5.348320457348345e-09,335393,14421,0.9010061098864216,False
0,D0_R2_RAW_EXACT_REPLAY,20260715,11,train,loss_rec,0.0015002327606,335393,14421,0.9010061098864216,False
0,D0_R2_RAW_EXACT_REPLAY,20260715,11,train,loss_total,0.0688422975005053,335393,14421,0.9010061098864216,False
0,D0_R2_RAW_EXACT_REPLAY,20260715,11,validation_early,complete_day_n,107.0,107,14421,0.9010061098864216,False
0,D0_R2_RAW_EXACT_REPLAY,20260715,11,validation_early,mean_rankic,0.000911260515796,107,14421,0.9010061098864216,False
0,D0_R2_RAW_EXACT_REPLAY,20260715,11,validation_early,score_coverage,1.0,51932,14421,0.9010061098864216,False
0,D0_R2_RAW_EXACT_REPLAY,20260715,12,train,loss_diff,0.065144130687463,335393,15732,0.8920060412360125,False
0,D0_R2_RAW_EXACT_REPLAY,20260715,12,train,loss_koop,3.498080512954004e-09,335393,15732,0.8920060412360125,False
0,D0_R2_RAW_EXACT_REPLAY,20260715,12,train,loss_rec,0.001500343063035,335393,15732,0.8920060412360125,False
0,D0_R2_RAW_EXACT_REPLAY,20260715,12,train,loss_total,0.06664447721432,335393,15732,0.8920060412360125,False
0,D0_R2_RAW_EXACT_REPLAY,20260715,12,validation_early,complete_day_n,107.0,107,15732,0.8920060412360125,False
0,D0_R2_RAW_EXACT_REPLAY,20260715,12,validation_early,mean_rankic,0.0055385450301238,107,15732,0.8920060412360125,False
0,D0_R2_RAW_EXACT_REPLAY,20260715,12,validation_early,score_coverage,1.0,51932,15732,0.8920060412360125,False
0,D0_R2_RAW_EXACT_REPLAY,20260715,13,train,loss_diff,0.0632976998372377,335393,17043,0.8830059725856032,False
0,D0_R2_RAW_EXACT_REPLAY,20260715,13,train,loss_koop,2.2177159368319046e-09,335393,17043,0.8830059725856032,False
0,D0_R2_RAW_EXACT_REPLAY,20260715,13,train,loss_rec,0.0015001346250748,335393,17043,0.8830059725856032,False
0,D0_R2_RAW_EXACT_REPLAY,20260715,13,train,loss_total,0.0647978368241156,335393,17043,0.8830059725856032,False
0,D0_R2_RAW_EXACT_REPLAY,20260715,13,validation_early,complete_day_n,107.0,107,17043,0.8830059725856032,False
0,D0_R2_RAW_EXACT_REPLAY,20260715,13,validation_early,mean_rankic,0.0058719270492654,107,17043,0.8830059725856032,False
0,D0_R2_RAW_EXACT_REPLAY,20260715,13,validation_early,score_coverage,1.0,51932,17043,0.8830059725856032,False
1,D1_R2_RETURN_PATH_CSZ_ONLY,20260713,1,train,loss_diff,0.3480131815004644,335393,1311,0.991006796390514,False
1,D1_R2_RETURN_PATH_CSZ_ONLY,20260713,1,train,loss_koop,0.0200229473321457,335393,1311,0.991006796390514,False
1,D1_R2_RETURN_PATH_CSZ_ONLY,20260713,1,train,loss_rec,0.1829363061242795,335393,1311,0.991006796390514,False
1,D1_R2_RETURN_PATH_CSZ_ONLY,20260713,1,train,loss_total,0.5509724343361116,335393,1311,0.991006796390514,False
1,D1_R2_RETURN_PATH_CSZ_ONLY,20260713,1,validation_early,complete_day_n,107.0,107,1311,0.991006796390514,False
1,D1_R2_RETURN_PATH_CSZ_ONLY,20260713,1,validation_early,mean_rankic,-0.0042910065197145,107,1311,0.991006796390514,False
1,D1_R2_RETURN_PATH_CSZ_ONLY,20260713,1,validation_early,score_coverage,1.0,51932,1311,0.991006796390514,False
1,D1_R2_RETURN_PATH_CSZ_ONLY,20260713,2,train,loss_diff,0.1612800734278943,335393,2622,0.9820067277401048,False
1,D1_R2_RETURN_PATH_CSZ_ONLY,20260713,2,train,loss_koop,0.0280744463781814,335393,2622,0.9820067277401048,False
1,D1_R2_RETURN_PATH_CSZ_ONLY,20260713,2,train,loss_rec,0.0624063625424783,335393,2622,0.9820067277401048,False
1,D1_R2_RETURN_PATH_CSZ_ONLY,20260713,2,train,loss_total,0.2517608827375573,335393,2622,0.9820067277401048,False
1,D1_R2_RETURN_PATH_CSZ_ONLY,20260713,2,validation_early,complete_day_n,107.0,107,2622,0.9820067277401048,False
1,D1_R2_RETURN_PATH_CSZ_ONLY,20260713,2,validation_early,mean_rankic,0.0005672549532176,107,2622,0.9820067277401048,False
1,D1_R2_RETURN_PATH_CSZ_ONLY,20260713,2,validation_early,score_coverage,1.0,51932,2622,0.9820067277401048,False
1,D1_R2_RETURN_PATH_CSZ_ONLY,20260713,3,train,loss_diff,0.1411714005598782,335393,3933,0.9730066590896956,False
1,D1_R2_RETURN_PATH_CSZ_ONLY,20260713,3,train,loss_koop,0.0299156446553229,335393,3933,0.9730066590896956,False
1,D1_R2_RETURN_PATH_CSZ_ONLY,20260713,3,train,loss_rec,0.0556798297105219,335393,3933,0.9730066590896956,False
1,D1_R2_RETURN_PATH_CSZ_ONLY,20260713,3,train,loss_total,0.2267668749641097,335393,3933,0.9730066590896956,False
1,D1_R2_RETURN_PATH_CSZ_ONLY,20260713,3,validation_early,complete_day_n,107.0,107,3933,0.9730066590896956,False
1,D1_R2_RETURN_PATH_CSZ_ONLY,20260713,3,validation_early,mean_rankic,0.0023558810338506,107,3933,0.9730066590896956,False
1,D1_R2_RETURN_PATH_CSZ_ONLY,20260713,3,validation_early,score_coverage,1.0,51932,3933,0.9730066590896956,False
1,D1_R2_RETURN_PATH_CSZ_ONLY,20260713,4,train,loss_diff,0.1300207801278689,335393,5244,0.9640065904392864,False
1,D1_R2_RETURN_PATH_CSZ_ONLY,20260713,4,train,loss_koop,0.0305570999987881,335393,5244,0.9640065904392864,False
1,D1_R2_RETURN_PATH_CSZ_ONLY,20260713,4,train,loss_rec,0.0528436714419809,335393,5244,0.9640065904392864,False
1,D1_R2_RETURN_PATH_CSZ_ONLY,20260713,4,train,loss_total,0.2134215515855155,335393,5244,0.9640065904392864,False
1,D1_R2_RETURN_PATH_CSZ_ONLY,20260713,4,validation_early,complete_day_n,107.0,107,5244,0.9640065904392864,False
1,D1_R2_RETURN_PATH_CSZ_ONLY,20260713,4,validation_early,mean_rankic,0.0034827719866988,107,5244,0.9640065904392864,False
1,D1_R2_RETURN_PATH_CSZ_ONLY,20260713,4,validation_early,score_coverage,1.0,51932,5244,0.9640065904392864,False
1,D1_R2_RETURN_PATH_CSZ_ONLY,20260713,5,train,loss_diff,0.1228558279424791,335393,6555,0.9550065217888772,False
1,D1_R2_RETURN_PATH_CSZ_ONLY,20260713,5,train,loss_koop,0.0309487202563835,335393,6555,0.9550065217888772,False
1,D1_R2_RETURN_PATH_CSZ_ONLY,20260713,5,train,loss_rec,0.0514325801216333,335393,6555,0.9550065217888772,False
1,D1_R2_RETURN_PATH_CSZ_ONLY,20260713,5,train,loss_total,0.2052371285000001,335393,6555,0.9550065217888772,False
1,D1_R2_RETURN_PATH_CSZ_ONLY,20260713,5,validation_early,complete_day_n,107.0,107,6555,0.9550065217888772,False
1,D1_R2_RETURN_PATH_CSZ_ONLY,20260713,5,validation_early,mean_rankic,0.0074232687938772,107,6555,0.9550065217888772,False
1,D1_R2_RETURN_PATH_CSZ_ONLY,20260713,5,validation_early,score_coverage,1.0,51932,6555,0.9550065217888772,False
1,D1_R2_RETURN_PATH_CSZ_ONLY,20260713,6,train,loss_diff,0.1168742745501877,335393,7866,0.946006453138468,False
1,D1_R2_RETURN_PATH_CSZ_ONLY,20260713,6,train,loss_koop,0.0310095493657701,335393,7866,0.946006453138468,False
1,D1_R2_RETURN_PATH_CSZ_ONLY,20260713,6,train,loss_rec,0.0505533463303746,335393,7866,0.946006453138468,False
1,D1_R2_RETURN_PATH_CSZ_ONLY,20260713,6,train,loss_total,0.198437170246699,335393,7866,0.946006453138468,False
1,D1_R2_RETURN_PATH_CSZ_ONLY,20260713,6,validation_early,complete_day_n,107.0,107,7866,0.946006453138468,False
1,D1_R2_RETURN_PATH_CSZ_ONLY,20260713,6,validation_early,mean_rankic,0.0094565110250986,107,7866,0.946006453138468,False
1,D1_R2_RETURN_PATH_CSZ_ONLY,20260713,6,validation_early,score_coverage,1.0,51932,7866,0.946006453138468,False
1,D1_R2_RETURN_PATH_CSZ_ONLY,20260713,7,train,loss_diff,0.1126471438568105,335393,9177,0.9370063844880586,False
1,D1_R2_RETURN_PATH_CSZ_ONLY,20260713,7,train,loss_koop,0.0304576256361898,335393,9177,0.9370063844880586,False
1,D1_R2_RETURN_PATH_CSZ_ONLY,20260713,7,train,loss_rec,0.0501727278957511,335393,9177,0.9370063844880586,False
1,D1_R2_RETURN_PATH_CSZ_ONLY,20260713,7,train,loss_total,0.1932774973880184,335393,9177,0.9370063844880586,False
1,D1_R2_RETURN_PATH_CSZ_ONLY,20260713,7,validation_early,complete_day_n,107.0,107,9177,0.9370063844880586,False
1,D1_R2_RETURN_PATH_CSZ_ONLY,20260713,7,validation_early,mean_rankic,0.0078288256609948,107,9177,0.9370063844880586,False
1,D1_R2_RETURN_PATH_CSZ_ONLY,20260713,7,validation_early,score_coverage,1.0,51932,9177,0.9370063844880586,False
1,D1_R2_RETURN_PATH_CSZ_ONLY,20260713,8,train,loss_diff,0.10933827123353,335393,10488,0.9280063158376494,False
1,D1_R2_RETURN_PATH_CSZ_ONLY,20260713,8,train,loss_koop,0.0293897623403977,335393,10488,0.9280063158376494,False
1,D1_R2_RETURN_PATH_CSZ_ONLY,20260713,8,train,loss_rec,0.049624209940482,335393,10488,0.9280063158376494,False
1,D1_R2_RETURN_PATH_CSZ_ONLY,20260713,8,train,loss_total,0.188352243526289,335393,10488,0.9280063158376494,False
1,D1_R2_RETURN_PATH_CSZ_ONLY,20260713,8,validation_early,complete_day_n,107.0,107,10488,0.9280063158376494,False
1,D1_R2_RETURN_PATH_CSZ_ONLY,20260713,8,validation_early,mean_rankic,0.006688444721565,107,10488,0.9280063158376494,False
1,D1_R2_RETURN_PATH_CSZ_ONLY,20260713,8,validation_early,score_coverage,1.0,51932,10488,0.9280063158376494,False
1,D1_R2_RETURN_PATH_CSZ_ONLY,20260713,9,train,loss_diff,0.1062734152699956,335393,11799,0.9190062471872402,False
1,D1_R2_RETURN_PATH_CSZ_ONLY,20260713,9,train,loss_koop,0.0287681319052186,335393,11799,0.9190062471872402,False
1,D1_R2_RETURN_PATH_CSZ_ONLY,20260713,9,train,loss_rec,0.0491441678148022,335393,11799,0.9190062471872402,False
1,D1_R2_RETURN_PATH_CSZ_ONLY,20260713,9,train,loss_total,0.1841857149983636,335393,11799,0.9190062471872402,False
1,D1_R2_RETURN_PATH_CSZ_ONLY,20260713,9,validation_early,complete_day_n,107.0,107,11799,0.9190062471872402,False
1,D1_R2_RETURN_PATH_CSZ_ONLY,20260713,9,validation_early,mean_rankic,0.0099162312847537,107,11799,0.9190062471872402,False
1,D1_R2_RETURN_PATH_CSZ_ONLY,20260713,9,validation_early,score_coverage,1.0,51932,11799,0.9190062471872402,False
1,D1_R2_RETURN_PATH_CSZ_ONLY,20260713,10,train,loss_diff,0.1031565513115426,335393,13110,0.910006178536831,False
1,D1_R2_RETURN_PATH_CSZ_ONLY,20260713,10,train,loss_koop,0.0282986483781689,335393,13110,0.910006178536831,False
1,D1_R2_RETURN_PATH_CSZ_ONLY,20260713,10,train,loss_rec,0.048661399756538,335393,13110,0.910006178536831,False
1,D1_R2_RETURN_PATH_CSZ_ONLY,20260713,10,train,loss_total,0.1801165996446027,335393,13110,0.910006178536831,False
1,D1_R2_RETURN_PATH_CSZ_ONLY,20260713,10,validation_early,complete_day_n,107.0,107,13110,0.910006178536831,False
1,D1_R2_RETURN_PATH_CSZ_ONLY,20260713,10,validation_early,mean_rankic,0.0101377697560636,107,13110,0.910006178536831,False
1,D1_R2_RETURN_PATH_CSZ_ONLY,20260713,10,validation_early,score_coverage,1.0,51932,13110,0.910006178536831,False
1,D1_R2_RETURN_PATH_CSZ_ONLY,20260713,11,train,loss_diff,0.1002947256762859,335393,14421,0.9010061098864216,False
1,D1_R2_RETURN_PATH_CSZ_ONLY,20260713,11,train,loss_koop,0.0278968711534285,335393,14421,0.9010061098864216,False
1,D1_R2_RETURN_PATH_CSZ_ONLY,20260713,11,train,loss_rec,0.0483490737923428,335393,14421,0.9010061098864216,False
1,D1_R2_RETURN_PATH_CSZ_ONLY,20260713,11,train,loss_total,0.1765406709064027,335393,14421,0.9010061098864216,False
1,D1_R2_RETURN_PATH_CSZ_ONLY,20260713,11,validation_early,complete_day_n,107.0,107,14421,0.9010061098864216,False
1,D1_R2_RETURN_PATH_CSZ_ONLY,20260713,11,validation_early,mean_rankic,0.0089506458697225,107,14421,0.9010061098864216,False
1,D1_R2_RETURN_PATH_CSZ_ONLY,20260713,11,validation_early,score_coverage,1.0,51932,14421,0.9010061098864216,False
1,D1_R2_RETURN_PATH_CSZ_ONLY,20260713,12,train,loss_diff,0.0977119254544428,335393,15732,0.8920060412360125,False
1,D1_R2_RETURN_PATH_CSZ_ONLY,20260713,12,train,loss_koop,0.0276306223256375,335393,15732,0.8920060412360125,False
1,D1_R2_RETURN_PATH_CSZ_ONLY,20260713,12,train,loss_rec,0.0482999191702735,335393,15732,0.8920060412360125,False
1,D1_R2_RETURN_PATH_CSZ_ONLY,20260713,12,train,loss_total,0.1736424671517337,335393,15732,0.8920060412360125,False
1,D1_R2_RETURN_PATH_CSZ_ONLY,20260713,12,validation_early,complete_day_n,107.0,107,15732,0.8920060412360125,False
1,D1_R2_RETURN_PATH_CSZ_ONLY,20260713,12,validation_early,mean_rankic,0.0130895554286641,107,15732,0.8920060412360125,False
1,D1_R2_RETURN_PATH_CSZ_ONLY,20260713,12,validation_early,score_coverage,1.0,51932,15732,0.8920060412360125,False
1,D1_R2_RETURN_PATH_CSZ_ONLY,20260713,13,train,loss_diff,0.0956154818234234,335393,17043,0.8830059725856032,False
1,D1_R2_RETURN_PATH_CSZ_ONLY,20260713,13,train,loss_koop,0.0273841950000365,335393,17043,0.8830059725856032,False
1,D1_R2_RETURN_PATH_CSZ_ONLY,20260713,13,train,loss_rec,0.0480849758437762,335393,17043,0.8830059725856032,False
1,D1_R2_RETURN_PATH_CSZ_ONLY,20260713,13,train,loss_total,0.1710846525918846,335393,17043,0.8830059725856032,False
1,D1_R2_RETURN_PATH_CSZ_ONLY,20260713,13,validation_early,complete_day_n,107.0,107,17043,0.8830059725856032,False
1,D1_R2_RETURN_PATH_CSZ_ONLY,20260713,13,validation_early,mean_rankic,0.0106774077203728,107,17043,0.8830059725856032,False
1,D1_R2_RETURN_PATH_CSZ_ONLY,20260713,13,validation_early,score_coverage,1.0,51932,17043,0.8830059725856032,False
1,D1_R2_RETURN_PATH_CSZ_ONLY,20260713,14,train,loss_diff,0.093106103046811,335393,18354,0.874005903935194,False
1,D1_R2_RETURN_PATH_CSZ_ONLY,20260713,14,train,loss_koop,0.0272249705395549,335393,18354,0.874005903935194,False
1,D1_R2_RETURN_PATH_CSZ_ONLY,20260713,14,train,loss_rec,0.0479140274270716,335393,18354,0.874005903935194,False
1,D1_R2_RETURN_PATH_CSZ_ONLY,20260713,14,train,loss_total,0.1682451013644209,335393,18354,0.874005903935194,False
1,D1_R2_RETURN_PATH_CSZ_ONLY,20260713,14,validation_early,complete_day_n,107.0,107,18354,0.874005903935194,False
1,D1_R2_RETURN_PATH_CSZ_ONLY,20260713,14,validation_early,mean_rankic,0.0134103009209382,107,18354,0.874005903935194,False
1,D1_R2_RETURN_PATH_CSZ_ONLY,20260713,14,validation_early,score_coverage,1.0,51932,18354,0.874005903935194,False
1,D1_R2_RETURN_PATH_CSZ_ONLY,20260713,15,train,loss_diff,0.0909811386066396,335393,19665,0.8650058352847847,False
1,D1_R2_RETURN_PATH_CSZ_ONLY,20260713,15,train,loss_koop,0.0270473507419118,335393,19665,0.8650058352847847,False
1,D1_R2_RETURN_PATH_CSZ_ONLY,20260713,15,train,loss_rec,0.0474696028745657,335393,19665,0.8650058352847847,False
1,D1_R2_RETURN_PATH_CSZ_ONLY,20260713,15,train,loss_total,0.1654980924536203,335393,19665,0.8650058352847847,False
1,D1_R2_RETURN_PATH_CSZ_ONLY,20260713,15,validation_early,complete_day_n,107.0,107,19665,0.8650058352847847,False
1,D1_R2_RETURN_PATH_CSZ_ONLY,20260713,15,validation_early,mean_rankic,0.0096532557099086,107,19665,0.8650058352847847,False
1,D1_R2_RETURN_PATH_CSZ_ONLY,20260713,15,validation_early,score_coverage,1.0,51932,19665,0.8650058352847847,False
1,D1_R2_RETURN_PATH_CSZ_ONLY,20260713,16,train,loss_diff,0.0893183230298749,335393,20976,0.8560057666343756,True
1,D1_R2_RETURN_PATH_CSZ_ONLY,20260713,16,train,loss_koop,0.0268221514693169,335393,20976,0.8560057666343756,True
1,D1_R2_RETURN_PATH_CSZ_ONLY,20260713,16,train,loss_rec,0.0475563315171821,335393,20976,0.8560057666343756,True
1,D1_R2_RETURN_PATH_CSZ_ONLY,20260713,16,train,loss_total,0.163696806211517,335393,20976,0.8560057666343756,True
1,D1_R2_RETURN_PATH_CSZ_ONLY,20260713,16,validation_early,complete_day_n,107.0,107,20976,0.8560057666343756,True
1,D1_R2_RETURN_PATH_CSZ_ONLY,20260713,16,validation_early,mean_rankic,0.0140114690021942,107,20976,0.8560057666343756,True
1,D1_R2_RETURN_PATH_CSZ_ONLY,20260713,16,validation_early,score_coverage,1.0,51932,20976,0.8560057666343756,True
1,D1_R2_RETURN_PATH_CSZ_ONLY,20260713,17,train,loss_diff,0.0875061033791792,335393,22287,0.8470056979839663,False
1,D1_R2_RETURN_PATH_CSZ_ONLY,20260713,17,train,loss_koop,0.0267338073543566,335393,22287,0.8470056979839663,False
1,D1_R2_RETURN_PATH_CSZ_ONLY,20260713,17,train,loss_rec,0.0475378324371119,335393,22287,0.8470056979839663,False
1,D1_R2_RETURN_PATH_CSZ_ONLY,20260713,17,train,loss_total,0.1617777432616382,335393,22287,0.8470056979839663,False
1,D1_R2_RETURN_PATH_CSZ_ONLY,20260713,17,validation_early,complete_day_n,107.0,107,22287,0.8470056979839663,False
1,D1_R2_RETURN_PATH_CSZ_ONLY,20260713,17,validation_early,mean_rankic,0.0100404223444924,107,22287,0.8470056979839663,False
1,D1_R2_RETURN_PATH_CSZ_ONLY,20260713,17,validation_early,score_coverage,1.0,51932,22287,0.8470056979839663,False
1,D1_R2_RETURN_PATH_CSZ_ONLY,20260713,18,train,loss_diff,0.086076603263889,335393,23598,0.8380056293335572,False
1,D1_R2_RETURN_PATH_CSZ_ONLY,20260713,18,train,loss_koop,0.0266857396847889,335393,23598,0.8380056293335572,False
1,D1_R2_RETURN_PATH_CSZ_ONLY,20260713,18,train,loss_rec,0.047275206153452,335393,23598,0.8380056293335572,False
1,D1_R2_RETURN_PATH_CSZ_ONLY,20260713,18,train,loss_total,0.160037549151524,335393,23598,0.8380056293335572,False
1,D1_R2_RETURN_PATH_CSZ_ONLY,20260713,18,validation_early,complete_day_n,107.0,107,23598,0.8380056293335572,False
1,D1_R2_RETURN_PATH_CSZ_ONLY,20260713,18,validation_early,mean_rankic,0.0102105551605571,107,23598,0.8380056293335572,False
1,D1_R2_RETURN_PATH_CSZ_ONLY,20260713,18,validation_early,score_coverage,1.0,51932,23598,0.8380056293335572,False
1,D1_R2_RETURN_PATH_CSZ_ONLY,20260713,19,train,loss_diff,0.0844962363316288,335393,24909,0.8290055606831479,False
1,D1_R2_RETURN_PATH_CSZ_ONLY,20260713,19,train,loss_koop,0.0265326939775643,335393,24909,0.8290055606831479,False
1,D1_R2_RETURN_PATH_CSZ_ONLY,20260713,19,train,loss_rec,0.0471499160081573,335393,24909,0.8290055606831479,False
1,D1_R2_RETURN_PATH_CSZ_ONLY,20260713,19,train,loss_total,0.1581788464662652,335393,24909,0.8290055606831479,False
1,D1_R2_RETURN_PATH_CSZ_ONLY,20260713,19,validation_early,complete_day_n,107.0,107,24909,0.8290055606831479,False
1,D1_R2_RETURN_PATH_CSZ_ONLY,20260713,19,validation_early,mean_rankic,0.0101388651547008,107,24909,0.8290055606831479,False
1,D1_R2_RETURN_PATH_CSZ_ONLY,20260713,19,validation_early,score_coverage,1.0,51932,24909,0.8290055606831479,False
1,D1_R2_RETURN_PATH_CSZ_ONLY,20260713,20,train,loss_diff,0.083326391921128,335393,26220,0.8200054920327386,False
1,D1_R2_RETURN_PATH_CSZ_ONLY,20260713,20,train,loss_koop,0.026450888594077,335393,26220,0.8200054920327386,False
1,D1_R2_RETURN_PATH_CSZ_ONLY,20260713,20,train,loss_rec,0.0471261135750486,335393,26220,0.8200054920327386,False
1,D1_R2_RETURN_PATH_CSZ_ONLY,20260713,20,train,loss_total,0.1569033942101841,335393,26220,0.8200054920327386,False
1,D1_R2_RETURN_PATH_CSZ_ONLY,20260713,20,validation_early,complete_day_n,107.0,107,26220,0.8200054920327386,False
1,D1_R2_RETURN_PATH_CSZ_ONLY,20260713,20,validation_early,mean_rankic,0.0125881012979677,107,26220,0.8200054920327386,False
1,D1_R2_RETURN_PATH_CSZ_ONLY,20260713,20,validation_early,score_coverage,1.0,51932,26220,0.8200054920327386,False
1,D1_R2_RETURN_PATH_CSZ_ONLY,20260713,21,train,loss_diff,0.082217634363723,335393,27531,0.8110054233823294,False
1,D1_R2_RETURN_PATH_CSZ_ONLY,20260713,21,train,loss_koop,0.0263788186331354,335393,27531,0.8110054233823294,False
1,D1_R2_RETURN_PATH_CSZ_ONLY,20260713,21,train,loss_rec,0.0470492477256504,335393,27531,0.8110054233823294,False
1,D1_R2_RETURN_PATH_CSZ_ONLY,20260713,21,train,loss_total,0.1556457007109518,335393,27531,0.8110054233823294,False
1,D1_R2_RETURN_PATH_CSZ_ONLY,20260713,21,validation_early,complete_day_n,107.0,107,27531,0.8110054233823294,False
1,D1_R2_RETURN_PATH_CSZ_ONLY,20260713,21,validation_early,mean_rankic,0.0084190801434353,107,27531,0.8110054233823294,False
1,D1_R2_RETURN_PATH_CSZ_ONLY,20260713,21,validation_early,score_coverage,1.0,51932,27531,0.8110054233823294,False
1,D1_R2_RETURN_PATH_CSZ_ONLY,20260713,22,train,loss_diff,0.0809216060762603,335393,28842,0.8020053547319201,False
1,D1_R2_RETURN_PATH_CSZ_ONLY,20260713,22,train,loss_koop,0.0263235829805108,335393,28842,0.8020053547319201,False
1,D1_R2_RETURN_PATH_CSZ_ONLY,20260713,22,train,loss_rec,0.0467656484539387,335393,28842,0.8020053547319201,False
1,D1_R2_RETURN_PATH_CSZ_ONLY,20260713,22,train,loss_total,0.1540108375874831,335393,28842,0.8020053547319201,False
1,D1_R2_RETURN_PATH_CSZ_ONLY,20260713,22,validation_early,complete_day_n,107.0,107,28842,0.8020053547319201,False
1,D1_R2_RETURN_PATH_CSZ_ONLY,20260713,22,validation_early,mean_rankic,0.0085405976212892,107,28842,0.8020053547319201,False
1,D1_R2_RETURN_PATH_CSZ_ONLY,20260713,22,validation_early,score_coverage,1.0,51932,28842,0.8020053547319201,False
1,D1_R2_RETURN_PATH_CSZ_ONLY,20260713,23,train,loss_diff,0.0797273514391757,335393,30153,0.7930052860815109,False
1,D1_R2_RETURN_PATH_CSZ_ONLY,20260713,23,train,loss_koop,0.0262495487139298,335393,30153,0.7930052860815109,False
1,D1_R2_RETURN_PATH_CSZ_ONLY,20260713,23,train,loss_rec,0.0467595986773276,335393,30153,0.7930052860815109,False
1,D1_R2_RETURN_PATH_CSZ_ONLY,20260713,23,train,loss_total,0.1527364989859512,335393,30153,0.7930052860815109,False
1,D1_R2_RETURN_PATH_CSZ_ONLY,20260713,23,validation_early,complete_day_n,107.0,107,30153,0.7930052860815109,False
1,D1_R2_RETURN_PATH_CSZ_ONLY,20260713,23,validation_early,mean_rankic,0.013337295373576,107,30153,0.7930052860815109,False
1,D1_R2_RETURN_PATH_CSZ_ONLY,20260713,23,validation_early,score_coverage,1.0,51932,30153,0.7930052860815109,False
1,D1_R2_RETURN_PATH_CSZ_ONLY,20260713,24,train,loss_diff,0.0786580598820746,335393,31464,0.7840052174311016,False
1,D1_R2_RETURN_PATH_CSZ_ONLY,20260713,24,train,loss_koop,0.0262310784301494,335393,31464,0.7840052174311016,False
1,D1_R2_RETURN_PATH_CSZ_ONLY,20260713,24,train,loss_rec,0.0466948431947376,335393,31464,0.7840052174311016,False
1,D1_R2_RETURN_PATH_CSZ_ONLY,20260713,24,train,loss_total,0.151583981555989,335393,31464,0.7840052174311016,False
1,D1_R2_RETURN_PATH_CSZ_ONLY,20260713,24,validation_early,complete_day_n,107.0,107,31464,0.7840052174311016,False
1,D1_R2_RETURN_PATH_CSZ_ONLY,20260713,24,validation_early,mean_rankic,0.0131090642628584,107,31464,0.7840052174311016,False
1,D1_R2_RETURN_PATH_CSZ_ONLY,20260713,24,validation_early,score_coverage,1.0,51932,31464,0.7840052174311016,False
1,D1_R2_RETURN_PATH_CSZ_ONLY,20260713,25,train,loss_diff,0.0779713099539284,335393,32775,0.7750051487806924,False
1,D1_R2_RETURN_PATH_CSZ_ONLY,20260713,25,train,loss_koop,0.026115239484738,335393,32775,0.7750051487806924,False
1,D1_R2_RETURN_PATH_CSZ_ONLY,20260713,25,train,loss_rec,0.0468314245752687,335393,32775,0.7750051487806924,False
1,D1_R2_RETURN_PATH_CSZ_ONLY,20260713,25,train,loss_total,0.1509179740541101,335393,32775,0.7750051487806924,False
1,D1_R2_RETURN_PATH_CSZ_ONLY,20260713,25,validation_early,complete_day_n,107.0,107,32775,0.7750051487806924,False
1,D1_R2_RETURN_PATH_CSZ_ONLY,20260713,25,validation_early,mean_rankic,0.009908274819575,107,32775,0.7750051487806924,False
1,D1_R2_RETURN_PATH_CSZ_ONLY,20260713,25,validation_early,score_coverage,1.0,51932,32775,0.7750051487806924,False
1,D1_R2_RETURN_PATH_CSZ_ONLY,20260713,26,train,loss_diff,0.0771668764024251,335393,34086,0.7660050801302832,False
1,D1_R2_RETURN_PATH_CSZ_ONLY,20260713,26,train,loss_koop,0.0261154752112445,335393,34086,0.7660050801302832,False
1,D1_R2_RETURN_PATH_CSZ_ONLY,20260713,26,train,loss_rec,0.0464942973715254,335393,34086,0.7660050801302832,False
1,D1_R2_RETURN_PATH_CSZ_ONLY,20260713,26,train,loss_total,0.1497766493921754,335393,34086,0.7660050801302832,False
1,D1_R2_RETURN_PATH_CSZ_ONLY,20260713,26,validation_early,complete_day_n,107.0,107,34086,0.7660050801302832,False
1,D1_R2_RETURN_PATH_CSZ_ONLY,20260713,26,validation_early,mean_rankic,0.0106598093276905,107,34086,0.7660050801302832,False
1,D1_R2_RETURN_PATH_CSZ_ONLY,20260713,26,validation_early,score_coverage,1.0,51932,34086,0.7660050801302832,False
1,D1_R2_RETURN_PATH_CSZ_ONLY,20260714,1,train,loss_diff,0.3580575091392599,335393,1311,0.991006796390514,False
1,D1_R2_RETURN_PATH_CSZ_ONLY,20260714,1,train,loss_koop,0.0186066659816621,335393,1311,0.991006796390514,False
1,D1_R2_RETURN_PATH_CSZ_ONLY,20260714,1,train,loss_rec,0.1878714166817304,335393,1311,0.991006796390514,False
1,D1_R2_RETURN_PATH_CSZ_ONLY,20260714,1,train,loss_total,0.564535591451075,335393,1311,0.991006796390514,False
1,D1_R2_RETURN_PATH_CSZ_ONLY,20260714,1,validation_early,complete_day_n,107.0,107,1311,0.991006796390514,False
1,D1_R2_RETURN_PATH_CSZ_ONLY,20260714,1,validation_early,mean_rankic,0.0043394131051897,107,1311,0.991006796390514,False
1,D1_R2_RETURN_PATH_CSZ_ONLY,20260714,1,validation_early,score_coverage,1.0,51932,1311,0.991006796390514,False
1,D1_R2_RETURN_PATH_CSZ_ONLY,20260714,2,train,loss_diff,0.1664203172494319,335393,2622,0.9820067277401048,False
1,D1_R2_RETURN_PATH_CSZ_ONLY,20260714,2,train,loss_koop,0.0264948867309948,335393,2622,0.9820067277401048,False
1,D1_R2_RETURN_PATH_CSZ_ONLY,20260714,2,train,loss_rec,0.0663554966930458,335393,2622,0.9820067277401048,False
1,D1_R2_RETURN_PATH_CSZ_ONLY,20260714,2,train,loss_total,0.2592707007218113,335393,2622,0.9820067277401048,False
1,D1_R2_RETURN_PATH_CSZ_ONLY,20260714,2,validation_early,complete_day_n,107.0,107,2622,0.9820067277401048,False
1,D1_R2_RETURN_PATH_CSZ_ONLY,20260714,2,validation_early,mean_rankic,0.0045554774051808,107,2622,0.9820067277401048,False
1,D1_R2_RETURN_PATH_CSZ_ONLY,20260714,2,validation_early,score_coverage,1.0,51932,2622,0.9820067277401048,False
1,D1_R2_RETURN_PATH_CSZ_ONLY,20260714,3,train,loss_diff,0.1456217078483254,335393,3933,0.9730066590896956,False
1,D1_R2_RETURN_PATH_CSZ_ONLY,20260714,3,train,loss_koop,0.0288318575863624,335393,3933,0.9730066590896956,False
1,D1_R2_RETURN_PATH_CSZ_ONLY,20260714,3,train,loss_rec,0.0569865297815598,335393,3933,0.9730066590896956,False
1,D1_R2_RETURN_PATH_CSZ_ONLY,20260714,3,train,loss_total,0.231440095362319,335393,3933,0.9730066590896956,False
1,D1_R2_RETURN_PATH_CSZ_ONLY,20260714,3,validation_early,complete_day_n,107.0,107,3933,0.9730066590896956,False
1,D1_R2_RETURN_PATH_CSZ_ONLY,20260714,3,validation_early,mean_rankic,0.0102660829721936,107,3933,0.9730066590896956,False
1,D1_R2_RETURN_PATH_CSZ_ONLY,20260714,3,validation_early,score_coverage,1.0,51932,3933,0.9730066590896956,False
1,D1_R2_RETURN_PATH_CSZ_ONLY,20260714,4,train,loss_diff,0.1337163795603797,335393,5244,0.9640065904392864,False
1,D1_R2_RETURN_PATH_CSZ_ONLY,20260714,4,train,loss_koop,0.0297287829725429,335393,5244,0.9640065904392864,False
1,D1_R2_RETURN_PATH_CSZ_ONLY,20260714,4,train,loss_rec,0.0540508609532051,335393,5244,0.9640065904392864,False
1,D1_R2_RETURN_PATH_CSZ_ONLY,20260714,4,train,loss_total,0.2174960240253288,335393,5244,0.9640065904392864,False
1,D1_R2_RETURN_PATH_CSZ_ONLY,20260714,4,validation_early,complete_day_n,107.0,107,5244,0.9640065904392864,False
1,D1_R2_RETURN_PATH_CSZ_ONLY,20260714,4,validation_early,mean_rankic,0.0074463125377917,107,5244,0.9640065904392864,False
1,D1_R2_RETURN_PATH_CSZ_ONLY,20260714,4,validation_early,score_coverage,1.0,51932,5244,0.9640065904392864,False
1,D1_R2_RETURN_PATH_CSZ_ONLY,20260714,5,train,loss_diff,0.1255267092091078,335393,6555,0.9550065217888772,False
1,D1_R2_RETURN_PATH_CSZ_ONLY,20260714,5,train,loss_koop,0.0302227175831787,335393,6555,0.9550065217888772,False
1,D1_R2_RETURN_PATH_CSZ_ONLY,20260714,5,train,loss_rec,0.0522256007412221,335393,6555,0.9550065217888772,False
1,D1_R2_RETURN_PATH_CSZ_ONLY,20260714,5,train,loss_total,0.2079750274409132,335393,6555,0.9550065217888772,False
1,D1_R2_RETURN_PATH_CSZ_ONLY,20260714,5,validation_early,complete_day_n,107.0,107,6555,0.9550065217888772,False
1,D1_R2_RETURN_PATH_CSZ_ONLY,20260714,5,validation_early,mean_rankic,0.0087492831309892,107,6555,0.9550065217888772,False
1,D1_R2_RETURN_PATH_CSZ_ONLY,20260714,5,validation_early,score_coverage,1.0,51932,6555,0.9550065217888772,False
1,D1_R2_RETURN_PATH_CSZ_ONLY,20260714,6,train,loss_diff,0.1194667386048486,335393,7866,0.946006453138468,False
1,D1_R2_RETURN_PATH_CSZ_ONLY,20260714,6,train,loss_koop,0.0305199704271617,335393,7866,0.946006453138468,False
1,D1_R2_RETURN_PATH_CSZ_ONLY,20260714,6,train,loss_rec,0.0510041065442801,335393,7866,0.946006453138468,False
1,D1_R2_RETURN_PATH_CSZ_ONLY,20260714,6,train,loss_total,0.200990815708511,335393,7866,0.946006453138468,False
1,D1_R2_RETURN_PATH_CSZ_ONLY,20260714,6,validation_early,complete_day_n,107.0,107,7866,0.946006453138468,False
1,D1_R2_RETURN_PATH_CSZ_ONLY,20260714,6,validation_early,mean_rankic,0.0102787248150568,107,7866,0.946006453138468,False
1,D1_R2_RETURN_PATH_CSZ_ONLY,20260714,6,validation_early,score_coverage,1.0,51932,7866,0.946006453138468,False
1,D1_R2_RETURN_PATH_CSZ_ONLY,20260714,7,train,loss_diff,0.1147372469580385,335393,9177,0.9370063844880586,False
1,D1_R2_RETURN_PATH_CSZ_ONLY,20260714,7,train,loss_koop,0.0307264255161376,335393,9177,0.9370063844880586,False
1,D1_R2_RETURN_PATH_CSZ_ONLY,20260714,7,train,loss_rec,0.0502523304421481,335393,9177,0.9370063844880586,False
1,D1_R2_RETURN_PATH_CSZ_ONLY,20260714,7,train,loss_total,0.1957160028240954,335393,9177,0.9370063844880586,False
1,D1_R2_RETURN_PATH_CSZ_ONLY,20260714,7,validation_early,complete_day_n,107.0,107,9177,0.9370063844880586,False
1,D1_R2_RETURN_PATH_CSZ_ONLY,20260714,7,validation_early,mean_rankic,0.0111090322414853,107,9177,0.9370063844880586,False
1,D1_R2_RETURN_PATH_CSZ_ONLY,20260714,7,validation_early,score_coverage,1.0,51932,9177,0.9370063844880586,False
1,D1_R2_RETURN_PATH_CSZ_ONLY,20260714,8,train,loss_diff,0.1105318819198213,335393,10488,0.9280063158376494,False
1,D1_R2_RETURN_PATH_CSZ_ONLY,20260714,8,train,loss_koop,0.0309240157684201,335393,10488,0.9280063158376494,False
1,D1_R2_RETURN_PATH_CSZ_ONLY,20260714,8,train,loss_rec,0.0493599953653588,335393,10488,0.9280063158376494,False
1,D1_R2_RETURN_PATH_CSZ_ONLY,20260714,8,train,loss_total,0.1908158931879312,335393,10488,0.9280063158376494,False
1,D1_R2_RETURN_PATH_CSZ_ONLY,20260714,8,validation_early,complete_day_n,107.0,107,10488,0.9280063158376494,False
1,D1_R2_RETURN_PATH_CSZ_ONLY,20260714,8,validation_early,mean_rankic,0.009379440467988,107,10488,0.9280063158376494,False
1,D1_R2_RETURN_PATH_CSZ_ONLY,20260714,8,validation_early,score_coverage,1.0,51932,10488,0.9280063158376494,False
1,D1_R2_RETURN_PATH_CSZ_ONLY,20260714,9,train,loss_diff,0.1070191882173759,335393,11799,0.9190062471872402,False
1,D1_R2_RETURN_PATH_CSZ_ONLY,20260714,9,train,loss_koop,0.0310589487174408,335393,11799,0.9190062471872402,False
1,D1_R2_RETURN_PATH_CSZ_ONLY,20260714,9,train,loss_rec,0.0487424234794748,335393,11799,0.9190062471872402,False
1,D1_R2_RETURN_PATH_CSZ_ONLY,20260714,9,train,loss_total,0.1868205604512564,335393,11799,0.9190062471872402,False
1,D1_R2_RETURN_PATH_CSZ_ONLY,20260714,9,validation_early,complete_day_n,107.0,107,11799,0.9190062471872402,False
1,D1_R2_RETURN_PATH_CSZ_ONLY,20260714,9,validation_early,mean_rankic,0.0118465481802605,107,11799,0.9190062471872402,False
1,D1_R2_RETURN_PATH_CSZ_ONLY,20260714,9,validation_early,score_coverage,1.0,51932,11799,0.9190062471872402,False
1,D1_R2_RETURN_PATH_CSZ_ONLY,20260714,10,train,loss_diff,0.1039449513538857,335393,13110,0.910006178536831,False
1,D1_R2_RETURN_PATH_CSZ_ONLY,20260714,10,train,loss_koop,0.0311689470541943,335393,13110,0.910006178536831,False
1,D1_R2_RETURN_PATH_CSZ_ONLY,20260714,10,train,loss_rec,0.0480916625124967,335393,13110,0.910006178536831,False
1,D1_R2_RETURN_PATH_CSZ_ONLY,20260714,10,train,loss_total,0.1832055608917758,335393,13110,0.910006178536831,False
1,D1_R2_RETURN_PATH_CSZ_ONLY,20260714,10,validation_early,complete_day_n,107.0,107,13110,0.910006178536831,False
1,D1_R2_RETURN_PATH_CSZ_ONLY,20260714,10,validation_early,mean_rankic,0.0114747614166034,107,13110,0.910006178536831,False
1,D1_R2_RETURN_PATH_CSZ_ONLY,20260714,10,validation_early,score_coverage,1.0,51932,13110,0.910006178536831,False
1,D1_R2_RETURN_PATH_CSZ_ONLY,20260714,11,train,loss_diff,0.1012415454497239,335393,14421,0.9010061098864216,False
1,D1_R2_RETURN_PATH_CSZ_ONLY,20260714,11,train,loss_koop,0.0312267873380709,335393,14421,0.9010061098864216,False
1,D1_R2_RETURN_PATH_CSZ_ONLY,20260714,11,train,loss_rec,0.047791348964232,335393,14421,0.9010061098864216,False
1,D1_R2_RETURN_PATH_CSZ_ONLY,20260714,11,train,loss_total,0.1802596819240558,335393,14421,0.9010061098864216,False
1,D1_R2_RETURN_PATH_CSZ_ONLY,20260714,11,validation_early,complete_day_n,107.0,107,14421,0.9010061098864216,False
1,D1_R2_RETURN_PATH_CSZ_ONLY,20260714,11,validation_early,mean_rankic,0.0114675219298187,107,14421,0.9010061098864216,False
1,D1_R2_RETURN_PATH_CSZ_ONLY,20260714,11,validation_early,score_coverage,1.0,51932,14421,0.9010061098864216,False
1,D1_R2_RETURN_PATH_CSZ_ONLY,20260714,12,train,loss_diff,0.098417514437015,335393,15732,0.8920060412360125,False
1,D1_R2_RETURN_PATH_CSZ_ONLY,20260714,12,train,loss_koop,0.031171810429679,335393,15732,0.8920060412360125,False
1,D1_R2_RETURN_PATH_CSZ_ONLY,20260714,12,train,loss_rec,0.0471399413662282,335393,15732,0.8920060412360125,False
1,D1_R2_RETURN_PATH_CSZ_ONLY,20260714,12,train,loss_total,0.1767292663992644,335393,15732,0.8920060412360125,False
1,D1_R2_RETURN_PATH_CSZ_ONLY,20260714,12,validation_early,complete_day_n,107.0,107,15732,0.8920060412360125,False
1,D1_R2_RETURN_PATH_CSZ_ONLY,20260714,12,validation_early,mean_rankic,0.0124619257581986,107,15732,0.8920060412360125,False
1,D1_R2_RETURN_PATH_CSZ_ONLY,20260714,12,validation_early,score_coverage,1.0,51932,15732,0.8920060412360125,False
1,D1_R2_RETURN_PATH_CSZ_ONLY,20260714,13,train,loss_diff,0.0961651326644713,335393,17043,0.8830059725856032,False
1,D1_R2_RETURN_PATH_CSZ_ONLY,20260714,13,train,loss_koop,0.031098741983325,335393,17043,0.8830059725856032,False
1,D1_R2_RETURN_PATH_CSZ_ONLY,20260714,13,train,loss_rec,0.0469096762935923,335393,17043,0.8830059725856032,False
1,D1_R2_RETURN_PATH_CSZ_ONLY,20260714,13,train,loss_total,0.1741735512141769,335393,17043,0.8830059725856032,False
1,D1_R2_RETURN_PATH_CSZ_ONLY,20260714,13,validation_early,complete_day_n,107.0,107,17043,0.8830059725856032,False
1,D1_R2_RETURN_PATH_CSZ_ONLY,20260714,13,validation_early,mean_rankic,0.0112158825298466,107,17043,0.8830059725856032,False
1,D1_R2_RETURN_PATH_CSZ_ONLY,20260714,13,validation_early,score_coverage,1.0,51932,17043,0.8830059725856032,False
1,D1_R2_RETURN_PATH_CSZ_ONLY,20260714,14,train,loss_diff,0.0938621635802207,335393,18354,0.874005903935194,False
1,D1_R2_RETURN_PATH_CSZ_ONLY,20260714,14,train,loss_koop,0.0308668552353463,335393,18354,0.874005903935194,False
1,D1_R2_RETURN_PATH_CSZ_ONLY,20260714,14,train,loss_rec,0.0467871603380602,335393,18354,0.874005903935194,False
1,D1_R2_RETURN_PATH_CSZ_ONLY,20260714,14,train,loss_total,0.171516179086073,335393,18354,0.874005903935194,False
1,D1_R2_RETURN_PATH_CSZ_ONLY,20260714,14,validation_early,complete_day_n,107.0,107,18354,0.874005903935194,False
1,D1_R2_RETURN_PATH_CSZ_ONLY,20260714,14,validation_early,mean_rankic,0.0111100648418777,107,18354,0.874005903935194,False
1,D1_R2_RETURN_PATH_CSZ_ONLY,20260714,14,validation_early,score_coverage,1.0,51932,18354,0.874005903935194,False
1,D1_R2_RETURN_PATH_CSZ_ONLY,20260714,15,train,loss_diff,0.09188011155376,335393,19665,0.8650058352847847,False
1,D1_R2_RETURN_PATH_CSZ_ONLY,20260714,15,train,loss_koop,0.0302580458172514,335393,19665,0.8650058352847847,False
1,D1_R2_RETURN_PATH_CSZ_ONLY,20260714,15,train,loss_rec,0.046487768941567,335393,19665,0.8650058352847847,False
1,D1_R2_RETURN_PATH_CSZ_ONLY,20260714,15,train,loss_total,0.1686259265020347,335393,19665,0.8650058352847847,False
1,D1_R2_RETURN_PATH_CSZ_ONLY,20260714,15,validation_early,complete_day_n,107.0,107,19665,0.8650058352847847,False
1,D1_R2_RETURN_PATH_CSZ_ONLY,20260714,15,validation_early,mean_rankic,0.0129510588745427,107,19665,0.8650058352847847,False
1,D1_R2_RETURN_PATH_CSZ_ONLY,20260714,15,validation_early,score_coverage,1.0,51932,19665,0.8650058352847847,False
1,D1_R2_RETURN_PATH_CSZ_ONLY,20260714,16,train,loss_diff,0.0902643286906581,335393,20976,0.8560057666343756,False
1,D1_R2_RETURN_PATH_CSZ_ONLY,20260714,16,train,loss_koop,0.0296183448303446,335393,20976,0.8560057666343756,False
1,D1_R2_RETURN_PATH_CSZ_ONLY,20260714,16,train,loss_rec,0.0461361254044724,335393,20976,0.8560057666343756,False
1,D1_R2_RETURN_PATH_CSZ_ONLY,20260714,16,train,loss_total,0.1660187990804434,335393,20976,0.8560057666343756,False
1,D1_R2_RETURN_PATH_CSZ_ONLY,20260714,16,validation_early,complete_day_n,107.0,107,20976,0.8560057666343756,False
1,D1_R2_RETURN_PATH_CSZ_ONLY,20260714,16,validation_early,mean_rankic,0.0107270001120911,107,20976,0.8560057666343756,False
1,D1_R2_RETURN_PATH_CSZ_ONLY,20260714,16,validation_early,score_coverage,1.0,51932,20976,0.8560057666343756,False
1,D1_R2_RETURN_PATH_CSZ_ONLY,20260714,17,train,loss_diff,0.0884728488785761,335393,22287,0.8470056979839663,False
1,D1_R2_RETURN_PATH_CSZ_ONLY,20260714,17,train,loss_koop,0.0289738801139709,335393,22287,0.8470056979839663,False
1,D1_R2_RETURN_PATH_CSZ_ONLY,20260714,17,train,loss_rec,0.0460031567927189,335393,22287,0.8470056979839663,False
1,D1_R2_RETURN_PATH_CSZ_ONLY,20260714,17,train,loss_total,0.1634498858545641,335393,22287,0.8470056979839663,False
1,D1_R2_RETURN_PATH_CSZ_ONLY,20260714,17,validation_early,complete_day_n,107.0,107,22287,0.8470056979839663,False
1,D1_R2_RETURN_PATH_CSZ_ONLY,20260714,17,validation_early,mean_rankic,0.0118644158960361,107,22287,0.8470056979839663,False
1,D1_R2_RETURN_PATH_CSZ_ONLY,20260714,17,validation_early,score_coverage,1.0,51932,22287,0.8470056979839663,False
1,D1_R2_RETURN_PATH_CSZ_ONLY,20260714,18,train,loss_diff,0.0871994792598687,335393,23598,0.8380056293335572,False
1,D1_R2_RETURN_PATH_CSZ_ONLY,20260714,18,train,loss_koop,0.0285108347951854,335393,23598,0.8380056293335572,False
1,D1_R2_RETURN_PATH_CSZ_ONLY,20260714,18,train,loss_rec,0.0458774156047077,335393,23598,0.8380056293335572,False
1,D1_R2_RETURN_PATH_CSZ_ONLY,20260714,18,train,loss_total,0.161587729913379,335393,23598,0.8380056293335572,False
1,D1_R2_RETURN_PATH_CSZ_ONLY,20260714,18,validation_early,complete_day_n,107.0,107,23598,0.8380056293335572,False
1,D1_R2_RETURN_PATH_CSZ_ONLY,20260714,18,validation_early,mean_rankic,0.0129917583358202,107,23598,0.8380056293335572,False
1,D1_R2_RETURN_PATH_CSZ_ONLY,20260714,18,validation_early,score_coverage,1.0,51932,23598,0.8380056293335572,False
1,D1_R2_RETURN_PATH_CSZ_ONLY,20260714,19,train,loss_diff,0.0858682019172602,335393,24909,0.8290055606831479,False
1,D1_R2_RETURN_PATH_CSZ_ONLY,20260714,19,train,loss_koop,0.0281856645192206,335393,24909,0.8290055606831479,False
1,D1_R2_RETURN_PATH_CSZ_ONLY,20260714,19,train,loss_rec,0.0456617693893955,335393,24909,0.8290055606831479,False
1,D1_R2_RETURN_PATH_CSZ_ONLY,20260714,19,train,loss_total,0.1597156359229203,335393,24909,0.8290055606831479,False
1,D1_R2_RETURN_PATH_CSZ_ONLY,20260714,19,validation_early,complete_day_n,107.0,107,24909,0.8290055606831479,False
1,D1_R2_RETURN_PATH_CSZ_ONLY,20260714,19,validation_early,mean_rankic,0.0109098240394488,107,24909,0.8290055606831479,False
1,D1_R2_RETURN_PATH_CSZ_ONLY,20260714,19,validation_early,score_coverage,1.0,51932,24909,0.8290055606831479,False
1,D1_R2_RETURN_PATH_CSZ_ONLY,20260714,20,train,loss_diff,0.0843719995266748,335393,26220,0.8200054920327386,False
1,D1_R2_RETURN_PATH_CSZ_ONLY,20260714,20,train,loss_koop,0.0278305540205551,335393,26220,0.8200054920327386,False
1,D1_R2_RETURN_PATH_CSZ_ONLY,20260714,20,train,loss_rec,0.045804975882416,335393,26220,0.8200054920327386,False
1,D1_R2_RETURN_PATH_CSZ_ONLY,20260714,20,train,loss_total,0.1580075295757172,335393,26220,0.8200054920327386,False
1,D1_R2_RETURN_PATH_CSZ_ONLY,20260714,20,validation_early,complete_day_n,107.0,107,26220,0.8200054920327386,False
1,D1_R2_RETURN_PATH_CSZ_ONLY,20260714,20,validation_early,mean_rankic,0.0154722775401409,107,26220,0.8200054920327386,False
1,D1_R2_RETURN_PATH_CSZ_ONLY,20260714,20,validation_early,score_coverage,1.0,51932,26220,0.8200054920327386,False
1,D1_R2_RETURN_PATH_CSZ_ONLY,20260714,21,train,loss_diff,0.083184866334342,335393,27531,0.8110054233823294,False
1,D1_R2_RETURN_PATH_CSZ_ONLY,20260714,21,train,loss_koop,0.027565941073866,335393,27531,0.8110054233823294,False
1,D1_R2_RETURN_PATH_CSZ_ONLY,20260714,21,train,loss_rec,0.0452297495837472,335393,27531,0.8110054233823294,False
1,D1_R2_RETURN_PATH_CSZ_ONLY,20260714,21,train,loss_total,0.155980557175036,335393,27531,0.8110054233823294,False
1,D1_R2_RETURN_PATH_CSZ_ONLY,20260714,21,validation_early,complete_day_n,107.0,107,27531,0.8110054233823294,False
1,D1_R2_RETURN_PATH_CSZ_ONLY,20260714,21,validation_early,mean_rankic,0.0131633576130843,107,27531,0.8110054233823294,False
1,D1_R2_RETURN_PATH_CSZ_ONLY,20260714,21,validation_early,score_coverage,1.0,51932,27531,0.8110054233823294,False
1,D1_R2_RETURN_PATH_CSZ_ONLY,20260714,22,train,loss_diff,0.0820589945993291,335393,28842,0.8020053547319201,False
1,D1_R2_RETURN_PATH_CSZ_ONLY,20260714,22,train,loss_koop,0.0273551703952349,335393,28842,0.8020053547319201,False
1,D1_R2_RETURN_PATH_CSZ_ONLY,20260714,22,train,loss_rec,0.0450864219696814,335393,28842,0.8020053547319201,False
1,D1_R2_RETURN_PATH_CSZ_ONLY,20260714,22,train,loss_total,0.1545005872258432,335393,28842,0.8020053547319201,False
1,D1_R2_RETURN_PATH_CSZ_ONLY,20260714,22,validation_early,complete_day_n,107.0,107,28842,0.8020053547319201,False
1,D1_R2_RETURN_PATH_CSZ_ONLY,20260714,22,validation_early,mean_rankic,0.0081762755281041,107,28842,0.8020053547319201,False
1,D1_R2_RETURN_PATH_CSZ_ONLY,20260714,22,validation_early,score_coverage,1.0,51932,28842,0.8020053547319201,False
1,D1_R2_RETURN_PATH_CSZ_ONLY,20260714,23,train,loss_diff,0.0809961929441945,335393,30153,0.7930052860815109,False
1,D1_R2_RETURN_PATH_CSZ_ONLY,20260714,23,train,loss_koop,0.0271816461575744,335393,30153,0.7930052860815109,False
1,D1_R2_RETURN_PATH_CSZ_ONLY,20260714,23,train,loss_rec,0.0449067572452857,335393,30153,0.7930052860815109,False
1,D1_R2_RETURN_PATH_CSZ_ONLY,20260714,23,train,loss_total,0.153084596467535,335393,30153,0.7930052860815109,False
1,D1_R2_RETURN_PATH_CSZ_ONLY,20260714,23,validation_early,complete_day_n,107.0,107,30153,0.7930052860815109,False
1,D1_R2_RETURN_PATH_CSZ_ONLY,20260714,23,validation_early,mean_rankic,0.0098795099550376,107,30153,0.7930052860815109,False
1,D1_R2_RETURN_PATH_CSZ_ONLY,20260714,23,validation_early,score_coverage,1.0,51932,30153,0.7930052860815109,False
1,D1_R2_RETURN_PATH_CSZ_ONLY,20260714,24,train,loss_diff,0.0801604632629376,335393,31464,0.7840052174311016,False
1,D1_R2_RETURN_PATH_CSZ_ONLY,20260714,24,train,loss_koop,0.0269797476394338,335393,31464,0.7840052174311016,False
1,D1_R2_RETURN_PATH_CSZ_ONLY,20260714,24,train,loss_rec,0.0449484284846703,335393,31464,0.7840052174311016,False
1,D1_R2_RETURN_PATH_CSZ_ONLY,20260714,24,train,loss_total,0.1520886398037911,335393,31464,0.7840052174311016,False
1,D1_R2_RETURN_PATH_CSZ_ONLY,20260714,24,validation_early,complete_day_n,107.0,107,31464,0.7840052174311016,False
1,D1_R2_RETURN_PATH_CSZ_ONLY,20260714,24,validation_early,mean_rankic,0.0156550573015203,107,31464,0.7840052174311016,False
1,D1_R2_RETURN_PATH_CSZ_ONLY,20260714,24,validation_early,score_coverage,1.0,51932,31464,0.7840052174311016,False
1,D1_R2_RETURN_PATH_CSZ_ONLY,20260714,25,train,loss_diff,0.0790611963655607,335393,32775,0.7750051487806924,False
1,D1_R2_RETURN_PATH_CSZ_ONLY,20260714,25,train,loss_koop,0.0268250270182858,335393,32775,0.7750051487806924,False
1,D1_R2_RETURN_PATH_CSZ_ONLY,20260714,25,train,loss_rec,0.0447164681244241,335393,32775,0.7750051487806924,False
1,D1_R2_RETURN_PATH_CSZ_ONLY,20260714,25,train,loss_total,0.1506026914398446,335393,32775,0.7750051487806924,False
1,D1_R2_RETURN_PATH_CSZ_ONLY,20260714,25,validation_early,complete_day_n,107.0,107,32775,0.7750051487806924,False
1,D1_R2_RETURN_PATH_CSZ_ONLY,20260714,25,validation_early,mean_rankic,0.0116964727524549,107,32775,0.7750051487806924,False
1,D1_R2_RETURN_PATH_CSZ_ONLY,20260714,25,validation_early,score_coverage,1.0,51932,32775,0.7750051487806924,False
1,D1_R2_RETURN_PATH_CSZ_ONLY,20260714,26,train,loss_diff,0.0778917984966677,335393,34086,0.7660050801302832,False
1,D1_R2_RETURN_PATH_CSZ_ONLY,20260714,26,train,loss_koop,0.026734967469077,335393,34086,0.7660050801302832,False
1,D1_R2_RETURN_PATH_CSZ_ONLY,20260714,26,train,loss_rec,0.0443562222012379,335393,34086,0.7660050801302832,False
1,D1_R2_RETURN_PATH_CSZ_ONLY,20260714,26,train,loss_total,0.1489829880990619,335393,34086,0.7660050801302832,False
1,D1_R2_RETURN_PATH_CSZ_ONLY,20260714,26,validation_early,complete_day_n,107.0,107,34086,0.7660050801302832,False
1,D1_R2_RETURN_PATH_CSZ_ONLY,20260714,26,validation_early,mean_rankic,0.0152441646479857,107,34086,0.7660050801302832,False
1,D1_R2_RETURN_PATH_CSZ_ONLY,20260714,26,validation_early,score_coverage,1.0,51932,34086,0.7660050801302832,False
1,D1_R2_RETURN_PATH_CSZ_ONLY,20260714,27,train,loss_diff,0.076898738676142,335393,35397,0.757005011479874,False
1,D1_R2_RETURN_PATH_CSZ_ONLY,20260714,27,train,loss_koop,0.026608011607164,335393,35397,0.757005011479874,False
1,D1_R2_RETURN_PATH_CSZ_ONLY,20260714,27,train,loss_rec,0.0442338221270221,335393,35397,0.757005011479874,False
1,D1_R2_RETURN_PATH_CSZ_ONLY,20260714,27,train,loss_total,0.1477405725304863,335393,35397,0.757005011479874,False
1,D1_R2_RETURN_PATH_CSZ_ONLY,20260714,27,validation_early,complete_day_n,107.0,107,35397,0.757005011479874,False
1,D1_R2_RETURN_PATH_CSZ_ONLY,20260714,27,validation_early,mean_rankic,0.0106614785002393,107,35397,0.757005011479874,False
1,D1_R2_RETURN_PATH_CSZ_ONLY,20260714,27,validation_early,score_coverage,1.0,51932,35397,0.757005011479874,False
1,D1_R2_RETURN_PATH_CSZ_ONLY,20260714,28,train,loss_diff,0.0761492267721384,335393,36708,0.7480049428294647,False
1,D1_R2_RETURN_PATH_CSZ_ONLY,20260714,28,train,loss_koop,0.0265012617523074,335393,36708,0.7480049428294647,False
1,D1_R2_RETURN_PATH_CSZ_ONLY,20260714,28,train,loss_rec,0.0442936070094133,335393,36708,0.7480049428294647,False
1,D1_R2_RETURN_PATH_CSZ_ONLY,20260714,28,train,loss_total,0.1469440954915739,335393,36708,0.7480049428294647,False
1,D1_R2_RETURN_PATH_CSZ_ONLY,20260714,28,validation_early,complete_day_n,107.0,107,36708,0.7480049428294647,False
1,D1_R2_RETURN_PATH_CSZ_ONLY,20260714,28,validation_early,mean_rankic,0.0113181625764234,107,36708,0.7480049428294647,False
1,D1_R2_RETURN_PATH_CSZ_ONLY,20260714,28,validation_early,score_coverage,1.0,51932,36708,0.7480049428294647,False
1,D1_R2_RETURN_PATH_CSZ_ONLY,20260714,29,train,loss_diff,0.0754295690151459,335393,38019,0.7390048741790555,False
1,D1_R2_RETURN_PATH_CSZ_ONLY,20260714,29,train,loss_koop,0.0264486777292351,335393,38019,0.7390048741790555,False
1,D1_R2_RETURN_PATH_CSZ_ONLY,20260714,29,train,loss_rec,0.0441412689622626,335393,38019,0.7390048741790555,False
1,D1_R2_RETURN_PATH_CSZ_ONLY,20260714,29,train,loss_total,0.1460195158628503,335393,38019,0.7390048741790555,False
1,D1_R2_RETURN_PATH_CSZ_ONLY,20260714,29,validation_early,complete_day_n,107.0,107,38019,0.7390048741790555,False
1,D1_R2_RETURN_PATH_CSZ_ONLY,20260714,29,validation_early,mean_rankic,0.0142459314502674,107,38019,0.7390048741790555,False
1,D1_R2_RETURN_PATH_CSZ_ONLY,20260714,29,validation_early,score_coverage,1.0,51932,38019,0.7390048741790555,False
1,D1_R2_RETURN_PATH_CSZ_ONLY,20260714,30,train,loss_diff,0.0745593468815341,335393,39330,0.7300048055286463,False
1,D1_R2_RETURN_PATH_CSZ_ONLY,20260714,30,train,loss_koop,0.0264174148504127,335393,39330,0.7300048055286463,False
1,D1_R2_RETURN_PATH_CSZ_ONLY,20260714,30,train,loss_rec,0.0440091568033491,335393,39330,0.7300048055286463,False
1,D1_R2_RETURN_PATH_CSZ_ONLY,20260714,30,train,loss_total,0.1449859187483717,335393,39330,0.7300048055286463,False
1,D1_R2_RETURN_PATH_CSZ_ONLY,20260714,30,validation_early,complete_day_n,107.0,107,39330,0.7300048055286463,False
1,D1_R2_RETURN_PATH_CSZ_ONLY,20260714,30,validation_early,mean_rankic,0.0093880550091722,107,39330,0.7300048055286463,False
1,D1_R2_RETURN_PATH_CSZ_ONLY,20260714,30,validation_early,score_coverage,1.0,51932,39330,0.7300048055286463,False
1,D1_R2_RETURN_PATH_CSZ_ONLY,20260714,31,train,loss_diff,0.0739848315292381,335393,40641,0.7210047368782371,True
1,D1_R2_RETURN_PATH_CSZ_ONLY,20260714,31,train,loss_koop,0.0263551449621085,335393,40641,0.7210047368782371,True
1,D1_R2_RETURN_PATH_CSZ_ONLY,20260714,31,train,loss_rec,0.0437958595829395,335393,40641,0.7210047368782371,True
1,D1_R2_RETURN_PATH_CSZ_ONLY,20260714,31,train,loss_total,0.1441358361331268,335393,40641,0.7210047368782371,True
1,D1_R2_RETURN_PATH_CSZ_ONLY,20260714,31,validation_early,complete_day_n,107.0,107,40641,0.7210047368782371,True
1,D1_R2_RETURN_PATH_CSZ_ONLY,20260714,31,validation_early,mean_rankic,0.0168140070578502,107,40641,0.7210047368782371,True
1,D1_R2_RETURN_PATH_CSZ_ONLY,20260714,31,validation_early,score_coverage,1.0,51932,40641,0.7210047368782371,True
1,D1_R2_RETURN_PATH_CSZ_ONLY,20260714,32,train,loss_diff,0.0732376263346328,335393,41952,0.7120046682278278,False
1,D1_R2_RETURN_PATH_CSZ_ONLY,20260714,32,train,loss_koop,0.0263009647553073,335393,41952,0.7120046682278278,False
1,D1_R2_RETURN_PATH_CSZ_ONLY,20260714,32,train,loss_rec,0.0436379497847549,335393,41952,0.7120046682278278,False
1,D1_R2_RETURN_PATH_CSZ_ONLY,20260714,32,train,loss_total,0.1431765409285375,335393,41952,0.7120046682278278,False
1,D1_R2_RETURN_PATH_CSZ_ONLY,20260714,32,validation_early,complete_day_n,107.0,107,41952,0.7120046682278278,False
1,D1_R2_RETURN_PATH_CSZ_ONLY,20260714,32,validation_early,mean_rankic,0.0111044463649707,107,41952,0.7120046682278278,False
1,D1_R2_RETURN_PATH_CSZ_ONLY,20260714,32,validation_early,score_coverage,1.0,51932,41952,0.7120046682278278,False
1,D1_R2_RETURN_PATH_CSZ_ONLY,20260714,33,train,loss_diff,0.0724042623130693,335393,43263,0.7030045995774186,False
1,D1_R2_RETURN_PATH_CSZ_ONLY,20260714,33,train,loss_koop,0.0262117154455257,335393,43263,0.7030045995774186,False
1,D1_R2_RETURN_PATH_CSZ_ONLY,20260714,33,train,loss_rec,0.0437050859619751,335393,43263,0.7030045995774186,False
1,D1_R2_RETURN_PATH_CSZ_ONLY,20260714,33,train,loss_total,0.1423210640948509,335393,43263,0.7030045995774186,False
1,D1_R2_RETURN_PATH_CSZ_ONLY,20260714,33,validation_early,complete_day_n,107.0,107,43263,0.7030045995774186,False
1,D1_R2_RETURN_PATH_CSZ_ONLY,20260714,33,validation_early,mean_rankic,0.0113423635552588,107,43263,0.7030045995774186,False
1,D1_R2_RETURN_PATH_CSZ_ONLY,20260714,33,validation_early,score_coverage,1.0,51932,43263,0.7030045995774186,False
1,D1_R2_RETURN_PATH_CSZ_ONLY,20260714,34,train,loss_diff,0.0719701090721549,335393,44574,0.6940045309270093,False
1,D1_R2_RETURN_PATH_CSZ_ONLY,20260714,34,train,loss_koop,0.0262049223387748,335393,44574,0.6940045309270093,False
1,D1_R2_RETURN_PATH_CSZ_ONLY,20260714,34,train,loss_rec,0.0436136761060056,335393,44574,0.6940045309270093,False
1,D1_R2_RETURN_PATH_CSZ_ONLY,20260714,34,train,loss_total,0.1417887076445242,335393,44574,0.6940045309270093,False
1,D1_R2_RETURN_PATH_CSZ_ONLY,20260714,34,validation_early,complete_day_n,107.0,107,44574,0.6940045309270093,False
1,D1_R2_RETURN_PATH_CSZ_ONLY,20260714,34,validation_early,mean_rankic,0.0104147547524887,107,44574,0.6940045309270093,False
1,D1_R2_RETURN_PATH_CSZ_ONLY,20260714,34,validation_early,score_coverage,1.0,51932,44574,0.6940045309270093,False
1,D1_R2_RETURN_PATH_CSZ_ONLY,20260714,35,train,loss_diff,0.071258124228368,335393,45885,0.6850044622766001,False
1,D1_R2_RETURN_PATH_CSZ_ONLY,20260714,35,train,loss_koop,0.0261181920651104,335393,45885,0.6850044622766001,False
1,D1_R2_RETURN_PATH_CSZ_ONLY,20260714,35,train,loss_rec,0.0436079603040306,335393,45885,0.6850044622766001,False
1,D1_R2_RETURN_PATH_CSZ_ONLY,20260714,35,train,loss_total,0.1409842768624556,335393,45885,0.6850044622766001,False
1,D1_R2_RETURN_PATH_CSZ_ONLY,20260714,35,validation_early,complete_day_n,107.0,107,45885,0.6850044622766001,False
1,D1_R2_RETURN_PATH_CSZ_ONLY,20260714,35,validation_early,mean_rankic,0.0106294132964694,107,45885,0.6850044622766001,False
1,D1_R2_RETURN_PATH_CSZ_ONLY,20260714,35,validation_early,score_coverage,1.0,51932,45885,0.6850044622766001,False
1,D1_R2_RETURN_PATH_CSZ_ONLY,20260714,36,train,loss_diff,0.0707441106109107,335393,47196,0.6760043936261909,False
1,D1_R2_RETURN_PATH_CSZ_ONLY,20260714,36,train,loss_koop,0.0260865067300677,335393,47196,0.6760043936261909,False
1,D1_R2_RETURN_PATH_CSZ_ONLY,20260714,36,train,loss_rec,0.0435775734415619,335393,47196,0.6760043936261909,False
1,D1_R2_RETURN_PATH_CSZ_ONLY,20260714,36,train,loss_total,0.1404081909645214,335393,47196,0.6760043936261909,False
1,D1_R2_RETURN_PATH_CSZ_ONLY,20260714,36,validation_early,complete_day_n,107.0,107,47196,0.6760043936261909,False
1,D1_R2_RETURN_PATH_CSZ_ONLY,20260714,36,validation_early,mean_rankic,0.0143677982625958,107,47196,0.6760043936261909,False
1,D1_R2_RETURN_PATH_CSZ_ONLY,20260714,36,validation_early,score_coverage,1.0,51932,47196,0.6760043936261909,False
1,D1_R2_RETURN_PATH_CSZ_ONLY,20260714,37,train,loss_diff,0.0702165134500875,335393,48507,0.6670043249757817,False
1,D1_R2_RETURN_PATH_CSZ_ONLY,20260714,37,train,loss_koop,0.025956616072605,335393,48507,0.6670043249757817,False
1,D1_R2_RETURN_PATH_CSZ_ONLY,20260714,37,train,loss_rec,0.0432725011438166,335393,48507,0.6670043249757817,False
1,D1_R2_RETURN_PATH_CSZ_ONLY,20260714,37,train,loss_total,0.1394456308767415,335393,48507,0.6670043249757817,False
1,D1_R2_RETURN_PATH_CSZ_ONLY,20260714,37,validation_early,complete_day_n,107.0,107,48507,0.6670043249757817,False
1,D1_R2_RETURN_PATH_CSZ_ONLY,20260714,37,validation_early,mean_rankic,0.011396932260974,107,48507,0.6670043249757817,False
1,D1_R2_RETURN_PATH_CSZ_ONLY,20260714,37,validation_early,score_coverage,1.0,51932,48507,0.6670043249757817,False
1,D1_R2_RETURN_PATH_CSZ_ONLY,20260714,38,train,loss_diff,0.0694525792408778,335393,49818,0.6580042563253724,False
1,D1_R2_RETURN_PATH_CSZ_ONLY,20260714,38,train,loss_koop,0.0259667104192842,335393,49818,0.6580042563253724,False
1,D1_R2_RETURN_PATH_CSZ_ONLY,20260714,38,train,loss_rec,0.0433186679177687,335393,49818,0.6580042563253724,False
1,D1_R2_RETURN_PATH_CSZ_ONLY,20260714,38,train,loss_total,0.1387379579051112,335393,49818,0.6580042563253724,False
1,D1_R2_RETURN_PATH_CSZ_ONLY,20260714,38,validation_early,complete_day_n,107.0,107,49818,0.6580042563253724,False
1,D1_R2_RETURN_PATH_CSZ_ONLY,20260714,38,validation_early,mean_rankic,0.0127625059380859,107,49818,0.6580042563253724,False
1,D1_R2_RETURN_PATH_CSZ_ONLY,20260714,38,validation_early,score_coverage,1.0,51932,49818,0.6580042563253724,False
1,D1_R2_RETURN_PATH_CSZ_ONLY,20260714,39,train,loss_diff,0.0690294301729549,335393,51129,0.6490041876749632,False
1,D1_R2_RETURN_PATH_CSZ_ONLY,20260714,39,train,loss_koop,0.0258988956765204,335393,51129,0.6490041876749632,False
1,D1_R2_RETURN_PATH_CSZ_ONLY,20260714,39,train,loss_rec,0.0432847786163516,335393,51129,0.6490041876749632,False
1,D1_R2_RETURN_PATH_CSZ_ONLY,20260714,39,train,loss_total,0.1382131047426972,335393,51129,0.6490041876749632,False
1,D1_R2_RETURN_PATH_CSZ_ONLY,20260714,39,validation_early,complete_day_n,107.0,107,51129,0.6490041876749632,False
1,D1_R2_RETURN_PATH_CSZ_ONLY,20260714,39,validation_early,mean_rankic,0.013005578267835,107,51129,0.6490041876749632,False
1,D1_R2_RETURN_PATH_CSZ_ONLY,20260714,39,validation_early,score_coverage,1.0,51932,51129,0.6490041876749632,False
1,D1_R2_RETURN_PATH_CSZ_ONLY,20260714,40,train,loss_diff,0.0684309215548833,335393,52440,0.640004119024554,False
1,D1_R2_RETURN_PATH_CSZ_ONLY,20260714,40,train,loss_koop,0.0258757012831454,335393,52440,0.640004119024554,False
1,D1_R2_RETURN_PATH_CSZ_ONLY,20260714,40,train,loss_rec,0.0433745273140139,335393,52440,0.640004119024554,False
1,D1_R2_RETURN_PATH_CSZ_ONLY,20260714,40,train,loss_total,0.1376811502067569,335393,52440,0.640004119024554,False
1,D1_R2_RETURN_PATH_CSZ_ONLY,20260714,40,validation_early,complete_day_n,107.0,107,52440,0.640004119024554,False
1,D1_R2_RETURN_PATH_CSZ_ONLY,20260714,40,validation_early,mean_rankic,0.0118377875972396,107,52440,0.640004119024554,False
1,D1_R2_RETURN_PATH_CSZ_ONLY,20260714,40,validation_early,score_coverage,1.0,51932,52440,0.640004119024554,False
1,D1_R2_RETURN_PATH_CSZ_ONLY,20260714,41,train,loss_diff,0.0679881821391594,335393,53751,0.6310040503741448,False
1,D1_R2_RETURN_PATH_CSZ_ONLY,20260714,41,train,loss_koop,0.02584315165253,335393,53751,0.6310040503741448,False
1,D1_R2_RETURN_PATH_CSZ_ONLY,20260714,41,train,loss_rec,0.043257061173756,335393,53751,0.6310040503741448,False
1,D1_R2_RETURN_PATH_CSZ_ONLY,20260714,41,train,loss_total,0.1370883947882351,335393,53751,0.6310040503741448,False
1,D1_R2_RETURN_PATH_CSZ_ONLY,20260714,41,validation_early,complete_day_n,107.0,107,53751,0.6310040503741448,False
1,D1_R2_RETURN_PATH_CSZ_ONLY,20260714,41,validation_early,mean_rankic,0.0136600433555613,107,53751,0.6310040503741448,False
1,D1_R2_RETURN_PATH_CSZ_ONLY,20260714,41,validation_early,score_coverage,1.0,51932,53751,0.6310040503741448,False
1,D1_R2_RETURN_PATH_CSZ_ONLY,20260715,1,train,loss_diff,0.3415634096766543,335393,1311,0.991006796390514,False
1,D1_R2_RETURN_PATH_CSZ_ONLY,20260715,1,train,loss_koop,0.0199252967441631,335393,1311,0.991006796390514,False
1,D1_R2_RETURN_PATH_CSZ_ONLY,20260715,1,train,loss_rec,0.1789582646606572,335393,1311,0.991006796390514,False
1,D1_R2_RETURN_PATH_CSZ_ONLY,20260715,1,train,loss_total,0.5404469708232814,335393,1311,0.991006796390514,False
1,D1_R2_RETURN_PATH_CSZ_ONLY,20260715,1,validation_early,complete_day_n,107.0,107,1311,0.991006796390514,False
1,D1_R2_RETURN_PATH_CSZ_ONLY,20260715,1,validation_early,mean_rankic,-0.0088873843984171,107,1311,0.991006796390514,False
1,D1_R2_RETURN_PATH_CSZ_ONLY,20260715,1,validation_early,score_coverage,1.0,51932,1311,0.991006796390514,False
1,D1_R2_RETURN_PATH_CSZ_ONLY,20260715,2,train,loss_diff,0.1633189280565324,335393,2622,0.9820067277401048,False
1,D1_R2_RETURN_PATH_CSZ_ONLY,20260715,2,train,loss_koop,0.0278823415703626,335393,2622,0.9820067277401048,False
1,D1_R2_RETURN_PATH_CSZ_ONLY,20260715,2,train,loss_rec,0.0619098393540612,335393,2622,0.9820067277401048,False
1,D1_R2_RETURN_PATH_CSZ_ONLY,20260715,2,train,loss_total,0.2531111088519457,335393,2622,0.9820067277401048,False
1,D1_R2_RETURN_PATH_CSZ_ONLY,20260715,2,validation_early,complete_day_n,107.0,107,2622,0.9820067277401048,False
1,D1_R2_RETURN_PATH_CSZ_ONLY,20260715,2,validation_early,mean_rankic,-0.0042491221687498,107,2622,0.9820067277401048,False
1,D1_R2_RETURN_PATH_CSZ_ONLY,20260715,2,validation_early,score_coverage,1.0,51932,2622,0.9820067277401048,False
1,D1_R2_RETURN_PATH_CSZ_ONLY,20260715,3,train,loss_diff,0.1443135968631204,335393,3933,0.9730066590896956,False
1,D1_R2_RETURN_PATH_CSZ_ONLY,20260715,3,train,loss_koop,0.0297577724328288,335393,3933,0.9730066590896956,False
1,D1_R2_RETURN_PATH_CSZ_ONLY,20260715,3,train,loss_rec,0.0552155449335462,335393,3933,0.9730066590896956,False
1,D1_R2_RETURN_PATH_CSZ_ONLY,20260715,3,train,loss_total,0.2292869143098453,335393,3933,0.9730066590896956,False
1,D1_R2_RETURN_PATH_CSZ_ONLY,20260715,3,validation_early,complete_day_n,107.0,107,3933,0.9730066590896956,False
1,D1_R2_RETURN_PATH_CSZ_ONLY,20260715,3,validation_early,mean_rankic,-0.0017553328673735,107,3933,0.9730066590896956,False
1,D1_R2_RETURN_PATH_CSZ_ONLY,20260715,3,validation_early,score_coverage,1.0,51932,3933,0.9730066590896956,False
1,D1_R2_RETURN_PATH_CSZ_ONLY,20260715,4,train,loss_diff,0.1331551441317767,335393,5244,0.9640065904392864,False
1,D1_R2_RETURN_PATH_CSZ_ONLY,20260715,4,train,loss_koop,0.0304564313366913,335393,5244,0.9640065904392864,False
1,D1_R2_RETURN_PATH_CSZ_ONLY,20260715,4,train,loss_rec,0.0527361310699,335393,5244,0.9640065904392864,False
1,D1_R2_RETURN_PATH_CSZ_ONLY,20260715,4,train,loss_total,0.2163477066412377,335393,5244,0.9640065904392864,False
1,D1_R2_RETURN_PATH_CSZ_ONLY,20260715,4,validation_early,complete_day_n,107.0,107,5244,0.9640065904392864,False
1,D1_R2_RETURN_PATH_CSZ_ONLY,20260715,4,validation_early,mean_rankic,0.0004519030890598,107,5244,0.9640065904392864,False
1,D1_R2_RETURN_PATH_CSZ_ONLY,20260715,4,validation_early,score_coverage,1.0,51932,5244,0.9640065904392864,False
1,D1_R2_RETURN_PATH_CSZ_ONLY,20260715,5,train,loss_diff,0.1253654011783943,335393,6555,0.9550065217888772,False
1,D1_R2_RETURN_PATH_CSZ_ONLY,20260715,5,train,loss_koop,0.0303915493491716,335393,6555,0.9550065217888772,False
1,D1_R2_RETURN_PATH_CSZ_ONLY,20260715,5,train,loss_rec,0.0514028035662746,335393,6555,0.9550065217888772,False
1,D1_R2_RETURN_PATH_CSZ_ONLY,20260715,5,train,loss_total,0.2071597544183608,335393,6555,0.9550065217888772,False
1,D1_R2_RETURN_PATH_CSZ_ONLY,20260715,5,validation_early,complete_day_n,107.0,107,6555,0.9550065217888772,False
1,D1_R2_RETURN_PATH_CSZ_ONLY,20260715,5,validation_early,mean_rankic,-0.0012415766891816,107,6555,0.9550065217888772,False
1,D1_R2_RETURN_PATH_CSZ_ONLY,20260715,5,validation_early,score_coverage,1.0,51932,6555,0.9550065217888772,False
1,D1_R2_RETURN_PATH_CSZ_ONLY,20260715,6,train,loss_diff,0.1195435221185924,335393,7866,0.946006453138468,False
1,D1_R2_RETURN_PATH_CSZ_ONLY,20260715,6,train,loss_koop,0.0295731799877927,335393,7866,0.946006453138468,False
1,D1_R2_RETURN_PATH_CSZ_ONLY,20260715,6,train,loss_rec,0.0504073457954783,335393,7866,0.946006453138468,False
1,D1_R2_RETURN_PATH_CSZ_ONLY,20260715,6,train,loss_total,0.1995240482038194,335393,7866,0.946006453138468,False
1,D1_R2_RETURN_PATH_CSZ_ONLY,20260715,6,validation_early,complete_day_n,107.0,107,7866,0.946006453138468,False
1,D1_R2_RETURN_PATH_CSZ_ONLY,20260715,6,validation_early,mean_rankic,0.0007086944681493,107,7866,0.946006453138468,False
1,D1_R2_RETURN_PATH_CSZ_ONLY,20260715,6,validation_early,score_coverage,1.0,51932,7866,0.946006453138468,False
1,D1_R2_RETURN_PATH_CSZ_ONLY,20260715,7,train,loss_diff,0.115021755774694,335393,9177,0.9370063844880586,False
1,D1_R2_RETURN_PATH_CSZ_ONLY,20260715,7,train,loss_koop,0.0289434105090231,335393,9177,0.9370063844880586,False
1,D1_R2_RETURN_PATH_CSZ_ONLY,20260715,7,train,loss_rec,0.0498351547719166,335393,9177,0.9370063844880586,False
1,D1_R2_RETURN_PATH_CSZ_ONLY,20260715,7,train,loss_total,0.1938003210637976,335393,9177,0.9370063844880586,False
1,D1_R2_RETURN_PATH_CSZ_ONLY,20260715,7,validation_early,complete_day_n,107.0,107,9177,0.9370063844880586,False
1,D1_R2_RETURN_PATH_CSZ_ONLY,20260715,7,validation_early,mean_rankic,0.001929529720886,107,9177,0.9370063844880586,False
1,D1_R2_RETURN_PATH_CSZ_ONLY,20260715,7,validation_early,score_coverage,1.0,51932,9177,0.9370063844880586,False
1,D1_R2_RETURN_PATH_CSZ_ONLY,20260715,8,train,loss_diff,0.1114945818336374,335393,10488,0.9280063158376494,False
1,D1_R2_RETURN_PATH_CSZ_ONLY,20260715,8,train,loss_koop,0.0284449799454047,335393,10488,0.9280063158376494,False
1,D1_R2_RETURN_PATH_CSZ_ONLY,20260715,8,train,loss_rec,0.0493497927854639,335393,10488,0.9280063158376494,False
1,D1_R2_RETURN_PATH_CSZ_ONLY,20260715,8,train,loss_total,0.1892893550134051,335393,10488,0.9280063158376494,False
1,D1_R2_RETURN_PATH_CSZ_ONLY,20260715,8,validation_early,complete_day_n,107.0,107,10488,0.9280063158376494,False
1,D1_R2_RETURN_PATH_CSZ_ONLY,20260715,8,validation_early,mean_rankic,-0.0028585964280088,107,10488,0.9280063158376494,False
1,D1_R2_RETURN_PATH_CSZ_ONLY,20260715,8,validation_early,score_coverage,1.0,51932,10488,0.9280063158376494,False
1,D1_R2_RETURN_PATH_CSZ_ONLY,20260715,9,train,loss_diff,0.1084610276541079,335393,11799,0.9190062471872402,False
1,D1_R2_RETURN_PATH_CSZ_ONLY,20260715,9,train,loss_koop,0.0281044366084834,335393,11799,0.9190062471872402,False
1,D1_R2_RETURN_PATH_CSZ_ONLY,20260715,9,train,loss_rec,0.0488143789940887,335393,11799,0.9190062471872402,False
1,D1_R2_RETURN_PATH_CSZ_ONLY,20260715,9,train,loss_total,0.1853798432893798,335393,11799,0.9190062471872402,False
1,D1_R2_RETURN_PATH_CSZ_ONLY,20260715,9,validation_early,complete_day_n,107.0,107,11799,0.9190062471872402,False
1,D1_R2_RETURN_PATH_CSZ_ONLY,20260715,9,validation_early,mean_rankic,0.0032277016630856,107,11799,0.9190062471872402,False
1,D1_R2_RETURN_PATH_CSZ_ONLY,20260715,9,validation_early,score_coverage,1.0,51932,11799,0.9190062471872402,False
1,D1_R2_RETURN_PATH_CSZ_ONLY,20260715,10,train,loss_diff,0.1053109775011324,335393,13110,0.910006178536831,False
1,D1_R2_RETURN_PATH_CSZ_ONLY,20260715,10,train,loss_koop,0.0277999677706904,335393,13110,0.910006178536831,False
1,D1_R2_RETURN_PATH_CSZ_ONLY,20260715,10,train,loss_rec,0.0482794651846482,335393,13110,0.910006178536831,False
1,D1_R2_RETURN_PATH_CSZ_ONLY,20260715,10,train,loss_total,0.1813904106882126,335393,13110,0.910006178536831,False
1,D1_R2_RETURN_PATH_CSZ_ONLY,20260715,10,validation_early,complete_day_n,107.0,107,13110,0.910006178536831,False
1,D1_R2_RETURN_PATH_CSZ_ONLY,20260715,10,validation_early,mean_rankic,0.0002899070924386,107,13110,0.910006178536831,False
1,D1_R2_RETURN_PATH_CSZ_ONLY,20260715,10,validation_early,score_coverage,1.0,51932,13110,0.910006178536831,False
1,D1_R2_RETURN_PATH_CSZ_ONLY,20260715,11,train,loss_diff,0.1024792685392622,335393,14421,0.9010061098864216,False
1,D1_R2_RETURN_PATH_CSZ_ONLY,20260715,11,train,loss_koop,0.0275589124716504,335393,14421,0.9010061098864216,False
1,D1_R2_RETURN_PATH_CSZ_ONLY,20260715,11,train,loss_rec,0.0478811099084475,335393,14421,0.9010061098864216,False
1,D1_R2_RETURN_PATH_CSZ_ONLY,20260715,11,train,loss_total,0.1779192910167263,335393,14421,0.9010061098864216,False
1,D1_R2_RETURN_PATH_CSZ_ONLY,20260715,11,validation_early,complete_day_n,107.0,107,14421,0.9010061098864216,False
1,D1_R2_RETURN_PATH_CSZ_ONLY,20260715,11,validation_early,mean_rankic,-0.003042690405822,107,14421,0.9010061098864216,False
1,D1_R2_RETURN_PATH_CSZ_ONLY,20260715,11,validation_early,score_coverage,1.0,51932,14421,0.9010061098864216,False
1,D1_R2_RETURN_PATH_CSZ_ONLY,20260715,12,train,loss_diff,0.1000481836560495,335393,15732,0.8920060412360125,False
1,D1_R2_RETURN_PATH_CSZ_ONLY,20260715,12,train,loss_koop,0.0273064314970327,335393,15732,0.8920060412360125,False
1,D1_R2_RETURN_PATH_CSZ_ONLY,20260715,12,train,loss_rec,0.0474241236992475,335393,15732,0.8920060412360125,False
1,D1_R2_RETURN_PATH_CSZ_ONLY,20260715,12,train,loss_total,0.1747787390422913,335393,15732,0.8920060412360125,False
1,D1_R2_RETURN_PATH_CSZ_ONLY,20260715,12,validation_early,complete_day_n,107.0,107,15732,0.8920060412360125,False
1,D1_R2_RETURN_PATH_CSZ_ONLY,20260715,12,validation_early,mean_rankic,0.0019809977154998,107,15732,0.8920060412360125,False
1,D1_R2_RETURN_PATH_CSZ_ONLY,20260715,12,validation_early,score_coverage,1.0,51932,15732,0.8920060412360125,False
1,D1_R2_RETURN_PATH_CSZ_ONLY,20260715,13,train,loss_diff,0.0976723363210616,335393,17043,0.8830059725856032,False
1,D1_R2_RETURN_PATH_CSZ_ONLY,20260715,13,train,loss_koop,0.0270580933027871,335393,17043,0.8830059725856032,False
1,D1_R2_RETURN_PATH_CSZ_ONLY,20260715,13,train,loss_rec,0.0470603250899284,335393,17043,0.8830059725856032,False
1,D1_R2_RETURN_PATH_CSZ_ONLY,20260715,13,train,loss_total,0.1717907549094701,335393,17043,0.8830059725856032,False
1,D1_R2_RETURN_PATH_CSZ_ONLY,20260715,13,validation_early,complete_day_n,107.0,107,17043,0.8830059725856032,False
1,D1_R2_RETURN_PATH_CSZ_ONLY,20260715,13,validation_early,mean_rankic,0.0022766737266367,107,17043,0.8830059725856032,False
1,D1_R2_RETURN_PATH_CSZ_ONLY,20260715,13,validation_early,score_coverage,1.0,51932,17043,0.8830059725856032,False
1,D1_R2_RETURN_PATH_CSZ_ONLY,20260715,14,train,loss_diff,0.0952294180239205,335393,18354,0.874005903935194,False
1,D1_R2_RETURN_PATH_CSZ_ONLY,20260715,14,train,loss_koop,0.0268748415776036,335393,18354,0.874005903935194,False
1,D1_R2_RETURN_PATH_CSZ_ONLY,20260715,14,train,loss_rec,0.0470689401902547,335393,18354,0.874005903935194,False
1,D1_R2_RETURN_PATH_CSZ_ONLY,20260715,14,train,loss_total,0.1691732000889197,335393,18354,0.874005903935194,False
1,D1_R2_RETURN_PATH_CSZ_ONLY,20260715,14,validation_early,complete_day_n,107.0,107,18354,0.874005903935194,False
1,D1_R2_RETURN_PATH_CSZ_ONLY,20260715,14,validation_early,mean_rankic,0.0027143981603045,107,18354,0.874005903935194,False
1,D1_R2_RETURN_PATH_CSZ_ONLY,20260715,14,validation_early,score_coverage,1.0,51932,18354,0.874005903935194,False
1,D1_R2_RETURN_PATH_CSZ_ONLY,20260715,15,train,loss_diff,0.0933093367960009,335393,19665,0.8650058352847847,False
1,D1_R2_RETURN_PATH_CSZ_ONLY,20260715,15,train,loss_koop,0.0267681687888716,335393,19665,0.8650058352847847,False
1,D1_R2_RETURN_PATH_CSZ_ONLY,20260715,15,train,loss_rec,0.0467192182452723,335393,19665,0.8650058352847847,False
1,D1_R2_RETURN_PATH_CSZ_ONLY,20260715,15,train,loss_total,0.1667967238528924,335393,19665,0.8650058352847847,False
1,D1_R2_RETURN_PATH_CSZ_ONLY,20260715,15,validation_early,complete_day_n,107.0,107,19665,0.8650058352847847,False
1,D1_R2_RETURN_PATH_CSZ_ONLY,20260715,15,validation_early,mean_rankic,-0.0007996440736554,107,19665,0.8650058352847847,False
1,D1_R2_RETURN_PATH_CSZ_ONLY,20260715,15,validation_early,score_coverage,1.0,51932,19665,0.8650058352847847,False
1,D1_R2_RETURN_PATH_CSZ_ONLY,20260715,16,train,loss_diff,0.0913787850627707,335393,20976,0.8560057666343756,True
1,D1_R2_RETURN_PATH_CSZ_ONLY,20260715,16,train,loss_koop,0.026588982494179,335393,20976,0.8560057666343756,True
1,D1_R2_RETURN_PATH_CSZ_ONLY,20260715,16,train,loss_rec,0.0463234254091032,335393,20976,0.8560057666343756,True
1,D1_R2_RETURN_PATH_CSZ_ONLY,20260715,16,train,loss_total,0.1642911933765654,335393,20976,0.8560057666343756,True
1,D1_R2_RETURN_PATH_CSZ_ONLY,20260715,16,validation_early,complete_day_n,107.0,107,20976,0.8560057666343756,True
1,D1_R2_RETURN_PATH_CSZ_ONLY,20260715,16,validation_early,mean_rankic,0.0053582263385163,107,20976,0.8560057666343756,True
1,D1_R2_RETURN_PATH_CSZ_ONLY,20260715,16,validation_early,score_coverage,1.0,51932,20976,0.8560057666343756,True
1,D1_R2_RETURN_PATH_CSZ_ONLY,20260715,17,train,loss_diff,0.0893272802850858,335393,22287,0.8470056979839663,False
1,D1_R2_RETURN_PATH_CSZ_ONLY,20260715,17,train,loss_koop,0.0264378450773866,335393,22287,0.8470056979839663,False
1,D1_R2_RETURN_PATH_CSZ_ONLY,20260715,17,train,loss_rec,0.0459058100504639,335393,22287,0.8470056979839663,False
1,D1_R2_RETURN_PATH_CSZ_ONLY,20260715,17,train,loss_total,0.1616709356555463,335393,22287,0.8470056979839663,False
1,D1_R2_RETURN_PATH_CSZ_ONLY,20260715,17,validation_early,complete_day_n,107.0,107,22287,0.8470056979839663,False
1,D1_R2_RETURN_PATH_CSZ_ONLY,20260715,17,validation_early,mean_rankic,0.0037496710695907,107,22287,0.8470056979839663,False
1,D1_R2_RETURN_PATH_CSZ_ONLY,20260715,17,validation_early,score_coverage,1.0,51932,22287,0.8470056979839663,False
1,D1_R2_RETURN_PATH_CSZ_ONLY,20260715,18,train,loss_diff,0.0877556431170703,335393,23598,0.8380056293335572,False
1,D1_R2_RETURN_PATH_CSZ_ONLY,20260715,18,train,loss_koop,0.0263082672396843,335393,23598,0.8380056293335572,False
1,D1_R2_RETURN_PATH_CSZ_ONLY,20260715,18,train,loss_rec,0.0458641527680363,335393,23598,0.8380056293335572,False
1,D1_R2_RETURN_PATH_CSZ_ONLY,20260715,18,train,loss_total,0.1599280632582501,335393,23598,0.8380056293335572,False
1,D1_R2_RETURN_PATH_CSZ_ONLY,20260715,18,validation_early,complete_day_n,107.0,107,23598,0.8380056293335572,False
1,D1_R2_RETURN_PATH_CSZ_ONLY,20260715,18,validation_early,mean_rankic,-0.0004370798395978,107,23598,0.8380056293335572,False
1,D1_R2_RETURN_PATH_CSZ_ONLY,20260715,18,validation_early,score_coverage,1.0,51932,23598,0.8380056293335572,False
1,D1_R2_RETURN_PATH_CSZ_ONLY,20260715,19,train,loss_diff,0.0859783087994205,335393,24909,0.8290055606831479,False
1,D1_R2_RETURN_PATH_CSZ_ONLY,20260715,19,train,loss_koop,0.0261993270854558,335393,24909,0.8290055606831479,False
1,D1_R2_RETURN_PATH_CSZ_ONLY,20260715,19,train,loss_rec,0.0456832869956667,335393,24909,0.8290055606831479,False
1,D1_R2_RETURN_PATH_CSZ_ONLY,20260715,19,train,loss_total,0.1578609233077498,335393,24909,0.8290055606831479,False
1,D1_R2_RETURN_PATH_CSZ_ONLY,20260715,19,validation_early,complete_day_n,107.0,107,24909,0.8290055606831479,False
1,D1_R2_RETURN_PATH_CSZ_ONLY,20260715,19,validation_early,mean_rankic,0.0013663818126358,107,24909,0.8290055606831479,False
1,D1_R2_RETURN_PATH_CSZ_ONLY,20260715,19,validation_early,score_coverage,1.0,51932,24909,0.8290055606831479,False
1,D1_R2_RETURN_PATH_CSZ_ONLY,20260715,20,train,loss_diff,0.0847142389939792,335393,26220,0.8200054920327386,False
1,D1_R2_RETURN_PATH_CSZ_ONLY,20260715,20,train,loss_koop,0.02611281018464,335393,26220,0.8200054920327386,False
1,D1_R2_RETURN_PATH_CSZ_ONLY,20260715,20,train,loss_rec,0.0451174104354607,335393,26220,0.8200054920327386,False
1,D1_R2_RETURN_PATH_CSZ_ONLY,20260715,20,train,loss_total,0.1559444596620522,335393,26220,0.8200054920327386,False
1,D1_R2_RETURN_PATH_CSZ_ONLY,20260715,20,validation_early,complete_day_n,107.0,107,26220,0.8200054920327386,False
1,D1_R2_RETURN_PATH_CSZ_ONLY,20260715,20,validation_early,mean_rankic,0.0042962661477466,107,26220,0.8200054920327386,False
1,D1_R2_RETURN_PATH_CSZ_ONLY,20260715,20,validation_early,score_coverage,1.0,51932,26220,0.8200054920327386,False
1,D1_R2_RETURN_PATH_CSZ_ONLY,20260715,21,train,loss_diff,0.0833817891679062,335393,27531,0.8110054233823294,False
1,D1_R2_RETURN_PATH_CSZ_ONLY,20260715,21,train,loss_koop,0.0259599535007519,335393,27531,0.8110054233823294,False
1,D1_R2_RETURN_PATH_CSZ_ONLY,20260715,21,train,loss_rec,0.0452159607841533,335393,27531,0.8110054233823294,False
1,D1_R2_RETURN_PATH_CSZ_ONLY,20260715,21,train,loss_total,0.1545577037071173,335393,27531,0.8110054233823294,False
1,D1_R2_RETURN_PATH_CSZ_ONLY,20260715,21,validation_early,complete_day_n,107.0,107,27531,0.8110054233823294,False
1,D1_R2_RETURN_PATH_CSZ_ONLY,20260715,21,validation_early,mean_rankic,0.0031968236347655,107,27531,0.8110054233823294,False
1,D1_R2_RETURN_PATH_CSZ_ONLY,20260715,21,validation_early,score_coverage,1.0,51932,27531,0.8110054233823294,False
1,D1_R2_RETURN_PATH_CSZ_ONLY,20260715,22,train,loss_diff,0.0820995721764842,335393,28842,0.8020053547319201,False
1,D1_R2_RETURN_PATH_CSZ_ONLY,20260715,22,train,loss_koop,0.0259463416828477,335393,28842,0.8020053547319201,False
1,D1_R2_RETURN_PATH_CSZ_ONLY,20260715,22,train,loss_rec,0.0451004419335165,335393,28842,0.8020053547319201,False
1,D1_R2_RETURN_PATH_CSZ_ONLY,20260715,22,train,loss_total,0.1531463561116818,335393,28842,0.8020053547319201,False
1,D1_R2_RETURN_PATH_CSZ_ONLY,20260715,22,validation_early,complete_day_n,107.0,107,28842,0.8020053547319201,False
1,D1_R2_RETURN_PATH_CSZ_ONLY,20260715,22,validation_early,mean_rankic,0.0013599709312712,107,28842,0.8020053547319201,False
1,D1_R2_RETURN_PATH_CSZ_ONLY,20260715,22,validation_early,score_coverage,1.0,51932,28842,0.8020053547319201,False
1,D1_R2_RETURN_PATH_CSZ_ONLY,20260715,23,train,loss_diff,0.0810386177022451,335393,30153,0.7930052860815109,False
1,D1_R2_RETURN_PATH_CSZ_ONLY,20260715,23,train,loss_koop,0.0258721758387997,335393,30153,0.7930052860815109,False
1,D1_R2_RETURN_PATH_CSZ_ONLY,20260715,23,train,loss_rec,0.0449143038252185,335393,30153,0.7930052860815109,False
1,D1_R2_RETURN_PATH_CSZ_ONLY,20260715,23,train,loss_total,0.1518250978050271,335393,30153,0.7930052860815109,False
1,D1_R2_RETURN_PATH_CSZ_ONLY,20260715,23,validation_early,complete_day_n,107.0,107,30153,0.7930052860815109,False
1,D1_R2_RETURN_PATH_CSZ_ONLY,20260715,23,validation_early,mean_rankic,0.0041901384513978,107,30153,0.7930052860815109,False
1,D1_R2_RETURN_PATH_CSZ_ONLY,20260715,23,validation_early,score_coverage,1.0,51932,30153,0.7930052860815109,False
1,D1_R2_RETURN_PATH_CSZ_ONLY,20260715,24,train,loss_diff,0.0799357759922928,335393,31464,0.7840052174311016,False
1,D1_R2_RETURN_PATH_CSZ_ONLY,20260715,24,train,loss_koop,0.0257918033019008,335393,31464,0.7840052174311016,False
1,D1_R2_RETURN_PATH_CSZ_ONLY,20260715,24,train,loss_rec,0.0447627573937758,335393,31464,0.7840052174311016,False
1,D1_R2_RETURN_PATH_CSZ_ONLY,20260715,24,train,loss_total,0.1504903366447679,335393,31464,0.7840052174311016,False
1,D1_R2_RETURN_PATH_CSZ_ONLY,20260715,24,validation_early,complete_day_n,107.0,107,31464,0.7840052174311016,False
1,D1_R2_RETURN_PATH_CSZ_ONLY,20260715,24,validation_early,mean_rankic,0.0006605663156927,107,31464,0.7840052174311016,False
1,D1_R2_RETURN_PATH_CSZ_ONLY,20260715,24,validation_early,score_coverage,1.0,51932,31464,0.7840052174311016,False
1,D1_R2_RETURN_PATH_CSZ_ONLY,20260715,25,train,loss_diff,0.0789411528301511,335393,32775,0.7750051487806924,False
1,D1_R2_RETURN_PATH_CSZ_ONLY,20260715,25,train,loss_koop,0.0257569410960652,335393,32775,0.7750051487806924,False
1,D1_R2_RETURN_PATH_CSZ_ONLY,20260715,25,train,loss_rec,0.0444724852751588,335393,32775,0.7750051487806924,False
1,D1_R2_RETURN_PATH_CSZ_ONLY,20260715,25,train,loss_total,0.1491705790862153,335393,32775,0.7750051487806924,False
1,D1_R2_RETURN_PATH_CSZ_ONLY,20260715,25,validation_early,complete_day_n,107.0,107,32775,0.7750051487806924,False
1,D1_R2_RETURN_PATH_CSZ_ONLY,20260715,25,validation_early,mean_rankic,0.0038789843249298,107,32775,0.7750051487806924,False
1,D1_R2_RETURN_PATH_CSZ_ONLY,20260715,25,validation_early,score_coverage,1.0,51932,32775,0.7750051487806924,False
1,D1_R2_RETURN_PATH_CSZ_ONLY,20260715,26,train,loss_diff,0.0779337948860423,335393,34086,0.7660050801302832,False
1,D1_R2_RETURN_PATH_CSZ_ONLY,20260715,26,train,loss_koop,0.0257422532030398,335393,34086,0.7660050801302832,False
1,D1_R2_RETURN_PATH_CSZ_ONLY,20260715,26,train,loss_rec,0.0444202761072222,335393,34086,0.7660050801302832,False
1,D1_R2_RETURN_PATH_CSZ_ONLY,20260715,26,train,loss_total,0.1480963244752849,335393,34086,0.7660050801302832,False
1,D1_R2_RETURN_PATH_CSZ_ONLY,20260715,26,validation_early,complete_day_n,107.0,107,34086,0.7660050801302832,False
1,D1_R2_RETURN_PATH_CSZ_ONLY,20260715,26,validation_early,mean_rankic,0.0021867282491503,107,34086,0.7660050801302832,False
1,D1_R2_RETURN_PATH_CSZ_ONLY,20260715,26,validation_early,score_coverage,1.0,51932,34086,0.7660050801302832,False
2,D2_R2_GRADBAL_ONLY,20260713,1,train,loss_diff,0.2197286222970467,335393,1311,0.991006796390514,False
2,D2_R2_GRADBAL_ONLY,20260713,1,train,loss_koop,9.474022413303114e-05,335393,1311,0.991006796390514,False
2,D2_R2_GRADBAL_ONLY,20260713,1,train,loss_rec,0.0103790969212895,335393,1311,0.991006796390514,False
2,D2_R2_GRADBAL_ONLY,20260713,1,train,loss_total,0.0348380772643508,335393,1311,0.991006796390514,False
2,D2_R2_GRADBAL_ONLY,20260713,1,validation_early,complete_day_n,107.0,107,1311,0.991006796390514,False
2,D2_R2_GRADBAL_ONLY,20260713,1,validation_early,mean_rankic,-0.0052209066965628,107,1311,0.991006796390514,False
2,D2_R2_GRADBAL_ONLY,20260713,1,validation_early,score_coverage,1.0,51932,1311,0.991006796390514,False
2,D2_R2_GRADBAL_ONLY,20260713,2,train,loss_diff,0.1181173319147745,335393,2622,0.9820067277401048,False
2,D2_R2_GRADBAL_ONLY,20260713,2,train,loss_koop,1.206756877432994e-06,335393,2622,0.9820067277401048,False
2,D2_R2_GRADBAL_ONLY,20260713,2,train,loss_rec,0.0018429389714679,335393,2622,0.9820067277401048,False
2,D2_R2_GRADBAL_ONLY,20260713,2,train,loss_total,0.0184040795491867,335393,2622,0.9820067277401048,False
2,D2_R2_GRADBAL_ONLY,20260713,2,validation_early,complete_day_n,107.0,107,2622,0.9820067277401048,False
2,D2_R2_GRADBAL_ONLY,20260713,2,validation_early,mean_rankic,-0.0032001208027241,107,2622,0.9820067277401048,False
2,D2_R2_GRADBAL_ONLY,20260713,2,validation_early,score_coverage,1.0,51932,2622,0.9820067277401048,False
2,D2_R2_GRADBAL_ONLY,20260713,3,train,loss_diff,0.1039852673041741,335393,3933,0.9730066590896956,False
2,D2_R2_GRADBAL_ONLY,20260713,3,train,loss_koop,3.8587177633315763e-07,335393,3933,0.9730066590896956,False
2,D2_R2_GRADBAL_ONLY,20260713,3,train,loss_rec,0.0015023328397045,335393,3933,0.9730066590896956,False
2,D2_R2_GRADBAL_ONLY,20260713,3,train,loss_total,0.0161943151536823,335393,3933,0.9730066590896956,False
2,D2_R2_GRADBAL_ONLY,20260713,3,validation_early,complete_day_n,107.0,107,3933,0.9730066590896956,False
2,D2_R2_GRADBAL_ONLY,20260713,3,validation_early,mean_rankic,-0.001330012438155,107,3933,0.9730066590896956,False
2,D2_R2_GRADBAL_ONLY,20260713,3,validation_early,score_coverage,1.0,51932,3933,0.9730066590896956,False
2,D2_R2_GRADBAL_ONLY,20260713,4,train,loss_diff,0.0955282574861334,335393,5244,0.9640065904392864,False
2,D2_R2_GRADBAL_ONLY,20260713,4,train,loss_koop,1.5718581201670325e-07,335393,5244,0.9640065904392864,False
2,D2_R2_GRADBAL_ONLY,20260713,4,train,loss_rec,0.0014977981607986,335393,5244,0.9640065904392864,False
2,D2_R2_GRADBAL_ONLY,20260713,4,train,loss_total,0.0148825059228459,335393,5244,0.9640065904392864,False
2,D2_R2_GRADBAL_ONLY,20260713,4,validation_early,complete_day_n,107.0,107,5244,0.9640065904392864,False
2,D2_R2_GRADBAL_ONLY,20260713,4,validation_early,mean_rankic,0.0031135659685498,107,5244,0.9640065904392864,False
2,D2_R2_GRADBAL_ONLY,20260713,4,validation_early,score_coverage,1.0,51932,5244,0.9640065904392864,False
2,D2_R2_GRADBAL_ONLY,20260713,5,train,loss_diff,0.0895953448953674,335393,6555,0.9550065217888772,False
2,D2_R2_GRADBAL_ONLY,20260713,5,train,loss_koop,6.843812935608583e-08,335393,6555,0.9550065217888772,False
2,D2_R2_GRADBAL_ONLY,20260713,5,train,loss_rec,0.0014984318493082,335393,6555,0.9550065217888772,False
2,D2_R2_GRADBAL_ONLY,20260713,5,train,loss_total,0.0139626108155446,335393,6555,0.9550065217888772,False
2,D2_R2_GRADBAL_ONLY,20260713,5,validation_early,complete_day_n,107.0,107,6555,0.9550065217888772,False
2,D2_R2_GRADBAL_ONLY,20260713,5,validation_early,mean_rankic,-0.0005995873060922,107,6555,0.9550065217888772,False
2,D2_R2_GRADBAL_ONLY,20260713,5,validation_early,score_coverage,1.0,51932,6555,0.9550065217888772,False
2,D2_R2_GRADBAL_ONLY,20260713,6,train,loss_diff,0.0842305261351164,335393,7866,0.946006453138468,False
2,D2_R2_GRADBAL_ONLY,20260713,6,train,loss_koop,3.3246124809348615e-08,335393,7866,0.946006453138468,False
2,D2_R2_GRADBAL_ONLY,20260713,6,train,loss_rec,0.0014993406924869,335393,7866,0.946006453138468,False
2,D2_R2_GRADBAL_ONLY,20260713,6,train,loss_total,0.0131309409234534,335393,7866,0.946006453138468,False
2,D2_R2_GRADBAL_ONLY,20260713,6,validation_early,complete_day_n,107.0,107,7866,0.946006453138468,False
2,D2_R2_GRADBAL_ONLY,20260713,6,validation_early,mean_rankic,0.0037991064051528,107,7866,0.946006453138468,False
2,D2_R2_GRADBAL_ONLY,20260713,6,validation_early,score_coverage,1.0,51932,7866,0.946006453138468,False
2,D2_R2_GRADBAL_ONLY,20260713,7,train,loss_diff,0.0797822721070168,335393,9177,0.9370063844880586,False
2,D2_R2_GRADBAL_ONLY,20260713,7,train,loss_koop,1.8264416339981708e-08,335393,9177,0.9370063844880586,False
2,D2_R2_GRADBAL_ONLY,20260713,7,train,loss_rec,0.0014997128624349,335393,9177,0.9370063844880586,False
2,D2_R2_GRADBAL_ONLY,20260713,7,train,loss_total,0.0124413804458441,335393,9177,0.9370063844880586,False
2,D2_R2_GRADBAL_ONLY,20260713,7,validation_early,complete_day_n,107.0,107,9177,0.9370063844880586,False
2,D2_R2_GRADBAL_ONLY,20260713,7,validation_early,mean_rankic,-0.0018484608378732,107,9177,0.9370063844880586,False
2,D2_R2_GRADBAL_ONLY,20260713,7,validation_early,score_coverage,1.0,51932,9177,0.9370063844880586,False
2,D2_R2_GRADBAL_ONLY,20260713,8,train,loss_diff,0.0760207167061906,335393,10488,0.9280063158376494,True
2,D2_R2_GRADBAL_ONLY,20260713,8,train,loss_koop,1.0859505621112729e-08,335393,10488,0.9280063158376494,True
2,D2_R2_GRADBAL_ONLY,20260713,8,train,loss_rec,0.001500096138717,335393,10488,0.9280063158376494,True
2,D2_R2_GRADBAL_ONLY,20260713,8,train,loss_total,0.0118582888666821,335393,10488,0.9280063158376494,True
2,D2_R2_GRADBAL_ONLY,20260713,8,validation_early,complete_day_n,107.0,107,10488,0.9280063158376494,True
2,D2_R2_GRADBAL_ONLY,20260713,8,validation_early,mean_rankic,0.0044011517655014,107,10488,0.9280063158376494,True
2,D2_R2_GRADBAL_ONLY,20260713,8,validation_early,score_coverage,1.0,51932,10488,0.9280063158376494,True
2,D2_R2_GRADBAL_ONLY,20260713,9,train,loss_diff,0.072987142093806,335393,11799,0.9190062471872402,False
2,D2_R2_GRADBAL_ONLY,20260713,9,train,loss_koop,7.301412720351341e-09,335393,11799,0.9190062471872402,False
2,D2_R2_GRADBAL_ONLY,20260713,9,train,loss_rec,0.0015004075446772,335393,11799,0.9190062471872402,False
2,D2_R2_GRADBAL_ONLY,20260713,9,train,loss_total,0.0113880509320513,335393,11799,0.9190062471872402,False
2,D2_R2_GRADBAL_ONLY,20260713,9,validation_early,complete_day_n,107.0,107,11799,0.9190062471872402,False
2,D2_R2_GRADBAL_ONLY,20260713,9,validation_early,mean_rankic,-0.0042287233807198,107,11799,0.9190062471872402,False
2,D2_R2_GRADBAL_ONLY,20260713,9,validation_early,score_coverage,1.0,51932,11799,0.9190062471872402,False
2,D2_R2_GRADBAL_ONLY,20260713,10,train,loss_diff,0.0701505901003239,335393,13110,0.910006178536831,False
2,D2_R2_GRADBAL_ONLY,20260713,10,train,loss_koop,5.445796941513169e-09,335393,13110,0.910006178536831,False
2,D2_R2_GRADBAL_ONLY,20260713,10,train,loss_rec,0.0015003350325395,335393,13110,0.910006178536831,False
2,D2_R2_GRADBAL_ONLY,20260713,10,train,loss_total,0.0109483398936501,335393,13110,0.910006178536831,False
2,D2_R2_GRADBAL_ONLY,20260713,10,validation_early,complete_day_n,107.0,107,13110,0.910006178536831,False
2,D2_R2_GRADBAL_ONLY,20260713,10,validation_early,mean_rankic,-0.0048055482107367,107,13110,0.910006178536831,False
2,D2_R2_GRADBAL_ONLY,20260713,10,validation_early,score_coverage,1.0,51932,13110,0.910006178536831,False
2,D2_R2_GRADBAL_ONLY,20260713,11,train,loss_diff,0.0678110671552223,335393,14421,0.9010061098864216,False
2,D2_R2_GRADBAL_ONLY,20260713,11,train,loss_koop,4.325461246624166e-09,335393,14421,0.9010061098864216,False
2,D2_R2_GRADBAL_ONLY,20260713,11,train,loss_rec,0.0015003082906295,335393,14421,0.9010061098864216,False
2,D2_R2_GRADBAL_ONLY,20260713,11,train,loss_total,0.0105856790856172,335393,14421,0.9010061098864216,False
2,D2_R2_GRADBAL_ONLY,20260713,11,validation_early,complete_day_n,107.0,107,14421,0.9010061098864216,False
2,D2_R2_GRADBAL_ONLY,20260713,11,validation_early,mean_rankic,-0.0014141076793628,107,14421,0.9010061098864216,False
2,D2_R2_GRADBAL_ONLY,20260713,11,validation_early,score_coverage,1.0,51932,14421,0.9010061098864216,False
2,D2_R2_GRADBAL_ONLY,20260713,12,train,loss_diff,0.0658295706693514,335393,15732,0.8920060412360125,False
2,D2_R2_GRADBAL_ONLY,20260713,12,train,loss_koop,3.441955360792874e-09,335393,15732,0.8920060412360125,False
2,D2_R2_GRADBAL_ONLY,20260713,12,train,loss_rec,0.0015003459156909,335393,15732,0.8920060412360125,False
2,D2_R2_GRADBAL_ONLY,20260713,12,train,loss_total,0.0102785208483256,335393,15732,0.8920060412360125,False
2,D2_R2_GRADBAL_ONLY,20260713,12,validation_early,complete_day_n,107.0,107,15732,0.8920060412360125,False
2,D2_R2_GRADBAL_ONLY,20260713,12,validation_early,mean_rankic,0.003488266158515,107,15732,0.8920060412360125,False
2,D2_R2_GRADBAL_ONLY,20260713,12,validation_early,score_coverage,1.0,51932,15732,0.8920060412360125,False
2,D2_R2_GRADBAL_ONLY,20260713,13,train,loss_diff,0.0642483743768404,335393,17043,0.8830059725856032,False
2,D2_R2_GRADBAL_ONLY,20260713,13,train,loss_koop,2.7997802849838964e-09,335393,17043,0.8830059725856032,False
2,D2_R2_GRADBAL_ONLY,20260713,13,train,loss_rec,0.0015003536188064,335393,17043,0.8830059725856032,False
2,D2_R2_GRADBAL_ONLY,20260713,13,train,loss_total,0.0100334135194845,335393,17043,0.8830059725856032,False
2,D2_R2_GRADBAL_ONLY,20260713,13,validation_early,complete_day_n,107.0,107,17043,0.8830059725856032,False
2,D2_R2_GRADBAL_ONLY,20260713,13,validation_early,mean_rankic,0.0042470353297545,107,17043,0.8830059725856032,False
2,D2_R2_GRADBAL_ONLY,20260713,13,validation_early,score_coverage,1.0,51932,17043,0.8830059725856032,False
2,D2_R2_GRADBAL_ONLY,20260713,14,train,loss_diff,0.0623338544530962,335393,18354,0.874005903935194,False
2,D2_R2_GRADBAL_ONLY,20260713,14,train,loss_koop,1.8292043478875406e-09,335393,18354,0.874005903935194,False
2,D2_R2_GRADBAL_ONLY,20260713,14,train,loss_rec,0.0015003657762917,335393,18354,0.874005903935194,False
2,D2_R2_GRADBAL_ONLY,20260713,14,train,loss_total,0.0097366360359855,335393,18354,0.874005903935194,False
2,D2_R2_GRADBAL_ONLY,20260713,14,validation_early,complete_day_n,107.0,107,18354,0.874005903935194,False
2,D2_R2_GRADBAL_ONLY,20260713,14,validation_early,mean_rankic,-0.0004009953445945,107,18354,0.874005903935194,False
2,D2_R2_GRADBAL_ONLY,20260713,14,validation_early,score_coverage,1.0,51932,18354,0.874005903935194,False
2,D2_R2_GRADBAL_ONLY,20260713,15,train,loss_diff,0.0607927847618339,335393,19665,0.8650058352847847,False
2,D2_R2_GRADBAL_ONLY,20260713,15,train,loss_koop,1.5384396382647796e-09,335393,19665,0.8650058352847847,False
2,D2_R2_GRADBAL_ONLY,20260713,15,train,loss_rec,0.0015001487838333,335393,19665,0.8650058352847847,False
2,D2_R2_GRADBAL_ONLY,20260713,15,train,loss_total,0.0094977387504551,335393,19665,0.8650058352847847,False
2,D2_R2_GRADBAL_ONLY,20260713,15,validation_early,complete_day_n,107.0,107,19665,0.8650058352847847,False
2,D2_R2_GRADBAL_ONLY,20260713,15,validation_early,mean_rankic,-0.0007340406214299,107,19665,0.8650058352847847,False
2,D2_R2_GRADBAL_ONLY,20260713,15,validation_early,score_coverage,1.0,51932,19665,0.8650058352847847,False
2,D2_R2_GRADBAL_ONLY,20260713,16,train,loss_diff,0.0596320417376128,335393,20976,0.8560057666343756,False
2,D2_R2_GRADBAL_ONLY,20260713,16,train,loss_koop,1.0706032559340767e-09,335393,20976,0.8560057666343756,False
2,D2_R2_GRADBAL_ONLY,20260713,16,train,loss_rec,0.0015000927653069,335393,20976,0.8560057666343756,False
2,D2_R2_GRADBAL_ONLY,20260713,16,train,loss_total,0.0093178044733445,335393,20976,0.8560057666343756,False
2,D2_R2_GRADBAL_ONLY,20260713,16,validation_early,complete_day_n,107.0,107,20976,0.8560057666343756,False
2,D2_R2_GRADBAL_ONLY,20260713,16,validation_early,mean_rankic,-0.0003668058534496,107,20976,0.8560057666343756,False
2,D2_R2_GRADBAL_ONLY,20260713,16,validation_early,score_coverage,1.0,51932,20976,0.8560057666343756,False
2,D2_R2_GRADBAL_ONLY,20260713,17,train,loss_diff,0.0581665422278026,335393,22287,0.8470056979839663,False
2,D2_R2_GRADBAL_ONLY,20260713,17,train,loss_koop,8.383837568657212e-10,335393,22287,0.8470056979839663,False
2,D2_R2_GRADBAL_ONLY,20260713,17,train,loss_rec,0.0015000770621002,335393,22287,0.8470056979839663,False
2,D2_R2_GRADBAL_ONLY,20260713,17,train,loss_total,0.0090906316554698,335393,22287,0.8470056979839663,False
2,D2_R2_GRADBAL_ONLY,20260713,17,validation_early,complete_day_n,107.0,107,22287,0.8470056979839663,False
2,D2_R2_GRADBAL_ONLY,20260713,17,validation_early,mean_rankic,0.0008283767611159,107,22287,0.8470056979839663,False
2,D2_R2_GRADBAL_ONLY,20260713,17,validation_early,score_coverage,1.0,51932,22287,0.8470056979839663,False
2,D2_R2_GRADBAL_ONLY,20260713,18,train,loss_diff,0.0571282416151279,335393,23598,0.8380056293335572,False
2,D2_R2_GRADBAL_ONLY,20260713,18,train,loss_koop,7.98798393954496e-10,335393,23598,0.8380056293335572,False
2,D2_R2_GRADBAL_ONLY,20260713,18,train,loss_rec,0.0015000583516239,335393,23598,0.8380056293335572,False
2,D2_R2_GRADBAL_ONLY,20260713,18,train,loss_total,0.0089296805862683,335393,23598,0.8380056293335572,False
2,D2_R2_GRADBAL_ONLY,20260713,18,validation_early,complete_day_n,107.0,107,23598,0.8380056293335572,False
2,D2_R2_GRADBAL_ONLY,20260713,18,validation_early,mean_rankic,0.0039222550652568,107,23598,0.8380056293335572,False
2,D2_R2_GRADBAL_ONLY,20260713,18,validation_early,score_coverage,1.0,51932,23598,0.8380056293335572,False
2,D2_R2_GRADBAL_ONLY,20260714,1,train,loss_diff,0.22854985766247,335393,1311,0.991006796390514,False
2,D2_R2_GRADBAL_ONLY,20260714,1,train,loss_koop,8.809598424995518e-05,335393,1311,0.991006796390514,False
2,D2_R2_GRADBAL_ONLY,20260714,1,train,loss_rec,0.0095705496021882,335393,1311,0.991006796390514,False
2,D2_R2_GRADBAL_ONLY,20260714,1,train,loss_total,0.0326093603240429,335393,1311,0.991006796390514,False
2,D2_R2_GRADBAL_ONLY,20260714,1,validation_early,complete_day_n,107.0,107,1311,0.991006796390514,False
2,D2_R2_GRADBAL_ONLY,20260714,1,validation_early,mean_rankic,-0.0060788881052079,107,1311,0.991006796390514,False
2,D2_R2_GRADBAL_ONLY,20260714,1,validation_early,score_coverage,1.0,51932,1311,0.991006796390514,False
2,D2_R2_GRADBAL_ONLY,20260714,2,train,loss_diff,0.1202137006583654,335393,2622,0.9820067277401048,False
2,D2_R2_GRADBAL_ONLY,20260714,2,train,loss_koop,1.4158454835975491e-06,335393,2622,0.9820067277401048,False
2,D2_R2_GRADBAL_ONLY,20260714,2,train,loss_rec,0.0019034748795705,335393,2622,0.9820067277401048,False
2,D2_R2_GRADBAL_ONLY,20260714,2,train,loss_total,0.0168713308716796,335393,2622,0.9820067277401048,False
2,D2_R2_GRADBAL_ONLY,20260714,2,validation_early,complete_day_n,107.0,107,2622,0.9820067277401048,False
2,D2_R2_GRADBAL_ONLY,20260714,2,validation_early,mean_rankic,-0.0047229866438442,107,2622,0.9820067277401048,False
2,D2_R2_GRADBAL_ONLY,20260714,2,validation_early,score_coverage,1.0,51932,2622,0.9820067277401048,False
2,D2_R2_GRADBAL_ONLY,20260714,3,train,loss_diff,0.1057095020054978,335393,3933,0.9730066590896956,False
2,D2_R2_GRADBAL_ONLY,20260714,3,train,loss_koop,4.7411005584931924e-07,335393,3933,0.9730066590896956,False
2,D2_R2_GRADBAL_ONLY,20260714,3,train,loss_rec,0.001509590161266,335393,3933,0.9730066590896956,False
2,D2_R2_GRADBAL_ONLY,20260714,3,train,loss_total,0.0148254790530176,335393,3933,0.9730066590896956,False
2,D2_R2_GRADBAL_ONLY,20260714,3,validation_early,complete_day_n,107.0,107,3933,0.9730066590896956,False
2,D2_R2_GRADBAL_ONLY,20260714,3,validation_early,mean_rankic,-0.0041958690817354,107,3933,0.9730066590896956,False
2,D2_R2_GRADBAL_ONLY,20260714,3,validation_early,score_coverage,1.0,51932,3933,0.9730066590896956,False
2,D2_R2_GRADBAL_ONLY,20260714,4,train,loss_diff,0.0968444167835512,335393,5244,0.9640065904392864,False
2,D2_R2_GRADBAL_ONLY,20260714,4,train,loss_koop,2.120943354098685e-07,335393,5244,0.9640065904392864,False
2,D2_R2_GRADBAL_ONLY,20260714,4,train,loss_rec,0.0014979155803312,335393,5244,0.9640065904392864,False
2,D2_R2_GRADBAL_ONLY,20260714,4,train,loss_total,0.0135872179666155,335393,5244,0.9640065904392864,False
2,D2_R2_GRADBAL_ONLY,20260714,4,validation_early,complete_day_n,107.0,107,5244,0.9640065904392864,False
2,D2_R2_GRADBAL_ONLY,20260714,4,validation_early,mean_rankic,-0.0047486118921305,107,5244,0.9640065904392864,False
2,D2_R2_GRADBAL_ONLY,20260714,4,validation_early,score_coverage,1.0,51932,5244,0.9640065904392864,False
2,D2_R2_GRADBAL_ONLY,20260714,5,train,loss_diff,0.0905543765367426,335393,6555,0.9550065217888772,False
2,D2_R2_GRADBAL_ONLY,20260714,5,train,loss_koop,1.059375792334054e-07,335393,6555,0.9550065217888772,False
2,D2_R2_GRADBAL_ONLY,20260714,5,train,loss_rec,0.0014984223332392,335393,6555,0.9550065217888772,False
2,D2_R2_GRADBAL_ONLY,20260714,5,train,loss_total,0.0127092928618315,335393,6555,0.9550065217888772,False
2,D2_R2_GRADBAL_ONLY,20260714,5,validation_early,complete_day_n,107.0,107,6555,0.9550065217888772,False
2,D2_R2_GRADBAL_ONLY,20260714,5,validation_early,mean_rankic,-0.0043545602322943,107,6555,0.9550065217888772,False
2,D2_R2_GRADBAL_ONLY,20260714,5,validation_early,score_coverage,1.0,51932,6555,0.9550065217888772,False
2,D2_R2_GRADBAL_ONLY,20260714,6,train,loss_diff,0.085720371276894,335393,7866,0.946006453138468,False
2,D2_R2_GRADBAL_ONLY,20260714,6,train,loss_koop,6.072258670188668e-08,335393,7866,0.946006453138468,False
2,D2_R2_GRADBAL_ONLY,20260714,6,train,loss_rec,0.0014989771840674,335393,7866,0.946006453138468,False
2,D2_R2_GRADBAL_ONLY,20260714,6,train,loss_total,0.0120347025713517,335393,7866,0.946006453138468,False
2,D2_R2_GRADBAL_ONLY,20260714,6,validation_early,complete_day_n,107.0,107,7866,0.946006453138468,False
2,D2_R2_GRADBAL_ONLY,20260714,6,validation_early,mean_rankic,-0.0017519703762167,107,7866,0.946006453138468,False
2,D2_R2_GRADBAL_ONLY,20260714,6,validation_early,score_coverage,1.0,51932,7866,0.946006453138468,False
2,D2_R2_GRADBAL_ONLY,20260714,7,train,loss_diff,0.0812328939179655,335393,9177,0.9370063844880586,False
2,D2_R2_GRADBAL_ONLY,20260714,7,train,loss_koop,3.6202891775145736e-08,335393,9177,0.9370063844880586,False
2,D2_R2_GRADBAL_ONLY,20260714,7,train,loss_rec,0.0014997590434122,335393,9177,0.9370063844880586,False
2,D2_R2_GRADBAL_ONLY,20260714,7,train,loss_total,0.0114085328108284,335393,9177,0.9370063844880586,False
2,D2_R2_GRADBAL_ONLY,20260714,7,validation_early,complete_day_n,107.0,107,9177,0.9370063844880586,False
2,D2_R2_GRADBAL_ONLY,20260714,7,validation_early,mean_rankic,-0.0059779308699803,107,9177,0.9370063844880586,False
2,D2_R2_GRADBAL_ONLY,20260714,7,validation_early,score_coverage,1.0,51932,9177,0.9370063844880586,False
2,D2_R2_GRADBAL_ONLY,20260714,8,train,loss_diff,0.0769949359971601,335393,10488,0.9280063158376494,False
2,D2_R2_GRADBAL_ONLY,20260714,8,train,loss_koop,2.1329117042146192e-08,335393,10488,0.9280063158376494,False
2,D2_R2_GRADBAL_ONLY,20260714,8,train,loss_rec,0.0015000063049133,335393,10488,0.9280063158376494,False
2,D2_R2_GRADBAL_ONLY,20260714,8,train,loss_total,0.0108171793203894,335393,10488,0.9280063158376494,False
2,D2_R2_GRADBAL_ONLY,20260714,8,validation_early,complete_day_n,107.0,107,10488,0.9280063158376494,False
2,D2_R2_GRADBAL_ONLY,20260714,8,validation_early,mean_rankic,0.004899257934964,107,10488,0.9280063158376494,False
2,D2_R2_GRADBAL_ONLY,20260714,8,validation_early,score_coverage,1.0,51932,10488,0.9280063158376494,False
2,D2_R2_GRADBAL_ONLY,20260714,9,train,loss_diff,0.0732848305484239,335393,11799,0.9190062471872402,False
2,D2_R2_GRADBAL_ONLY,20260714,9,train,loss_koop,1.3225515399794156e-08,335393,11799,0.9190062471872402,False
2,D2_R2_GRADBAL_ONLY,20260714,9,train,loss_rec,0.0015002565035158,335393,11799,0.9190062471872402,False
2,D2_R2_GRADBAL_ONLY,20260714,9,train,loss_total,0.0102994964815498,335393,11799,0.9190062471872402,False
2,D2_R2_GRADBAL_ONLY,20260714,9,validation_early,complete_day_n,107.0,107,11799,0.9190062471872402,False
2,D2_R2_GRADBAL_ONLY,20260714,9,validation_early,mean_rankic,0.0018236144891464,107,11799,0.9190062471872402,False
2,D2_R2_GRADBAL_ONLY,20260714,9,validation_early,score_coverage,1.0,51932,11799,0.9190062471872402,False
2,D2_R2_GRADBAL_ONLY,20260714,10,train,loss_diff,0.0702335876823754,335393,13110,0.910006178536831,False
2,D2_R2_GRADBAL_ONLY,20260714,10,train,loss_koop,8.624566420494148e-09,335393,13110,0.910006178536831,False
2,D2_R2_GRADBAL_ONLY,20260714,10,train,loss_rec,0.0015004148174761,335393,13110,0.910006178536831,False
2,D2_R2_GRADBAL_ONLY,20260714,10,train,loss_total,0.009873750292271,335393,13110,0.910006178536831,False
2,D2_R2_GRADBAL_ONLY,20260714,10,validation_early,complete_day_n,107.0,107,13110,0.910006178536831,False
2,D2_R2_GRADBAL_ONLY,20260714,10,validation_early,mean_rankic,-0.0082337363596846,107,13110,0.910006178536831,False
2,D2_R2_GRADBAL_ONLY,20260714,10,validation_early,score_coverage,1.0,51932,13110,0.910006178536831,False
2,D2_R2_GRADBAL_ONLY,20260714,11,train,loss_diff,0.0675970177390744,335393,14421,0.9010061098864216,False
2,D2_R2_GRADBAL_ONLY,20260714,11,train,loss_koop,5.759012259698138e-09,335393,14421,0.9010061098864216,False
2,D2_R2_GRADBAL_ONLY,20260714,11,train,loss_rec,0.0015003236522236,335393,14421,0.9010061098864216,False
2,D2_R2_GRADBAL_ONLY,20260714,11,train,loss_total,0.0095058561527132,335393,14421,0.9010061098864216,False
2,D2_R2_GRADBAL_ONLY,20260714,11,validation_early,complete_day_n,107.0,107,14421,0.9010061098864216,False
2,D2_R2_GRADBAL_ONLY,20260714,11,validation_early,mean_rankic,0.0029906385506553,107,14421,0.9010061098864216,False
2,D2_R2_GRADBAL_ONLY,20260714,11,validation_early,score_coverage,1.0,51932,14421,0.9010061098864216,False
2,D2_R2_GRADBAL_ONLY,20260714,12,train,loss_diff,0.0653524033967332,335393,15732,0.8920060412360125,False
2,D2_R2_GRADBAL_ONLY,20260714,12,train,loss_koop,4.033082611949825e-09,335393,15732,0.8920060412360125,False
2,D2_R2_GRADBAL_ONLY,20260714,12,train,loss_rec,0.0015001013975884,335393,15732,0.8920060412360125,False
2,D2_R2_GRADBAL_ONLY,20260714,12,train,loss_total,0.0091926484349878,335393,15732,0.8920060412360125,False
2,D2_R2_GRADBAL_ONLY,20260714,12,validation_early,complete_day_n,107.0,107,15732,0.8920060412360125,False
2,D2_R2_GRADBAL_ONLY,20260714,12,validation_early,mean_rankic,0.0062438082386649,107,15732,0.8920060412360125,False
2,D2_R2_GRADBAL_ONLY,20260714,12,validation_early,score_coverage,1.0,51932,15732,0.8920060412360125,False
2,D2_R2_GRADBAL_ONLY,20260714,13,train,loss_diff,0.0635109190217719,335393,17043,0.8830059725856032,False
2,D2_R2_GRADBAL_ONLY,20260714,13,train,loss_koop,3.471453218797094e-09,335393,17043,0.8830059725856032,False
2,D2_R2_GRADBAL_ONLY,20260714,13,train,loss_rec,0.001500215318101,335393,17043,0.8830059725856032,False
2,D2_R2_GRADBAL_ONLY,20260714,13,train,loss_total,0.0089357094681187,335393,17043,0.8830059725856032,False
2,D2_R2_GRADBAL_ONLY,20260714,13,validation_early,complete_day_n,107.0,107,17043,0.8830059725856032,False
2,D2_R2_GRADBAL_ONLY,20260714,13,validation_early,mean_rankic,0.0070390269778476,107,17043,0.8830059725856032,False
2,D2_R2_GRADBAL_ONLY,20260714,13,validation_early,score_coverage,1.0,51932,17043,0.8830059725856032,False
2,D2_R2_GRADBAL_ONLY,20260714,14,train,loss_diff,0.0616439970168559,335393,18354,0.874005903935194,False
2,D2_R2_GRADBAL_ONLY,20260714,14,train,loss_koop,2.87895630671546e-09,335393,18354,0.874005903935194,False
2,D2_R2_GRADBAL_ONLY,20260714,14,train,loss_rec,0.0015000994649242,335393,18354,0.874005903935194,False
2,D2_R2_GRADBAL_ONLY,20260714,14,train,loss_total,0.0086752097647924,335393,18354,0.874005903935194,False
2,D2_R2_GRADBAL_ONLY,20260714,14,validation_early,complete_day_n,107.0,107,18354,0.874005903935194,False
2,D2_R2_GRADBAL_ONLY,20260714,14,validation_early,mean_rankic,0.0073027932737241,107,18354,0.874005903935194,False
2,D2_R2_GRADBAL_ONLY,20260714,14,validation_early,score_coverage,1.0,51932,18354,0.874005903935194,False
2,D2_R2_GRADBAL_ONLY,20260714,15,train,loss_diff,0.0600314724180297,335393,19665,0.8650058352847847,False
2,D2_R2_GRADBAL_ONLY,20260714,15,train,loss_koop,2.191860674946453e-09,335393,19665,0.8650058352847847,False
2,D2_R2_GRADBAL_ONLY,20260714,15,train,loss_rec,0.0015000006517721,335393,19665,0.8650058352847847,False
2,D2_R2_GRADBAL_ONLY,20260714,15,train,loss_total,0.0084502068160363,335393,19665,0.8650058352847847,False
2,D2_R2_GRADBAL_ONLY,20260714,15,validation_early,complete_day_n,107.0,107,19665,0.8650058352847847,False
2,D2_R2_GRADBAL_ONLY,20260714,15,validation_early,mean_rankic,0.0036832393651321,107,19665,0.8650058352847847,False
2,D2_R2_GRADBAL_ONLY,20260714,15,validation_early,score_coverage,1.0,51932,19665,0.8650058352847847,False
2,D2_R2_GRADBAL_ONLY,20260714,16,train,loss_diff,0.0587022959670873,335393,20976,0.8560057666343756,True
2,D2_R2_GRADBAL_ONLY,20260714,16,train,loss_koop,1.9518592154625783e-09,335393,20976,0.8560057666343756,True
2,D2_R2_GRADBAL_ONLY,20260714,16,train,loss_rec,0.0015000540548533,335393,20976,0.8560057666343756,True
2,D2_R2_GRADBAL_ONLY,20260714,16,train,loss_total,0.0082647482553342,335393,20976,0.8560057666343756,True
2,D2_R2_GRADBAL_ONLY,20260714,16,validation_early,complete_day_n,107.0,107,20976,0.8560057666343756,True
2,D2_R2_GRADBAL_ONLY,20260714,16,validation_early,mean_rankic,0.0086205804002678,107,20976,0.8560057666343756,True
2,D2_R2_GRADBAL_ONLY,20260714,16,validation_early,score_coverage,1.0,51932,20976,0.8560057666343756,True
2,D2_R2_GRADBAL_ONLY,20260714,17,train,loss_diff,0.0572623098737469,335393,22287,0.8470056979839663,False
2,D2_R2_GRADBAL_ONLY,20260714,17,train,loss_koop,1.524043210294522e-09,335393,22287,0.8470056979839663,False
2,D2_R2_GRADBAL_ONLY,20260714,17,train,loss_rec,0.0015001138193996,335393,22287,0.8470056979839663,False
2,D2_R2_GRADBAL_ONLY,20260714,17,train,loss_total,0.0080638282124064,335393,22287,0.8470056979839663,False
2,D2_R2_GRADBAL_ONLY,20260714,17,validation_early,complete_day_n,107.0,107,22287,0.8470056979839663,False
2,D2_R2_GRADBAL_ONLY,20260714,17,validation_early,mean_rankic,0.0044034380961452,107,22287,0.8470056979839663,False
2,D2_R2_GRADBAL_ONLY,20260714,17,validation_early,score_coverage,1.0,51932,22287,0.8470056979839663,False
2,D2_R2_GRADBAL_ONLY,20260714,18,train,loss_diff,0.0562641593368602,335393,23598,0.8380056293335572,False
2,D2_R2_GRADBAL_ONLY,20260714,18,train,loss_koop,1.1829004142312407e-09,335393,23598,0.8380056293335572,False
2,D2_R2_GRADBAL_ONLY,20260714,18,train,loss_rec,0.0015002056107148,335393,23598,0.8380056293335572,False
2,D2_R2_GRADBAL_ONLY,20260714,18,train,loss_total,0.0079245594592826,335393,23598,0.8380056293335572,False
2,D2_R2_GRADBAL_ONLY,20260714,18,validation_early,complete_day_n,107.0,107,23598,0.8380056293335572,False
2,D2_R2_GRADBAL_ONLY,20260714,18,validation_early,mean_rankic,-0.0067143571791275,107,23598,0.8380056293335572,False
2,D2_R2_GRADBAL_ONLY,20260714,18,validation_early,score_coverage,1.0,51932,23598,0.8380056293335572,False
2,D2_R2_GRADBAL_ONLY,20260714,19,train,loss_diff,0.0552351078007822,335393,24909,0.8290055606831479,False
2,D2_R2_GRADBAL_ONLY,20260714,19,train,loss_koop,9.134740698230482e-10,335393,24909,0.8290055606831479,False
2,D2_R2_GRADBAL_ONLY,20260714,19,train,loss_rec,0.0014998797601655,335393,24909,0.8290055606831479,False
2,D2_R2_GRADBAL_ONLY,20260714,19,train,loss_total,0.0077809586855591,335393,24909,0.8290055606831479,False
2,D2_R2_GRADBAL_ONLY,20260714,19,validation_early,complete_day_n,107.0,107,24909,0.8290055606831479,False
2,D2_R2_GRADBAL_ONLY,20260714,19,validation_early,mean_rankic,-0.0115005852651239,107,24909,0.8290055606831479,False
2,D2_R2_GRADBAL_ONLY,20260714,19,validation_early,score_coverage,1.0,51932,24909,0.8290055606831479,False
2,D2_R2_GRADBAL_ONLY,20260714,20,train,loss_diff,0.0540349417483332,335393,26220,0.8200054920327386,False
2,D2_R2_GRADBAL_ONLY,20260714,20,train,loss_koop,7.875012356678656e-10,335393,26220,0.8200054920327386,False
2,D2_R2_GRADBAL_ONLY,20260714,20,train,loss_rec,0.001500015402644,335393,26220,0.8200054920327386,False
2,D2_R2_GRADBAL_ONLY,20260714,20,train,loss_total,0.0076135054084196,335393,26220,0.8200054920327386,False
2,D2_R2_GRADBAL_ONLY,20260714,20,validation_early,complete_day_n,107.0,107,26220,0.8200054920327386,False
2,D2_R2_GRADBAL_ONLY,20260714,20,validation_early,mean_rankic,0.0017941745835752,107,26220,0.8200054920327386,False
2,D2_R2_GRADBAL_ONLY,20260714,20,validation_early,score_coverage,1.0,51932,26220,0.8200054920327386,False
2,D2_R2_GRADBAL_ONLY,20260714,21,train,loss_diff,0.0531664994472492,335393,27531,0.8110054233823294,False
2,D2_R2_GRADBAL_ONLY,20260714,21,train,loss_koop,6.066171513424719e-10,335393,27531,0.8110054233823294,False
2,D2_R2_GRADBAL_ONLY,20260714,21,train,loss_rec,0.0014998431235248,335393,27531,0.8110054233823294,False
2,D2_R2_GRADBAL_ONLY,20260714,21,train,loss_total,0.0074923223218699,335393,27531,0.8110054233823294,False
2,D2_R2_GRADBAL_ONLY,20260714,21,validation_early,complete_day_n,107.0,107,27531,0.8110054233823294,False
2,D2_R2_GRADBAL_ONLY,20260714,21,validation_early,mean_rankic,0.0001072586957721,107,27531,0.8110054233823294,False
2,D2_R2_GRADBAL_ONLY,20260714,21,validation_early,score_coverage,1.0,51932,27531,0.8110054233823294,False
2,D2_R2_GRADBAL_ONLY,20260714,22,train,loss_diff,0.0523370584540218,335393,28842,0.8020053547319201,False
2,D2_R2_GRADBAL_ONLY,20260714,22,train,loss_koop,4.573341302012678e-10,335393,28842,0.8020053547319201,False
2,D2_R2_GRADBAL_ONLY,20260714,22,train,loss_rec,0.0014999983577919,335393,28842,0.8020053547319201,False
2,D2_R2_GRADBAL_ONLY,20260714,22,train,loss_total,0.0073765973358282,335393,28842,0.8020053547319201,False
2,D2_R2_GRADBAL_ONLY,20260714,22,validation_early,complete_day_n,107.0,107,28842,0.8020053547319201,False
2,D2_R2_GRADBAL_ONLY,20260714,22,validation_early,mean_rankic,0.0022648758294193,107,28842,0.8020053547319201,False
2,D2_R2_GRADBAL_ONLY,20260714,22,validation_early,score_coverage,1.0,51932,28842,0.8020053547319201,False
2,D2_R2_GRADBAL_ONLY,20260714,23,train,loss_diff,0.0516049542743215,335393,30153,0.7930052860815109,False
2,D2_R2_GRADBAL_ONLY,20260714,23,train,loss_koop,3.5730112268696756e-10,335393,30153,0.7930052860815109,False
2,D2_R2_GRADBAL_ONLY,20260714,23,train,loss_rec,0.0015002374488851,335393,30153,0.7930052860815109,False
2,D2_R2_GRADBAL_ONLY,20260714,23,train,loss_total,0.0072744580775048,335393,30153,0.7930052860815109,False
2,D2_R2_GRADBAL_ONLY,20260714,23,validation_early,complete_day_n,107.0,107,30153,0.7930052860815109,False
2,D2_R2_GRADBAL_ONLY,20260714,23,validation_early,mean_rankic,-0.001755444386655,107,30153,0.7930052860815109,False
2,D2_R2_GRADBAL_ONLY,20260714,23,validation_early,score_coverage,1.0,51932,30153,0.7930052860815109,False
2,D2_R2_GRADBAL_ONLY,20260714,24,train,loss_diff,0.0509321356360322,335393,31464,0.7840052174311016,False
2,D2_R2_GRADBAL_ONLY,20260714,24,train,loss_koop,3.7305406197475533e-10,335393,31464,0.7840052174311016,False
2,D2_R2_GRADBAL_ONLY,20260714,24,train,loss_rec,0.001499985268338,335393,31464,0.7840052174311016,False
2,D2_R2_GRADBAL_ONLY,20260714,24,train,loss_total,0.0071805670520446,335393,31464,0.7840052174311016,False
2,D2_R2_GRADBAL_ONLY,20260714,24,validation_early,complete_day_n,107.0,107,31464,0.7840052174311016,False
2,D2_R2_GRADBAL_ONLY,20260714,24,validation_early,mean_rankic,-0.0032986549038963,107,31464,0.7840052174311016,False
2,D2_R2_GRADBAL_ONLY,20260714,24,validation_early,score_coverage,1.0,51932,31464,0.7840052174311016,False
2,D2_R2_GRADBAL_ONLY,20260714,25,train,loss_diff,0.0502303775717712,335393,32775,0.7750051487806924,False
2,D2_R2_GRADBAL_ONLY,20260714,25,train,loss_koop,2.9754313555284616e-10,335393,32775,0.7750051487806924,False
2,D2_R2_GRADBAL_ONLY,20260714,25,train,loss_rec,0.0015000226995406,335393,32775,0.7750051487806924,False
2,D2_R2_GRADBAL_ONLY,20260714,25,train,loss_total,0.0070826521243257,335393,32775,0.7750051487806924,False
2,D2_R2_GRADBAL_ONLY,20260714,25,validation_early,complete_day_n,107.0,107,32775,0.7750051487806924,False
2,D2_R2_GRADBAL_ONLY,20260714,25,validation_early,mean_rankic,0.0034506422629873,107,32775,0.7750051487806924,False
2,D2_R2_GRADBAL_ONLY,20260714,25,validation_early,score_coverage,1.0,51932,32775,0.7750051487806924,False
2,D2_R2_GRADBAL_ONLY,20260714,26,train,loss_diff,0.0493164783190665,335393,34086,0.7660050801302832,False
2,D2_R2_GRADBAL_ONLY,20260714,26,train,loss_koop,2.9482365810851907e-10,335393,34086,0.7660050801302832,False
2,D2_R2_GRADBAL_ONLY,20260714,26,train,loss_rec,0.0014998778731361,335393,34086,0.7660050801302832,False
2,D2_R2_GRADBAL_ONLY,20260714,26,train,loss_total,0.0069551282671699,335393,34086,0.7660050801302832,False
2,D2_R2_GRADBAL_ONLY,20260714,26,validation_early,complete_day_n,107.0,107,34086,0.7660050801302832,False
2,D2_R2_GRADBAL_ONLY,20260714,26,validation_early,mean_rankic,-0.0054961535361146,107,34086,0.7660050801302832,False
2,D2_R2_GRADBAL_ONLY,20260714,26,validation_early,score_coverage,1.0,51932,34086,0.7660050801302832,False
2,D2_R2_GRADBAL_ONLY,20260715,1,train,loss_diff,0.21928193139534,335393,1311,0.991006796390514,False
2,D2_R2_GRADBAL_ONLY,20260715,1,train,loss_koop,9.810548296744376e-05,335393,1311,0.991006796390514,False
2,D2_R2_GRADBAL_ONLY,20260715,1,train,loss_rec,0.0108524963533931,335393,1311,0.991006796390514,False
2,D2_R2_GRADBAL_ONLY,20260715,1,train,loss_total,0.0447567888871517,335393,1311,0.991006796390514,False
2,D2_R2_GRADBAL_ONLY,20260715,1,validation_early,complete_day_n,107.0,107,1311,0.991006796390514,False
2,D2_R2_GRADBAL_ONLY,20260715,1,validation_early,mean_rankic,0.003822245727961,107,1311,0.991006796390514,False
2,D2_R2_GRADBAL_ONLY,20260715,1,validation_early,score_coverage,1.0,51932,1311,0.991006796390514,False
2,D2_R2_GRADBAL_ONLY,20260715,2,train,loss_diff,0.1197245388481401,335393,2622,0.9820067277401048,False
2,D2_R2_GRADBAL_ONLY,20260715,2,train,loss_koop,1.3434450683680838e-06,335393,2622,0.9820067277401048,False
2,D2_R2_GRADBAL_ONLY,20260715,2,train,loss_rec,0.0020172938291331,335393,2622,0.9820067277401048,False
2,D2_R2_GRADBAL_ONLY,20260715,2,train,loss_total,0.0241001132588147,335393,2622,0.9820067277401048,False
2,D2_R2_GRADBAL_ONLY,20260715,2,validation_early,complete_day_n,107.0,107,2622,0.9820067277401048,False
2,D2_R2_GRADBAL_ONLY,20260715,2,validation_early,mean_rankic,0.0044816866359958,107,2622,0.9820067277401048,False
2,D2_R2_GRADBAL_ONLY,20260715,2,validation_early,score_coverage,1.0,51932,2622,0.9820067277401048,False
2,D2_R2_GRADBAL_ONLY,20260715,3,train,loss_diff,0.1058106743465294,335393,3933,0.9730066590896956,False
2,D2_R2_GRADBAL_ONLY,20260715,3,train,loss_koop,4.586549839586029e-07,335393,3933,0.9730066590896956,False
2,D2_R2_GRADBAL_ONLY,20260715,3,train,loss_rec,0.0015149230680959,335393,3933,0.9730066590896956,False
2,D2_R2_GRADBAL_ONLY,20260715,3,train,loss_total,0.0212840821304056,335393,3933,0.9730066590896956,False
2,D2_R2_GRADBAL_ONLY,20260715,3,validation_early,complete_day_n,107.0,107,3933,0.9730066590896956,False
2,D2_R2_GRADBAL_ONLY,20260715,3,validation_early,mean_rankic,0.0060411156782448,107,3933,0.9730066590896956,False
2,D2_R2_GRADBAL_ONLY,20260715,3,validation_early,score_coverage,1.0,51932,3933,0.9730066590896956,False
2,D2_R2_GRADBAL_ONLY,20260715,4,train,loss_diff,0.0970401731491985,335393,5244,0.9640065904392864,False
2,D2_R2_GRADBAL_ONLY,20260715,4,train,loss_koop,1.992236899018208e-07,335393,5244,0.9640065904392864,False
2,D2_R2_GRADBAL_ONLY,20260715,4,train,loss_rec,0.0014977973491892,335393,5244,0.9640065904392864,False
2,D2_R2_GRADBAL_ONLY,20260715,4,train,loss_total,0.0195246144392027,335393,5244,0.9640065904392864,False
2,D2_R2_GRADBAL_ONLY,20260715,4,validation_early,complete_day_n,107.0,107,5244,0.9640065904392864,False
2,D2_R2_GRADBAL_ONLY,20260715,4,validation_early,mean_rankic,-0.0032806224950904,107,5244,0.9640065904392864,False
2,D2_R2_GRADBAL_ONLY,20260715,4,validation_early,score_coverage,1.0,51932,5244,0.9640065904392864,False
2,D2_R2_GRADBAL_ONLY,20260715,5,train,loss_diff,0.090571151482536,335393,6555,0.9550065217888772,False
2,D2_R2_GRADBAL_ONLY,20260715,5,train,loss_koop,9.455142188022658e-08,335393,6555,0.9550065217888772,False
2,D2_R2_GRADBAL_ONLY,20260715,5,train,loss_rec,0.0014982120197283,335393,6555,0.9550065217888772,False
2,D2_R2_GRADBAL_ONLY,20260715,5,train,loss_total,0.0182277331174528,335393,6555,0.9550065217888772,False
2,D2_R2_GRADBAL_ONLY,20260715,5,validation_early,complete_day_n,107.0,107,6555,0.9550065217888772,False
2,D2_R2_GRADBAL_ONLY,20260715,5,validation_early,mean_rankic,-0.0036172482103449,107,6555,0.9550065217888772,False
2,D2_R2_GRADBAL_ONLY,20260715,5,validation_early,score_coverage,1.0,51932,6555,0.9550065217888772,False
2,D2_R2_GRADBAL_ONLY,20260715,6,train,loss_diff,0.0851701348537505,335393,7866,0.946006453138468,False
2,D2_R2_GRADBAL_ONLY,20260715,6,train,loss_koop,4.6685022236686454e-08,335393,7866,0.946006453138468,False
2,D2_R2_GRADBAL_ONLY,20260715,6,train,loss_rec,0.0014987787439249,335393,7866,0.946006453138468,False
2,D2_R2_GRADBAL_ONLY,20260715,6,train,loss_total,0.0171450804229078,335393,7866,0.946006453138468,False
2,D2_R2_GRADBAL_ONLY,20260715,6,validation_early,complete_day_n,107.0,107,7866,0.946006453138468,False
2,D2_R2_GRADBAL_ONLY,20260715,6,validation_early,mean_rankic,-0.0067929657892958,107,7866,0.946006453138468,False
2,D2_R2_GRADBAL_ONLY,20260715,6,validation_early,score_coverage,1.0,51932,7866,0.946006453138468,False
2,D2_R2_GRADBAL_ONLY,20260715,7,train,loss_diff,0.0805766845240532,335393,9177,0.9370063844880586,False
2,D2_R2_GRADBAL_ONLY,20260715,7,train,loss_koop,2.2765482373448e-08,335393,9177,0.9370063844880586,False
2,D2_R2_GRADBAL_ONLY,20260715,7,train,loss_rec,0.0014995526885696,335393,9177,0.9370063844880586,False
2,D2_R2_GRADBAL_ONLY,20260715,7,train,loss_total,0.016224367772964,335393,9177,0.9370063844880586,False
2,D2_R2_GRADBAL_ONLY,20260715,7,validation_early,complete_day_n,107.0,107,9177,0.9370063844880586,False
2,D2_R2_GRADBAL_ONLY,20260715,7,validation_early,mean_rankic,-0.0017489695246129,107,9177,0.9370063844880586,False
2,D2_R2_GRADBAL_ONLY,20260715,7,validation_early,score_coverage,1.0,51932,9177,0.9370063844880586,False
2,D2_R2_GRADBAL_ONLY,20260715,8,train,loss_diff,0.0768334158406132,335393,10488,0.9280063158376494,False
2,D2_R2_GRADBAL_ONLY,20260715,8,train,loss_koop,1.2243782521314794e-08,335393,10488,0.9280063158376494,False
2,D2_R2_GRADBAL_ONLY,20260715,8,train,loss_rec,0.0014999044498652,335393,10488,0.9280063158376494,False
2,D2_R2_GRADBAL_ONLY,20260715,8,train,loss_total,0.0154740766894839,335393,10488,0.9280063158376494,False
2,D2_R2_GRADBAL_ONLY,20260715,8,validation_early,complete_day_n,107.0,107,10488,0.9280063158376494,False
2,D2_R2_GRADBAL_ONLY,20260715,8,validation_early,mean_rankic,0.0011644299658019,107,10488,0.9280063158376494,False
2,D2_R2_GRADBAL_ONLY,20260715,8,validation_early,score_coverage,1.0,51932,10488,0.9280063158376494,False
2,D2_R2_GRADBAL_ONLY,20260715,9,train,loss_diff,0.073655774313896,335393,11799,0.9190062471872402,False
2,D2_R2_GRADBAL_ONLY,20260715,9,train,loss_koop,8.328426157995461e-09,335393,11799,0.9190062471872402,False
2,D2_R2_GRADBAL_ONLY,20260715,9,train,loss_rec,0.0015001664347183,335393,11799,0.9190062471872402,False
2,D2_R2_GRADBAL_ONLY,20260715,9,train,loss_total,0.0148371704182874,335393,11799,0.9190062471872402,False
2,D2_R2_GRADBAL_ONLY,20260715,9,validation_early,complete_day_n,107.0,107,11799,0.9190062471872402,False
2,D2_R2_GRADBAL_ONLY,20260715,9,validation_early,mean_rankic,-0.0011604102959812,107,11799,0.9190062471872402,False
2,D2_R2_GRADBAL_ONLY,20260715,9,validation_early,score_coverage,1.0,51932,11799,0.9190062471872402,False
2,D2_R2_GRADBAL_ONLY,20260715,10,train,loss_diff,0.07073273960908,335393,13110,0.910006178536831,False
2,D2_R2_GRADBAL_ONLY,20260715,10,train,loss_koop,6.2938261146417106e-09,335393,13110,0.910006178536831,False
2,D2_R2_GRADBAL_ONLY,20260715,10,train,loss_rec,0.0015004437885486,335393,13110,0.910006178536831,False
2,D2_R2_GRADBAL_ONLY,20260715,10,train,loss_total,0.0142513020624452,335393,13110,0.910006178536831,False
2,D2_R2_GRADBAL_ONLY,20260715,10,validation_early,complete_day_n,107.0,107,13110,0.910006178536831,False
2,D2_R2_GRADBAL_ONLY,20260715,10,validation_early,mean_rankic,0.0013165021090304,107,13110,0.910006178536831,False
2,D2_R2_GRADBAL_ONLY,20260715,10,validation_early,score_coverage,1.0,51932,13110,0.910006178536831,False
2,D2_R2_GRADBAL_ONLY,20260715,11,train,loss_diff,0.0681959122473516,335393,14421,0.9010061098864216,False
2,D2_R2_GRADBAL_ONLY,20260715,11,train,loss_koop,4.694906934826499e-09,335393,14421,0.9010061098864216,False
2,D2_R2_GRADBAL_ONLY,20260715,11,train,loss_rec,0.0015002528906148,335393,14421,0.9010061098864216,False
2,D2_R2_GRADBAL_ONLY,20260715,11,train,loss_total,0.0137428210202779,335393,14421,0.9010061098864216,False
2,D2_R2_GRADBAL_ONLY,20260715,11,validation_early,complete_day_n,107.0,107,14421,0.9010061098864216,False
2,D2_R2_GRADBAL_ONLY,20260715,11,validation_early,mean_rankic,0.0010458638998881,107,14421,0.9010061098864216,False
2,D2_R2_GRADBAL_ONLY,20260715,11,validation_early,score_coverage,1.0,51932,14421,0.9010061098864216,False
2,D2_R2_GRADBAL_ONLY,20260715,12,train,loss_diff,0.0660777349049036,335393,15732,0.8920060412360125,True
2,D2_R2_GRADBAL_ONLY,20260715,12,train,loss_koop,4.324661384891763e-09,335393,15732,0.8920060412360125,True
2,D2_R2_GRADBAL_ONLY,20260715,12,train,loss_rec,0.0015003521698372,335393,15732,0.8920060412360125,True
2,D2_R2_GRADBAL_ONLY,20260715,12,train,loss_total,0.0133182694472149,335393,15732,0.8920060412360125,True
2,D2_R2_GRADBAL_ONLY,20260715,12,validation_early,complete_day_n,107.0,107,15732,0.8920060412360125,True
2,D2_R2_GRADBAL_ONLY,20260715,12,validation_early,mean_rankic,0.0081932109307476,107,15732,0.8920060412360125,True
2,D2_R2_GRADBAL_ONLY,20260715,12,validation_early,score_coverage,1.0,51932,15732,0.8920060412360125,True
2,D2_R2_GRADBAL_ONLY,20260715,13,train,loss_diff,0.0642898455495214,335393,17043,0.8830059725856032,False
2,D2_R2_GRADBAL_ONLY,20260715,13,train,loss_koop,3.395509606040171e-09,335393,17043,0.8830059725856032,False
2,D2_R2_GRADBAL_ONLY,20260715,13,train,loss_rec,0.0015002121553341,335393,17043,0.8830059725856032,False
2,D2_R2_GRADBAL_ONLY,20260715,13,train,loss_total,0.0129599056434505,335393,17043,0.8830059725856032,False
2,D2_R2_GRADBAL_ONLY,20260715,13,validation_early,complete_day_n,107.0,107,17043,0.8830059725856032,False
2,D2_R2_GRADBAL_ONLY,20260715,13,validation_early,mean_rankic,0.0058269166862636,107,17043,0.8830059725856032,False
2,D2_R2_GRADBAL_ONLY,20260715,13,validation_early,score_coverage,1.0,51932,17043,0.8830059725856032,False
2,D2_R2_GRADBAL_ONLY,20260715,14,train,loss_diff,0.062401162651452,335393,18354,0.874005903935194,False
2,D2_R2_GRADBAL_ONLY,20260715,14,train,loss_koop,2.60943105644131e-09,335393,18354,0.874005903935194,False
2,D2_R2_GRADBAL_ONLY,20260715,14,train,loss_rec,0.0015001340112388,335393,18354,0.874005903935194,False
2,D2_R2_GRADBAL_ONLY,20260715,14,train,loss_total,0.0125813427541003,335393,18354,0.874005903935194,False
2,D2_R2_GRADBAL_ONLY,20260715,14,validation_early,complete_day_n,107.0,107,18354,0.874005903935194,False
2,D2_R2_GRADBAL_ONLY,20260715,14,validation_early,mean_rankic,0.0060166649799617,107,18354,0.874005903935194,False
2,D2_R2_GRADBAL_ONLY,20260715,14,validation_early,score_coverage,1.0,51932,18354,0.874005903935194,False
2,D2_R2_GRADBAL_ONLY,20260715,15,train,loss_diff,0.0611298451795692,335393,19665,0.8650058352847847,False
2,D2_R2_GRADBAL_ONLY,20260715,15,train,loss_koop,2.0329005790628982e-09,335393,19665,0.8650058352847847,False
2,D2_R2_GRADBAL_ONLY,20260715,15,train,loss_rec,0.0015001871801745,335393,19665,0.8650058352847847,False
2,D2_R2_GRADBAL_ONLY,20260715,15,train,loss_total,0.0123265281448728,335393,19665,0.8650058352847847,False
2,D2_R2_GRADBAL_ONLY,20260715,15,validation_early,complete_day_n,107.0,107,19665,0.8650058352847847,False
2,D2_R2_GRADBAL_ONLY,20260715,15,validation_early,mean_rankic,0.0032833611322015,107,19665,0.8650058352847847,False
2,D2_R2_GRADBAL_ONLY,20260715,15,validation_early,score_coverage,1.0,51932,19665,0.8650058352847847,False
2,D2_R2_GRADBAL_ONLY,20260715,16,train,loss_diff,0.0598164878516637,335393,20976,0.8560057666343756,False
2,D2_R2_GRADBAL_ONLY,20260715,16,train,loss_koop,1.4408510293975e-09,335393,20976,0.8560057666343756,False
2,D2_R2_GRADBAL_ONLY,20260715,16,train,loss_rec,0.0015001135544086,335393,20976,0.8560057666343756,False
2,D2_R2_GRADBAL_ONLY,20260715,16,train,loss_total,0.012063281017437,335393,20976,0.8560057666343756,False
2,D2_R2_GRADBAL_ONLY,20260715,16,validation_early,complete_day_n,107.0,107,20976,0.8560057666343756,False
2,D2_R2_GRADBAL_ONLY,20260715,16,validation_early,mean_rankic,-0.0051188061668404,107,20976,0.8560057666343756,False
2,D2_R2_GRADBAL_ONLY,20260715,16,validation_early,score_coverage,1.0,51932,20976,0.8560057666343756,False
2,D2_R2_GRADBAL_ONLY,20260715,17,train,loss_diff,0.0583896275605633,335393,22287,0.8470056979839663,False
2,D2_R2_GRADBAL_ONLY,20260715,17,train,loss_koop,1.0488797101733055e-09,335393,22287,0.8470056979839663,False
2,D2_R2_GRADBAL_ONLY,20260715,17,train,loss_rec,0.0015002767069874,335393,22287,0.8470056979839663,False
2,D2_R2_GRADBAL_ONLY,20260715,17,train,loss_total,0.011777296220368,335393,22287,0.8470056979839663,False
2,D2_R2_GRADBAL_ONLY,20260715,17,validation_early,complete_day_n,107.0,107,22287,0.8470056979839663,False
2,D2_R2_GRADBAL_ONLY,20260715,17,validation_early,mean_rankic,0.0026825964694554,107,22287,0.8470056979839663,False
2,D2_R2_GRADBAL_ONLY,20260715,17,validation_early,score_coverage,1.0,51932,22287,0.8470056979839663,False
2,D2_R2_GRADBAL_ONLY,20260715,18,train,loss_diff,0.05734019996604,335393,23598,0.8380056293335572,False
2,D2_R2_GRADBAL_ONLY,20260715,18,train,loss_koop,7.369171822510147e-10,335393,23598,0.8380056293335572,False
2,D2_R2_GRADBAL_ONLY,20260715,18,train,loss_rec,0.0015000595066539,335393,23598,0.8380056293335572,False
2,D2_R2_GRADBAL_ONLY,20260715,18,train,loss_total,0.011566943373036,335393,23598,0.8380056293335572,False
2,D2_R2_GRADBAL_ONLY,20260715,18,validation_early,complete_day_n,107.0,107,23598,0.8380056293335572,False
2,D2_R2_GRADBAL_ONLY,20260715,18,validation_early,mean_rankic,0.0029682770244295,107,23598,0.8380056293335572,False
2,D2_R2_GRADBAL_ONLY,20260715,18,validation_early,score_coverage,1.0,51932,23598,0.8380056293335572,False
2,D2_R2_GRADBAL_ONLY,20260715,19,train,loss_diff,0.0560911659436982,335393,24909,0.8290055606831479,False
2,D2_R2_GRADBAL_ONLY,20260715,19,train,loss_koop,6.777687905507158e-10,335393,24909,0.8290055606831479,False
2,D2_R2_GRADBAL_ONLY,20260715,19,train,loss_rec,0.0015002111805069,335393,24909,0.8290055606831479,False
2,D2_R2_GRADBAL_ONLY,20260715,19,train,loss_total,0.0113166014001803,335393,24909,0.8290055606831479,False
2,D2_R2_GRADBAL_ONLY,20260715,19,validation_early,complete_day_n,107.0,107,24909,0.8290055606831479,False
2,D2_R2_GRADBAL_ONLY,20260715,19,validation_early,mean_rankic,0.0057920761105987,107,24909,0.8290055606831479,False
2,D2_R2_GRADBAL_ONLY,20260715,19,validation_early,score_coverage,1.0,51932,24909,0.8290055606831479,False
2,D2_R2_GRADBAL_ONLY,20260715,20,train,loss_diff,0.0552110519460242,335393,26220,0.8200054920327386,False
2,D2_R2_GRADBAL_ONLY,20260715,20,train,loss_koop,5.77730871980707e-10,335393,26220,0.8200054920327386,False
2,D2_R2_GRADBAL_ONLY,20260715,20,train,loss_rec,0.0014999046429403,335393,26220,0.8200054920327386,False
2,D2_R2_GRADBAL_ONLY,20260715,20,train,loss_total,0.0111401809594394,335393,26220,0.8200054920327386,False
2,D2_R2_GRADBAL_ONLY,20260715,20,validation_early,complete_day_n,107.0,107,26220,0.8200054920327386,False
2,D2_R2_GRADBAL_ONLY,20260715,20,validation_early,mean_rankic,0.0024637348434386,107,26220,0.8200054920327386,False
2,D2_R2_GRADBAL_ONLY,20260715,20,validation_early,score_coverage,1.0,51932,26220,0.8200054920327386,False
2,D2_R2_GRADBAL_ONLY,20260715,21,train,loss_diff,0.0542953642758287,335393,27531,0.8110054233823294,False
2,D2_R2_GRADBAL_ONLY,20260715,21,train,loss_koop,4.815581255207628e-10,335393,27531,0.8110054233823294,False
2,D2_R2_GRADBAL_ONLY,20260715,21,train,loss_rec,0.0015000646648065,335393,27531,0.8110054233823294,False
2,D2_R2_GRADBAL_ONLY,20260715,21,train,loss_total,0.0109566533620522,335393,27531,0.8110054233823294,False
2,D2_R2_GRADBAL_ONLY,20260715,21,validation_early,complete_day_n,107.0,107,27531,0.8110054233823294,False
2,D2_R2_GRADBAL_ONLY,20260715,21,validation_early,mean_rankic,0.0035029748130079,107,27531,0.8110054233823294,False
2,D2_R2_GRADBAL_ONLY,20260715,21,validation_early,score_coverage,1.0,51932,27531,0.8110054233823294,False
2,D2_R2_GRADBAL_ONLY,20260715,22,train,loss_diff,0.0533665916065476,335393,28842,0.8020053547319201,False
2,D2_R2_GRADBAL_ONLY,20260715,22,train,loss_koop,3.7965388516956827e-10,335393,28842,0.8020053547319201,False
2,D2_R2_GRADBAL_ONLY,20260715,22,train,loss_rec,0.0015003251757206,335393,28842,0.8020053547319201,False
2,D2_R2_GRADBAL_ONLY,20260715,22,train,loss_total,0.0107705080218196,335393,28842,0.8020053547319201,False
2,D2_R2_GRADBAL_ONLY,20260715,22,validation_early,complete_day_n,107.0,107,28842,0.8020053547319201,False
2,D2_R2_GRADBAL_ONLY,20260715,22,validation_early,mean_rankic,0.0078195545861846,107,28842,0.8020053547319201,False
2,D2_R2_GRADBAL_ONLY,20260715,22,validation_early,score_coverage,1.0,51932,28842,0.8020053547319201,False
3,D3_R2_ST_HARD_ONLY,20260713,1,train,loss_diff,0.2567138667325919,335393,1311,0.991006796390514,False
3,D3_R2_ST_HARD_ONLY,20260713,1,train,loss_koop,0.0004516753448204,335393,1311,0.991006796390514,False
3,D3_R2_ST_HARD_ONLY,20260713,1,train,loss_rec,0.0098402126103421,335393,1311,0.991006796390514,False
3,D3_R2_ST_HARD_ONLY,20260713,1,train,loss_total,0.2670057545879598,335393,1311,0.991006796390514,False
3,D3_R2_ST_HARD_ONLY,20260713,1,validation_early,complete_day_n,107.0,107,1311,0.991006796390514,False
3,D3_R2_ST_HARD_ONLY,20260713,1,validation_early,mean_rankic,-0.0076459637156468,107,1311,0.991006796390514,False
3,D3_R2_ST_HARD_ONLY,20260713,1,validation_early,score_coverage,1.0,51932,1311,0.991006796390514,False
3,D3_R2_ST_HARD_ONLY,20260713,2,train,loss_diff,0.1220599555041881,335393,2622,0.9820067277401048,False
3,D3_R2_ST_HARD_ONLY,20260713,2,train,loss_koop,7.309458935336653e-06,335393,2622,0.9820067277401048,False
3,D3_R2_ST_HARD_ONLY,20260713,2,train,loss_rec,0.0017080110973809,335393,2622,0.9820067277401048,False
3,D3_R2_ST_HARD_ONLY,20260713,2,train,loss_total,0.1237752761068126,335393,2622,0.9820067277401048,False
3,D3_R2_ST_HARD_ONLY,20260713,2,validation_early,complete_day_n,107.0,107,2622,0.9820067277401048,False
3,D3_R2_ST_HARD_ONLY,20260713,2,validation_early,mean_rankic,-0.0067923513535024,107,2622,0.9820067277401048,False
3,D3_R2_ST_HARD_ONLY,20260713,2,validation_early,score_coverage,1.0,51932,2622,0.9820067277401048,False
3,D3_R2_ST_HARD_ONLY,20260713,3,train,loss_diff,0.1058509738881599,335393,3933,0.9730066590896956,False
3,D3_R2_ST_HARD_ONLY,20260713,3,train,loss_koop,1.3788407325243936e-06,335393,3933,0.9730066590896956,False
3,D3_R2_ST_HARD_ONLY,20260713,3,train,loss_rec,0.0015069139429778,335393,3933,0.9730066590896956,False
3,D3_R2_ST_HARD_ONLY,20260713,3,train,loss_total,0.1073592666228443,335393,3933,0.9730066590896956,False
3,D3_R2_ST_HARD_ONLY,20260713,3,validation_early,complete_day_n,107.0,107,3933,0.9730066590896956,False
3,D3_R2_ST_HARD_ONLY,20260713,3,validation_early,mean_rankic,-0.004051015563137,107,3933,0.9730066590896956,False
3,D3_R2_ST_HARD_ONLY,20260713,3,validation_early,score_coverage,1.0,51932,3933,0.9730066590896956,False
3,D3_R2_ST_HARD_ONLY,20260713,4,train,loss_diff,0.096824245606509,335393,5244,0.9640065904392864,False
3,D3_R2_ST_HARD_ONLY,20260713,4,train,loss_koop,3.855072114399615e-07,335393,5244,0.9640065904392864,False
3,D3_R2_ST_HARD_ONLY,20260713,4,train,loss_rec,0.0014979749875715,335393,5244,0.9640065904392864,False
3,D3_R2_ST_HARD_ONLY,20260713,4,train,loss_total,0.0983226060100599,335393,5244,0.9640065904392864,False
3,D3_R2_ST_HARD_ONLY,20260713,4,validation_early,complete_day_n,107.0,107,5244,0.9640065904392864,False
3,D3_R2_ST_HARD_ONLY,20260713,4,validation_early,mean_rankic,0.0036478577165508,107,5244,0.9640065904392864,False
3,D3_R2_ST_HARD_ONLY,20260713,4,validation_early,score_coverage,1.0,51932,5244,0.9640065904392864,False
3,D3_R2_ST_HARD_ONLY,20260713,5,train,loss_diff,0.0907547483628304,335393,6555,0.9550065217888772,False
3,D3_R2_ST_HARD_ONLY,20260713,5,train,loss_koop,1.541001308576539e-07,335393,6555,0.9550065217888772,False
3,D3_R2_ST_HARD_ONLY,20260713,5,train,loss_rec,0.0014987260229941,335393,6555,0.9550065217888772,False
3,D3_R2_ST_HARD_ONLY,20260713,5,train,loss_total,0.0922536285581437,335393,6555,0.9550065217888772,False
3,D3_R2_ST_HARD_ONLY,20260713,5,validation_early,complete_day_n,107.0,107,6555,0.9550065217888772,False
3,D3_R2_ST_HARD_ONLY,20260713,5,validation_early,mean_rankic,-0.0021097065184756,107,6555,0.9550065217888772,False
3,D3_R2_ST_HARD_ONLY,20260713,5,validation_early,score_coverage,1.0,51932,6555,0.9550065217888772,False
3,D3_R2_ST_HARD_ONLY,20260713,6,train,loss_diff,0.085396430310979,335393,7866,0.946006453138468,False
3,D3_R2_ST_HARD_ONLY,20260713,6,train,loss_koop,7.46349711998938e-08,335393,7866,0.946006453138468,False
3,D3_R2_ST_HARD_ONLY,20260713,6,train,loss_rec,0.0014996816599978,335393,7866,0.946006453138468,False
3,D3_R2_ST_HARD_ONLY,20260713,6,train,loss_total,0.0868961865564676,335393,7866,0.946006453138468,False
3,D3_R2_ST_HARD_ONLY,20260713,6,validation_early,complete_day_n,107.0,107,7866,0.946006453138468,False
3,D3_R2_ST_HARD_ONLY,20260713,6,validation_early,mean_rankic,0.0023991172690881,107,7866,0.946006453138468,False
3,D3_R2_ST_HARD_ONLY,20260713,6,validation_early,score_coverage,1.0,51932,7866,0.946006453138468,False
3,D3_R2_ST_HARD_ONLY,20260713,7,train,loss_diff,0.0807662785514603,335393,9177,0.9370063844880586,False
3,D3_R2_ST_HARD_ONLY,20260713,7,train,loss_koop,4.208370739752048e-08,335393,9177,0.9370063844880586,False
3,D3_R2_ST_HARD_ONLY,20260713,7,train,loss_rec,0.0014999731754507,335393,9177,0.9370063844880586,False
3,D3_R2_ST_HARD_ONLY,20260713,7,train,loss_total,0.0822662938449368,335393,9177,0.9370063844880586,False
3,D3_R2_ST_HARD_ONLY,20260713,7,validation_early,complete_day_n,107.0,107,9177,0.9370063844880586,False
3,D3_R2_ST_HARD_ONLY,20260713,7,validation_early,mean_rankic,-0.0036249688356207,107,9177,0.9370063844880586,False
3,D3_R2_ST_HARD_ONLY,20260713,7,validation_early,score_coverage,1.0,51932,9177,0.9370063844880586,False
3,D3_R2_ST_HARD_ONLY,20260713,8,train,loss_diff,0.0767198217287694,335393,10488,0.9280063158376494,True
3,D3_R2_ST_HARD_ONLY,20260713,8,train,loss_koop,2.4305190925594362e-08,335393,10488,0.9280063158376494,True
3,D3_R2_ST_HARD_ONLY,20260713,8,train,loss_rec,0.0015002941847008,335393,10488,0.9280063158376494,True
3,D3_R2_ST_HARD_ONLY,20260713,8,train,loss_total,0.0782201402870426,335393,10488,0.9280063158376494,True
3,D3_R2_ST_HARD_ONLY,20260713,8,validation_early,complete_day_n,107.0,107,10488,0.9280063158376494,True
3,D3_R2_ST_HARD_ONLY,20260713,8,validation_early,mean_rankic,0.0056093092064378,107,10488,0.9280063158376494,True
3,D3_R2_ST_HARD_ONLY,20260713,8,validation_early,score_coverage,1.0,51932,10488,0.9280063158376494,True
3,D3_R2_ST_HARD_ONLY,20260713,9,train,loss_diff,0.0734117410030654,335393,11799,0.9190062471872402,False
3,D3_R2_ST_HARD_ONLY,20260713,9,train,loss_koop,1.4840345260892661e-08,335393,11799,0.9190062471872402,False
3,D3_R2_ST_HARD_ONLY,20260713,9,train,loss_rec,0.0015005078343501,335393,11799,0.9190062471872402,False
3,D3_R2_ST_HARD_ONLY,20260713,9,train,loss_total,0.0749122636153857,335393,11799,0.9190062471872402,False
3,D3_R2_ST_HARD_ONLY,20260713,9,validation_early,complete_day_n,107.0,107,11799,0.9190062471872402,False
3,D3_R2_ST_HARD_ONLY,20260713,9,validation_early,mean_rankic,-0.0044155882323257,107,11799,0.9190062471872402,False
3,D3_R2_ST_HARD_ONLY,20260713,9,validation_early,score_coverage,1.0,51932,11799,0.9190062471872402,False
3,D3_R2_ST_HARD_ONLY,20260713,10,train,loss_diff,0.0703898561529844,335393,13110,0.910006178536831,False
3,D3_R2_ST_HARD_ONLY,20260713,10,train,loss_koop,1.0203676572278853e-08,335393,13110,0.910006178536831,False
3,D3_R2_ST_HARD_ONLY,20260713,10,train,loss_rec,0.0015003984134908,335393,13110,0.910006178536831,False
3,D3_R2_ST_HARD_ONLY,20260713,10,train,loss_total,0.0718902646968786,335393,13110,0.910006178536831,False
3,D3_R2_ST_HARD_ONLY,20260713,10,validation_early,complete_day_n,107.0,107,13110,0.910006178536831,False
3,D3_R2_ST_HARD_ONLY,20260713,10,validation_early,mean_rankic,-0.0057772530456035,107,13110,0.910006178536831,False
3,D3_R2_ST_HARD_ONLY,20260713,10,validation_early,score_coverage,1.0,51932,13110,0.910006178536831,False
3,D3_R2_ST_HARD_ONLY,20260713,11,train,loss_diff,0.067944509722294,335393,14421,0.9010061098864216,False
3,D3_R2_ST_HARD_ONLY,20260713,11,train,loss_koop,6.609963329555998e-09,335393,14421,0.9010061098864216,False
3,D3_R2_ST_HARD_ONLY,20260713,11,train,loss_rec,0.0015002311612124,335393,14421,0.9010061098864216,False
3,D3_R2_ST_HARD_ONLY,20260713,11,train,loss_total,0.069444747502681,335393,14421,0.9010061098864216,False
3,D3_R2_ST_HARD_ONLY,20260713,11,validation_early,complete_day_n,107.0,107,14421,0.9010061098864216,False
3,D3_R2_ST_HARD_ONLY,20260713,11,validation_early,mean_rankic,0.0023941755602815,107,14421,0.9010061098864216,False
3,D3_R2_ST_HARD_ONLY,20260713,11,validation_early,score_coverage,1.0,51932,14421,0.9010061098864216,False
3,D3_R2_ST_HARD_ONLY,20260713,12,train,loss_diff,0.0658886903406715,335393,15732,0.8920060412360125,False
3,D3_R2_ST_HARD_ONLY,20260713,12,train,loss_koop,4.496859815198638e-09,335393,15732,0.8920060412360125,False
3,D3_R2_ST_HARD_ONLY,20260713,12,train,loss_rec,0.0015003133965475,335393,15732,0.8920060412360125,False
3,D3_R2_ST_HARD_ONLY,20260713,12,train,loss_total,0.0673890082081189,335393,15732,0.8920060412360125,False
3,D3_R2_ST_HARD_ONLY,20260713,12,validation_early,complete_day_n,107.0,107,15732,0.8920060412360125,False
3,D3_R2_ST_HARD_ONLY,20260713,12,validation_early,mean_rankic,0.0014169540759495,107,15732,0.8920060412360125,False
3,D3_R2_ST_HARD_ONLY,20260713,12,validation_early,score_coverage,1.0,51932,15732,0.8920060412360125,False
3,D3_R2_ST_HARD_ONLY,20260713,13,train,loss_diff,0.0642661982058282,335393,17043,0.8830059725856032,False
3,D3_R2_ST_HARD_ONLY,20260713,13,train,loss_koop,2.9014756527646904e-09,335393,17043,0.8830059725856032,False
3,D3_R2_ST_HARD_ONLY,20260713,13,train,loss_rec,0.0015003151953823,335393,17043,0.8830059725856032,False
3,D3_R2_ST_HARD_ONLY,20260713,13,train,loss_total,0.0657665163137695,335393,17043,0.8830059725856032,False
3,D3_R2_ST_HARD_ONLY,20260713,13,validation_early,complete_day_n,107.0,107,17043,0.8830059725856032,False
3,D3_R2_ST_HARD_ONLY,20260713,13,validation_early,mean_rankic,0.005425760301193,107,17043,0.8830059725856032,False
3,D3_R2_ST_HARD_ONLY,20260713,13,validation_early,score_coverage,1.0,51932,17043,0.8830059725856032,False
3,D3_R2_ST_HARD_ONLY,20260713,14,train,loss_diff,0.0623339784683771,335393,18354,0.874005903935194,False
3,D3_R2_ST_HARD_ONLY,20260713,14,train,loss_koop,1.7921642295523315e-09,335393,18354,0.874005903935194,False
3,D3_R2_ST_HARD_ONLY,20260713,14,train,loss_rec,0.0015003679123655,335393,18354,0.874005903935194,False
3,D3_R2_ST_HARD_ONLY,20260713,14,train,loss_total,0.0638343481524175,335393,18354,0.874005903935194,False
3,D3_R2_ST_HARD_ONLY,20260713,14,validation_early,complete_day_n,107.0,107,18354,0.874005903935194,False
3,D3_R2_ST_HARD_ONLY,20260713,14,validation_early,mean_rankic,0.0001496622539165,107,18354,0.874005903935194,False
3,D3_R2_ST_HARD_ONLY,20260713,14,validation_early,score_coverage,1.0,51932,18354,0.874005903935194,False
3,D3_R2_ST_HARD_ONLY,20260713,15,train,loss_diff,0.0607906817337237,335393,19665,0.8650058352847847,False
3,D3_R2_ST_HARD_ONLY,20260713,15,train,loss_koop,1.6617740247380451e-09,335393,19665,0.8650058352847847,False
3,D3_R2_ST_HARD_ONLY,20260713,15,train,loss_rec,0.0015001491178832,335393,19665,0.8650058352847847,False
3,D3_R2_ST_HARD_ONLY,20260713,15,train,loss_total,0.0622908325869902,335393,19665,0.8650058352847847,False
3,D3_R2_ST_HARD_ONLY,20260713,15,validation_early,complete_day_n,107.0,107,19665,0.8650058352847847,False
3,D3_R2_ST_HARD_ONLY,20260713,15,validation_early,mean_rankic,-0.004383826355157,107,19665,0.8650058352847847,False
3,D3_R2_ST_HARD_ONLY,20260713,15,validation_early,score_coverage,1.0,51932,19665,0.8650058352847847,False
3,D3_R2_ST_HARD_ONLY,20260713,16,train,loss_diff,0.0596452844545644,335393,20976,0.8560057666343756,False
3,D3_R2_ST_HARD_ONLY,20260713,16,train,loss_koop,9.828991948803723e-10,335393,20976,0.8560057666343756,False
3,D3_R2_ST_HARD_ONLY,20260713,16,train,loss_rec,0.0015000160320746,335393,20976,0.8560057666343756,False
3,D3_R2_ST_HARD_ONLY,20260713,16,train,loss_total,0.0611453015149139,335393,20976,0.8560057666343756,False
3,D3_R2_ST_HARD_ONLY,20260713,16,validation_early,complete_day_n,107.0,107,20976,0.8560057666343756,False
3,D3_R2_ST_HARD_ONLY,20260713,16,validation_early,mean_rankic,0.0025035488211841,107,20976,0.8560057666343756,False
3,D3_R2_ST_HARD_ONLY,20260713,16,validation_early,score_coverage,1.0,51932,20976,0.8560057666343756,False
3,D3_R2_ST_HARD_ONLY,20260713,17,train,loss_diff,0.0581917374699175,335393,22287,0.8470056979839663,False
3,D3_R2_ST_HARD_ONLY,20260713,17,train,loss_koop,6.347974513666761e-10,335393,22287,0.8470056979839663,False
3,D3_R2_ST_HARD_ONLY,20260713,17,train,loss_rec,0.0015000849588743,335393,22287,0.8470056979839663,False
3,D3_R2_ST_HARD_ONLY,20260713,17,train,loss_total,0.0596918230423956,335393,22287,0.8470056979839663,False
3,D3_R2_ST_HARD_ONLY,20260713,17,validation_early,complete_day_n,107.0,107,22287,0.8470056979839663,False
3,D3_R2_ST_HARD_ONLY,20260713,17,validation_early,mean_rankic,-0.0049302939410036,107,22287,0.8470056979839663,False
3,D3_R2_ST_HARD_ONLY,20260713,17,validation_early,score_coverage,1.0,51932,22287,0.8470056979839663,False
3,D3_R2_ST_HARD_ONLY,20260713,18,train,loss_diff,0.0571702484214714,335393,23598,0.8380056293335572,False
3,D3_R2_ST_HARD_ONLY,20260713,18,train,loss_koop,4.902797909021368e-10,335393,23598,0.8380056293335572,False
3,D3_R2_ST_HARD_ONLY,20260713,18,train,loss_rec,0.0015000505865776,335393,23598,0.8380056293335572,False
3,D3_R2_ST_HARD_ONLY,20260713,18,train,loss_total,0.0586702995066936,335393,23598,0.8380056293335572,False
3,D3_R2_ST_HARD_ONLY,20260713,18,validation_early,complete_day_n,107.0,107,23598,0.8380056293335572,False
3,D3_R2_ST_HARD_ONLY,20260713,18,validation_early,mean_rankic,0.0045786775103149,107,23598,0.8380056293335572,False
3,D3_R2_ST_HARD_ONLY,20260713,18,validation_early,score_coverage,1.0,51932,23598,0.8380056293335572,False
3,D3_R2_ST_HARD_ONLY,20260714,1,train,loss_diff,0.2610935832861464,335393,1311,0.991006796390514,False
3,D3_R2_ST_HARD_ONLY,20260714,1,train,loss_koop,0.0004364589591482,335393,1311,0.991006796390514,False
3,D3_R2_ST_HARD_ONLY,20260714,1,train,loss_rec,0.0091201674361651,335393,1311,0.991006796390514,False
3,D3_R2_ST_HARD_ONLY,20260714,1,train,loss_total,0.2706502095529369,335393,1311,0.991006796390514,False
3,D3_R2_ST_HARD_ONLY,20260714,1,validation_early,complete_day_n,107.0,107,1311,0.991006796390514,False
3,D3_R2_ST_HARD_ONLY,20260714,1,validation_early,mean_rankic,-0.0047936932500108,107,1311,0.991006796390514,False
3,D3_R2_ST_HARD_ONLY,20260714,1,validation_early,score_coverage,1.0,51932,1311,0.991006796390514,False
3,D3_R2_ST_HARD_ONLY,20260714,2,train,loss_diff,0.1221226835274588,335393,2622,0.9820067277401048,False
3,D3_R2_ST_HARD_ONLY,20260714,2,train,loss_koop,6.994750668626748e-06,335393,2622,0.9820067277401048,False
3,D3_R2_ST_HARD_ONLY,20260714,2,train,loss_rec,0.0016504205184318,335393,2622,0.9820067277401048,False
3,D3_R2_ST_HARD_ONLY,20260714,2,train,loss_total,0.1237800987736679,335393,2622,0.9820067277401048,False
3,D3_R2_ST_HARD_ONLY,20260714,2,validation_early,complete_day_n,107.0,107,2622,0.9820067277401048,False
3,D3_R2_ST_HARD_ONLY,20260714,2,validation_early,mean_rankic,-0.0016357769162022,107,2622,0.9820067277401048,False
3,D3_R2_ST_HARD_ONLY,20260714,2,validation_early,score_coverage,1.0,51932,2622,0.9820067277401048,False
3,D3_R2_ST_HARD_ONLY,20260714,3,train,loss_diff,0.1060825798644289,335393,3933,0.9730066590896956,False
3,D3_R2_ST_HARD_ONLY,20260714,3,train,loss_koop,1.3224158567709825e-06,335393,3933,0.9730066590896956,False
3,D3_R2_ST_HARD_ONLY,20260714,3,train,loss_rec,0.0015010662100531,335393,3933,0.9730066590896956,False
3,D3_R2_ST_HARD_ONLY,20260714,3,train,loss_total,0.1075849685024977,335393,3933,0.9730066590896956,False
3,D3_R2_ST_HARD_ONLY,20260714,3,validation_early,complete_day_n,107.0,107,3933,0.9730066590896956,False
3,D3_R2_ST_HARD_ONLY,20260714,3,validation_early,mean_rankic,-0.0024073801045501,107,3933,0.9730066590896956,False
3,D3_R2_ST_HARD_ONLY,20260714,3,validation_early,score_coverage,1.0,51932,3933,0.9730066590896956,False
3,D3_R2_ST_HARD_ONLY,20260714,4,train,loss_diff,0.0968876311933834,335393,5244,0.9640065904392864,False
3,D3_R2_ST_HARD_ONLY,20260714,4,train,loss_koop,3.79865036363982e-07,335393,5244,0.9640065904392864,False
3,D3_R2_ST_HARD_ONLY,20260714,4,train,loss_rec,0.0014981358041607,335393,5244,0.9640065904392864,False
3,D3_R2_ST_HARD_ONLY,20260714,4,train,loss_total,0.0983861467933902,335393,5244,0.9640065904392864,False
3,D3_R2_ST_HARD_ONLY,20260714,4,validation_early,complete_day_n,107.0,107,5244,0.9640065904392864,False
3,D3_R2_ST_HARD_ONLY,20260714,4,validation_early,mean_rankic,-0.0034721058305145,107,5244,0.9640065904392864,False
3,D3_R2_ST_HARD_ONLY,20260714,4,validation_early,score_coverage,1.0,51932,5244,0.9640065904392864,False
3,D3_R2_ST_HARD_ONLY,20260714,5,train,loss_diff,0.0904985051882971,335393,6555,0.9550065217888772,False
3,D3_R2_ST_HARD_ONLY,20260714,5,train,loss_koop,1.4347750032813333e-07,335393,6555,0.9550065217888772,False
3,D3_R2_ST_HARD_ONLY,20260714,5,train,loss_rec,0.001498943181916,335393,6555,0.9550065217888772,False
3,D3_R2_ST_HARD_ONLY,20260714,5,train,loss_total,0.0919975919085962,335393,6555,0.9550065217888772,False
3,D3_R2_ST_HARD_ONLY,20260714,5,validation_early,complete_day_n,107.0,107,6555,0.9550065217888772,False
3,D3_R2_ST_HARD_ONLY,20260714,5,validation_early,mean_rankic,-0.0035445747552507,107,6555,0.9550065217888772,False
3,D3_R2_ST_HARD_ONLY,20260714,5,validation_early,score_coverage,1.0,51932,6555,0.9550065217888772,False
3,D3_R2_ST_HARD_ONLY,20260714,6,train,loss_diff,0.0855849434951992,335393,7866,0.946006453138468,False
3,D3_R2_ST_HARD_ONLY,20260714,6,train,loss_koop,6.652720487353532e-08,335393,7866,0.946006453138468,False
3,D3_R2_ST_HARD_ONLY,20260714,6,train,loss_rec,0.001499526071288,335393,7866,0.946006453138468,False
3,D3_R2_ST_HARD_ONLY,20260714,6,train,loss_total,0.0870845361312755,335393,7866,0.946006453138468,False
3,D3_R2_ST_HARD_ONLY,20260714,6,validation_early,complete_day_n,107.0,107,7866,0.946006453138468,False
3,D3_R2_ST_HARD_ONLY,20260714,6,validation_early,mean_rankic,0.0019114812228695,107,7866,0.946006453138468,False
3,D3_R2_ST_HARD_ONLY,20260714,6,validation_early,score_coverage,1.0,51932,7866,0.946006453138468,False
3,D3_R2_ST_HARD_ONLY,20260714,7,train,loss_diff,0.0810633750613117,335393,9177,0.9370063844880586,False
3,D3_R2_ST_HARD_ONLY,20260714,7,train,loss_koop,3.4665710964375784e-08,335393,9177,0.9370063844880586,False
3,D3_R2_ST_HARD_ONLY,20260714,7,train,loss_rec,0.0015001838380149,335393,9177,0.9370063844880586,False
3,D3_R2_ST_HARD_ONLY,20260714,7,train,loss_total,0.0825635936743136,335393,9177,0.9370063844880586,False
3,D3_R2_ST_HARD_ONLY,20260714,7,validation_early,complete_day_n,107.0,107,9177,0.9370063844880586,False
3,D3_R2_ST_HARD_ONLY,20260714,7,validation_early,mean_rankic,-0.0057281125812865,107,9177,0.9370063844880586,False
3,D3_R2_ST_HARD_ONLY,20260714,7,validation_early,score_coverage,1.0,51932,9177,0.9370063844880586,False
3,D3_R2_ST_HARD_ONLY,20260714,8,train,loss_diff,0.0768991387436612,335393,10488,0.9280063158376494,False
3,D3_R2_ST_HARD_ONLY,20260714,8,train,loss_koop,1.9948954304162332e-08,335393,10488,0.9280063158376494,False
3,D3_R2_ST_HARD_ONLY,20260714,8,train,loss_rec,0.0015001852818387,335393,10488,0.9280063158376494,False
3,D3_R2_ST_HARD_ONLY,20260714,8,train,loss_total,0.0783993439465598,335393,10488,0.9280063158376494,False
3,D3_R2_ST_HARD_ONLY,20260714,8,validation_early,complete_day_n,107.0,107,10488,0.9280063158376494,False
3,D3_R2_ST_HARD_ONLY,20260714,8,validation_early,mean_rankic,0.0067739302013729,107,10488,0.9280063158376494,False
3,D3_R2_ST_HARD_ONLY,20260714,8,validation_early,score_coverage,1.0,51932,10488,0.9280063158376494,False
3,D3_R2_ST_HARD_ONLY,20260714,9,train,loss_diff,0.0733734481643895,335393,11799,0.9190062471872402,False
3,D3_R2_ST_HARD_ONLY,20260714,9,train,loss_koop,1.19367982701323e-08,335393,11799,0.9190062471872402,False
3,D3_R2_ST_HARD_ONLY,20260714,9,train,loss_rec,0.001500428832199,335393,11799,0.9190062471872402,False
3,D3_R2_ST_HARD_ONLY,20260714,9,train,loss_total,0.0748738888577547,335393,11799,0.9190062471872402,False
3,D3_R2_ST_HARD_ONLY,20260714,9,validation_early,complete_day_n,107.0,107,11799,0.9190062471872402,False
3,D3_R2_ST_HARD_ONLY,20260714,9,validation_early,mean_rankic,-0.0023621608816113,107,11799,0.9190062471872402,False
3,D3_R2_ST_HARD_ONLY,20260714,9,validation_early,score_coverage,1.0,51932,11799,0.9190062471872402,False
3,D3_R2_ST_HARD_ONLY,20260714,10,train,loss_diff,0.0704685785060615,335393,13110,0.910006178536831,False
3,D3_R2_ST_HARD_ONLY,20260714,10,train,loss_koop,8.417380405371894e-09,335393,13110,0.910006178536831,False
3,D3_R2_ST_HARD_ONLY,20260714,10,train,loss_rec,0.0015004180524303,335393,13110,0.910006178536831,False
3,D3_R2_ST_HARD_ONLY,20260714,10,train,loss_total,0.0719690050008872,335393,13110,0.910006178536831,False
3,D3_R2_ST_HARD_ONLY,20260714,10,validation_early,complete_day_n,107.0,107,13110,0.910006178536831,False
3,D3_R2_ST_HARD_ONLY,20260714,10,validation_early,mean_rankic,-0.0059997319245626,107,13110,0.910006178536831,False
3,D3_R2_ST_HARD_ONLY,20260714,10,validation_early,score_coverage,1.0,51932,13110,0.910006178536831,False
3,D3_R2_ST_HARD_ONLY,20260714,11,train,loss_diff,0.067973838862816,335393,14421,0.9010061098864216,False
3,D3_R2_ST_HARD_ONLY,20260714,11,train,loss_koop,6.5575884610946595e-09,335393,14421,0.9010061098864216,False
3,D3_R2_ST_HARD_ONLY,20260714,11,train,loss_rec,0.0015003483150688,335393,14421,0.9010061098864216,False
3,D3_R2_ST_HARD_ONLY,20260714,11,train,loss_total,0.0694741936806496,335393,14421,0.9010061098864216,False
3,D3_R2_ST_HARD_ONLY,20260714,11,validation_early,complete_day_n,107.0,107,14421,0.9010061098864216,False
3,D3_R2_ST_HARD_ONLY,20260714,11,validation_early,mean_rankic,-0.0005272716512936,107,14421,0.9010061098864216,False
3,D3_R2_ST_HARD_ONLY,20260714,11,validation_early,score_coverage,1.0,51932,14421,0.9010061098864216,False
3,D3_R2_ST_HARD_ONLY,20260714,12,train,loss_diff,0.0657823435917971,335393,15732,0.8920060412360125,False
3,D3_R2_ST_HARD_ONLY,20260714,12,train,loss_koop,4.295886144067081e-09,335393,15732,0.8920060412360125,False
3,D3_R2_ST_HARD_ONLY,20260714,12,train,loss_rec,0.0015000880940067,335393,15732,0.8920060412360125,False
3,D3_R2_ST_HARD_ONLY,20260714,12,train,loss_total,0.0672824360565726,335393,15732,0.8920060412360125,False
3,D3_R2_ST_HARD_ONLY,20260714,12,validation_early,complete_day_n,107.0,107,15732,0.8920060412360125,False
3,D3_R2_ST_HARD_ONLY,20260714,12,validation_early,mean_rankic,0.0014772053792415,107,15732,0.8920060412360125,False
3,D3_R2_ST_HARD_ONLY,20260714,12,validation_early,score_coverage,1.0,51932,15732,0.8920060412360125,False
3,D3_R2_ST_HARD_ONLY,20260714,13,train,loss_diff,0.0639590445851065,335393,17043,0.8830059725856032,False
3,D3_R2_ST_HARD_ONLY,20260714,13,train,loss_koop,3.145091848597395e-09,335393,17043,0.8830059725856032,False
3,D3_R2_ST_HARD_ONLY,20260714,13,train,loss_rec,0.0015002814829049,335393,17043,0.8830059725856032,False
3,D3_R2_ST_HARD_ONLY,20260714,13,train,loss_total,0.0654593291581599,335393,17043,0.8830059725856032,False
3,D3_R2_ST_HARD_ONLY,20260714,13,validation_early,complete_day_n,107.0,107,17043,0.8830059725856032,False
3,D3_R2_ST_HARD_ONLY,20260714,13,validation_early,mean_rankic,0.004796654701114,107,17043,0.8830059725856032,False
3,D3_R2_ST_HARD_ONLY,20260714,13,validation_early,score_coverage,1.0,51932,17043,0.8830059725856032,False
3,D3_R2_ST_HARD_ONLY,20260714,14,train,loss_diff,0.06208525731426,335393,18354,0.874005903935194,False
3,D3_R2_ST_HARD_ONLY,20260714,14,train,loss_koop,2.422597003392615e-09,335393,18354,0.874005903935194,False
3,D3_R2_ST_HARD_ONLY,20260714,14,train,loss_rec,0.0015001175396847,335393,18354,0.874005903935194,False
3,D3_R2_ST_HARD_ONLY,20260714,14,train,loss_total,0.0635853772117951,335393,18354,0.874005903935194,False
3,D3_R2_ST_HARD_ONLY,20260714,14,validation_early,complete_day_n,107.0,107,18354,0.874005903935194,False
3,D3_R2_ST_HARD_ONLY,20260714,14,validation_early,mean_rankic,0.0018158779738672,107,18354,0.874005903935194,False
3,D3_R2_ST_HARD_ONLY,20260714,14,validation_early,score_coverage,1.0,51932,18354,0.874005903935194,False
3,D3_R2_ST_HARD_ONLY,20260714,15,train,loss_diff,0.0604666278378192,335393,19665,0.8650058352847847,False
3,D3_R2_ST_HARD_ONLY,20260714,15,train,loss_koop,1.5150284064941255e-09,335393,19665,0.8650058352847847,False
3,D3_R2_ST_HARD_ONLY,20260714,15,train,loss_rec,0.0015000732277841,335393,19665,0.8650058352847847,False
3,D3_R2_ST_HARD_ONLY,20260714,15,train,loss_total,0.0619667025264357,335393,19665,0.8650058352847847,False
3,D3_R2_ST_HARD_ONLY,20260714,15,validation_early,complete_day_n,107.0,107,19665,0.8650058352847847,False
3,D3_R2_ST_HARD_ONLY,20260714,15,validation_early,mean_rankic,0.0007133152048775,107,19665,0.8650058352847847,False
3,D3_R2_ST_HARD_ONLY,20260714,15,validation_early,score_coverage,1.0,51932,19665,0.8650058352847847,False
3,D3_R2_ST_HARD_ONLY,20260714,16,train,loss_diff,0.0591139655710102,335393,20976,0.8560057666343756,True
3,D3_R2_ST_HARD_ONLY,20260714,16,train,loss_koop,9.140072978662759e-10,335393,20976,0.8560057666343756,True
3,D3_R2_ST_HARD_ONLY,20260714,16,train,loss_rec,0.0015001247422052,335393,20976,0.8560057666343756,True
3,D3_R2_ST_HARD_ONLY,20260714,16,train,loss_total,0.0606140912813857,335393,20976,0.8560057666343756,True
3,D3_R2_ST_HARD_ONLY,20260714,16,validation_early,complete_day_n,107.0,107,20976,0.8560057666343756,True
3,D3_R2_ST_HARD_ONLY,20260714,16,validation_early,mean_rankic,0.0082544093508036,107,20976,0.8560057666343756,True
3,D3_R2_ST_HARD_ONLY,20260714,16,validation_early,score_coverage,1.0,51932,20976,0.8560057666343756,True
3,D3_R2_ST_HARD_ONLY,20260714,17,train,loss_diff,0.0576111938823792,335393,22287,0.8470056979839663,False
3,D3_R2_ST_HARD_ONLY,20260714,17,train,loss_koop,6.906175877495961e-10,335393,22287,0.8470056979839663,False
3,D3_R2_ST_HARD_ONLY,20260714,17,train,loss_rec,0.0015001579413921,335393,22287,0.8470056979839663,False
3,D3_R2_ST_HARD_ONLY,20260714,17,train,loss_total,0.0591113525676267,335393,22287,0.8470056979839663,False
3,D3_R2_ST_HARD_ONLY,20260714,17,validation_early,complete_day_n,107.0,107,22287,0.8470056979839663,False
3,D3_R2_ST_HARD_ONLY,20260714,17,validation_early,mean_rankic,0.0059670292003761,107,22287,0.8470056979839663,False
3,D3_R2_ST_HARD_ONLY,20260714,17,validation_early,score_coverage,1.0,51932,22287,0.8470056979839663,False
3,D3_R2_ST_HARD_ONLY,20260714,18,train,loss_diff,0.0565571082848785,335393,23598,0.8380056293335572,False
3,D3_R2_ST_HARD_ONLY,20260714,18,train,loss_koop,5.696513664168954e-10,335393,23598,0.8380056293335572,False
3,D3_R2_ST_HARD_ONLY,20260714,18,train,loss_rec,0.0015002839146947,335393,23598,0.8380056293335572,False
3,D3_R2_ST_HARD_ONLY,20260714,18,train,loss_total,0.0580573927502139,335393,23598,0.8380056293335572,False
3,D3_R2_ST_HARD_ONLY,20260714,18,validation_early,complete_day_n,107.0,107,23598,0.8380056293335572,False
3,D3_R2_ST_HARD_ONLY,20260714,18,validation_early,mean_rankic,-0.003931458270092,107,23598,0.8380056293335572,False
3,D3_R2_ST_HARD_ONLY,20260714,18,validation_early,score_coverage,1.0,51932,23598,0.8380056293335572,False
3,D3_R2_ST_HARD_ONLY,20260714,19,train,loss_diff,0.0554876412223675,335393,24909,0.8290055606831479,False
3,D3_R2_ST_HARD_ONLY,20260714,19,train,loss_koop,3.113937935251306e-10,335393,24909,0.8290055606831479,False
3,D3_R2_ST_HARD_ONLY,20260714,19,train,loss_rec,0.0014999997896778,335393,24909,0.8290055606831479,False
3,D3_R2_ST_HARD_ONLY,20260714,19,train,loss_total,0.0569876412935614,335393,24909,0.8290055606831479,False
3,D3_R2_ST_HARD_ONLY,20260714,19,validation_early,complete_day_n,107.0,107,24909,0.8290055606831479,False
3,D3_R2_ST_HARD_ONLY,20260714,19,validation_early,mean_rankic,-0.0116519943219697,107,24909,0.8290055606831479,False
3,D3_R2_ST_HARD_ONLY,20260714,19,validation_early,score_coverage,1.0,51932,24909,0.8290055606831479,False
3,D3_R2_ST_HARD_ONLY,20260714,20,train,loss_diff,0.054232877924603,335393,26220,0.8200054920327386,False
3,D3_R2_ST_HARD_ONLY,20260714,20,train,loss_koop,3.08176692799077e-10,335393,26220,0.8200054920327386,False
3,D3_R2_ST_HARD_ONLY,20260714,20,train,loss_rec,0.0015001259356673,335393,26220,0.8200054920327386,False
3,D3_R2_ST_HARD_ONLY,20260714,20,train,loss_total,0.0557330040952625,335393,26220,0.8200054920327386,False
3,D3_R2_ST_HARD_ONLY,20260714,20,validation_early,complete_day_n,107.0,107,26220,0.8200054920327386,False
3,D3_R2_ST_HARD_ONLY,20260714,20,validation_early,mean_rankic,-0.0001831290045164,107,26220,0.8200054920327386,False
3,D3_R2_ST_HARD_ONLY,20260714,20,validation_early,score_coverage,1.0,51932,26220,0.8200054920327386,False
3,D3_R2_ST_HARD_ONLY,20260714,21,train,loss_diff,0.053305817226372,335393,27531,0.8110054233823294,False
3,D3_R2_ST_HARD_ONLY,20260714,21,train,loss_koop,2.2088942113066387e-10,335393,27531,0.8110054233823294,False
3,D3_R2_ST_HARD_ONLY,20260714,21,train,loss_rec,0.0014998666774044,335393,27531,0.8110054233823294,False
3,D3_R2_ST_HARD_ONLY,20260714,21,train,loss_total,0.0548056841268099,335393,27531,0.8110054233823294,False
3,D3_R2_ST_HARD_ONLY,20260714,21,validation_early,complete_day_n,107.0,107,27531,0.8110054233823294,False
3,D3_R2_ST_HARD_ONLY,20260714,21,validation_early,mean_rankic,0.0005155904077873,107,27531,0.8110054233823294,False
3,D3_R2_ST_HARD_ONLY,20260714,21,validation_early,score_coverage,1.0,51932,27531,0.8110054233823294,False
3,D3_R2_ST_HARD_ONLY,20260714,22,train,loss_diff,0.0523801512747384,335393,28842,0.8020053547319201,False
3,D3_R2_ST_HARD_ONLY,20260714,22,train,loss_koop,1.6755745828754727e-10,335393,28842,0.8020053547319201,False
3,D3_R2_ST_HARD_ONLY,20260714,22,train,loss_rec,0.0015000402899463,335393,28842,0.8020053547319201,False
3,D3_R2_ST_HARD_ONLY,20260714,22,train,loss_total,0.0538801917430282,335393,28842,0.8020053547319201,False
3,D3_R2_ST_HARD_ONLY,20260714,22,validation_early,complete_day_n,107.0,107,28842,0.8020053547319201,False
3,D3_R2_ST_HARD_ONLY,20260714,22,validation_early,mean_rankic,0.0020545087261144,107,28842,0.8020053547319201,False
3,D3_R2_ST_HARD_ONLY,20260714,22,validation_early,score_coverage,1.0,51932,28842,0.8020053547319201,False
3,D3_R2_ST_HARD_ONLY,20260714,23,train,loss_diff,0.0515883193845842,335393,30153,0.7930052860815109,False
3,D3_R2_ST_HARD_ONLY,20260714,23,train,loss_koop,1.7963020931345303e-10,335393,30153,0.7930052860815109,False
3,D3_R2_ST_HARD_ONLY,20260714,23,train,loss_rec,0.0015002726286379,335393,30153,0.7930052860815109,False
3,D3_R2_ST_HARD_ONLY,20260714,23,train,loss_total,0.0530885921474434,335393,30153,0.7930052860815109,False
3,D3_R2_ST_HARD_ONLY,20260714,23,validation_early,complete_day_n,107.0,107,30153,0.7930052860815109,False
3,D3_R2_ST_HARD_ONLY,20260714,23,validation_early,mean_rankic,-0.0070247469699278,107,30153,0.7930052860815109,False
3,D3_R2_ST_HARD_ONLY,20260714,23,validation_early,score_coverage,1.0,51932,30153,0.7930052860815109,False
3,D3_R2_ST_HARD_ONLY,20260714,24,train,loss_diff,0.0508176539079338,335393,31464,0.7840052174311016,False
3,D3_R2_ST_HARD_ONLY,20260714,24,train,loss_koop,1.1437661191978678e-10,335393,31464,0.7840052174311016,False
3,D3_R2_ST_HARD_ONLY,20260714,24,train,loss_rec,0.0015000964396201,335393,31464,0.7840052174311016,False
3,D3_R2_ST_HARD_ONLY,20260714,24,train,loss_total,0.0523177505084899,335393,31464,0.7840052174311016,False
3,D3_R2_ST_HARD_ONLY,20260714,24,validation_early,complete_day_n,107.0,107,31464,0.7840052174311016,False
3,D3_R2_ST_HARD_ONLY,20260714,24,validation_early,mean_rankic,-0.0036205943893742,107,31464,0.7840052174311016,False
3,D3_R2_ST_HARD_ONLY,20260714,24,validation_early,score_coverage,1.0,51932,31464,0.7840052174311016,False
3,D3_R2_ST_HARD_ONLY,20260714,25,train,loss_diff,0.0500570208090532,335393,32775,0.7750051487806924,False
3,D3_R2_ST_HARD_ONLY,20260714,25,train,loss_koop,9.02140022416984e-11,335393,32775,0.7750051487806924,False
3,D3_R2_ST_HARD_ONLY,20260714,25,train,loss_rec,0.0015001081386774,335393,32775,0.7750051487806924,False
3,D3_R2_ST_HARD_ONLY,20260714,25,train,loss_total,0.0515571290682563,335393,32775,0.7750051487806924,False
3,D3_R2_ST_HARD_ONLY,20260714,25,validation_early,complete_day_n,107.0,107,32775,0.7750051487806924,False
3,D3_R2_ST_HARD_ONLY,20260714,25,validation_early,mean_rankic,0.0015234553287553,107,32775,0.7750051487806924,False
3,D3_R2_ST_HARD_ONLY,20260714,25,validation_early,score_coverage,1.0,51932,32775,0.7750051487806924,False
3,D3_R2_ST_HARD_ONLY,20260714,26,train,loss_diff,0.0490707588982597,335393,34086,0.7660050801302832,False
3,D3_R2_ST_HARD_ONLY,20260714,26,train,loss_koop,8.085567629665992e-11,335393,34086,0.7660050801302832,False
3,D3_R2_ST_HARD_ONLY,20260714,26,train,loss_rec,0.0014998735433902,335393,34086,0.7660050801302832,False
3,D3_R2_ST_HARD_ONLY,20260714,26,train,loss_total,0.0505706324831897,335393,34086,0.7660050801302832,False
3,D3_R2_ST_HARD_ONLY,20260714,26,validation_early,complete_day_n,107.0,107,34086,0.7660050801302832,False
3,D3_R2_ST_HARD_ONLY,20260714,26,validation_early,mean_rankic,-0.0048013937749144,107,34086,0.7660050801302832,False
3,D3_R2_ST_HARD_ONLY,20260714,26,validation_early,score_coverage,1.0,51932,34086,0.7660050801302832,False
3,D3_R2_ST_HARD_ONLY,20260715,1,train,loss_diff,0.2507599039482425,335393,1311,0.991006796390514,False
3,D3_R2_ST_HARD_ONLY,20260715,1,train,loss_koop,0.0004347915602183,335393,1311,0.991006796390514,False
3,D3_R2_ST_HARD_ONLY,20260715,1,train,loss_rec,0.0091545326318739,335393,1311,0.991006796390514,False
3,D3_R2_ST_HARD_ONLY,20260715,1,train,loss_total,0.2603492281869661,335393,1311,0.991006796390514,False
3,D3_R2_ST_HARD_ONLY,20260715,1,validation_early,complete_day_n,107.0,107,1311,0.991006796390514,False
3,D3_R2_ST_HARD_ONLY,20260715,1,validation_early,mean_rankic,0.0019140815776404,107,1311,0.991006796390514,False
3,D3_R2_ST_HARD_ONLY,20260715,1,validation_early,score_coverage,1.0,51932,1311,0.991006796390514,False
3,D3_R2_ST_HARD_ONLY,20260715,2,train,loss_diff,0.1214613811459439,335393,2622,0.9820067277401048,False
3,D3_R2_ST_HARD_ONLY,20260715,2,train,loss_koop,6.927048729694796e-06,335393,2622,0.9820067277401048,False
3,D3_R2_ST_HARD_ONLY,20260715,2,train,loss_rec,0.0016727972194151,335393,2622,0.9820067277401048,False
3,D3_R2_ST_HARD_ONLY,20260715,2,train,loss_total,0.1231411052487597,335393,2622,0.9820067277401048,False
3,D3_R2_ST_HARD_ONLY,20260715,2,validation_early,complete_day_n,107.0,107,2622,0.9820067277401048,False
3,D3_R2_ST_HARD_ONLY,20260715,2,validation_early,mean_rankic,0.0046246841644606,107,2622,0.9820067277401048,False
3,D3_R2_ST_HARD_ONLY,20260715,2,validation_early,score_coverage,1.0,51932,2622,0.9820067277401048,False
3,D3_R2_ST_HARD_ONLY,20260715,3,train,loss_diff,0.1061043716960419,335393,3933,0.9730066590896956,True
3,D3_R2_ST_HARD_ONLY,20260715,3,train,loss_koop,1.3471816912963643e-06,335393,3933,0.9730066590896956,True
3,D3_R2_ST_HARD_ONLY,20260715,3,train,loss_rec,0.0015008836806157,335393,3933,0.9730066590896956,True
3,D3_R2_ST_HARD_ONLY,20260715,3,train,loss_total,0.1076066026117131,335393,3933,0.9730066590896956,True
3,D3_R2_ST_HARD_ONLY,20260715,3,validation_early,complete_day_n,107.0,107,3933,0.9730066590896956,True
3,D3_R2_ST_HARD_ONLY,20260715,3,validation_early,mean_rankic,0.0080605341360603,107,3933,0.9730066590896956,True
3,D3_R2_ST_HARD_ONLY,20260715,3,validation_early,score_coverage,1.0,51932,3933,0.9730066590896956,True
3,D3_R2_ST_HARD_ONLY,20260715,4,train,loss_diff,0.096909199597325,335393,5244,0.9640065904392864,False
3,D3_R2_ST_HARD_ONLY,20260715,4,train,loss_koop,4.168638481668146e-07,335393,5244,0.9640065904392864,False
3,D3_R2_ST_HARD_ONLY,20260715,4,train,loss_rec,0.0014981140870706,335393,5244,0.9640065904392864,False
3,D3_R2_ST_HARD_ONLY,20260715,4,train,loss_total,0.0984077305738606,335393,5244,0.9640065904392864,False
3,D3_R2_ST_HARD_ONLY,20260715,4,validation_early,complete_day_n,107.0,107,5244,0.9640065904392864,False
3,D3_R2_ST_HARD_ONLY,20260715,4,validation_early,mean_rankic,-0.0044803319687419,107,5244,0.9640065904392864,False
3,D3_R2_ST_HARD_ONLY,20260715,4,validation_early,score_coverage,1.0,51932,5244,0.9640065904392864,False
3,D3_R2_ST_HARD_ONLY,20260715,5,train,loss_diff,0.0900555309870388,335393,6555,0.9550065217888772,False
3,D3_R2_ST_HARD_ONLY,20260715,5,train,loss_koop,1.688702670523447e-07,335393,6555,0.9550065217888772,False
3,D3_R2_ST_HARD_ONLY,20260715,5,train,loss_rec,0.0014989296461372,335393,6555,0.9550065217888772,False
3,D3_R2_ST_HARD_ONLY,20260715,5,train,loss_total,0.0915546295238188,335393,6555,0.9550065217888772,False
3,D3_R2_ST_HARD_ONLY,20260715,5,validation_early,complete_day_n,107.0,107,6555,0.9550065217888772,False
3,D3_R2_ST_HARD_ONLY,20260715,5,validation_early,mean_rankic,-0.0023394827757324,107,6555,0.9550065217888772,False
3,D3_R2_ST_HARD_ONLY,20260715,5,validation_early,score_coverage,1.0,51932,6555,0.9550065217888772,False
3,D3_R2_ST_HARD_ONLY,20260715,6,train,loss_diff,0.0844165567856506,335393,7866,0.946006453138468,False
3,D3_R2_ST_HARD_ONLY,20260715,6,train,loss_koop,7.876260118407246e-08,335393,7866,0.946006453138468,False
3,D3_R2_ST_HARD_ONLY,20260715,6,train,loss_rec,0.0014995196930936,335393,7866,0.946006453138468,False
3,D3_R2_ST_HARD_ONLY,20260715,6,train,loss_total,0.0859161552034893,335393,7866,0.946006453138468,False
3,D3_R2_ST_HARD_ONLY,20260715,6,validation_early,complete_day_n,107.0,107,7866,0.946006453138468,False
3,D3_R2_ST_HARD_ONLY,20260715,6,validation_early,mean_rankic,-0.0052697243772306,107,7866,0.946006453138468,False
3,D3_R2_ST_HARD_ONLY,20260715,6,validation_early,score_coverage,1.0,51932,7866,0.946006453138468,False
3,D3_R2_ST_HARD_ONLY,20260715,7,train,loss_diff,0.0798125731067494,335393,9177,0.9370063844880586,False
3,D3_R2_ST_HARD_ONLY,20260715,7,train,loss_koop,4.075343764037866e-08,335393,9177,0.9370063844880586,False
3,D3_R2_ST_HARD_ONLY,20260715,7,train,loss_rec,0.0015001751537897,335393,9177,0.9370063844880586,False
3,D3_R2_ST_HARD_ONLY,20260715,7,train,loss_total,0.0813127890337098,335393,9177,0.9370063844880586,False
3,D3_R2_ST_HARD_ONLY,20260715,7,validation_early,complete_day_n,107.0,107,9177,0.9370063844880586,False
3,D3_R2_ST_HARD_ONLY,20260715,7,validation_early,mean_rankic,-0.0029225580423727,107,9177,0.9370063844880586,False
3,D3_R2_ST_HARD_ONLY,20260715,7,validation_early,score_coverage,1.0,51932,9177,0.9370063844880586,False
3,D3_R2_ST_HARD_ONLY,20260715,8,train,loss_diff,0.0761473470704015,335393,10488,0.9280063158376494,False
3,D3_R2_ST_HARD_ONLY,20260715,8,train,loss_koop,2.256034039642076e-08,335393,10488,0.9280063158376494,False
3,D3_R2_ST_HARD_ONLY,20260715,8,train,loss_rec,0.0015002143452214,335393,10488,0.9280063158376494,False
3,D3_R2_ST_HARD_ONLY,20260715,8,train,loss_total,0.0776475839200463,335393,10488,0.9280063158376494,False
3,D3_R2_ST_HARD_ONLY,20260715,8,validation_early,complete_day_n,107.0,107,10488,0.9280063158376494,False
3,D3_R2_ST_HARD_ONLY,20260715,8,validation_early,mean_rankic,0.0039933228342247,107,10488,0.9280063158376494,False
3,D3_R2_ST_HARD_ONLY,20260715,8,validation_early,score_coverage,1.0,51932,10488,0.9280063158376494,False
3,D3_R2_ST_HARD_ONLY,20260715,9,train,loss_diff,0.0729839617135586,335393,11799,0.9190062471872402,False
3,D3_R2_ST_HARD_ONLY,20260715,9,train,loss_koop,1.3718055572135045e-08,335393,11799,0.9190062471872402,False
3,D3_R2_ST_HARD_ONLY,20260715,9,train,loss_rec,0.0015002611428649,335393,11799,0.9190062471872402,False
3,D3_R2_ST_HARD_ONLY,20260715,9,train,loss_total,0.0744842366070751,335393,11799,0.9190062471872402,False
3,D3_R2_ST_HARD_ONLY,20260715,9,validation_early,complete_day_n,107.0,107,11799,0.9190062471872402,False
3,D3_R2_ST_HARD_ONLY,20260715,9,validation_early,mean_rankic,-0.0041936290437181,107,11799,0.9190062471872402,False
3,D3_R2_ST_HARD_ONLY,20260715,9,validation_early,score_coverage,1.0,51932,11799,0.9190062471872402,False
3,D3_R2_ST_HARD_ONLY,20260715,10,train,loss_diff,0.070012007102532,335393,13110,0.910006178536831,False
3,D3_R2_ST_HARD_ONLY,20260715,10,train,loss_koop,9.576951755847906e-09,335393,13110,0.910006178536831,False
3,D3_R2_ST_HARD_ONLY,20260715,10,train,loss_rec,0.0015004043346205,335393,13110,0.910006178536831,False
3,D3_R2_ST_HARD_ONLY,20260715,10,train,loss_total,0.0715124210939829,335393,13110,0.910006178536831,False
3,D3_R2_ST_HARD_ONLY,20260715,10,validation_early,complete_day_n,107.0,107,13110,0.910006178536831,False
3,D3_R2_ST_HARD_ONLY,20260715,10,validation_early,mean_rankic,0.0035559075868242,107,13110,0.910006178536831,False
3,D3_R2_ST_HARD_ONLY,20260715,10,validation_early,score_coverage,1.0,51932,13110,0.910006178536831,False
3,D3_R2_ST_HARD_ONLY,20260715,11,train,loss_diff,0.0674088070116104,335393,14421,0.9010061098864216,False
3,D3_R2_ST_HARD_ONLY,20260715,11,train,loss_koop,6.8291939020306995e-09,335393,14421,0.9010061098864216,False
3,D3_R2_ST_HARD_ONLY,20260715,11,train,loss_rec,0.0015002456142711,335393,14421,0.9010061098864216,False
3,D3_R2_ST_HARD_ONLY,20260715,11,train,loss_total,0.0689090594442009,335393,14421,0.9010061098864216,False
3,D3_R2_ST_HARD_ONLY,20260715,11,validation_early,complete_day_n,107.0,107,14421,0.9010061098864216,False
3,D3_R2_ST_HARD_ONLY,20260715,11,validation_early,mean_rankic,0.0007413199151497,107,14421,0.9010061098864216,False
3,D3_R2_ST_HARD_ONLY,20260715,11,validation_early,score_coverage,1.0,51932,14421,0.9010061098864216,False
3,D3_R2_ST_HARD_ONLY,20260715,12,train,loss_diff,0.0652258857515632,335393,15732,0.8920060412360125,False
3,D3_R2_ST_HARD_ONLY,20260715,12,train,loss_koop,4.499496772275895e-09,335393,15732,0.8920060412360125,False
3,D3_R2_ST_HARD_ONLY,20260715,12,train,loss_rec,0.0015003500710441,335393,15732,0.8920060412360125,False
3,D3_R2_ST_HARD_ONLY,20260715,12,train,loss_total,0.0667262403480518,335393,15732,0.8920060412360125,False
3,D3_R2_ST_HARD_ONLY,20260715,12,validation_early,complete_day_n,107.0,107,15732,0.8920060412360125,False
3,D3_R2_ST_HARD_ONLY,20260715,12,validation_early,mean_rankic,0.0058564181061854,107,15732,0.8920060412360125,False
3,D3_R2_ST_HARD_ONLY,20260715,12,validation_early,score_coverage,1.0,51932,15732,0.8920060412360125,False
3,D3_R2_ST_HARD_ONLY,20260715,13,train,loss_diff,0.0633765507549544,335393,17043,0.8830059725856032,False
3,D3_R2_ST_HARD_ONLY,20260715,13,train,loss_koop,3.006495001632322e-09,335393,17043,0.8830059725856032,False
3,D3_R2_ST_HARD_ONLY,20260715,13,train,loss_rec,0.0015001481373444,335393,17043,0.8830059725856032,False
3,D3_R2_ST_HARD_ONLY,20260715,13,train,loss_total,0.0648767017593682,335393,17043,0.8830059725856032,False
3,D3_R2_ST_HARD_ONLY,20260715,13,validation_early,complete_day_n,107.0,107,17043,0.8830059725856032,False
3,D3_R2_ST_HARD_ONLY,20260715,13,validation_early,mean_rankic,0.0058820149062182,107,17043,0.8830059725856032,False
3,D3_R2_ST_HARD_ONLY,20260715,13,validation_early,score_coverage,1.0,51932,17043,0.8830059725856032,False
4,D4_R2_REPAIR_COMBINED_V1,20260713,1,train,loss_diff,0.2515934320883518,335393,1311,0.991006796390514,False
4,D4_R2_REPAIR_COMBINED_V1,20260713,1,train,loss_koop,0.0034960986814033,335393,1311,0.991006796390514,False
4,D4_R2_REPAIR_COMBINED_V1,20260713,1,train,loss_rec,0.3702922871328193,335393,1311,0.991006796390514,False
4,D4_R2_REPAIR_COMBINED_V1,20260713,1,train,loss_total,0.0693166009808285,335393,1311,0.991006796390514,False
4,D4_R2_REPAIR_COMBINED_V1,20260713,1,validation_early,complete_day_n,107.0,107,1311,0.991006796390514,False
4,D4_R2_REPAIR_COMBINED_V1,20260713,1,validation_early,mean_rankic,-0.0039690205328918,107,1311,0.991006796390514,False
4,D4_R2_REPAIR_COMBINED_V1,20260713,1,validation_early,score_coverage,1.0,51932,1311,0.991006796390514,False
4,D4_R2_REPAIR_COMBINED_V1,20260713,2,train,loss_diff,0.1449697704161042,335393,2622,0.9820067277401048,False
4,D4_R2_REPAIR_COMBINED_V1,20260713,2,train,loss_koop,0.0029222956724169,335393,2622,0.9820067277401048,False
4,D4_R2_REPAIR_COMBINED_V1,20260713,2,train,loss_rec,0.2898087876851045,335393,2622,0.9820067277401048,False
4,D4_R2_REPAIR_COMBINED_V1,20260713,2,train,loss_total,0.0462361937728909,335393,2622,0.9820067277401048,False
4,D4_R2_REPAIR_COMBINED_V1,20260713,2,validation_early,complete_day_n,107.0,107,2622,0.9820067277401048,False
4,D4_R2_REPAIR_COMBINED_V1,20260713,2,validation_early,mean_rankic,-0.010740412209111,107,2622,0.9820067277401048,False
4,D4_R2_REPAIR_COMBINED_V1,20260713,2,validation_early,score_coverage,1.0,51932,2622,0.9820067277401048,False
4,D4_R2_REPAIR_COMBINED_V1,20260713,3,train,loss_diff,0.1310198947495875,335393,3933,0.9730066590896956,True
4,D4_R2_REPAIR_COMBINED_V1,20260713,3,train,loss_koop,0.0028291101052725,335393,3933,0.9730066590896956,True
4,D4_R2_REPAIR_COMBINED_V1,20260713,3,train,loss_rec,0.2751282948515555,335393,3933,0.9730066590896956,True
4,D4_R2_REPAIR_COMBINED_V1,20260713,3,train,loss_total,0.0429615722099116,335393,3933,0.9730066590896956,True
4,D4_R2_REPAIR_COMBINED_V1,20260713,3,validation_early,complete_day_n,107.0,107,3933,0.9730066590896956,True
4,D4_R2_REPAIR_COMBINED_V1,20260713,3,validation_early,mean_rankic,0.0141918948053194,107,3933,0.9730066590896956,True
4,D4_R2_REPAIR_COMBINED_V1,20260713,3,validation_early,score_coverage,1.0,51932,3933,0.9730066590896956,True
4,D4_R2_REPAIR_COMBINED_V1,20260713,4,train,loss_diff,0.1221308150328937,335393,5244,0.9640065904392864,False
4,D4_R2_REPAIR_COMBINED_V1,20260713,4,train,loss_koop,0.0027246123026087,335393,5244,0.9640065904392864,False
4,D4_R2_REPAIR_COMBINED_V1,20260713,4,train,loss_rec,0.2624374706723154,335393,5244,0.9640065904392864,False
4,D4_R2_REPAIR_COMBINED_V1,20260713,4,train,loss_total,0.040584858399,335393,5244,0.9640065904392864,False
4,D4_R2_REPAIR_COMBINED_V1,20260713,4,validation_early,complete_day_n,107.0,107,5244,0.9640065904392864,False
4,D4_R2_REPAIR_COMBINED_V1,20260713,4,validation_early,mean_rankic,-0.0028427012888108,107,5244,0.9640065904392864,False
4,D4_R2_REPAIR_COMBINED_V1,20260713,4,validation_early,score_coverage,1.0,51932,5244,0.9640065904392864,False
4,D4_R2_REPAIR_COMBINED_V1,20260713,5,train,loss_diff,0.1157357323639384,335393,6555,0.9550065217888772,False
4,D4_R2_REPAIR_COMBINED_V1,20260713,5,train,loss_koop,0.0026320727587081,335393,6555,0.9550065217888772,False
4,D4_R2_REPAIR_COMBINED_V1,20260713,5,train,loss_rec,0.2552466032791819,335393,6555,0.9550065217888772,False
4,D4_R2_REPAIR_COMBINED_V1,20260713,5,train,loss_total,0.038922139435857,335393,6555,0.9550065217888772,False
4,D4_R2_REPAIR_COMBINED_V1,20260713,5,validation_early,complete_day_n,107.0,107,6555,0.9550065217888772,False
4,D4_R2_REPAIR_COMBINED_V1,20260713,5,validation_early,mean_rankic,0.0075704213209146,107,6555,0.9550065217888772,False
4,D4_R2_REPAIR_COMBINED_V1,20260713,5,validation_early,score_coverage,1.0,51932,6555,0.9550065217888772,False
4,D4_R2_REPAIR_COMBINED_V1,20260713,6,train,loss_diff,0.1100662870341223,335393,7866,0.946006453138468,False
4,D4_R2_REPAIR_COMBINED_V1,20260713,6,train,loss_koop,0.0025647010736844,335393,7866,0.946006453138468,False
4,D4_R2_REPAIR_COMBINED_V1,20260713,6,train,loss_rec,0.2515104905207632,335393,7866,0.946006453138468,False
4,D4_R2_REPAIR_COMBINED_V1,20260713,6,train,loss_total,0.0376189546444969,335393,7866,0.946006453138468,False
4,D4_R2_REPAIR_COMBINED_V1,20260713,6,validation_early,complete_day_n,107.0,107,7866,0.946006453138468,False
4,D4_R2_REPAIR_COMBINED_V1,20260713,6,validation_early,mean_rankic,-0.0065561416731679,107,7866,0.946006453138468,False
4,D4_R2_REPAIR_COMBINED_V1,20260713,6,validation_early,score_coverage,1.0,51932,7866,0.946006453138468,False
4,D4_R2_REPAIR_COMBINED_V1,20260713,7,train,loss_diff,0.1055653852748638,335393,9177,0.9370063844880586,False
4,D4_R2_REPAIR_COMBINED_V1,20260713,7,train,loss_koop,0.0025181157850582,335393,9177,0.9370063844880586,False
4,D4_R2_REPAIR_COMBINED_V1,20260713,7,train,loss_rec,0.2491739298269794,335393,9177,0.9370063844880586,False
4,D4_R2_REPAIR_COMBINED_V1,20260713,7,train,loss_total,0.0366346108563028,335393,9177,0.9370063844880586,False
4,D4_R2_REPAIR_COMBINED_V1,20260713,7,validation_early,complete_day_n,107.0,107,9177,0.9370063844880586,False
4,D4_R2_REPAIR_COMBINED_V1,20260713,7,validation_early,mean_rankic,-0.002816392803229,107,9177,0.9370063844880586,False
4,D4_R2_REPAIR_COMBINED_V1,20260713,7,validation_early,score_coverage,1.0,51932,9177,0.9370063844880586,False
4,D4_R2_REPAIR_COMBINED_V1,20260713,8,train,loss_diff,0.1016784110329269,335393,10488,0.9280063158376494,False
4,D4_R2_REPAIR_COMBINED_V1,20260713,8,train,loss_koop,0.0024955425307837,335393,10488,0.9280063158376494,False
4,D4_R2_REPAIR_COMBINED_V1,20260713,8,train,loss_rec,0.2480117351676693,335393,10488,0.9280063158376494,False
4,D4_R2_REPAIR_COMBINED_V1,20260713,8,train,loss_total,0.0358758879558949,335393,10488,0.9280063158376494,False
4,D4_R2_REPAIR_COMBINED_V1,20260713,8,validation_early,complete_day_n,107.0,107,10488,0.9280063158376494,False
4,D4_R2_REPAIR_COMBINED_V1,20260713,8,validation_early,mean_rankic,-0.0036577697108914,107,10488,0.9280063158376494,False
4,D4_R2_REPAIR_COMBINED_V1,20260713,8,validation_early,score_coverage,1.0,51932,10488,0.9280063158376494,False
4,D4_R2_REPAIR_COMBINED_V1,20260713,9,train,loss_diff,0.0984042222995352,335393,11799,0.9190062471872402,False
4,D4_R2_REPAIR_COMBINED_V1,20260713,9,train,loss_koop,0.0024745881724311,335393,11799,0.9190062471872402,False
4,D4_R2_REPAIR_COMBINED_V1,20260713,9,train,loss_rec,0.2467497151521186,335393,11799,0.9190062471872402,False
4,D4_R2_REPAIR_COMBINED_V1,20260713,9,train,loss_total,0.0352174294366445,335393,11799,0.9190062471872402,False
4,D4_R2_REPAIR_COMBINED_V1,20260713,9,validation_early,complete_day_n,107.0,107,11799,0.9190062471872402,False
4,D4_R2_REPAIR_COMBINED_V1,20260713,9,validation_early,mean_rankic,0.0086234361395512,107,11799,0.9190062471872402,False
4,D4_R2_REPAIR_COMBINED_V1,20260713,9,validation_early,score_coverage,1.0,51932,11799,0.9190062471872402,False
4,D4_R2_REPAIR_COMBINED_V1,20260713,10,train,loss_diff,0.0952490836603657,335393,13110,0.910006178536831,False
4,D4_R2_REPAIR_COMBINED_V1,20260713,10,train,loss_koop,0.0024592613758961,335393,13110,0.910006178536831,False
4,D4_R2_REPAIR_COMBINED_V1,20260713,10,train,loss_rec,0.2462397485071586,335393,13110,0.910006178536831,False
4,D4_R2_REPAIR_COMBINED_V1,20260713,10,train,loss_total,0.0346312588457771,335393,13110,0.910006178536831,False
4,D4_R2_REPAIR_COMBINED_V1,20260713,10,validation_early,complete_day_n,107.0,107,13110,0.910006178536831,False
4,D4_R2_REPAIR_COMBINED_V1,20260713,10,validation_early,mean_rankic,0.0129572430326582,107,13110,0.910006178536831,False
4,D4_R2_REPAIR_COMBINED_V1,20260713,10,validation_early,score_coverage,1.0,51932,13110,0.910006178536831,False
4,D4_R2_REPAIR_COMBINED_V1,20260713,11,train,loss_diff,0.092280964947903,335393,14421,0.9010061098864216,False
4,D4_R2_REPAIR_COMBINED_V1,20260713,11,train,loss_koop,0.0024455906220168,335393,14421,0.9010061098864216,False
4,D4_R2_REPAIR_COMBINED_V1,20260713,11,train,loss_rec,0.2452259425144493,335393,14421,0.9010061098864216,False
4,D4_R2_REPAIR_COMBINED_V1,20260713,11,train,loss_total,0.0340556063327814,335393,14421,0.9010061098864216,False
4,D4_R2_REPAIR_COMBINED_V1,20260713,11,validation_early,complete_day_n,107.0,107,14421,0.9010061098864216,False
4,D4_R2_REPAIR_COMBINED_V1,20260713,11,validation_early,mean_rankic,0.0042558259508736,107,14421,0.9010061098864216,False
4,D4_R2_REPAIR_COMBINED_V1,20260713,11,validation_early,score_coverage,1.0,51932,14421,0.9010061098864216,False
4,D4_R2_REPAIR_COMBINED_V1,20260713,12,train,loss_diff,0.0894727367075863,335393,15732,0.8920060412360125,False
4,D4_R2_REPAIR_COMBINED_V1,20260713,12,train,loss_koop,0.0024347399922449,335393,15732,0.8920060412360125,False
4,D4_R2_REPAIR_COMBINED_V1,20260713,12,train,loss_rec,0.2447149385093669,335393,15732,0.8920060412360125,False
4,D4_R2_REPAIR_COMBINED_V1,20260713,12,train,loss_total,0.0335388492876382,335393,15732,0.8920060412360125,False
4,D4_R2_REPAIR_COMBINED_V1,20260713,12,validation_early,complete_day_n,107.0,107,15732,0.8920060412360125,False
4,D4_R2_REPAIR_COMBINED_V1,20260713,12,validation_early,mean_rankic,-0.0040285140250541,107,15732,0.8920060412360125,False
4,D4_R2_REPAIR_COMBINED_V1,20260713,12,validation_early,score_coverage,1.0,51932,15732,0.8920060412360125,False
4,D4_R2_REPAIR_COMBINED_V1,20260713,13,train,loss_diff,0.0870489820045628,335393,17043,0.8830059725856032,False
4,D4_R2_REPAIR_COMBINED_V1,20260713,13,train,loss_koop,0.0024204744937391,335393,17043,0.8830059725856032,False
4,D4_R2_REPAIR_COMBINED_V1,20260713,13,train,loss_rec,0.2442152168585501,335393,17043,0.8830059725856032,False
4,D4_R2_REPAIR_COMBINED_V1,20260713,13,train,loss_total,0.0330762956717677,335393,17043,0.8830059725856032,False
4,D4_R2_REPAIR_COMBINED_V1,20260713,13,validation_early,complete_day_n,107.0,107,17043,0.8830059725856032,False
4,D4_R2_REPAIR_COMBINED_V1,20260713,13,validation_early,mean_rankic,0.0061126097090985,107,17043,0.8830059725856032,False
4,D4_R2_REPAIR_COMBINED_V1,20260713,13,validation_early,score_coverage,1.0,51932,17043,0.8830059725856032,False
4,D4_R2_REPAIR_COMBINED_V1,20260714,1,train,loss_diff,0.2641652042918702,335393,1311,0.991006796390514,False
4,D4_R2_REPAIR_COMBINED_V1,20260714,1,train,loss_koop,0.0035650181105767,335393,1311,0.991006796390514,False
4,D4_R2_REPAIR_COMBINED_V1,20260714,1,train,loss_rec,0.3634132944884248,335393,1311,0.991006796390514,False
4,D4_R2_REPAIR_COMBINED_V1,20260714,1,train,loss_total,0.0661225514995893,335393,1311,0.991006796390514,False
4,D4_R2_REPAIR_COMBINED_V1,20260714,1,validation_early,complete_day_n,107.0,107,1311,0.991006796390514,False
4,D4_R2_REPAIR_COMBINED_V1,20260714,1,validation_early,mean_rankic,0.0053341213302038,107,1311,0.991006796390514,False
4,D4_R2_REPAIR_COMBINED_V1,20260714,1,validation_early,score_coverage,1.0,51932,1311,0.991006796390514,False
4,D4_R2_REPAIR_COMBINED_V1,20260714,2,train,loss_diff,0.1501040425887519,335393,2622,0.9820067277401048,False
4,D4_R2_REPAIR_COMBINED_V1,20260714,2,train,loss_koop,0.0029902005777602,335393,2622,0.9820067277401048,False
4,D4_R2_REPAIR_COMBINED_V1,20260714,2,train,loss_rec,0.2825855366597962,335393,2622,0.9820067277401048,False
4,D4_R2_REPAIR_COMBINED_V1,20260714,2,train,loss_total,0.044026716724643,335393,2622,0.9820067277401048,False
4,D4_R2_REPAIR_COMBINED_V1,20260714,2,validation_early,complete_day_n,107.0,107,2622,0.9820067277401048,False
4,D4_R2_REPAIR_COMBINED_V1,20260714,2,validation_early,mean_rankic,0.0017356753278574,107,2622,0.9820067277401048,False
4,D4_R2_REPAIR_COMBINED_V1,20260714,2,validation_early,score_coverage,1.0,51932,2622,0.9820067277401048,False
4,D4_R2_REPAIR_COMBINED_V1,20260714,3,train,loss_diff,0.1363898093181468,335393,3933,0.9730066590896956,False
4,D4_R2_REPAIR_COMBINED_V1,20260714,3,train,loss_koop,0.0028446589663264,335393,3933,0.9730066590896956,False
4,D4_R2_REPAIR_COMBINED_V1,20260714,3,train,loss_rec,0.264266111558659,335393,3933,0.9730066590896956,False
4,D4_R2_REPAIR_COMBINED_V1,20260714,3,train,loss_total,0.0407318466851672,335393,3933,0.9730066590896956,False
4,D4_R2_REPAIR_COMBINED_V1,20260714,3,validation_early,complete_day_n,107.0,107,3933,0.9730066590896956,False
4,D4_R2_REPAIR_COMBINED_V1,20260714,3,validation_early,mean_rankic,0.011667818636053,107,3933,0.9730066590896956,False
4,D4_R2_REPAIR_COMBINED_V1,20260714,3,validation_early,score_coverage,1.0,51932,3933,0.9730066590896956,False
4,D4_R2_REPAIR_COMBINED_V1,20260714,4,train,loss_diff,0.1266631195703074,335393,5244,0.9640065904392864,False
4,D4_R2_REPAIR_COMBINED_V1,20260714,4,train,loss_koop,0.0026777015851286,335393,5244,0.9640065904392864,False
4,D4_R2_REPAIR_COMBINED_V1,20260714,4,train,loss_rec,0.2558397388912173,335393,5244,0.9640065904392864,False
4,D4_R2_REPAIR_COMBINED_V1,20260714,4,train,loss_total,0.0384411029252076,335393,5244,0.9640065904392864,False
4,D4_R2_REPAIR_COMBINED_V1,20260714,4,validation_early,complete_day_n,107.0,107,5244,0.9640065904392864,False
4,D4_R2_REPAIR_COMBINED_V1,20260714,4,validation_early,mean_rankic,0.0171962782501588,107,5244,0.9640065904392864,False
4,D4_R2_REPAIR_COMBINED_V1,20260714,4,validation_early,score_coverage,1.0,51932,5244,0.9640065904392864,False
4,D4_R2_REPAIR_COMBINED_V1,20260714,5,train,loss_diff,0.1189601729964624,335393,6555,0.9550065217888772,False
4,D4_R2_REPAIR_COMBINED_V1,20260714,5,train,loss_koop,0.0025942723716565,335393,6555,0.9550065217888772,False
4,D4_R2_REPAIR_COMBINED_V1,20260714,5,train,loss_rec,0.2525342568659938,335393,6555,0.9550065217888772,False
4,D4_R2_REPAIR_COMBINED_V1,20260714,5,train,loss_total,0.0369297804330372,335393,6555,0.9550065217888772,False
4,D4_R2_REPAIR_COMBINED_V1,20260714,5,validation_early,complete_day_n,107.0,107,6555,0.9550065217888772,False
4,D4_R2_REPAIR_COMBINED_V1,20260714,5,validation_early,mean_rankic,0.0109424638442982,107,6555,0.9550065217888772,False
4,D4_R2_REPAIR_COMBINED_V1,20260714,5,validation_early,score_coverage,1.0,51932,6555,0.9550065217888772,False
4,D4_R2_REPAIR_COMBINED_V1,20260714,6,train,loss_diff,0.1130859357136715,335393,7866,0.946006453138468,False
4,D4_R2_REPAIR_COMBINED_V1,20260714,6,train,loss_koop,0.0025383134080234,335393,7866,0.946006453138468,False
4,D4_R2_REPAIR_COMBINED_V1,20260714,6,train,loss_rec,0.2508324611479163,335393,7866,0.946006453138468,False
4,D4_R2_REPAIR_COMBINED_V1,20260714,6,train,loss_total,0.0358390997870319,335393,7866,0.946006453138468,False
4,D4_R2_REPAIR_COMBINED_V1,20260714,6,validation_early,complete_day_n,107.0,107,7866,0.946006453138468,False
4,D4_R2_REPAIR_COMBINED_V1,20260714,6,validation_early,mean_rankic,0.0063023209766326,107,7866,0.946006453138468,False
4,D4_R2_REPAIR_COMBINED_V1,20260714,6,validation_early,score_coverage,1.0,51932,7866,0.946006453138468,False
4,D4_R2_REPAIR_COMBINED_V1,20260714,7,train,loss_diff,0.1081754073700519,335393,9177,0.9370063844880586,False
4,D4_R2_REPAIR_COMBINED_V1,20260714,7,train,loss_koop,0.0025073354585622,335393,9177,0.9370063844880586,False
4,D4_R2_REPAIR_COMBINED_V1,20260714,7,train,loss_rec,0.2491815501811064,335393,9177,0.9370063844880586,False
4,D4_R2_REPAIR_COMBINED_V1,20260714,7,train,loss_total,0.0349604434910765,335393,9177,0.9370063844880586,False
4,D4_R2_REPAIR_COMBINED_V1,20260714,7,validation_early,complete_day_n,107.0,107,9177,0.9370063844880586,False
4,D4_R2_REPAIR_COMBINED_V1,20260714,7,validation_early,mean_rankic,0.0134907511409547,107,9177,0.9370063844880586,False
4,D4_R2_REPAIR_COMBINED_V1,20260714,7,validation_early,score_coverage,1.0,51932,9177,0.9370063844880586,False
4,D4_R2_REPAIR_COMBINED_V1,20260714,8,train,loss_diff,0.10379689519591,335393,10488,0.9280063158376494,True
4,D4_R2_REPAIR_COMBINED_V1,20260714,8,train,loss_koop,0.0024781092296137,335393,10488,0.9280063158376494,True
4,D4_R2_REPAIR_COMBINED_V1,20260714,8,train,loss_rec,0.2475299761127345,335393,10488,0.9280063158376494,True
4,D4_R2_REPAIR_COMBINED_V1,20260714,8,train,loss_total,0.0341636365938653,335393,10488,0.9280063158376494,True
4,D4_R2_REPAIR_COMBINED_V1,20260714,8,validation_early,complete_day_n,107.0,107,10488,0.9280063158376494,True
4,D4_R2_REPAIR_COMBINED_V1,20260714,8,validation_early,mean_rankic,0.0293032618202236,107,10488,0.9280063158376494,True
4,D4_R2_REPAIR_COMBINED_V1,20260714,8,validation_early,score_coverage,1.0,51932,10488,0.9280063158376494,True
4,D4_R2_REPAIR_COMBINED_V1,20260714,9,train,loss_diff,0.1000774337829702,335393,11799,0.9190062471872402,False
4,D4_R2_REPAIR_COMBINED_V1,20260714,9,train,loss_koop,0.0024650625515247,335393,11799,0.9190062471872402,False
4,D4_R2_REPAIR_COMBINED_V1,20260714,9,train,loss_rec,0.2472708641646427,335393,11799,0.9190062471872402,False
4,D4_R2_REPAIR_COMBINED_V1,20260714,9,train,loss_total,0.0335761696825404,335393,11799,0.9190062471872402,False
4,D4_R2_REPAIR_COMBINED_V1,20260714,9,validation_early,complete_day_n,107.0,107,11799,0.9190062471872402,False
4,D4_R2_REPAIR_COMBINED_V1,20260714,9,validation_early,mean_rankic,-0.0015100041650439,107,11799,0.9190062471872402,False
4,D4_R2_REPAIR_COMBINED_V1,20260714,9,validation_early,score_coverage,1.0,51932,11799,0.9190062471872402,False
4,D4_R2_REPAIR_COMBINED_V1,20260714,10,train,loss_diff,0.0968141343280876,335393,13110,0.910006178536831,False
4,D4_R2_REPAIR_COMBINED_V1,20260714,10,train,loss_koop,0.0024494031329563,335393,13110,0.910006178536831,False
4,D4_R2_REPAIR_COMBINED_V1,20260714,10,train,loss_rec,0.2456648066118615,335393,13110,0.910006178536831,False
4,D4_R2_REPAIR_COMBINED_V1,20260714,10,train,loss_total,0.0329810116715106,335393,13110,0.910006178536831,False
4,D4_R2_REPAIR_COMBINED_V1,20260714,10,validation_early,complete_day_n,107.0,107,13110,0.910006178536831,False
4,D4_R2_REPAIR_COMBINED_V1,20260714,10,validation_early,mean_rankic,-0.0075394720605306,107,13110,0.910006178536831,False
4,D4_R2_REPAIR_COMBINED_V1,20260714,10,validation_early,score_coverage,1.0,51932,13110,0.910006178536831,False
4,D4_R2_REPAIR_COMBINED_V1,20260714,11,train,loss_diff,0.0939095418503378,335393,14421,0.9010061098864216,False
4,D4_R2_REPAIR_COMBINED_V1,20260714,11,train,loss_koop,0.0024386351309794,335393,14421,0.9010061098864216,False
4,D4_R2_REPAIR_COMBINED_V1,20260714,11,train,loss_rec,0.2456047654489399,335393,14421,0.9010061098864216,False
4,D4_R2_REPAIR_COMBINED_V1,20260714,11,train,loss_total,0.0325276319987385,335393,14421,0.9010061098864216,False
4,D4_R2_REPAIR_COMBINED_V1,20260714,11,validation_early,complete_day_n,107.0,107,14421,0.9010061098864216,False
4,D4_R2_REPAIR_COMBINED_V1,20260714,11,validation_early,mean_rankic,-0.0125186254843516,107,14421,0.9010061098864216,False
4,D4_R2_REPAIR_COMBINED_V1,20260714,11,validation_early,score_coverage,1.0,51932,14421,0.9010061098864216,False
4,D4_R2_REPAIR_COMBINED_V1,20260714,12,train,loss_diff,0.0910511294319645,335393,15732,0.8920060412360125,False
4,D4_R2_REPAIR_COMBINED_V1,20260714,12,train,loss_koop,0.0024303047337778,335393,15732,0.8920060412360125,False
4,D4_R2_REPAIR_COMBINED_V1,20260714,12,train,loss_rec,0.2441396193904542,335393,15732,0.8920060412360125,False
4,D4_R2_REPAIR_COMBINED_V1,20260714,12,train,loss_total,0.0320185561092832,335393,15732,0.8920060412360125,False
4,D4_R2_REPAIR_COMBINED_V1,20260714,12,validation_early,complete_day_n,107.0,107,15732,0.8920060412360125,False
4,D4_R2_REPAIR_COMBINED_V1,20260714,12,validation_early,mean_rankic,-0.0119393343014492,107,15732,0.8920060412360125,False
4,D4_R2_REPAIR_COMBINED_V1,20260714,12,validation_early,score_coverage,1.0,51932,15732,0.8920060412360125,False
4,D4_R2_REPAIR_COMBINED_V1,20260714,13,train,loss_diff,0.0885798613276623,335393,17043,0.8830059725856032,False
4,D4_R2_REPAIR_COMBINED_V1,20260714,13,train,loss_koop,0.0024233280445833,335393,17043,0.8830059725856032,False
4,D4_R2_REPAIR_COMBINED_V1,20260714,13,train,loss_rec,0.2440085346600029,335393,17043,0.8830059725856032,False
4,D4_R2_REPAIR_COMBINED_V1,20260714,13,train,loss_total,0.0316350043043965,335393,17043,0.8830059725856032,False
4,D4_R2_REPAIR_COMBINED_V1,20260714,13,validation_early,complete_day_n,107.0,107,17043,0.8830059725856032,False
4,D4_R2_REPAIR_COMBINED_V1,20260714,13,validation_early,mean_rankic,0.004889289533737,107,17043,0.8830059725856032,False
4,D4_R2_REPAIR_COMBINED_V1,20260714,13,validation_early,score_coverage,1.0,51932,17043,0.8830059725856032,False
4,D4_R2_REPAIR_COMBINED_V1,20260714,14,train,loss_diff,0.0860284359674168,335393,18354,0.874005903935194,False
4,D4_R2_REPAIR_COMBINED_V1,20260714,14,train,loss_koop,0.0024118874149296,335393,18354,0.874005903935194,False
4,D4_R2_REPAIR_COMBINED_V1,20260714,14,train,loss_rec,0.2434434371021129,335393,18354,0.874005903935194,False
4,D4_R2_REPAIR_COMBINED_V1,20260714,14,train,loss_total,0.0312059501034471,335393,18354,0.874005903935194,False
4,D4_R2_REPAIR_COMBINED_V1,20260714,14,validation_early,complete_day_n,107.0,107,18354,0.874005903935194,False
4,D4_R2_REPAIR_COMBINED_V1,20260714,14,validation_early,mean_rankic,-0.0017443151639258,107,18354,0.874005903935194,False
4,D4_R2_REPAIR_COMBINED_V1,20260714,14,validation_early,score_coverage,1.0,51932,18354,0.874005903935194,False
4,D4_R2_REPAIR_COMBINED_V1,20260714,15,train,loss_diff,0.083566960493435,335393,19665,0.8650058352847847,False
4,D4_R2_REPAIR_COMBINED_V1,20260714,15,train,loss_koop,0.0024062519347776,335393,19665,0.8650058352847847,False
4,D4_R2_REPAIR_COMBINED_V1,20260714,15,train,loss_rec,0.2427860898067702,335393,19665,0.8650058352847847,False
4,D4_R2_REPAIR_COMBINED_V1,20260714,15,train,loss_total,0.0308016541351154,335393,19665,0.8650058352847847,False
4,D4_R2_REPAIR_COMBINED_V1,20260714,15,validation_early,complete_day_n,107.0,107,19665,0.8650058352847847,False
4,D4_R2_REPAIR_COMBINED_V1,20260714,15,validation_early,mean_rankic,0.0182087755304812,107,19665,0.8650058352847847,False
4,D4_R2_REPAIR_COMBINED_V1,20260714,15,validation_early,score_coverage,1.0,51932,19665,0.8650058352847847,False
4,D4_R2_REPAIR_COMBINED_V1,20260714,16,train,loss_diff,0.0815685601671242,335393,20976,0.8560057666343756,False
4,D4_R2_REPAIR_COMBINED_V1,20260714,16,train,loss_koop,0.0023983245072266,335393,20976,0.8560057666343756,False
4,D4_R2_REPAIR_COMBINED_V1,20260714,16,train,loss_rec,0.24205353488757,335393,20976,0.8560057666343756,False
4,D4_R2_REPAIR_COMBINED_V1,20260714,16,train,loss_total,0.0304542149317528,335393,20976,0.8560057666343756,False
4,D4_R2_REPAIR_COMBINED_V1,20260714,16,validation_early,complete_day_n,107.0,107,20976,0.8560057666343756,False
4,D4_R2_REPAIR_COMBINED_V1,20260714,16,validation_early,mean_rankic,-0.001341596134924,107,20976,0.8560057666343756,False
4,D4_R2_REPAIR_COMBINED_V1,20260714,16,validation_early,score_coverage,1.0,51932,20976,0.8560057666343756,False
4,D4_R2_REPAIR_COMBINED_V1,20260714,17,train,loss_diff,0.0794257556214166,335393,22287,0.8470056979839663,False
4,D4_R2_REPAIR_COMBINED_V1,20260714,17,train,loss_koop,0.0023944836612191,335393,22287,0.8470056979839663,False
4,D4_R2_REPAIR_COMBINED_V1,20260714,17,train,loss_rec,0.2422486563411175,335393,22287,0.8470056979839663,False
4,D4_R2_REPAIR_COMBINED_V1,20260714,17,train,loss_total,0.0301430504908593,335393,22287,0.8470056979839663,False
4,D4_R2_REPAIR_COMBINED_V1,20260714,17,validation_early,complete_day_n,107.0,107,22287,0.8470056979839663,False
4,D4_R2_REPAIR_COMBINED_V1,20260714,17,validation_early,mean_rankic,0.0138008420661212,107,22287,0.8470056979839663,False
4,D4_R2_REPAIR_COMBINED_V1,20260714,17,validation_early,score_coverage,1.0,51932,22287,0.8470056979839663,False
4,D4_R2_REPAIR_COMBINED_V1,20260714,18,train,loss_diff,0.0778411531181355,335393,23598,0.8380056293335572,False
4,D4_R2_REPAIR_COMBINED_V1,20260714,18,train,loss_koop,0.0023835893684441,335393,23598,0.8380056293335572,False
4,D4_R2_REPAIR_COMBINED_V1,20260714,18,train,loss_rec,0.2417124675155542,335393,23598,0.8380056293335572,False
4,D4_R2_REPAIR_COMBINED_V1,20260714,18,train,loss_total,0.0298568232971034,335393,23598,0.8380056293335572,False
4,D4_R2_REPAIR_COMBINED_V1,20260714,18,validation_early,complete_day_n,107.0,107,23598,0.8380056293335572,False
4,D4_R2_REPAIR_COMBINED_V1,20260714,18,validation_early,mean_rankic,0.0171771448427631,107,23598,0.8380056293335572,False
4,D4_R2_REPAIR_COMBINED_V1,20260714,18,validation_early,score_coverage,1.0,51932,23598,0.8380056293335572,False
4,D4_R2_REPAIR_COMBINED_V1,20260715,1,train,loss_diff,0.2433184528303166,335393,1311,0.991006796390514,False
4,D4_R2_REPAIR_COMBINED_V1,20260715,1,train,loss_koop,0.0034787909544428,335393,1311,0.991006796390514,False
4,D4_R2_REPAIR_COMBINED_V1,20260715,1,train,loss_rec,0.3689034518324521,335393,1311,0.991006796390514,False
4,D4_R2_REPAIR_COMBINED_V1,20260715,1,train,loss_total,0.0779342231236195,335393,1311,0.991006796390514,False
4,D4_R2_REPAIR_COMBINED_V1,20260715,1,validation_early,complete_day_n,107.0,107,1311,0.991006796390514,False
4,D4_R2_REPAIR_COMBINED_V1,20260715,1,validation_early,mean_rankic,0.0161344660665442,107,1311,0.991006796390514,False
4,D4_R2_REPAIR_COMBINED_V1,20260715,1,validation_early,score_coverage,1.0,51932,1311,0.991006796390514,False
4,D4_R2_REPAIR_COMBINED_V1,20260715,2,train,loss_diff,0.1434721217368328,335393,2622,0.9820067277401048,False
4,D4_R2_REPAIR_COMBINED_V1,20260715,2,train,loss_koop,0.002914142302478,335393,2622,0.9820067277401048,False
4,D4_R2_REPAIR_COMBINED_V1,20260715,2,train,loss_rec,0.2919696942886793,335393,2622,0.9820067277401048,False
4,D4_R2_REPAIR_COMBINED_V1,20260715,2,train,loss_total,0.05198895258384,335393,2622,0.9820067277401048,False
4,D4_R2_REPAIR_COMBINED_V1,20260715,2,validation_early,complete_day_n,107.0,107,2622,0.9820067277401048,False
4,D4_R2_REPAIR_COMBINED_V1,20260715,2,validation_early,mean_rankic,0.0042303781773203,107,2622,0.9820067277401048,False
4,D4_R2_REPAIR_COMBINED_V1,20260715,2,validation_early,score_coverage,1.0,51932,2622,0.9820067277401048,False
4,D4_R2_REPAIR_COMBINED_V1,20260715,3,train,loss_diff,0.1301019687043065,335393,3933,0.9730066590896956,False
4,D4_R2_REPAIR_COMBINED_V1,20260715,3,train,loss_koop,0.0028260444373329,335393,3933,0.9730066590896956,False
4,D4_R2_REPAIR_COMBINED_V1,20260715,3,train,loss_rec,0.2808206644898837,335393,3933,0.9730066590896956,False
4,D4_R2_REPAIR_COMBINED_V1,20260715,3,train,loss_total,0.0484386974088735,335393,3933,0.9730066590896956,False
4,D4_R2_REPAIR_COMBINED_V1,20260715,3,validation_early,complete_day_n,107.0,107,3933,0.9730066590896956,False
4,D4_R2_REPAIR_COMBINED_V1,20260715,3,validation_early,mean_rankic,0.0033980236931559,107,3933,0.9730066590896956,False
4,D4_R2_REPAIR_COMBINED_V1,20260715,3,validation_early,score_coverage,1.0,51932,3933,0.9730066590896956,False
4,D4_R2_REPAIR_COMBINED_V1,20260715,4,train,loss_diff,0.1218807869752915,335393,5244,0.9640065904392864,False
4,D4_R2_REPAIR_COMBINED_V1,20260715,4,train,loss_koop,0.0027747932016208,335393,5244,0.9640065904392864,False
4,D4_R2_REPAIR_COMBINED_V1,20260715,4,train,loss_rec,0.2685214096617566,335393,5244,0.9640065904392864,False
4,D4_R2_REPAIR_COMBINED_V1,20260715,4,train,loss_total,0.0459955334384821,335393,5244,0.9640065904392864,False
4,D4_R2_REPAIR_COMBINED_V1,20260715,4,validation_early,complete_day_n,107.0,107,5244,0.9640065904392864,False
4,D4_R2_REPAIR_COMBINED_V1,20260715,4,validation_early,mean_rankic,-0.0083005166695671,107,5244,0.9640065904392864,False
4,D4_R2_REPAIR_COMBINED_V1,20260715,4,validation_early,score_coverage,1.0,51932,5244,0.9640065904392864,False
4,D4_R2_REPAIR_COMBINED_V1,20260715,5,train,loss_diff,0.1150076000926353,335393,6555,0.9550065217888772,False
4,D4_R2_REPAIR_COMBINED_V1,20260715,5,train,loss_koop,0.0027048128188981,335393,6555,0.9550065217888772,False
4,D4_R2_REPAIR_COMBINED_V1,20260715,5,train,loss_rec,0.2580142415752322,335393,6555,0.9550065217888772,False
4,D4_R2_REPAIR_COMBINED_V1,20260715,5,train,loss_total,0.0438674412730196,335393,6555,0.9550065217888772,False
4,D4_R2_REPAIR_COMBINED_V1,20260715,5,validation_early,complete_day_n,107.0,107,6555,0.9550065217888772,False
4,D4_R2_REPAIR_COMBINED_V1,20260715,5,validation_early,mean_rankic,0.0022338777168852,107,6555,0.9550065217888772,False
4,D4_R2_REPAIR_COMBINED_V1,20260715,5,validation_early,score_coverage,1.0,51932,6555,0.9550065217888772,False
4,D4_R2_REPAIR_COMBINED_V1,20260715,6,train,loss_diff,0.1096596684682473,335393,7866,0.946006453138468,False
4,D4_R2_REPAIR_COMBINED_V1,20260715,6,train,loss_koop,0.0026329227794943,335393,7866,0.946006453138468,False
4,D4_R2_REPAIR_COMBINED_V1,20260715,6,train,loss_rec,0.2530036725670924,335393,7866,0.946006453138468,False
4,D4_R2_REPAIR_COMBINED_V1,20260715,6,train,loss_total,0.0423196428993377,335393,7866,0.946006453138468,False
4,D4_R2_REPAIR_COMBINED_V1,20260715,6,validation_early,complete_day_n,107.0,107,7866,0.946006453138468,False
4,D4_R2_REPAIR_COMBINED_V1,20260715,6,validation_early,mean_rankic,0.0060308222004639,107,7866,0.946006453138468,False
4,D4_R2_REPAIR_COMBINED_V1,20260715,6,validation_early,score_coverage,1.0,51932,7866,0.946006453138468,False
4,D4_R2_REPAIR_COMBINED_V1,20260715,7,train,loss_diff,0.1053619920434897,335393,9177,0.9370063844880586,False
4,D4_R2_REPAIR_COMBINED_V1,20260715,7,train,loss_koop,0.0025786104718516,335393,9177,0.9370063844880586,False
4,D4_R2_REPAIR_COMBINED_V1,20260715,7,train,loss_rec,0.2517363301282952,335393,9177,0.9370063844880586,False
4,D4_R2_REPAIR_COMBINED_V1,20260715,7,train,loss_total,0.0412212205142631,335393,9177,0.9370063844880586,False
4,D4_R2_REPAIR_COMBINED_V1,20260715,7,validation_early,complete_day_n,107.0,107,9177,0.9370063844880586,False
4,D4_R2_REPAIR_COMBINED_V1,20260715,7,validation_early,mean_rankic,0.0033945344273799,107,9177,0.9370063844880586,False
4,D4_R2_REPAIR_COMBINED_V1,20260715,7,validation_early,score_coverage,1.0,51932,9177,0.9370063844880586,False
4,D4_R2_REPAIR_COMBINED_V1,20260715,8,train,loss_diff,0.1019597672282808,335393,10488,0.9280063158376494,False
4,D4_R2_REPAIR_COMBINED_V1,20260715,8,train,loss_koop,0.0025335615490026,335393,10488,0.9280063158376494,False
4,D4_R2_REPAIR_COMBINED_V1,20260715,8,train,loss_rec,0.2499761594168454,335393,10488,0.9280063158376494,False
4,D4_R2_REPAIR_COMBINED_V1,20260715,8,train,loss_total,0.0403087445839168,335393,10488,0.9280063158376494,False
4,D4_R2_REPAIR_COMBINED_V1,20260715,8,validation_early,complete_day_n,107.0,107,10488,0.9280063158376494,False
4,D4_R2_REPAIR_COMBINED_V1,20260715,8,validation_early,mean_rankic,0.0052592096944674,107,10488,0.9280063158376494,False
4,D4_R2_REPAIR_COMBINED_V1,20260715,8,validation_early,score_coverage,1.0,51932,10488,0.9280063158376494,False
4,D4_R2_REPAIR_COMBINED_V1,20260715,9,train,loss_diff,0.0988737550124227,335393,11799,0.9190062471872402,False
4,D4_R2_REPAIR_COMBINED_V1,20260715,9,train,loss_koop,0.0024948563501663,335393,11799,0.9190062471872402,False
4,D4_R2_REPAIR_COMBINED_V1,20260715,9,train,loss_rec,0.2490100301314217,335393,11799,0.9190062471872402,False
4,D4_R2_REPAIR_COMBINED_V1,20260715,9,train,loss_total,0.0395180508549691,335393,11799,0.9190062471872402,False
4,D4_R2_REPAIR_COMBINED_V1,20260715,9,validation_early,complete_day_n,107.0,107,11799,0.9190062471872402,False
4,D4_R2_REPAIR_COMBINED_V1,20260715,9,validation_early,mean_rankic,0.0193274936600871,107,11799,0.9190062471872402,False
4,D4_R2_REPAIR_COMBINED_V1,20260715,9,validation_early,score_coverage,1.0,51932,11799,0.9190062471872402,False
4,D4_R2_REPAIR_COMBINED_V1,20260715,10,train,loss_diff,0.0957180271502268,335393,13110,0.910006178536831,False
4,D4_R2_REPAIR_COMBINED_V1,20260715,10,train,loss_koop,0.0024619478001062,335393,13110,0.910006178536831,False
4,D4_R2_REPAIR_COMBINED_V1,20260715,10,train,loss_rec,0.2480621402973715,335393,13110,0.910006178536831,False
4,D4_R2_REPAIR_COMBINED_V1,20260715,10,train,loss_total,0.0387297759410855,335393,13110,0.910006178536831,False
4,D4_R2_REPAIR_COMBINED_V1,20260715,10,validation_early,complete_day_n,107.0,107,13110,0.910006178536831,False
4,D4_R2_REPAIR_COMBINED_V1,20260715,10,validation_early,mean_rankic,0.0113669736391793,107,13110,0.910006178536831,False
4,D4_R2_REPAIR_COMBINED_V1,20260715,10,validation_early,score_coverage,1.0,51932,13110,0.910006178536831,False
4,D4_R2_REPAIR_COMBINED_V1,20260715,11,train,loss_diff,0.0927020726430012,335393,14421,0.9010061098864216,False
4,D4_R2_REPAIR_COMBINED_V1,20260715,11,train,loss_koop,0.0024319968951979,335393,14421,0.9010061098864216,False
4,D4_R2_REPAIR_COMBINED_V1,20260715,11,train,loss_rec,0.2470648265366061,335393,14421,0.9010061098864216,False
4,D4_R2_REPAIR_COMBINED_V1,20260715,11,train,loss_total,0.0379760293149984,335393,14421,0.9010061098864216,False
4,D4_R2_REPAIR_COMBINED_V1,20260715,11,validation_early,complete_day_n,107.0,107,14421,0.9010061098864216,False
4,D4_R2_REPAIR_COMBINED_V1,20260715,11,validation_early,mean_rankic,0.0147718425194099,107,14421,0.9010061098864216,False
4,D4_R2_REPAIR_COMBINED_V1,20260715,11,validation_early,score_coverage,1.0,51932,14421,0.9010061098864216,False
4,D4_R2_REPAIR_COMBINED_V1,20260715,12,train,loss_diff,0.0899357072565857,335393,15732,0.8920060412360125,False
4,D4_R2_REPAIR_COMBINED_V1,20260715,12,train,loss_koop,0.0024173633928758,335393,15732,0.8920060412360125,False
4,D4_R2_REPAIR_COMBINED_V1,20260715,12,train,loss_rec,0.2471633076389482,335393,15732,0.8920060412360125,False
4,D4_R2_REPAIR_COMBINED_V1,20260715,12,train,loss_total,0.0373698064543281,335393,15732,0.8920060412360125,False
4,D4_R2_REPAIR_COMBINED_V1,20260715,12,validation_early,complete_day_n,107.0,107,15732,0.8920060412360125,False
4,D4_R2_REPAIR_COMBINED_V1,20260715,12,validation_early,mean_rankic,0.0199212816657674,107,15732,0.8920060412360125,False
4,D4_R2_REPAIR_COMBINED_V1,20260715,12,validation_early,score_coverage,1.0,51932,15732,0.8920060412360125,False
4,D4_R2_REPAIR_COMBINED_V1,20260715,13,train,loss_diff,0.0872038131785623,335393,17043,0.8830059725856032,False
4,D4_R2_REPAIR_COMBINED_V1,20260715,13,train,loss_koop,0.0024012729384681,335393,17043,0.8830059725856032,False
4,D4_R2_REPAIR_COMBINED_V1,20260715,13,train,loss_rec,0.2464265313216311,335393,17043,0.8830059725856032,False
4,D4_R2_REPAIR_COMBINED_V1,20260715,13,train,loss_total,0.0367255553027639,335393,17043,0.8830059725856032,False
4,D4_R2_REPAIR_COMBINED_V1,20260715,13,validation_early,complete_day_n,107.0,107,17043,0.8830059725856032,False
4,D4_R2_REPAIR_COMBINED_V1,20260715,13,validation_early,mean_rankic,0.019814734749283,107,17043,0.8830059725856032,False
4,D4_R2_REPAIR_COMBINED_V1,20260715,13,validation_early,score_coverage,1.0,51932,17043,0.8830059725856032,False
4,D4_R2_REPAIR_COMBINED_V1,20260715,14,train,loss_diff,0.0843576740452949,335393,18354,0.874005903935194,False
4,D4_R2_REPAIR_COMBINED_V1,20260715,14,train,loss_koop,0.0023999399481301,335393,18354,0.874005903935194,False
4,D4_R2_REPAIR_COMBINED_V1,20260715,14,train,loss_rec,0.246488056167759,335393,18354,0.874005903935194,False
4,D4_R2_REPAIR_COMBINED_V1,20260715,14,train,loss_total,0.0361375500666758,335393,18354,0.874005903935194,False
4,D4_R2_REPAIR_COMBINED_V1,20260715,14,validation_early,complete_day_n,107.0,107,18354,0.874005903935194,False
4,D4_R2_REPAIR_COMBINED_V1,20260715,14,validation_early,mean_rankic,0.023736496877064,107,18354,0.874005903935194,False
4,D4_R2_REPAIR_COMBINED_V1,20260715,14,validation_early,score_coverage,1.0,51932,18354,0.874005903935194,False
4,D4_R2_REPAIR_COMBINED_V1,20260715,15,train,loss_diff,0.0820891946825511,335393,19665,0.8650058352847847,False
4,D4_R2_REPAIR_COMBINED_V1,20260715,15,train,loss_koop,0.0023800078641916,335393,19665,0.8650058352847847,False
4,D4_R2_REPAIR_COMBINED_V1,20260715,15,train,loss_rec,0.2453077395462534,335393,19665,0.8650058352847847,False
4,D4_R2_REPAIR_COMBINED_V1,20260715,15,train,loss_total,0.0355565458602702,335393,19665,0.8650058352847847,False
4,D4_R2_REPAIR_COMBINED_V1,20260715,15,validation_early,complete_day_n,107.0,107,19665,0.8650058352847847,False
4,D4_R2_REPAIR_COMBINED_V1,20260715,15,validation_early,mean_rankic,0.0180577051674668,107,19665,0.8650058352847847,False
4,D4_R2_REPAIR_COMBINED_V1,20260715,15,validation_early,score_coverage,1.0,51932,19665,0.8650058352847847,False
4,D4_R2_REPAIR_COMBINED_V1,20260715,16,train,loss_diff,0.079964924190478,335393,20976,0.8560057666343756,False
4,D4_R2_REPAIR_COMBINED_V1,20260715,16,train,loss_koop,0.0023682328198677,335393,20976,0.8560057666343756,False
4,D4_R2_REPAIR_COMBINED_V1,20260715,16,train,loss_rec,0.2455593648363689,335393,20976,0.8560057666343756,False
4,D4_R2_REPAIR_COMBINED_V1,20260715,16,train,loss_total,0.0350982251418748,335393,20976,0.8560057666343756,False
4,D4_R2_REPAIR_COMBINED_V1,20260715,16,validation_early,complete_day_n,107.0,107,20976,0.8560057666343756,False
4,D4_R2_REPAIR_COMBINED_V1,20260715,16,validation_early,mean_rankic,0.0321798196373927,107,20976,0.8560057666343756,False
4,D4_R2_REPAIR_COMBINED_V1,20260715,16,validation_early,score_coverage,1.0,51932,20976,0.8560057666343756,False
4,D4_R2_REPAIR_COMBINED_V1,20260715,17,train,loss_diff,0.077778402269888,335393,22287,0.8470056979839663,False
4,D4_R2_REPAIR_COMBINED_V1,20260715,17,train,loss_koop,0.0023643752230348,335393,22287,0.8470056979839663,False
4,D4_R2_REPAIR_COMBINED_V1,20260715,17,train,loss_rec,0.2446786308236468,335393,22287,0.8470056979839663,False
4,D4_R2_REPAIR_COMBINED_V1,20260715,17,train,loss_total,0.0345930064751502,335393,22287,0.8470056979839663,False
4,D4_R2_REPAIR_COMBINED_V1,20260715,17,validation_early,complete_day_n,107.0,107,22287,0.8470056979839663,False
4,D4_R2_REPAIR_COMBINED_V1,20260715,17,validation_early,mean_rankic,0.0225926310702791,107,22287,0.8470056979839663,False
4,D4_R2_REPAIR_COMBINED_V1,20260715,17,validation_early,score_coverage,1.0,51932,22287,0.8470056979839663,False
4,D4_R2_REPAIR_COMBINED_V1,20260715,18,train,loss_diff,0.0759935367023394,335393,23598,0.8380056293335572,True
4,D4_R2_REPAIR_COMBINED_V1,20260715,18,train,loss_koop,0.0023553884785708,335393,23598,0.8380056293335572,True
4,D4_R2_REPAIR_COMBINED_V1,20260715,18,train,loss_rec,0.2446389186808563,335393,23598,0.8380056293335572,True
4,D4_R2_REPAIR_COMBINED_V1,20260715,18,train,loss_total,0.0341980321361963,335393,23598,0.8380056293335572,True
4,D4_R2_REPAIR_COMBINED_V1,20260715,18,validation_early,complete_day_n,107.0,107,23598,0.8380056293335572,True
4,D4_R2_REPAIR_COMBINED_V1,20260715,18,validation_early,mean_rankic,0.0350795010041389,107,23598,0.8380056293335572,True
4,D4_R2_REPAIR_COMBINED_V1,20260715,18,validation_early,score_coverage,1.0,51932,23598,0.8380056293335572,True
4,D4_R2_REPAIR_COMBINED_V1,20260715,19,train,loss_diff,0.0741158814168575,335393,24909,0.8290055606831479,False
4,D4_R2_REPAIR_COMBINED_V1,20260715,19,train,loss_koop,0.0023473221820417,335393,24909,0.8290055606831479,False
4,D4_R2_REPAIR_COMBINED_V1,20260715,19,train,loss_rec,0.2437443338139717,335393,24909,0.8290055606831479,False
4,D4_R2_REPAIR_COMBINED_V1,20260715,19,train,loss_total,0.0337443239732873,335393,24909,0.8290055606831479,False
4,D4_R2_REPAIR_COMBINED_V1,20260715,19,validation_early,complete_day_n,107.0,107,24909,0.8290055606831479,False
4,D4_R2_REPAIR_COMBINED_V1,20260715,19,validation_early,mean_rankic,0.0241553143792242,107,24909,0.8290055606831479,False
4,D4_R2_REPAIR_COMBINED_V1,20260715,19,validation_early,score_coverage,1.0,51932,24909,0.8290055606831479,False
4,D4_R2_REPAIR_COMBINED_V1,20260715,20,train,loss_diff,0.0727083081997422,335393,26220,0.8200054920327386,False
4,D4_R2_REPAIR_COMBINED_V1,20260715,20,train,loss_koop,0.002340296668446,335393,26220,0.8200054920327386,False
4,D4_R2_REPAIR_COMBINED_V1,20260715,20,train,loss_rec,0.2430151438323733,335393,26220,0.8200054920327386,False
4,D4_R2_REPAIR_COMBINED_V1,20260715,20,train,loss_total,0.0333986335495884,335393,26220,0.8200054920327386,False
4,D4_R2_REPAIR_COMBINED_V1,20260715,20,validation_early,complete_day_n,107.0,107,26220,0.8200054920327386,False
4,D4_R2_REPAIR_COMBINED_V1,20260715,20,validation_early,mean_rankic,0.0287277532622045,107,26220,0.8200054920327386,False
4,D4_R2_REPAIR_COMBINED_V1,20260715,20,validation_early,score_coverage,1.0,51932,26220,0.8200054920327386,False
4,D4_R2_REPAIR_COMBINED_V1,20260715,21,train,loss_diff,0.071275900992673,335393,27531,0.8110054233823294,False
4,D4_R2_REPAIR_COMBINED_V1,20260715,21,train,loss_koop,0.0023269662346652,335393,27531,0.8110054233823294,False
4,D4_R2_REPAIR_COMBINED_V1,20260715,21,train,loss_rec,0.2429040744409097,335393,27531,0.8110054233823294,False
4,D4_R2_REPAIR_COMBINED_V1,20260715,21,train,loss_total,0.0330609628111034,335393,27531,0.8110054233823294,False
4,D4_R2_REPAIR_COMBINED_V1,20260715,21,validation_early,complete_day_n,107.0,107,27531,0.8110054233823294,False
4,D4_R2_REPAIR_COMBINED_V1,20260715,21,validation_early,mean_rankic,0.0336151427605026,107,27531,0.8110054233823294,False
4,D4_R2_REPAIR_COMBINED_V1,20260715,21,validation_early,score_coverage,1.0,51932,27531,0.8110054233823294,False
4,D4_R2_REPAIR_COMBINED_V1,20260715,22,train,loss_diff,0.0699893876551268,335393,28842,0.8020053547319201,False
4,D4_R2_REPAIR_COMBINED_V1,20260715,22,train,loss_koop,0.0023256519149209,335393,28842,0.8020053547319201,False
4,D4_R2_REPAIR_COMBINED_V1,20260715,22,train,loss_rec,0.242963241422338,335393,28842,0.8020053547319201,False
4,D4_R2_REPAIR_COMBINED_V1,20260715,22,train,loss_total,0.0327947635821506,335393,28842,0.8020053547319201,False
4,D4_R2_REPAIR_COMBINED_V1,20260715,22,validation_early,complete_day_n,107.0,107,28842,0.8020053547319201,False
4,D4_R2_REPAIR_COMBINED_V1,20260715,22,validation_early,mean_rankic,0.0268207548840919,107,28842,0.8020053547319201,False
4,D4_R2_REPAIR_COMBINED_V1,20260715,22,validation_early,score_coverage,1.0,51932,28842,0.8020053547319201,False
4,D4_R2_REPAIR_COMBINED_V1,20260715,23,train,loss_diff,0.0687657094173257,335393,30153,0.7930052860815109,False
4,D4_R2_REPAIR_COMBINED_V1,20260715,23,train,loss_koop,0.0023209654589014,335393,30153,0.7930052860815109,False
4,D4_R2_REPAIR_COMBINED_V1,20260715,23,train,loss_rec,0.2428194855723499,335393,30153,0.7930052860815109,False
4,D4_R2_REPAIR_COMBINED_V1,20260715,23,train,loss_total,0.0325222818493904,335393,30153,0.7930052860815109,False
4,D4_R2_REPAIR_COMBINED_V1,20260715,23,validation_early,complete_day_n,107.0,107,30153,0.7930052860815109,False
4,D4_R2_REPAIR_COMBINED_V1,20260715,23,validation_early,mean_rankic,0.03300488224634,107,30153,0.7930052860815109,False
4,D4_R2_REPAIR_COMBINED_V1,20260715,23,validation_early,score_coverage,1.0,51932,30153,0.7930052860815109,False
4,D4_R2_REPAIR_COMBINED_V1,20260715,24,train,loss_diff,0.0675848918264074,335393,31464,0.7840052174311016,False
4,D4_R2_REPAIR_COMBINED_V1,20260715,24,train,loss_koop,0.0023065818354166,335393,31464,0.7840052174311016,False
4,D4_R2_REPAIR_COMBINED_V1,20260715,24,train,loss_rec,0.2418583281981346,335393,31464,0.7840052174311016,False
4,D4_R2_REPAIR_COMBINED_V1,20260715,24,train,loss_total,0.0321917686779821,335393,31464,0.7840052174311016,False
4,D4_R2_REPAIR_COMBINED_V1,20260715,24,validation_early,complete_day_n,107.0,107,31464,0.7840052174311016,False
4,D4_R2_REPAIR_COMBINED_V1,20260715,24,validation_early,mean_rankic,0.0289742984292065,107,31464,0.7840052174311016,False
4,D4_R2_REPAIR_COMBINED_V1,20260715,24,validation_early,score_coverage,1.0,51932,31464,0.7840052174311016,False
4,D4_R2_REPAIR_COMBINED_V1,20260715,25,train,loss_diff,0.0666047303637616,335393,32775,0.7750051487806924,False
4,D4_R2_REPAIR_COMBINED_V1,20260715,25,train,loss_koop,0.0023019508972655,335393,32775,0.7750051487806924,False
4,D4_R2_REPAIR_COMBINED_V1,20260715,25,train,loss_rec,0.2418647511932019,335393,32775,0.7750051487806924,False
4,D4_R2_REPAIR_COMBINED_V1,20260715,25,train,loss_total,0.0319770932807047,335393,32775,0.7750051487806924,False
4,D4_R2_REPAIR_COMBINED_V1,20260715,25,validation_early,complete_day_n,107.0,107,32775,0.7750051487806924,False
4,D4_R2_REPAIR_COMBINED_V1,20260715,25,validation_early,mean_rankic,0.032257037236144,107,32775,0.7750051487806924,False
4,D4_R2_REPAIR_COMBINED_V1,20260715,25,validation_early,score_coverage,1.0,51932,32775,0.7750051487806924,False
4,D4_R2_REPAIR_COMBINED_V1,20260715,26,train,loss_diff,0.0655884531282749,335393,34086,0.7660050801302832,False
4,D4_R2_REPAIR_COMBINED_V1,20260715,26,train,loss_koop,0.0022966508860621,335393,34086,0.7660050801302832,False
4,D4_R2_REPAIR_COMBINED_V1,20260715,26,train,loss_rec,0.2415936439713595,335393,34086,0.7660050801302832,False
4,D4_R2_REPAIR_COMBINED_V1,20260715,26,train,loss_total,0.0317394573883348,335393,34086,0.7660050801302832,False
4,D4_R2_REPAIR_COMBINED_V1,20260715,26,validation_early,complete_day_n,107.0,107,34086,0.7660050801302832,False
4,D4_R2_REPAIR_COMBINED_V1,20260715,26,validation_early,mean_rankic,0.0323103428249107,107,34086,0.7660050801302832,False
4,D4_R2_REPAIR_COMBINED_V1,20260715,26,validation_early,score_coverage,1.0,51932,34086,0.7660050801302832,False
4,D4_R2_REPAIR_COMBINED_V1,20260715,27,train,loss_diff,0.064823215570241,335393,35397,0.757005011479874,False
4,D4_R2_REPAIR_COMBINED_V1,20260715,27,train,loss_koop,0.0022909395576478,335393,35397,0.757005011479874,False
4,D4_R2_REPAIR_COMBINED_V1,20260715,27,train,loss_rec,0.2409569289733181,335393,35397,0.757005011479874,False
4,D4_R2_REPAIR_COMBINED_V1,20260715,27,train,loss_total,0.0315344920406478,335393,35397,0.757005011479874,False
4,D4_R2_REPAIR_COMBINED_V1,20260715,27,validation_early,complete_day_n,107.0,107,35397,0.757005011479874,False
4,D4_R2_REPAIR_COMBINED_V1,20260715,27,validation_early,mean_rankic,0.0342785322114111,107,35397,0.757005011479874,False
4,D4_R2_REPAIR_COMBINED_V1,20260715,27,validation_early,score_coverage,1.0,51932,35397,0.757005011479874,False
4,D4_R2_REPAIR_COMBINED_V1,20260715,28,train,loss_diff,0.0638831835396349,335393,36708,0.7480049428294647,False
4,D4_R2_REPAIR_COMBINED_V1,20260715,28,train,loss_koop,0.0022833921478301,335393,36708,0.7480049428294647,False
4,D4_R2_REPAIR_COMBINED_V1,20260715,28,train,loss_rec,0.2404888248256504,335393,36708,0.7480049428294647,False
4,D4_R2_REPAIR_COMBINED_V1,20260715,28,train,loss_total,0.0312967198161572,335393,36708,0.7480049428294647,False
4,D4_R2_REPAIR_COMBINED_V1,20260715,28,validation_early,complete_day_n,107.0,107,36708,0.7480049428294647,False
4,D4_R2_REPAIR_COMBINED_V1,20260715,28,validation_early,mean_rankic,0.0271022601670145,107,36708,0.7480049428294647,False
4,D4_R2_REPAIR_COMBINED_V1,20260715,28,validation_early,score_coverage,1.0,51932,36708,0.7480049428294647,False
5,D5_K2_RAW_NO_RESIDUAL,20260713,1,train,loss_diff,0.0,335393,1311,0.991006796390514,False
5,D5_K2_RAW_NO_RESIDUAL,20260713,1,train,loss_koop,0.0005964759339282,335393,1311,0.991006796390514,False
5,D5_K2_RAW_NO_RESIDUAL,20260713,1,train,loss_rec,0.0018862410161186,335393,1311,0.991006796390514,False
5,D5_K2_RAW_NO_RESIDUAL,20260713,1,train,loss_total,0.0024827169440072,335393,1311,0.991006796390514,False
5,D5_K2_RAW_NO_RESIDUAL,20260713,1,validation_early,complete_day_n,107.0,107,1311,0.991006796390514,False
5,D5_K2_RAW_NO_RESIDUAL,20260713,1,validation_early,mean_rankic,-0.003965208460346,107,1311,0.991006796390514,False
5,D5_K2_RAW_NO_RESIDUAL,20260713,1,validation_early,score_coverage,1.0,51932,1311,0.991006796390514,False
5,D5_K2_RAW_NO_RESIDUAL,20260713,2,train,loss_diff,0.0,335393,2622,0.9820067277401048,False
5,D5_K2_RAW_NO_RESIDUAL,20260713,2,train,loss_koop,4.484519492570542e-05,335393,2622,0.9820067277401048,False
5,D5_K2_RAW_NO_RESIDUAL,20260713,2,train,loss_rec,0.0011256436332507,335393,2622,0.9820067277401048,False
5,D5_K2_RAW_NO_RESIDUAL,20260713,2,train,loss_total,0.0011704888274342,335393,2622,0.9820067277401048,False
5,D5_K2_RAW_NO_RESIDUAL,20260713,2,validation_early,complete_day_n,107.0,107,2622,0.9820067277401048,False
5,D5_K2_RAW_NO_RESIDUAL,20260713,2,validation_early,mean_rankic,0.0018611419419498,107,2622,0.9820067277401048,False
5,D5_K2_RAW_NO_RESIDUAL,20260713,2,validation_early,score_coverage,1.0,51932,2622,0.9820067277401048,False
5,D5_K2_RAW_NO_RESIDUAL,20260713,3,train,loss_diff,0.0,335393,3933,0.9730066590896956,False
5,D5_K2_RAW_NO_RESIDUAL,20260713,3,train,loss_koop,1.9920436320572343e-05,335393,3933,0.9730066590896956,False
5,D5_K2_RAW_NO_RESIDUAL,20260713,3,train,loss_rec,0.0011145518553332,335393,3933,0.9730066590896956,False
5,D5_K2_RAW_NO_RESIDUAL,20260713,3,train,loss_total,0.0011344722927232,335393,3933,0.9730066590896956,False
5,D5_K2_RAW_NO_RESIDUAL,20260713,3,validation_early,complete_day_n,107.0,107,3933,0.9730066590896956,False
5,D5_K2_RAW_NO_RESIDUAL,20260713,3,validation_early,mean_rankic,0.020949911548085,107,3933,0.9730066590896956,False
5,D5_K2_RAW_NO_RESIDUAL,20260713,3,validation_early,score_coverage,1.0,51932,3933,0.9730066590896956,False
5,D5_K2_RAW_NO_RESIDUAL,20260713,4,train,loss_diff,0.0,335393,5244,0.9640065904392864,False
5,D5_K2_RAW_NO_RESIDUAL,20260713,4,train,loss_koop,1.3303272671412458e-05,335393,5244,0.9640065904392864,False
5,D5_K2_RAW_NO_RESIDUAL,20260713,4,train,loss_rec,0.0011080303915072,335393,5244,0.9640065904392864,False
5,D5_K2_RAW_NO_RESIDUAL,20260713,4,train,loss_total,0.0011213336633826,335393,5244,0.9640065904392864,False
5,D5_K2_RAW_NO_RESIDUAL,20260713,4,validation_early,complete_day_n,107.0,107,5244,0.9640065904392864,False
5,D5_K2_RAW_NO_RESIDUAL,20260713,4,validation_early,mean_rankic,0.001718889548368,107,5244,0.9640065904392864,False
5,D5_K2_RAW_NO_RESIDUAL,20260713,4,validation_early,score_coverage,1.0,51932,5244,0.9640065904392864,False
5,D5_K2_RAW_NO_RESIDUAL,20260713,5,train,loss_diff,0.0,335393,6555,0.9550065217888772,False
5,D5_K2_RAW_NO_RESIDUAL,20260713,5,train,loss_koop,1.021920673687012e-05,335393,6555,0.9550065217888772,False
5,D5_K2_RAW_NO_RESIDUAL,20260713,5,train,loss_rec,0.0011034195996445,335393,6555,0.9550065217888772,False
5,D5_K2_RAW_NO_RESIDUAL,20260713,5,train,loss_total,0.0011136388044882,335393,6555,0.9550065217888772,False
5,D5_K2_RAW_NO_RESIDUAL,20260713,5,validation_early,complete_day_n,107.0,107,6555,0.9550065217888772,False
5,D5_K2_RAW_NO_RESIDUAL,20260713,5,validation_early,mean_rankic,0.0057736376566192,107,6555,0.9550065217888772,False
5,D5_K2_RAW_NO_RESIDUAL,20260713,5,validation_early,score_coverage,1.0,51932,6555,0.9550065217888772,False
5,D5_K2_RAW_NO_RESIDUAL,20260713,6,train,loss_diff,0.0,335393,7866,0.946006453138468,False
5,D5_K2_RAW_NO_RESIDUAL,20260713,6,train,loss_koop,8.319677158307408e-06,335393,7866,0.946006453138468,False
5,D5_K2_RAW_NO_RESIDUAL,20260713,6,train,loss_rec,0.0010985304334908,335393,7866,0.946006453138468,False
5,D5_K2_RAW_NO_RESIDUAL,20260713,6,train,loss_total,0.0011068501101398,335393,7866,0.946006453138468,False
5,D5_K2_RAW_NO_RESIDUAL,20260713,6,validation_early,complete_day_n,107.0,107,7866,0.946006453138468,False
5,D5_K2_RAW_NO_RESIDUAL,20260713,6,validation_early,mean_rankic,0.0081245911988712,107,7866,0.946006453138468,False
5,D5_K2_RAW_NO_RESIDUAL,20260713,6,validation_early,score_coverage,1.0,51932,7866,0.946006453138468,False
5,D5_K2_RAW_NO_RESIDUAL,20260713,7,train,loss_diff,0.0,335393,9177,0.9370063844880586,False
5,D5_K2_RAW_NO_RESIDUAL,20260713,7,train,loss_koop,6.881649590560644e-06,335393,9177,0.9370063844880586,False
5,D5_K2_RAW_NO_RESIDUAL,20260713,7,train,loss_rec,0.0010918674654297,335393,9177,0.9370063844880586,False
5,D5_K2_RAW_NO_RESIDUAL,20260713,7,train,loss_total,0.0010987491156178,335393,9177,0.9370063844880586,False
5,D5_K2_RAW_NO_RESIDUAL,20260713,7,validation_early,complete_day_n,107.0,107,9177,0.9370063844880586,False
5,D5_K2_RAW_NO_RESIDUAL,20260713,7,validation_early,mean_rankic,0.0214347217768561,107,9177,0.9370063844880586,False
5,D5_K2_RAW_NO_RESIDUAL,20260713,7,validation_early,score_coverage,1.0,51932,9177,0.9370063844880586,False
5,D5_K2_RAW_NO_RESIDUAL,20260713,8,train,loss_diff,0.0,335393,10488,0.9280063158376494,True
5,D5_K2_RAW_NO_RESIDUAL,20260713,8,train,loss_koop,5.870815421129788e-06,335393,10488,0.9280063158376494,True
5,D5_K2_RAW_NO_RESIDUAL,20260713,8,train,loss_rec,0.0010841766053502,335393,10488,0.9280063158376494,True
5,D5_K2_RAW_NO_RESIDUAL,20260713,8,train,loss_total,0.0010900474207808,335393,10488,0.9280063158376494,True
5,D5_K2_RAW_NO_RESIDUAL,20260713,8,validation_early,complete_day_n,107.0,107,10488,0.9280063158376494,True
5,D5_K2_RAW_NO_RESIDUAL,20260713,8,validation_early,mean_rankic,0.0299101477730022,107,10488,0.9280063158376494,True
5,D5_K2_RAW_NO_RESIDUAL,20260713,8,validation_early,score_coverage,1.0,51932,10488,0.9280063158376494,True
5,D5_K2_RAW_NO_RESIDUAL,20260713,9,train,loss_diff,0.0,335393,11799,0.9190062471872402,False
5,D5_K2_RAW_NO_RESIDUAL,20260713,9,train,loss_koop,5.033187054201009e-06,335393,11799,0.9190062471872402,False
5,D5_K2_RAW_NO_RESIDUAL,20260713,9,train,loss_rec,0.0010760643615218,335393,11799,0.9190062471872402,False
5,D5_K2_RAW_NO_RESIDUAL,20260713,9,train,loss_total,0.001081097548742,335393,11799,0.9190062471872402,False
5,D5_K2_RAW_NO_RESIDUAL,20260713,9,validation_early,complete_day_n,107.0,107,11799,0.9190062471872402,False
5,D5_K2_RAW_NO_RESIDUAL,20260713,9,validation_early,mean_rankic,0.0101646000723361,107,11799,0.9190062471872402,False
5,D5_K2_RAW_NO_RESIDUAL,20260713,9,validation_early,score_coverage,1.0,51932,11799,0.9190062471872402,False
5,D5_K2_RAW_NO_RESIDUAL,20260713,10,train,loss_diff,0.0,335393,13110,0.910006178536831,False
5,D5_K2_RAW_NO_RESIDUAL,20260713,10,train,loss_koop,4.431358057646199e-06,335393,13110,0.910006178536831,False
5,D5_K2_RAW_NO_RESIDUAL,20260713,10,train,loss_rec,0.0010661833500158,335393,13110,0.910006178536831,False
5,D5_K2_RAW_NO_RESIDUAL,20260713,10,train,loss_total,0.0010706147074463,335393,13110,0.910006178536831,False
5,D5_K2_RAW_NO_RESIDUAL,20260713,10,validation_early,complete_day_n,107.0,107,13110,0.910006178536831,False
5,D5_K2_RAW_NO_RESIDUAL,20260713,10,validation_early,mean_rankic,0.0154333634916066,107,13110,0.910006178536831,False
5,D5_K2_RAW_NO_RESIDUAL,20260713,10,validation_early,score_coverage,1.0,51932,13110,0.910006178536831,False
5,D5_K2_RAW_NO_RESIDUAL,20260713,11,train,loss_diff,0.0,335393,14421,0.9010061098864216,False
5,D5_K2_RAW_NO_RESIDUAL,20260713,11,train,loss_koop,3.944635461584662e-06,335393,14421,0.9010061098864216,False
5,D5_K2_RAW_NO_RESIDUAL,20260713,11,train,loss_rec,0.0010557255006249,335393,14421,0.9010061098864216,False
5,D5_K2_RAW_NO_RESIDUAL,20260713,11,train,loss_total,0.0010596701357551,335393,14421,0.9010061098864216,False
5,D5_K2_RAW_NO_RESIDUAL,20260713,11,validation_early,complete_day_n,107.0,107,14421,0.9010061098864216,False
5,D5_K2_RAW_NO_RESIDUAL,20260713,11,validation_early,mean_rankic,0.00232028147792,107,14421,0.9010061098864216,False
5,D5_K2_RAW_NO_RESIDUAL,20260713,11,validation_early,score_coverage,1.0,51932,14421,0.9010061098864216,False
5,D5_K2_RAW_NO_RESIDUAL,20260713,12,train,loss_diff,0.0,335393,15732,0.8920060412360125,False
5,D5_K2_RAW_NO_RESIDUAL,20260713,12,train,loss_koop,3.521046601821627e-06,335393,15732,0.8920060412360125,False
5,D5_K2_RAW_NO_RESIDUAL,20260713,12,train,loss_rec,0.0010468787784825,335393,15732,0.8920060412360125,False
5,D5_K2_RAW_NO_RESIDUAL,20260713,12,train,loss_total,0.0010503998244912,335393,15732,0.8920060412360125,False
5,D5_K2_RAW_NO_RESIDUAL,20260713,12,validation_early,complete_day_n,107.0,107,15732,0.8920060412360125,False
5,D5_K2_RAW_NO_RESIDUAL,20260713,12,validation_early,mean_rankic,-0.0008569705159989,107,15732,0.8920060412360125,False
5,D5_K2_RAW_NO_RESIDUAL,20260713,12,validation_early,score_coverage,1.0,51932,15732,0.8920060412360125,False
5,D5_K2_RAW_NO_RESIDUAL,20260713,13,train,loss_diff,0.0,335393,17043,0.8830059725856032,False
5,D5_K2_RAW_NO_RESIDUAL,20260713,13,train,loss_koop,3.2789189474987998e-06,335393,17043,0.8830059725856032,False
5,D5_K2_RAW_NO_RESIDUAL,20260713,13,train,loss_rec,0.0010379545089326,335393,17043,0.8830059725856032,False
5,D5_K2_RAW_NO_RESIDUAL,20260713,13,train,loss_total,0.0010412334272878,335393,17043,0.8830059725856032,False
5,D5_K2_RAW_NO_RESIDUAL,20260713,13,validation_early,complete_day_n,107.0,107,17043,0.8830059725856032,False
5,D5_K2_RAW_NO_RESIDUAL,20260713,13,validation_early,mean_rankic,0.0246514264451432,107,17043,0.8830059725856032,False
5,D5_K2_RAW_NO_RESIDUAL,20260713,13,validation_early,score_coverage,1.0,51932,17043,0.8830059725856032,False
5,D5_K2_RAW_NO_RESIDUAL,20260713,14,train,loss_diff,0.0,335393,18354,0.874005903935194,False
5,D5_K2_RAW_NO_RESIDUAL,20260713,14,train,loss_koop,3.084251569946051e-06,335393,18354,0.874005903935194,False
5,D5_K2_RAW_NO_RESIDUAL,20260713,14,train,loss_rec,0.0010293882678957,335393,18354,0.874005903935194,False
5,D5_K2_RAW_NO_RESIDUAL,20260713,14,train,loss_total,0.0010324725186763,335393,18354,0.874005903935194,False
5,D5_K2_RAW_NO_RESIDUAL,20260713,14,validation_early,complete_day_n,107.0,107,18354,0.874005903935194,False
5,D5_K2_RAW_NO_RESIDUAL,20260713,14,validation_early,mean_rankic,0.010984349907674,107,18354,0.874005903935194,False
5,D5_K2_RAW_NO_RESIDUAL,20260713,14,validation_early,score_coverage,1.0,51932,18354,0.874005903935194,False
5,D5_K2_RAW_NO_RESIDUAL,20260713,15,train,loss_diff,0.0,335393,19665,0.8650058352847847,False
5,D5_K2_RAW_NO_RESIDUAL,20260713,15,train,loss_koop,2.883734879029335e-06,335393,19665,0.8650058352847847,False
5,D5_K2_RAW_NO_RESIDUAL,20260713,15,train,loss_rec,0.0010206614928836,335393,19665,0.8650058352847847,False
5,D5_K2_RAW_NO_RESIDUAL,20260713,15,train,loss_total,0.0010235452277907,335393,19665,0.8650058352847847,False
5,D5_K2_RAW_NO_RESIDUAL,20260713,15,validation_early,complete_day_n,107.0,107,19665,0.8650058352847847,False
5,D5_K2_RAW_NO_RESIDUAL,20260713,15,validation_early,mean_rankic,0.0196026764879356,107,19665,0.8650058352847847,False
5,D5_K2_RAW_NO_RESIDUAL,20260713,15,validation_early,score_coverage,1.0,51932,19665,0.8650058352847847,False
5,D5_K2_RAW_NO_RESIDUAL,20260713,16,train,loss_diff,0.0,335393,20976,0.8560057666343756,False
5,D5_K2_RAW_NO_RESIDUAL,20260713,16,train,loss_koop,2.672582034137004e-06,335393,20976,0.8560057666343756,False
5,D5_K2_RAW_NO_RESIDUAL,20260713,16,train,loss_rec,0.0010125696416097,335393,20976,0.8560057666343756,False
5,D5_K2_RAW_NO_RESIDUAL,20260713,16,train,loss_total,0.0010152422228051,335393,20976,0.8560057666343756,False
5,D5_K2_RAW_NO_RESIDUAL,20260713,16,validation_early,complete_day_n,107.0,107,20976,0.8560057666343756,False
5,D5_K2_RAW_NO_RESIDUAL,20260713,16,validation_early,mean_rankic,0.0232578890438601,107,20976,0.8560057666343756,False
5,D5_K2_RAW_NO_RESIDUAL,20260713,16,validation_early,score_coverage,1.0,51932,20976,0.8560057666343756,False
5,D5_K2_RAW_NO_RESIDUAL,20260713,17,train,loss_diff,0.0,335393,22287,0.8470056979839663,False
5,D5_K2_RAW_NO_RESIDUAL,20260713,17,train,loss_koop,2.560396058768558e-06,335393,22287,0.8470056979839663,False
5,D5_K2_RAW_NO_RESIDUAL,20260713,17,train,loss_rec,0.0010052280376325,335393,22287,0.8470056979839663,False
5,D5_K2_RAW_NO_RESIDUAL,20260713,17,train,loss_total,0.0010077884344491,335393,22287,0.8470056979839663,False
5,D5_K2_RAW_NO_RESIDUAL,20260713,17,validation_early,complete_day_n,107.0,107,22287,0.8470056979839663,False
5,D5_K2_RAW_NO_RESIDUAL,20260713,17,validation_early,mean_rankic,-0.0006651868310941,107,22287,0.8470056979839663,False
5,D5_K2_RAW_NO_RESIDUAL,20260713,17,validation_early,score_coverage,1.0,51932,22287,0.8470056979839663,False
5,D5_K2_RAW_NO_RESIDUAL,20260713,18,train,loss_diff,0.0,335393,23598,0.8380056293335572,False
5,D5_K2_RAW_NO_RESIDUAL,20260713,18,train,loss_koop,2.4607550341555724e-06,335393,23598,0.8380056293335572,False
5,D5_K2_RAW_NO_RESIDUAL,20260713,18,train,loss_rec,0.0009980121093668,335393,23598,0.8380056293335572,False
5,D5_K2_RAW_NO_RESIDUAL,20260713,18,train,loss_total,0.0010004728644414,335393,23598,0.8380056293335572,False
5,D5_K2_RAW_NO_RESIDUAL,20260713,18,validation_early,complete_day_n,107.0,107,23598,0.8380056293335572,False
5,D5_K2_RAW_NO_RESIDUAL,20260713,18,validation_early,mean_rankic,0.0205489408678168,107,23598,0.8380056293335572,False
5,D5_K2_RAW_NO_RESIDUAL,20260713,18,validation_early,score_coverage,1.0,51932,23598,0.8380056293335572,False
5,D5_K2_RAW_NO_RESIDUAL,20260714,1,train,loss_diff,0.0,335393,1311,0.991006796390514,False
5,D5_K2_RAW_NO_RESIDUAL,20260714,1,train,loss_koop,0.0005368664753791,335393,1311,0.991006796390514,False
5,D5_K2_RAW_NO_RESIDUAL,20260714,1,train,loss_rec,0.001846479596298,335393,1311,0.991006796390514,False
5,D5_K2_RAW_NO_RESIDUAL,20260714,1,train,loss_total,0.0023833460704532,335393,1311,0.991006796390514,False
5,D5_K2_RAW_NO_RESIDUAL,20260714,1,validation_early,complete_day_n,107.0,107,1311,0.991006796390514,False
5,D5_K2_RAW_NO_RESIDUAL,20260714,1,validation_early,mean_rankic,-0.0149827814948706,107,1311,0.991006796390514,False
5,D5_K2_RAW_NO_RESIDUAL,20260714,1,validation_early,score_coverage,1.0,51932,1311,0.991006796390514,False
5,D5_K2_RAW_NO_RESIDUAL,20260714,2,train,loss_diff,0.0,335393,2622,0.9820067277401048,False
5,D5_K2_RAW_NO_RESIDUAL,20260714,2,train,loss_koop,4.246942546739608e-05,335393,2622,0.9820067277401048,False
5,D5_K2_RAW_NO_RESIDUAL,20260714,2,train,loss_rec,0.0011260319585259,335393,2622,0.9820067277401048,False
5,D5_K2_RAW_NO_RESIDUAL,20260714,2,train,loss_total,0.0011685013847894,335393,2622,0.9820067277401048,False
5,D5_K2_RAW_NO_RESIDUAL,20260714,2,validation_early,complete_day_n,107.0,107,2622,0.9820067277401048,False
5,D5_K2_RAW_NO_RESIDUAL,20260714,2,validation_early,mean_rankic,0.0115845277799393,107,2622,0.9820067277401048,False
5,D5_K2_RAW_NO_RESIDUAL,20260714,2,validation_early,score_coverage,1.0,51932,2622,0.9820067277401048,False
5,D5_K2_RAW_NO_RESIDUAL,20260714,3,train,loss_diff,0.0,335393,3933,0.9730066590896956,False
5,D5_K2_RAW_NO_RESIDUAL,20260714,3,train,loss_koop,1.9837874394850972e-05,335393,3933,0.9730066590896956,False
5,D5_K2_RAW_NO_RESIDUAL,20260714,3,train,loss_rec,0.0011142214502304,335393,3933,0.9730066590896956,False
5,D5_K2_RAW_NO_RESIDUAL,20260714,3,train,loss_total,0.0011340593246361,335393,3933,0.9730066590896956,False
5,D5_K2_RAW_NO_RESIDUAL,20260714,3,validation_early,complete_day_n,107.0,107,3933,0.9730066590896956,False
5,D5_K2_RAW_NO_RESIDUAL,20260714,3,validation_early,mean_rankic,-0.0042691887451531,107,3933,0.9730066590896956,False
5,D5_K2_RAW_NO_RESIDUAL,20260714,3,validation_early,score_coverage,1.0,51932,3933,0.9730066590896956,False
5,D5_K2_RAW_NO_RESIDUAL,20260714,4,train,loss_diff,0.0,335393,5244,0.9640065904392864,False
5,D5_K2_RAW_NO_RESIDUAL,20260714,4,train,loss_koop,1.3107669062197187e-05,335393,5244,0.9640065904392864,False
5,D5_K2_RAW_NO_RESIDUAL,20260714,4,train,loss_rec,0.0011087591587259,335393,5244,0.9640065904392864,False
5,D5_K2_RAW_NO_RESIDUAL,20260714,4,train,loss_total,0.0011218668285986,335393,5244,0.9640065904392864,False
5,D5_K2_RAW_NO_RESIDUAL,20260714,4,validation_early,complete_day_n,107.0,107,5244,0.9640065904392864,False
5,D5_K2_RAW_NO_RESIDUAL,20260714,4,validation_early,mean_rankic,0.0146970978423166,107,5244,0.9640065904392864,False
5,D5_K2_RAW_NO_RESIDUAL,20260714,4,validation_early,score_coverage,1.0,51932,5244,0.9640065904392864,False
5,D5_K2_RAW_NO_RESIDUAL,20260714,5,train,loss_diff,0.0,335393,6555,0.9550065217888772,False
5,D5_K2_RAW_NO_RESIDUAL,20260714,5,train,loss_koop,1.007601950672766e-05,335393,6555,0.9550065217888772,False
5,D5_K2_RAW_NO_RESIDUAL,20260714,5,train,loss_rec,0.0011037850512904,335393,6555,0.9550065217888772,False
5,D5_K2_RAW_NO_RESIDUAL,20260714,5,train,loss_total,0.001113861070659,335393,6555,0.9550065217888772,False
5,D5_K2_RAW_NO_RESIDUAL,20260714,5,validation_early,complete_day_n,107.0,107,6555,0.9550065217888772,False
5,D5_K2_RAW_NO_RESIDUAL,20260714,5,validation_early,mean_rankic,0.0121291881920792,107,6555,0.9550065217888772,False
5,D5_K2_RAW_NO_RESIDUAL,20260714,5,validation_early,score_coverage,1.0,51932,6555,0.9550065217888772,False
5,D5_K2_RAW_NO_RESIDUAL,20260714,6,train,loss_diff,0.0,335393,7866,0.946006453138468,False
5,D5_K2_RAW_NO_RESIDUAL,20260714,6,train,loss_koop,8.14553937440276e-06,335393,7866,0.946006453138468,False
5,D5_K2_RAW_NO_RESIDUAL,20260714,6,train,loss_rec,0.0010986492527441,335393,7866,0.946006453138468,False
5,D5_K2_RAW_NO_RESIDUAL,20260714,6,train,loss_total,0.0011067947918891,335393,7866,0.946006453138468,False
5,D5_K2_RAW_NO_RESIDUAL,20260714,6,validation_early,complete_day_n,107.0,107,7866,0.946006453138468,False
5,D5_K2_RAW_NO_RESIDUAL,20260714,6,validation_early,mean_rankic,0.007492648897064,107,7866,0.946006453138468,False
5,D5_K2_RAW_NO_RESIDUAL,20260714,6,validation_early,score_coverage,1.0,51932,7866,0.946006453138468,False
5,D5_K2_RAW_NO_RESIDUAL,20260714,7,train,loss_diff,0.0,335393,9177,0.9370063844880586,False
5,D5_K2_RAW_NO_RESIDUAL,20260714,7,train,loss_koop,6.794864203532935e-06,335393,9177,0.9370063844880586,False
5,D5_K2_RAW_NO_RESIDUAL,20260714,7,train,loss_rec,0.0010930894172487,335393,9177,0.9370063844880586,False
5,D5_K2_RAW_NO_RESIDUAL,20260714,7,train,loss_total,0.001099884280665,335393,9177,0.9370063844880586,False
5,D5_K2_RAW_NO_RESIDUAL,20260714,7,validation_early,complete_day_n,107.0,107,9177,0.9370063844880586,False
5,D5_K2_RAW_NO_RESIDUAL,20260714,7,validation_early,mean_rankic,0.0271971693887885,107,9177,0.9370063844880586,False
5,D5_K2_RAW_NO_RESIDUAL,20260714,7,validation_early,score_coverage,1.0,51932,9177,0.9370063844880586,False
5,D5_K2_RAW_NO_RESIDUAL,20260714,8,train,loss_diff,0.0,335393,10488,0.9280063158376494,False
5,D5_K2_RAW_NO_RESIDUAL,20260714,8,train,loss_koop,5.770373413931395e-06,335393,10488,0.9280063158376494,False
5,D5_K2_RAW_NO_RESIDUAL,20260714,8,train,loss_rec,0.0010865462192913,335393,10488,0.9280063158376494,False
5,D5_K2_RAW_NO_RESIDUAL,20260714,8,train,loss_total,0.0010923165922484,335393,10488,0.9280063158376494,False
5,D5_K2_RAW_NO_RESIDUAL,20260714,8,validation_early,complete_day_n,107.0,107,10488,0.9280063158376494,False
5,D5_K2_RAW_NO_RESIDUAL,20260714,8,validation_early,mean_rankic,0.0091211496415478,107,10488,0.9280063158376494,False
5,D5_K2_RAW_NO_RESIDUAL,20260714,8,validation_early,score_coverage,1.0,51932,10488,0.9280063158376494,False
5,D5_K2_RAW_NO_RESIDUAL,20260714,9,train,loss_diff,0.0,335393,11799,0.9190062471872402,False
5,D5_K2_RAW_NO_RESIDUAL,20260714,9,train,loss_koop,4.977734346810423e-06,335393,11799,0.9190062471872402,False
5,D5_K2_RAW_NO_RESIDUAL,20260714,9,train,loss_rec,0.0010784221338206,335393,11799,0.9190062471872402,False
5,D5_K2_RAW_NO_RESIDUAL,20260714,9,train,loss_total,0.0010833998669857,335393,11799,0.9190062471872402,False
5,D5_K2_RAW_NO_RESIDUAL,20260714,9,validation_early,complete_day_n,107.0,107,11799,0.9190062471872402,False
5,D5_K2_RAW_NO_RESIDUAL,20260714,9,validation_early,mean_rankic,0.0204138076528579,107,11799,0.9190062471872402,False
5,D5_K2_RAW_NO_RESIDUAL,20260714,9,validation_early,score_coverage,1.0,51932,11799,0.9190062471872402,False
5,D5_K2_RAW_NO_RESIDUAL,20260714,10,train,loss_diff,0.0,335393,13110,0.910006178536831,False
5,D5_K2_RAW_NO_RESIDUAL,20260714,10,train,loss_koop,4.431094302467517e-06,335393,13110,0.910006178536831,False
5,D5_K2_RAW_NO_RESIDUAL,20260714,10,train,loss_rec,0.0010678459058387,335393,13110,0.910006178536831,False
5,D5_K2_RAW_NO_RESIDUAL,20260714,10,train,loss_total,0.0010722770014938,335393,13110,0.910006178536831,False
5,D5_K2_RAW_NO_RESIDUAL,20260714,10,validation_early,complete_day_n,107.0,107,13110,0.910006178536831,False
5,D5_K2_RAW_NO_RESIDUAL,20260714,10,validation_early,mean_rankic,0.0182434787731946,107,13110,0.910006178536831,False
5,D5_K2_RAW_NO_RESIDUAL,20260714,10,validation_early,score_coverage,1.0,51932,13110,0.910006178536831,False
5,D5_K2_RAW_NO_RESIDUAL,20260714,11,train,loss_diff,0.0,335393,14421,0.9010061098864216,False
5,D5_K2_RAW_NO_RESIDUAL,20260714,11,train,loss_koop,3.859258796106506e-06,335393,14421,0.9010061098864216,False
5,D5_K2_RAW_NO_RESIDUAL,20260714,11,train,loss_rec,0.0010587602194772,335393,14421,0.9010061098864216,False
5,D5_K2_RAW_NO_RESIDUAL,20260714,11,train,loss_total,0.0010626194782707,335393,14421,0.9010061098864216,False
5,D5_K2_RAW_NO_RESIDUAL,20260714,11,validation_early,complete_day_n,107.0,107,14421,0.9010061098864216,False
5,D5_K2_RAW_NO_RESIDUAL,20260714,11,validation_early,mean_rankic,0.0151132407924958,107,14421,0.9010061098864216,False
5,D5_K2_RAW_NO_RESIDUAL,20260714,11,validation_early,score_coverage,1.0,51932,14421,0.9010061098864216,False
5,D5_K2_RAW_NO_RESIDUAL,20260714,12,train,loss_diff,0.0,335393,15732,0.8920060412360125,False
5,D5_K2_RAW_NO_RESIDUAL,20260714,12,train,loss_koop,3.363470311373199e-06,335393,15732,0.8920060412360125,False
5,D5_K2_RAW_NO_RESIDUAL,20260714,12,train,loss_rec,0.0010494386640961,335393,15732,0.8920060412360125,False
5,D5_K2_RAW_NO_RESIDUAL,20260714,12,train,loss_total,0.0010528021353224,335393,15732,0.8920060412360125,False
5,D5_K2_RAW_NO_RESIDUAL,20260714,12,validation_early,complete_day_n,107.0,107,15732,0.8920060412360125,False
5,D5_K2_RAW_NO_RESIDUAL,20260714,12,validation_early,mean_rankic,0.0264982919702745,107,15732,0.8920060412360125,False
5,D5_K2_RAW_NO_RESIDUAL,20260714,12,validation_early,score_coverage,1.0,51932,15732,0.8920060412360125,False
5,D5_K2_RAW_NO_RESIDUAL,20260714,13,train,loss_diff,0.0,335393,17043,0.8830059725856032,False
5,D5_K2_RAW_NO_RESIDUAL,20260714,13,train,loss_koop,3.044828026184292e-06,335393,17043,0.8830059725856032,False
5,D5_K2_RAW_NO_RESIDUAL,20260714,13,train,loss_rec,0.001040825335707,335393,17043,0.8830059725856032,False
5,D5_K2_RAW_NO_RESIDUAL,20260714,13,train,loss_total,0.001043870163717,335393,17043,0.8830059725856032,False
5,D5_K2_RAW_NO_RESIDUAL,20260714,13,validation_early,complete_day_n,107.0,107,17043,0.8830059725856032,False
5,D5_K2_RAW_NO_RESIDUAL,20260714,13,validation_early,mean_rankic,0.0301551250407177,107,17043,0.8830059725856032,False
5,D5_K2_RAW_NO_RESIDUAL,20260714,13,validation_early,score_coverage,1.0,51932,17043,0.8830059725856032,False
5,D5_K2_RAW_NO_RESIDUAL,20260714,14,train,loss_diff,0.0,335393,18354,0.874005903935194,False
5,D5_K2_RAW_NO_RESIDUAL,20260714,14,train,loss_koop,2.8729831745427355e-06,335393,18354,0.874005903935194,False
5,D5_K2_RAW_NO_RESIDUAL,20260714,14,train,loss_rec,0.0010318761148152,335393,18354,0.874005903935194,False
5,D5_K2_RAW_NO_RESIDUAL,20260714,14,train,loss_total,0.001034749097109,335393,18354,0.874005903935194,False
5,D5_K2_RAW_NO_RESIDUAL,20260714,14,validation_early,complete_day_n,107.0,107,18354,0.874005903935194,False
5,D5_K2_RAW_NO_RESIDUAL,20260714,14,validation_early,mean_rankic,0.0323975973251675,107,18354,0.874005903935194,False
5,D5_K2_RAW_NO_RESIDUAL,20260714,14,validation_early,score_coverage,1.0,51932,18354,0.874005903935194,False
5,D5_K2_RAW_NO_RESIDUAL,20260714,15,train,loss_diff,0.0,335393,19665,0.8650058352847847,True
5,D5_K2_RAW_NO_RESIDUAL,20260714,15,train,loss_koop,2.6694816903168635e-06,335393,19665,0.8650058352847847,True
5,D5_K2_RAW_NO_RESIDUAL,20260714,15,train,loss_rec,0.0010230126408457,335393,19665,0.8650058352847847,True
5,D5_K2_RAW_NO_RESIDUAL,20260714,15,train,loss_total,0.0010256821229158,335393,19665,0.8650058352847847,True
5,D5_K2_RAW_NO_RESIDUAL,20260714,15,validation_early,complete_day_n,107.0,107,19665,0.8650058352847847,True
5,D5_K2_RAW_NO_RESIDUAL,20260714,15,validation_early,mean_rankic,0.0398618177862037,107,19665,0.8650058352847847,True
5,D5_K2_RAW_NO_RESIDUAL,20260714,15,validation_early,score_coverage,1.0,51932,19665,0.8650058352847847,True
5,D5_K2_RAW_NO_RESIDUAL,20260714,16,train,loss_diff,0.0,335393,20976,0.8560057666343756,False
5,D5_K2_RAW_NO_RESIDUAL,20260714,16,train,loss_koop,2.5365927985757223e-06,335393,20976,0.8560057666343756,False
5,D5_K2_RAW_NO_RESIDUAL,20260714,16,train,loss_rec,0.0010150722129722,335393,20976,0.8560057666343756,False
5,D5_K2_RAW_NO_RESIDUAL,20260714,16,train,loss_total,0.0010176088061571,335393,20976,0.8560057666343756,False
5,D5_K2_RAW_NO_RESIDUAL,20260714,16,validation_early,complete_day_n,107.0,107,20976,0.8560057666343756,False
5,D5_K2_RAW_NO_RESIDUAL,20260714,16,validation_early,mean_rankic,0.0156056802310284,107,20976,0.8560057666343756,False
5,D5_K2_RAW_NO_RESIDUAL,20260714,16,validation_early,score_coverage,1.0,51932,20976,0.8560057666343756,False
5,D5_K2_RAW_NO_RESIDUAL,20260714,17,train,loss_diff,0.0,335393,22287,0.8470056979839663,False
5,D5_K2_RAW_NO_RESIDUAL,20260714,17,train,loss_koop,2.4324106619638123e-06,335393,22287,0.8470056979839663,False
5,D5_K2_RAW_NO_RESIDUAL,20260714,17,train,loss_rec,0.0010067189305716,335393,22287,0.8470056979839663,False
5,D5_K2_RAW_NO_RESIDUAL,20260714,17,train,loss_total,0.0010091513423126,335393,22287,0.8470056979839663,False
5,D5_K2_RAW_NO_RESIDUAL,20260714,17,validation_early,complete_day_n,107.0,107,22287,0.8470056979839663,False
5,D5_K2_RAW_NO_RESIDUAL,20260714,17,validation_early,mean_rankic,0.0216759561387864,107,22287,0.8470056979839663,False
5,D5_K2_RAW_NO_RESIDUAL,20260714,17,validation_early,score_coverage,1.0,51932,22287,0.8470056979839663,False
5,D5_K2_RAW_NO_RESIDUAL,20260714,18,train,loss_diff,0.0,335393,23598,0.8380056293335572,False
5,D5_K2_RAW_NO_RESIDUAL,20260714,18,train,loss_koop,2.342561990282148e-06,335393,23598,0.8380056293335572,False
5,D5_K2_RAW_NO_RESIDUAL,20260714,18,train,loss_rec,0.000999360176812,335393,23598,0.8380056293335572,False
5,D5_K2_RAW_NO_RESIDUAL,20260714,18,train,loss_total,0.0010017027394644,335393,23598,0.8380056293335572,False
5,D5_K2_RAW_NO_RESIDUAL,20260714,18,validation_early,complete_day_n,107.0,107,23598,0.8380056293335572,False
5,D5_K2_RAW_NO_RESIDUAL,20260714,18,validation_early,mean_rankic,0.0274083902660486,107,23598,0.8380056293335572,False
5,D5_K2_RAW_NO_RESIDUAL,20260714,18,validation_early,score_coverage,1.0,51932,23598,0.8380056293335572,False
5,D5_K2_RAW_NO_RESIDUAL,20260714,19,train,loss_diff,0.0,335393,24909,0.8290055606831479,False
5,D5_K2_RAW_NO_RESIDUAL,20260714,19,train,loss_koop,2.2579848790820878e-06,335393,24909,0.8290055606831479,False
5,D5_K2_RAW_NO_RESIDUAL,20260714,19,train,loss_rec,0.0009915974503933,335393,24909,0.8290055606831479,False
5,D5_K2_RAW_NO_RESIDUAL,20260714,19,train,loss_total,0.0009938554345333,335393,24909,0.8290055606831479,False
5,D5_K2_RAW_NO_RESIDUAL,20260714,19,validation_early,complete_day_n,107.0,107,24909,0.8290055606831479,False
5,D5_K2_RAW_NO_RESIDUAL,20260714,19,validation_early,mean_rankic,0.028680487787841,107,24909,0.8290055606831479,False
5,D5_K2_RAW_NO_RESIDUAL,20260714,19,validation_early,score_coverage,1.0,51932,24909,0.8290055606831479,False
5,D5_K2_RAW_NO_RESIDUAL,20260714,20,train,loss_diff,0.0,335393,26220,0.8200054920327386,False
5,D5_K2_RAW_NO_RESIDUAL,20260714,20,train,loss_koop,2.1911695309083146e-06,335393,26220,0.8200054920327386,False
5,D5_K2_RAW_NO_RESIDUAL,20260714,20,train,loss_rec,0.0009851155980992,335393,26220,0.8200054920327386,False
5,D5_K2_RAW_NO_RESIDUAL,20260714,20,train,loss_total,0.0009873067681428,335393,26220,0.8200054920327386,False
5,D5_K2_RAW_NO_RESIDUAL,20260714,20,validation_early,complete_day_n,107.0,107,26220,0.8200054920327386,False
5,D5_K2_RAW_NO_RESIDUAL,20260714,20,validation_early,mean_rankic,0.0260185988523795,107,26220,0.8200054920327386,False
5,D5_K2_RAW_NO_RESIDUAL,20260714,20,validation_early,score_coverage,1.0,51932,26220,0.8200054920327386,False
5,D5_K2_RAW_NO_RESIDUAL,20260714,21,train,loss_diff,0.0,335393,27531,0.8110054233823294,False
5,D5_K2_RAW_NO_RESIDUAL,20260714,21,train,loss_koop,2.1229525267585847e-06,335393,27531,0.8110054233823294,False
5,D5_K2_RAW_NO_RESIDUAL,20260714,21,train,loss_rec,0.0009781335728391,335393,27531,0.8110054233823294,False
5,D5_K2_RAW_NO_RESIDUAL,20260714,21,train,loss_total,0.0009802565255403,335393,27531,0.8110054233823294,False
5,D5_K2_RAW_NO_RESIDUAL,20260714,21,validation_early,complete_day_n,107.0,107,27531,0.8110054233823294,False
5,D5_K2_RAW_NO_RESIDUAL,20260714,21,validation_early,mean_rankic,0.0298085503018069,107,27531,0.8110054233823294,False
5,D5_K2_RAW_NO_RESIDUAL,20260714,21,validation_early,score_coverage,1.0,51932,27531,0.8110054233823294,False
5,D5_K2_RAW_NO_RESIDUAL,20260714,22,train,loss_diff,0.0,335393,28842,0.8020053547319201,False
5,D5_K2_RAW_NO_RESIDUAL,20260714,22,train,loss_koop,2.0572763929819358e-06,335393,28842,0.8020053547319201,False
5,D5_K2_RAW_NO_RESIDUAL,20260714,22,train,loss_rec,0.0009728275310858,335393,28842,0.8020053547319201,False
5,D5_K2_RAW_NO_RESIDUAL,20260714,22,train,loss_total,0.0009748848071755,335393,28842,0.8020053547319201,False
5,D5_K2_RAW_NO_RESIDUAL,20260714,22,validation_early,complete_day_n,107.0,107,28842,0.8020053547319201,False
5,D5_K2_RAW_NO_RESIDUAL,20260714,22,validation_early,mean_rankic,0.0294053151900265,107,28842,0.8020053547319201,False
5,D5_K2_RAW_NO_RESIDUAL,20260714,22,validation_early,score_coverage,1.0,51932,28842,0.8020053547319201,False
5,D5_K2_RAW_NO_RESIDUAL,20260714,23,train,loss_diff,0.0,335393,30153,0.7930052860815109,False
5,D5_K2_RAW_NO_RESIDUAL,20260714,23,train,loss_koop,2.054905527858561e-06,335393,30153,0.7930052860815109,False
5,D5_K2_RAW_NO_RESIDUAL,20260714,23,train,loss_rec,0.0009658792900058,335393,30153,0.7930052860815109,False
5,D5_K2_RAW_NO_RESIDUAL,20260714,23,train,loss_total,0.0009679341948242,335393,30153,0.7930052860815109,False
5,D5_K2_RAW_NO_RESIDUAL,20260714,23,validation_early,complete_day_n,107.0,107,30153,0.7930052860815109,False
5,D5_K2_RAW_NO_RESIDUAL,20260714,23,validation_early,mean_rankic,0.0279628040296957,107,30153,0.7930052860815109,False
5,D5_K2_RAW_NO_RESIDUAL,20260714,23,validation_early,score_coverage,1.0,51932,30153,0.7930052860815109,False
5,D5_K2_RAW_NO_RESIDUAL,20260714,24,train,loss_diff,0.0,335393,31464,0.7840052174311016,False
5,D5_K2_RAW_NO_RESIDUAL,20260714,24,train,loss_koop,1.972875845384525e-06,335393,31464,0.7840052174311016,False
5,D5_K2_RAW_NO_RESIDUAL,20260714,24,train,loss_rec,0.0009605947678583,335393,31464,0.7840052174311016,False
5,D5_K2_RAW_NO_RESIDUAL,20260714,24,train,loss_total,0.0009625676425877,335393,31464,0.7840052174311016,False
5,D5_K2_RAW_NO_RESIDUAL,20260714,24,validation_early,complete_day_n,107.0,107,31464,0.7840052174311016,False
5,D5_K2_RAW_NO_RESIDUAL,20260714,24,validation_early,mean_rankic,0.027679269488494,107,31464,0.7840052174311016,False
5,D5_K2_RAW_NO_RESIDUAL,20260714,24,validation_early,score_coverage,1.0,51932,31464,0.7840052174311016,False
5,D5_K2_RAW_NO_RESIDUAL,20260714,25,train,loss_diff,0.0,335393,32775,0.7750051487806924,False
5,D5_K2_RAW_NO_RESIDUAL,20260714,25,train,loss_koop,1.923488293816379e-06,335393,32775,0.7750051487806924,False
5,D5_K2_RAW_NO_RESIDUAL,20260714,25,train,loss_rec,0.0009546816194529,335393,32775,0.7750051487806924,False
5,D5_K2_RAW_NO_RESIDUAL,20260714,25,train,loss_total,0.0009566051090452,335393,32775,0.7750051487806924,False
5,D5_K2_RAW_NO_RESIDUAL,20260714,25,validation_early,complete_day_n,107.0,107,32775,0.7750051487806924,False
5,D5_K2_RAW_NO_RESIDUAL,20260714,25,validation_early,mean_rankic,0.0280351850215516,107,32775,0.7750051487806924,False
5,D5_K2_RAW_NO_RESIDUAL,20260714,25,validation_early,score_coverage,1.0,51932,32775,0.7750051487806924,False
5,D5_K2_RAW_NO_RESIDUAL,20260715,1,train,loss_diff,0.0,335393,1311,0.991006796390514,False
5,D5_K2_RAW_NO_RESIDUAL,20260715,1,train,loss_koop,0.0006137181544405,335393,1311,0.991006796390514,False
5,D5_K2_RAW_NO_RESIDUAL,20260715,1,train,loss_rec,0.0019192770978794,335393,1311,0.991006796390514,False
5,D5_K2_RAW_NO_RESIDUAL,20260715,1,train,loss_total,0.0025329952583081,335393,1311,0.991006796390514,False
5,D5_K2_RAW_NO_RESIDUAL,20260715,1,validation_early,complete_day_n,107.0,107,1311,0.991006796390514,False
5,D5_K2_RAW_NO_RESIDUAL,20260715,1,validation_early,mean_rankic,-0.0110797493970512,107,1311,0.991006796390514,False
5,D5_K2_RAW_NO_RESIDUAL,20260715,1,validation_early,score_coverage,1.0,51932,1311,0.991006796390514,False
5,D5_K2_RAW_NO_RESIDUAL,20260715,2,train,loss_diff,0.0,335393,2622,0.9820067277401048,False
5,D5_K2_RAW_NO_RESIDUAL,20260715,2,train,loss_koop,5.306987923122055e-05,335393,2622,0.9820067277401048,False
5,D5_K2_RAW_NO_RESIDUAL,20260715,2,train,loss_rec,0.0011299367610455,335393,2622,0.9820067277401048,False
5,D5_K2_RAW_NO_RESIDUAL,20260715,2,train,loss_total,0.0011830066380979,335393,2622,0.9820067277401048,False
5,D5_K2_RAW_NO_RESIDUAL,20260715,2,validation_early,complete_day_n,107.0,107,2622,0.9820067277401048,False
5,D5_K2_RAW_NO_RESIDUAL,20260715,2,validation_early,mean_rankic,-0.0077307631095035,107,2622,0.9820067277401048,False
5,D5_K2_RAW_NO_RESIDUAL,20260715,2,validation_early,score_coverage,1.0,51932,2622,0.9820067277401048,False
5,D5_K2_RAW_NO_RESIDUAL,20260715,3,train,loss_diff,0.0,335393,3933,0.9730066590896956,False
5,D5_K2_RAW_NO_RESIDUAL,20260715,3,train,loss_koop,2.2434431439396432e-05,335393,3933,0.9730066590896956,False
5,D5_K2_RAW_NO_RESIDUAL,20260715,3,train,loss_rec,0.0011158993308127,335393,3933,0.9730066590896956,False
5,D5_K2_RAW_NO_RESIDUAL,20260715,3,train,loss_total,0.0011383337617495,335393,3933,0.9730066590896956,False
5,D5_K2_RAW_NO_RESIDUAL,20260715,3,validation_early,complete_day_n,107.0,107,3933,0.9730066590896956,False
5,D5_K2_RAW_NO_RESIDUAL,20260715,3,validation_early,mean_rankic,-0.0060693722133569,107,3933,0.9730066590896956,False
5,D5_K2_RAW_NO_RESIDUAL,20260715,3,validation_early,score_coverage,1.0,51932,3933,0.9730066590896956,False
5,D5_K2_RAW_NO_RESIDUAL,20260715,4,train,loss_diff,0.0,335393,5244,0.9640065904392864,False
5,D5_K2_RAW_NO_RESIDUAL,20260715,4,train,loss_koop,1.4498179774260386e-05,335393,5244,0.9640065904392864,False
5,D5_K2_RAW_NO_RESIDUAL,20260715,4,train,loss_rec,0.0011097439117521,335393,5244,0.9640065904392864,False
5,D5_K2_RAW_NO_RESIDUAL,20260715,4,train,loss_total,0.0011242420900031,335393,5244,0.9640065904392864,False
5,D5_K2_RAW_NO_RESIDUAL,20260715,4,validation_early,complete_day_n,107.0,107,5244,0.9640065904392864,False
5,D5_K2_RAW_NO_RESIDUAL,20260715,4,validation_early,mean_rankic,-0.0118850058155114,107,5244,0.9640065904392864,False
5,D5_K2_RAW_NO_RESIDUAL,20260715,4,validation_early,score_coverage,1.0,51932,5244,0.9640065904392864,False
5,D5_K2_RAW_NO_RESIDUAL,20260715,5,train,loss_diff,0.0,335393,6555,0.9550065217888772,False
5,D5_K2_RAW_NO_RESIDUAL,20260715,5,train,loss_koop,1.0847197403696963e-05,335393,6555,0.9550065217888772,False
5,D5_K2_RAW_NO_RESIDUAL,20260715,5,train,loss_rec,0.0011044915936033,335393,6555,0.9550065217888772,False
5,D5_K2_RAW_NO_RESIDUAL,20260715,5,train,loss_total,0.0011153387908373,335393,6555,0.9550065217888772,False
5,D5_K2_RAW_NO_RESIDUAL,20260715,5,validation_early,complete_day_n,107.0,107,6555,0.9550065217888772,False
5,D5_K2_RAW_NO_RESIDUAL,20260715,5,validation_early,mean_rankic,-0.0005581494314325,107,6555,0.9550065217888772,False
5,D5_K2_RAW_NO_RESIDUAL,20260715,5,validation_early,score_coverage,1.0,51932,6555,0.9550065217888772,False
5,D5_K2_RAW_NO_RESIDUAL,20260715,6,train,loss_diff,0.0,335393,7866,0.946006453138468,False
5,D5_K2_RAW_NO_RESIDUAL,20260715,6,train,loss_koop,8.749296503121767e-06,335393,7866,0.946006453138468,False
5,D5_K2_RAW_NO_RESIDUAL,20260715,6,train,loss_rec,0.001099114413937,335393,7866,0.946006453138468,False
5,D5_K2_RAW_NO_RESIDUAL,20260715,6,train,loss_total,0.0011078637105811,335393,7866,0.946006453138468,False
5,D5_K2_RAW_NO_RESIDUAL,20260715,6,validation_early,complete_day_n,107.0,107,7866,0.946006453138468,False
5,D5_K2_RAW_NO_RESIDUAL,20260715,6,validation_early,mean_rankic,0.0078645297157207,107,7866,0.946006453138468,False
5,D5_K2_RAW_NO_RESIDUAL,20260715,6,validation_early,score_coverage,1.0,51932,7866,0.946006453138468,False
5,D5_K2_RAW_NO_RESIDUAL,20260715,7,train,loss_diff,0.0,335393,9177,0.9370063844880586,False
5,D5_K2_RAW_NO_RESIDUAL,20260715,7,train,loss_koop,7.259940723359106e-06,335393,9177,0.9370063844880586,False
5,D5_K2_RAW_NO_RESIDUAL,20260715,7,train,loss_rec,0.0010929209452204,335393,9177,0.9370063844880586,False
5,D5_K2_RAW_NO_RESIDUAL,20260715,7,train,loss_total,0.0011001808869488,335393,9177,0.9370063844880586,False
5,D5_K2_RAW_NO_RESIDUAL,20260715,7,validation_early,complete_day_n,107.0,107,9177,0.9370063844880586,False
5,D5_K2_RAW_NO_RESIDUAL,20260715,7,validation_early,mean_rankic,-0.0021355871770518,107,9177,0.9370063844880586,False
5,D5_K2_RAW_NO_RESIDUAL,20260715,7,validation_early,score_coverage,1.0,51932,9177,0.9370063844880586,False
5,D5_K2_RAW_NO_RESIDUAL,20260715,8,train,loss_diff,0.0,335393,10488,0.9280063158376494,False
5,D5_K2_RAW_NO_RESIDUAL,20260715,8,train,loss_koop,6.197812138449711e-06,335393,10488,0.9280063158376494,False
5,D5_K2_RAW_NO_RESIDUAL,20260715,8,train,loss_rec,0.0010854228487859,335393,10488,0.9280063158376494,False
5,D5_K2_RAW_NO_RESIDUAL,20260715,8,train,loss_total,0.0010916206607662,335393,10488,0.9280063158376494,False
5,D5_K2_RAW_NO_RESIDUAL,20260715,8,validation_early,complete_day_n,107.0,107,10488,0.9280063158376494,False
5,D5_K2_RAW_NO_RESIDUAL,20260715,8,validation_early,mean_rankic,0.0076581602459402,107,10488,0.9280063158376494,False
5,D5_K2_RAW_NO_RESIDUAL,20260715,8,validation_early,score_coverage,1.0,51932,10488,0.9280063158376494,False
5,D5_K2_RAW_NO_RESIDUAL,20260715,9,train,loss_diff,0.0,335393,11799,0.9190062471872402,False
5,D5_K2_RAW_NO_RESIDUAL,20260715,9,train,loss_koop,5.319793086383252e-06,335393,11799,0.9190062471872402,False
5,D5_K2_RAW_NO_RESIDUAL,20260715,9,train,loss_rec,0.0010768955554015,335393,11799,0.9190062471872402,False
5,D5_K2_RAW_NO_RESIDUAL,20260715,9,train,loss_total,0.0010822153495755,335393,11799,0.9190062471872402,False
5,D5_K2_RAW_NO_RESIDUAL,20260715,9,validation_early,complete_day_n,107.0,107,11799,0.9190062471872402,False
5,D5_K2_RAW_NO_RESIDUAL,20260715,9,validation_early,mean_rankic,0.013328172177531,107,11799,0.9190062471872402,False
5,D5_K2_RAW_NO_RESIDUAL,20260715,9,validation_early,score_coverage,1.0,51932,11799,0.9190062471872402,False
5,D5_K2_RAW_NO_RESIDUAL,20260715,10,train,loss_diff,0.0,335393,13110,0.910006178536831,False
5,D5_K2_RAW_NO_RESIDUAL,20260715,10,train,loss_koop,4.637580399134332e-06,335393,13110,0.910006178536831,False
5,D5_K2_RAW_NO_RESIDUAL,20260715,10,train,loss_rec,0.0010672665585473,335393,13110,0.910006178536831,False
5,D5_K2_RAW_NO_RESIDUAL,20260715,10,train,loss_total,0.0010719041399903,335393,13110,0.910006178536831,False
5,D5_K2_RAW_NO_RESIDUAL,20260715,10,validation_early,complete_day_n,107.0,107,13110,0.910006178536831,False
5,D5_K2_RAW_NO_RESIDUAL,20260715,10,validation_early,mean_rankic,0.0038219949169899,107,13110,0.910006178536831,False
5,D5_K2_RAW_NO_RESIDUAL,20260715,10,validation_early,score_coverage,1.0,51932,13110,0.910006178536831,False
5,D5_K2_RAW_NO_RESIDUAL,20260715,11,train,loss_diff,0.0,335393,14421,0.9010061098864216,False
5,D5_K2_RAW_NO_RESIDUAL,20260715,11,train,loss_koop,4.09640152901474e-06,335393,14421,0.9010061098864216,False
5,D5_K2_RAW_NO_RESIDUAL,20260715,11,train,loss_rec,0.0010578997351759,335393,14421,0.9010061098864216,False
5,D5_K2_RAW_NO_RESIDUAL,20260715,11,train,loss_total,0.0010619961365322,335393,14421,0.9010061098864216,False
5,D5_K2_RAW_NO_RESIDUAL,20260715,11,validation_early,complete_day_n,107.0,107,14421,0.9010061098864216,False
5,D5_K2_RAW_NO_RESIDUAL,20260715,11,validation_early,mean_rankic,0.0149025037154458,107,14421,0.9010061098864216,False
5,D5_K2_RAW_NO_RESIDUAL,20260715,11,validation_early,score_coverage,1.0,51932,14421,0.9010061098864216,False
5,D5_K2_RAW_NO_RESIDUAL,20260715,12,train,loss_diff,0.0,335393,15732,0.8920060412360125,False
5,D5_K2_RAW_NO_RESIDUAL,20260715,12,train,loss_koop,3.733801622449123e-06,335393,15732,0.8920060412360125,False
5,D5_K2_RAW_NO_RESIDUAL,20260715,12,train,loss_rec,0.0010478882857879,335393,15732,0.8920060412360125,False
5,D5_K2_RAW_NO_RESIDUAL,20260715,12,train,loss_total,0.0010516220878804,335393,15732,0.8920060412360125,False
5,D5_K2_RAW_NO_RESIDUAL,20260715,12,validation_early,complete_day_n,107.0,107,15732,0.8920060412360125,False
5,D5_K2_RAW_NO_RESIDUAL,20260715,12,validation_early,mean_rankic,0.023508850764303,107,15732,0.8920060412360125,False
5,D5_K2_RAW_NO_RESIDUAL,20260715,12,validation_early,score_coverage,1.0,51932,15732,0.8920060412360125,False
5,D5_K2_RAW_NO_RESIDUAL,20260715,13,train,loss_diff,0.0,335393,17043,0.8830059725856032,False
5,D5_K2_RAW_NO_RESIDUAL,20260715,13,train,loss_koop,3.4161732940693744e-06,335393,17043,0.8830059725856032,False
5,D5_K2_RAW_NO_RESIDUAL,20260715,13,train,loss_rec,0.0010378838092019,335393,17043,0.8830059725856032,False
5,D5_K2_RAW_NO_RESIDUAL,20260715,13,train,loss_total,0.0010412999834586,335393,17043,0.8830059725856032,False
5,D5_K2_RAW_NO_RESIDUAL,20260715,13,validation_early,complete_day_n,107.0,107,17043,0.8830059725856032,False
5,D5_K2_RAW_NO_RESIDUAL,20260715,13,validation_early,mean_rankic,0.0127001995917894,107,17043,0.8830059725856032,False
5,D5_K2_RAW_NO_RESIDUAL,20260715,13,validation_early,score_coverage,1.0,51932,17043,0.8830059725856032,False
5,D5_K2_RAW_NO_RESIDUAL,20260715,14,train,loss_diff,0.0,335393,18354,0.874005903935194,False
5,D5_K2_RAW_NO_RESIDUAL,20260715,14,train,loss_koop,3.1280748792365964e-06,335393,18354,0.874005903935194,False
5,D5_K2_RAW_NO_RESIDUAL,20260715,14,train,loss_rec,0.0010280726197127,335393,18354,0.874005903935194,False
5,D5_K2_RAW_NO_RESIDUAL,20260715,14,train,loss_total,0.0010312006935305,335393,18354,0.874005903935194,False
5,D5_K2_RAW_NO_RESIDUAL,20260715,14,validation_early,complete_day_n,107.0,107,18354,0.874005903935194,False
5,D5_K2_RAW_NO_RESIDUAL,20260715,14,validation_early,mean_rankic,0.0100508828156532,107,18354,0.874005903935194,False
5,D5_K2_RAW_NO_RESIDUAL,20260715,14,validation_early,score_coverage,1.0,51932,18354,0.874005903935194,False
5,D5_K2_RAW_NO_RESIDUAL,20260715,15,train,loss_diff,0.0,335393,19665,0.8650058352847847,False
5,D5_K2_RAW_NO_RESIDUAL,20260715,15,train,loss_koop,2.965178319105303e-06,335393,19665,0.8650058352847847,False
5,D5_K2_RAW_NO_RESIDUAL,20260715,15,train,loss_rec,0.0010196903118925,335393,19665,0.8650058352847847,False
5,D5_K2_RAW_NO_RESIDUAL,20260715,15,train,loss_total,0.0010226554910171,335393,19665,0.8650058352847847,False
5,D5_K2_RAW_NO_RESIDUAL,20260715,15,validation_early,complete_day_n,107.0,107,19665,0.8650058352847847,False
5,D5_K2_RAW_NO_RESIDUAL,20260715,15,validation_early,mean_rankic,0.0103798217129406,107,19665,0.8650058352847847,False
5,D5_K2_RAW_NO_RESIDUAL,20260715,15,validation_early,score_coverage,1.0,51932,19665,0.8650058352847847,False
5,D5_K2_RAW_NO_RESIDUAL,20260715,16,train,loss_diff,0.0,335393,20976,0.8560057666343756,False
5,D5_K2_RAW_NO_RESIDUAL,20260715,16,train,loss_koop,2.841900550689e-06,335393,20976,0.8560057666343756,False
5,D5_K2_RAW_NO_RESIDUAL,20260715,16,train,loss_rec,0.0010100756420005,335393,20976,0.8560057666343756,False
5,D5_K2_RAW_NO_RESIDUAL,20260715,16,train,loss_total,0.0010129175435425,335393,20976,0.8560057666343756,False
5,D5_K2_RAW_NO_RESIDUAL,20260715,16,validation_early,complete_day_n,107.0,107,20976,0.8560057666343756,False
5,D5_K2_RAW_NO_RESIDUAL,20260715,16,validation_early,mean_rankic,0.0134666197876709,107,20976,0.8560057666343756,False
5,D5_K2_RAW_NO_RESIDUAL,20260715,16,validation_early,score_coverage,1.0,51932,20976,0.8560057666343756,False
5,D5_K2_RAW_NO_RESIDUAL,20260715,17,train,loss_diff,0.0,335393,22287,0.8470056979839663,False
5,D5_K2_RAW_NO_RESIDUAL,20260715,17,train,loss_koop,2.6793224269023926e-06,335393,22287,0.8470056979839663,False
5,D5_K2_RAW_NO_RESIDUAL,20260715,17,train,loss_rec,0.0010025215781291,335393,22287,0.8470056979839663,False
5,D5_K2_RAW_NO_RESIDUAL,20260715,17,train,loss_total,0.0010052009004818,335393,22287,0.8470056979839663,False
5,D5_K2_RAW_NO_RESIDUAL,20260715,17,validation_early,complete_day_n,107.0,107,22287,0.8470056979839663,False
5,D5_K2_RAW_NO_RESIDUAL,20260715,17,validation_early,mean_rankic,0.0221174085406892,107,22287,0.8470056979839663,False
5,D5_K2_RAW_NO_RESIDUAL,20260715,17,validation_early,score_coverage,1.0,51932,22287,0.8470056979839663,False
5,D5_K2_RAW_NO_RESIDUAL,20260715,18,train,loss_diff,0.0,335393,23598,0.8380056293335572,False
5,D5_K2_RAW_NO_RESIDUAL,20260715,18,train,loss_koop,2.5807723670205145e-06,335393,23598,0.8380056293335572,False
5,D5_K2_RAW_NO_RESIDUAL,20260715,18,train,loss_rec,0.0009941925317198,335393,23598,0.8380056293335572,False
5,D5_K2_RAW_NO_RESIDUAL,20260715,18,train,loss_total,0.0009967733051682,335393,23598,0.8380056293335572,False
5,D5_K2_RAW_NO_RESIDUAL,20260715,18,validation_early,complete_day_n,107.0,107,23598,0.8380056293335572,False
5,D5_K2_RAW_NO_RESIDUAL,20260715,18,validation_early,mean_rankic,0.0248847825146986,107,23598,0.8380056293335572,False
5,D5_K2_RAW_NO_RESIDUAL,20260715,18,validation_early,score_coverage,1.0,51932,23598,0.8380056293335572,False
5,D5_K2_RAW_NO_RESIDUAL,20260715,19,train,loss_diff,0.0,335393,24909,0.8290055606831479,False
5,D5_K2_RAW_NO_RESIDUAL,20260715,19,train,loss_koop,2.471972293923273e-06,335393,24909,0.8290055606831479,False
5,D5_K2_RAW_NO_RESIDUAL,20260715,19,train,loss_rec,0.0009881211419331,335393,24909,0.8290055606831479,False
5,D5_K2_RAW_NO_RESIDUAL,20260715,19,train,loss_total,0.0009905931137089,335393,24909,0.8290055606831479,False
5,D5_K2_RAW_NO_RESIDUAL,20260715,19,validation_early,complete_day_n,107.0,107,24909,0.8290055606831479,False
5,D5_K2_RAW_NO_RESIDUAL,20260715,19,validation_early,mean_rankic,0.0163363808343228,107,24909,0.8290055606831479,False
5,D5_K2_RAW_NO_RESIDUAL,20260715,19,validation_early,score_coverage,1.0,51932,24909,0.8290055606831479,False
5,D5_K2_RAW_NO_RESIDUAL,20260715,20,train,loss_diff,0.0,335393,26220,0.8200054920327386,False
5,D5_K2_RAW_NO_RESIDUAL,20260715,20,train,loss_koop,2.398804957394844e-06,335393,26220,0.8200054920327386,False
5,D5_K2_RAW_NO_RESIDUAL,20260715,20,train,loss_rec,0.0009800626515037,335393,26220,0.8200054920327386,False
5,D5_K2_RAW_NO_RESIDUAL,20260715,20,train,loss_total,0.0009824614570585,335393,26220,0.8200054920327386,False
5,D5_K2_RAW_NO_RESIDUAL,20260715,20,validation_early,complete_day_n,107.0,107,26220,0.8200054920327386,False
5,D5_K2_RAW_NO_RESIDUAL,20260715,20,validation_early,mean_rankic,0.0212088638512259,107,26220,0.8200054920327386,False
5,D5_K2_RAW_NO_RESIDUAL,20260715,20,validation_early,score_coverage,1.0,51932,26220,0.8200054920327386,False
5,D5_K2_RAW_NO_RESIDUAL,20260715,21,train,loss_diff,0.0,335393,27531,0.8110054233823294,False
5,D5_K2_RAW_NO_RESIDUAL,20260715,21,train,loss_koop,2.3640822252768025e-06,335393,27531,0.8110054233823294,False
5,D5_K2_RAW_NO_RESIDUAL,20260715,21,train,loss_rec,0.0009741420897693,335393,27531,0.8110054233823294,False
5,D5_K2_RAW_NO_RESIDUAL,20260715,21,train,loss_total,0.000976506172325,335393,27531,0.8110054233823294,False
5,D5_K2_RAW_NO_RESIDUAL,20260715,21,validation_early,complete_day_n,107.0,107,27531,0.8110054233823294,False
5,D5_K2_RAW_NO_RESIDUAL,20260715,21,validation_early,mean_rankic,0.0334353815214828,107,27531,0.8110054233823294,False
5,D5_K2_RAW_NO_RESIDUAL,20260715,21,validation_early,score_coverage,1.0,51932,27531,0.8110054233823294,False
5,D5_K2_RAW_NO_RESIDUAL,20260715,22,train,loss_diff,0.0,335393,28842,0.8020053547319201,False
5,D5_K2_RAW_NO_RESIDUAL,20260715,22,train,loss_koop,2.3111659036734806e-06,335393,28842,0.8020053547319201,False
5,D5_K2_RAW_NO_RESIDUAL,20260715,22,train,loss_rec,0.0009673266540982,335393,28842,0.8020053547319201,False
5,D5_K2_RAW_NO_RESIDUAL,20260715,22,train,loss_total,0.0009696378208552,335393,28842,0.8020053547319201,False
5,D5_K2_RAW_NO_RESIDUAL,20260715,22,validation_early,complete_day_n,107.0,107,28842,0.8020053547319201,False
5,D5_K2_RAW_NO_RESIDUAL,20260715,22,validation_early,mean_rankic,0.0227743875797645,107,28842,0.8020053547319201,False
5,D5_K2_RAW_NO_RESIDUAL,20260715,22,validation_early,score_coverage,1.0,51932,28842,0.8020053547319201,False
5,D5_K2_RAW_NO_RESIDUAL,20260715,23,train,loss_diff,0.0,335393,30153,0.7930052860815109,False
5,D5_K2_RAW_NO_RESIDUAL,20260715,23,train,loss_koop,2.1896676561856048e-06,335393,30153,0.7930052860815109,False
5,D5_K2_RAW_NO_RESIDUAL,20260715,23,train,loss_rec,0.0009610081964391,335393,30153,0.7930052860815109,False
5,D5_K2_RAW_NO_RESIDUAL,20260715,23,train,loss_total,0.0009631978642738,335393,30153,0.7930052860815109,False
5,D5_K2_RAW_NO_RESIDUAL,20260715,23,validation_early,complete_day_n,107.0,107,30153,0.7930052860815109,False
5,D5_K2_RAW_NO_RESIDUAL,20260715,23,validation_early,mean_rankic,0.0311037556379131,107,30153,0.7930052860815109,False
5,D5_K2_RAW_NO_RESIDUAL,20260715,23,validation_early,score_coverage,1.0,51932,30153,0.7930052860815109,False
5,D5_K2_RAW_NO_RESIDUAL,20260715,24,train,loss_diff,0.0,335393,31464,0.7840052174311016,False
5,D5_K2_RAW_NO_RESIDUAL,20260715,24,train,loss_koop,2.102963110887809e-06,335393,31464,0.7840052174311016,False
5,D5_K2_RAW_NO_RESIDUAL,20260715,24,train,loss_rec,0.0009556507933101,335393,31464,0.7840052174311016,False
5,D5_K2_RAW_NO_RESIDUAL,20260715,24,train,loss_total,0.0009577537568964,335393,31464,0.7840052174311016,False
5,D5_K2_RAW_NO_RESIDUAL,20260715,24,validation_early,complete_day_n,107.0,107,31464,0.7840052174311016,False
5,D5_K2_RAW_NO_RESIDUAL,20260715,24,validation_early,mean_rankic,0.0309346292301157,107,31464,0.7840052174311016,False
5,D5_K2_RAW_NO_RESIDUAL,20260715,24,validation_early,score_coverage,1.0,51932,31464,0.7840052174311016,False
5,D5_K2_RAW_NO_RESIDUAL,20260715,25,train,loss_diff,0.0,335393,32775,0.7750051487806924,True
5,D5_K2_RAW_NO_RESIDUAL,20260715,25,train,loss_koop,2.0670389445713594e-06,335393,32775,0.7750051487806924,True
5,D5_K2_RAW_NO_RESIDUAL,20260715,25,train,loss_rec,0.0009500804964042,335393,32775,0.7750051487806924,True
5,D5_K2_RAW_NO_RESIDUAL,20260715,25,train,loss_total,0.000952147534601,335393,32775,0.7750051487806924,True
5,D5_K2_RAW_NO_RESIDUAL,20260715,25,validation_early,complete_day_n,107.0,107,32775,0.7750051487806924,True
5,D5_K2_RAW_NO_RESIDUAL,20260715,25,validation_early,mean_rankic,0.0366902396111683,107,32775,0.7750051487806924,True
5,D5_K2_RAW_NO_RESIDUAL,20260715,25,validation_early,score_coverage,1.0,51932,32775,0.7750051487806924,True
5,D5_K2_RAW_NO_RESIDUAL,20260715,26,train,loss_diff,0.0,335393,34086,0.7660050801302832,False
5,D5_K2_RAW_NO_RESIDUAL,20260715,26,train,loss_koop,1.9928899340769133e-06,335393,34086,0.7660050801302832,False
5,D5_K2_RAW_NO_RESIDUAL,20260715,26,train,loss_rec,0.0009435179371369,335393,34086,0.7660050801302832,False
5,D5_K2_RAW_NO_RESIDUAL,20260715,26,train,loss_total,0.0009455108272342,335393,34086,0.7660050801302832,False
5,D5_K2_RAW_NO_RESIDUAL,20260715,26,validation_early,complete_day_n,107.0,107,34086,0.7660050801302832,False
5,D5_K2_RAW_NO_RESIDUAL,20260715,26,validation_early,mean_rankic,0.0269687589966226,107,34086,0.7660050801302832,False
5,D5_K2_RAW_NO_RESIDUAL,20260715,26,validation_early,score_coverage,1.0,51932,34086,0.7660050801302832,False
5,D5_K2_RAW_NO_RESIDUAL,20260715,27,train,loss_diff,0.0,335393,35397,0.757005011479874,False
5,D5_K2_RAW_NO_RESIDUAL,20260715,27,train,loss_koop,1.919210830847904e-06,335393,35397,0.757005011479874,False
5,D5_K2_RAW_NO_RESIDUAL,20260715,27,train,loss_rec,0.000938164147645,335393,35397,0.757005011479874,False
5,D5_K2_RAW_NO_RESIDUAL,20260715,27,train,loss_total,0.000940083358615,335393,35397,0.757005011479874,False
5,D5_K2_RAW_NO_RESIDUAL,20260715,27,validation_early,complete_day_n,107.0,107,35397,0.757005011479874,False
5,D5_K2_RAW_NO_RESIDUAL,20260715,27,validation_early,mean_rankic,0.024674605231254,107,35397,0.757005011479874,False
5,D5_K2_RAW_NO_RESIDUAL,20260715,27,validation_early,score_coverage,1.0,51932,35397,0.757005011479874,False
5,D5_K2_RAW_NO_RESIDUAL,20260715,28,train,loss_diff,0.0,335393,36708,0.7480049428294647,False
5,D5_K2_RAW_NO_RESIDUAL,20260715,28,train,loss_koop,1.8583442930115784e-06,335393,36708,0.7480049428294647,False
5,D5_K2_RAW_NO_RESIDUAL,20260715,28,train,loss_rec,0.0009337005169655,335393,36708,0.7480049428294647,False
5,D5_K2_RAW_NO_RESIDUAL,20260715,28,train,loss_total,0.0009355588615418,335393,36708,0.7480049428294647,False
5,D5_K2_RAW_NO_RESIDUAL,20260715,28,validation_early,complete_day_n,107.0,107,36708,0.7480049428294647,False
5,D5_K2_RAW_NO_RESIDUAL,20260715,28,validation_early,mean_rankic,0.0279748969279066,107,36708,0.7480049428294647,False
5,D5_K2_RAW_NO_RESIDUAL,20260715,28,validation_early,score_coverage,1.0,51932,36708,0.7480049428294647,False
5,D5_K2_RAW_NO_RESIDUAL,20260715,29,train,loss_diff,0.0,335393,38019,0.7390048741790555,False
5,D5_K2_RAW_NO_RESIDUAL,20260715,29,train,loss_koop,1.8028395838286771e-06,335393,38019,0.7390048741790555,False
5,D5_K2_RAW_NO_RESIDUAL,20260715,29,train,loss_rec,0.000929615513545,335393,38019,0.7390048741790555,False
5,D5_K2_RAW_NO_RESIDUAL,20260715,29,train,loss_total,0.0009314183537651,335393,38019,0.7390048741790555,False
5,D5_K2_RAW_NO_RESIDUAL,20260715,29,validation_early,complete_day_n,107.0,107,38019,0.7390048741790555,False
5,D5_K2_RAW_NO_RESIDUAL,20260715,29,validation_early,mean_rankic,0.0308482313475729,107,38019,0.7390048741790555,False
5,D5_K2_RAW_NO_RESIDUAL,20260715,29,validation_early,score_coverage,1.0,51932,38019,0.7390048741790555,False
5,D5_K2_RAW_NO_RESIDUAL,20260715,30,train,loss_diff,0.0,335393,39330,0.7300048055286463,False
5,D5_K2_RAW_NO_RESIDUAL,20260715,30,train,loss_koop,1.7684725681731309e-06,335393,39330,0.7300048055286463,False
5,D5_K2_RAW_NO_RESIDUAL,20260715,30,train,loss_rec,0.0009232816767118,335393,39330,0.7300048055286463,False
5,D5_K2_RAW_NO_RESIDUAL,20260715,30,train,loss_total,0.0009250501490268,335393,39330,0.7300048055286463,False
5,D5_K2_RAW_NO_RESIDUAL,20260715,30,validation_early,complete_day_n,107.0,107,39330,0.7300048055286463,False
5,D5_K2_RAW_NO_RESIDUAL,20260715,30,validation_early,mean_rankic,0.0313245412534626,107,39330,0.7300048055286463,False
5,D5_K2_RAW_NO_RESIDUAL,20260715,30,validation_early,score_coverage,1.0,51932,39330,0.7300048055286463,False
5,D5_K2_RAW_NO_RESIDUAL,20260715,31,train,loss_diff,0.0,335393,40641,0.7210047368782371,False
5,D5_K2_RAW_NO_RESIDUAL,20260715,31,train,loss_koop,1.7183256404762275e-06,335393,40641,0.7210047368782371,False
5,D5_K2_RAW_NO_RESIDUAL,20260715,31,train,loss_rec,0.0009197546514983,335393,40641,0.7210047368782371,False
5,D5_K2_RAW_NO_RESIDUAL,20260715,31,train,loss_total,0.000921472977725,335393,40641,0.7210047368782371,False
5,D5_K2_RAW_NO_RESIDUAL,20260715,31,validation_early,complete_day_n,107.0,107,40641,0.7210047368782371,False
5,D5_K2_RAW_NO_RESIDUAL,20260715,31,validation_early,mean_rankic,0.0242977802038977,107,40641,0.7210047368782371,False
5,D5_K2_RAW_NO_RESIDUAL,20260715,31,validation_early,score_coverage,1.0,51932,40641,0.7210047368782371,False
5,D5_K2_RAW_NO_RESIDUAL,20260715,32,train,loss_diff,0.0,335393,41952,0.7120046682278278,False
5,D5_K2_RAW_NO_RESIDUAL,20260715,32,train,loss_koop,1.6879075946823246e-06,335393,41952,0.7120046682278278,False
5,D5_K2_RAW_NO_RESIDUAL,20260715,32,train,loss_rec,0.0009154758841501,335393,41952,0.7120046682278278,False
5,D5_K2_RAW_NO_RESIDUAL,20260715,32,train,loss_total,0.0009171637919638,335393,41952,0.7120046682278278,False
5,D5_K2_RAW_NO_RESIDUAL,20260715,32,validation_early,complete_day_n,107.0,107,41952,0.7120046682278278,False
5,D5_K2_RAW_NO_RESIDUAL,20260715,32,validation_early,mean_rankic,0.0227275747658389,107,41952,0.7120046682278278,False
5,D5_K2_RAW_NO_RESIDUAL,20260715,32,validation_early,score_coverage,1.0,51932,41952,0.7120046682278278,False
5,D5_K2_RAW_NO_RESIDUAL,20260715,33,train,loss_diff,0.0,335393,43263,0.7030045995774186,False
5,D5_K2_RAW_NO_RESIDUAL,20260715,33,train,loss_koop,1.6600563103263911e-06,335393,43263,0.7030045995774186,False
5,D5_K2_RAW_NO_RESIDUAL,20260715,33,train,loss_rec,0.0009110717628152,335393,43263,0.7030045995774186,False
5,D5_K2_RAW_NO_RESIDUAL,20260715,33,train,loss_total,0.0009127318197401,335393,43263,0.7030045995774186,False
5,D5_K2_RAW_NO_RESIDUAL,20260715,33,validation_early,complete_day_n,107.0,107,43263,0.7030045995774186,False
5,D5_K2_RAW_NO_RESIDUAL,20260715,33,validation_early,mean_rankic,0.0206325109097573,107,43263,0.7030045995774186,False
5,D5_K2_RAW_NO_RESIDUAL,20260715,33,validation_early,score_coverage,1.0,51932,43263,0.7030045995774186,False
5,D5_K2_RAW_NO_RESIDUAL,20260715,34,train,loss_diff,0.0,335393,44574,0.6940045309270093,False
5,D5_K2_RAW_NO_RESIDUAL,20260715,34,train,loss_koop,1.6406223832493991e-06,335393,44574,0.6940045309270093,False
5,D5_K2_RAW_NO_RESIDUAL,20260715,34,train,loss_rec,0.0009077850516005,335393,44574,0.6940045309270093,False
5,D5_K2_RAW_NO_RESIDUAL,20260715,34,train,loss_total,0.0009094256744091,335393,44574,0.6940045309270093,False
5,D5_K2_RAW_NO_RESIDUAL,20260715,34,validation_early,complete_day_n,107.0,107,44574,0.6940045309270093,False
5,D5_K2_RAW_NO_RESIDUAL,20260715,34,validation_early,mean_rankic,0.025025678408416,107,44574,0.6940045309270093,False
5,D5_K2_RAW_NO_RESIDUAL,20260715,34,validation_early,score_coverage,1.0,51932,44574,0.6940045309270093,False
5,D5_K2_RAW_NO_RESIDUAL,20260715,35,train,loss_diff,0.0,335393,45885,0.6850044622766001,False
5,D5_K2_RAW_NO_RESIDUAL,20260715,35,train,loss_koop,1.5983905664148368e-06,335393,45885,0.6850044622766001,False
5,D5_K2_RAW_NO_RESIDUAL,20260715,35,train,loss_rec,0.0009030944866788,335393,45885,0.6850044622766001,False
5,D5_K2_RAW_NO_RESIDUAL,20260715,35,train,loss_total,0.0009046928768913,335393,45885,0.6850044622766001,False
5,D5_K2_RAW_NO_RESIDUAL,20260715,35,validation_early,complete_day_n,107.0,107,45885,0.6850044622766001,False
5,D5_K2_RAW_NO_RESIDUAL,20260715,35,validation_early,mean_rankic,0.0332400072496586,107,45885,0.6850044622766001,False
5,D5_K2_RAW_NO_RESIDUAL,20260715,35,validation_early,score_coverage,1.0,51932,45885,0.6850044622766001,False
6,D6_R1_RAW_MLP_RESIDUAL,20260713,1,train,loss_diff,0.0004189270312893,335393,1311,0.991006796390514,False
6,D6_R1_RAW_MLP_RESIDUAL,20260713,1,train,loss_koop,0.0003931089325463,335393,1311,0.991006796390514,False
6,D6_R1_RAW_MLP_RESIDUAL,20260713,1,train,loss_rec,0.0017072100586451,335393,1311,0.991006796390514,False
6,D6_R1_RAW_MLP_RESIDUAL,20260713,1,train,loss_total,0.0025192460279129,335393,1311,0.991006796390514,False
6,D6_R1_RAW_MLP_RESIDUAL,20260713,1,validation_early,complete_day_n,107.0,107,1311,0.991006796390514,False
6,D6_R1_RAW_MLP_RESIDUAL,20260713,1,validation_early,mean_rankic,-0.0115740898967733,107,1311,0.991006796390514,False
6,D6_R1_RAW_MLP_RESIDUAL,20260713,1,validation_early,score_coverage,1.0,51932,1311,0.991006796390514,False
6,D6_R1_RAW_MLP_RESIDUAL,20260713,2,train,loss_diff,2.222456355737895e-05,335393,2622,0.9820067277401048,False
6,D6_R1_RAW_MLP_RESIDUAL,20260713,2,train,loss_koop,2.3761098559768503e-05,335393,2622,0.9820067277401048,False
6,D6_R1_RAW_MLP_RESIDUAL,20260713,2,train,loss_rec,0.0011276705827006,335393,2622,0.9820067277401048,False
6,D6_R1_RAW_MLP_RESIDUAL,20260713,2,train,loss_total,0.0011736562440679,335393,2622,0.9820067277401048,False
6,D6_R1_RAW_MLP_RESIDUAL,20260713,2,validation_early,complete_day_n,107.0,107,2622,0.9820067277401048,False
6,D6_R1_RAW_MLP_RESIDUAL,20260713,2,validation_early,mean_rankic,-0.0123225600244979,107,2622,0.9820067277401048,False
6,D6_R1_RAW_MLP_RESIDUAL,20260713,2,validation_early,score_coverage,1.0,51932,2622,0.9820067277401048,False
6,D6_R1_RAW_MLP_RESIDUAL,20260713,3,train,loss_diff,1.1864113692805813e-05,335393,3933,0.9730066590896956,False
6,D6_R1_RAW_MLP_RESIDUAL,20260713,3,train,loss_koop,1.2556544001547673e-05,335393,3933,0.9730066590896956,False
6,D6_R1_RAW_MLP_RESIDUAL,20260713,3,train,loss_rec,0.0011218821616299,335393,3933,0.9730066590896956,False
6,D6_R1_RAW_MLP_RESIDUAL,20260713,3,train,loss_total,0.0011463028189759,335393,3933,0.9730066590896956,False
6,D6_R1_RAW_MLP_RESIDUAL,20260713,3,validation_early,complete_day_n,107.0,107,3933,0.9730066590896956,False
6,D6_R1_RAW_MLP_RESIDUAL,20260713,3,validation_early,mean_rankic,0.024227197536524,107,3933,0.9730066590896956,False
6,D6_R1_RAW_MLP_RESIDUAL,20260713,3,validation_early,score_coverage,1.0,51932,3933,0.9730066590896956,False
6,D6_R1_RAW_MLP_RESIDUAL,20260713,4,train,loss_diff,8.873725752952194e-06,335393,5244,0.9640065904392864,False
6,D6_R1_RAW_MLP_RESIDUAL,20260713,4,train,loss_koop,9.083443052706028e-06,335393,5244,0.9640065904392864,False
6,D6_R1_RAW_MLP_RESIDUAL,20260713,4,train,loss_rec,0.0011145389258246,335393,5244,0.9640065904392864,False
6,D6_R1_RAW_MLP_RESIDUAL,20260713,4,train,loss_total,0.0011324960958097,335393,5244,0.9640065904392864,False
6,D6_R1_RAW_MLP_RESIDUAL,20260713,4,validation_early,complete_day_n,107.0,107,5244,0.9640065904392864,False
6,D6_R1_RAW_MLP_RESIDUAL,20260713,4,validation_early,mean_rankic,-0.0010691663818095,107,5244,0.9640065904392864,False
6,D6_R1_RAW_MLP_RESIDUAL,20260713,4,validation_early,score_coverage,1.0,51932,5244,0.9640065904392864,False
6,D6_R1_RAW_MLP_RESIDUAL,20260713,5,train,loss_diff,7.327144377139755e-06,335393,6555,0.9550065217888772,False
6,D6_R1_RAW_MLP_RESIDUAL,20260713,5,train,loss_koop,7.37063608732441e-06,335393,6555,0.9550065217888772,False
6,D6_R1_RAW_MLP_RESIDUAL,20260713,5,train,loss_rec,0.00110942414473,335393,6555,0.9550065217888772,False
6,D6_R1_RAW_MLP_RESIDUAL,20260713,5,train,loss_total,0.0011241219253652,335393,6555,0.9550065217888772,False
6,D6_R1_RAW_MLP_RESIDUAL,20260713,5,validation_early,complete_day_n,107.0,107,6555,0.9550065217888772,False
6,D6_R1_RAW_MLP_RESIDUAL,20260713,5,validation_early,mean_rankic,0.0070919245395709,107,6555,0.9550065217888772,False
6,D6_R1_RAW_MLP_RESIDUAL,20260713,5,validation_early,score_coverage,1.0,51932,6555,0.9550065217888772,False
6,D6_R1_RAW_MLP_RESIDUAL,20260713,6,train,loss_diff,6.241680383160035e-06,335393,7866,0.946006453138468,False
6,D6_R1_RAW_MLP_RESIDUAL,20260713,6,train,loss_koop,6.249552015780325e-06,335393,7866,0.946006453138468,False
6,D6_R1_RAW_MLP_RESIDUAL,20260713,6,train,loss_rec,0.0011020297911181,335393,7866,0.946006453138468,False
6,D6_R1_RAW_MLP_RESIDUAL,20260713,6,train,loss_total,0.0011145210223586,335393,7866,0.946006453138468,False
6,D6_R1_RAW_MLP_RESIDUAL,20260713,6,validation_early,complete_day_n,107.0,107,7866,0.946006453138468,False
6,D6_R1_RAW_MLP_RESIDUAL,20260713,6,validation_early,mean_rankic,0.0025588404114419,107,7866,0.946006453138468,False
6,D6_R1_RAW_MLP_RESIDUAL,20260713,6,validation_early,score_coverage,1.0,51932,7866,0.946006453138468,False
6,D6_R1_RAW_MLP_RESIDUAL,20260713,7,train,loss_diff,5.573410547799081e-06,335393,9177,0.9370063844880586,False
6,D6_R1_RAW_MLP_RESIDUAL,20260713,7,train,loss_koop,5.514251635786916e-06,335393,9177,0.9370063844880586,False
6,D6_R1_RAW_MLP_RESIDUAL,20260713,7,train,loss_rec,0.0010968367490703,335393,9177,0.9370063844880586,False
6,D6_R1_RAW_MLP_RESIDUAL,20260713,7,train,loss_total,0.0011079244104388,335393,9177,0.9370063844880586,False
6,D6_R1_RAW_MLP_RESIDUAL,20260713,7,validation_early,complete_day_n,107.0,107,9177,0.9370063844880586,False
6,D6_R1_RAW_MLP_RESIDUAL,20260713,7,validation_early,mean_rankic,1.809402889162946e-05,107,9177,0.9370063844880586,False
6,D6_R1_RAW_MLP_RESIDUAL,20260713,7,validation_early,score_coverage,1.0,51932,9177,0.9370063844880586,False
6,D6_R1_RAW_MLP_RESIDUAL,20260713,8,train,loss_diff,5.130206665584817e-06,335393,10488,0.9280063158376494,True
6,D6_R1_RAW_MLP_RESIDUAL,20260713,8,train,loss_koop,5.116230371827123e-06,335393,10488,0.9280063158376494,True
6,D6_R1_RAW_MLP_RESIDUAL,20260713,8,train,loss_rec,0.0010879738379203,335393,10488,0.9280063158376494,True
6,D6_R1_RAW_MLP_RESIDUAL,20260713,8,train,loss_total,0.0010982202745015,335393,10488,0.9280063158376494,True
6,D6_R1_RAW_MLP_RESIDUAL,20260713,8,validation_early,complete_day_n,107.0,107,10488,0.9280063158376494,True
6,D6_R1_RAW_MLP_RESIDUAL,20260713,8,validation_early,mean_rankic,0.0267036236683319,107,10488,0.9280063158376494,True
6,D6_R1_RAW_MLP_RESIDUAL,20260713,8,validation_early,score_coverage,1.0,51932,10488,0.9280063158376494,True
6,D6_R1_RAW_MLP_RESIDUAL,20260713,9,train,loss_diff,4.789960011957195e-06,335393,11799,0.9190062471872402,False
6,D6_R1_RAW_MLP_RESIDUAL,20260713,9,train,loss_koop,4.712668428338568e-06,335393,11799,0.9190062471872402,False
6,D6_R1_RAW_MLP_RESIDUAL,20260713,9,train,loss_rec,0.001079973381696,335393,11799,0.9190062471872402,False
6,D6_R1_RAW_MLP_RESIDUAL,20260713,9,train,loss_total,0.0010894760108027,335393,11799,0.9190062471872402,False
6,D6_R1_RAW_MLP_RESIDUAL,20260713,9,validation_early,complete_day_n,107.0,107,11799,0.9190062471872402,False
6,D6_R1_RAW_MLP_RESIDUAL,20260713,9,validation_early,mean_rankic,0.0116742368062248,107,11799,0.9190062471872402,False
6,D6_R1_RAW_MLP_RESIDUAL,20260713,9,validation_early,score_coverage,1.0,51932,11799,0.9190062471872402,False
6,D6_R1_RAW_MLP_RESIDUAL,20260713,10,train,loss_diff,4.417027880750287e-06,335393,13110,0.910006178536831,False
6,D6_R1_RAW_MLP_RESIDUAL,20260713,10,train,loss_koop,4.411066317006687e-06,335393,13110,0.910006178536831,False
6,D6_R1_RAW_MLP_RESIDUAL,20260713,10,train,loss_rec,0.0010697923519399,335393,13110,0.910006178536831,False
6,D6_R1_RAW_MLP_RESIDUAL,20260713,10,train,loss_total,0.0010786204442684,335393,13110,0.910006178536831,False
6,D6_R1_RAW_MLP_RESIDUAL,20260713,10,validation_early,complete_day_n,107.0,107,13110,0.910006178536831,False
6,D6_R1_RAW_MLP_RESIDUAL,20260713,10,validation_early,mean_rankic,0.0094582328680061,107,13110,0.910006178536831,False
6,D6_R1_RAW_MLP_RESIDUAL,20260713,10,validation_early,score_coverage,1.0,51932,13110,0.910006178536831,False
6,D6_R1_RAW_MLP_RESIDUAL,20260713,11,train,loss_diff,4.1752829373042245e-06,335393,14421,0.9010061098864216,False
6,D6_R1_RAW_MLP_RESIDUAL,20260713,11,train,loss_koop,4.107356377052956e-06,335393,14421,0.9010061098864216,False
6,D6_R1_RAW_MLP_RESIDUAL,20260713,11,train,loss_rec,0.0010618310440207,335393,14421,0.9010061098864216,False
6,D6_R1_RAW_MLP_RESIDUAL,20260713,11,train,loss_total,0.0010701136849018,335393,14421,0.9010061098864216,False
6,D6_R1_RAW_MLP_RESIDUAL,20260713,11,validation_early,complete_day_n,107.0,107,14421,0.9010061098864216,False
6,D6_R1_RAW_MLP_RESIDUAL,20260713,11,validation_early,mean_rankic,0.0110149761958273,107,14421,0.9010061098864216,False
6,D6_R1_RAW_MLP_RESIDUAL,20260713,11,validation_early,score_coverage,1.0,51932,14421,0.9010061098864216,False
6,D6_R1_RAW_MLP_RESIDUAL,20260713,12,train,loss_diff,3.829966781663437e-06,335393,15732,0.8920060412360125,False
6,D6_R1_RAW_MLP_RESIDUAL,20260713,12,train,loss_koop,3.789447786506552e-06,335393,15732,0.8920060412360125,False
6,D6_R1_RAW_MLP_RESIDUAL,20260713,12,train,loss_rec,0.0010505998754174,335393,15732,0.8920060412360125,False
6,D6_R1_RAW_MLP_RESIDUAL,20260713,12,train,loss_total,0.0010582192891438,335393,15732,0.8920060412360125,False
6,D6_R1_RAW_MLP_RESIDUAL,20260713,12,validation_early,complete_day_n,107.0,107,15732,0.8920060412360125,False
6,D6_R1_RAW_MLP_RESIDUAL,20260713,12,validation_early,mean_rankic,0.0074207676219567,107,15732,0.8920060412360125,False
6,D6_R1_RAW_MLP_RESIDUAL,20260713,12,validation_early,score_coverage,1.0,51932,15732,0.8920060412360125,False
6,D6_R1_RAW_MLP_RESIDUAL,20260713,13,train,loss_diff,3.42250553091344e-06,335393,17043,0.8830059725856032,False
6,D6_R1_RAW_MLP_RESIDUAL,20260713,13,train,loss_koop,3.38070581107582e-06,335393,17043,0.8830059725856032,False
6,D6_R1_RAW_MLP_RESIDUAL,20260713,13,train,loss_rec,0.0010416364389643,335393,17043,0.8830059725856032,False
6,D6_R1_RAW_MLP_RESIDUAL,20260713,13,train,loss_total,0.0010484396508593,335393,17043,0.8830059725856032,False
6,D6_R1_RAW_MLP_RESIDUAL,20260713,13,validation_early,complete_day_n,107.0,107,17043,0.8830059725856032,False
6,D6_R1_RAW_MLP_RESIDUAL,20260713,13,validation_early,mean_rankic,0.0257236464308319,107,17043,0.8830059725856032,False
6,D6_R1_RAW_MLP_RESIDUAL,20260713,13,validation_early,score_coverage,1.0,51932,17043,0.8830059725856032,False
6,D6_R1_RAW_MLP_RESIDUAL,20260713,14,train,loss_diff,3.342070238052724e-06,335393,18354,0.874005903935194,False
6,D6_R1_RAW_MLP_RESIDUAL,20260713,14,train,loss_koop,3.200653510636976e-06,335393,18354,0.874005903935194,False
6,D6_R1_RAW_MLP_RESIDUAL,20260713,14,train,loss_rec,0.0010338373808285,335393,18354,0.874005903935194,False
6,D6_R1_RAW_MLP_RESIDUAL,20260713,14,train,loss_total,0.0010403801030242,335393,18354,0.874005903935194,False
6,D6_R1_RAW_MLP_RESIDUAL,20260713,14,validation_early,complete_day_n,107.0,107,18354,0.874005903935194,False
6,D6_R1_RAW_MLP_RESIDUAL,20260713,14,validation_early,mean_rankic,0.0100824514802731,107,18354,0.874005903935194,False
6,D6_R1_RAW_MLP_RESIDUAL,20260713,14,validation_early,score_coverage,1.0,51932,18354,0.874005903935194,False
6,D6_R1_RAW_MLP_RESIDUAL,20260713,15,train,loss_diff,3.296083516511812e-06,335393,19665,0.8650058352847847,False
6,D6_R1_RAW_MLP_RESIDUAL,20260713,15,train,loss_koop,3.193650927487605e-06,335393,19665,0.8650058352847847,False
6,D6_R1_RAW_MLP_RESIDUAL,20260713,15,train,loss_rec,0.0010260524914114,335393,19665,0.8650058352847847,False
6,D6_R1_RAW_MLP_RESIDUAL,20260713,15,train,loss_total,0.0010325422264077,335393,19665,0.8650058352847847,False
6,D6_R1_RAW_MLP_RESIDUAL,20260713,15,validation_early,complete_day_n,107.0,107,19665,0.8650058352847847,False
6,D6_R1_RAW_MLP_RESIDUAL,20260713,15,validation_early,mean_rankic,0.0105476085107978,107,19665,0.8650058352847847,False
6,D6_R1_RAW_MLP_RESIDUAL,20260713,15,validation_early,score_coverage,1.0,51932,19665,0.8650058352847847,False
6,D6_R1_RAW_MLP_RESIDUAL,20260713,16,train,loss_diff,3.20085647134692e-06,335393,20976,0.8560057666343756,False
6,D6_R1_RAW_MLP_RESIDUAL,20260713,16,train,loss_koop,3.071600740691905e-06,335393,20976,0.8560057666343756,False
6,D6_R1_RAW_MLP_RESIDUAL,20260713,16,train,loss_rec,0.0010174195680305,335393,20976,0.8560057666343756,False
6,D6_R1_RAW_MLP_RESIDUAL,20260713,16,train,loss_total,0.0010236920255101,335393,20976,0.8560057666343756,False
6,D6_R1_RAW_MLP_RESIDUAL,20260713,16,validation_early,complete_day_n,107.0,107,20976,0.8560057666343756,False
6,D6_R1_RAW_MLP_RESIDUAL,20260713,16,validation_early,mean_rankic,0.016913957326628,107,20976,0.8560057666343756,False
6,D6_R1_RAW_MLP_RESIDUAL,20260713,16,validation_early,score_coverage,1.0,51932,20976,0.8560057666343756,False
6,D6_R1_RAW_MLP_RESIDUAL,20260713,17,train,loss_diff,3.0083413219406563e-06,335393,22287,0.8470056979839663,False
6,D6_R1_RAW_MLP_RESIDUAL,20260713,17,train,loss_koop,2.9279533566929013e-06,335393,22287,0.8470056979839663,False
6,D6_R1_RAW_MLP_RESIDUAL,20260713,17,train,loss_rec,0.0010099652161468,335393,22287,0.8470056979839663,False
6,D6_R1_RAW_MLP_RESIDUAL,20260713,17,train,loss_total,0.0010159015109057,335393,22287,0.8470056979839663,False
6,D6_R1_RAW_MLP_RESIDUAL,20260713,17,validation_early,complete_day_n,107.0,107,22287,0.8470056979839663,False
6,D6_R1_RAW_MLP_RESIDUAL,20260713,17,validation_early,mean_rankic,0.0168202260770822,107,22287,0.8470056979839663,False
6,D6_R1_RAW_MLP_RESIDUAL,20260713,17,validation_early,score_coverage,1.0,51932,22287,0.8470056979839663,False
6,D6_R1_RAW_MLP_RESIDUAL,20260713,18,train,loss_diff,2.992592390233901e-06,335393,23598,0.8380056293335572,False
6,D6_R1_RAW_MLP_RESIDUAL,20260713,18,train,loss_koop,2.8431153223110354e-06,335393,23598,0.8380056293335572,False
6,D6_R1_RAW_MLP_RESIDUAL,20260713,18,train,loss_rec,0.0010030473987886,335393,23598,0.8380056293335572,False
6,D6_R1_RAW_MLP_RESIDUAL,20260713,18,train,loss_total,0.0010088831071166,335393,23598,0.8380056293335572,False
6,D6_R1_RAW_MLP_RESIDUAL,20260713,18,validation_early,complete_day_n,107.0,107,23598,0.8380056293335572,False
6,D6_R1_RAW_MLP_RESIDUAL,20260713,18,validation_early,mean_rankic,0.017611435338316,107,23598,0.8380056293335572,False
6,D6_R1_RAW_MLP_RESIDUAL,20260713,18,validation_early,score_coverage,1.0,51932,23598,0.8380056293335572,False
6,D6_R1_RAW_MLP_RESIDUAL,20260714,1,train,loss_diff,0.0004069878869489,335393,1311,0.991006796390514,False
6,D6_R1_RAW_MLP_RESIDUAL,20260714,1,train,loss_koop,0.0003732266095556,335393,1311,0.991006796390514,False
6,D6_R1_RAW_MLP_RESIDUAL,20260714,1,train,loss_rec,0.0017390554044218,335393,1311,0.991006796390514,False
6,D6_R1_RAW_MLP_RESIDUAL,20260714,1,train,loss_total,0.0025192698966851,335393,1311,0.991006796390514,False
6,D6_R1_RAW_MLP_RESIDUAL,20260714,1,validation_early,complete_day_n,107.0,107,1311,0.991006796390514,False
6,D6_R1_RAW_MLP_RESIDUAL,20260714,1,validation_early,mean_rankic,-0.004750743483379,107,1311,0.991006796390514,False
6,D6_R1_RAW_MLP_RESIDUAL,20260714,1,validation_early,score_coverage,1.0,51932,1311,0.991006796390514,False
6,D6_R1_RAW_MLP_RESIDUAL,20260714,2,train,loss_diff,2.420404369186684e-05,335393,2622,0.9820067277401048,False
6,D6_R1_RAW_MLP_RESIDUAL,20260714,2,train,loss_koop,2.5460101646185636e-05,335393,2622,0.9820067277401048,False
6,D6_R1_RAW_MLP_RESIDUAL,20260714,2,train,loss_rec,0.0011304268331623,335393,2622,0.9820067277401048,False
6,D6_R1_RAW_MLP_RESIDUAL,20260714,2,train,loss_total,0.0011800909777278,335393,2622,0.9820067277401048,False
6,D6_R1_RAW_MLP_RESIDUAL,20260714,2,validation_early,complete_day_n,107.0,107,2622,0.9820067277401048,False
6,D6_R1_RAW_MLP_RESIDUAL,20260714,2,validation_early,mean_rankic,0.0007315793037181,107,2622,0.9820067277401048,False
6,D6_R1_RAW_MLP_RESIDUAL,20260714,2,validation_early,score_coverage,1.0,51932,2622,0.9820067277401048,False
6,D6_R1_RAW_MLP_RESIDUAL,20260714,3,train,loss_diff,1.2825195134213258e-05,335393,3933,0.9730066590896956,False
6,D6_R1_RAW_MLP_RESIDUAL,20260714,3,train,loss_koop,1.3537854172959808e-05,335393,3933,0.9730066590896956,False
6,D6_R1_RAW_MLP_RESIDUAL,20260714,3,train,loss_rec,0.0011202601983777,335393,3933,0.9730066590896956,False
6,D6_R1_RAW_MLP_RESIDUAL,20260714,3,train,loss_total,0.0011466232479819,335393,3933,0.9730066590896956,False
6,D6_R1_RAW_MLP_RESIDUAL,20260714,3,validation_early,complete_day_n,107.0,107,3933,0.9730066590896956,False
6,D6_R1_RAW_MLP_RESIDUAL,20260714,3,validation_early,mean_rankic,0.0011450825358474,107,3933,0.9730066590896956,False
6,D6_R1_RAW_MLP_RESIDUAL,20260714,3,validation_early,score_coverage,1.0,51932,3933,0.9730066590896956,False
6,D6_R1_RAW_MLP_RESIDUAL,20260714,4,train,loss_diff,9.342677262130554e-06,335393,5244,0.9640065904392864,False
6,D6_R1_RAW_MLP_RESIDUAL,20260714,4,train,loss_koop,9.548551182360298e-06,335393,5244,0.9640065904392864,False
6,D6_R1_RAW_MLP_RESIDUAL,20260714,4,train,loss_rec,0.0011142613841089,335393,5244,0.9640065904392864,False
6,D6_R1_RAW_MLP_RESIDUAL,20260714,4,train,loss_total,0.0011331526117734,335393,5244,0.9640065904392864,False
6,D6_R1_RAW_MLP_RESIDUAL,20260714,4,validation_early,complete_day_n,107.0,107,5244,0.9640065904392864,False
6,D6_R1_RAW_MLP_RESIDUAL,20260714,4,validation_early,mean_rankic,-0.00480751769788,107,5244,0.9640065904392864,False
6,D6_R1_RAW_MLP_RESIDUAL,20260714,4,validation_early,score_coverage,1.0,51932,5244,0.9640065904392864,False
6,D6_R1_RAW_MLP_RESIDUAL,20260714,5,train,loss_diff,7.508577889680064e-06,335393,6555,0.9550065217888772,False
6,D6_R1_RAW_MLP_RESIDUAL,20260714,5,train,loss_koop,7.548062273466241e-06,335393,6555,0.9550065217888772,False
6,D6_R1_RAW_MLP_RESIDUAL,20260714,5,train,loss_rec,0.0011081227031393,335393,6555,0.9550065217888772,False
6,D6_R1_RAW_MLP_RESIDUAL,20260714,5,train,loss_total,0.0011231793407308,335393,6555,0.9550065217888772,False
6,D6_R1_RAW_MLP_RESIDUAL,20260714,5,validation_early,complete_day_n,107.0,107,6555,0.9550065217888772,False
6,D6_R1_RAW_MLP_RESIDUAL,20260714,5,validation_early,mean_rankic,0.0095951311172699,107,6555,0.9550065217888772,False
6,D6_R1_RAW_MLP_RESIDUAL,20260714,5,validation_early,score_coverage,1.0,51932,6555,0.9550065217888772,False
6,D6_R1_RAW_MLP_RESIDUAL,20260714,6,train,loss_diff,6.310185744477003e-06,335393,7866,0.946006453138468,False
6,D6_R1_RAW_MLP_RESIDUAL,20260714,6,train,loss_koop,6.288130619475624e-06,335393,7866,0.946006453138468,False
6,D6_R1_RAW_MLP_RESIDUAL,20260714,6,train,loss_rec,0.0011047858839093,335393,7866,0.946006453138468,False
6,D6_R1_RAW_MLP_RESIDUAL,20260714,6,train,loss_total,0.0011173842001865,335393,7866,0.946006453138468,False
6,D6_R1_RAW_MLP_RESIDUAL,20260714,6,validation_early,complete_day_n,107.0,107,7866,0.946006453138468,False
6,D6_R1_RAW_MLP_RESIDUAL,20260714,6,validation_early,mean_rankic,0.0126282420357983,107,7866,0.946006453138468,False
6,D6_R1_RAW_MLP_RESIDUAL,20260714,6,validation_early,score_coverage,1.0,51932,7866,0.946006453138468,False
6,D6_R1_RAW_MLP_RESIDUAL,20260714,7,train,loss_diff,5.489352646459672e-06,335393,9177,0.9370063844880586,True
6,D6_R1_RAW_MLP_RESIDUAL,20260714,7,train,loss_koop,5.448780845934862e-06,335393,9177,0.9370063844880586,True
6,D6_R1_RAW_MLP_RESIDUAL,20260714,7,train,loss_rec,0.0010991812108572,335393,9177,0.9370063844880586,True
6,D6_R1_RAW_MLP_RESIDUAL,20260714,7,train,loss_total,0.0011101193445546,335393,9177,0.9370063844880586,True
6,D6_R1_RAW_MLP_RESIDUAL,20260714,7,validation_early,complete_day_n,107.0,107,9177,0.9370063844880586,True
6,D6_R1_RAW_MLP_RESIDUAL,20260714,7,validation_early,mean_rankic,0.0218673332393209,107,9177,0.9370063844880586,True
6,D6_R1_RAW_MLP_RESIDUAL,20260714,7,validation_early,score_coverage,1.0,51932,9177,0.9370063844880586,True
6,D6_R1_RAW_MLP_RESIDUAL,20260714,8,train,loss_diff,5.043385086209124e-06,335393,10488,0.9280063158376494,False
6,D6_R1_RAW_MLP_RESIDUAL,20260714,8,train,loss_koop,4.909099124245648e-06,335393,10488,0.9280063158376494,False
6,D6_R1_RAW_MLP_RESIDUAL,20260714,8,train,loss_rec,0.0010940060417427,335393,10488,0.9280063158376494,False
6,D6_R1_RAW_MLP_RESIDUAL,20260714,8,train,loss_total,0.0011039585259554,335393,10488,0.9280063158376494,False
6,D6_R1_RAW_MLP_RESIDUAL,20260714,8,validation_early,complete_day_n,107.0,107,10488,0.9280063158376494,False
6,D6_R1_RAW_MLP_RESIDUAL,20260714,8,validation_early,mean_rankic,0.0019507991187415,107,10488,0.9280063158376494,False
6,D6_R1_RAW_MLP_RESIDUAL,20260714,8,validation_early,score_coverage,1.0,51932,10488,0.9280063158376494,False
6,D6_R1_RAW_MLP_RESIDUAL,20260714,9,train,loss_diff,4.56879840304225e-06,335393,11799,0.9190062471872402,False
6,D6_R1_RAW_MLP_RESIDUAL,20260714,9,train,loss_koop,4.572212729009565e-06,335393,11799,0.9190062471872402,False
6,D6_R1_RAW_MLP_RESIDUAL,20260714,9,train,loss_rec,0.0010832120547727,335393,11799,0.9190062471872402,False
6,D6_R1_RAW_MLP_RESIDUAL,20260714,9,train,loss_total,0.0010923530661358,335393,11799,0.9190062471872402,False
6,D6_R1_RAW_MLP_RESIDUAL,20260714,9,validation_early,complete_day_n,107.0,107,11799,0.9190062471872402,False
6,D6_R1_RAW_MLP_RESIDUAL,20260714,9,validation_early,mean_rankic,0.0001080831761094,107,11799,0.9190062471872402,False
6,D6_R1_RAW_MLP_RESIDUAL,20260714,9,validation_early,score_coverage,1.0,51932,11799,0.9190062471872402,False
6,D6_R1_RAW_MLP_RESIDUAL,20260714,10,train,loss_diff,4.34341233734278e-06,335393,13110,0.910006178536831,False
6,D6_R1_RAW_MLP_RESIDUAL,20260714,10,train,loss_koop,4.262466789043955e-06,335393,13110,0.910006178536831,False
6,D6_R1_RAW_MLP_RESIDUAL,20260714,10,train,loss_rec,0.001076134551754,335393,13110,0.910006178536831,False
6,D6_R1_RAW_MLP_RESIDUAL,20260714,10,train,loss_total,0.0010847404297215,335393,13110,0.910006178536831,False
6,D6_R1_RAW_MLP_RESIDUAL,20260714,10,validation_early,complete_day_n,107.0,107,13110,0.910006178536831,False
6,D6_R1_RAW_MLP_RESIDUAL,20260714,10,validation_early,mean_rankic,0.0189948507907909,107,13110,0.910006178536831,False
6,D6_R1_RAW_MLP_RESIDUAL,20260714,10,validation_early,score_coverage,1.0,51932,13110,0.910006178536831,False
6,D6_R1_RAW_MLP_RESIDUAL,20260714,11,train,loss_diff,3.908029402991761e-06,335393,14421,0.9010061098864216,False
6,D6_R1_RAW_MLP_RESIDUAL,20260714,11,train,loss_koop,3.873390172502704e-06,335393,14421,0.9010061098864216,False
6,D6_R1_RAW_MLP_RESIDUAL,20260714,11,train,loss_rec,0.0010652709991585,335393,14421,0.9010061098864216,False
6,D6_R1_RAW_MLP_RESIDUAL,20260714,11,train,loss_total,0.0010730524180049,335393,14421,0.9010061098864216,False
6,D6_R1_RAW_MLP_RESIDUAL,20260714,11,validation_early,complete_day_n,107.0,107,14421,0.9010061098864216,False
6,D6_R1_RAW_MLP_RESIDUAL,20260714,11,validation_early,mean_rankic,0.0218261461276963,107,14421,0.9010061098864216,False
6,D6_R1_RAW_MLP_RESIDUAL,20260714,11,validation_early,score_coverage,1.0,51932,14421,0.9010061098864216,False
6,D6_R1_RAW_MLP_RESIDUAL,20260714,12,train,loss_diff,3.494361918399784e-06,335393,15732,0.8920060412360125,False
6,D6_R1_RAW_MLP_RESIDUAL,20260714,12,train,loss_koop,3.4546637945204893e-06,335393,15732,0.8920060412360125,False
6,D6_R1_RAW_MLP_RESIDUAL,20260714,12,train,loss_rec,0.0010559402318264,335393,15732,0.8920060412360125,False
6,D6_R1_RAW_MLP_RESIDUAL,20260714,12,train,loss_total,0.0010628892584939,335393,15732,0.8920060412360125,False
6,D6_R1_RAW_MLP_RESIDUAL,20260714,12,validation_early,complete_day_n,107.0,107,15732,0.8920060412360125,False
6,D6_R1_RAW_MLP_RESIDUAL,20260714,12,validation_early,mean_rankic,0.0107656043420193,107,15732,0.8920060412360125,False
6,D6_R1_RAW_MLP_RESIDUAL,20260714,12,validation_early,score_coverage,1.0,51932,15732,0.8920060412360125,False
6,D6_R1_RAW_MLP_RESIDUAL,20260714,13,train,loss_diff,3.320298014446245e-06,335393,17043,0.8830059725856032,False
6,D6_R1_RAW_MLP_RESIDUAL,20260714,13,train,loss_koop,3.223069297223557e-06,335393,17043,0.8830059725856032,False
6,D6_R1_RAW_MLP_RESIDUAL,20260714,13,train,loss_rec,0.0010471695638429,335393,17043,0.8830059725856032,False
6,D6_R1_RAW_MLP_RESIDUAL,20260714,13,train,loss_total,0.0010537129296498,335393,17043,0.8830059725856032,False
6,D6_R1_RAW_MLP_RESIDUAL,20260714,13,validation_early,complete_day_n,107.0,107,17043,0.8830059725856032,False
6,D6_R1_RAW_MLP_RESIDUAL,20260714,13,validation_early,mean_rankic,0.0188648338131607,107,17043,0.8830059725856032,False
6,D6_R1_RAW_MLP_RESIDUAL,20260714,13,validation_early,score_coverage,1.0,51932,17043,0.8830059725856032,False
6,D6_R1_RAW_MLP_RESIDUAL,20260714,14,train,loss_diff,3.290734037098719e-06,335393,18354,0.874005903935194,False
6,D6_R1_RAW_MLP_RESIDUAL,20260714,14,train,loss_koop,3.1745400231336354e-06,335393,18354,0.874005903935194,False
6,D6_R1_RAW_MLP_RESIDUAL,20260714,14,train,loss_rec,0.0010384227211137,335393,18354,0.874005903935194,False
6,D6_R1_RAW_MLP_RESIDUAL,20260714,14,train,loss_total,0.0010448879942744,335393,18354,0.874005903935194,False
6,D6_R1_RAW_MLP_RESIDUAL,20260714,14,validation_early,complete_day_n,107.0,107,18354,0.874005903935194,False
6,D6_R1_RAW_MLP_RESIDUAL,20260714,14,validation_early,mean_rankic,0.0111733039884661,107,18354,0.874005903935194,False
6,D6_R1_RAW_MLP_RESIDUAL,20260714,14,validation_early,score_coverage,1.0,51932,18354,0.874005903935194,False
6,D6_R1_RAW_MLP_RESIDUAL,20260714,15,train,loss_diff,3.157414360255145e-06,335393,19665,0.8650058352847847,False
6,D6_R1_RAW_MLP_RESIDUAL,20260714,15,train,loss_koop,3.033805423461168e-06,335393,19665,0.8650058352847847,False
6,D6_R1_RAW_MLP_RESIDUAL,20260714,15,train,loss_rec,0.0010294387589441,335393,19665,0.8650058352847847,False
6,D6_R1_RAW_MLP_RESIDUAL,20260714,15,train,loss_total,0.0010356299771318,335393,19665,0.8650058352847847,False
6,D6_R1_RAW_MLP_RESIDUAL,20260714,15,validation_early,complete_day_n,107.0,107,19665,0.8650058352847847,False
6,D6_R1_RAW_MLP_RESIDUAL,20260714,15,validation_early,mean_rankic,0.0150127991553335,107,19665,0.8650058352847847,False
6,D6_R1_RAW_MLP_RESIDUAL,20260714,15,validation_early,score_coverage,1.0,51932,19665,0.8650058352847847,False
6,D6_R1_RAW_MLP_RESIDUAL,20260714,16,train,loss_diff,2.9309867516900696e-06,335393,20976,0.8560057666343756,False
6,D6_R1_RAW_MLP_RESIDUAL,20260714,16,train,loss_koop,2.8857086152665386e-06,335393,20976,0.8560057666343756,False
6,D6_R1_RAW_MLP_RESIDUAL,20260714,16,train,loss_rec,0.0010201129784652,335393,20976,0.8560057666343756,False
6,D6_R1_RAW_MLP_RESIDUAL,20260714,16,train,loss_total,0.0010259296755457,335393,20976,0.8560057666343756,False
6,D6_R1_RAW_MLP_RESIDUAL,20260714,16,validation_early,complete_day_n,107.0,107,20976,0.8560057666343756,False
6,D6_R1_RAW_MLP_RESIDUAL,20260714,16,validation_early,mean_rankic,0.0111698575804272,107,20976,0.8560057666343756,False
6,D6_R1_RAW_MLP_RESIDUAL,20260714,16,validation_early,score_coverage,1.0,51932,20976,0.8560057666343756,False
6,D6_R1_RAW_MLP_RESIDUAL,20260714,17,train,loss_diff,2.8905992462219907e-06,335393,22287,0.8470056979839663,False
6,D6_R1_RAW_MLP_RESIDUAL,20260714,17,train,loss_koop,2.7561067750859487e-06,335393,22287,0.8470056979839663,False
6,D6_R1_RAW_MLP_RESIDUAL,20260714,17,train,loss_rec,0.0010127399250559,335393,22287,0.8470056979839663,False
6,D6_R1_RAW_MLP_RESIDUAL,20260714,17,train,loss_total,0.001018386629672,335393,22287,0.8470056979839663,False
6,D6_R1_RAW_MLP_RESIDUAL,20260714,17,validation_early,complete_day_n,107.0,107,22287,0.8470056979839663,False
6,D6_R1_RAW_MLP_RESIDUAL,20260714,17,validation_early,mean_rankic,0.0175727931196557,107,22287,0.8470056979839663,False
6,D6_R1_RAW_MLP_RESIDUAL,20260714,17,validation_early,score_coverage,1.0,51932,22287,0.8470056979839663,False
6,D6_R1_RAW_MLP_RESIDUAL,20260715,1,train,loss_diff,0.0004758408053555,335393,1311,0.991006796390514,False
6,D6_R1_RAW_MLP_RESIDUAL,20260715,1,train,loss_koop,0.0004332486680095,335393,1311,0.991006796390514,False
6,D6_R1_RAW_MLP_RESIDUAL,20260715,1,train,loss_rec,0.0018070898143922,335393,1311,0.991006796390514,False
6,D6_R1_RAW_MLP_RESIDUAL,20260715,1,train,loss_total,0.002716179293888,335393,1311,0.991006796390514,False
6,D6_R1_RAW_MLP_RESIDUAL,20260715,1,validation_early,complete_day_n,107.0,107,1311,0.991006796390514,False
6,D6_R1_RAW_MLP_RESIDUAL,20260715,1,validation_early,mean_rankic,-0.0143851122172702,107,1311,0.991006796390514,False
6,D6_R1_RAW_MLP_RESIDUAL,20260715,1,validation_early,score_coverage,1.0,51932,1311,0.991006796390514,False
6,D6_R1_RAW_MLP_RESIDUAL,20260715,2,train,loss_diff,3.325317587980347e-05,335393,2622,0.9820067277401048,False
6,D6_R1_RAW_MLP_RESIDUAL,20260715,2,train,loss_koop,3.478284254567073e-05,335393,2622,0.9820067277401048,False
6,D6_R1_RAW_MLP_RESIDUAL,20260715,2,train,loss_rec,0.0011350754101576,335393,2622,0.9820067277401048,False
6,D6_R1_RAW_MLP_RESIDUAL,20260715,2,train,loss_total,0.0012031114264895,335393,2622,0.9820067277401048,False
6,D6_R1_RAW_MLP_RESIDUAL,20260715,2,validation_early,complete_day_n,107.0,107,2622,0.9820067277401048,False
6,D6_R1_RAW_MLP_RESIDUAL,20260715,2,validation_early,mean_rankic,-0.0274817022345554,107,2622,0.9820067277401048,False
6,D6_R1_RAW_MLP_RESIDUAL,20260715,2,validation_early,score_coverage,1.0,51932,2622,0.9820067277401048,False
6,D6_R1_RAW_MLP_RESIDUAL,20260715,3,train,loss_diff,1.508357446233836e-05,335393,3933,0.9730066590896956,False
6,D6_R1_RAW_MLP_RESIDUAL,20260715,3,train,loss_koop,1.6018616361569278e-05,335393,3933,0.9730066590896956,False
6,D6_R1_RAW_MLP_RESIDUAL,20260715,3,train,loss_rec,0.0011228903539505,335393,3933,0.9730066590896956,False
6,D6_R1_RAW_MLP_RESIDUAL,20260715,3,train,loss_total,0.0011539925460421,335393,3933,0.9730066590896956,False
6,D6_R1_RAW_MLP_RESIDUAL,20260715,3,validation_early,complete_day_n,107.0,107,3933,0.9730066590896956,False
6,D6_R1_RAW_MLP_RESIDUAL,20260715,3,validation_early,mean_rankic,-0.0087749748143861,107,3933,0.9730066590896956,False
6,D6_R1_RAW_MLP_RESIDUAL,20260715,3,validation_early,score_coverage,1.0,51932,3933,0.9730066590896956,False
6,D6_R1_RAW_MLP_RESIDUAL,20260715,4,train,loss_diff,1.051098119173911e-05,335393,5244,0.9640065904392864,False
6,D6_R1_RAW_MLP_RESIDUAL,20260715,4,train,loss_koop,1.0821339330570496e-05,335393,5244,0.9640065904392864,False
6,D6_R1_RAW_MLP_RESIDUAL,20260715,4,train,loss_rec,0.001114860270209,335393,5244,0.9640065904392864,False
6,D6_R1_RAW_MLP_RESIDUAL,20260715,4,train,loss_total,0.001136192591159,335393,5244,0.9640065904392864,False
6,D6_R1_RAW_MLP_RESIDUAL,20260715,4,validation_early,complete_day_n,107.0,107,5244,0.9640065904392864,False
6,D6_R1_RAW_MLP_RESIDUAL,20260715,4,validation_early,mean_rankic,0.0062136418986116,107,5244,0.9640065904392864,False
6,D6_R1_RAW_MLP_RESIDUAL,20260715,4,validation_early,score_coverage,1.0,51932,5244,0.9640065904392864,False
6,D6_R1_RAW_MLP_RESIDUAL,20260715,5,train,loss_diff,8.285743591047771e-06,335393,6555,0.9550065217888772,False
6,D6_R1_RAW_MLP_RESIDUAL,20260715,5,train,loss_koop,8.34744856873368e-06,335393,6555,0.9550065217888772,False
6,D6_R1_RAW_MLP_RESIDUAL,20260715,5,train,loss_rec,0.0011100250275703,335393,6555,0.9550065217888772,False
6,D6_R1_RAW_MLP_RESIDUAL,20260715,5,train,loss_total,0.0011266582213392,335393,6555,0.9550065217888772,False
6,D6_R1_RAW_MLP_RESIDUAL,20260715,5,validation_early,complete_day_n,107.0,107,6555,0.9550065217888772,False
6,D6_R1_RAW_MLP_RESIDUAL,20260715,5,validation_early,mean_rankic,0.0036774686825204,107,6555,0.9550065217888772,False
6,D6_R1_RAW_MLP_RESIDUAL,20260715,5,validation_early,score_coverage,1.0,51932,6555,0.9550065217888772,False
6,D6_R1_RAW_MLP_RESIDUAL,20260715,6,train,loss_diff,6.965749090993005e-06,335393,7866,0.946006453138468,True
6,D6_R1_RAW_MLP_RESIDUAL,20260715,6,train,loss_koop,6.9790456875708806e-06,335393,7866,0.946006453138468,True
6,D6_R1_RAW_MLP_RESIDUAL,20260715,6,train,loss_rec,0.0011047351949601,335393,7866,0.946006453138468,True
6,D6_R1_RAW_MLP_RESIDUAL,20260715,6,train,loss_total,0.0011186799901012,335393,7866,0.946006453138468,True
6,D6_R1_RAW_MLP_RESIDUAL,20260715,6,validation_early,complete_day_n,107.0,107,7866,0.946006453138468,True
6,D6_R1_RAW_MLP_RESIDUAL,20260715,6,validation_early,mean_rankic,0.022353112526112,107,7866,0.946006453138468,True
6,D6_R1_RAW_MLP_RESIDUAL,20260715,6,validation_early,score_coverage,1.0,51932,7866,0.946006453138468,True
6,D6_R1_RAW_MLP_RESIDUAL,20260715,7,train,loss_diff,6.067036298103603e-06,335393,9177,0.9370063844880586,False
6,D6_R1_RAW_MLP_RESIDUAL,20260715,7,train,loss_koop,6.0072656395256784e-06,335393,9177,0.9370063844880586,False
6,D6_R1_RAW_MLP_RESIDUAL,20260715,7,train,loss_rec,0.0010984682487737,335393,9177,0.9370063844880586,False
6,D6_R1_RAW_MLP_RESIDUAL,20260715,7,train,loss_total,0.0011105425522822,335393,9177,0.9370063844880586,False
6,D6_R1_RAW_MLP_RESIDUAL,20260715,7,validation_early,complete_day_n,107.0,107,9177,0.9370063844880586,False
6,D6_R1_RAW_MLP_RESIDUAL,20260715,7,validation_early,mean_rankic,0.0026675840677343,107,9177,0.9370063844880586,False
6,D6_R1_RAW_MLP_RESIDUAL,20260715,7,validation_early,score_coverage,1.0,51932,9177,0.9370063844880586,False
6,D6_R1_RAW_MLP_RESIDUAL,20260715,8,train,loss_diff,5.403338444313936e-06,335393,10488,0.9280063158376494,False
6,D6_R1_RAW_MLP_RESIDUAL,20260715,8,train,loss_koop,5.395828199207167e-06,335393,10488,0.9280063158376494,False
6,D6_R1_RAW_MLP_RESIDUAL,20260715,8,train,loss_rec,0.0010900705573143,335393,10488,0.9280063158376494,False
6,D6_R1_RAW_MLP_RESIDUAL,20260715,8,train,loss_total,0.0011008697265097,335393,10488,0.9280063158376494,False
6,D6_R1_RAW_MLP_RESIDUAL,20260715,8,validation_early,complete_day_n,107.0,107,10488,0.9280063158376494,False
6,D6_R1_RAW_MLP_RESIDUAL,20260715,8,validation_early,mean_rankic,0.0191226146733397,107,10488,0.9280063158376494,False
6,D6_R1_RAW_MLP_RESIDUAL,20260715,8,validation_early,score_coverage,1.0,51932,10488,0.9280063158376494,False
6,D6_R1_RAW_MLP_RESIDUAL,20260715,9,train,loss_diff,4.980743495896761e-06,335393,11799,0.9190062471872402,False
6,D6_R1_RAW_MLP_RESIDUAL,20260715,9,train,loss_koop,4.915135374653775e-06,335393,11799,0.9190062471872402,False
6,D6_R1_RAW_MLP_RESIDUAL,20260715,9,train,loss_rec,0.0010833106134612,335393,11799,0.9190062471872402,False
6,D6_R1_RAW_MLP_RESIDUAL,20260715,9,train,loss_total,0.0010932064926373,335393,11799,0.9190062471872402,False
6,D6_R1_RAW_MLP_RESIDUAL,20260715,9,validation_early,complete_day_n,107.0,107,11799,0.9190062471872402,False
6,D6_R1_RAW_MLP_RESIDUAL,20260715,9,validation_early,mean_rankic,0.0103172943122369,107,11799,0.9190062471872402,False
6,D6_R1_RAW_MLP_RESIDUAL,20260715,9,validation_early,score_coverage,1.0,51932,11799,0.9190062471872402,False
6,D6_R1_RAW_MLP_RESIDUAL,20260715,10,train,loss_diff,4.419319596885928e-06,335393,13110,0.910006178536831,False
6,D6_R1_RAW_MLP_RESIDUAL,20260715,10,train,loss_koop,4.405538500322655e-06,335393,13110,0.910006178536831,False
6,D6_R1_RAW_MLP_RESIDUAL,20260715,10,train,loss_rec,0.001072810734113,335393,13110,0.910006178536831,False
6,D6_R1_RAW_MLP_RESIDUAL,20260715,10,train,loss_total,0.0010816355921957,335393,13110,0.910006178536831,False
6,D6_R1_RAW_MLP_RESIDUAL,20260715,10,validation_early,complete_day_n,107.0,107,13110,0.910006178536831,False
6,D6_R1_RAW_MLP_RESIDUAL,20260715,10,validation_early,mean_rankic,0.012567706544384,107,13110,0.910006178536831,False
6,D6_R1_RAW_MLP_RESIDUAL,20260715,10,validation_early,score_coverage,1.0,51932,13110,0.910006178536831,False
6,D6_R1_RAW_MLP_RESIDUAL,20260715,11,train,loss_diff,3.90676376285173e-06,335393,14421,0.9010061098864216,False
6,D6_R1_RAW_MLP_RESIDUAL,20260715,11,train,loss_koop,3.884526709451136e-06,335393,14421,0.9010061098864216,False
6,D6_R1_RAW_MLP_RESIDUAL,20260715,11,train,loss_rec,0.0010636709206699,335393,14421,0.9010061098864216,False
6,D6_R1_RAW_MLP_RESIDUAL,20260715,11,train,loss_total,0.0010714622106185,335393,14421,0.9010061098864216,False
6,D6_R1_RAW_MLP_RESIDUAL,20260715,11,validation_early,complete_day_n,107.0,107,14421,0.9010061098864216,False
6,D6_R1_RAW_MLP_RESIDUAL,20260715,11,validation_early,mean_rankic,0.0194379938414715,107,14421,0.9010061098864216,False
6,D6_R1_RAW_MLP_RESIDUAL,20260715,11,validation_early,score_coverage,1.0,51932,14421,0.9010061098864216,False
6,D6_R1_RAW_MLP_RESIDUAL,20260715,12,train,loss_diff,3.773589460812429e-06,335393,15732,0.8920060412360125,False
6,D6_R1_RAW_MLP_RESIDUAL,20260715,12,train,loss_koop,3.666633609684124e-06,335393,15732,0.8920060412360125,False
6,D6_R1_RAW_MLP_RESIDUAL,20260715,12,train,loss_rec,0.0010548218110802,335393,15732,0.8920060412360125,False
6,D6_R1_RAW_MLP_RESIDUAL,20260715,12,train,loss_total,0.0010622620342727,335393,15732,0.8920060412360125,False
6,D6_R1_RAW_MLP_RESIDUAL,20260715,12,validation_early,complete_day_n,107.0,107,15732,0.8920060412360125,False
6,D6_R1_RAW_MLP_RESIDUAL,20260715,12,validation_early,mean_rankic,0.0128557179667665,107,15732,0.8920060412360125,False
6,D6_R1_RAW_MLP_RESIDUAL,20260715,12,validation_early,score_coverage,1.0,51932,15732,0.8920060412360125,False
6,D6_R1_RAW_MLP_RESIDUAL,20260715,13,train,loss_diff,3.621693477339328e-06,335393,17043,0.8830059725856032,False
6,D6_R1_RAW_MLP_RESIDUAL,20260715,13,train,loss_koop,3.5153258353551468e-06,335393,17043,0.8830059725856032,False
6,D6_R1_RAW_MLP_RESIDUAL,20260715,13,train,loss_rec,0.0010458813464046,335393,17043,0.8830059725856032,False
6,D6_R1_RAW_MLP_RESIDUAL,20260715,13,train,loss_total,0.0010530183674449,335393,17043,0.8830059725856032,False
6,D6_R1_RAW_MLP_RESIDUAL,20260715,13,validation_early,complete_day_n,107.0,107,17043,0.8830059725856032,False
6,D6_R1_RAW_MLP_RESIDUAL,20260715,13,validation_early,mean_rankic,0.0121776069236314,107,17043,0.8830059725856032,False
6,D6_R1_RAW_MLP_RESIDUAL,20260715,13,validation_early,score_coverage,1.0,51932,17043,0.8830059725856032,False
6,D6_R1_RAW_MLP_RESIDUAL,20260715,14,train,loss_diff,3.455498070535617e-06,335393,18354,0.874005903935194,False
6,D6_R1_RAW_MLP_RESIDUAL,20260715,14,train,loss_koop,3.367636698564458e-06,335393,18354,0.874005903935194,False
6,D6_R1_RAW_MLP_RESIDUAL,20260715,14,train,loss_rec,0.0010361659732639,335393,18354,0.874005903935194,False
6,D6_R1_RAW_MLP_RESIDUAL,20260715,14,train,loss_total,0.0010429891080278,335393,18354,0.874005903935194,False
6,D6_R1_RAW_MLP_RESIDUAL,20260715,14,validation_early,complete_day_n,107.0,107,18354,0.874005903935194,False
6,D6_R1_RAW_MLP_RESIDUAL,20260715,14,validation_early,mean_rankic,0.0141103153730257,107,18354,0.874005903935194,False
6,D6_R1_RAW_MLP_RESIDUAL,20260715,14,validation_early,score_coverage,1.0,51932,18354,0.874005903935194,False
6,D6_R1_RAW_MLP_RESIDUAL,20260715,15,train,loss_diff,3.195007657205359e-06,335393,19665,0.8650058352847847,False
6,D6_R1_RAW_MLP_RESIDUAL,20260715,15,train,loss_koop,3.1274697424788263e-06,335393,19665,0.8650058352847847,False
6,D6_R1_RAW_MLP_RESIDUAL,20260715,15,train,loss_rec,0.0010272384413089,335393,19665,0.8650058352847847,False
6,D6_R1_RAW_MLP_RESIDUAL,20260715,15,train,loss_total,0.0010335609177942,335393,19665,0.8650058352847847,False
6,D6_R1_RAW_MLP_RESIDUAL,20260715,15,validation_early,complete_day_n,107.0,107,19665,0.8650058352847847,False
6,D6_R1_RAW_MLP_RESIDUAL,20260715,15,validation_early,mean_rankic,0.011118354601322,107,19665,0.8650058352847847,False
6,D6_R1_RAW_MLP_RESIDUAL,20260715,15,validation_early,score_coverage,1.0,51932,19665,0.8650058352847847,False
6,D6_R1_RAW_MLP_RESIDUAL,20260715,16,train,loss_diff,3.1230767090474867e-06,335393,20976,0.8560057666343756,False
6,D6_R1_RAW_MLP_RESIDUAL,20260715,16,train,loss_koop,2.9927722943726573e-06,335393,20976,0.8560057666343756,False
6,D6_R1_RAW_MLP_RESIDUAL,20260715,16,train,loss_rec,0.0010194707041556,335393,20976,0.8560057666343756,False
6,D6_R1_RAW_MLP_RESIDUAL,20260715,16,train,loss_total,0.0010255865560103,335393,20976,0.8560057666343756,False
6,D6_R1_RAW_MLP_RESIDUAL,20260715,16,validation_early,complete_day_n,107.0,107,20976,0.8560057666343756,False
6,D6_R1_RAW_MLP_RESIDUAL,20260715,16,validation_early,mean_rankic,0.0066485433282368,107,20976,0.8560057666343756,False
6,D6_R1_RAW_MLP_RESIDUAL,20260715,16,validation_early,score_coverage,1.0,51932,20976,0.8560057666343756,False
