policy_id,cost_scenario_id,terminal_mark_date,open_position_n,open_position_weight,open_position_notional_cny,sell_commission_cny,sell_stamp_tax_cny,sell_transfer_fee_cny,sell_slippage_cny,total_shadow_cost_cny,live_final_NAV,liquidation_adjusted_final_NAV,live_nav_compound_return,liquidation_adjusted_compound_return,live_nav_break_even_slippage_bps,live_nav_break_even_status,liquidation_adjusted_break_even_slippage_bps,liquidation_adjusted_break_even_status,historical_support_claim_allowed,deployment_authorized,source_table_content_hash,run_id,contract_version
B0_P4_RAW_RANK__D10__L000__STOP05,GROSS,2026-04-30,17,0.423573370916,4292731,0,0,0,0,0,10134562.9701,10134562.9701,0.013456297008,0.013456297008,0,not_positive_at_zero_slippage,0,not_positive_at_zero_slippage,False,False,0107a66139fa9f9f492a30699d4540f8436a3cfb50bee91e5fde8f2593abad8d,20B_P4_d8_d10_sector_crowding_cost_stoploss_sensitivity_v6,20B_P4_PORTSENS_v6
B0_P4_RAW_RANK__D10__L000__STOP05,SLIP000,2026-04-30,17,0.42939142922,4292731,1073.18275,2146.3655,42.92731,0,3262.47556,9997244.25752,9993981.78196,-0.000275574247758,-0.000601821803758,0,not_positive_at_zero_slippage,0,not_positive_at_zero_slippage,False,False,ce508c8f7137034062b6432ac809ad9eebe13adfd9b05029ca47d0f801f254bd,20B_P4_d8_d10_sector_crowding_cost_stoploss_sensitivity_v6,20B_P4_PORTSENS_v6
B0_P4_RAW_RANK__D10__L000__STOP05,SLIP005,2026-04-30,17,0.435278968051,4292731,1073.18275,2146.3655,42.92731,2146.3655,5408.84106,9862022.55354,9856613.71248,-0.0137977446463,-0.0143386287523,0,not_positive_at_zero_slippage,0,not_positive_at_zero_slippage,False,False,273885529b4f023f399f961988e5689962cecd9938502642ae3a4c987800b37e,20B_P4_d8_d10_sector_crowding_cost_stoploss_sensitivity_v6,20B_P4_PORTSENS_v6
B0_P4_RAW_RANK__D10__L000__STOP05,SLIP010,2026-04-30,17,0.441330203671,4292731,1073.18275,2146.3655,42.92731,4292.731,7555.20656,9726800.84955,9719245.64299,-0.0273199150448,-0.0280754357008,0,not_positive_at_zero_slippage,0,not_positive_at_zero_slippage,False,False,4e7ad4e1b07ca286739f76faf8a8d2967f4fa4ce03c20fd928379b14826047bc,20B_P4_d8_d10_sector_crowding_cost_stoploss_sensitivity_v6,20B_P4_PORTSENS_v6
B0_P4_RAW_RANK__D10__L000__STOP05,SLIP020,2026-04-30,17,0.453951854773,4292731,1073.18275,2146.3655,42.92731,8585.462,11847.93756,9456357.44158,9444509.50402,-0.0543642558418,-0.0555490495978,0,not_positive_at_zero_slippage,0,not_positive_at_zero_slippage,False,False,5b1416925d5d8e6b760e23412afdc64aa2c5dcf523c012aa439b531b1df861ba,20B_P4_d8_d10_sector_crowding_cost_stoploss_sensitivity_v6,20B_P4_PORTSENS_v6
B0_P4_RAW_RANK__D10__L000__STOP05,SLIP040,2026-04-30,17,0.481492360892,4292731,1073.18275,2146.3655,42.92731,17170.924,20433.39956,8915470.62564,8895037.22608,-0.108452937436,-0.110496277392,0,not_positive_at_zero_slippage,0,not_positive_at_zero_slippage,False,False,cc0236570c5514d9cc9848c0c339c033fb6c8b9847fb1893b382320b8b1a1fe2,20B_P4_d8_d10_sector_crowding_cost_stoploss_sensitivity_v6,20B_P4_PORTSENS_v6
B0_P4_RAW_RANK__D10__L000__STOP10,GROSS,2026-04-30,37,0.848749899475,9703612,0,0,0,0,0,11432828.4528,11432828.4528,0.143282845276,0.143282845276,57.2078183213,root_found,54.5863872649,root_found,False,False,88126cd13170e5ebb20fc7698099b0015b3e49cba5c44ef0bf0d6399a4135836,20B_P4_d8_d10_sector_crowding_cost_stoploss_sensitivity_v6,20B_P4_PORTSENS_v6
B0_P4_RAW_RANK__D10__L000__STOP10,SLIP000,2026-04-30,37,0.85744598472,9703612,2425.903,4851.806,97.03612,0,7374.74512,11316878.4657,11309503.7206,0.131687846573,0.130950372061,57.2078183213,root_found,54.5863872649,root_found,False,False,12e697a07c634f4c5dc580b4e35f16024a71df6c0ab55d3e83fd4af5741f239b,20B_P4_d8_d10_sector_crowding_cost_stoploss_sensitivity_v6,20B_P4_PORTSENS_v6
B0_P4_RAW_RANK__D10__L000__STOP10,SLIP005,2026-04-30,37,0.866256066741,9703612,2425.903,4851.806,97.03612,4851.806,12226.55112,11201782.4435,11189555.8924,0.12017824435,0.118955589238,57.2078183213,root_found,54.5863872649,root_found,False,False,b186ae1150c109a7f7cbdff7b5c767a11c382e36550a986ff11b1d9098ad8b6a,20B_P4_d8_d10_sector_crowding_cost_stoploss_sensitivity_v6,20B_P4_PORTSENS_v6
B0_P4_RAW_RANK__D10__L000__STOP10,SLIP010,2026-04-30,37,0.87524907184,9703612,2425.903,4851.806,97.03612,9703.612,17078.35712,11086686.4213,11069608.0642,0.108668642128,0.106960806416,57.2078183213,root_found,54.5863872649,root_found,False,False,8471b7d95241d0744e9b78cbb96233c694f5e9de5abd15ad3697ceb05abf4bd7,20B_P4_d8_d10_sector_crowding_cost_stoploss_sensitivity_v6,20B_P4_PORTSENS_v6
B0_P4_RAW_RANK__D10__L000__STOP10,SLIP020,2026-04-30,37,0.893807122557,9703612,2425.903,4851.806,97.03612,19407.224,26781.96912,10856494.3768,10829712.4077,0.0856494376823,0.0829712407703,57.2078183213,root_found,54.5863872649,root_found,False,False,16a8a5bbbfb774271b882022e1e2ef78c689df660bf6c88b899d93abfa6cd239,20B_P4_d8_d10_sector_crowding_cost_stoploss_sensitivity_v6,20B_P4_PORTSENS_v6
B0_P4_RAW_RANK__D10__L000__STOP10,SLIP040,2026-04-30,37,0.933388712822,9703612,2425.903,4851.806,97.03612,38814.448,46189.19312,10396110.2879,10349921.0948,0.0396110287918,0.0349921094798,57.2078183213,root_found,54.5863872649,root_found,False,False,c759ae9385571a85cd892a6deacd26978fc8dd52c954c514784083aa5c0c3203,20B_P4_d8_d10_sector_crowding_cost_stoploss_sensitivity_v6,20B_P4_PORTSENS_v6
B0_P4_RAW_RANK__D10__L000__STOP15,GROSS,2026-04-30,43,0.958606580328,11415436,0,0,0,0,0,11908363.9047,11908363.9047,0.190836390471,0.190836390471,88.9271490705,root_found,83.7913617834,root_found,False,False,e134b093f5db7a838adf8d93670aefa7a7829458748604b38bf6fb0719c7f3bd,20B_P4_d8_d10_sector_crowding_cost_stoploss_sensitivity_v6,20B_P4_PORTSENS_v6
B0_P4_RAW_RANK__D10__L000__STOP15,SLIP000,2026-04-30,43,0.966881647372,11415436,2853.859,5707.718,114.15436,0,8675.73136,11806446.0433,11797770.312,0.180644604334,0.179777031198,88.9271490705,root_found,83.7913617834,root_found,False,False,e1a51e259035b84426d97fdfc58ff6636452b9e2018b8f79942035e3b0343080,20B_P4_d8_d10_sector_crowding_cost_stoploss_sensitivity_v6,20B_P4_PORTSENS_v6
B0_P4_RAW_RANK__D10__L000__STOP15,SLIP005,2026-04-30,43,0.975271746371,11415436,2853.859,5707.718,114.15436,5707.718,14383.44936,11704877.1714,11690493.722,0.170487717139,0.169049372203,88.9271490705,root_found,83.7913617834,root_found,False,False,9b99c326ad1afeb63210d7385998944d168e1c0ce27cb96dca74fc24071d8a5c,20B_P4_d8_d10_sector_crowding_cost_stoploss_sensitivity_v6,20B_P4_PORTSENS_v6
B0_P4_RAW_RANK__D10__L000__STOP15,SLIP010,2026-04-30,43,0.983808729839,11415436,2853.859,5707.718,114.15436,11415.436,20091.16736,11603308.2994,11583217.1321,0.160330829944,0.158321713208,88.9271490705,root_found,83.7913617834,root_found,False,False,39e9b3263c5e57aa178b464b7854fc56f3b878942bae1af1396457aa48042d7d,20B_P4_d8_d10_sector_crowding_cost_stoploss_sensitivity_v6,20B_P4_PORTSENS_v6
B0_P4_RAW_RANK__D10__L000__STOP15,SLIP020,2026-04-30,43,1.00133905404,11415436,2853.859,5707.718,114.15436,22830.872,31506.60336,11400170.5555,11368663.9522,0.140017055553,0.136866395217,88.9271490705,root_found,83.7913617834,root_found,False,False,87391c5b2be01bfb0cb8a4bc9b00ff78c144262053eba11c712e3bbdbc7c6975,20B_P4_d8_d10_sector_crowding_cost_stoploss_sensitivity_v6,20B_P4_PORTSENS_v6
B0_P4_RAW_RANK__D10__L000__STOP15,SLIP040,2026-04-30,43,1.03834318316,11415436,2853.859,5707.718,114.15436,45661.744,54337.47536,10993895.0677,10939557.5924,0.0993895067723,0.0939557592363,88.9271490705,root_found,83.7913617834,root_found,False,False,1bb0d40f7ebdcbde9b89c481c1aa746b6efaa9d0e961182b7e8ac8d93499d938,20B_P4_d8_d10_sector_crowding_cost_stoploss_sensitivity_v6,20B_P4_PORTSENS_v6
B0_P4_RAW_RANK__D10__L000__STOP20,GROSS,2026-04-30,44,0.975271609955,12463626,0,0,0,0,0,12779646.0727,12779646.0727,0.277964607272,0.277964607272,135.905225074,root_found,127.376587279,root_found,False,False,e1626096f2b0167745b4c5d5450672203e2eff8209cb02bfabb005b96b53e93f,20B_P4_d8_d10_sector_crowding_cost_stoploss_sensitivity_v6,20B_P4_PORTSENS_v6
B0_P4_RAW_RANK__D10__L000__STOP20,SLIP000,2026-04-30,44,0.982876223658,12463626,3115.9065,6231.813,124.63626,0,9472.35576,12680768.6461,12671296.2904,0.268076864615,0.267129629039,135.905225074,root_found,127.376587279,root_found,False,False,99025125d192842095c622577a3995dfc7050b90f34bb2fd2b6a4570a584848d,20B_P4_d8_d10_sector_crowding_cost_stoploss_sensitivity_v6,20B_P4_PORTSENS_v6
B0_P4_RAW_RANK__D10__L000__STOP20,SLIP005,2026-04-30,44,0.990580598852,12463626,3115.9065,6231.813,124.63626,6231.813,15704.16876,12582142.2451,12566438.0764,0.258214224511,0.256643807635,135.905225074,root_found,127.376587279,root_found,False,False,4c71e17e14910936680fcdec598049ff70bf26e93e447ece68fb9af290a60b00,20B_P4_d8_d10_sector_crowding_cost_stoploss_sensitivity_v6,20B_P4_PORTSENS_v6
B0_P4_RAW_RANK__D10__L000__STOP20,SLIP010,2026-04-30,44,0.998406711353,12463626,3115.9065,6231.813,124.63626,12463.626,21935.98176,12483515.8441,12461579.8623,0.248351584407,0.246157986231,135.905225074,root_found,127.376587279,root_found,False,False,6cdb15d4b0b5d6315adf1baffbcd6175a8ab3f10ba5d217ca6a7b00035374a99,20B_P4_d8_d10_sector_crowding_cost_stoploss_sensitivity_v6,20B_P4_PORTSENS_v6
B0_P4_RAW_RANK__D10__L000__STOP20,SLIP020,2026-04-30,44,1.01443587504,12463626,3115.9065,6231.813,124.63626,24927.252,34399.60776,12286263.042,12251863.4342,0.2286263042,0.225186343424,135.905225074,root_found,127.376587279,root_found,False,False,41e20f4bdb5597b379af3ea3cc6b234a94482802350382af9432094abdc2809d,20B_P4_d8_d10_sector_crowding_cost_stoploss_sensitivity_v6,20B_P4_PORTSENS_v6
B0_P4_RAW_RANK__D10__L000__STOP20,SLIP040,2026-04-30,44,1.04808949099,12463626,3115.9065,6231.813,124.63626,49854.504,59326.85976,11891757.4379,11832430.5781,0.189175743786,0.18324305781,135.905225074,root_found,127.376587279,root_found,False,False,1b90445fcadc104631b56106f6f92cc0b7ee8406a2ad33e6423815ae5c627d0d,20B_P4_d8_d10_sector_crowding_cost_stoploss_sensitivity_v6,20B_P4_PORTSENS_v6
B0_P4_RAW_RANK__D10__L000__STOPNONE,GROSS,2026-04-30,44,0.977951145601,13616138,0,0,0,0,0,13923127,13923127,0.3923127,0.3923127,199.686285345,root_found,185.936495025,root_found,False,False,ab6cc3200e0e97b7f77d2d62e02d29e1bf10e3dc433c9a5c83148431700b677c,20B_P4_d8_d10_sector_crowding_cost_stoploss_sensitivity_v6,20B_P4_PORTSENS_v6
B0_P4_RAW_RANK__D10__L000__STOPNONE,SLIP000,2026-04-30,44,0.984743381806,13616138,3404.0345,6808.069,136.16138,0,10348.26488,13827092.6737,13816744.4088,0.382709267366,0.381674440878,199.686285345,root_found,185.936495025,root_found,False,False,0c72db365668c2267e7f1c10a32bd204e444c3949fda8f7cdbd71a6988e0149f,20B_P4_d8_d10_sector_crowding_cost_stoploss_sensitivity_v6,20B_P4_PORTSENS_v6
B0_P4_RAW_RANK__D10__L000__STOPNONE,SLIP005,2026-04-30,44,0.991615700098,13616138,3404.0345,6808.069,136.16138,6808.069,17156.33388,13731265.0442,13714108.7103,0.373126504416,0.371410871028,199.686285345,root_found,185.936495025,root_found,False,False,3f364e247ca6a8ce80a9cf73971cc2533b1973ddab2c91a7121e5a0af238a8a3,20B_P4_d8_d10_sector_crowding_cost_stoploss_sensitivity_v6,20B_P4_PORTSENS_v6
B0_P4_RAW_RANK__D10__L000__STOPNONE,SLIP010,2026-04-30,44,0.998584613454,13616138,3404.0345,6808.069,136.16138,13616.138,23964.40288,13635437.4147,13611473.0118,0.363543741466,0.361147301178,199.686285345,root_found,185.936495025,root_found,False,False,5fadb14d16b909e5d5b063312ad3e4dd29e67bbc596aa03d43ebc74c96bac07d,20B_P4_d8_d10_sector_crowding_cost_stoploss_sensitivity_v6,20B_P4_PORTSENS_v6
B0_P4_RAW_RANK__D10__L000__STOPNONE,SLIP020,2026-04-30,44,1.01282048774,13616138,3404.0345,6808.069,136.16138,27232.276,37580.54088,13443782.1557,13406201.6148,0.344378215566,0.340620161478,199.686285345,root_found,185.936495025,root_found,False,False,10b4d8bcead381087236adfeda50e82c8f5622b3599c3f64acf4004f1658d03d,20B_P4_d8_d10_sector_crowding_cost_stoploss_sensitivity_v6,20B_P4_PORTSENS_v6
B0_P4_RAW_RANK__D10__L000__STOPNONE,SLIP040,2026-04-30,44,1.04254565821,13616138,3404.0345,6808.069,136.16138,54464.552,64812.81688,13060471.6377,12995658.8208,0.306047163766,0.299565882078,199.686285345,root_found,185.936495025,root_found,False,False,a0bb84266203f93ca6fb1650344622eee44228ca60d3c962ba9ac7b96216e77f,20B_P4_d8_d10_sector_crowding_cost_stoploss_sensitivity_v6,20B_P4_PORTSENS_v6
B0_P4_RAW_RANK__D10__L050__STOP05,GROSS,2026-04-30,17,0.426302549338,4299631,0,0,0,0,0,10085867.4354,10085867.4354,0.00858674353991,0.00858674353991,0,not_positive_at_zero_slippage,0,not_positive_at_zero_slippage,False,False,f78e5c6bf0a0d02e26a193422ac1082379acd008bf43a570cc34dd46cc91a675,20B_P4_d8_d10_sector_crowding_cost_stoploss_sensitivity_v6,20B_P4_PORTSENS_v6
B0_P4_RAW_RANK__D10__L050__STOP05,SLIP000,2026-04-30,17,0.432185700609,4299631,1074.90775,2149.8155,42.99631,0,3267.71956,9948573.01836,9945305.2988,-0.00514269816418,-0.00546947012018,0,not_positive_at_zero_slippage,0,not_positive_at_zero_slippage,False,False,5e05552c10af35a0eb7731daecefaec2c0db1d0e56e764b3264586c2935e59c4,20B_P4_d8_d10_sector_crowding_cost_stoploss_sensitivity_v6,20B_P4_PORTSENS_v6
B0_P4_RAW_RANK__D10__L050__STOP05,SLIP005,2026-04-30,17,0.438141694052,4299631,1074.90775,2149.8155,42.99631,2149.8155,5417.53506,9813334.49514,9807916.96008,-0.0186665504859,-0.0192083039919,0,not_positive_at_zero_slippage,0,not_positive_at_zero_slippage,False,False,630320e351cc02bdcf0bf71c0f373d1180de8bebe5da886f8f46dd4a8b72a43c,20B_P4_d8_d10_sector_crowding_cost_stoploss_sensitivity_v6,20B_P4_PORTSENS_v6
B0_P4_RAW_RANK__D10__L050__STOP05,SLIP010,2026-04-30,17,0.444264141673,4299631,1074.90775,2149.8155,42.99631,4299.631,7567.35056,9678095.97192,9670528.62136,-0.0321904028077,-0.0329471378637,0,not_positive_at_zero_slippage,0,not_positive_at_zero_slippage,False,False,718f0dbb7165103959aa709916c8b99379fd18ac6d91f42bfbd96ab1bf60d688,20B_P4_d8_d10_sector_crowding_cost_stoploss_sensitivity_v6,20B_P4_PORTSENS_v6
B0_P4_RAW_RANK__D10__L050__STOP05,SLIP020,2026-04-30,17,0.457037113647,4299631,1074.90775,2149.8155,42.99631,8599.262,11866.98156,9407618.92549,9395751.94393,-0.0592381074513,-0.0604248056073,0,not_positive_at_zero_slippage,0,not_positive_at_zero_slippage,False,False,94cbe11978d3eea59dbb4b63c50175b8a83162a177bae3dd0371ae9127082220,20B_P4_d8_d10_sector_crowding_cost_stoploss_sensitivity_v6,20B_P4_PORTSENS_v6
B0_P4_RAW_RANK__D10__L050__STOP05,SLIP040,2026-04-30,17,0.484920889778,4299631,1074.90775,2149.8155,42.99631,17198.524,20466.24356,8866664.83262,8846198.58906,-0.113333516738,-0.115380141094,0,not_positive_at_zero_slippage,0,not_positive_at_zero_slippage,False,False,c214022dec6a4830873c83a8577185a0f6090b686381c86ba8aa50ee2f82ead8,20B_P4_d8_d10_sector_crowding_cost_stoploss_sensitivity_v6,20B_P4_PORTSENS_v6
B0_P4_RAW_RANK__D10__L050__STOP10,GROSS,2026-04-30,37,0.84767091272,9667485,0,0,0,0,0,11404761.9836,11404761.9836,0.14047619836,0.14047619836,55.9773577297,root_found,53.4154254965,root_found,False,False,5efb38b2c4632fe39a564e3186177edf04598812657a41f04268ae48a7d3333e,20B_P4_d8_d10_sector_crowding_cost_stoploss_sensitivity_v6,20B_P4_PORTSENS_v6
B0_P4_RAW_RANK__D10__L050__STOP10,SLIP000,2026-04-30,37,0.856375658754,9667485,2416.87125,4833.7425,96.67485,0,7347.2886,11288836.7403,11281489.4517,0.128883674026,0.128148945166,55.9773577297,root_found,53.4154254965,root_found,False,False,73ace255e4de9e04a6928b7d00557e0f5577be23a8c68f46d1f70a533177c53b,20B_P4_d8_d10_sector_crowding_cost_stoploss_sensitivity_v6,20B_P4_PORTSENS_v6
B0_P4_RAW_RANK__D10__L050__STOP10,SLIP005,2026-04-30,37,0.865198779509,9667485,2416.87125,4833.7425,96.67485,4833.7425,12181.0311,11173715.4848,11161534.4537,0.117371548476,0.116153445366,55.9773577297,root_found,53.4154254965,root_found,False,False,872eec3dff733a6a1b3bc7ceaa83dacdf8a75ae41ef8a21b95c2006b7ca3e906,20B_P4_d8_d10_sector_crowding_cost_stoploss_sensitivity_v6,20B_P4_PORTSENS_v6
B0_P4_RAW_RANK__D10__L050__STOP10,SLIP010,2026-04-30,37,0.874205599696,9667485,2416.87125,4833.7425,96.67485,9667.485,17014.7736,11058594.2293,11041579.4557,0.105859422927,0.104157945567,55.9773577297,root_found,53.4154254965,root_found,False,False,f05e17c345671c52bd83816d3b07d5ee22058285508914f6e1bc5b9da2e5e29a,20B_P4_d8_d10_sector_crowding_cost_stoploss_sensitivity_v6,20B_P4_PORTSENS_v6
B0_P4_RAW_RANK__D10__L050__STOP10,SLIP020,2026-04-30,37,0.892793774298,9667485,2416.87125,4833.7425,96.67485,19334.97,26682.2586,10828351.7183,10801669.4597,0.0828351718288,0.0801669459688,55.9773577297,root_found,53.4154254965,root_found,False,False,f14b8395369598b60eeddbb7797dc60c38de3e6b12189b8c280da8726fd11f2a,20B_P4_d8_d10_sector_crowding_cost_stoploss_sensitivity_v6,20B_P4_PORTSENS_v6
B0_P4_RAW_RANK__D10__L050__STOP10,SLIP040,2026-04-30,37,0.93244688451,9667485,2416.87125,4833.7425,96.67485,38669.94,46017.2286,10367866.6963,10321849.4677,0.0367866696321,0.0321849467721,55.9773577297,root_found,53.4154254965,root_found,False,False,759c983b4e3c60d6f765b0d14d36532259e07f4dfb8b58b79332c9a3ba53b75a,20B_P4_d8_d10_sector_crowding_cost_stoploss_sensitivity_v6,20B_P4_PORTSENS_v6
B0_P4_RAW_RANK__D10__L050__STOP15,GROSS,2026-04-30,43,0.958877647067,11393773,0,0,0,0,0,11882405.4715,11882405.4715,0.188240547149,0.188240547149,87.5317480713,root_found,82.4855103601,root_found,False,False,182c89bcc6cf54502c8232efdfa32dbcedb183b31142ac260e2e8e579ab50db9,20B_P4_d8_d10_sector_crowding_cost_stoploss_sensitivity_v6,20B_P4_PORTSENS_v6
B0_P4_RAW_RANK__D10__L050__STOP15,SLIP000,2026-04-30,43,0.967179537919,11393773,2848.44325,5696.8865,113.93773,0,8659.26748,11780411.5506,11771752.2831,0.178041155059,0.177175228311,87.5317480713,root_found,82.4855103601,root_found,False,False,752cac09771b282e10c23be8d421b15d8b67340bd7d716dfe8bb2df2d9f07be7,20B_P4_d8_d10_sector_crowding_cost_stoploss_sensitivity_v6,20B_P4_PORTSENS_v6
B0_P4_RAW_RANK__D10__L050__STOP15,SLIP005,2026-04-30,43,0.975601960102,11393773,2848.44325,5696.8865,113.93773,5696.8865,14356.15398,11678710.6484,11664354.4944,0.167871064836,0.166435449438,87.5317480713,root_found,82.4855103601,root_found,False,False,6b411694036e41e3e370133e748ce679accaab8f4350f2163e2c43b8f5208d13,20B_P4_d8_d10_sector_crowding_cost_stoploss_sensitivity_v6,20B_P4_PORTSENS_v6
B0_P4_RAW_RANK__D10__L050__STOP15,SLIP010,2026-04-30,43,0.98417235969,11393773,2848.44325,5696.8865,113.93773,11393.773,20053.04048,11577009.7461,11556956.7056,0.157700974612,0.155695670564,87.5317480713,root_found,82.4855103601,root_found,False,False,fa6c5204c92e01d462b75e9922373fb426158a6ca88f4cb5f7c28863c494c1d1,20B_P4_d8_d10_sector_crowding_cost_stoploss_sensitivity_v6,20B_P4_PORTSENS_v6
B0_P4_RAW_RANK__D10__L050__STOP15,SLIP020,2026-04-30,43,1.00177296936,11393773,2848.44325,5696.8865,113.93773,22787.546,31446.81348,11373607.9417,11342161.1282,0.137360794165,0.134216112817,87.5317480713,root_found,82.4855103601,root_found,False,False,764593dbdb16c153d0c4e88ab7bc4e65b204dde8881dd4db58cb0e62dc1df133,20B_P4_d8_d10_sector_crowding_cost_stoploss_sensitivity_v6,20B_P4_PORTSENS_v6
B0_P4_RAW_RANK__D10__L050__STOP15,SLIP040,2026-04-30,43,1.0389328244,11393773,2848.44325,5696.8865,113.93773,45575.092,54234.35948,10966804.3327,10912569.9732,0.0966804332708,0.0912569973228,87.5317480713,root_found,82.4855103601,root_found,False,False,5fa85a201fadd06b041c5c3016909624dbe1866c46dd99710bd6781926a74fca,20B_P4_d8_d10_sector_crowding_cost_stoploss_sensitivity_v6,20B_P4_PORTSENS_v6
B0_P4_RAW_RANK__D10__L050__STOP20,GROSS,2026-04-30,44,0.97532042982,12304175,0,0,0,0,0,12615520.6267,12615520.6267,0.261552062666,0.261552062666,127.789912305,root_found,119.828986517,root_found,False,False,adf8f72b5a4ebbdcc160bb993ff8a7b65cd2a9e6a9e28372581d93aa58a01c00,20B_P4_d8_d10_sector_crowding_cost_stoploss_sensitivity_v6,20B_P4_PORTSENS_v6
B0_P4_RAW_RANK__D10__L050__STOP20,SLIP000,2026-04-30,44,0.983010546093,12304175,3076.04375,6152.0875,123.04175,0,9351.173,12516829.0909,12507477.9179,0.25168290909,0.25074779179,127.789912305,root_found,119.828986517,root_found,False,False,9b81e7b7911a6ca372ba96d1cf42e60aecabb208c6320ec674d83326f84ce6b1,20B_P4_d8_d10_sector_crowding_cost_stoploss_sensitivity_v6,20B_P4_PORTSENS_v6
B0_P4_RAW_RANK__D10__L050__STOP20,SLIP005,2026-04-30,44,0.990805639162,12304175,3076.04375,6152.0875,123.04175,6152.0875,15503.2605,12418353.8261,12402850.5656,0.241835382608,0.240285056558,127.789912305,root_found,119.828986517,root_found,False,False,412a45fc6e0c8c9df99c381130511d217bcff761bcac244d79d201d788fee135,20B_P4_d8_d10_sector_crowding_cost_stoploss_sensitivity_v6,20B_P4_PORTSENS_v6
B0_P4_RAW_RANK__D10__L050__STOP20,SLIP010,2026-04-30,44,0.998725347722,12304175,3076.04375,6152.0875,123.04175,12304.175,21655.348,12319878.5613,12298223.2133,0.231987856127,0.229822321327,127.789912305,root_found,119.828986517,root_found,False,False,82c0b2dd3c4d10e7cb18b2d6cce81fe9d322ba2c327c9aeb753e26194dfd1d9e,20B_P4_d8_d10_sector_crowding_cost_stoploss_sensitivity_v6,20B_P4_PORTSENS_v6
B0_P4_RAW_RANK__D10__L050__STOP20,SLIP020,2026-04-30,44,1.01495075842,12304175,3076.04375,6152.0875,123.04175,24608.35,33959.523,12122928.0316,12088968.5086,0.212292803164,0.208896850864,127.789912305,root_found,119.828986517,root_found,False,False,ad0bc9b3462fff35ebb229fb9db4c69494bc426b0f59e11673af2c36f6895197,20B_P4_d8_d10_sector_crowding_cost_stoploss_sensitivity_v6,20B_P4_PORTSENS_v6
B0_P4_RAW_RANK__D10__L050__STOP20,SLIP040,2026-04-30,44,1.04903629508,12304175,3076.04375,6152.0875,123.04175,49216.7,58567.873,11729026.9724,11670459.0994,0.172902697239,0.167045909939,127.789912305,root_found,119.828986517,root_found,False,False,585ad488bee2042a11421d389a044fea159be22bf2f26dab56ec390f01156f91,20B_P4_d8_d10_sector_crowding_cost_stoploss_sensitivity_v6,20B_P4_PORTSENS_v6
B0_P4_RAW_RANK__D10__L050__STOPNONE,GROSS,2026-04-30,44,0.978781483821,13551859,0,0,0,0,0,13845643,13845643,0.3845643,0.3845643,195.770625931,root_found,182.332326982,root_found,False,False,cc5fa7252313b0943e22954a6a617f52027156eb39faeceec39f50370e8ed3c4,20B_P4_d8_d10_sector_crowding_cost_stoploss_sensitivity_v6,20B_P4_PORTSENS_v6
B0_P4_RAW_RANK__D10__L050__STOPNONE,SLIP000,2026-04-30,44,0.985608481941,13551859,3387.96475,6775.9295,135.51859,0,10299.41284,13749738.6115,13739439.1987,0.374973861154,0.37394391987,195.770625931,root_found,182.332326982,root_found,False,False,4803e911d6739bb1b0c71d824697ae40e4ea58774c7db306b8db14b4138f7985,20B_P4_d8_d10_sector_crowding_cost_stoploss_sensitivity_v6,20B_P4_PORTSENS_v6
B0_P4_RAW_RANK__D10__L050__STOPNONE,SLIP005,2026-04-30,44,0.992521520188,13551859,3387.96475,6775.9295,135.51859,6775.9295,17075.34234,13653969.9385,13636894.5962,0.365396993854,0.36368945962,195.770625931,root_found,182.332326982,root_found,False,False,e42f2c73ea41dd872f74e981c3711ac552be11f0c13da23ca7332af8118c8471,20B_P4_d8_d10_sector_crowding_cost_stoploss_sensitivity_v6,20B_P4_PORTSENS_v6
B0_P4_RAW_RANK__D10__L050__STOPNONE,SLIP010,2026-04-30,44,0.999532219251,13551859,3387.96475,6775.9295,135.51859,13551.859,23851.27184,13558201.2655,13534349.9937,0.355820126554,0.35343499937,195.770625931,root_found,182.332326982,root_found,False,False,a87731b4cbfbbab13b61b6bc8d9eecce28ebef627d6862b10321fcf891491f17,20B_P4_d8_d10_sector_crowding_cost_stoploss_sensitivity_v6,20B_P4_PORTSENS_v6
B0_P4_RAW_RANK__D10__L050__STOPNONE,SLIP020,2026-04-30,44,1.0138549964,13551859,3387.96475,6775.9295,135.51859,27103.718,37403.13084,13366663.9195,13329260.7887,0.336666391954,0.33292607887,195.770625931,root_found,182.332326982,root_found,False,False,b5d2f1f1cf781a4dfa953493b7aeceae11deb88a00f0312c14f34e573b3064c6,20B_P4_d8_d10_sector_crowding_cost_stoploss_sensitivity_v6,20B_P4_PORTSENS_v6
B0_P4_RAW_RANK__D10__L050__STOPNONE,SLIP040,2026-04-30,44,1.0437683111,13551859,3387.96475,6775.9295,135.51859,54207.436,64506.84884,12983589.2275,12919082.3787,0.298358922754,0.29190823787,195.770625931,root_found,182.332326982,root_found,False,False,03e2bff5aba928c1ca8d7249d5491b5871484e19fc26486c73d771cc62811513,20B_P4_d8_d10_sector_crowding_cost_stoploss_sensitivity_v6,20B_P4_PORTSENS_v6
B0_P4_RAW_RANK__D10__L100__STOP05,GROSS,2026-04-30,17,0.429831941928,4314160,0,0,0,0,0,10036852.9632,10036852.9632,0.0036852963164,0.0036852963164,0,not_positive_at_zero_slippage,0,not_positive_at_zero_slippage,False,False,705d97c7ed6b2f3426b8923af283edda05ec9abf078405c4d7489c19aaefe83e,20B_P4_d8_d10_sector_crowding_cost_stoploss_sensitivity_v6,20B_P4_PORTSENS_v6
B0_P4_RAW_RANK__D10__L100__STOP05,SLIP000,2026-04-30,17,0.435780864707,4314160,1078.54,2157.08,43.1416,0,3278.7616,9899838.08237,9896559.32077,-0.0100161917628,-0.0103440679228,0,not_positive_at_zero_slippage,0,not_positive_at_zero_slippage,False,False,d641faeceff31bec513003a7d34471a4169a099ac439ffba19fa273049b39ede,20B_P4_d8_d10_sector_crowding_cost_stoploss_sensitivity_v6,20B_P4_PORTSENS_v6
B0_P4_RAW_RANK__D10__L100__STOP05,SLIP005,2026-04-30,17,0.441807909463,4314160,1078.54,2157.08,43.1416,2157.08,5435.8416,9764786.70389,9759350.86229,-0.023521329611,-0.024064913771,0,not_positive_at_zero_slippage,0,not_positive_at_zero_slippage,False,False,456d7cab57c04b006e181a30e7cdba1692fe6db3204ec83070c9b392447920b1,20B_P4_d8_d10_sector_crowding_cost_stoploss_sensitivity_v6,20B_P4_PORTSENS_v6
B0_P4_RAW_RANK__D10__L100__STOP05,SLIP010,2026-04-30,17,0.44800400574,4314160,1078.54,2157.08,43.1416,4314.16,7592.9216,9629735.32541,9622142.40381,-0.0370264674591,-0.0377857596191,0,not_positive_at_zero_slippage,0,not_positive_at_zero_slippage,False,False,5d169fdca5a352683bd390783c5ff78f61e8e57dd2635ccb4adfe54e65df62df,20B_P4_d8_d10_sector_crowding_cost_stoploss_sensitivity_v6,20B_P4_PORTSENS_v6
B0_P4_RAW_RANK__D10__L100__STOP05,SLIP020,2026-04-30,17,0.460932624059,4314160,1078.54,2157.08,43.1416,8628.32,11907.0816,9359632.56845,9347725.48685,-0.0640367431554,-0.0652274513154,0,not_positive_at_zero_slippage,0,not_positive_at_zero_slippage,False,False,3aa065c16d04a9db7f703184f7729760b997e78494889ff0680e793913d56dd9,20B_P4_d8_d10_sector_crowding_cost_stoploss_sensitivity_v6,20B_P4_PORTSENS_v6
B0_P4_RAW_RANK__D10__L100__STOP05,SLIP040,2026-04-30,17,0.489165562948,4314160,1078.54,2157.08,43.1416,17256.64,20535.4016,8819427.05452,8798891.65292,-0.118057294548,-0.120110834708,0,not_positive_at_zero_slippage,0,not_positive_at_zero_slippage,False,False,416997500825336f5ca4225b317794e0ffb189ce58b83cbb0a73375d1c6d3b35,20B_P4_d8_d10_sector_crowding_cost_stoploss_sensitivity_v6,20B_P4_PORTSENS_v6
B0_P4_RAW_RANK__D10__L100__STOP10,GROSS,2026-04-30,37,0.845249423255,9583224,0,0,0,0,0,11337746.8666,11337746.8666,0.13377468666,0.13377468666,53.0339289071,root_found,50.612375886,root_found,False,False,443f22ced1eb59120e2f652f010b541b20d88e1a32360822ad442665082b3b25,20B_P4_d8_d10_sector_crowding_cost_stoploss_sensitivity_v6,20B_P4_PORTSENS_v6
B0_P4_RAW_RANK__D10__L100__STOP10,SLIP000,2026-04-30,37,0.853985638748,9583224,2395.806,4791.612,95.83224,0,7283.25024,11221762.4808,11214479.2305,0.122176248075,0.121447923051,53.0339289071,root_found,50.612375886,root_found,False,False,04c936cc095cca7c2db38532d9f3996eca42a3448e66c987a44407e48ed29bf8,20B_P4_d8_d10_sector_crowding_cost_stoploss_sensitivity_v6,20B_P4_PORTSENS_v6
B0_P4_RAW_RANK__D10__L100__STOP10,SLIP005,2026-04-30,37,0.862842368157,9583224,2395.806,4791.612,95.83224,4791.612,12074.86224,11106575.6083,11094500.7461,0.110657560832,0.109450074608,53.0339289071,root_found,50.612375886,root_found,False,False,8fbbc924644a8711e67dbd84c340be0dd04914689c9f5915b2d4b25df8b97fa8,20B_P4_d8_d10_sector_crowding_cost_stoploss_sensitivity_v6,20B_P4_PORTSENS_v6
B0_P4_RAW_RANK__D10__L100__STOP10,SLIP010,2026-04-30,37,0.871884729972,9583224,2395.806,4791.612,95.83224,9583.224,16866.47424,10991388.7359,10974522.2616,0.0991388735885,0.0974522261645,53.0339289071,root_found,50.612375886,root_found,False,False,963a8517402c8e278e34aa8e890d152da3ed1e6001521ea75ffd42cfd6fda063,20B_P4_d8_d10_sector_crowding_cost_stoploss_sensitivity_v6,20B_P4_PORTSENS_v6
B0_P4_RAW_RANK__D10__L100__STOP10,SLIP020,2026-04-30,37,0.890550195126,9583224,2395.806,4791.612,95.83224,19166.448,26449.69824,10761014.991,10734565.2928,0.0761014991018,0.0734565292778,53.0339289071,root_found,50.612375886,root_found,False,False,bc12fd435f3577a94befb78f24232c16eb4cc2641ec753340555a3a79e2c46ad,20B_P4_d8_d10_sector_crowding_cost_stoploss_sensitivity_v6,20B_P4_PORTSENS_v6
B0_P4_RAW_RANK__D10__L100__STOP10,SLIP040,2026-04-30,37,0.930385934036,9583224,2395.806,4791.612,95.83224,38332.896,45616.14624,10300267.5013,10254651.355,0.0300267501285,0.0254651355045,53.0339289071,root_found,50.612375886,root_found,False,False,1ebcb0e8c1522122e22fc1fa8c9263f6713461a032f76ce237c0c6ed12a618cd,20B_P4_d8_d10_sector_crowding_cost_stoploss_sensitivity_v6,20B_P4_PORTSENS_v6
B0_P4_RAW_RANK__D10__L100__STOP15,GROSS,2026-04-30,43,0.958442787568,11311668,0,0,0,0,0,11802131.694,11802131.694,0.180213169395,0.180213169395,83.4332152335,root_found,78.6451797139,root_found,False,False,d78945bb7be0aad9fbe85f93a890dbddeadf044f8d1f4becd518cee237adbeb1,20B_P4_d8_d10_sector_crowding_cost_stoploss_sensitivity_v6,20B_P4_PORTSENS_v6
B0_P4_RAW_RANK__D10__L100__STOP15,SLIP000,2026-04-30,43,0.966811114404,11311668,2827.917,5655.834,113.11668,0,8596.86768,11699977.2049,11691380.3373,0.169997720493,0.169138033725,83.4332152335,root_found,78.6451797139,root_found,False,False,55a5a7ef60d4361b8e888c54c4b172bd4ec319575c422366fbfce9e66aa1bc8a,20B_P4_d8_d10_sector_crowding_cost_stoploss_sensitivity_v6,20B_P4_PORTSENS_v6
B0_P4_RAW_RANK__D10__L100__STOP15,SLIP005,2026-04-30,43,0.975303483908,11311668,2827.917,5655.834,113.11668,5655.834,14252.70168,11598100.6801,11583847.9784,0.159810068009,0.158384797841,83.4332152335,root_found,78.6451797139,root_found,False,False,ca7a6c7addece689b295c1f836a0f72acc49ac379a930946c6792eae06201727,20B_P4_d8_d10_sector_crowding_cost_stoploss_sensitivity_v6,20B_P4_PORTSENS_v6
B0_P4_RAW_RANK__D10__L100__STOP15,SLIP010,2026-04-30,43,0.983946367716,11311668,2827.917,5655.834,113.11668,11311.668,19908.53568,11496224.1552,11476315.6196,0.149622415524,0.147631561956,83.4332152335,root_found,78.6451797139,root_found,False,False,bcdad223388cc98146aa07c731f11dbc828a7ede4fd12ee5254b995a9ca6061e,20B_P4_d8_d10_sector_crowding_cost_stoploss_sensitivity_v6,20B_P4_PORTSENS_v6
B0_P4_RAW_RANK__D10__L100__STOP15,SLIP020,2026-04-30,43,1.00169997286,11311668,2827.917,5655.834,113.11668,22623.336,31220.20368,11292471.1055,11261250.9019,0.129247110555,0.126125090187,83.4332152335,root_found,78.6451797139,root_found,False,False,5513e909ad13e567c2bb127a04100e73629241d164da08d5e2857e5d929d02b2,20B_P4_d8_d10_sector_crowding_cost_stoploss_sensitivity_v6,20B_P4_PORTSENS_v6
B0_P4_RAW_RANK__D10__L100__STOP15,SLIP040,2026-04-30,43,1.03920113603,11311668,2827.917,5655.834,113.11668,45246.672,53843.53968,10884965.0062,10831121.4665,0.0884965006159,0.0831121466479,83.4332152335,root_found,78.6451797139,root_found,False,False,5f644ee8d612b9849c16077bac57a4f130e265dfb8353034c352f896e7bfc2b8,20B_P4_d8_d10_sector_crowding_cost_stoploss_sensitivity_v6,20B_P4_PORTSENS_v6
B0_P4_RAW_RANK__D10__L100__STOP20,GROSS,2026-04-30,44,0.974951264623,12217856,0,0,0,0,0,12531760.7591,12531760.7591,0.253176075906,0.253176075906,123.165534958,root_found,115.548168502,root_found,False,False,9175af29e2fcc45abf887e11c302f690b694fee6a10d659cf22689159fcea84d,20B_P4_d8_d10_sector_crowding_cost_stoploss_sensitivity_v6,20B_P4_PORTSENS_v6
B0_P4_RAW_RANK__D10__L100__STOP20,SLIP000,2026-04-30,44,0.982711138518,12217856,3054.464,6108.928,122.17856,0,9285.57056,12432805.0442,12423519.4737,0.243280504425,0.242351947369,123.165534958,root_found,115.548168502,root_found,False,False,0c4d669c5bce0b724287407ee0acfcd43cc844d5e30538886737bd22b89fdc59,20B_P4_d8_d10_sector_crowding_cost_stoploss_sensitivity_v6,20B_P4_PORTSENS_v6
B0_P4_RAW_RANK__D10__L100__STOP20,SLIP005,2026-04-30,44,0.990579938737,12217856,3054.464,6108.928,122.17856,6108.928,15394.49856,12334043.4449,12318648.9463,0.233404344487,0.231864894631,123.165534958,root_found,115.548168502,root_found,False,False,efc24c831e08ca99df02809c2b1039955f34273b54ce63a581f56d45b1c9b66c,20B_P4_d8_d10_sector_crowding_cost_stoploss_sensitivity_v6,20B_P4_PORTSENS_v6
B0_P4_RAW_RANK__D10__L100__STOP20,SLIP010,2026-04-30,44,0.998575770815,12217856,3054.464,6108.928,122.17856,12217.856,21503.42656,12235281.8455,12213778.4189,0.223528184549,0.221377841893,123.165534958,root_found,115.548168502,root_found,False,False,0321821cc05fb69986967c1dd01cd827ddb5327a984698e3aa630186ce88dcbe,20B_P4_d8_d10_sector_crowding_cost_stoploss_sensitivity_v6,20B_P4_PORTSENS_v6
B0_P4_RAW_RANK__D10__L100__STOP20,SLIP020,2026-04-30,44,1.01496103706,12217856,3054.464,6108.928,122.17856,24435.712,33721.28256,12037758.6467,12004037.3642,0.203775864673,0.200403736417,123.165534958,root_found,115.548168502,root_found,False,False,7bbe92f0549627232c7761dabe5921233ebcd2c20091a6635b391700e5e30d6e,20B_P4_d8_d10_sector_crowding_cost_stoploss_sensitivity_v6,20B_P4_PORTSENS_v6
B0_P4_RAW_RANK__D10__L100__STOP20,SLIP040,2026-04-30,44,1.04939946453,12217856,3054.464,6108.928,122.17856,48871.424,58156.99456,11642712.2492,11584555.2547,0.164271224921,0.158455525465,123.165534958,root_found,115.548168502,root_found,False,False,f2fec11fde2911d913e858900a005b86ca91e41bf9ba1575f80199ef3c37bab9,20B_P4_d8_d10_sector_crowding_cost_stoploss_sensitivity_v6,20B_P4_PORTSENS_v6
B0_P4_RAW_RANK__D10__L100__STOPNONE,GROSS,2026-04-30,44,0.977427924594,13450458,0,0,0,0,0,13761074,13761074,0.3761074,0.3761074,191.233461726,root_found,178.19437489,root_found,False,False,fcb6e897bd76bf98dc32522fd0d3836f8ac823fc59287810264d495332e35e6c,20B_P4_d8_d10_sector_crowding_cost_stoploss_sensitivity_v6,20B_P4_PORTSENS_v6
B0_P4_RAW_RANK__D10__L100__STOPNONE,SLIP000,2026-04-30,44,0.984292374595,13450458,3362.6145,6725.229,134.50458,0,10222.34808,13665104.3401,13654881.992,0.366510434009,0.365488199201,191.233461726,root_found,178.19437489,root_found,False,False,75516611ae23c46208fdcf116483a387a3c92b57a3792c9d508d2b9aedcabc34,20B_P4_d8_d10_sector_crowding_cost_stoploss_sensitivity_v6,20B_P4_PORTSENS_v6
B0_P4_RAW_RANK__D10__L100__STOPNONE,SLIP005,2026-04-30,44,0.991243576357,13450458,3362.6145,6725.229,134.50458,6725.229,16947.57708,13569276.3321,13552328.755,0.356927633209,0.355232875501,191.233461726,root_found,178.19437489,root_found,False,False,4afdbb2df2af3a81278240058e89edaa9826cbde7521a3445c6b7fdd6e69b377,20B_P4_d8_d10_sector_crowding_cost_stoploss_sensitivity_v6,20B_P4_PORTSENS_v6
B0_P4_RAW_RANK__D10__L100__STOPNONE,SLIP010,2026-04-30,44,0.998293657011,13450458,3362.6145,6725.229,134.50458,13450.458,23672.80608,13473448.3241,13449775.518,0.347344832409,0.344977551801,191.233461726,root_found,178.19437489,root_found,False,False,c1a4bb8f8e912f5603bf171907e5fe8413879aed8413ff52845fb4f616b9c320,20B_P4_d8_d10_sector_crowding_cost_stoploss_sensitivity_v6,20B_P4_PORTSENS_v6
B0_P4_RAW_RANK__D10__L100__STOPNONE,SLIP020,2026-04-30,44,1.01269901592,13450458,3362.6145,6725.229,134.50458,26900.916,37123.26408,13281792.3081,13244669.044,0.328179230809,0.324466904401,191.233461726,root_found,178.19437489,root_found,False,False,3e7c5904ea31731e4db5c9d621401cda054a17bffc3f4f3ce0743c1685457147,20B_P4_d8_d10_sector_crowding_cost_stoploss_sensitivity_v6,20B_P4_PORTSENS_v6
B0_P4_RAW_RANK__D10__L100__STOPNONE,SLIP040,2026-04-30,44,1.04279401233,13450458,3362.6145,6725.229,134.50458,53801.832,64024.18008,12898480.2761,12834456.096,0.289848027609,0.283445609601,191.233461726,root_found,178.19437489,root_found,False,False,ba82c734ce22ed25d907a1325fd967b91d063a89a089b43d8d32e48e61b1bb10,20B_P4_d8_d10_sector_crowding_cost_stoploss_sensitivity_v6,20B_P4_PORTSENS_v6
B0_P4_RAW_RANK__D8__L000__STOP05,GROSS,2026-04-30,13,0.328460913845,3624468,0,0,0,0,0,11034701.0778,11034701.0778,0.103470107775,0.103470107775,23.3839688044,root_found,23.0780214006,root_found,False,False,27b22e002bc285eb11533df78fa084e9229f680e629a8f7e3bf048d54cce009b,20B_P4_d8_d10_sector_crowding_cost_stoploss_sensitivity_v6,20B_P4_PORTSENS_v6
B0_P4_RAW_RANK__D8__L000__STOP05,SLIP000,2026-04-30,13,0.334056920665,3624468,906.117,1812.234,36.24468,0,2754.59568,10849851.5546,10847096.9589,0.0849851554582,0.0847096958902,23.3839688044,root_found,23.0780214006,root_found,False,False,cf0c6d1daed96e7b398fe1d849092f9c8e1a8ae3e26f2b7af70553dca1ace349,20B_P4_d8_d10_sector_crowding_cost_stoploss_sensitivity_v6,20B_P4_PORTSENS_v6
B0_P4_RAW_RANK__D8__L000__STOP05,SLIP005,2026-04-30,13,0.339747111495,3624468,906.117,1812.234,36.24468,1812.234,4566.82968,10668134.849,10663568.0194,0.0668134849043,0.0663568019363,23.3839688044,root_found,23.0780214006,root_found,False,False,99a2d131cc24d64494cad5529fb1d49f262fe943dbbe2e488eb4449b8b930405,20B_P4_d8_d10_sector_crowding_cost_stoploss_sensitivity_v6,20B_P4_PORTSENS_v6
B0_P4_RAW_RANK__D8__L000__STOP05,SLIP010,2026-04-30,13,0.345634510316,3624468,906.117,1812.234,36.24468,3624.468,6379.06368,10486418.1435,10480039.0798,0.0486418143504,0.0480039079824,23.3839688044,root_found,23.0780214006,root_found,False,False,e27759181043282483c61946a61acf9b58d36bf32f8c33bba56985e4522fd498,20B_P4_d8_d10_sector_crowding_cost_stoploss_sensitivity_v6,20B_P4_PORTSENS_v6
B0_P4_RAW_RANK__D8__L000__STOP05,SLIP020,2026-04-30,13,0.35804341267,3624468,906.117,1812.234,36.24468,7248.936,10003.53168,10122984.7324,10112981.2007,0.0122984732427,0.0112981200747,23.3839688044,root_found,23.0780214006,root_found,False,False,bfae49e3ecbc2423ab751e08de0fe981b4b20c2a15fd567c7922d071fccc74d9,20B_P4_d8_d10_sector_crowding_cost_stoploss_sensitivity_v6,20B_P4_PORTSENS_v6
B0_P4_RAW_RANK__D8__L000__STOP05,SLIP040,2026-04-30,13,0.385741008639,3624468,906.117,1812.234,36.24468,14497.872,17252.46768,9396117.91027,9378865.44259,-0.0603882089729,-0.0621134557409,23.3839688044,root_found,23.0780214006,root_found,False,False,1b3bc2ccd49d8efebd9b611aa209a0cfbc99181cc9bb9481508adbc54105aaac,20B_P4_d8_d10_sector_crowding_cost_stoploss_sensitivity_v6,20B_P4_PORTSENS_v6
B0_P4_RAW_RANK__D8__L000__STOP10,GROSS,2026-04-30,30,0.701584754347,9126207,0,0,0,0,0,13007989.3319,13007989.3319,0.300798933194,0.300798933194,79.5244756264,root_found,77.3444522601,root_found,False,False,16d46be145975328f90da2cc699d2d4b6c787d0ee0bea5e1c51c53a57c9b6020,20B_P4_d8_d10_sector_crowding_cost_stoploss_sensitivity_v6,20B_P4_PORTSENS_v6
B0_P4_RAW_RANK__D8__L000__STOP10,SLIP000,2026-04-30,30,0.711433873032,9126207,2281.55175,4563.1035,91.26207,0,6935.91732,12827906.213,12820970.2957,0.2827906213,0.282097029568,79.5244756264,root_found,77.3444522601,root_found,False,False,c62ace3b30583b2adb16589529772b21d4f1ae1700afe98b5b9aef2c07c3a54b,20B_P4_d8_d10_sector_crowding_cost_stoploss_sensitivity_v6,20B_P4_PORTSENS_v6
B0_P4_RAW_RANK__D8__L000__STOP10,SLIP005,2026-04-30,30,0.721433288047,9126207,2281.55175,4563.1035,91.26207,4563.1035,11499.02082,12650105.2158,12638606.195,0.265010521583,0.263860619501,79.5244756264,root_found,77.3444522601,root_found,False,False,32945f991540fb2b6bf4140103f61c4d1ba0d201fc53193e2da6b8258a343563,20B_P4_d8_d10_sector_crowding_cost_stoploss_sensitivity_v6,20B_P4_PORTSENS_v6
B0_P4_RAW_RANK__D8__L000__STOP10,SLIP010,2026-04-30,30,0.731717799694,9126207,2281.55175,4563.1035,91.26207,9126.207,16062.12432,12472304.2187,12456242.0943,0.247230421867,0.245624209435,79.5244756264,root_found,77.3444522601,root_found,False,False,7f6b2be7b5c9e6aa2fb4ddc9647fa2ab464fe25bdb636d04496511c40e5f2509,20B_P4_d8_d10_sector_crowding_cost_stoploss_sensitivity_v6,20B_P4_PORTSENS_v6
B0_P4_RAW_RANK__D8__L000__STOP10,SLIP020,2026-04-30,30,0.753192315123,9126207,2281.55175,4563.1035,91.26207,18252.414,25188.33132,12116702.2243,12091513.893,0.211670222433,0.209151389301,79.5244756264,root_found,77.3444522601,root_found,False,False,2a425435fa9c550d3c13c971148599e898bde8e0581d4f4e4f40644297e71b07,20B_P4_d8_d10_sector_crowding_cost_stoploss_sensitivity_v6,20B_P4_PORTSENS_v6
B0_P4_RAW_RANK__D8__L000__STOP10,SLIP040,2026-04-30,30,0.800158556113,9126207,2281.55175,4563.1035,91.26207,36504.828,43440.74532,11405498.2357,11362057.4903,0.140549823567,0.136205749035,79.5244756264,root_found,77.3444522601,root_found,False,False,ae02c72dd68a0e10ff8b0b7a22c63af0d1483d636443f48812cbe7852c23e009,20B_P4_d8_d10_sector_crowding_cost_stoploss_sensitivity_v6,20B_P4_PORTSENS_v6
B0_P4_RAW_RANK__D8__L000__STOP15,GROSS,2026-04-30,39,0.874161517799,11693368,0,0,0,0,0,13376667.5402,13376667.5402,0.337666754016,0.337666754016,90.8257542796,root_found,87.6628664082,root_found,False,False,90ef46563af396020168d1fccfcf0fdb41b90234a4aa4af6fd02cf9ce2c52acc,20B_P4_d8_d10_sector_crowding_cost_stoploss_sensitivity_v6,20B_P4_PORTSENS_v6
B0_P4_RAW_RANK__D8__L000__STOP15,SLIP000,2026-04-30,39,0.885941063891,11693368,2923.342,5846.684,116.93368,0,8886.95968,13198810.2557,13189923.296,0.319881025567,0.318992329599,90.8257542796,root_found,87.6628664082,root_found,False,False,6a819db2684a5b6d71d40b52f0a7d8b405b06f28ca9b9a0751fae56898eb4dda,20B_P4_d8_d10_sector_crowding_cost_stoploss_sensitivity_v6,20B_P4_PORTSENS_v6
B0_P4_RAW_RANK__D8__L000__STOP15,SLIP005,2026-04-30,39,0.897920952809,11693368,2923.342,5846.684,116.93368,5846.684,14733.64368,13022714.2639,13007980.6202,0.30227142639,0.300798062022,90.8257542796,root_found,87.6628664082,root_found,False,False,e6a8c9fb26a1caa7962cd549a21cb8fecc0edf0885a98a0e9e61ae3d8bf3142d,20B_P4_d8_d10_sector_crowding_cost_stoploss_sensitivity_v6,20B_P4_PORTSENS_v6
B0_P4_RAW_RANK__D8__L000__STOP15,SLIP010,2026-04-30,39,0.910229272195,11693368,2923.342,5846.684,116.93368,11693.368,20580.32768,12846618.2721,12826037.9444,0.284661827213,0.282603794445,90.8257542796,root_found,87.6628664082,root_found,False,False,83bca6099dbdbd1bfa3901c37565d16564e1e1879d6651ff11513a3a49e47842,20B_P4_d8_d10_sector_crowding_cost_stoploss_sensitivity_v6,20B_P4_PORTSENS_v6
B0_P4_RAW_RANK__D8__L000__STOP15,SLIP020,2026-04-30,39,0.935886749012,11693368,2923.342,5846.684,116.93368,23386.736,32273.69568,12494426.2886,12462152.5929,0.249442628859,0.246215259291,90.8257542796,root_found,87.6628664082,root_found,False,False,215f708cdadd34cd79faf905725ed8036b362c3f22f54d9231f2e7ded8a94dc4,20B_P4_d8_d10_sector_crowding_cost_stoploss_sensitivity_v6,20B_P4_PORTSENS_v6
B0_P4_RAW_RANK__D8__L000__STOP15,SLIP040,2026-04-30,39,0.991800341435,11693368,2923.342,5846.684,116.93368,46773.472,55660.43168,11790042.3215,11734381.8898,0.179004232151,0.173438188983,90.8257542796,root_found,87.6628664082,root_found,False,False,d213b53787713038ded51813198c1f71113b4aa16064747783688cac934a7250,20B_P4_d8_d10_sector_crowding_cost_stoploss_sensitivity_v6,20B_P4_PORTSENS_v6
B0_P4_RAW_RANK__D8__L000__STOP20,GROSS,2026-04-30,42,0.92644300724,12717318,0,0,0,0,0,13727037.6058,13727037.6058,0.372703760579,0.372703760579,101.524736299,root_found,97.6958108622,root_found,False,False,ab065d99768f1605ae55a95ba6292b75675eacafb9a5787eef320d1677b1ab5f,20B_P4_d8_d10_sector_crowding_cost_stoploss_sensitivity_v6,20B_P4_PORTSENS_v6
B0_P4_RAW_RANK__D8__L000__STOP20,SLIP000,2026-04-30,42,0.938505988593,12717318,3179.3295,6358.659,127.17318,0,9665.16168,13550598.6691,13540933.5074,0.355059866913,0.354093350745,101.524736299,root_found,97.6958108622,root_found,False,False,e0a8bc811925b6aaa3cd6db6501004b9667d396a61e13dcd15afed9d1906fb05,20B_P4_d8_d10_sector_crowding_cost_stoploss_sensitivity_v6,20B_P4_PORTSENS_v6
B0_P4_RAW_RANK__D8__L000__STOP20,SLIP005,2026-04-30,42,0.950775269623,12717318,3179.3295,6358.659,127.17318,6358.659,16023.82068,13375734.9463,13359711.1256,0.337573494633,0.335971112565,101.524736299,root_found,97.6958108622,root_found,False,False,a0822d9f2afb7672f06c0fee07b698ae8fba621ce5bb434c2829e2fcf10fdeb4,20B_P4_d8_d10_sector_crowding_cost_stoploss_sensitivity_v6,20B_P4_PORTSENS_v6
B0_P4_RAW_RANK__D8__L000__STOP20,SLIP010,2026-04-30,42,0.963369597708,12717318,3179.3295,6358.659,127.17318,12717.318,22382.47968,13200871.2235,13178488.7438,0.320087122352,0.317848874384,101.524736299,root_found,97.6958108622,root_found,False,False,8067f0346636684c0c17ea3ef9f5748bcf44783dbe6c484184c12adf36f3c0cd,20B_P4_d8_d10_sector_crowding_cost_stoploss_sensitivity_v6,20B_P4_PORTSENS_v6
B0_P4_RAW_RANK__D8__L000__STOP20,SLIP020,2026-04-30,42,0.989586469482,12717318,3179.3295,6358.659,127.17318,25434.636,35099.79768,12851143.7779,12816043.9802,0.285114377792,0.281604398024,101.524736299,root_found,97.6958108622,root_found,False,False,84514035142c86b05dd26490735109925b9c671466e7572a69ee63bdb3860a45,20B_P4_d8_d10_sector_crowding_cost_stoploss_sensitivity_v6,20B_P4_PORTSENS_v6
B0_P4_RAW_RANK__D8__L000__STOP20,SLIP040,2026-04-30,42,1.04654736626,12717318,3179.3295,6358.659,127.17318,50869.272,60534.43368,12151688.8867,12091154.453,0.215168888671,0.209115445303,101.524736299,root_found,97.6958108622,root_found,False,False,9acecc2cb49c88140bfff730f2530f16349136646cafac9c592f949a561bf803,20B_P4_d8_d10_sector_crowding_cost_stoploss_sensitivity_v6,20B_P4_PORTSENS_v6
B0_P4_RAW_RANK__D8__L000__STOPNONE,GROSS,2026-04-30,44,0.957113365555,14097920,0,0,0,0,0,14729624,14729624,0.4729624,0.4729624,128.96951917,root_found,123.723631095,root_found,False,False,6a82d854897b7b05a131ddffb6a2e9a1025ebc4cbc25073c8245dc3eb8ba755d,20B_P4_d8_d10_sector_crowding_cost_stoploss_sensitivity_v6,20B_P4_PORTSENS_v6
B0_P4_RAW_RANK__D8__L000__STOPNONE,SLIP000,2026-04-30,44,0.968821349503,14097920,3524.48,7048.96,140.9792,0,10714.4192,14551619.8701,14540905.4509,0.45516198701,0.45409054509,128.96951917,root_found,123.723631095,root_found,False,False,ca82ef2b48b55c6c5479f7db37c25411a84cf12d71b9aad1de9336b089a2f371,20B_P4_d8_d10_sector_crowding_cost_stoploss_sensitivity_v6,20B_P4_PORTSENS_v6
B0_P4_RAW_RANK__D8__L000__STOPNONE,SLIP005,2026-04-30,44,0.980714035653,14097920,3524.48,7048.96,140.9792,7048.96,17763.3792,14375158.8001,14357395.4209,0.43751588001,0.43573954209,128.96951917,root_found,123.723631095,root_found,False,False,12b5c32bf8abb16febbbf9d7b57f340dda4133cbb2e6b32ce206d1b5dbd0e755,20B_P4_d8_d10_sector_crowding_cost_stoploss_sensitivity_v6,20B_P4_PORTSENS_v6
B0_P4_RAW_RANK__D8__L000__STOPNONE,SLIP010,2026-04-30,44,0.992902325832,14097920,3524.48,7048.96,140.9792,14097.92,24812.3392,14198697.7301,14173885.3909,0.41986977301,0.41738853909,128.96951917,root_found,123.723631095,root_found,False,False,06deaac90fcc639de56efcdf917331430cbf346e466055c37aeead482f7a33f1,20B_P4_d8_d10_sector_crowding_cost_stoploss_sensitivity_v6,20B_P4_PORTSENS_v6
B0_P4_RAW_RANK__D8__L000__STOPNONE,SLIP020,2026-04-30,44,1.0182109271,14097920,3524.48,7048.96,140.9792,28195.84,38910.2592,13845775.5901,13806865.3309,0.38457755901,0.38068653309,128.96951917,root_found,123.723631095,root_found,False,False,150b144603742e53a1020a001d9bd20d3f19b242841a256205b4bad687a709c9,20B_P4_d8_d10_sector_crowding_cost_stoploss_sensitivity_v6,20B_P4_PORTSENS_v6
B0_P4_RAW_RANK__D8__L000__STOPNONE,SLIP040,2026-04-30,44,1.07290667411,14097920,3524.48,7048.96,140.9792,56391.68,67106.0992,13139931.3101,13072825.2109,0.31399313101,0.30728252109,128.96951917,root_found,123.723631095,root_found,False,False,0a279f99624b0884709ca6731273bf2a52f88a73f1382760602c242a697af237,20B_P4_d8_d10_sector_crowding_cost_stoploss_sensitivity_v6,20B_P4_PORTSENS_v6
B0_P4_RAW_RANK__D8__L050__STOP05,GROSS,2026-04-30,13,0.329564343116,3631163,0,0,0,0,0,11018069.9941,11018069.9941,0.101806999407,0.101806999407,22.8973771918,root_found,22.5959929849,root_found,False,False,469d499d5cc149f7e6e32f7b241c87fcdfd5ab38dbe17a3650cd23181624edcf,20B_P4_d8_d10_sector_crowding_cost_stoploss_sensitivity_v6,20B_P4_PORTSENS_v6
B0_P4_RAW_RANK__D8__L050__STOP05,SLIP000,2026-04-30,13,0.335193681922,3631163,907.79075,1815.5815,36.31163,0,2759.68388,10833029.3673,10830269.6834,0.0833029367314,0.0830269683434,22.8973771918,root_found,22.5959929849,root_found,False,False,bf5cbc7055152b1957b45cbea2393fb1bc6ce9abb56cbd52e921f8bd2644bc0c,20B_P4_d8_d10_sector_crowding_cost_stoploss_sensitivity_v6,20B_P4_PORTSENS_v6
B0_P4_RAW_RANK__D8__L050__STOP05,SLIP005,2026-04-30,13,0.340918279275,3631163,907.79075,1815.5815,36.31163,1815.5815,4575.26538,10651124.3918,10646549.1264,0.0651124391817,0.0646549126437,22.8973771918,root_found,22.5959929849,root_found,False,False,86b65f54bc9380abc8fce69295c855b77d6ed940901e1fe43617aaa4d5d08daf,20B_P4_d8_d10_sector_crowding_cost_stoploss_sensitivity_v6,20B_P4_PORTSENS_v6
B0_P4_RAW_RANK__D8__L050__STOP05,SLIP010,2026-04-30,13,0.346841808888,3631163,907.79075,1815.5815,36.31163,3631.163,6390.84688,10469219.4163,10462828.5694,0.046921941632,0.046282856944,22.8973771918,root_found,22.5959929849,root_found,False,False,cd313c826104237c8194c120b780b512cf3479d93f305c60e7ca91b337ed2561,20B_P4_d8_d10_sector_crowding_cost_stoploss_sensitivity_v6,20B_P4_PORTSENS_v6
B0_P4_RAW_RANK__D8__L050__STOP05,SLIP020,2026-04-30,13,0.35932863606,3631163,907.79075,1815.5815,36.31163,7262.326,10022.00988,10105409.4653,10095387.4554,0.0105409465326,0.00953874554463,22.8973771918,root_found,22.5959929849,root_found,False,False,d89f4485077b55fef6df35fa61c8da4da587161109922eea2490c024dbf20fc9,20B_P4_d8_d10_sector_crowding_cost_stoploss_sensitivity_v6,20B_P4_PORTSENS_v6
B0_P4_RAW_RANK__D8__L050__STOP05,SLIP040,2026-04-30,13,0.387208838018,3631163,907.79075,1815.5815,36.31163,14524.652,17284.33588,9377789.56334,9360505.22746,-0.0622210436662,-0.0639494772542,22.8973771918,root_found,22.5959929849,root_found,False,False,cfc566f5754a98c4042fc97d749dc7770a558c510cf3c29028ec041ab0810994,20B_P4_d8_d10_sector_crowding_cost_stoploss_sensitivity_v6,20B_P4_PORTSENS_v6
B0_P4_RAW_RANK__D8__L050__STOP10,GROSS,2026-04-30,30,0.70217098979,9111883,0,0,0,0,0,12976729.5039,12976729.5039,0.297672950391,0.297672950391,78.6733587338,root_found,76.5172485808,root_found,False,False,566d59cadbdcee2e13d0cd6f55b8f5c46a629e67f5b69901f4dab900cca1f17e,20B_P4_d8_d10_sector_crowding_cost_stoploss_sensitivity_v6,20B_P4_PORTSENS_v6
B0_P4_RAW_RANK__D8__L050__STOP10,SLIP000,2026-04-30,30,0.712047980785,9111883,2277.97075,4555.9415,91.11883,0,6925.03108,12796726.1279,12789801.0968,0.279672612785,0.278980109677,78.6733587338,root_found,76.5172485808,root_found,False,False,409e040002c134bd53d6cde90ef5c759a2c8b09157f0b42e795b5613a8fcbd9b,20B_P4_d8_d10_sector_crowding_cost_stoploss_sensitivity_v6,20B_P4_PORTSENS_v6
B0_P4_RAW_RANK__D8__L050__STOP10,SLIP005,2026-04-30,30,0.722077431499,9111883,2277.97075,4555.9415,91.11883,4555.9415,11480.97258,12618983.2316,12607502.259,0.26189832316,0.260750225902,78.6733587338,root_found,76.5172485808,root_found,False,False,f1847d2098ca3e5bf02a6da93c4c70cea49afefc3ba520fad9ee5364f1d04cb3,20B_P4_d8_d10_sector_crowding_cost_stoploss_sensitivity_v6,20B_P4_PORTSENS_v6
B0_P4_RAW_RANK__D8__L050__STOP10,SLIP010,2026-04-30,30,0.732393455507,9111883,2277.97075,4555.9415,91.11883,9111.883,16036.91408,12441240.3354,12425203.4213,0.244124033535,0.242520342127,78.6733587338,root_found,76.5172485808,root_found,False,False,1fd845d3710a1caf7e84e591b0cef070eb3b5ff1a1d5043f907428f08a1c51ee,20B_P4_d8_d10_sector_crowding_cost_stoploss_sensitivity_v6,20B_P4_PORTSENS_v6
B0_P4_RAW_RANK__D8__L050__STOP10,SLIP020,2026-04-30,30,0.753935798356,9111883,2277.97075,4555.9415,91.11883,18223.766,25148.79708,12085754.5428,12060605.7458,0.208575454285,0.206060574577,78.6733587338,root_found,76.5172485808,root_found,False,False,eb9932da5b01edae30bfc7d3c9ba1767e70a1c9f77779a32485d47ba2594cf7a,20B_P4_d8_d10_sector_crowding_cost_stoploss_sensitivity_v6,20B_P4_PORTSENS_v6
B0_P4_RAW_RANK__D8__L050__STOP10,SLIP040,2026-04-30,30,0.801059944069,9111883,2277.97075,4555.9415,91.11883,36447.532,43372.56308,11374782.9578,11331410.3948,0.137478295784,0.133141039476,78.6733587338,root_found,76.5172485808,root_found,False,False,5ef4220af62e8b84ca9f93e5c5b22aa0716a92ff997ebc376a061e84dd73b307,20B_P4_d8_d10_sector_crowding_cost_stoploss_sensitivity_v6,20B_P4_PORTSENS_v6
B0_P4_RAW_RANK__D8__L050__STOP15,GROSS,2026-04-30,39,0.872083787378,11710280,0,0,0,0,0,13427929.9415,13427929.9415,0.342792994147,0.342792994147,91.6161266832,root_found,88.4444946678,root_found,False,False,a8239a29df18c3907838512fca70bbb35888f538490017e7294d526df3095359,20B_P4_d8_d10_sector_crowding_cost_stoploss_sensitivity_v6,20B_P4_PORTSENS_v6
B0_P4_RAW_RANK__D8__L050__STOP15,SLIP000,2026-04-30,39,0.883871815192,11710280,2927.57,5855.14,117.1028,0,8899.8128,13248844.2314,13239944.4186,0.32488442314,0.32399444186,91.6161266832,root_found,88.4444946678,root_found,False,False,0c9af42ed121496cfb1cff81951538cae4d7001dae7e04273a001412a40d461a,20B_P4_d8_d10_sector_crowding_cost_stoploss_sensitivity_v6,20B_P4_PORTSENS_v6
B0_P4_RAW_RANK__D8__L050__STOP15,SLIP005,2026-04-30,39,0.89586099856,11710280,2927.57,5855.14,117.1028,5855.14,14754.9528,13071536.7884,13056781.8356,0.307153678843,0.305678183563,91.6161266832,root_found,88.4444946678,root_found,False,False,24fb6db24b910bd040cac810f69641dd1f2797199463a78be3cb026eeeab8d76,20B_P4_d8_d10_sector_crowding_cost_stoploss_sensitivity_v6,20B_P4_PORTSENS_v6
B0_P4_RAW_RANK__D8__L050__STOP15,SLIP010,2026-04-30,39,0.908179906395,11710280,2927.57,5855.14,117.1028,11710.28,20610.0928,12894229.3455,12873619.2527,0.289422934546,0.287361925266,91.6161266832,root_found,88.4444946678,root_found,False,False,6ca0893142ec7f9dcb8850ba85d65854d181a0717e067bb6305aeb18cba1b817,20B_P4_d8_d10_sector_crowding_cost_stoploss_sensitivity_v6,20B_P4_PORTSENS_v6
B0_P4_RAW_RANK__D8__L050__STOP15,SLIP020,2026-04-30,39,0.933862842259,11710280,2927.57,5855.14,117.1028,23420.56,32320.3728,12539614.4595,12507294.0867,0.253961445952,0.250729408672,91.6161266832,root_found,88.4444946678,root_found,False,False,4e6488e24dbfca79d9b88546441fb0232d538d2f92d040a8931ffac18ca6ce0a,20B_P4_d8_d10_sector_crowding_cost_stoploss_sensitivity_v6,20B_P4_PORTSENS_v6
B0_P4_RAW_RANK__D8__L050__STOP15,SLIP040,2026-04-30,39,0.989847778343,11710280,2927.57,5855.14,117.1028,46841.12,55740.9328,11830384.6876,11774643.7548,0.183038468764,0.177464375484,91.6161266832,root_found,88.4444946678,root_found,False,False,5cbfe06972addba490b796e268630141f1a8c7187c66481dd2eccd7d275ca5eb,20B_P4_d8_d10_sector_crowding_cost_stoploss_sensitivity_v6,20B_P4_PORTSENS_v6
B0_P4_RAW_RANK__D8__L050__STOP20,GROSS,2026-04-30,42,0.924730886126,12655190,0,0,0,0,0,13685267.9951,13685267.9951,0.368526799513,0.368526799513,100.4924439,root_found,96.7120407622,root_found,False,False,bce67d8386d353ad97c022c66af186a7324ba9f0f597bf918a1971cadb000c7a,20B_P4_d8_d10_sector_crowding_cost_stoploss_sensitivity_v6,20B_P4_PORTSENS_v6
B0_P4_RAW_RANK__D8__L050__STOP20,SLIP000,2026-04-30,42,0.936788525037,12655190,3163.7975,6327.595,126.5519,0,9617.9444,13509121.4952,13499503.5508,0.350912149516,0.349950355076,100.4924439,root_found,96.7120407622,root_found,False,False,26e44bdf0d559ef5ca9c4eca2e3eba47bbbcd7050a043c43ef4398c1b5701491,20B_P4_d8_d10_sector_crowding_cost_stoploss_sensitivity_v6,20B_P4_PORTSENS_v6
B0_P4_RAW_RANK__D8__L050__STOP20,SLIP005,2026-04-30,42,0.949054413374,12655190,3163.7975,6327.595,126.5519,6327.595,15945.5394,13334525.2092,13318579.6698,0.333452520916,0.331857966976,100.4924439,root_found,96.7120407622,root_found,False,False,36a8cea2ebbd0357736d476acb91ccd161b994ceab74bd7f2306ea758b7f8596,20B_P4_d8_d10_sector_crowding_cost_stoploss_sensitivity_v6,20B_P4_PORTSENS_v6
B0_P4_RAW_RANK__D8__L050__STOP20,SLIP010,2026-04-30,42,0.961645771333,12655190,3163.7975,6327.595,126.5519,12655.19,22273.1344,13159928.9232,13137655.7888,0.315992892317,0.313765578877,100.4924439,root_found,96.7120407622,root_found,False,False,9a1b8924aac44d341759d77b4fce8484b843438dea4f51caa1d0a4fcacc10341,20B_P4_d8_d10_sector_crowding_cost_stoploss_sensitivity_v6,20B_P4_PORTSENS_v6
B0_P4_RAW_RANK__D8__L050__STOP20,SLIP020,2026-04-30,42,0.987858125645,12655190,3163.7975,6327.595,126.5519,25310.38,34928.3244,12810736.3512,12775808.0268,0.281073635117,0.277580802677,100.4924439,root_found,96.7120407622,root_found,False,False,564a12b4c88526efd3bd457d2890095e86d2186733fc3e44a695f761c5757af3,20B_P4_d8_d10_sector_crowding_cost_stoploss_sensitivity_v6,20B_P4_PORTSENS_v6
B0_P4_RAW_RANK__D8__L050__STOP20,SLIP040,2026-04-30,42,1.04481696275,12655190,3163.7975,6327.595,126.5519,50620.76,60238.7044,12112351.2072,12052112.5028,0.211235120718,0.205211250278,100.4924439,root_found,96.7120407622,root_found,False,False,c69183e3672977632b6c1cdf0183718ab6c68ce2ca4a7654a3d19b2a8e9eab99,20B_P4_d8_d10_sector_crowding_cost_stoploss_sensitivity_v6,20B_P4_PORTSENS_v6
B0_P4_RAW_RANK__D8__L050__STOPNONE,GROSS,2026-04-30,44,0.957624733609,14076803,0,0,0,0,0,14699707,14699707,0.4699707,0.4699707,128.40731665,root_found,123.179853643,root_found,False,False,cd0d7212b58e39fea2c7d49607b0d76cdcb75b788ae5361c0fa0c870f0048180,20B_P4_d8_d10_sector_crowding_cost_stoploss_sensitivity_v6,20B_P4_PORTSENS_v6
B0_P4_RAW_RANK__D8__L050__STOPNONE,SLIP000,2026-04-30,44,0.969334150984,14076803,3519.20075,7038.4015,140.76803,0,10698.37028,14522136.6499,14511438.2796,0.45221366499,0.451143827962,128.40731665,root_found,123.179853643,root_found,False,False,0affa4f3b635330510569691d8bbf55e00135e6fd07244a32ba6fad8b9e0d9c8,20B_P4_d8_d10_sector_crowding_cost_stoploss_sensitivity_v6,20B_P4_PORTSENS_v6
B0_P4_RAW_RANK__D8__L050__STOPNONE,SLIP005,2026-04-30,44,0.981231906988,14076803,3519.20075,7038.4015,140.76803,7038.4015,17736.77178,14346051.0199,14328314.2481,0.43460510199,0.432831424812,128.40731665,root_found,123.179853643,root_found,False,False,0f78a2591b60ac9f245feb15bf52fabb71effc3cad3d664abd4ee9a19a047891,20B_P4_d8_d10_sector_crowding_cost_stoploss_sensitivity_v6,20B_P4_PORTSENS_v6
B0_P4_RAW_RANK__D8__L050__STOPNONE,SLIP010,2026-04-30,44,0.993425362212,14076803,3519.20075,7038.4015,140.76803,14076.803,24775.17328,14169965.3899,14145190.2166,0.41699653899,0.414519021662,128.40731665,root_found,123.179853643,root_found,False,False,29ab7c37f485acc8e21d2089638de4958fad38a9f34d0057705d79808c1c6ed1,20B_P4_d8_d10_sector_crowding_cost_stoploss_sensitivity_v6,20B_P4_PORTSENS_v6
B0_P4_RAW_RANK__D8__L050__STOPNONE,SLIP020,2026-04-30,44,1.01874458887,14076803,3519.20075,7038.4015,140.76803,28153.606,38851.97628,13817794.1299,13778942.1536,0.38177941299,0.377894215362,128.40731665,root_found,123.179853643,root_found,False,False,afcdf8bf494502255fecbbcd9b63daa7a6be6186376db0c178ea65de91b7e6d1,20B_P4_d8_d10_sector_crowding_cost_stoploss_sensitivity_v6,20B_P4_PORTSENS_v6
B0_P4_RAW_RANK__D8__L050__STOPNONE,SLIP040,2026-04-30,44,1.07346283944,14076803,3519.20075,7038.4015,140.76803,56307.212,67005.58228,13113451.6099,13046446.0276,0.31134516099,0.304644602762,128.40731665,root_found,123.179853643,root_found,False,False,b987e9ca0c4d55bf2dbc30d4a0a16934acb76a9cf49030ac1391ae049d4b8d19,20B_P4_d8_d10_sector_crowding_cost_stoploss_sensitivity_v6,20B_P4_PORTSENS_v6
B0_P4_RAW_RANK__D8__L100__STOP05,GROSS,2026-04-30,13,0.329678142869,3633069,0,0,0,0,0,11020048.1244,11020048.1244,0.102004812445,0.102004812445,22.9724249184,root_found,22.6699303785,root_found,False,False,e1acd0adf41631f8ea03a6dbdcdc16cc353042e666c0004ebeb249a3e6151296,20B_P4_d8_d10_sector_crowding_cost_stoploss_sensitivity_v6,20B_P4_PORTSENS_v6
B0_P4_RAW_RANK__D8__L100__STOP05,SLIP000,2026-04-30,13,0.335303399718,3633069,908.26725,1816.5345,36.33069,0,2761.13244,10835168.9934,10832407.8609,0.0835168993374,0.0832407860934,22.9724249184,root_found,22.6699303785,root_found,False,False,965f16f4b410316f42c82974f3915eac01203379d84a0db5d2a9ce6933433cf7,20B_P4_d8_d10_sector_crowding_cost_stoploss_sensitivity_v6,20B_P4_PORTSENS_v6
B0_P4_RAW_RANK__D8__L100__STOP05,SLIP005,2026-04-30,13,0.34102460527,3633069,908.26725,1816.5345,36.33069,1816.5345,4577.66694,10653392.5818,10648814.9149,0.0653392581811,0.0648814914871,22.9724249184,root_found,22.6699303785,root_found,False,False,7dc0614233bd0781d589cde81f7fe2c5388ca0b2e3537400cfc723fc30fcee35,20B_P4_d8_d10_sector_crowding_cost_stoploss_sensitivity_v6,20B_P4_PORTSENS_v6
B0_P4_RAW_RANK__D8__L100__STOP05,SLIP010,2026-04-30,13,0.346944439228,3633069,908.26725,1816.5345,36.33069,3633.069,6394.20144,10471616.1702,10465221.9688,0.0471616170249,0.0465221968809,22.9724249184,root_found,22.6699303785,root_found,False,False,4480666394af3614810082a7b3177d6ec23b79d354acbdb75e5dbc9765b62e43,20B_P4_d8_d10_sector_crowding_cost_stoploss_sensitivity_v6,20B_P4_PORTSENS_v6
B0_P4_RAW_RANK__D8__L100__STOP05,SLIP020,2026-04-30,13,0.359422856311,3633069,908.26725,1816.5345,36.33069,7266.138,10027.27044,10108063.3471,10098036.0767,0.0108063347125,0.00980360766848,22.9724249184,root_found,22.6699303785,root_found,False,False,d71d41db7909666d4644b623c4e777f420bf42b1a549207dc5337b6e86c1a73f,20B_P4_d8_d10_sector_crowding_cost_stoploss_sensitivity_v6,20B_P4_PORTSENS_v6
B0_P4_RAW_RANK__D8__L100__STOP05,SLIP040,2026-04-30,13,0.387281247378,3633069,908.26725,1816.5345,36.33069,14532.276,17293.40844,9380957.70088,9363664.29244,-0.0619042299124,-0.0636335707564,22.9724249184,root_found,22.6699303785,root_found,False,False,5bdf87fe33bd7c1ec652db44997d36864b7092d78ccacd82967a9215873dbb18,20B_P4_d8_d10_sector_crowding_cost_stoploss_sensitivity_v6,20B_P4_PORTSENS_v6
B0_P4_RAW_RANK__D8__L100__STOP10,GROSS,2026-04-30,30,0.703728302268,9131089,0,0,0,0,0,12975304.4898,12975304.4898,0.297530448978,0.297530448978,78.515605037,root_found,76.3619997779,root_found,False,False,6448602057479a84baeff6abc5716b5a838dfafa79c348b6805796f1e25432f3,20B_P4_d8_d10_sector_crowding_cost_stoploss_sensitivity_v6,20B_P4_PORTSENS_v6
B0_P4_RAW_RANK__D8__L100__STOP10,SLIP000,2026-04-30,30,0.713640279726,9131089,2282.77225,4565.5445,91.31089,0,6939.62764,12795086.3473,12788146.7197,0.279508634729,0.278814671965,78.515605037,root_found,76.3619997779,root_found,False,False,d7bf7b0f906b579d93287e0b8a773e779e695cb57dfb84a293ba199228bd09dc,20B_P4_d8_d10_sector_crowding_cost_stoploss_sensitivity_v6,20B_P4_PORTSENS_v6
B0_P4_RAW_RANK__D8__L100__STOP10,SLIP005,2026-04-30,30,0.723707959177,9131089,2282.77225,4565.5445,91.31089,4565.5445,11505.17214,12617090.7535,12605585.5814,0.261709075355,0.260558558141,78.515605037,root_found,76.3619997779,root_found,False,False,4f8ff25c038e9ac5e197d3750dfb4e3903175c3a7f1600b5585ddd922e262e38,20B_P4_d8_d10_sector_crowding_cost_stoploss_sensitivity_v6,20B_P4_PORTSENS_v6
B0_P4_RAW_RANK__D8__L100__STOP10,SLIP010,2026-04-30,30,0.734063762894,9131089,2282.77225,4565.5445,91.31089,9131.089,16070.71664,12439095.1598,12423024.4432,0.24390951598,0.242302444316,78.515605037,root_found,76.3619997779,root_found,False,False,8cf65e9ec89953d06f3e6757b052cc2f17a3655ef55a1c3cbe5f0e1f5439acf2,20B_P4_d8_d10_sector_crowding_cost_stoploss_sensitivity_v6,20B_P4_PORTSENS_v6
B0_P4_RAW_RANK__D8__L100__STOP10,SLIP020,2026-04-30,30,0.755690675254,9131089,2282.77225,4565.5445,91.31089,18262.178,25201.80564,12083103.9723,12057902.1667,0.208310397231,0.205790216667,78.515605037,root_found,76.3619997779,root_found,False,False,d14dec15486ef6ca3a12b484ca5bd5e95a59fadc92aa69322c0acf91ee36097e,20B_P4_d8_d10_sector_crowding_cost_stoploss_sensitivity_v6,20B_P4_PORTSENS_v6
B0_P4_RAW_RANK__D8__L100__STOP10,SLIP040,2026-04-30,30,0.803006890907,9131089,2282.77225,4565.5445,91.31089,36524.356,43463.98364,11371121.5973,11327657.6137,0.137112159733,0.132765761369,78.515605037,root_found,76.3619997779,root_found,False,False,a127e8abb28728e682f6f7897d34a2239df595ca9635691183461af2a17d1cc6,20B_P4_d8_d10_sector_crowding_cost_stoploss_sensitivity_v6,20B_P4_PORTSENS_v6
B0_P4_RAW_RANK__D8__L100__STOP15,GROSS,2026-04-30,39,0.870421956838,11658082,0,0,0,0,0,13393598.2525,13393598.2525,0.339359825246,0.339359825246,90.6791042471,root_found,87.5500303628,root_found,False,False,28e9139f4ba9122d0e79eb62cb823aa9c4d2ba9f1c5ff005a8caa9707c29ff4d,20B_P4_d8_d10_sector_crowding_cost_stoploss_sensitivity_v6,20B_P4_PORTSENS_v6
B0_P4_RAW_RANK__D8__L100__STOP15,SLIP000,2026-04-30,39,0.882212003038,11658082,2914.5205,5829.041,116.58082,0,8860.14232,13214603.7005,13205743.5582,0.321460370054,0.320574355822,90.6791042471,root_found,87.5500303628,root_found,False,False,ee9f36810933e8ceeec337018ac56d3557eb89c3fc6355decde205a26b2cca3f,20B_P4_d8_d10_sector_crowding_cost_stoploss_sensitivity_v6,20B_P4_PORTSENS_v6
B0_P4_RAW_RANK__D8__L100__STOP15,SLIP005,2026-04-30,39,0.89420627223,11658082,2914.5205,5829.041,116.58082,5829.041,14689.18332,13037352.0764,13022662.8931,0.303735207641,0.302266289309,90.6791042471,root_found,87.5500303628,root_found,False,False,3eda69949fbbb34da11f01b1dc5f21ed20b2602abf84af899b2151e356fab31d,20B_P4_d8_d10_sector_crowding_cost_stoploss_sensitivity_v6,20B_P4_PORTSENS_v6
B0_P4_RAW_RANK__D8__L100__STOP15,SLIP010,2026-04-30,39,0.906531177051,11658082,2914.5205,5829.041,116.58082,11658.082,20518.22432,12860100.4523,12839582.228,0.286010045228,0.283958222796,90.6791042471,root_found,87.5500303628,root_found,False,False,fba2e2b14f1ab721a53c9942e4c163bd32b526ef560eb82dfe0d3029d2adfeb6,20B_P4_d8_d10_sector_crowding_cost_stoploss_sensitivity_v6,20B_P4_PORTSENS_v6
B0_P4_RAW_RANK__D8__L100__STOP15,SLIP020,2026-04-30,39,0.932229129868,11658082,2914.5205,5829.041,116.58082,23316.164,32176.30632,12505597.204,12473420.8977,0.250559720403,0.247342089771,90.6791042471,root_found,87.5500303628,root_found,False,False,2b1759951272a97e1734f8af25e515b8a375464c2c500b44f84eb785bab26eaa,20B_P4_d8_d10_sector_crowding_cost_stoploss_sensitivity_v6,20B_P4_PORTSENS_v6
B0_P4_RAW_RANK__D8__L100__STOP15,SLIP040,2026-04-30,39,0.988258581572,11658082,2914.5205,5829.041,116.58082,46632.328,55492.47032,11796590.7075,11741098.2372,0.179659070753,0.174109823721,90.6791042471,root_found,87.5500303628,root_found,False,False,c19f5a454614fb5ce3cae22a70a1adb397ed91a49f4bcb828357f3c3e67768cc,20B_P4_d8_d10_sector_crowding_cost_stoploss_sensitivity_v6,20B_P4_PORTSENS_v6
B0_P4_RAW_RANK__D8__L100__STOP20,GROSS,2026-04-30,42,0.926780395182,12695633,0,0,0,0,0,13698642.1659,13698642.1659,0.369864216594,0.369864216594,100.866108241,root_found,97.0613080899,root_found,False,False,0a762fa0df53fcf26de74d6c28cb05b24acee4faa0027bbe56537358fc9d8f2c,20B_P4_d8_d10_sector_crowding_cost_stoploss_sensitivity_v6,20B_P4_PORTSENS_v6
B0_P4_RAW_RANK__D8__L100__STOP20,SLIP000,2026-04-30,42,0.938850854801,12695633,3173.90825,6347.8165,126.95633,0,9648.68108,13522523.7694,13512875.0884,0.352252376944,0.351287508836,100.866108241,root_found,97.0613080899,root_found,False,False,67c9fba04316a43ee31c121faadf191fb7dce33291ad635d06ba51a4ecd4b04d,20B_P4_d8_d10_sector_crowding_cost_stoploss_sensitivity_v6,20B_P4_PORTSENS_v6
B0_P4_RAW_RANK__D8__L100__STOP20,SLIP005,2026-04-30,42,0.951132654514,12695633,3173.90825,6347.8165,126.95633,6347.8165,15996.49758,13347909.9259,13331913.4283,0.334790992586,0.333191342828,100.866108241,root_found,97.0613080899,root_found,False,False,161626cfe64eb044136bd28b51d327b4d97a51325e1c9ad9e5efc7c64aa938be,20B_P4_d8_d10_sector_crowding_cost_stoploss_sensitivity_v6,20B_P4_PORTSENS_v6
B0_P4_RAW_RANK__D8__L100__STOP20,SLIP010,2026-04-30,42,0.963740048103,12695633,3173.90825,6347.8165,126.95633,12695.633,22344.31408,13173296.0823,13150951.7682,0.317329608227,0.315095176819,100.866108241,root_found,97.0613080899,root_found,False,False,650605690beb0758781af27dc81210686f74045d89deebfb29dc587972eccd27,20B_P4_d8_d10_sector_crowding_cost_stoploss_sensitivity_v6,20B_P4_PORTSENS_v6
B0_P4_RAW_RANK__D8__L100__STOP20,SLIP020,2026-04-30,42,0.989984816741,12695633,3173.90825,6347.8165,126.95633,25391.266,35039.94708,12824068.3951,12789028.448,0.282406839511,0.278902844803,100.866108241,root_found,97.0613080899,root_found,False,False,18a1422401b934b93a2866ec0f8bfbbf671afcb26e9b507ab90b849d400c6420,20B_P4_d8_d10_sector_crowding_cost_stoploss_sensitivity_v6,20B_P4_PORTSENS_v6
B0_P4_RAW_RANK__D8__L100__STOP20,SLIP040,2026-04-30,42,1.04700958032,12695633,3173.90825,6347.8165,126.95633,50782.532,60431.21308,12125613.0208,12065181.8077,0.212561302078,0.20651818077,100.866108241,root_found,97.0613080899,root_found,False,False,114fc9290e97d4758ae3dbb3148bc4248c393ecc197f324f6ad8113715f0498f,20B_P4_d8_d10_sector_crowding_cost_stoploss_sensitivity_v6,20B_P4_PORTSENS_v6
B0_P4_RAW_RANK__D8__L100__STOPNONE,GROSS,2026-04-30,44,0.958045030637,14072574,0,0,0,0,0,14688844,14688844,0.4688844,0.4688844,128.079929065,root_found,122.867315938,root_found,False,False,bb21f91a57d877af890a1c95b8bd7e1ea95f76a7e979ffe44cd9339292d137a9,20B_P4_d8_d10_sector_crowding_cost_stoploss_sensitivity_v6,20B_P4_PORTSENS_v6
B0_P4_RAW_RANK__D8__L100__STOPNONE,SLIP000,2026-04-30,44,0.969767188722,14072574,3518.1435,7036.287,140.72574,0,10695.15624,14511291.126,14500595.9698,0.451129112601,0.450059596977,128.079929065,root_found,122.867315938,root_found,False,False,214968c1e3b86710e43da63c8764d7bcff4e7ae3fbc100c6c199bf87f83d6817,20B_P4_d8_d10_sector_crowding_cost_stoploss_sensitivity_v6,20B_P4_PORTSENS_v6
B0_P4_RAW_RANK__D8__L100__STOPNONE,SLIP005,2026-04-30,44,0.981681094259,14072574,3518.1435,7036.287,140.72574,7036.287,17731.44324,14335178.789,14317447.3458,0.433517878901,0.431744734577,128.079929065,root_found,122.867315938,root_found,False,False,6814354b064f4a94260afb7d013e6f2bb31adaa4e89404b1886aed38dfc5f7b6,20B_P4_d8_d10_sector_crowding_cost_stoploss_sensitivity_v6,20B_P4_PORTSENS_v6
B0_P4_RAW_RANK__D8__L100__STOPNONE,SLIP010,2026-04-30,44,0.993891373255,14072574,3518.1435,7036.287,140.72574,14072.574,24767.73024,14159066.452,14134298.7218,0.415906645201,0.413429872177,128.079929065,root_found,122.867315938,root_found,False,False,76b3a5d361c5ea4f259a6b30c8d4204caecff3204311febcebd89c43745e2325,20B_P4_d8_d10_sector_crowding_cost_stoploss_sensitivity_v6,20B_P4_PORTSENS_v6
B0_P4_RAW_RANK__D8__L100__STOPNONE,SLIP020,2026-04-30,44,1.01924641611,14072574,3518.1435,7036.287,140.72574,28145.148,38840.30424,13806841.778,13768001.4738,0.380684177801,0.376800147377,128.079929065,root_found,122.867315938,root_found,False,False,d2b05783ab05cdaa37bcc9f70deef6d954a1415302c2f38c8b039ab381995b95,20B_P4_d8_d10_sector_crowding_cost_stoploss_sensitivity_v6,20B_P4_PORTSENS_v6
B0_P4_RAW_RANK__D8__L100__STOPNONE,SLIP040,2026-04-30,44,1.07404613891,14072574,3518.1435,7036.287,140.72574,56290.296,66985.45224,13102392.43,13035406.9778,0.310239243001,0.303540697777,128.079929065,root_found,122.867315938,root_found,False,False,68b45022d5adb1096c63d2f2cfc23930977487064233400227fa5ebb9c8a86e9,20B_P4_d8_d10_sector_crowding_cost_stoploss_sensitivity_v6,20B_P4_PORTSENS_v6
B0_P4_RAW_RANK__D9__L000__STOP05,GROSS,2026-04-30,21,0.505742375913,6054854,0,0,0,0,0,11972210.1378,11972210.1378,0.197221013777,0.197221013777,50.4171821267,root_found,49.4453150422,root_found,False,False,75715e95591d7aa3982967d286029d7c7c4c7bd7276b33cb3adc90da1468f707,20B_P4_d8_d10_sector_crowding_cost_stoploss_sensitivity_v6,20B_P4_PORTSENS_v6
B0_P4_RAW_RANK__D9__L000__STOP05,SLIP000,2026-04-30,21,0.513478999858,6054854,1513.7135,3027.427,60.54854,0,4601.68904,11791824.0117,11787222.3226,0.179182401165,0.178722232261,50.4171821267,root_found,49.4453150422,root_found,False,False,36538eaedbf5946be9aec42bfd1a9a9c5509785cca63985bcb336955523db1a4,20B_P4_d8_d10_sector_crowding_cost_stoploss_sensitivity_v6,20B_P4_PORTSENS_v6
B0_P4_RAW_RANK__D9__L000__STOP05,SLIP005,2026-04-30,21,0.521335389339,6054854,1513.7135,3027.427,60.54854,3027.427,7629.11604,11614124.2736,11606495.1575,0.161412427358,0.160649515754,50.4171821267,root_found,49.4453150422,root_found,False,False,2591d249faea8616517d0f31be36e73d1059e589cb5b6cfbb274d427ffc8f602,20B_P4_d8_d10_sector_crowding_cost_stoploss_sensitivity_v6,20B_P4_PORTSENS_v6
B0_P4_RAW_RANK__D9__L000__STOP05,SLIP010,2026-04-30,21,0.529435924768,6054854,1513.7135,3027.427,60.54854,6054.854,10656.54304,11436424.5355,11425767.9925,0.143642453552,0.142576799248,50.4171821267,root_found,49.4453150422,root_found,False,False,029c6a92ddce158639bf71ed275ea708fd605f3828d313eeed14fa92d05389fc,20B_P4_d8_d10_sector_crowding_cost_stoploss_sensitivity_v6,20B_P4_PORTSENS_v6
B0_P4_RAW_RANK__D9__L000__STOP05,SLIP020,2026-04-30,21,0.546416416131,6054854,1513.7135,3027.427,60.54854,12109.708,16711.39704,11081025.0594,11064313.6623,0.108102505938,0.106431366234,50.4171821267,root_found,49.4453150422,root_found,False,False,084e8c68902cf30ff0277fdb0af47d19046bcc9442f8b46eecbd728564d19303,20B_P4_d8_d10_sector_crowding_cost_stoploss_sensitivity_v6,20B_P4_PORTSENS_v6
B0_P4_RAW_RANK__D9__L000__STOP05,SLIP040,2026-04-30,21,0.58386904369,6054854,1513.7135,3027.427,60.54854,24219.416,28821.10504,10370226.1071,10341405.0021,0.0370226107102,0.0341405002062,50.4171821267,root_found,49.4453150422,root_found,False,False,670b7cdf58c912de2f8eb531722965369bdc770d4f09597f5000619dc9357495,20B_P4_d8_d10_sector_crowding_cost_stoploss_sensitivity_v6,20B_P4_PORTSENS_v6
B0_P4_RAW_RANK__D9__L000__STOP10,GROSS,2026-04-30,39,0.878288391055,11515939,0,0,0,0,0,13111796.8964,13111796.8964,0.311179689642,0.311179689642,88.3788606916,root_found,85.1714258715,root_found,False,False,51e791dc78d49e030f2c3fde658b7acf49761f212a91d8495749842a4d946f3f,20B_P4_d8_d10_sector_crowding_cost_stoploss_sensitivity_v6,20B_P4_PORTSENS_v6
B0_P4_RAW_RANK__D9__L000__STOP10,SLIP000,2026-04-30,39,0.8896895852,11515939,2878.98475,5757.9695,115.15939,0,8752.11364,12943771.8408,12935019.7272,0.294377184084,0.29350197272,88.3788606916,root_found,85.1714258715,root_found,False,False,de3307f0ebc86ec32ce5a78163613837bb9fbdf9a59e9c14d4efa3670f01854e,20B_P4_d8_d10_sector_crowding_cost_stoploss_sensitivity_v6,20B_P4_PORTSENS_v6
B0_P4_RAW_RANK__D9__L000__STOP10,SLIP005,2026-04-30,39,0.901286102432,11515939,2878.98475,5757.9695,115.15939,5757.9695,14510.08314,12777229.0829,12762718.9997,0.277722908289,0.276271899975,88.3788606916,root_found,85.1714258715,root_found,False,False,0e8de833abebe912b2bae9a0d3835966272d37d5e396a5c0410a3af3cd158f69,20B_P4_d8_d10_sector_crowding_cost_stoploss_sensitivity_v6,20B_P4_PORTSENS_v6
B0_P4_RAW_RANK__D9__L000__STOP10,SLIP010,2026-04-30,39,0.913188917975,11515939,2878.98475,5757.9695,115.15939,11515.939,20268.05264,12610686.3249,12590418.2723,0.261068632494,0.25904182723,88.3788606916,root_found,85.1714258715,root_found,False,False,cacc877b6a09ddda107831604db2d780143ed02ffae3cd005f75e0a971e4c02b,20B_P4_d8_d10_sector_crowding_cost_stoploss_sensitivity_v6,20B_P4_PORTSENS_v6
B0_P4_RAW_RANK__D9__L000__STOP10,SLIP020,2026-04-30,39,0.937963302367,11515939,2878.98475,5757.9695,115.15939,23031.878,31783.99164,12277600.809,12245816.8174,0.227760080904,0.22458168174,88.3788606916,root_found,85.1714258715,root_found,False,False,1de2aabb22a6e62b60d7d6e19942f33b5a73a0d77a375f96f9073c0079b3a7d5,20B_P4_d8_d10_sector_crowding_cost_stoploss_sensitivity_v6,20B_P4_PORTSENS_v6
B0_P4_RAW_RANK__D9__L000__STOP10,SLIP040,2026-04-30,39,0.991776139624,11515939,2878.98475,5757.9695,115.15939,46063.756,54815.86964,11611429.7773,11556613.9076,0.161142977725,0.155661390761,88.3788606916,root_found,85.1714258715,root_found,False,False,1da653d2917e4826928b30a8fb00ffc57657c12afe03b73ce57718e48810b9bf,20B_P4_d8_d10_sector_crowding_cost_stoploss_sensitivity_v6,20B_P4_PORTSENS_v6
B0_P4_RAW_RANK__D9__L000__STOP15,GROSS,2026-04-30,40,0.900639684291,12729001,0,0,0,0,0,14133289.0633,14133289.0633,0.413328906333,0.413328906333,117.664598391,root_found,113.103200867,root_found,False,False,f3112a9303aa080e2568d88683fed958230df31abe17745660b2dd4b75b1b114,20B_P4_d8_d10_sector_crowding_cost_stoploss_sensitivity_v6,20B_P4_PORTSENS_v6
B0_P4_RAW_RANK__D9__L000__STOP15,SLIP000,2026-04-30,40,0.911601646267,12729001,3182.25025,6364.5005,127.29001,0,9674.04076,13963337.0038,13953662.963,0.396333700375,0.395366296299,117.664598391,root_found,113.103200867,root_found,False,False,0582e602793513ba05a96f0465e2619d597906ed4434e4aba84e524eacf7ee8f,20B_P4_d8_d10_sector_crowding_cost_stoploss_sensitivity_v6,20B_P4_PORTSENS_v6
B0_P4_RAW_RANK__D9__L000__STOP15,SLIP005,2026-04-30,40,0.922731029442,12729001,3182.25025,6364.5005,127.29001,6364.5005,16038.54126,13794920.2897,13778881.7485,0.379492028972,0.377888174846,117.664598391,root_found,113.103200867,root_found,False,False,49f1428acd9e09e39726029b27dc210758327bb564a8128b19c8b1df7ffb8a2a,20B_P4_d8_d10_sector_crowding_cost_stoploss_sensitivity_v6,20B_P4_PORTSENS_v6
B0_P4_RAW_RANK__D9__L000__STOP15,SLIP010,2026-04-30,40,0.934135519746,12729001,3182.25025,6364.5005,127.29001,12729.001,22403.04176,13626503.5757,13604100.5339,0.362650357569,0.360410053393,117.664598391,root_found,113.103200867,root_found,False,False,c84862b98c5fea4fcae63f3515281f3062b5a3a5683b15cc212270412c716a9a,20B_P4_d8_d10_sector_crowding_cost_stoploss_sensitivity_v6,20B_P4_PORTSENS_v6
B0_P4_RAW_RANK__D9__L000__STOP15,SLIP020,2026-04-30,40,0.957811658122,12729001,3182.25025,6364.5005,127.29001,25458.002,35132.04276,13289670.1476,13254538.1049,0.328967014763,0.325453810487,117.664598391,root_found,113.103200867,root_found,False,False,0dd86aac261abce2ab3014ac88cf93dec771dcb1e5d37d15d1b0fb23e1eab0f4,20B_P4_d8_d10_sector_crowding_cost_stoploss_sensitivity_v6,20B_P4_PORTSENS_v6
B0_P4_RAW_RANK__D9__L000__STOP15,SLIP040,2026-04-30,40,1.00895669618,12729001,3182.25025,6364.5005,127.29001,50916.004,60590.04476,12616003.2915,12555413.2467,0.26160032915,0.255541324674,117.664598391,root_found,113.103200867,root_found,False,False,8e18262eeedde59d69ff4ef88af2fc4232f6ac3a5d5da3bdbb3da7af8839345e,20B_P4_d8_d10_sector_crowding_cost_stoploss_sensitivity_v6,20B_P4_PORTSENS_v6
B0_P4_RAW_RANK__D9__L000__STOP20,GROSS,2026-04-30,43,0.955469900516,14323374,0,0,0,0,0,14990921.213,14990921.213,0.499092121296,0.499092121296,146.177092025,root_found,139.781118804,root_found,False,False,d9747c53d842b74a6271d953cb1263c40f9881d60019ee9029d4a55c63b367b7,20B_P4_d8_d10_sector_crowding_cost_stoploss_sensitivity_v6,20B_P4_PORTSENS_v6
B0_P4_RAW_RANK__D9__L000__STOP20,SLIP000,2026-04-30,43,0.966190627,14323374,3580.8435,7161.687,143.23374,0,10885.76424,14824583.8862,14813698.1219,0.482458388617,0.481369812193,146.177092025,root_found,139.781118804,root_found,False,False,c76496112e4cbf43d1675c4238879b6a042021f8f3160946494f7e4e0ffdfa15,20B_P4_d8_d10_sector_crowding_cost_stoploss_sensitivity_v6,20B_P4_PORTSENS_v6
B0_P4_RAW_RANK__D9__L000__STOP20,SLIP005,2026-04-30,43,0.97706720992,14323374,3580.8435,7161.687,143.23374,7161.687,18047.45124,14659558.5796,14641511.1283,0.465955857957,0.464151112833,146.177092025,root_found,139.781118804,root_found,False,False,abbc16cb25797b3f235e45d17fa1d3e99bdfe3ce1b3d336c3c4f4e246e2a5461,20B_P4_d8_d10_sector_crowding_cost_stoploss_sensitivity_v6,20B_P4_PORTSENS_v6
B0_P4_RAW_RANK__D9__L000__STOP20,SLIP010,2026-04-30,43,0.988191460205,14323374,3580.8435,7161.687,143.23374,14323.374,25209.13824,14494533.273,14469324.1347,0.449453327296,0.446932413472,146.177092025,root_found,139.781118804,root_found,False,False,1d60dc2279f138345ea3f10d09835690ae2fab108445d338169cf0c0bd824683,20B_P4_d8_d10_sector_crowding_cost_stoploss_sensitivity_v6,20B_P4_PORTSENS_v6
B0_P4_RAW_RANK__D9__L000__STOP20,SLIP020,2026-04-30,43,1.01121758867,14323374,3580.8435,7161.687,143.23374,28646.748,39532.51224,14164482.6597,14124950.1475,0.416448265975,0.412495014751,146.177092025,root_found,139.781118804,root_found,False,False,2de7cc2eb4da4237b2712e96a15c46f7a3b4a080911a7bb42ad0a5613c0a458f,20B_P4_d8_d10_sector_crowding_cost_stoploss_sensitivity_v6,20B_P4_PORTSENS_v6
B0_P4_RAW_RANK__D9__L000__STOP20,SLIP040,2026-04-30,43,1.06064643321,14323374,3580.8435,7161.687,143.23374,57293.496,68179.26024,13504381.4333,13436202.1731,0.350438143332,0.343620217308,146.177092025,root_found,139.781118804,root_found,False,False,a29870bfb871683164bdc6107b81d282c78f45bf86e9abb009525059f8af2dc9,20B_P4_d8_d10_sector_crowding_cost_stoploss_sensitivity_v6,20B_P4_PORTSENS_v6
B0_P4_RAW_RANK__D9__L000__STOPNONE,GROSS,2026-04-30,44,0.97405088488,16383006,0,0,0,0,0,16819456,16819456,0.6819456,0.6819456,193.72457435,root_found,184.549254725,root_found,False,False,7826dc459e0a4f2f34b0e21faab599a456329c7f8270b1b7c6bc0aee7aabe09a,20B_P4_d8_d10_sector_crowding_cost_stoploss_sensitivity_v6,20B_P4_PORTSENS_v6
B0_P4_RAW_RANK__D9__L000__STOPNONE,SLIP000,2026-04-30,44,0.98416867452,16383006,4095.7515,8191.503,163.83006,0,12451.08456,16646542.8378,16634091.7532,0.664654283779,0.663409175323,193.72457435,root_found,184.549254725,root_found,False,False,de3e11e7c7ab3579ec4cb61a7b8f3750b6f4b712865db9df0a2450f7c08c518f,20B_P4_d8_d10_sector_crowding_cost_stoploss_sensitivity_v6,20B_P4_PORTSENS_v6
B0_P4_RAW_RANK__D9__L000__STOPNONE,SLIP005,2026-04-30,44,0.994416348495,16383006,4095.7515,8191.503,163.83006,8191.503,20642.58756,16474996.6398,16454354.0522,0.647499663979,0.645435405223,193.72457435,root_found,184.549254725,root_found,False,False,ab1f9aec90af681f0bd749ca32c919145bd3b1932eb2c668ead76309d4f60a1e,20B_P4_d8_d10_sector_crowding_cost_stoploss_sensitivity_v6,20B_P4_PORTSENS_v6
B0_P4_RAW_RANK__D9__L000__STOPNONE,SLIP010,2026-04-30,44,1.00487967615,16383006,4095.7515,8191.503,163.83006,16383.006,28834.09056,16303450.4418,16274616.3512,0.630345044179,0.627461635123,193.72457435,root_found,184.549254725,root_found,False,False,2b8ecf82ffd3e72f2e6b245c977712b75a43b8b7eae4c0a16d544d9d7f59091c,20B_P4_d8_d10_sector_crowding_cost_stoploss_sensitivity_v6,20B_P4_PORTSENS_v6
B0_P4_RAW_RANK__D9__L000__STOPNONE,SLIP020,2026-04-30,44,1.02648110732,16383006,4095.7515,8191.503,163.83006,32766.012,45217.09656,15960358.0458,15915140.9492,0.596035804579,0.591514094923,193.72457435,root_found,184.549254725,root_found,False,False,48fbd8f1bab9c0c329551680345e7a8551a39254023dbab13ba8ebd15d7d5da6,20B_P4_d8_d10_sector_crowding_cost_stoploss_sensitivity_v6,20B_P4_PORTSENS_v6
B0_P4_RAW_RANK__D9__L000__STOPNONE,SLIP040,2026-04-30,44,1.07259527097,16383006,4095.7515,8191.503,163.83006,65532.024,77983.10856,15274173.2538,15196190.1452,0.527417325379,0.519619014523,193.72457435,root_found,184.549254725,root_found,False,False,2faf99b01179aab96c6d76b8a59bcd311eec76bd15c43049e518efcc589a6ed5,20B_P4_d8_d10_sector_crowding_cost_stoploss_sensitivity_v6,20B_P4_PORTSENS_v6
B0_P4_RAW_RANK__D9__L050__STOP05,GROSS,2026-04-30,21,0.500082452967,5962120,0,0,0,0,0,11922273.9463,11922273.9463,0.192227394628,0.192227394628,49.0624521808,root_found,48.1267197065,root_found,False,False,b78183edceaade3ee4466139a5eae7f6e83f671b6a772d5547d98c1c01aaa0bc,20B_P4_d8_d10_sector_crowding_cost_stoploss_sensitivity_v6,20B_P4_PORTSENS_v6
B0_P4_RAW_RANK__D9__L050__STOP05,SLIP000,2026-04-30,21,0.507757819821,5962120,1490.53,2981.06,59.6212,0,4531.2112,11742054.5135,11737523.3023,0.17420545135,0.17375233023,49.0624521808,root_found,48.1267197065,root_found,False,False,ba1bf513dba8c85688008b3a34ea3d98d55e4b2f86b32d811d6b7ca8fbc3ff80,20B_P4_d8_d10_sector_crowding_cost_stoploss_sensitivity_v6,20B_P4_PORTSENS_v6
B0_P4_RAW_RANK__D9__L050__STOP05,SLIP005,2026-04-30,21,0.515552736891,5962120,1490.53,2981.06,59.6212,2981.06,7512.2712,11564520.1225,11557007.8513,0.156452012253,0.155700785133,49.0624521808,root_found,48.1267197065,root_found,False,False,94dd6fb06bc1b891d170af6aa81abcbc6e465093b40d0d401e3593e5610168a5,20B_P4_d8_d10_sector_crowding_cost_stoploss_sensitivity_v6,20B_P4_PORTSENS_v6
B0_P4_RAW_RANK__D9__L050__STOP05,SLIP010,2026-04-30,21,0.523590714923,5962120,1490.53,2981.06,59.6212,5962.12,10493.3312,11386985.7316,11376492.4004,0.138698573155,0.137649240035,49.0624521808,root_found,48.1267197065,root_found,False,False,9eaaa3226252ee152675b15fa176c6208618c4c046efecfa02e8860f7b1a3f9e,20B_P4_d8_d10_sector_crowding_cost_stoploss_sensitivity_v6,20B_P4_PORTSENS_v6
B0_P4_RAW_RANK__D9__L050__STOP05,SLIP020,2026-04-30,21,0.540442792239,5962120,1490.53,2981.06,59.6212,11924.24,16455.4512,11031916.9496,11015461.4984,0.103191694961,0.101546149841,49.0624521808,root_found,48.1267197065,root_found,False,False,e1ee3edc2535a7c06538f3467593a31365aa7c11d433e510004edce95e3ebcfb,20B_P4_d8_d10_sector_crowding_cost_stoploss_sensitivity_v6,20B_P4_PORTSENS_v6
B0_P4_RAW_RANK__D9__L050__STOP05,SLIP040,2026-04-30,21,0.577625211429,5962120,1490.53,2981.06,59.6212,23848.48,28379.6912,10321779.3857,10293399.6945,0.0321779385716,0.0293399694516,49.0624521808,root_found,48.1267197065,root_found,False,False,22ae57ec423a992da0b9889434ac55ba5475798f2d6192ebac98d34819f3e264,20B_P4_d8_d10_sector_crowding_cost_stoploss_sensitivity_v6,20B_P4_PORTSENS_v6
B0_P4_RAW_RANK__D9__L050__STOP10,GROSS,2026-04-30,39,0.879057732563,11469153,0,0,0,0,0,13047098.7003,13047098.7003,0.304709870029,0.304709870029,86.5384079261,root_found,83.4014719185,root_found,False,False,aeb402a6c4576ceae013a10567d647b7c6f4cbfc4b9ecf66805a4d5e246b79e8,20B_P4_d8_d10_sector_crowding_cost_stoploss_sensitivity_v6,20B_P4_PORTSENS_v6
B0_P4_RAW_RANK__D9__L050__STOP10,SLIP000,2026-04-30,39,0.890512380335,11469153,2867.28825,5734.5765,114.69153,0,8716.55628,12879274.0598,12870557.5035,0.287927405982,0.287055750354,86.5384079261,root_found,83.4014719185,root_found,False,False,cf243ac786034ce9cc05efe5a59d5e7da7008852e0195540b5f83e027e2ddb2a,20B_P4_d8_d10_sector_crowding_cost_stoploss_sensitivity_v6,20B_P4_PORTSENS_v6
B0_P4_RAW_RANK__D9__L050__STOP10,SLIP005,2026-04-30,39,0.902165411165,11469153,2867.28825,5734.5765,114.69153,5734.5765,14451.13278,12712915.9,12698464.7672,0.271291589997,0.269846476719,86.5384079261,root_found,83.4014719185,root_found,False,False,c841d89de4be49c3cb667eed7276ce90aeb6d7fb5f5c378db7788f9b8ec0317e,20B_P4_d8_d10_sector_crowding_cost_stoploss_sensitivity_v6,20B_P4_PORTSENS_v6
B0_P4_RAW_RANK__D9__L050__STOP10,SLIP010,2026-04-30,39,0.914127463291,11469153,2867.28825,5734.5765,114.69153,11469.153,20185.70928,12546557.7401,12526372.0308,0.254655774012,0.252637203084,86.5384079261,root_found,83.4014719185,root_found,False,False,f3c75e2733393ec14e3c9d54b66d814b486b214c10289578a6a6a32067ef2e27,20B_P4_d8_d10_sector_crowding_cost_stoploss_sensitivity_v6,20B_P4_PORTSENS_v6
B0_P4_RAW_RANK__D9__L050__STOP10,SLIP020,2026-04-30,39,0.939029139582,11469153,2867.28825,5734.5765,114.69153,22938.306,31654.86228,12213841.4204,12182186.5581,0.221384142042,0.218218655814,86.5384079261,root_found,83.4014719185,root_found,False,False,d945d52e85d7f7831f347992cb91665719d91c0299abae5ad41615293e0ac09b,20B_P4_d8_d10_sector_crowding_cost_stoploss_sensitivity_v6,20B_P4_PORTSENS_v6
B0_P4_RAW_RANK__D9__L050__STOP10,SLIP040,2026-04-30,39,0.993137082128,11469153,2867.28825,5734.5765,114.69153,45876.612,54593.16828,11548408.781,11493815.6127,0.154840878102,0.149381561274,86.5384079261,root_found,83.4014719185,root_found,False,False,bf1c355450f8c237f868361b8c8c28a9bdce5bea6c3ff9e4643550a8bf67967e,20B_P4_d8_d10_sector_crowding_cost_stoploss_sensitivity_v6,20B_P4_PORTSENS_v6
B0_P4_RAW_RANK__D9__L050__STOP15,GROSS,2026-04-30,40,0.900519195538,12714684,0,0,0,0,0,14119281.4801,14119281.4801,0.411928148006,0.411928148006,117.135751843,root_found,112.602570338,root_found,False,False,cf9fbddc68582d7ad95032baa51bf45608cc3ac62537a7ad62c0820423885d50,20B_P4_d8_d10_sector_crowding_cost_stoploss_sensitivity_v6,20B_P4_PORTSENS_v6
B0_P4_RAW_RANK__D9__L050__STOP15,SLIP000,2026-04-30,40,0.911501198853,12714684,3178.671,6357.342,127.14684,0,9663.15984,13949168.7076,13939505.5478,0.394916870762,0.393950554778,117.135751843,root_found,112.602570338,root_found,False,False,fd7236a1b92c1a21abd80912b0a46de4fd6921b8ff7eeca2e055cfd13e5d67d8,20B_P4_d8_d10_sector_crowding_cost_stoploss_sensitivity_v6,20B_P4_PORTSENS_v6
B0_P4_RAW_RANK__D9__L050__STOP15,SLIP005,2026-04-30,40,0.922651213878,12714684,3178.671,6357.342,127.14684,6357.342,16020.50184,13780596.4039,13764575.902,0.378059640388,0.376457590204,117.135751843,root_found,112.602570338,root_found,False,False,421f74e101eb1ce8149d40dd3e649cd89ad923d0499e4d952a14a8e59fecaf5f,20B_P4_d8_d10_sector_crowding_cost_stoploss_sensitivity_v6,20B_P4_PORTSENS_v6
B0_P4_RAW_RANK__D9__L050__STOP15,SLIP010,2026-04-30,40,0.934077394108,12714684,3178.671,6357.342,127.14684,12714.684,22377.84384,13612024.1001,13589646.2563,0.361202410014,0.35896462563,117.135751843,root_found,112.602570338,root_found,False,False,f4e9fd70167d67511a7df329e9e4b00f5fb933d61f3581f2d17315c15abfc30e,20B_P4_d8_d10_sector_crowding_cost_stoploss_sensitivity_v6,20B_P4_PORTSENS_v6
B0_P4_RAW_RANK__D9__L050__STOP15,SLIP020,2026-04-30,40,0.957800333105,12714684,3178.671,6357.342,127.14684,25429.368,35092.52784,13274879.4927,13239786.9648,0.327487949266,0.323978696482,117.135751843,root_found,112.602570338,root_found,False,False,e5e166f0d3926118bf8809bb5d1fdc39bd7f450046ef328ec8998992591a76e5,20B_P4_d8_d10_sector_crowding_cost_stoploss_sensitivity_v6,20B_P4_PORTSENS_v6
B0_P4_RAW_RANK__D9__L050__STOP15,SLIP040,2026-04-30,40,1.00905463314,12714684,3178.671,6357.342,127.14684,50858.736,60521.89584,12600590.2777,12540068.3819,0.26005902777,0.254006838186,117.135751843,root_found,112.602570338,root_found,False,False,fb6ae49f3e1cf2b62f4b67ae804a4aef8c2e8bee3a99e82c7aabeb50af8de23a,20B_P4_d8_d10_sector_crowding_cost_stoploss_sensitivity_v6,20B_P4_PORTSENS_v6
B0_P4_RAW_RANK__D9__L050__STOP20,GROSS,2026-04-30,43,0.954741583747,14248118,0,0,0,0,0,14923533.4907,14923533.4907,0.492353349069,0.492353349069,144.189503579,root_found,137.905800202,root_found,False,False,705f4ff0bd33a54f12dd7ca4d0309d93dab6a16756cd074428df405d073223a9,20B_P4_d8_d10_sector_crowding_cost_stoploss_sensitivity_v6,20B_P4_PORTSENS_v6
B0_P4_RAW_RANK__D9__L050__STOP20,SLIP000,2026-04-30,43,0.965499674131,14248118,3562.0295,7124.059,142.48118,0,10828.56968,14757247.8601,14746419.2904,0.47572478601,0.474641929042,144.189503579,root_found,137.905800202,root_found,False,False,f2d52a73799b443395eafedd1b7ba89b48cea8013373943791f3cb9ba14f8ba9,20B_P4_d8_d10_sector_crowding_cost_stoploss_sensitivity_v6,20B_P4_PORTSENS_v6
B0_P4_RAW_RANK__D9__L050__STOP20,SLIP005,2026-04-30,43,0.976414606092,14248118,3562.0295,7124.059,142.48118,7124.059,17952.62868,14592282.7364,14574330.1077,0.459228273635,0.457433010767,144.189503579,root_found,137.905800202,root_found,False,False,9894ce6d7aa0b15271960b7ada13bbbe71c0bd0c249604ca1a4b2dc23579ba3b,20B_P4_d8_d10_sector_crowding_cost_stoploss_sensitivity_v6,20B_P4_PORTSENS_v6
B0_P4_RAW_RANK__D9__L050__STOP20,SLIP010,2026-04-30,43,0.98757914552,14248118,3562.0295,7124.059,142.48118,14248.118,25076.68768,14427317.6126,14402240.9249,0.442731761261,0.440224092493,144.189503579,root_found,137.905800202,root_found,False,False,ad524d8902bd54077b4ad457e022f7548ddc699853db7eee2cda823ebfaa0a74,20B_P4_d8_d10_sector_crowding_cost_stoploss_sensitivity_v6,20B_P4_PORTSENS_v6
B0_P4_RAW_RANK__D9__L050__STOP20,SLIP020,2026-04-30,43,1.01069209712,14248118,3562.0295,7124.059,142.48118,28496.236,39324.80568,14097387.3651,14058062.5594,0.409738736512,0.405806255944,144.189503579,root_found,137.905800202,root_found,False,False,34f801f74c8a197e4d1ec76c21cca0607741377a2fa758f72b9e1d1e4c96d1ff,20B_P4_d8_d10_sector_crowding_cost_stoploss_sensitivity_v6,20B_P4_PORTSENS_v6
B0_P4_RAW_RANK__D9__L050__STOP20,SLIP040,2026-04-30,43,1.0603229402,14248118,3562.0295,7124.059,142.48118,56992.472,67821.04168,13437526.8701,13369705.8285,0.343752687014,0.336970582846,144.189503579,root_found,137.905800202,root_found,False,False,01cc2fe11c527809d28f8b187ae45aab25d548a0c87daf1b85186dfef7d04245,20B_P4_d8_d10_sector_crowding_cost_stoploss_sensitivity_v6,20B_P4_PORTSENS_v6
B0_P4_RAW_RANK__D9__L050__STOPNONE,GROSS,2026-04-30,44,0.970956726037,16268913,0,0,0,0,0,16755549,16755549,0.6755549,0.6755549,191.827410421,root_found,182.800432591,root_found,False,False,78d5bcd2fdab650952a2fe3e3fc2b2b3844713fa1ef418de3e61e033839f4946,20B_P4_d8_d10_sector_crowding_cost_stoploss_sensitivity_v6,20B_P4_PORTSENS_v6
B0_P4_RAW_RANK__D9__L050__STOPNONE,SLIP000,2026-04-30,44,0.981085794261,16268913,4067.22825,8134.4565,162.68913,0,12364.37388,16582558.9313,16570194.5574,0.65825589313,0.657019455742,191.827410421,root_found,182.800432591,root_found,False,False,d5351fd941cf731b9932201ff80a12f2eeb2acfeb2c60ce9582c15ee75cdf9ad,20B_P4_d8_d10_sector_crowding_cost_stoploss_sensitivity_v6,20B_P4_PORTSENS_v6
B0_P4_RAW_RANK__D9__L050__STOPNONE,SLIP005,2026-04-30,44,0.991342938534,16268913,4067.22825,8134.4565,162.68913,8134.4565,20498.83038,16410983.8963,16390485.0659,0.64109838963,0.639048506592,191.827410421,root_found,182.800432591,root_found,False,False,7c21fd5dd2060a5ffd37e55ccad913919819ee9eb1ff47d91040c10db2f48607,20B_P4_d8_d10_sector_crowding_cost_stoploss_sensitivity_v6,20B_P4_PORTSENS_v6
B0_P4_RAW_RANK__D9__L050__STOPNONE,SLIP010,2026-04-30,44,1.00181682344,16268913,4067.22825,8134.4565,162.68913,16268.913,28633.28688,16239408.8613,16210775.5744,0.62394088613,0.621077557442,191.827410421,root_found,182.800432591,root_found,False,False,f70498037979d37f377f1de950bc8b69f410eefb9bdae21b88c6960e5a73b45e,20B_P4_d8_d10_sector_crowding_cost_stoploss_sensitivity_v6,20B_P4_PORTSENS_v6
B0_P4_RAW_RANK__D9__L050__STOPNONE,SLIP020,2026-04-30,44,1.02344288764,16268913,4067.22825,8134.4565,162.68913,32537.826,44902.19988,15896258.7913,15851356.5914,0.58962587913,0.585135659142,191.827410421,root_found,182.800432591,root_found,False,False,cd1cbb7dfadc14cc1ab073f112c17c4999bf05b2e477cf10110b88b9dab09a8f,20B_P4_d8_d10_sector_crowding_cost_stoploss_sensitivity_v6,20B_P4_PORTSENS_v6
B0_P4_RAW_RANK__D9__L050__STOPNONE,SLIP040,2026-04-30,44,1.06962243442,16268913,4067.22825,8134.4565,162.68913,65075.652,77440.02588,15209958.6513,15132518.6254,0.52099586513,0.513251862542,191.827410421,root_found,182.800432591,root_found,False,False,a439e780aeb55e0141b49f2c5e16950e9e9ab9dda9ce4807015eaa54994a6dd6,20B_P4_d8_d10_sector_crowding_cost_stoploss_sensitivity_v6,20B_P4_PORTSENS_v6
B0_P4_RAW_RANK__D9__L100__STOP05,GROSS,2026-04-30,21,0.49793591832,5920358,0,0,0,0,0,11889799.0327,11889799.0327,0.188979903272,0.188979903272,48.1292756122,root_found,47.2156019932,root_found,False,False,bbf9443f803720bda22c5d0ae5eb3fd0e979527caae25508ef5adfa7dd88ff4b,20B_P4_d8_d10_sector_crowding_cost_stoploss_sensitivity_v6,20B_P4_PORTSENS_v6
B0_P4_RAW_RANK__D9__L100__STOP05,SLIP000,2026-04-30,21,0.50560275245,5920358,1480.0895,2960.179,59.20358,0,4499.47208,11709505.0834,11705005.6113,0.17095050834,0.170500561132,48.1292756122,root_found,47.2156019932,root_found,False,False,e83f40d2aae35a2e9050d635316b3a8f4507a2f2d0ef4858f8bebd33be65f281,20B_P4_d8_d10_sector_crowding_cost_stoploss_sensitivity_v6,20B_P4_PORTSENS_v6
B0_P4_RAW_RANK__D9__L100__STOP05,SLIP005,2026-04-30,21,0.513389198217,5920358,1480.0895,2960.179,59.20358,2960.179,7459.65108,11531909.9439,11524450.2928,0.153190994388,0.15244502928,48.1292756122,root_found,47.2156019932,root_found,False,False,1f4e2b7d024dd5ff0cd213262dd0b516ba5169afa6c8b35ad3bc44ceff6fd028,20B_P4_d8_d10_sector_crowding_cost_stoploss_sensitivity_v6,20B_P4_PORTSENS_v6
B0_P4_RAW_RANK__D9__L100__STOP05,SLIP010,2026-04-30,21,0.521419222737,5920358,1480.0895,2960.179,59.20358,5920.358,10419.83008,11354314.8044,11343894.9743,0.135431480437,0.134389497429,48.1292756122,root_found,47.2156019932,root_found,False,False,b046ccede1b2f590782ba798722681e069510a688d22fbdc58d72115b24c79be,20B_P4_d8_d10_sector_crowding_cost_stoploss_sensitivity_v6,20B_P4_PORTSENS_v6
B0_P4_RAW_RANK__D9__L100__STOP05,SLIP020,2026-04-30,21,0.538257202777,5920358,1480.0895,2960.179,59.20358,11840.716,16340.18808,10999124.5253,10982784.3373,0.0999124525335,0.0982784337255,48.1292756122,root_found,47.2156019932,root_found,False,False,2c8a0b3463f7d493aa6b0318d20c8499e7ff3e06888b0cf75bccd9ece06f7193,20B_P4_d8_d10_sector_crowding_cost_stoploss_sensitivity_v6,20B_P4_PORTSENS_v6
B0_P4_RAW_RANK__D9__L100__STOP05,SLIP040,2026-04-30,21,0.575420869528,5920358,1480.0895,2960.179,59.20358,23681.432,28180.90408,10288743.9673,10260563.0632,0.028874396727,0.026056306319,48.1292756122,root_found,47.2156019932,root_found,False,False,ea82ac05c408ca9a5d3139c2e870e8adc9e2a1278ca1e26b8e5390c7433e817c,20B_P4_d8_d10_sector_crowding_cost_stoploss_sensitivity_v6,20B_P4_PORTSENS_v6
B0_P4_RAW_RANK__D9__L100__STOP10,GROSS,2026-04-30,39,0.8800151294,11482020,0,0,0,0,0,13047525.6804,13047525.6804,0.304752568042,0.304752568042,86.3085525671,root_found,83.1839228813,root_found,False,False,484f97282013a11c75e46efadba5bbf317bcf7e5cf802b8029198805ca64c51a,20B_P4_d8_d10_sector_crowding_cost_stoploss_sensitivity_v6,20B_P4_PORTSENS_v6
B0_P4_RAW_RANK__D9__L100__STOP10,SLIP000,2026-04-30,39,0.8915116484,11482020,2870.505,5741.01,114.8202,0,8726.3352,12879270.8661,12870544.5309,0.287927086607,0.287054453087,86.3085525671,root_found,83.1839228813,root_found,False,False,cf36aaf9ace398ba9a394eb0c18970c59d7d644ea0b9ecdb46793c98d6974758,20B_P4_d8_d10_sector_crowding_cost_stoploss_sensitivity_v6,20B_P4_PORTSENS_v6
B0_P4_RAW_RANK__D9__L100__STOP10,SLIP005,2026-04-30,39,0.903209221825,11482020,2870.505,5741.01,114.8202,5741.01,14467.3452,12712469.8492,12698002.504,0.271246984923,0.269800250403,86.3085525671,root_found,83.1839228813,root_found,False,False,d1874850149ca6a515a0fa1ac39e96dab426e053933f15739163a20d748b637c,20B_P4_d8_d10_sector_crowding_cost_stoploss_sensitivity_v6,20B_P4_PORTSENS_v6
B0_P4_RAW_RANK__D9__L100__STOP10,SLIP010,2026-04-30,39,0.915217845569,11482020,2870.505,5741.01,114.8202,11482.02,20208.3552,12545668.8324,12525460.4772,0.254566883239,0.252546047719,86.3085525671,root_found,83.1839228813,root_found,False,False,9833935eaa60089467ffe1584a984490292be32a83a76d2df63411597db333bd,20B_P4_d8_d10_sector_crowding_cost_stoploss_sensitivity_v6,20B_P4_PORTSENS_v6
B0_P4_RAW_RANK__D9__L100__STOP10,SLIP020,2026-04-30,39,0.940219226545,11482020,2870.505,5741.01,114.8202,22964.04,31690.3752,12212066.7987,12180376.4235,0.221206679871,0.218037642351,86.3085525671,root_found,83.1839228813,root_found,False,False,a5c74811daec02fb7114b117fd668a9fdeaed5642c3975d013be2dac2942c315,20B_P4_d8_d10_sector_crowding_cost_stoploss_sensitivity_v6,20B_P4_PORTSENS_v6
B0_P4_RAW_RANK__D9__L100__STOP10,SLIP040,2026-04-30,39,0.994556649757,11482020,2870.505,5741.01,114.8202,45928.08,54654.4152,11544862.7314,11490208.3162,0.154486273135,0.149020831615,86.3085525671,root_found,83.1839228813,root_found,False,False,d5aed21b18e9841aa58d87c20b3f9c7c48dbacc2128210d1314b081d35212890,20B_P4_d8_d10_sector_crowding_cost_stoploss_sensitivity_v6,20B_P4_PORTSENS_v6
B0_P4_RAW_RANK__D9__L100__STOP15,GROSS,2026-04-30,40,0.902091685111,12690483,0,0,0,0,0,14067841.6723,14067841.6723,0.406784167226,0.406784167226,115.447649234,root_found,110.989856159,root_found,False,False,22bf8f6576b88c497d56a34ad623929554cde2c74b39329eeeaa2e3a8f867a5c,20B_P4_d8_d10_sector_crowding_cost_stoploss_sensitivity_v6,20B_P4_PORTSENS_v6
B0_P4_RAW_RANK__D9__L100__STOP15,SLIP000,2026-04-30,40,0.913145817662,12690483,3172.62075,6345.2415,126.90483,0,9644.76708,13897542.7085,13887897.9414,0.389754270845,0.388789794137,115.447649234,root_found,110.989856159,root_found,False,False,c8529f551bce24fb9e28d254c822658308c3e4f21e66cd79af6187489ba1e8ae,20B_P4_d8_d10_sector_crowding_cost_stoploss_sensitivity_v6,20B_P4_PORTSENS_v6
B0_P4_RAW_RANK__D9__L100__STOP15,SLIP005,2026-04-30,40,0.924373372955,12690483,3172.62075,6345.2415,126.90483,6345.2415,15990.00858,13728741.4061,13712751.3975,0.372874140612,0.371275139754,115.447649234,root_found,110.989856159,root_found,False,False,872ecaf8e1ff98e1cfbae4c228da5bc1dfa96e91f85aba6051243b1d344065a5,20B_P4_d8_d10_sector_crowding_cost_stoploss_sensitivity_v6,20B_P4_PORTSENS_v6
B0_P4_RAW_RANK__D9__L100__STOP15,SLIP010,2026-04-30,40,0.935880461335,12690483,3172.62075,6345.2415,126.90483,12690.483,22335.25008,13559940.1038,13537604.8537,0.355994010378,0.35376048537,115.447649234,root_found,110.989856159,root_found,False,False,52338dc52c76837c39e6a0208ab560cc260f6cbebb956416cafc7428ffe2c510,20B_P4_d8_d10_sector_crowding_cost_stoploss_sensitivity_v6,20B_P4_PORTSENS_v6
B0_P4_RAW_RANK__D9__L100__STOP15,SLIP020,2026-04-30,40,0.959776060841,12690483,3172.62075,6345.2415,126.90483,25380.966,35025.73308,13222337.4991,13187311.766,0.322233749911,0.318731176603,115.447649234,root_found,110.989856159,root_found,False,False,d083174644e2436ac07d45335ab9ae17fc56ac1aafd6740d8b336814aa246cbd,20B_P4_d8_d10_sector_crowding_cost_stoploss_sensitivity_v6,20B_P4_PORTSENS_v6
B0_P4_RAW_RANK__D9__L100__STOP15,SLIP040,2026-04-30,40,1.01142497799,12690483,3172.62075,6345.2415,126.90483,50761.932,60406.69908,12547132.2898,12486725.5907,0.254713228977,0.248672559069,115.447649234,root_found,110.989856159,root_found,False,False,821aae5a2120151fc30f333b47228e3d7613b621471dee8b3fb8c590c6447678,20B_P4_d8_d10_sector_crowding_cost_stoploss_sensitivity_v6,20B_P4_PORTSENS_v6
B0_P4_RAW_RANK__D9__L100__STOP20,GROSS,2026-04-30,43,0.953968828214,14162564,0,0,0,0,0,14845940.0152,14845940.0152,0.484594001517,0.484594001517,141.840351647,root_found,135.689434985,root_found,False,False,80c65d37cbafe9393ddaaad0da6c74896ecb22410aeb43bc17cf75146ee68b99,20B_P4_d8_d10_sector_crowding_cost_stoploss_sensitivity_v6,20B_P4_PORTSENS_v6
B0_P4_RAW_RANK__D9__L100__STOP20,SLIP000,2026-04-30,43,0.96477344909,14162564,3540.641,7081.282,141.62564,0,10763.54864,14679678.4399,14668914.8913,0.467967843991,0.466891489127,141.840351647,root_found,135.689434985,root_found,False,False,afd53b54bd35d4b923f101a0f0f12522f349b6aa006efd3f0b289c971cf5503a,20B_P4_d8_d10_sector_crowding_cost_stoploss_sensitivity_v6,20B_P4_PORTSENS_v6
B0_P4_RAW_RANK__D9__L100__STOP20,SLIP005,2026-04-30,43,0.975738307559,14162564,3540.641,7081.282,141.62564,7081.282,17844.83064,14514715.5649,14496870.7343,0.45147155649,0.449687073426,141.840351647,root_found,135.689434985,root_found,False,False,9aa628291c8b07e0e64494e22fc7921cb9934b2a1fe21e5773415646d1f94446,20B_P4_d8_d10_sector_crowding_cost_stoploss_sensitivity_v6,20B_P4_PORTSENS_v6
B0_P4_RAW_RANK__D9__L100__STOP20,SLIP010,2026-04-30,43,0.986955267179,14162564,3540.641,7081.282,141.62564,14162.564,24926.11264,14349752.6899,14324826.5773,0.434975268989,0.432482657725,141.840351647,root_found,135.689434985,root_found,False,False,9276871db0a15b610dfbc076c11937647401b5579a049daee31a9fb24cb9456a,20B_P4_d8_d10_sector_crowding_cost_stoploss_sensitivity_v6,20B_P4_PORTSENS_v6
B0_P4_RAW_RANK__D9__L100__STOP20,SLIP020,2026-04-30,43,1.01018108574,14162564,3540.641,7081.282,141.62564,28325.128,39088.67664,14019826.9399,13980738.2632,0.401982693988,0.398073826324,141.840351647,root_found,135.689434985,root_found,False,False,2a78ae0fb9884e0cdabc105124584f04973a7ba730f3e863a677374cdef10a41,20B_P4_d8_d10_sector_crowding_cost_stoploss_sensitivity_v6,20B_P4_PORTSENS_v6
B0_P4_RAW_RANK__D9__L100__STOP20,SLIP040,2026-04-30,43,1.06007410446,14162564,3540.641,7081.282,141.62564,56650.256,67413.80464,13359975.4398,13292561.6352,0.335997543985,0.329256163521,141.840351647,root_found,135.689434985,root_found,False,False,b0310eb91d66cddc401cf0b3ee31ab2caf79c7d24882b01b530f787a3126b0f1,20B_P4_d8_d10_sector_crowding_cost_stoploss_sensitivity_v6,20B_P4_PORTSENS_v6
B0_P4_RAW_RANK__D9__L100__STOPNONE,GROSS,2026-04-30,44,0.973426653041,16330921,0,0,0,0,0,16776735,16776735,0.6776735,0.6776735,191.659858563,root_found,182.642051444,root_found,False,False,cef40605ad88c16f478aadf30e3f2bd6ee0536950568e2a3aa6096622c0a54a8,20B_P4_d8_d10_sector_crowding_cost_stoploss_sensitivity_v6,20B_P4_PORTSENS_v6
B0_P4_RAW_RANK__D9__L100__STOPNONE,SLIP000,2026-04-30,44,0.983607145777,16330921,4082.73025,8165.4605,163.30921,0,12411.49996,16603093.0846,16590681.5846,0.660309308458,0.659068158462,191.659858563,root_found,182.642051444,root_found,False,False,7cc28181d8e3966a0a20a3fdb6524df7394407268d5e11e9d1395c259fc7f6ac,20B_P4_d8_d10_sector_crowding_cost_stoploss_sensitivity_v6,20B_P4_PORTSENS_v6
B0_P4_RAW_RANK__D9__L100__STOPNONE,SLIP005,2026-04-30,44,0.993919275581,16330921,4082.73025,8165.4605,163.30921,8165.4605,20576.96046,16430832.3636,16410255.4031,0.643083236358,0.641025540312,191.659858563,root_found,182.642051444,root_found,False,False,17b88d5c4851d754dc70d361021544af9ea48022590a34fc67b06e2fc3281223,20B_P4_d8_d10_sector_crowding_cost_stoploss_sensitivity_v6,20B_P4_PORTSENS_v6
B0_P4_RAW_RANK__D9__L100__STOPNONE,SLIP010,2026-04-30,44,1.00444992088,16330921,4082.73025,8165.4605,163.30921,16330.921,28742.42096,16258571.6426,16229829.2216,0.625857164258,0.622982922162,191.659858563,root_found,182.642051444,root_found,False,False,4245cb8ace934ba9445ef048ce80148d356a0f9a6c41f6502b8f696d0ff102d4,20B_P4_d8_d10_sector_crowding_cost_stoploss_sensitivity_v6,20B_P4_PORTSENS_v6
B0_P4_RAW_RANK__D9__L100__STOPNONE,SLIP020,2026-04-30,44,1.02619514166,16330921,4082.73025,8165.4605,163.30921,32661.842,45073.34196,15914050.2006,15868976.8586,0.591405020058,0.586897685862,191.659858563,root_found,182.642051444,root_found,False,False,c381bea4baf688090a024893063f0086a9b7e56bebb3a38daa59ae96985dec0d,20B_P4_d8_d10_sector_crowding_cost_stoploss_sensitivity_v6,20B_P4_PORTSENS_v6
B0_P4_RAW_RANK__D9__L100__STOPNONE,SLIP040,2026-04-30,44,1.07263797386,16330921,4082.73025,8165.4605,163.30921,65323.684,77735.18396,15225007.3166,15147272.1326,0.522500731658,0.514727213262,191.659858563,root_found,182.642051444,root_found,False,False,5a48ffdb536f16ae9e75bb24dd03bca1ed847014f5fe6abb78d1e95b471df101,20B_P4_d8_d10_sector_crowding_cost_stoploss_sensitivity_v6,20B_P4_PORTSENS_v6
S0_SELECTED_FULL__D10__L000__STOP05,GROSS,2026-04-30,17,0.406163429873,4470386,0,0,0,0,0,11006372.4876,11006372.4876,0.100637248755,0.100637248755,34.302635624,root_found,33.5817990817,root_found,False,False,89e527b35de616e6f5cf4514d80c9ad90b70a0589c8153b51d8b8d653bb57b5f,20B_P4_d8_d10_sector_crowding_cost_stoploss_sensitivity_v6,20B_P4_PORTSENS_v6
S0_SELECTED_FULL__D10__L000__STOP05,SLIP000,2026-04-30,17,0.411029365802,4470386,1117.5965,2235.193,44.70386,0,3397.49336,10876074.4899,10872676.9965,0.08760744899,0.087267699654,34.302635624,root_found,33.5817990817,root_found,False,False,1f1b711e3535be90cd6233dfd4389275ed8b82636355bae6e4076e29934e7388,20B_P4_d8_d10_sector_crowding_cost_stoploss_sensitivity_v6,20B_P4_PORTSENS_v6
S0_SELECTED_FULL__D10__L000__STOP05,SLIP005,2026-04-30,17,0.415912667121,4470386,1117.5965,2235.193,44.70386,2235.193,5632.68636,10748376.6507,10742743.9643,0.0748376650656,0.0742743964296,34.302635624,root_found,33.5817990817,root_found,False,False,ec56009adc2a875ebac0b89dae5905af2aa99ed93e84b0f4fa6f519cb0eafd25,20B_P4_d8_d10_sector_crowding_cost_stoploss_sensitivity_v6,20B_P4_PORTSENS_v6
S0_SELECTED_FULL__D10__L000__STOP05,SLIP010,2026-04-30,17,0.420913397286,4470386,1117.5965,2235.193,44.70386,4470.386,7867.87936,10620678.8114,10612810.9321,0.0620678811412,0.0612810932052,34.302635624,root_found,33.5817990817,root_found,False,False,618a0d23c309d1498b8a3048693d27f10836e2437f46ab1b6a651ba2d8a5abb5,20B_P4_d8_d10_sector_crowding_cost_stoploss_sensitivity_v6,20B_P4_PORTSENS_v6
S0_SELECTED_FULL__D10__L000__STOP05,SLIP020,2026-04-30,17,0.431284504501,4470386,1117.5965,2235.193,44.70386,8940.772,12338.26536,10365283.1329,10352944.8676,0.0365283132925,0.0352944867565,34.302635624,root_found,33.5817990817,root_found,False,False,af53ce048578a6ba60150f913ccf19031ab07657be6f025fbef0c2a7e0eec2e6,20B_P4_d8_d10_sector_crowding_cost_stoploss_sensitivity_v6,20B_P4_PORTSENS_v6
S0_SELECTED_FULL__D10__L000__STOP05,SLIP040,2026-04-30,17,0.453639426734,4470386,1117.5965,2235.193,44.70386,17881.544,21279.03736,9854491.77595,9833212.73859,-0.014550822405,-0.016678726141,34.302635624,root_found,33.5817990817,root_found,False,False,70ec30b51e3cc15e896e78ede54774090e0855eee2940d3110063c2ed987ba3c,20B_P4_d8_d10_sector_crowding_cost_stoploss_sensitivity_v6,20B_P4_PORTSENS_v6
S0_SELECTED_FULL__D10__L000__STOP10,GROSS,2026-04-30,35,0.79592156774,9179787,0,0,0,0,0,11533532.1621,11533532.1621,0.153353216206,0.153353216206,63.9206102678,root_found,61.084309822,root_found,False,False,6d90ac771eb214f47d6ad7c6758e36dc4072996557ac25830e0b23aaa49d535a,20B_P4_d8_d10_sector_crowding_cost_stoploss_sensitivity_v6,20B_P4_PORTSENS_v6
S0_SELECTED_FULL__D10__L000__STOP10,SLIP000,2026-04-30,35,0.803767368842,9179787,2294.94675,4589.8935,91.79787,0,6976.63812,11420950.0856,11413973.4475,0.142095008563,0.141397344751,63.9206102678,root_found,61.084309822,root_found,False,False,f8bb401665633803c1f150b268102398d26ee74918f887357228ff5eba94d142,20B_P4_d8_d10_sector_crowding_cost_stoploss_sensitivity_v6,20B_P4_PORTSENS_v6
S0_SELECTED_FULL__D10__L000__STOP10,SLIP005,2026-04-30,35,0.811666573054,9179787,2294.94675,4589.8935,91.79787,4589.8935,11566.53162,11309800.4831,11298233.9514,0.130980048305,0.129823395143,63.9206102678,root_found,61.084309822,root_found,False,False,7b1fe555ad596cfce255a1d5650013a11a795cc7789cadae6330e58d306ab83a,20B_P4_d8_d10_sector_crowding_cost_stoploss_sensitivity_v6,20B_P4_PORTSENS_v6
S0_SELECTED_FULL__D10__L000__STOP10,SLIP010,2026-04-30,35,0.819722580691,9179787,2294.94675,4589.8935,91.79787,9179.787,16156.42512,11198650.8805,11182494.4554,0.119865088047,0.118249445535,63.9206102678,root_found,61.084309822,root_found,False,False,7d02a5046ffaa48fa6bbe45d9948772f64af47268868fbd63bfb59a333c97185,20B_P4_d8_d10_sector_crowding_cost_stoploss_sensitivity_v6,20B_P4_PORTSENS_v6
S0_SELECTED_FULL__D10__L000__STOP10,SLIP020,2026-04-30,35,0.836324060266,9179787,2294.94675,4589.8935,91.79787,18359.574,25336.21212,10976351.6753,10951015.4632,0.0976351675309,0.0951015463189,63.9206102678,root_found,61.084309822,root_found,False,False,cebfffbcb9b9ddacb68a763cecfb94992c48b2a6184724e0b00712c78ff4d0e3,20B_P4_d8_d10_sector_crowding_cost_stoploss_sensitivity_v6,20B_P4_PORTSENS_v6
S0_SELECTED_FULL__D10__L000__STOP10,SLIP040,2026-04-30,35,0.871629515906,9179787,2294.94675,4589.8935,91.79787,36719.148,43695.78612,10531753.265,10488057.4789,0.0531753264985,0.0488057478865,63.9206102678,root_found,61.084309822,root_found,False,False,7b0db65b2eadd4657e65371ebb5e6f711954dfb96e53ab73effe5c213d5bdb88,20B_P4_d8_d10_sector_crowding_cost_stoploss_sensitivity_v6,20B_P4_PORTSENS_v6
S0_SELECTED_FULL__D10__L000__STOP15,GROSS,2026-04-30,41,0.920539436629,11099662,0,0,0,0,0,12057779.9911,12057779.9911,0.205777999109,0.205777999109,91.9584566982,root_found,87.0081216308,root_found,False,False,a4dfab57ed3522763718461fa202247f25ce9e2d79ec8c8efcaac972508e9587,20B_P4_d8_d10_sector_crowding_cost_stoploss_sensitivity_v6,20B_P4_PORTSENS_v6
S0_SELECTED_FULL__D10__L000__STOP15,SLIP000,2026-04-30,41,0.928785937826,11099662,2774.9155,5549.831,110.99662,0,8435.74312,11950721.4181,11942285.675,0.195072141809,0.194228567497,91.9584566982,root_found,87.0081216308,root_found,False,False,533aee84b00b5038f9152429e4e29b1d49b335b732d2ec5ad04f4ee4092b76b2,20B_P4_d8_d10_sector_crowding_cost_stoploss_sensitivity_v6,20B_P4_PORTSENS_v6
S0_SELECTED_FULL__D10__L000__STOP15,SLIP005,2026-04-30,41,0.937102938943,11099662,2774.9155,5549.831,110.99662,5549.831,13985.57412,11844656.0551,11830670.481,0.184465605509,0.183067048097,91.9584566982,root_found,87.0081216308,root_found,False,False,3cfa0fa2d3cecb91c88c823c20f925f3b5ab1d3fb00a7ac9e2375656214fe502,20B_P4_d8_d10_sector_crowding_cost_stoploss_sensitivity_v6,20B_P4_PORTSENS_v6
S0_SELECTED_FULL__D10__L000__STOP15,SLIP010,2026-04-30,41,0.945570238468,11099662,2774.9155,5549.831,110.99662,11099.662,19535.40512,11738590.6921,11719055.287,0.17385906921,0.171905528698,91.9584566982,root_found,87.0081216308,root_found,False,False,db6fc6f4b141326f6b317744f91fd5e630e1d140d75063c16ec0af0402639191,20B_P4_d8_d10_sector_crowding_cost_stoploss_sensitivity_v6,20B_P4_PORTSENS_v6
S0_SELECTED_FULL__D10__L000__STOP15,SLIP020,2026-04-30,41,0.962972329114,11099662,2774.9155,5549.831,110.99662,22199.324,30635.06712,11526459.9661,11495824.899,0.152645996611,0.149582489899,91.9584566982,root_found,87.0081216308,root_found,False,False,ae463ece3e708dabcf0ba4330f6423f63ef0d7a5e8542a2c9288e1619824caff,20B_P4_d8_d10_sector_crowding_cost_stoploss_sensitivity_v6,20B_P4_PORTSENS_v6
S0_SELECTED_FULL__D10__L000__STOP15,SLIP040,2026-04-30,41,0.999771530466,11099662,2774.9155,5549.831,110.99662,44398.648,52834.39112,11102198.5141,11049364.123,0.110219851412,0.1049364123,91.9584566982,root_found,87.0081216308,root_found,False,False,3484236755d16de30506a178b3b958bf6b95d5e632850bc49252728ee2e9bb6a,20B_P4_d8_d10_sector_crowding_cost_stoploss_sensitivity_v6,20B_P4_PORTSENS_v6
S0_SELECTED_FULL__D10__L000__STOP20,GROSS,2026-04-30,43,0.961133484474,11809057,0,0,0,0,0,12286594.1004,12286594.1004,0.228659410036,0.228659410036,104.548552099,root_found,98.5412705959,root_found,False,False,bada47b7e3b8d8c16dee8b9ef13fa654b145d51b5b5f68a28adf03e8764642a1,20B_P4_d8_d10_sector_crowding_cost_stoploss_sensitivity_v6,20B_P4_PORTSENS_v6
S0_SELECTED_FULL__D10__L000__STOP20,SLIP000,2026-04-30,43,0.969431789076,11809057,2952.26425,5904.5285,118.09057,0,8974.88332,12181421.2543,12172446.3709,0.218142125425,0.217244637093,104.548552099,root_found,98.5412705959,root_found,False,False,3b52d070c2fe4d3afacdb0eaeefcdb7c9616d86e70db5520d31e2aa6babe857d,20B_P4_d8_d10_sector_crowding_cost_stoploss_sensitivity_v6,20B_P4_PORTSENS_v6
S0_SELECTED_FULL__D10__L000__STOP20,SLIP005,2026-04-30,43,0.977806045945,11809057,2952.26425,5904.5285,118.09057,5904.5285,14879.41182,12077095.5027,12062216.0909,0.20770955027,0.206221609088,104.548552099,root_found,98.5412705959,root_found,False,False,589ccf0f9cc9f8572aefce90093af736113c799d21a0672cbf7028ddc032f1f7,20B_P4_d8_d10_sector_crowding_cost_stoploss_sensitivity_v6,20B_P4_PORTSENS_v6
S0_SELECTED_FULL__D10__L000__STOP20,SLIP010,2026-04-30,43,0.986326242419,11809057,2952.26425,5904.5285,118.09057,11809.057,20783.94032,11972769.7512,11951985.8108,0.197276975115,0.195198581083,104.548552099,root_found,98.5412705959,root_found,False,False,e35aef2dfcc0b49b637ee2a51f281611e68f9f9ae4647db6dbffe5b2c16b2de1,20B_P4_d8_d10_sector_crowding_cost_stoploss_sensitivity_v6,20B_P4_PORTSENS_v6
S0_SELECTED_FULL__D10__L000__STOP20,SLIP020,2026-04-30,43,1.00381998472,11809057,2952.26425,5904.5285,118.09057,23618.114,32592.99732,11764118.2481,11731525.2507,0.176411824805,0.173152525073,104.548552099,root_found,98.5412705959,root_found,False,False,29be682ae8280fb4267c0b6b69349bba369a09336e79de5cb71536dd9c2ed7d8,20B_P4_d8_d10_sector_crowding_cost_stoploss_sensitivity_v6,20B_P4_PORTSENS_v6
S0_SELECTED_FULL__D10__L000__STOP20,SLIP040,2026-04-30,43,1.04073757687,11809057,2952.26425,5904.5285,118.09057,47236.228,56211.11132,11346815.2419,11290604.1305,0.134681524185,0.129060413053,104.548552099,root_found,98.5412705959,root_found,False,False,731bf98945a321cebc43ebd3f0c68a91fdf0be80967201b4e4e00e6819102a36,20B_P4_d8_d10_sector_crowding_cost_stoploss_sensitivity_v6,20B_P4_PORTSENS_v6
S0_SELECTED_FULL__D10__L000__STOPNONE,GROSS,2026-04-30,44,0.979869614731,12155213,0,0,0,0,0,12404929,12404929,0.2404929,0.2404929,111.945988461,root_found,105.272262528,root_found,False,False,5dcf3b33f22cdbe6b25448ee413bd75b00454d608263275a82290b169ece092a,20B_P4_d8_d10_sector_crowding_cost_stoploss_sensitivity_v6,20B_P4_PORTSENS_v6
S0_SELECTED_FULL__D10__L000__STOPNONE,SLIP000,2026-04-30,44,0.988117140298,12155213,3038.80325,6077.6065,121.55213,0,9237.96188,12301388.6758,12292150.7139,0.230138867578,0.22921507139,111.945988461,root_found,105.272262528,root_found,False,False,775d98fb6c7d61d33b342dd7bd2704d748685aa57c2e5edb54f058a6388800c9,20B_P4_d8_d10_sector_crowding_cost_stoploss_sensitivity_v6,20B_P4_PORTSENS_v6
S0_SELECTED_FULL__D10__L000__STOPNONE,SLIP005,2026-04-30,44,0.996443399655,12155213,3038.80325,6077.6065,121.55213,6077.6065,15315.56838,12198598.5398,12183282.9714,0.219859853978,0.21832829714,111.945988461,root_found,105.272262528,root_found,False,False,bb6ca313b1761a02fe027575dc6828d1e94ad4c8fc1c179271e93205b94bc8dc,20B_P4_d8_d10_sector_crowding_cost_stoploss_sensitivity_v6,20B_P4_PORTSENS_v6
S0_SELECTED_FULL__D10__L000__STOPNONE,SLIP010,2026-04-30,44,1.00491117206,12155213,3038.80325,6077.6065,121.55213,12155.213,21393.17488,12095808.4038,12074415.2289,0.209580840378,0.20744152289,111.945988461,root_found,105.272262528,root_found,False,False,567150695cdf394794239fcf4983b73a32c567da10f30c0984273f16a904be41,20B_P4_d8_d10_sector_crowding_cost_stoploss_sensitivity_v6,20B_P4_PORTSENS_v6
S0_SELECTED_FULL__D10__L000__STOPNONE,SLIP020,2026-04-30,44,1.02228593642,12155213,3038.80325,6077.6065,121.55213,24310.426,33548.38788,11890228.1318,11856679.7439,0.189022813178,0.18566797439,111.945988461,root_found,105.272262528,root_found,False,False,e17680c97e3d884ecda364bc2ff81e51141cf506b4530a6eef7fc9dc25d47d85,20B_P4_d8_d10_sector_crowding_cost_stoploss_sensitivity_v6,20B_P4_PORTSENS_v6
S0_SELECTED_FULL__D10__L000__STOPNONE,SLIP040,2026-04-30,44,1.05890246808,12155213,3038.80325,6077.6065,121.55213,48620.852,57858.81388,11479067.5878,11421208.7739,0.147906758778,0.14212087739,111.945988461,root_found,105.272262528,root_found,False,False,ba7b1069605e4563d1103d9eb088cab71735db57e22be26ce4ef2c3571f9c689,20B_P4_d8_d10_sector_crowding_cost_stoploss_sensitivity_v6,20B_P4_PORTSENS_v6
S0_SELECTED_FULL__D10__L050__STOP05,GROSS,2026-04-30,17,0.408023408732,4491677,0,0,0,0,0,11008380.6563,11008380.6563,0.100838065629,0.100838065629,34.5285284457,root_found,33.7977474883,root_found,False,False,9910ace35164865cc300baa606bbef1316e5487215bccca39235677a0410bc50,20B_P4_d8_d10_sector_crowding_cost_stoploss_sensitivity_v6,20B_P4_PORTSENS_v6
S0_SELECTED_FULL__D10__L050__STOP05,SLIP000,2026-04-30,17,0.41289224981,4491677,1122.91925,2245.8385,44.91677,0,3413.67452,10878569.4138,10875155.7393,0.0878569413841,0.0875155739321,34.5285284457,root_found,33.7977474883,root_found,False,False,99826b7a2b3751e8fa6f29f1bc657a2d7f2f0834b3e19caeb0550d9c20b82cc5,20B_P4_d8_d10_sector_crowding_cost_stoploss_sensitivity_v6,20B_P4_PORTSENS_v6
S0_SELECTED_FULL__D10__L050__STOP05,SLIP005,2026-04-30,17,0.417778119934,4491677,1122.91925,2245.8385,44.91677,2245.8385,5659.51302,10751345.716,10745686.203,0.0751345716013,0.0745686202993,34.5285284457,root_found,33.7977474883,root_found,False,False,e9217c2214e07b0d207b564de809d063f17180fb167631cd96e2134145a06738,20B_P4_d8_d10_sector_crowding_cost_stoploss_sensitivity_v6,20B_P4_PORTSENS_v6
S0_SELECTED_FULL__D10__L050__STOP05,SLIP010,2026-04-30,17,0.422781006497,4491677,1122.91925,2245.8385,44.91677,4491.677,7905.35152,10624122.0182,10616216.6667,0.0624122018185,0.0616216666665,34.5285284457,root_found,33.7977474883,root_found,False,False,430658b45653f5865e8d0e11bc30fbb25f91262a8e3d4e21f2f7a14f5d0e3de2,20B_P4_d8_d10_sector_crowding_cost_stoploss_sensitivity_v6,20B_P4_PORTSENS_v6
S0_SELECTED_FULL__D10__L050__STOP05,SLIP020,2026-04-30,17,0.433155056789,4491677,1122.91925,2245.8385,44.91677,8983.354,12397.02852,10369674.6225,10357277.594,0.0369674622529,0.0357277594009,34.5285284457,root_found,33.7977474883,root_found,False,False,5ab7c51e99e8b6f078031c245f1ed646345dc61d45c0e82229d7667ad1b21fa3,20B_P4_d8_d10_sector_crowding_cost_stoploss_sensitivity_v6,20B_P4_PORTSENS_v6
S0_SELECTED_FULL__D10__L050__STOP05,SLIP040,2026-04-30,17,0.455509308278,4491677,1122.91925,2245.8385,44.91677,17966.708,21380.38252,9860779.83122,9839399.4487,-0.0139220168784,-0.0160600551304,34.5285284457,root_found,33.7977474883,root_found,False,False,e5b1fe78ce3e1a439c8c10bed31e04ad2dd82325fac78a2d30f8135914d9e64b,20B_P4_d8_d10_sector_crowding_cost_stoploss_sensitivity_v6,20B_P4_PORTSENS_v6
S0_SELECTED_FULL__D10__L050__STOP10,GROSS,2026-04-30,35,0.797310317433,9221829,0,0,0,0,0,11566172.9171,11566172.9171,0.156617291708,0.156617291708,65.9565542628,root_found,63.0041373042,root_found,False,False,f0911c5c5cf0c9b5c79f38651053657c5f9e36a79f21c72e5d30511fbaff6905,20B_P4_d8_d10_sector_crowding_cost_stoploss_sensitivity_v6,20B_P4_PORTSENS_v6
S0_SELECTED_FULL__D10__L050__STOP10,SLIP000,2026-04-30,35,0.805080265756,9221829,2305.45725,4610.9145,92.21829,0,7008.59004,11454546.0773,11447537.4872,0.145454607726,0.144753748722,65.9565542628,root_found,63.0041373042,root_found,False,False,d84a225ed950260a3ece849c1f6f2d58bd4e78c492dec055b10d9c902b968611,20B_P4_d8_d10_sector_crowding_cost_stoploss_sensitivity_v6,20B_P4_PORTSENS_v6
S0_SELECTED_FULL__D10__L050__STOP10,SLIP005,2026-04-30,35,0.812905579332,9221829,2305.45725,4610.9145,92.21829,4610.9145,11619.50454,11344280.6083,11332661.1038,0.13442806083,0.133266110376,65.9565542628,root_found,63.0041373042,root_found,False,False,6041e91d76fc81f157f0866bab91f8de1585393cd26d56667e21bd796c37db55,20B_P4_d8_d10_sector_crowding_cost_stoploss_sensitivity_v6,20B_P4_PORTSENS_v6
S0_SELECTED_FULL__D10__L050__STOP10,SLIP010,2026-04-30,35,0.820884508843,9221829,2305.45725,4610.9145,92.21829,9221.829,16230.41904,11234015.1393,11217784.7203,0.123401513934,0.12177847203,65.9565542628,root_found,63.0041373042,root_found,False,False,c8b5c9bc16dcf120d80957e59ca9eacf89742b33479b9481423f18ebc04b2f61,20B_P4_d8_d10_sector_crowding_cost_stoploss_sensitivity_v6,20B_P4_PORTSENS_v6
S0_SELECTED_FULL__D10__L050__STOP10,SLIP020,2026-04-30,35,0.837321671448,9221829,2305.45725,4610.9145,92.21829,18443.658,25452.24804,11013484.2014,10988031.9534,0.101348420143,0.0988031953386,65.9565542628,root_found,63.0041373042,root_found,False,False,76a27fdac75a721c794339415fcf1723b30da6cd342bda76484c928c6ff4c0f0,20B_P4_d8_d10_sector_crowding_cost_stoploss_sensitivity_v6,20B_P4_PORTSENS_v6
S0_SELECTED_FULL__D10__L050__STOP10,SLIP040,2026-04-30,35,0.872253180586,9221829,2305.45725,4610.9145,92.21829,36887.316,43895.90604,10572422.3256,10528526.4196,0.0572422325592,0.0528526419552,65.9565542628,root_found,63.0041373042,root_found,False,False,28fb91963bb29e38fec3feaa68727a633f9035041b95bdae4975c4300180bd46,20B_P4_d8_d10_sector_crowding_cost_stoploss_sensitivity_v6,20B_P4_PORTSENS_v6
S0_SELECTED_FULL__D10__L050__STOP15,GROSS,2026-04-30,41,0.921969579188,11134106,0,0,0,0,0,12076435.3308,12076435.3308,0.207643533076,0.207643533076,93.43973047,root_found,88.37156757,root_found,False,False,7d9b71e1c3c9ac3d770eaed128154ed2f78da58b0f2f0f5c4d7107cc84598586,20B_P4_d8_d10_sector_crowding_cost_stoploss_sensitivity_v6,20B_P4_PORTSENS_v6
S0_SELECTED_FULL__D10__L050__STOP15,SLIP000,2026-04-30,41,0.930163099975,11134106,2783.5265,5567.053,111.34106,0,8461.92056,11970057.7246,11961595.8041,0.197005772461,0.196159580405,93.43973047,root_found,88.37156757,root_found,False,False,671e6ca18d785ed498104f281b60c57ecca7bc040023bedad91df2cc3f859aae,20B_P4_d8_d10_sector_crowding_cost_stoploss_sensitivity_v6,20B_P4_PORTSENS_v6
S0_SELECTED_FULL__D10__L050__STOP15,SLIP005,2026-04-30,41,0.938427702159,11134106,2783.5265,5567.053,111.34106,5567.053,14028.97356,11864639.0919,11850610.1184,0.186463909195,0.185061011839,93.43973047,root_found,88.37156757,root_found,False,False,81c4df4996074f53ecd10db3a5f0e3ccf4031f8a6bd05a7d176cb577dce494e9,20B_P4_d8_d10_sector_crowding_cost_stoploss_sensitivity_v6,20B_P4_PORTSENS_v6
S0_SELECTED_FULL__D10__L050__STOP15,SLIP010,2026-04-30,41,0.946840484754,11134106,2783.5265,5567.053,111.34106,11134.106,19596.02656,11759220.4593,11739624.4327,0.175922045928,0.173962443272,93.43973047,root_found,88.37156757,root_found,False,False,2e08be2bfc2382ef1f4823496e8a8a22394568a33355fe8a8b3411017954fc74,20B_P4_d8_d10_sector_crowding_cost_stoploss_sensitivity_v6,20B_P4_PORTSENS_v6
S0_SELECTED_FULL__D10__L050__STOP15,SLIP020,2026-04-30,41,0.964126823037,11134106,2783.5265,5567.053,111.34106,22268.212,30730.13256,11548383.194,11517653.0614,0.154838319395,0.151765306139,93.43973047,root_found,88.37156757,root_found,False,False,539ac8b101972980b151211069d8c80827657654ac0c925c97384e33bca78774,20B_P4_d8_d10_sector_crowding_cost_stoploss_sensitivity_v6,20B_P4_PORTSENS_v6
S0_SELECTED_FULL__D10__L050__STOP15,SLIP040,2026-04-30,41,1.00066482703,11134106,2783.5265,5567.053,111.34106,44536.424,52998.34456,11126708.6633,11073710.3187,0.112670866329,0.107371031873,93.43973047,root_found,88.37156757,root_found,False,False,add66f0d3b33d6b27647cbdcf31d7eb598a8804ef22acb6594b40a60cc15d4a2,20B_P4_d8_d10_sector_crowding_cost_stoploss_sensitivity_v6,20B_P4_PORTSENS_v6
S0_SELECTED_FULL__D10__L050__STOP20,GROSS,2026-04-30,43,0.963252825314,11844486,0,0,0,0,0,12296341.8209,12296341.8209,0.229634182089,0.229634182089,105.7106712,root_found,99.5876335619,root_found,False,False,752af95a37633ae5cc6f014f400332a7337e99041eb918c87c8fdec8650c0536,20B_P4_d8_d10_sector_crowding_cost_stoploss_sensitivity_v6,20B_P4_PORTSENS_v6
S0_SELECTED_FULL__D10__L050__STOP20,SLIP000,2026-04-30,43,0.971507714004,11844486,2961.1215,5922.243,118.44486,0,9001.80936,12191859.9608,12182858.1515,0.219185996083,0.218285815147,105.7106712,root_found,99.5876335619,root_found,False,False,ef50ab10052cbfdfdf530f82e7d5c881110d2eccb7c415dca8388e09f35be03a,20B_P4_d8_d10_sector_crowding_cost_stoploss_sensitivity_v6,20B_P4_PORTSENS_v6
S0_SELECTED_FULL__D10__L050__STOP20,SLIP005,2026-04-30,43,0.97983970991,11844486,2961.1215,5922.243,118.44486,5922.243,14924.05236,12088187.3639,12073263.3116,0.208818736392,0.207326331156,105.7106712,root_found,99.5876335619,root_found,False,False,efcae9ed5e3db106204bd2219ab9870f1a838f454abd0cbb34669203a6f3a825,20B_P4_d8_d10_sector_crowding_cost_stoploss_sensitivity_v6,20B_P4_PORTSENS_v6
S0_SELECTED_FULL__D10__L050__STOP20,SLIP010,2026-04-30,43,0.988315858444,11844486,2961.1215,5922.243,118.44486,11844.486,20846.29536,11984514.767,11963668.4717,0.198451476701,0.196366847165,105.7106712,root_found,99.5876335619,root_found,False,False,446a353918e9367c8dbab90b6b02a020265e72763a6d2d4890e9fa19623b95c6,20B_P4_d8_d10_sector_crowding_cost_stoploss_sensitivity_v6,20B_P4_PORTSENS_v6
S0_SELECTED_FULL__D10__L050__STOP20,SLIP020,2026-04-30,43,1.00571584084,11844486,2961.1215,5922.243,118.44486,23688.972,32690.78136,11777169.5732,11744478.7918,0.177716957319,0.174447879183,105.7106712,root_found,99.5876335619,root_found,False,False,6b7cf303ba8de85652582a328449b63024cceb1317b75993979b5105cc01079d,20B_P4_d8_d10_sector_crowding_cost_stoploss_sensitivity_v6,20B_P4_PORTSENS_v6
S0_SELECTED_FULL__D10__L050__STOP20,SLIP040,2026-04-30,43,1.04242091946,11844486,2961.1215,5922.243,118.44486,47377.944,56379.75336,11362479.1855,11306099.4322,0.136247918555,0.130609943219,105.7106712,root_found,99.5876335619,root_found,False,False,4a99e0d0eaba0e5705157ecbc959de246905d67c545c9d230bfc8ea86871988b,20B_P4_d8_d10_sector_crowding_cost_stoploss_sensitivity_v6,20B_P4_PORTSENS_v6
S0_SELECTED_FULL__D10__L050__STOPNONE,GROSS,2026-04-30,44,0.979869124996,12169319,0,0,0,0,0,12419331,12419331,0.2419331,0.2419331,113.364965135,root_found,106.565767408,root_found,False,False,32964fb07843a7ee3e02e536d4d06bc1fdbf9617b70f9886d3dda43709bfdf57,20B_P4_d8_d10_sector_crowding_cost_stoploss_sensitivity_v6,20B_P4_PORTSENS_v6
S0_SELECTED_FULL__D10__L050__STOPNONE,SLIP000,2026-04-30,44,0.988053921102,12169319,3042.32975,6084.6595,121.69319,0,9248.68244,12316452.311,12307203.6286,0.231645231105,0.230720362861,113.364965135,root_found,106.565767408,root_found,False,False,9330ee61760bde6e31548ac7547a7f7ccd836097e82d5c39a736d43d886aa23e,20B_P4_d8_d10_sector_crowding_cost_stoploss_sensitivity_v6,20B_P4_PORTSENS_v6
S0_SELECTED_FULL__D10__L050__STOPNONE,SLIP005,2026-04-30,44,0.99631862174,12169319,3042.32975,6084.6595,121.69319,6084.6595,15333.34194,12214284.401,12198951.0591,0.221428440105,0.219895105911,113.364965135,root_found,106.565767408,root_found,False,False,cd9497ac5d2fce24de3cc2b153c61c078651148b983fb43749ad0e80696879d3,20B_P4_d8_d10_sector_crowding_cost_stoploss_sensitivity_v6,20B_P4_PORTSENS_v6
S0_SELECTED_FULL__D10__L050__STOPNONE,SLIP010,2026-04-30,44,1.00472275089,12169319,3042.32975,6084.6595,121.69319,12169.319,21418.00144,12112116.491,12090698.4896,0.211211649105,0.209069848961,113.364965135,root_found,106.565767408,root_found,False,False,a5f8944308660b3f53b7b3c430cf6e589396540049c158748e97d47620808d63,20B_P4_d8_d10_sector_crowding_cost_stoploss_sensitivity_v6,20B_P4_PORTSENS_v6
S0_SELECTED_FULL__D10__L050__STOPNONE,SLIP020,2026-04-30,44,1.02196365017,12169319,3042.32975,6084.6595,121.69319,24338.638,33587.32044,11907780.671,11874193.3506,0.190778067105,0.187419335061,113.364965135,root_found,106.565767408,root_found,False,False,eba8e0bf3db3d1333d0b1ad511f6502e3f942ba70076e20634418c3751b79dcc,20B_P4_d8_d10_sector_crowding_cost_stoploss_sensitivity_v6,20B_P4_PORTSENS_v6
S0_SELECTED_FULL__D10__L050__STOPNONE,SLIP040,2026-04-30,44,1.05828364329,12169319,3042.32975,6084.6595,121.69319,48677.276,57925.95844,11499109.031,11441183.0726,0.149910903105,0.144118307261,113.364965135,root_found,106.565767408,root_found,False,False,0bfda8420654d34e2f4851177bffcc0f1f97e69eea4d09af587bfc162737cb3a,20B_P4_d8_d10_sector_crowding_cost_stoploss_sensitivity_v6,20B_P4_PORTSENS_v6
S0_SELECTED_FULL__D10__L100__STOP05,GROSS,2026-04-30,17,0.408794347968,4505265,0,0,0,0,0,11020859.3206,11020859.3206,0.102085932058,0.102085932058,35.2141339208,root_found,34.4657184723,root_found,False,False,2a312efcc276edc15e4a63483d8acead5499931686380b4b9cdd9f66f159719c,20B_P4_d8_d10_sector_crowding_cost_stoploss_sensitivity_v6,20B_P4_PORTSENS_v6
S0_SELECTED_FULL__D10__L100__STOP05,SLIP000,2026-04-30,17,0.413641715515,4505265,1126.31625,2252.6325,45.05265,0,3424.0014,10891708.527,10888284.5256,0.089170852701,0.088828452561,35.2141339208,root_found,34.4657184723,root_found,False,False,1185dfaa6fddadd3072a053dc42bb84b7a429c7a98b944f0971b3f6ea9663558,20B_P4_d8_d10_sector_crowding_cost_stoploss_sensitivity_v6,20B_P4_PORTSENS_v6
S0_SELECTED_FULL__D10__L100__STOP05,SLIP005,2026-04-30,17,0.418506709716,4505265,1126.31625,2252.6325,45.05265,2252.6325,5676.6339,10765096.2229,10759419.589,0.076509622285,0.075941958895,35.2141339208,root_found,34.4657184723,root_found,False,False,bee1294e4159d33ce9f5940f09429bee25d4bc8119ea33a100625e855a753f44,20B_P4_d8_d10_sector_crowding_cost_stoploss_sensitivity_v6,20B_P4_PORTSENS_v6
S0_SELECTED_FULL__D10__L100__STOP05,SLIP010,2026-04-30,17,0.423487503899,4505265,1126.31625,2252.6325,45.05265,4505.265,7929.2664,10638483.9187,10630554.6523,0.063848391869,0.063055465229,35.2141339208,root_found,34.4657184723,root_found,False,False,71a34a7d3b739e82ad4d6c17e064466b212d4946d8b2be612085e91a7b1e955e,20B_P4_d8_d10_sector_crowding_cost_stoploss_sensitivity_v6,20B_P4_PORTSENS_v6
S0_SELECTED_FULL__D10__L100__STOP05,SLIP020,2026-04-30,17,0.433813433575,4505265,1126.31625,2252.6325,45.05265,9010.53,12434.5314,10385259.3104,10372824.779,0.0385259310369,0.0372824778969,35.2141339208,root_found,34.4657184723,root_found,False,False,c26a297c78e75119dd2a7c8473e6ff5a74febe8f740507e9c80ce1fb7eb9487b,20B_P4_d8_d10_sector_crowding_cost_stoploss_sensitivity_v6,20B_P4_PORTSENS_v6
S0_SELECTED_FULL__D10__L100__STOP05,SLIP040,2026-04-30,17,0.456053406965,4505265,1126.31625,2252.6325,45.05265,18021.06,21445.0614,9878810.09373,9857365.03233,-0.0121189906272,-0.0142634967672,35.2141339208,root_found,34.4657184723,root_found,False,False,534978c5ea3dfc9d7ff058c0492a876d854325adf669a7e24f1d9f082b65a99f,20B_P4_d8_d10_sector_crowding_cost_stoploss_sensitivity_v6,20B_P4_PORTSENS_v6
S0_SELECTED_FULL__D10__L100__STOP10,GROSS,2026-04-30,35,0.796508105114,9225010,0,0,0,0,0,11581815.6033,11581815.6033,0.158181560334,0.158181560334,66.9586162439,root_found,63.9533510148,root_found,False,False,8e34985ebb2346528c43e8cf0435f5fb4bffed58b0495363c0b3d4ee87b44638,20B_P4_d8_d10_sector_crowding_cost_stoploss_sensitivity_v6,20B_P4_PORTSENS_v6
S0_SELECTED_FULL__D10__L100__STOP10,SLIP000,2026-04-30,35,0.804224661103,9225010,2306.2525,4612.505,92.2501,0,7011.0076,11470687.7893,11463676.7817,0.147068778934,0.146367678174,66.9586162439,root_found,63.9533510148,root_found,False,False,44bd0f1dbed6d2a3fc5bb319da6d11db8b4ac7d3e730221d88fde03889e32e3e,20B_P4_d8_d10_sector_crowding_cost_stoploss_sensitivity_v6,20B_P4_PORTSENS_v6
S0_SELECTED_FULL__D10__L100__STOP10,SLIP005,2026-04-30,35,0.811998757589,9225010,2306.2525,4612.505,92.2501,4612.505,11623.5126,11360867.1365,11349243.6239,0.136086713653,0.134924362393,66.9586162439,root_found,63.9533510148,root_found,False,False,fe9ae140185b099ccdca6ad610006eda85e5049e61341e0a3710448a16ec9dbe,20B_P4_d8_d10_sector_crowding_cost_stoploss_sensitivity_v6,20B_P4_PORTSENS_v6
S0_SELECTED_FULL__D10__L100__STOP10,SLIP010,2026-04-30,35,0.819924618864,9225010,2306.2525,4612.505,92.2501,9225.01,16236.0176,11251046.4837,11234810.4661,0.125104648373,0.123481046613,66.9586162439,root_found,63.9533510148,root_found,False,False,356729c13bc5ed10c2d8f49eb59c64acee18ac4680d276374beede3ccbdb0e11,20B_P4_d8_d10_sector_crowding_cost_stoploss_sensitivity_v6,20B_P4_PORTSENS_v6
S0_SELECTED_FULL__D10__L100__STOP10,SLIP020,2026-04-30,35,0.836249766103,9225010,2306.2525,4612.505,92.2501,18450.02,25461.0276,11031405.1781,11005944.1505,0.103140517813,0.100594415053,66.9586162439,root_found,63.9533510148,root_found,False,False,095de6aa506c9c023b00a1cfe6a1a234da035c4a66ae8a6dc7e77d680839e44e,20B_P4_d8_d10_sector_crowding_cost_stoploss_sensitivity_v6,20B_P4_PORTSENS_v6
S0_SELECTED_FULL__D10__L100__STOP10,SLIP040,2026-04-30,35,0.870931198324,9225010,2306.2525,4612.505,92.2501,36900.04,43911.0476,10592122.5669,10548211.5193,0.0592122566923,0.0548211519323,66.9586162439,root_found,63.9533510148,root_found,False,False,89e44f56ff026f971ba202acff232003fb69b597603fcf57dff4efd3b0d8a14e,20B_P4_d8_d10_sector_crowding_cost_stoploss_sensitivity_v6,20B_P4_PORTSENS_v6
S0_SELECTED_FULL__D10__L100__STOP15,GROSS,2026-04-30,41,0.922355617869,11182616,0,0,0,0,0,12123974.5098,12123974.5098,0.212397450978,0.212397450978,96.1128265153,root_found,90.8685796785,root_found,False,False,19c5fbdaefcde23e47e169b9b09a96a0def3c22014b520b1172787fedaae10fa,20B_P4_d8_d10_sector_crowding_cost_stoploss_sensitivity_v6,20B_P4_PORTSENS_v6
S0_SELECTED_FULL__D10__L100__STOP15,SLIP000,2026-04-30,41,0.930482404138,11182616,2795.654,5591.308,111.82616,0,8498.78816,12018084.3295,12009585.5413,0.201808432945,0.200958554129,96.1128265153,root_found,90.8685796785,root_found,False,False,0c3550b69cbf7e51ba9b8356b60c9cbd5c58ead1dea016d6d144fe867cea2d5e,20B_P4_d8_d10_sector_crowding_cost_stoploss_sensitivity_v6,20B_P4_PORTSENS_v6
S0_SELECTED_FULL__D10__L100__STOP15,SLIP005,2026-04-30,41,0.938682357331,11182616,2795.654,5591.308,111.82616,5591.308,14090.09616,11913099.1572,11899009.061,0.19130991572,0.189900906104,96.1128265153,root_found,90.8685796785,root_found,False,False,05f5b40b329b38108fd56041e9ab5b991fda338231cdfa25b453de015be1cebf,20B_P4_d8_d10_sector_crowding_cost_stoploss_sensitivity_v6,20B_P4_PORTSENS_v6
S0_SELECTED_FULL__D10__L100__STOP15,SLIP010,2026-04-30,41,0.947028121024,11182616,2795.654,5591.308,111.82616,11182.616,19681.40416,11808113.9849,11788432.5808,0.180811398494,0.178843258078,96.1128265153,root_found,90.8685796785,root_found,False,False,d82276d470a69da2ea2b7095b6c90dc3f385a493d3c6012695e408ed8c1c586e,20B_P4_d8_d10_sector_crowding_cost_stoploss_sensitivity_v6,20B_P4_PORTSENS_v6
S0_SELECTED_FULL__D10__L100__STOP15,SLIP020,2026-04-30,41,0.964172918243,11182616,2795.654,5591.308,111.82616,22365.232,30864.02016,11598143.6404,11567279.6203,0.159814364043,0.156727962027,96.1128265153,root_found,90.8685796785,root_found,False,False,8d0fdc0e175e1ace3e9bcfb931bf15fe10b885aac776497122b7c6e2d995226e,20B_P4_d8_d10_sector_crowding_cost_stoploss_sensitivity_v6,20B_P4_PORTSENS_v6
S0_SELECTED_FULL__D10__L100__STOP15,SLIP040,2026-04-30,41,1.00039479052,11182616,2795.654,5591.308,111.82616,44730.464,53229.25216,11178202.9514,11124973.6993,0.117820295141,0.112497369925,96.1128265153,root_found,90.8685796785,root_found,False,False,a8324a7e572c07a0a9d68d30768a7d9b43ece49a499794444fc99bcf23d4817c,20B_P4_d8_d10_sector_crowding_cost_stoploss_sensitivity_v6,20B_P4_PORTSENS_v6
S0_SELECTED_FULL__D10__L100__STOP20,GROSS,2026-04-30,43,0.962321371545,11847318,0,0,0,0,0,12311186.6268,12311186.6268,0.231118662675,0.231118662675,106.921313843,root_found,100.705584908,root_found,False,False,cd5597d975de42f544a8d74c538f3f109fd06547bc6776af25c5945b21d1169f,20B_P4_d8_d10_sector_crowding_cost_stoploss_sensitivity_v6,20B_P4_PORTSENS_v6
S0_SELECTED_FULL__D10__L100__STOP20,SLIP000,2026-04-30,43,0.970518296279,11847318,2961.8295,5923.659,118.47318,0,9003.96168,12207207.2679,12198203.3062,0.220720726793,0.219820330625,106.921313843,root_found,100.705584908,root_found,False,False,e0b58dc75a4dd0a453b78febde0c0e39f7528d5bec59943ae1899d7b1d577d17,20B_P4_d8_d10_sector_crowding_cost_stoploss_sensitivity_v6,20B_P4_PORTSENS_v6
S0_SELECTED_FULL__D10__L100__STOP20,SLIP005,2026-04-30,43,0.978794362863,11847318,2961.8295,5923.659,118.47318,5923.659,14927.62068,12103990.8376,12089063.2169,0.210399083761,0.208906321693,106.921313843,root_found,100.705584908,root_found,False,False,3cf8a0c5aa22b15026bb06ab8f759f78a977f6fb8df1d084e3cc8fc5f1441ada,20B_P4_d8_d10_sector_crowding_cost_stoploss_sensitivity_v6,20B_P4_PORTSENS_v6
S0_SELECTED_FULL__D10__L100__STOP20,SLIP010,2026-04-30,43,0.987212791267,11847318,2961.8295,5923.659,118.47318,11847.318,20851.27968,12000774.4073,11979923.1276,0.20007744073,0.197992312762,106.921313843,root_found,100.705584908,root_found,False,False,ddca48aa8b4f8c8794ed065d837bf24fa47f7a8dae429defaf6d8961de1e6876,20B_P4_d8_d10_sector_crowding_cost_stoploss_sensitivity_v6,20B_P4_PORTSENS_v6
S0_SELECTED_FULL__D10__L100__STOP20,SLIP020,2026-04-30,43,1.00449168384,11847318,2961.8295,5923.659,118.47318,23694.636,32698.59768,11794341.5467,11761642.949,0.179434154667,0.176164294899,106.921313843,root_found,100.705584908,root_found,False,False,2ae3f428f2a2b69c22248bdb7db6202423ec717b4a9460793cd2525324084b95,20B_P4_d8_d10_sector_crowding_cost_stoploss_sensitivity_v6,20B_P4_PORTSENS_v6
S0_SELECTED_FULL__D10__L100__STOP20,SLIP040,2026-04-30,43,1.0409298567,11847318,2961.8295,5923.659,118.47318,47389.272,56393.23368,11381475.8254,11325082.5917,0.138147582542,0.132508259174,106.921313843,root_found,100.705584908,root_found,False,False,9bb5f1f419cbcfa247759a1a7bdd50c5f13994b0473dcfc47dd4f18c2c09cc2d,20B_P4_d8_d10_sector_crowding_cost_stoploss_sensitivity_v6,20B_P4_PORTSENS_v6
S0_SELECTED_FULL__D10__L100__STOPNONE,GROSS,2026-04-30,44,0.980818662625,12183649,0,0,0,0,0,12421918,12421918,0.2421918,0.2421918,114.038452939,root_found,107.164077683,root_found,False,False,69a07a8ebeebc70e40bd2bf2d969ce56e941491b76982429779578ccf27a2713,20B_P4_d8_d10_sector_crowding_cost_stoploss_sensitivity_v6,20B_P4_PORTSENS_v6
S0_SELECTED_FULL__D10__L100__STOPNONE,SLIP000,2026-04-30,44,0.98896966124,12183649,3045.91225,6091.8245,121.83649,0,9259.57324,12319537.6739,12310278.1007,0.231953767391,0.231027810067,114.038452939,root_found,107.164077683,root_found,False,False,89a6606f90ccc6cdf4aadb9bde4dc26af1fc4d9936040f9032889634e8fa9d8a,20B_P4_d8_d10_sector_crowding_cost_stoploss_sensitivity_v6,20B_P4_PORTSENS_v6
S0_SELECTED_FULL__D10__L100__STOPNONE,SLIP005,2026-04-30,44,0.99720172507,12183649,3045.91225,6091.8245,121.83649,6091.8245,15351.39774,12217837.8694,12202486.4717,0.221783786941,0.220248647167,114.038452939,root_found,107.164077683,root_found,False,False,b14c64f1e9c120dc87dc200a7073b081f71d8d73f20cbfa700cec80dfccefd61,20B_P4_d8_d10_sector_crowding_cost_stoploss_sensitivity_v6,20B_P4_PORTSENS_v6
S0_SELECTED_FULL__D10__L100__STOPNONE,SLIP010,2026-04-30,44,1.00557198463,12183649,3045.91225,6091.8245,121.83649,12183.649,21443.22224,12116138.0649,12094694.8427,0.211613806491,0.209469484267,114.038452939,root_found,107.164077683,root_found,False,False,60bd3fda1ffd0570892afb4109eef1972cd9b6c47505e203d639513d4a4d1b35,20B_P4_d8_d10_sector_crowding_cost_stoploss_sensitivity_v6,20B_P4_PORTSENS_v6
S0_SELECTED_FULL__D10__L100__STOPNONE,SLIP020,2026-04-30,44,1.02274124838,12183649,3045.91225,6091.8245,121.83649,24367.298,33626.87124,11912738.4559,11879111.5847,0.191273845591,0.187911158467,114.038452939,root_found,107.164077683,root_found,False,False,9baee6187f9c226c7305335222cd83a00c912ed3321e66291a9092e9ab3db607,20B_P4_d8_d10_sector_crowding_cost_stoploss_sensitivity_v6,20B_P4_PORTSENS_v6
S0_SELECTED_FULL__D10__L100__STOPNONE,SLIP040,2026-04-30,44,1.05890086399,12183649,3045.91225,6091.8245,121.83649,48734.596,57994.16924,11505939.2379,11447945.0687,0.150593923791,0.144794506867,114.038452939,root_found,107.164077683,root_found,False,False,de948619e665479f78d97b87af09f6aaae079f215b8a258e4b6b40ee1b1e26e0,20B_P4_d8_d10_sector_crowding_cost_stoploss_sensitivity_v6,20B_P4_PORTSENS_v6
S0_SELECTED_FULL__D8__L000__STOP05,GROSS,2026-04-30,18,0.41558257209,4924095,0,0,0,0,0,11848656.1533,11848656.1533,0.18486561533,0.18486561533,42.4948030304,root_found,41.8678669921,root_found,False,False,44584e97cdbce838213d0cdb7c066cd631740e859c0817bff981a5aa5d5a2ecf,20B_P4_d8_d10_sector_crowding_cost_stoploss_sensitivity_v6,20B_P4_PORTSENS_v6
S0_SELECTED_FULL__D8__L000__STOP05,SLIP000,2026-04-30,18,0.422630735879,4924095,1231.02375,2462.0475,49.24095,0,3742.3122,11651057.4882,11647315.176,0.165105748818,0.164731517598,42.4948030304,root_found,41.8678669921,root_found,False,False,ce2b5fdd63b66aa8e541fc9a7d2e9a6cacf9b44254ffb221948a3e9477e07f7e,20B_P4_d8_d10_sector_crowding_cost_stoploss_sensitivity_v6,20B_P4_PORTSENS_v6
S0_SELECTED_FULL__D8__L000__STOP05,SLIP005,2026-04-30,18,0.429797026901,4924095,1231.02375,2462.0475,49.24095,2462.0475,6204.3597,11456791.6756,11450587.3159,0.145679167561,0.145058731591,42.4948030304,root_found,41.8678669921,root_found,False,False,e69cfc851d5785e61dc5a4ddea2ee883b10f6e3da21fd7e90c7a619aaee65220,20B_P4_d8_d10_sector_crowding_cost_stoploss_sensitivity_v6,20B_P4_PORTSENS_v6
S0_SELECTED_FULL__D8__L000__STOP05,SLIP010,2026-04-30,18,0.437210538727,4924095,1231.02375,2462.0475,49.24095,4924.095,8666.4072,11262525.863,11253859.4558,0.126252586303,0.125385945583,42.4948030304,root_found,41.8678669921,root_found,False,False,d066c3bde43111d594b5c007c6df888b6134a21b20cc5fcc7156326089b9e85d,20B_P4_d8_d10_sector_crowding_cost_stoploss_sensitivity_v6,20B_P4_PORTSENS_v6
S0_SELECTED_FULL__D8__L000__STOP05,SLIP020,2026-04-30,18,0.452832224506,4924095,1231.02375,2462.0475,49.24095,9848.19,13590.5022,10873994.2379,10860403.7357,0.0873994237878,0.0860403735678,42.4948030304,root_found,41.8678669921,root_found,False,False,bc7ab253f86247e5a584885d0529ad7ab4202547423fd926fe7575fb5c6d21fe,20B_P4_d8_d10_sector_crowding_cost_stoploss_sensitivity_v6,20B_P4_PORTSENS_v6
S0_SELECTED_FULL__D8__L000__STOP05,SLIP040,2026-04-30,18,0.48768234685,4924095,1231.02375,2462.0475,49.24095,19696.38,23438.6922,10096930.9876,10073492.2954,0.00969309875718,0.00734922953718,42.4948030304,root_found,41.8678669921,root_found,False,False,54ab8de45b98128d8ecfd0e76f3741800fb7d2750b5f5e7f02445752ce6bf613,20B_P4_d8_d10_sector_crowding_cost_stoploss_sensitivity_v6,20B_P4_PORTSENS_v6
S0_SELECTED_FULL__D8__L000__STOP10,GROSS,2026-04-30,40,0.892919111868,12720129,0,0,0,0,0,14245555.763,14245555.763,0.424555576305,0.424555576305,101.045517087,root_found,97.6982336979,root_found,False,False,6d3a7525ab7a95b1654ef96723c269e72903bcf61bff57c51fbef188cbc714c3,20B_P4_d8_d10_sector_crowding_cost_stoploss_sensitivity_v6,20B_P4_PORTSENS_v6
S0_SELECTED_FULL__D8__L000__STOP10,SLIP000,2026-04-30,40,0.90577847393,12720129,3180.03225,6360.0645,127.20129,0,9667.29804,14043311.2136,14033643.9156,0.404331121362,0.403364391558,101.045517087,root_found,97.6982336979,root_found,False,False,ccbc318902c3cc0f614f8a38cb9b002dfc3a56ce3abf3a7a7eb084ea4f91d1ee,20B_P4_d8_d10_sector_crowding_cost_stoploss_sensitivity_v6,20B_P4_PORTSENS_v6
S0_SELECTED_FULL__D8__L000__STOP10,SLIP005,2026-04-30,40,0.918869522998,12720129,3180.03225,6360.0645,127.20129,6360.0645,16027.36254,13843237.4582,13827210.0957,0.384323745824,0.38272100957,101.045517087,root_found,97.6982336979,root_found,False,False,01fe07db2a90f55090c4fa3c359759dc38b999f65d24bff421975a67635d8bfa,20B_P4_d8_d10_sector_crowding_cost_stoploss_sensitivity_v6,20B_P4_PORTSENS_v6
S0_SELECTED_FULL__D8__L000__STOP10,SLIP010,2026-04-30,40,0.932344526317,12720129,3180.03225,6360.0645,127.20129,12720.129,22387.42704,13643163.7029,13620776.2758,0.364316370285,0.362077627581,101.045517087,root_found,97.6982336979,root_found,False,False,32b0a54aa856e83cbe94701c62aab647ec03fee1bcdd893d11a4449ff88c9714,20B_P4_d8_d10_sector_crowding_cost_stoploss_sensitivity_v6,20B_P4_PORTSENS_v6
S0_SELECTED_FULL__D8__L000__STOP10,SLIP020,2026-04-30,40,0.960516004473,12720129,3180.03225,6360.0645,127.20129,25440.258,35107.55604,13243016.1921,13207908.6361,0.324301619209,0.320790863605,101.045517087,root_found,97.6982336979,root_found,False,False,58f04b7ae1b9e207e47117fa17fee1b1725ee79cbf9aef78c1aff34445df455d,20B_P4_d8_d10_sector_crowding_cost_stoploss_sensitivity_v6,20B_P4_PORTSENS_v6
S0_SELECTED_FULL__D8__L000__STOP10,SLIP040,2026-04-30,40,1.0222947879,12720129,3180.03225,6360.0645,127.20129,50880.516,60547.81404,12442721.1706,12382173.3565,0.244272117057,0.238217335653,101.045517087,root_found,97.6982336979,root_found,False,False,e47e139f46cf73498db10e297283464465673c3b83f5c72735c8ecc40b115c81,20B_P4_d8_d10_sector_crowding_cost_stoploss_sensitivity_v6,20B_P4_PORTSENS_v6
S0_SELECTED_FULL__D8__L000__STOP15,GROSS,2026-04-30,43,0.951167228761,14219065,0,0,0,0,0,14949069.4907,14949069.4907,0.494906949067,0.494906949067,115.958134204,root_found,111.806723133,root_found,False,False,d66d77e678265696c82166f0e7be646b9f96c0e104560b8fa4d40dfb813d0e85,20B_P4_d8_d10_sector_crowding_cost_stoploss_sensitivity_v6,20B_P4_PORTSENS_v6
S0_SELECTED_FULL__D8__L000__STOP15,SLIP000,2026-04-30,43,0.964496285655,14219065,3554.76625,7109.5325,142.19065,0,10806.4894,14742477.7176,14731671.2282,0.474247771762,0.473167122822,115.958134204,root_found,111.806723133,root_found,False,False,f51c18969ae003d675639861edd96834432ae5c3ddd7d1dda36c791788c5187e,20B_P4_d8_d10_sector_crowding_cost_stoploss_sensitivity_v6,20B_P4_PORTSENS_v6
S0_SELECTED_FULL__D8__L000__STOP15,SLIP005,2026-04-30,43,0.978062865485,14219065,3554.76625,7109.5325,142.19065,7109.5325,17916.0219,14537986.7714,14520070.7495,0.453798677138,0.452007074948,115.958134204,root_found,111.806723133,root_found,False,False,90e1a26b433c7f38f08517034e072bca1900b4a28fb9ba19d7685214554b014d,20B_P4_d8_d10_sector_crowding_cost_stoploss_sensitivity_v6,20B_P4_PORTSENS_v6
S0_SELECTED_FULL__D8__L000__STOP15,SLIP010,2026-04-30,43,0.992016544566,14219065,3554.76625,7109.5325,142.19065,14219.065,25025.5544,14333495.8251,14308470.2707,0.433349582513,0.430847027073,115.958134204,root_found,111.806723133,root_found,False,False,d66972c98ff40ed8e5d376045b3aafa535e07576c6cbcdd8e020170a4285929e,20B_P4_d8_d10_sector_crowding_cost_stoploss_sensitivity_v6,20B_P4_PORTSENS_v6
S0_SELECTED_FULL__D8__L000__STOP15,SLIP020,2026-04-30,43,1.02115341827,14219065,3554.76625,7109.5325,142.19065,28438.13,39244.6194,13924513.9326,13885269.3132,0.392451393264,0.388526931324,115.958134204,root_found,111.806723133,root_found,False,False,624322ba43cb6d2b90219b3a3e1a2305dcbc6f24dc643056095bfef405efd40c,20B_P4_d8_d10_sector_crowding_cost_stoploss_sensitivity_v6,20B_P4_PORTSENS_v6
S0_SELECTED_FULL__D8__L000__STOP15,SLIP040,2026-04-30,43,1.08488235575,14219065,3554.76625,7109.5325,142.19065,56876.26,67682.7494,13106550.1477,13038867.3983,0.310655014766,0.303886739826,115.958134204,root_found,111.806723133,root_found,False,False,974dbe180012e12a402fd481947c64925f489f221e1f715ed0e44e8d4aae2e3a,20B_P4_d8_d10_sector_crowding_cost_stoploss_sensitivity_v6,20B_P4_PORTSENS_v6
S0_SELECTED_FULL__D8__L000__STOP20,GROSS,2026-04-30,43,0.936449702698,14368201,0,0,0,0,0,15343270.3952,15343270.3952,0.53432703952,0.53432703952,123.927316334,root_found,119.518423384,root_found,False,False,532f9ad40ed1da8fa4df7dde72bb41cfb67809422fbdc17d8108dc14cf24c2f8,20B_P4_d8_d10_sector_crowding_cost_stoploss_sensitivity_v6,20B_P4_PORTSENS_v6
S0_SELECTED_FULL__D8__L000__STOP20,SLIP000,2026-04-30,43,0.949404318437,14368201,3592.05025,7184.1005,143.68201,0,10919.83276,15133911.5706,15122991.7379,0.513391157062,0.512299173786,123.927316334,root_found,119.518423384,root_found,False,False,382d8e954cd2cd7664118a7850bd5552ff7d9e3586e7ed73906eb4342cd5690f,20B_P4_d8_d10_sector_crowding_cost_stoploss_sensitivity_v6,20B_P4_PORTSENS_v6
S0_SELECTED_FULL__D8__L000__STOP20,SLIP005,2026-04-30,43,0.962578889488,14368201,3592.05025,7184.1005,143.68201,7184.1005,18103.93326,14926777.5939,14908673.6607,0.492677759393,0.490867366067,123.927316334,root_found,119.518423384,root_found,False,False,08c02028a2c800d86c937dbb661c6f08e5b9dbb56c190dbfc48277059b45c01d,20B_P4_d8_d10_sector_crowding_cost_stoploss_sensitivity_v6,20B_P4_PORTSENS_v6
S0_SELECTED_FULL__D8__L000__STOP20,SLIP010,2026-04-30,43,0.976124244148,14368201,3592.05025,7184.1005,143.68201,14368.201,25288.03376,14719643.6172,14694355.5835,0.471964361723,0.469435558347,123.927316334,root_found,119.518423384,root_found,False,False,b1469c6a81dbab697787b7ed79c851ea38b734dec22164369ca0f7fa39f7c7fb,20B_P4_d8_d10_sector_crowding_cost_stoploss_sensitivity_v6,20B_P4_PORTSENS_v6
S0_SELECTED_FULL__D8__L000__STOP20,SLIP020,2026-04-30,43,1.00439172921,14368201,3592.05025,7184.1005,143.68201,28736.402,39656.23476,14305375.6638,14265719.4291,0.430537566383,0.426571942907,123.927316334,root_found,119.518423384,root_found,False,False,83c730631a61e52d6f9e5a345e6b60b726e879b2e0ed29cbe1c18adff1da56ce,20B_P4_d8_d10_sector_crowding_cost_stoploss_sensitivity_v6,20B_P4_PORTSENS_v6
S0_SELECTED_FULL__D8__L000__STOP20,SLIP040,2026-04-30,43,1.06614022716,14368201,3592.05025,7184.1005,143.68201,57472.804,68392.63676,13476839.757,13408447.1203,0.347683975704,0.340844712028,123.927316334,root_found,119.518423384,root_found,False,False,40641b639923b8d0966e893996854151d1a2e2d63bfe23153524cc93881aa2b8,20B_P4_d8_d10_sector_crowding_cost_stoploss_sensitivity_v6,20B_P4_PORTSENS_v6
S0_SELECTED_FULL__D8__L000__STOPNONE,GROSS,2026-04-30,44,0.953675685888,14941504,0,0,0,0,0,15667280,15667280,0.566728,0.566728,130.454629998,root_found,125.692639409,root_found,False,False,708bb26accc01c62404336914c323e77b10aae1454b927f6978f147d0869f09c,20B_P4_d8_d10_sector_crowding_cost_stoploss_sensitivity_v6,20B_P4_PORTSENS_v6
S0_SELECTED_FULL__D8__L000__STOPNONE,SLIP000,2026-04-30,44,0.966714504959,14941504,3735.376,7470.752,149.41504,0,11355.54304,15455963.3929,15444607.8498,0.545596339287,0.544460784983,130.454629998,root_found,125.692639409,root_found,False,False,2eb267e2b7b9ba2b3b27137abcda36a90e6b39bffde8a28e3f0c6c066dfd89f1,20B_P4_d8_d10_sector_crowding_cost_stoploss_sensitivity_v6,20B_P4_PORTSENS_v6
S0_SELECTED_FULL__D8__L000__STOPNONE,SLIP005,2026-04-30,44,0.979973178073,14941504,3735.376,7470.752,149.41504,7470.752,18826.29504,15246849.9489,15228023.6538,0.524684994887,0.522802365383,130.454629998,root_found,125.692639409,root_found,False,False,11e8a2ab5b4eb5ee67045cac660b8b08704d6f7f44cbe8cd9e64c01c5eb0a484,20B_P4_d8_d10_sector_crowding_cost_stoploss_sensitivity_v6,20B_P4_PORTSENS_v6
S0_SELECTED_FULL__D8__L000__STOPNONE,SLIP010,2026-04-30,44,0.993600599077,14941504,3735.376,7470.752,149.41504,14941.504,26297.04704,15037736.5049,15011439.4578,0.503773650487,0.501143945783,130.454629998,root_found,125.692639409,root_found,False,False,8d01f35a5df57a0b25d6bf99c6d0947db788938ea5dd1c6a5bf276632664ceec,20B_P4_d8_d10_sector_crowding_cost_stoploss_sensitivity_v6,20B_P4_PORTSENS_v6
S0_SELECTED_FULL__D8__L000__STOPNONE,SLIP020,2026-04-30,44,1.02202497837,14941504,3735.376,7470.752,149.41504,29883.008,41238.55104,14619509.6169,14578271.0658,0.461950961687,0.457827106583,130.454629998,root_found,125.692639409,root_found,False,False,6f7c95df1a46ffb36c87d7afccd839d5f38371654ace199870bddec45121ce56,20B_P4_d8_d10_sector_crowding_cost_stoploss_sensitivity_v6,20B_P4_PORTSENS_v6
S0_SELECTED_FULL__D8__L000__STOPNONE,SLIP040,2026-04-30,44,1.08404871695,14941504,3735.376,7470.752,149.41504,59766.016,71121.55904,13783055.8409,13711934.2818,0.378305584087,0.371193428183,130.454629998,root_found,125.692639409,root_found,False,False,1ee25da2fe2a75449fdac4e67f3316388fdaed24edf712ef4eb7276d2acc7993,20B_P4_d8_d10_sector_crowding_cost_stoploss_sensitivity_v6,20B_P4_PORTSENS_v6
S0_SELECTED_FULL__D8__L050__STOP05,GROSS,2026-04-30,18,0.416960547673,4948171,0,0,0,0,0,11867240.2644,11867240.2644,0.186724026436,0.186724026436,42.9021136188,root_found,42.2679692529,root_found,False,False,d7ddc530e79ca03e3a9850ad7b834a21bd945214b1e804ed8f3f353e99ced7c2,20B_P4_d8_d10_sector_crowding_cost_stoploss_sensitivity_v6,20B_P4_PORTSENS_v6
S0_SELECTED_FULL__D8__L050__STOP05,SLIP000,2026-04-30,18,0.424030084632,4948171,1237.04275,2474.0855,49.48171,0,3760.60996,11669386.6292,11665626.0193,0.166938662925,0.166562601929,42.9021136188,root_found,42.2679692529,root_found,False,False,e8d1f9b0eb011e991330296899e418dc0afe7d19a1f65d3e7ab831ba22e00992,20B_P4_d8_d10_sector_crowding_cost_stoploss_sensitivity_v6,20B_P4_PORTSENS_v6
S0_SELECTED_FULL__D8__L050__STOP05,SLIP005,2026-04-30,18,0.431219584735,4948171,1237.04275,2474.0855,49.48171,2474.0855,6234.69546,11474829.0086,11468594.3132,0.147482900862,0.146859431316,42.9021136188,root_found,42.2679692529,root_found,False,False,9c6fa4716c0db62e794e0185b02ecde9db8430b76b26fcb44e62635f11c18c05,20B_P4_d8_d10_sector_crowding_cost_stoploss_sensitivity_v6,20B_P4_PORTSENS_v6
S0_SELECTED_FULL__D8__L050__STOP05,SLIP010,2026-04-30,18,0.438657088097,4948171,1237.04275,2474.0855,49.48171,4948.171,8708.78096,11280271.388,11271562.607,0.128027138798,0.127156260702,42.9021136188,root_found,42.2679692529,root_found,False,False,82cc72c2e5bee3bee0ceecd20ffaf2868fb3f89771d4c26336888cf86a5bc2cf,20B_P4_d8_d10_sector_crowding_cost_stoploss_sensitivity_v6,20B_P4_PORTSENS_v6
S0_SELECTED_FULL__D8__L050__STOP05,SLIP020,2026-04-30,18,0.454329268017,4948171,1237.04275,2474.0855,49.48171,9896.342,13656.95196,10891156.1467,10877499.1948,0.089115614672,0.087749919476,42.9021136188,root_found,42.2679692529,root_found,False,False,d52ba580ae5ba56a49a9dbc6fce76d0d30652edc4c61a2b31674afdae5a19262,20B_P4_d8_d10_sector_crowding_cost_stoploss_sensitivity_v6,20B_P4_PORTSENS_v6
S0_SELECTED_FULL__D8__L050__STOP05,SLIP040,2026-04-30,18,0.489291740522,4948171,1237.04275,2474.0855,49.48171,19792.684,23553.29396,10112925.6642,10089372.3702,0.0112925664191,0.00893723702311,42.9021136188,root_found,42.2679692529,root_found,False,False,135d3f59bf63114bfce7fa35264d256b48711b994fe5371ad9e2f06d4e7d680b,20B_P4_d8_d10_sector_crowding_cost_stoploss_sensitivity_v6,20B_P4_PORTSENS_v6
S0_SELECTED_FULL__D8__L050__STOP10,GROSS,2026-04-30,40,0.891261710181,12695326,0,0,0,0,0,14244217.8936,14244217.8936,0.424421789355,0.424421789355,100.909174736,root_found,97.5755629952,root_found,False,False,6914287cca80166ca71451f1b115ab0727bf2f370657f6b8b9ae9336543784e7,20B_P4_d8_d10_sector_crowding_cost_stoploss_sensitivity_v6,20B_P4_PORTSENS_v6
S0_SELECTED_FULL__D8__L050__STOP10,SLIP000,2026-04-30,40,0.904109874337,12695326,3173.8315,6347.663,126.95326,0,9648.44776,14041795.5387,14032147.091,0.404179553875,0.403214709099,100.909174736,root_found,97.5755629952,root_found,False,False,b4e94181ad4812afaaa54da1d1c4e39c95b8105feee35490ca198b7158166ee5,20B_P4_d8_d10_sector_crowding_cost_stoploss_sensitivity_v6,20B_P4_PORTSENS_v6
S0_SELECTED_FULL__D8__L050__STOP10,SLIP005,2026-04-30,40,0.917191174536,12695326,3173.8315,6347.663,126.95326,6347.663,15996.11076,13841526.5568,13825530.446,0.38415265568,0.382553044604,100.909174736,root_found,97.5755629952,root_found,False,False,7ea27c90fba8d96dcc2d633fce87da063fee8f09856f3a3400a1795ed98a2554,20B_P4_d8_d10_sector_crowding_cost_stoploss_sensitivity_v6,20B_P4_PORTSENS_v6
S0_SELECTED_FULL__D8__L050__STOP10,SLIP010,2026-04-30,40,0.930656571092,12695326,3173.8315,6347.663,126.95326,12695.326,22343.77376,13641257.5749,13618913.8011,0.364125757485,0.361891380109,100.909174736,root_found,97.5755629952,root_found,False,False,5ea0b118b42f114746472920d66e00fcfc80c9c566754000d4bff71b7d14fd5e,20B_P4_d8_d10_sector_crowding_cost_stoploss_sensitivity_v6,20B_P4_PORTSENS_v6
S0_SELECTED_FULL__D8__L050__STOP10,SLIP020,2026-04-30,40,0.958809367845,12695326,3173.8315,6347.663,126.95326,25390.652,35039.09976,13240719.611,13205680.5112,0.324071961096,0.32056805112,100.909174736,root_found,97.5755629952,root_found,False,False,fccc4ea438b25223bc84736afee014506e167437b0139170c20514251d3a8642,20B_P4_d8_d10_sector_crowding_cost_stoploss_sensitivity_v6,20B_P4_PORTSENS_v6
S0_SELECTED_FULL__D8__L050__STOP10,SLIP040,2026-04-30,40,1.02055382962,12695326,3173.8315,6347.663,126.95326,50781.304,60429.75176,12439643.6832,12379213.9314,0.243964368317,0.237921393141,100.909174736,root_found,97.5755629952,root_found,False,False,1505203c5439f63903d8394334d1331d6fcc26110fff5aab190e4e3c756456f8,20B_P4_d8_d10_sector_crowding_cost_stoploss_sensitivity_v6,20B_P4_PORTSENS_v6
S0_SELECTED_FULL__D8__L050__STOP15,GROSS,2026-04-30,43,0.951809612814,14233184,0,0,0,0,0,14953814.0909,14953814.0909,0.495381409094,0.495381409094,115.928876465,root_found,111.779324066,root_found,False,False,4bda9c3faeb160c74d485e146329ef3909d89e71dbe68dab0ec8d9912ea489b5,20B_P4_d8_d10_sector_crowding_cost_stoploss_sensitivity_v6,20B_P4_PORTSENS_v6
S0_SELECTED_FULL__D8__L050__STOP15,SLIP000,2026-04-30,43,0.965156269564,14233184,3558.296,7116.592,142.33184,0,10817.21984,14747025.377,14736208.1571,0.474702537698,0.473620815714,115.928876465,root_found,111.779324066,root_found,False,False,32ce406c6891fd22bfbdaab6297f63ccb1e64e6bdf31337b0db8f5a13d54c384,20B_P4_d8_d10_sector_crowding_cost_stoploss_sensitivity_v6,20B_P4_PORTSENS_v6
S0_SELECTED_FULL__D8__L050__STOP15,SLIP005,2026-04-30,43,0.978744561382,14233184,3558.296,7116.592,142.33184,7116.592,17933.81184,14542286.6819,14524352.8701,0.454228668193,0.452435287009,115.928876465,root_found,111.779324066,root_found,False,False,6a3d1f10f52abbb25610f55e26d477decb0229b3bf36437065ee5132bb48f672,20B_P4_d8_d10_sector_crowding_cost_stoploss_sensitivity_v6,20B_P4_PORTSENS_v6
S0_SELECTED_FULL__D8__L050__STOP15,SLIP010,2026-04-30,43,0.992720931991,14233184,3558.296,7116.592,142.33184,14233.184,25050.40384,14337547.9869,14312497.583,0.433754798688,0.431249758304,115.928876465,root_found,111.779324066,root_found,False,False,b209472ad5f50bf5c0bdf33f85171551a469a6a98cf4f3d3264744fbf87e16f6,20B_P4_d8_d10_sector_crowding_cost_stoploss_sensitivity_v6,20B_P4_PORTSENS_v6
S0_SELECTED_FULL__D8__L050__STOP15,SLIP020,2026-04-30,43,1.02190636536,14233184,3558.296,7116.592,142.33184,28466.368,39283.58784,13928070.5968,13888787.009,0.392807059679,0.388878700895,115.928876465,root_found,111.779324066,root_found,False,False,b4ebf04f65d3dca6dba43f115e961e5744dcedc528925124a5a2ea235088a77b,20B_P4_d8_d10_sector_crowding_cost_stoploss_sensitivity_v6,20B_P4_PORTSENS_v6
S0_SELECTED_FULL__D8__L050__STOP15,SLIP040,2026-04-30,43,1.08574706327,14233184,3558.296,7116.592,142.33184,56932.736,67749.95584,13109115.8166,13041365.8608,0.310911581661,0.304136586077,115.928876465,root_found,111.779324066,root_found,False,False,6f8720acedf03fe9887f294c70f501e7381978c7e87918af842b33813bea3771,20B_P4_d8_d10_sector_crowding_cost_stoploss_sensitivity_v6,20B_P4_PORTSENS_v6
S0_SELECTED_FULL__D8__L050__STOP20,GROSS,2026-04-30,43,0.936365904674,14474952,0,0,0,0,0,15458649.1539,15458649.1539,0.545864915388,0.545864915388,125.639848669,root_found,121.176920878,root_found,False,False,99fa10d8db2e2641b41cba50a3d3c6b37a44b081b3b59bbc0c24bf2528ea50f1,20B_P4_d8_d10_sector_crowding_cost_stoploss_sensitivity_v6,20B_P4_PORTSENS_v6
S0_SELECTED_FULL__D8__L050__STOP20,SLIP000,2026-04-30,43,0.949325085268,14474952,3618.738,7237.476,144.74952,0,11000.96352,15247624.0485,15236623.085,0.524762404852,0.5236623085,125.639848669,root_found,121.176920878,root_found,False,False,a8b381ec8dbb0598fc9a8143943047df8f89b8863ac5cc2e6bdcee8ccc7f378c,20B_P4_d8_d10_sector_crowding_cost_stoploss_sensitivity_v6,20B_P4_PORTSENS_v6
S0_SELECTED_FULL__D8__L050__STOP20,SLIP005,2026-04-30,43,0.962507878217,14474952,3618.738,7237.476,144.74952,7237.476,18238.43952,15038788.0739,15020549.6344,0.503878807394,0.502054963442,125.639848669,root_found,121.176920878,root_found,False,False,c68e7694d761161dc0b26d365405f0ac8f0312c446445304ee8d856b80ed0cc5,20B_P4_d8_d10_sector_crowding_cost_stoploss_sensitivity_v6,20B_P4_PORTSENS_v6
S0_SELECTED_FULL__D8__L050__STOP20,SLIP010,2026-04-30,43,0.976061952393,14474952,3618.738,7237.476,144.74952,14474.952,25475.91552,14829952.0994,14804476.1838,0.482995209937,0.480447618385,125.639848669,root_found,121.176920878,root_found,False,False,38c2fd1392236a01b5bb93cc53435df6c733cfe2c64be953b535bc8111a5e95f,20B_P4_d8_d10_sector_crowding_cost_stoploss_sensitivity_v6,20B_P4_PORTSENS_v6
S0_SELECTED_FULL__D8__L050__STOP20,SLIP020,2026-04-30,43,1.00434850344,14474952,3618.738,7237.476,144.74952,28949.904,39950.86752,14412280.1502,14372329.2827,0.441228015021,0.437232928269,125.639848669,root_found,121.176920878,root_found,False,False,51f2e5a7198e69f27644c0c7f1d20d21a40f8bf782d7d486d7b730de24f65221,20B_P4_d8_d10_sector_crowding_cost_stoploss_sensitivity_v6,20B_P4_PORTSENS_v6
S0_SELECTED_FULL__D8__L050__STOP20,SLIP040,2026-04-30,43,1.06614273879,14474952,3618.738,7237.476,144.74952,57899.808,68900.77152,13576936.2519,13508035.4804,0.35769362519,0.350803548038,125.639848669,root_found,121.176920878,root_found,False,False,7e89e11dcba2eb2f17316c46c105f3002307fda1b160e75e4c6e864c19f7152a,20B_P4_d8_d10_sector_crowding_cost_stoploss_sensitivity_v6,20B_P4_PORTSENS_v6
S0_SELECTED_FULL__D8__L050__STOPNONE,GROSS,2026-04-30,44,0.953949944949,14953567,0,0,0,0,0,15675421,15675421,0.5675421,0.5675421,130.458996999,root_found,125.699640117,root_found,False,False,cb8712fac3db44335947ec5f08733c5083901fb64373694e3cc696a8e4a6d881,20B_P4_d8_d10_sector_crowding_cost_stoploss_sensitivity_v6,20B_P4_PORTSENS_v6
S0_SELECTED_FULL__D8__L050__STOPNONE,SLIP000,2026-04-30,44,0.967000946551,14953567,3738.39175,7476.7835,149.53567,0,11364.71092,15463859.7339,15452495.023,0.546385973388,0.545249502296,130.458996999,root_found,125.699640117,root_found,False,False,4111c0aa54e74e95a5eeec2785898d0e9eac9e2082af6fb6529454566658580f,20B_P4_d8_d10_sector_crowding_cost_stoploss_sensitivity_v6,20B_P4_PORTSENS_v6
S0_SELECTED_FULL__D8__L050__STOPNONE,SLIP005,2026-04-30,44,0.980275680867,14953567,3738.39175,7476.7835,149.53567,7476.7835,18841.49442,15254450.6529,15235609.1585,0.525445065288,0.523560915846,130.458996999,root_found,125.699640117,root_found,False,False,05c40b0ff28669e6b9e4145985ba1402beb93d45c9b71579fcb768ede0679e36,20B_P4_d8_d10_sector_crowding_cost_stoploss_sensitivity_v6,20B_P4_PORTSENS_v6
S0_SELECTED_FULL__D8__L050__STOPNONE,SLIP010,2026-04-30,44,0.993919952202,14953567,3738.39175,7476.7835,149.53567,14953.567,26318.27792,15045041.5719,15018723.294,0.504504157188,0.501872329396,130.458996999,root_found,125.699640117,root_found,False,False,3dbc5c2c842417517a572c451003735955b36adce0380f43b23a3545c818468e,20B_P4_d8_d10_sector_crowding_cost_stoploss_sensitivity_v6,20B_P4_PORTSENS_v6
S0_SELECTED_FULL__D8__L050__STOPNONE,SLIP020,2026-04-30,44,1.02238059552,14953567,3738.39175,7476.7835,149.53567,29907.134,41271.84492,14626223.4099,14584951.565,0.462622340988,0.458495156496,130.458996999,root_found,125.699640117,root_found,False,False,8f512bfadf91c52b387cea75584324e175a65a7a6808e7b61946162b59a7d032,20B_P4_d8_d10_sector_crowding_cost_stoploss_sensitivity_v6,20B_P4_PORTSENS_v6
S0_SELECTED_FULL__D8__L050__STOPNONE,SLIP040,2026-04-30,44,1.08448870844,14953567,3738.39175,7476.7835,149.53567,59814.268,71178.97892,13788587.0859,13717408.107,0.378858708588,0.371740810696,130.458996999,root_found,125.699640117,root_found,False,False,cdf00f6a821fc2a9b0aa8183663a1f0d1af4fa8783a188abd9857d394c89b7aa,20B_P4_d8_d10_sector_crowding_cost_stoploss_sensitivity_v6,20B_P4_PORTSENS_v6
S0_SELECTED_FULL__D8__L100__STOP05,GROSS,2026-04-30,18,0.417956868922,4965802,0,0,0,0,0,11881135.0387,11881135.0387,0.188113503865,0.188113503865,43.2004221548,root_found,42.5610635466,root_found,False,False,eab9e1e839448a808b41661464f062c0555615d546b65856a98f03183623d7e5,20B_P4_d8_d10_sector_crowding_cost_stoploss_sensitivity_v6,20B_P4_PORTSENS_v6
S0_SELECTED_FULL__D8__L100__STOP05,SLIP000,2026-04-30,18,0.425042924147,4965802,1241.4505,2482.901,49.65802,0,3774.00952,11683060.0344,11679286.0249,0.168306003439,0.167928602487,43.2004221548,root_found,42.5610635466,root_found,False,False,f4cb432467241b9cc379399c3619f5d8ea536af928fda2d7452c2bff40e7ad26,20B_P4_d8_d10_sector_crowding_cost_stoploss_sensitivity_v6,20B_P4_PORTSENS_v6
S0_SELECTED_FULL__D8__L100__STOP05,SLIP005,2026-04-30,18,0.432250015554,4965802,1241.4505,2482.901,49.65802,2482.901,6256.91052,11488263.3229,11482006.4124,0.148826332287,0.148200641235,43.2004221548,root_found,42.5610635466,root_found,False,False,f48aeafcc6c8fcaec1c9b177f8b317161b936a4115418ced70078d192e3d9786,20B_P4_d8_d10_sector_crowding_cost_stoploss_sensitivity_v6,20B_P4_PORTSENS_v6
S0_SELECTED_FULL__D8__L100__STOP05,SLIP010,2026-04-30,18,0.43970573172,4965802,1241.4505,2482.901,49.65802,4965.802,8739.81152,11293466.6114,11284726.7998,0.129346661136,0.128472679984,43.2004221548,root_found,42.5610635466,root_found,False,False,237acf07aa53d48c2d997dc1ccdc30453e29a161acb559a7e0ea561b6e79af1c,20B_P4_d8_d10_sector_crowding_cost_stoploss_sensitivity_v6,20B_P4_PORTSENS_v6
S0_SELECTED_FULL__D8__L100__STOP05,SLIP020,2026-04-30,18,0.455416338235,4965802,1241.4505,2482.901,49.65802,9931.604,13705.61352,10903873.1883,10890167.5748,0.0903873188317,0.0890167574797,43.2004221548,root_found,42.5610635466,root_found,False,False,b1c50105110be88578e72e77f3699b316884306a37de23719838930c518b77e9,20B_P4_d8_d10_sector_crowding_cost_stoploss_sensitivity_v6,20B_P4_PORTSENS_v6
S0_SELECTED_FULL__D8__L100__STOP05,SLIP040,2026-04-30,18,0.490464774132,4965802,1241.4505,2482.901,49.65802,19863.208,23637.21752,10124686.3422,10101049.1247,0.0124686342239,0.0101049124719,43.2004221548,root_found,42.5610635466,root_found,False,False,37544cdbaf4ccc51f4f64405683de220c7fc16a7e21ed0c9920293c53cae8a9f,20B_P4_d8_d10_sector_crowding_cost_stoploss_sensitivity_v6,20B_P4_PORTSENS_v6
S0_SELECTED_FULL__D8__L100__STOP10,GROSS,2026-04-30,40,0.890599225161,12691556,0,0,0,0,0,14250580.5546,14250580.5546,0.425058055458,0.425058055458,100.886388118,root_found,97.5599863777,root_found,False,False,b892ac6606da07280bbaa04d2e4f9083107166c6f3749986e3ca19458c618d79,20B_P4_d8_d10_sector_crowding_cost_stoploss_sensitivity_v6,20B_P4_PORTSENS_v6
S0_SELECTED_FULL__D8__L100__STOP10,SLIP000,2026-04-30,40,0.903452530875,12691556,3172.889,6345.778,126.91556,0,9645.58256,14047839.3344,14038193.7518,0.404783933441,0.403819375185,100.886388118,root_found,97.5599863777,root_found,False,False,d87211d203eb6ccca8c89a71963427ef52bfa5dc2115d43c470f2389f4302345,20B_P4_d8_d10_sector_crowding_cost_stoploss_sensitivity_v6,20B_P4_PORTSENS_v6
S0_SELECTED_FULL__D8__L100__STOP10,SLIP005,2026-04-30,40,0.916541434448,12691556,3172.889,6345.778,126.91556,6345.778,15991.36056,13847225.5841,13831234.2236,0.384722558413,0.383123422357,100.886388118,root_found,97.5599863777,root_found,False,False,0b42843a71ea14f7bb1c0e9c2e8d2d3318ff1ddda851595400700070cff61177,20B_P4_d8_d10_sector_crowding_cost_stoploss_sensitivity_v6,20B_P4_PORTSENS_v6
S0_SELECTED_FULL__D8__L100__STOP10,SLIP010,2026-04-30,40,0.930015168199,12691556,3172.889,6345.778,126.91556,12691.556,22337.13856,13646611.8339,13624274.6953,0.364661183385,0.362427469529,100.886388118,root_found,97.5599863777,root_found,False,False,b08682a207482ef92bc64c8b3f08297e3033036c8ecf052c99485d9780c844b8,20B_P4_d8_d10_sector_crowding_cost_stoploss_sensitivity_v6,20B_P4_PORTSENS_v6
S0_SELECTED_FULL__D8__L100__STOP10,SLIP020,2026-04-30,40,0.958187069596,12691556,3172.889,6345.778,126.91556,25383.112,35028.69456,13245384.3333,13210355.6387,0.32453843333,0.321035563874,100.886388118,root_found,97.5599863777,root_found,False,False,b0e58d1fb91511259dd4d97fe5518807db169c7c18d8b67d2b6c92e70736199a,20B_P4_d8_d10_sector_crowding_cost_stoploss_sensitivity_v6,20B_P4_PORTSENS_v6
S0_SELECTED_FULL__D8__L100__STOP10,SLIP040,2026-04-30,40,1.0199813614,12691556,3172.889,6345.778,126.91556,50766.224,60411.80656,12442929.3322,12382517.5256,0.244292933219,0.238251752563,100.886388118,root_found,97.5599863777,root_found,False,False,e623f51245b6ed2ca357b7aa1dadcaa046e40ede4545c97cc5de03811b03584d,20B_P4_d8_d10_sector_crowding_cost_stoploss_sensitivity_v6,20B_P4_PORTSENS_v6
S0_SELECTED_FULL__D8__L100__STOP15,GROSS,2026-04-30,43,0.950530139851,14216144,0,0,0,0,0,14956016.0209,14956016.0209,0.495601602094,0.495601602094,115.745257197,root_found,111.61452036,root_found,False,False,7ce96ff409984518c9dfe606623a767adace70c8378dadfc85245cd89f18ee6b,20B_P4_d8_d10_sector_crowding_cost_stoploss_sensitivity_v6,20B_P4_PORTSENS_v6
S0_SELECTED_FULL__D8__L100__STOP15,SLIP000,2026-04-30,43,0.963882813269,14216144,3554.036,7108.072,142.16144,0,10804.26944,14748830.2564,14738025.987,0.474883025643,0.473802598699,115.745257197,root_found,111.61452036,root_found,False,False,5272e8646ae446d31b586e256c94a804357f366fbb1dcf169f16f0e4cb2531a1,20B_P4_d8_d10_sector_crowding_cost_stoploss_sensitivity_v6,20B_P4_PORTSENS_v6
S0_SELECTED_FULL__D8__L100__STOP15,SLIP005,2026-04-30,43,0.977478561385,14216144,3554.036,7108.072,142.16144,7108.072,17912.34144,14543688.7944,14525776.453,0.454368879442,0.452577645298,115.745257197,root_found,111.61452036,root_found,False,False,6058a2a969ec70e413136c2f443d17e91e8291e98b154bb455d6cefe382d60ad,20B_P4_d8_d10_sector_crowding_cost_stoploss_sensitivity_v6,20B_P4_PORTSENS_v6
S0_SELECTED_FULL__D8__L100__STOP15,SLIP010,2026-04-30,43,0.991463337982,14216144,3554.036,7108.072,142.16144,14216.144,25020.41344,14338547.3324,14313526.919,0.433854733241,0.431352691897,115.745257197,root_found,111.61452036,root_found,False,False,5482b3c5dabe1388162dfb7be1298dcae7fdd4512212c5f3a94b62ebe4a20c05,20B_P4_d8_d10_sector_crowding_cost_stoploss_sensitivity_v6,20B_P4_PORTSENS_v6
S0_SELECTED_FULL__D8__L100__STOP15,SLIP020,2026-04-30,43,1.02066873396,14216144,3554.036,7108.072,142.16144,28432.288,39236.55744,13928264.4084,13889027.851,0.392826440839,0.388902785095,115.745257197,root_found,111.61452036,root_found,False,False,88b96f5f92369acd23f138250b0324f26b91291a7d23e69d66b20efe95b5324a,20B_P4_d8_d10_sector_crowding_cost_stoploss_sensitivity_v6,20B_P4_PORTSENS_v6
S0_SELECTED_FULL__D8__L100__STOP15,SLIP040,2026-04-30,43,1.08456445916,14216144,3554.036,7108.072,142.16144,56864.576,67668.84544,13107698.5604,13040029.7149,0.310769856035,0.304002971491,115.745257197,root_found,111.61452036,root_found,False,False,cb2b0fec0e81d607805387e10c367fb2043ff048c6dfd77fc02e877f654095ee,20B_P4_d8_d10_sector_crowding_cost_stoploss_sensitivity_v6,20B_P4_PORTSENS_v6
S0_SELECTED_FULL__D8__L100__STOP20,GROSS,2026-04-30,43,0.936420341874,14469784,0,0,0,0,0,15452231.6026,15452231.6026,0.545223160257,0.545223160257,125.167670278,root_found,120.732584826,root_found,False,False,c52dc1979d00f6571231879278280005cc206e944085a3f2c5af72911172552f,20B_P4_d8_d10_sector_crowding_cost_stoploss_sensitivity_v6,20B_P4_PORTSENS_v6
S0_SELECTED_FULL__D8__L100__STOP20,SLIP000,2026-04-30,43,0.949417383462,14469784,3617.446,7234.892,144.69784,0,10997.03584,15240698.4031,15229701.3673,0.52406984031,0.522970136726,125.167670278,root_found,120.732584826,root_found,False,False,4c5428ea0f4839f48e2889faf043689ef4df90e522a88cea3d4c9a9fc31d3611,20B_P4_d8_d10_sector_crowding_cost_stoploss_sensitivity_v6,20B_P4_PORTSENS_v6
S0_SELECTED_FULL__D8__L100__STOP20,SLIP005,2026-04-30,43,0.962640266538,14469784,3617.446,7234.892,144.69784,7234.892,18231.92784,15031351.2773,15013119.3495,0.50313512773,0.501311934946,125.167670278,root_found,120.732584826,root_found,False,False,9fa9641c7f2d048ece11444d1700bd71d1e1c965d7794cb5baef3cd3e50c79a8,20B_P4_d8_d10_sector_crowding_cost_stoploss_sensitivity_v6,20B_P4_PORTSENS_v6
S0_SELECTED_FULL__D8__L100__STOP20,SLIP010,2026-04-30,43,0.976236671647,14469784,3617.446,7234.892,144.69784,14469.784,25466.81984,14822004.1515,14796537.3317,0.48220041515,0.479653733166,125.167670278,root_found,120.732584826,root_found,False,False,ae38813411ce51f2f5fcafaa9db4a57aa74cdf8460ace28d5d381836501d06fa,20B_P4_d8_d10_sector_crowding_cost_stoploss_sensitivity_v6,20B_P4_PORTSENS_v6
S0_SELECTED_FULL__D8__L100__STOP20,SLIP020,2026-04-30,43,1.00461519613,14469784,3617.446,7234.892,144.69784,28939.568,39936.60384,14403309.8999,14363373.2961,0.440330989989,0.436337329605,125.167670278,root_found,120.732584826,root_found,False,False,eda4431ef304d1f4bf8bef3412ab47190b67d3e126c6c952793c27fbb43abbc7,20B_P4_d8_d10_sector_crowding_cost_stoploss_sensitivity_v6,20B_P4_PORTSENS_v6
S0_SELECTED_FULL__D8__L100__STOP20,SLIP040,2026-04-30,43,1.06662743922,14469784,3617.446,7234.892,144.69784,57879.136,68876.17184,13565921.3967,13497045.2248,0.356592139669,0.349704522485,125.167670278,root_found,120.732584826,root_found,False,False,11241395eeb03efe8960407e6260adbfabb6ced72c345ae4af00475838e427a3,20B_P4_d8_d10_sector_crowding_cost_stoploss_sensitivity_v6,20B_P4_PORTSENS_v6
S0_SELECTED_FULL__D8__L100__STOPNONE,GROSS,2026-04-30,44,0.954746381327,14962496,0,0,0,0,0,15671697,15671697,0.5671697,0.5671697,130.086550434,root_found,125.346919373,root_found,False,False,379379984a4d34b944e42d5572962d3c693bfd58a4db6eaa9b93ab1899dafa58,20B_P4_d8_d10_sector_crowding_cost_stoploss_sensitivity_v6,20B_P4_PORTSENS_v6
S0_SELECTED_FULL__D8__L100__STOPNONE,SLIP000,2026-04-30,44,0.96783759644,14962496,3740.624,7481.248,149.62496,0,11371.49696,15459717.6789,15448346.1819,0.545971767891,0.544834618195,130.086550434,root_found,125.346919373,root_found,False,False,9137890522f619e21d8e5f1f9e280c36cb23be82c5427c5cb174e61423664e98,20B_P4_d8_d10_sector_crowding_cost_stoploss_sensitivity_v6,20B_P4_PORTSENS_v6
S0_SELECTED_FULL__D8__L100__STOPNONE,SLIP005,2026-04-30,44,0.981155755269,14962496,3740.624,7481.248,149.62496,7481.248,18852.74496,15249868.2494,15231015.5044,0.524986824941,0.523101550445,130.086550434,root_found,125.346919373,root_found,False,False,c67cef39964e156d006fc2149a67fb8da33e1408018706c4a3b498a9db18c94c,20B_P4_d8_d10_sector_crowding_cost_stoploss_sensitivity_v6,20B_P4_PORTSENS_v6
S0_SELECTED_FULL__D8__L100__STOPNONE,SLIP010,2026-04-30,44,0.994845563637,14962496,3740.624,7481.248,149.62496,14962.496,26333.99296,15040018.8199,15013684.8269,0.504001881991,0.501368482695,130.086550434,root_found,125.346919373,root_found,False,False,1c903b3e7002a628de721d5040244c1476fb732cf9c1fe8ccccdb32ebf4c9c18,20B_P4_d8_d10_sector_crowding_cost_stoploss_sensitivity_v6,20B_P4_PORTSENS_v6
S0_SELECTED_FULL__D8__L100__STOPNONE,SLIP020,2026-04-30,44,1.02340414163,14962496,3740.624,7481.248,149.62496,29924.992,41296.48896,14620319.9609,14579023.4719,0.462031996091,0.457902347195,130.086550434,root_found,125.346919373,root_found,False,False,947fda75f1040a3c5a4564be0ad461fbfd994d7815514065f162e78a8284efa8,20B_P4_d8_d10_sector_crowding_cost_stoploss_sensitivity_v6,20B_P4_PORTSENS_v6
S0_SELECTED_FULL__D8__L100__STOPNONE,SLIP040,2026-04-30,44,1.08573981743,14962496,3740.624,7481.248,149.62496,59849.984,71221.48096,13780922.2429,13709700.7619,0.378092224291,0.370970076195,130.086550434,root_found,125.346919373,root_found,False,False,c4922f59772a7e7f597134e349bac1092c615ba75d1b8e230e3d619f5e0dc510,20B_P4_d8_d10_sector_crowding_cost_stoploss_sensitivity_v6,20B_P4_PORTSENS_v6
S0_SELECTED_FULL__D9__L000__STOP05,GROSS,2026-04-30,23,0.534503802836,6629547,0,0,0,0,0,12403180.2296,12403180.2296,0.240318022963,0.240318022963,58.6623458548,root_found,57.5173049037,root_found,False,False,ff7829b43c79c2032b5be9900653e72468b9c05489e2f13391626b369090a30d,20B_P4_d8_d10_sector_crowding_cost_stoploss_sensitivity_v6,20B_P4_PORTSENS_v6
S0_SELECTED_FULL__D9__L000__STOP05,SLIP000,2026-04-30,23,0.542886563644,6629547,1657.38675,3314.7735,66.29547,0,5038.45572,12211661.5956,12206623.1398,0.221166159556,0.220662313984,58.6623458548,root_found,57.5173049037,root_found,False,False,45c68ee7f8a71c108ddbbb3c99d3378652931698cbcb2268615ea17a1c0c8364,20B_P4_d8_d10_sector_crowding_cost_stoploss_sensitivity_v6,20B_P4_PORTSENS_v6
S0_SELECTED_FULL__D9__L000__STOP05,SLIP005,2026-04-30,23,0.55139833491,6629547,1657.38675,3314.7735,66.29547,3314.7735,8353.22922,12023153.8259,12014800.5967,0.202315382595,0.201480059673,58.6623458548,root_found,57.5173049037,root_found,False,False,ae9df2db2237175efe9193dfd8830847d03aaca1e16210232dec508388a7d7cc,20B_P4_d8_d10_sector_crowding_cost_stoploss_sensitivity_v6,20B_P4_PORTSENS_v6
S0_SELECTED_FULL__D9__L000__STOP05,SLIP010,2026-04-30,23,0.560181265113,6629547,1657.38675,3314.7735,66.29547,6629.547,11668.00272,11834646.0563,11822978.0536,0.183464605633,0.182297805361,58.6623458548,root_found,57.5173049037,root_found,False,False,feb1020e81de57745e4403d1c1730713e126c5115ed0b95f2584dbb047f69ccd,20B_P4_d8_d10_sector_crowding_cost_stoploss_sensitivity_v6,20B_P4_PORTSENS_v6
S0_SELECTED_FULL__D9__L000__STOP05,SLIP020,2026-04-30,23,0.578614137548,6629547,1657.38675,3314.7735,66.29547,13259.094,18297.54972,11457630.5171,11439332.9674,0.14576305171,0.143933296738,58.6623458548,root_found,57.5173049037,root_found,False,False,ab40137334734e040cf5aba3c8730a91c59505a22166ed25b824bdb49871c041,20B_P4_d8_d10_sector_crowding_cost_stoploss_sensitivity_v6,20B_P4_PORTSENS_v6
S0_SELECTED_FULL__D9__L000__STOP05,SLIP040,2026-04-30,23,0.619375476259,6629547,1657.38675,3314.7735,66.29547,26518.188,31556.64372,10703599.4386,10672042.7949,0.0703599438646,0.0672042794926,58.6623458548,root_found,57.5173049037,root_found,False,False,faad0b22a2ee3a11d5999de9b62595931377b50a1c337f90ec352dca11d23bfd,20B_P4_d8_d10_sector_crowding_cost_stoploss_sensitivity_v6,20B_P4_PORTSENS_v6
S0_SELECTED_FULL__D9__L000__STOP10,GROSS,2026-04-30,37,0.835061365947,11662191,0,0,0,0,0,13965669.4413,13965669.4413,0.396566944128,0.396566944128,100.542915836,root_found,97.285656575,root_found,False,False,873adbf523474ebbd3520ab4d12c69656972169d7d65cdf70266f2305531c91f,20B_P4_d8_d10_sector_crowding_cost_stoploss_sensitivity_v6,20B_P4_PORTSENS_v6
S0_SELECTED_FULL__D9__L000__STOP10,SLIP000,2026-04-30,37,0.8465781278,11662191,2915.54775,5831.0955,116.62191,0,8863.26516,13775681.9094,13766818.6442,0.377568190937,0.376681864421,100.542915836,root_found,97.285656575,root_found,False,False,14b44fe0c5ba94f8e68f820aefd56c0163093b3aded8a6f9a8393e7cc285ce30,20B_P4_d8_d10_sector_crowding_cost_stoploss_sensitivity_v6,20B_P4_PORTSENS_v6
S0_SELECTED_FULL__D9__L000__STOP10,SLIP005,2026-04-30,37,0.858276571219,11662191,2915.54775,5831.0955,116.62191,5831.0955,14694.36066,13587917.2182,13573222.8575,0.358791721815,0.357322285749,100.542915836,root_found,97.285656575,root_found,False,False,dd8243a7972c61042ccaa0a218fa0ae6c163a47a37fb99e3dd6313d2019bad68,20B_P4_d8_d10_sector_crowding_cost_stoploss_sensitivity_v6,20B_P4_PORTSENS_v6
S0_SELECTED_FULL__D9__L000__STOP10,SLIP010,2026-04-30,37,0.870302854879,11662191,2915.54775,5831.0955,116.62191,11662.191,20525.45616,13400152.5269,13379627.0708,0.340015252693,0.337962707077,100.542915836,root_found,97.285656575,root_found,False,False,442aee394834b06ab5ed6a59e4067cce30df810f498db2349892d65c4e003f24,20B_P4_d8_d10_sector_crowding_cost_stoploss_sensitivity_v6,20B_P4_PORTSENS_v6
S0_SELECTED_FULL__D9__L000__STOP10,SLIP020,2026-04-30,37,0.895395657181,11662191,2915.54775,5831.0955,116.62191,23324.382,32187.64716,13024623.1445,12992435.4973,0.302462314449,0.299243549733,100.542915836,root_found,97.285656575,root_found,False,False,bb5632ea2dbfb155f709065b2875d5527fd6519eeb13b303ef8710187cc8cf49,20B_P4_d8_d10_sector_crowding_cost_stoploss_sensitivity_v6,20B_P4_PORTSENS_v6
S0_SELECTED_FULL__D9__L000__STOP10,SLIP040,2026-04-30,37,0.950187788918,11662191,2915.54775,5831.0955,116.62191,46648.764,55512.02916,12273564.3796,12218052.3504,0.227356437961,0.221805235045,100.542915836,root_found,97.285656575,root_found,False,False,d17f288f3487fe4753b5204051d6e31311c2db595f35db2ebfe029bf1da6cc78,20B_P4_d8_d10_sector_crowding_cost_stoploss_sensitivity_v6,20B_P4_PORTSENS_v6
S0_SELECTED_FULL__D9__L000__STOP15,GROSS,2026-04-30,38,0.852736774312,12420260,0,0,0,0,0,14565174.5933,14565174.5933,0.456517459331,0.456517459331,116.39695273,root_found,112.430664009,root_found,False,False,e3539f8f469394fe2608b1711080914f30f51ef14b71cef442fa81a47d8a23f9,20B_P4_d8_d10_sector_crowding_cost_stoploss_sensitivity_v6,20B_P4_PORTSENS_v6
S0_SELECTED_FULL__D9__L000__STOP15,SLIP000,2026-04-30,38,0.864016801013,12420260,3105.065,6210.13,124.2026,0,9439.3976,14375021.3948,14365581.9972,0.437502139477,0.436558199717,116.39695273,root_found,112.430664009,root_found,False,False,a56e0a222fef1be9d27fd5a1dd06ba5037bb6aace279a3c25d79f7cb44f9372e,20B_P4_d8_d10_sector_crowding_cost_stoploss_sensitivity_v6,20B_P4_PORTSENS_v6
S0_SELECTED_FULL__D9__L000__STOP15,SLIP005,2026-04-30,38,0.875462374573,12420260,3105.065,6210.13,124.2026,6210.13,15649.5276,14187086.0025,14171436.4749,0.418708600248,0.417143647488,116.39695273,root_found,112.430664009,root_found,False,False,ceeb15a87db09474fdae4f946f7e32dc813a560347c963eb38ef69984aea9000,20B_P4_d8_d10_sector_crowding_cost_stoploss_sensitivity_v6,20B_P4_PORTSENS_v6
S0_SELECTED_FULL__D9__L000__STOP15,SLIP010,2026-04-30,38,0.887215256543,12420260,3105.065,6210.13,124.2026,12420.26,21859.6576,13999150.6102,13977290.9526,0.399915061018,0.397729095258,116.39695273,root_found,112.430664009,root_found,False,False,d03f1e8877c49760dd77e859d657ecd43a54cd75feed74346ccb64ef47f0af6c,20B_P4_d8_d10_sector_crowding_cost_stoploss_sensitivity_v6,20B_P4_PORTSENS_v6
S0_SELECTED_FULL__D9__L000__STOP15,SLIP020,2026-04-30,38,0.911693818156,12420260,3105.065,6210.13,124.2026,24840.52,34279.9176,13623279.8256,13588999.908,0.362327982559,0.358899990799,116.39695273,root_found,112.430664009,root_found,False,False,061c463de2a1ae87a97ae3391cd51b0121020a2d9189849f3a08acfb6c981944,20B_P4_d8_d10_sector_crowding_cost_stoploss_sensitivity_v6,20B_P4_PORTSENS_v6
S0_SELECTED_FULL__D9__L000__STOP15,SLIP040,2026-04-30,38,0.964939834897,12420260,3105.065,6210.13,124.2026,49681.04,59120.4376,12871538.2564,12812417.8188,0.28715382564,0.28124178188,116.39695273,root_found,112.430664009,root_found,False,False,adf09768dc201f03cb3c8055b88d237771febdb7aeda88b217c3f2edcb4f926e,20B_P4_d8_d10_sector_crowding_cost_stoploss_sensitivity_v6,20B_P4_PORTSENS_v6
S0_SELECTED_FULL__D9__L000__STOP20,GROSS,2026-04-30,42,0.93309354888,13835365,0,0,0,0,0,14827414.6966,14827414.6966,0.482741469664,0.482741469664,124.199088419,root_found,119.491235037,root_found,False,False,4faa83046ce1de8bd96936ad9a0855699a3e581bdeeb852263c21634e2543309,20B_P4_d8_d10_sector_crowding_cost_stoploss_sensitivity_v6,20B_P4_PORTSENS_v6
S0_SELECTED_FULL__D9__L000__STOP20,SLIP000,2026-04-30,42,0.94511878419,13835365,3458.84125,6917.6825,138.35365,0,10514.8774,14638757.8275,14628242.9501,0.463875782752,0.462824295012,124.199088419,root_found,119.491235037,root_found,False,False,3ca391547e2d9f62be196830e2bec29bd505d2240944fbc00138fae03fa738e6,20B_P4_d8_d10_sector_crowding_cost_stoploss_sensitivity_v6,20B_P4_PORTSENS_v6
S0_SELECTED_FULL__D9__L000__STOP20,SLIP005,2026-04-30,42,0.957331476302,13835365,3458.84125,6917.6825,138.35365,6917.6825,17432.5599,14452010.9727,14434578.4128,0.445201097267,0.443457841277,124.199088419,root_found,119.491235037,root_found,False,False,dc878ca6f5955691047f9f6ca016654e8a2a3f446867d6b61994b59ee2889f94,20B_P4_d8_d10_sector_crowding_cost_stoploss_sensitivity_v6,20B_P4_PORTSENS_v6
S0_SELECTED_FULL__D9__L000__STOP20,SLIP010,2026-04-30,42,0.969863921602,13835365,3458.84125,6917.6825,138.35365,13835.365,24350.2424,14265264.1178,14240913.8754,0.426526411782,0.424091387542,124.199088419,root_found,119.491235037,root_found,False,False,9aa419fead6fba9ca659df4b88e69d4e324512e9a6029e83f3a8beac2dfa88d1,20B_P4_d8_d10_sector_crowding_cost_stoploss_sensitivity_v6,20B_P4_PORTSENS_v6
S0_SELECTED_FULL__D9__L000__STOP20,SLIP020,2026-04-30,42,0.995939653013,13835365,3458.84125,6917.6825,138.35365,27670.73,38185.6074,13891770.4081,13853584.8007,0.389177040813,0.385358480073,124.199088419,root_found,119.491235037,root_found,False,False,8e7eefa7863bc1fa601727918820e2102c676d059360d331ef96cb9d587c121f,20B_P4_d8_d10_sector_crowding_cost_stoploss_sensitivity_v6,20B_P4_PORTSENS_v6
S0_SELECTED_FULL__D9__L000__STOP20,SLIP040,2026-04-30,42,1.05253658519,13835365,3458.84125,6917.6825,138.35365,55341.46,65856.3374,13144782.9887,13078926.6513,0.314478298873,0.307892665133,124.199088419,root_found,119.491235037,root_found,False,False,20234455e53e0e5f66c47c25e3d1c8655903de4695807c00a21dd79ab07da4f4,20B_P4_d8_d10_sector_crowding_cost_stoploss_sensitivity_v6,20B_P4_PORTSENS_v6
S0_SELECTED_FULL__D9__L000__STOPNONE,GROSS,2026-04-30,44,0.97264227214,14522229,0,0,0,0,0,14930699,14930699,0.4930699,0.4930699,127.339687748,root_found,122.275645164,root_found,False,False,03e9043a5658bc5a2c053756fa9932152a9cbdec25aa90a25c3e31747844c43e,20B_P4_d8_d10_sector_crowding_cost_stoploss_sensitivity_v6,20B_P4_PORTSENS_v6
S0_SELECTED_FULL__D9__L000__STOPNONE,SLIP000,2026-04-30,44,0.985044115973,14522229,3630.55725,7261.1145,145.22229,0,11036.89404,14742719.4016,14731682.5076,0.474271940162,0.473168250758,127.339687748,root_found,122.275645164,root_found,False,False,c3147c3a2b60c7a256cb3b5370f20059130979712ee212160adf84620cee0da4,20B_P4_d8_d10_sector_crowding_cost_stoploss_sensitivity_v6,20B_P4_PORTSENS_v6
S0_SELECTED_FULL__D9__L000__STOPNONE,SLIP005,2026-04-30,44,0.997645913068,14522229,3630.55725,7261.1145,145.22229,7261.1145,18298.00854,14556496.2576,14538198.2491,0.455649625762,0.453819824908,127.339687748,root_found,122.275645164,root_found,False,False,1348e5bd742ece415ec0b317bb30c744be20a1ba6c2ab909833684ce4a8315a6,20B_P4_d8_d10_sector_crowding_cost_stoploss_sensitivity_v6,20B_P4_PORTSENS_v6
S0_SELECTED_FULL__D9__L000__STOPNONE,SLIP010,2026-04-30,44,1.01057432139,14522229,3630.55725,7261.1145,145.22229,14522.229,25559.12304,14370273.1136,14344713.9906,0.437027311362,0.434471399058,127.339687748,root_found,122.275645164,root_found,False,False,50f0eedad3d5fdf3cc14de7e884b359123176794d5574f05c3508124206bbf3b,20B_P4_d8_d10_sector_crowding_cost_stoploss_sensitivity_v6,20B_P4_PORTSENS_v6
S0_SELECTED_FULL__D9__L000__STOPNONE,SLIP020,2026-04-30,44,1.03746311345,14522229,3630.55725,7261.1145,145.22229,29044.458,40081.35204,13997826.8256,13957745.4736,0.399782682562,0.395774547358,127.339687748,root_found,122.275645164,root_found,False,False,997b7c963c958a9702bd24f492e926e7cfc3a4f796202ca8239bccab75f46613,20B_P4_d8_d10_sector_crowding_cost_stoploss_sensitivity_v6,20B_P4_PORTSENS_v6
S0_SELECTED_FULL__D9__L000__STOPNONE,SLIP040,2026-04-30,44,1.09577462066,14522229,3630.55725,7261.1145,145.22229,58088.916,69125.81004,13252934.2496,13183808.4396,0.325293424962,0.318380843958,127.339687748,root_found,122.275645164,root_found,False,False,e16ea9ca5f2558870be96fd08f3253726e2ab208d3202b1916ff80c012c1f891,20B_P4_d8_d10_sector_crowding_cost_stoploss_sensitivity_v6,20B_P4_PORTSENS_v6
S0_SELECTED_FULL__D9__L050__STOP05,GROSS,2026-04-30,23,0.533222799177,6596466,0,0,0,0,0,12370937.6459,12370937.6459,0.237093764592,0.237093764592,57.7768847252,root_found,56.6532256234,root_found,False,False,50ec837d81a734fb96e43cd6f1d3ad8861b815c9c014e87a4641bd94496b04f1,20B_P4_d8_d10_sector_crowding_cost_stoploss_sensitivity_v6,20B_P4_PORTSENS_v6
S0_SELECTED_FULL__D9__L050__STOP05,SLIP000,2026-04-30,23,0.541610938375,6596466,1649.1165,3298.233,65.96466,0,5013.31416,12179344.1244,12174330.8102,0.217934412438,0.217433081022,57.7768847252,root_found,56.6532256234,root_found,False,False,0990b1842e85d59025d5ce66bfdeb4888654043b6c171d29f6ecafc8163189bd,20B_P4_d8_d10_sector_crowding_cost_stoploss_sensitivity_v6,20B_P4_PORTSENS_v6
S0_SELECTED_FULL__D9__L050__STOP05,SLIP005,2026-04-30,23,0.550129827901,6596466,1649.1165,3298.233,65.96466,3298.233,8311.54716,11990744.1216,11982432.5744,0.199074412155,0.198243257439,57.7768847252,root_found,56.6532256234,root_found,False,False,8f58a7c5d4ab3f25a123771e51808f30aa269dd1911c523d8b322aef99fc3492,20B_P4_d8_d10_sector_crowding_cost_stoploss_sensitivity_v6,20B_P4_PORTSENS_v6
S0_SELECTED_FULL__D9__L050__STOP05,SLIP010,2026-04-30,23,0.558920983648,6596466,1649.1165,3298.233,65.96466,6596.466,11609.78016,11802144.1187,11790534.3386,0.180214411873,0.179053433857,57.7768847252,root_found,56.6532256234,root_found,False,False,a1c8e513bd761e1ccddde26ee12a37f99a77a8c590bcd1e19c0bc0b7bbfca917,20B_P4_d8_d10_sector_crowding_cost_stoploss_sensitivity_v6,20B_P4_PORTSENS_v6
S0_SELECTED_FULL__D9__L050__STOP05,SLIP020,2026-04-30,23,0.577374027803,6596466,1649.1165,3298.233,65.96466,13192.932,18206.24616,11424944.1131,11406737.8669,0.142494411308,0.140673786692,57.7768847252,root_found,56.6532256234,root_found,False,False,3f333ed40a5d086378f62ce05ed6c37daef84b0010bdf340b56fe527ef4bcfe4,20B_P4_d8_d10_sector_crowding_cost_stoploss_sensitivity_v6,20B_P4_PORTSENS_v6
S0_SELECTED_FULL__D9__L050__STOP05,SLIP040,2026-04-30,23,0.618193968093,6596466,1649.1165,3298.233,65.96466,26385.864,31399.17816,10670544.1018,10639144.9236,0.0670544101793,0.0639144923633,57.7768847252,root_found,56.6532256234,root_found,False,False,1fe982219ddec65fb198acdfc1a92bac12abb3b72eebe68d969fb03c33a4f561,20B_P4_d8_d10_sector_crowding_cost_stoploss_sensitivity_v6,20B_P4_PORTSENS_v6
S0_SELECTED_FULL__D9__L050__STOP10,GROSS,2026-04-30,37,0.832609026189,11612495,0,0,0,0,0,13947116.3953,13947116.3953,0.394711639526,0.394711639526,100.063797323,root_found,96.8339281426,root_found,False,False,fb46bc1a22c9499597622d7ff5f747c8a50760ef9856a761a1715187075f4ec5,20B_P4_d8_d10_sector_crowding_cost_stoploss_sensitivity_v6,20B_P4_PORTSENS_v6
S0_SELECTED_FULL__D9__L050__STOP10,SLIP000,2026-04-30,37,0.844105801636,11612495,2903.12375,5806.2475,116.12495,0,8825.4962,13757155.7706,13748330.2744,0.375715577063,0.374833027443,100.063797323,root_found,96.8339281426,root_found,False,False,34d3840a25f662aac7d44bb710aa466694589f240badb55634eb87be3b142f53,20B_P4_d8_d10_sector_crowding_cost_stoploss_sensitivity_v6,20B_P4_PORTSENS_v6
S0_SELECTED_FULL__D9__L050__STOP10,SLIP005,2026-04-30,37,0.855784324028,11612495,2903.12375,5806.2475,116.12495,5806.2475,14631.7437,13569417.7539,13554786.0102,0.356941775393,0.355478601023,100.063797323,root_found,96.8339281426,root_found,False,False,7ae8a6963384d69f04989baca77908b33fde1eee5fbf8676e1afe4bc23485a2d,20B_P4_d8_d10_sector_crowding_cost_stoploss_sensitivity_v6,20B_P4_PORTSENS_v6
S0_SELECTED_FULL__D9__L050__STOP10,SLIP010,2026-04-30,37,0.867790533627,11612495,2903.12375,5806.2475,116.12495,11612.495,20437.9912,13381679.7372,13361241.746,0.338167973724,0.336124174604,100.063797323,root_found,96.8339281426,root_found,False,False,3718d0bf296e135f4debef293c11cf8b7b2af76a1503a64a635bcbb9a28b988e,20B_P4_d8_d10_sector_crowding_cost_stoploss_sensitivity_v6,20B_P4_PORTSENS_v6
S0_SELECTED_FULL__D9__L050__STOP10,SLIP020,2026-04-30,37,0.89284277445,11612495,2903.12375,5806.2475,116.12495,23224.99,32050.4862,13006203.7038,12974153.2176,0.300620370384,0.297415321764,100.063797323,root_found,96.8339281426,root_found,False,False,f520052179a7e5f7b51e7d1b27f2e9b891d0c836ba89d65dac6d6f2b90c778a3,20B_P4_d8_d10_sector_crowding_cost_stoploss_sensitivity_v6,20B_P4_PORTSENS_v6
S0_SELECTED_FULL__D9__L050__STOP10,SLIP040,2026-04-30,37,0.94755255493,11612495,2903.12375,5806.2475,116.12495,46449.98,55275.4762,12255251.637,12199976.1608,0.225525163705,0.219997616085,100.063797323,root_found,96.8339281426,root_found,False,False,273bcdcc1b88a1fa7e9d8b06c1dbf967b784fd94e8aadf9028fa67bb92b4c7d5,20B_P4_d8_d10_sector_crowding_cost_stoploss_sensitivity_v6,20B_P4_PORTSENS_v6
S0_SELECTED_FULL__D9__L050__STOP15,GROSS,2026-04-30,38,0.850179286527,12355923,0,0,0,0,0,14533314.5559,14533314.5559,0.45333145559,0.45333145559,115.474772061,root_found,111.560074056,root_found,False,False,81afa7be5a05e8bb4f0ddae498aa32fc9858141a60ea96927ec988eca4b34e06,20B_P4_d8_d10_sector_crowding_cost_stoploss_sensitivity_v6,20B_P4_PORTSENS_v6
S0_SELECTED_FULL__D9__L050__STOP15,SLIP000,2026-04-30,38,0.861457165207,12355923,3088.98075,6177.9615,123.55923,0,9390.50148,14343049.7755,14333659.274,0.434304977548,0.4333659274,115.474772061,root_found,111.560074056,root_found,False,False,9cb005ab4bcc82b83dab1c4a982b86b0bc7b6e5368dda6fc00f5bf16225b84e4,20B_P4_d8_d10_sector_crowding_cost_stoploss_sensitivity_v6,20B_P4_PORTSENS_v6
S0_SELECTED_FULL__D9__L050__STOP15,SLIP005,2026-04-30,38,0.872901790451,12355923,3088.98075,6177.9615,123.55923,6177.9615,15568.46298,14154997.8877,14139429.4247,0.41549978877,0.413942942472,115.474772061,root_found,111.560074056,root_found,False,False,a1feba9762299a47bb4098d3873a23d6303e79f20ded63d05d9b1aeb5197c4c0,20B_P4_d8_d10_sector_crowding_cost_stoploss_sensitivity_v6,20B_P4_PORTSENS_v6
S0_SELECTED_FULL__D9__L050__STOP15,SLIP010,2026-04-30,38,0.884654598082,12355923,3088.98075,6177.9615,123.55923,12355.923,21746.42448,13966945.9999,13945199.5754,0.396694599992,0.394519957544,115.474772061,root_found,111.560074056,root_found,False,False,e0d450b32694074bb5736a2814094e0c9421df25927120b8877c49dde242633f,20B_P4_d8_d10_sector_crowding_cost_stoploss_sensitivity_v6,20B_P4_PORTSENS_v6
S0_SELECTED_FULL__D9__L050__STOP15,SLIP020,2026-04-30,38,0.909135931094,12355923,3088.98075,6177.9615,123.55923,24711.846,34102.34748,13590842.2244,13556739.8769,0.359084222437,0.355673987689,115.474772061,root_found,111.560074056,root_found,False,False,cc7c845ec6fd5d2d934682d103fe73e7aa170fbb6f103b0327775ce33d3166c3,20B_P4_d8_d10_sector_crowding_cost_stoploss_sensitivity_v6,20B_P4_PORTSENS_v6
S0_SELECTED_FULL__D9__L050__STOP15,SLIP040,2026-04-30,38,0.962401634945,12355923,3088.98075,6177.9615,123.55923,49423.692,58814.19348,12838634.6733,12779820.4798,0.283863467325,0.277982047977,115.474772061,root_found,111.560074056,root_found,False,False,0e5e137606bb11861d791a06d65f664f726ef9e82f9090a92ebc0714e47da3d8,20B_P4_d8_d10_sector_crowding_cost_stoploss_sensitivity_v6,20B_P4_PORTSENS_v6
S0_SELECTED_FULL__D9__L050__STOP20,GROSS,2026-04-30,42,0.932380543722,13787599,0,0,0,0,0,14787523.2842,14787523.2842,0.478752328418,0.478752328418,123.089098935,root_found,118.4379074,root_found,False,False,09a77bfbcb755624a2ba74b7ffea22b81736ff62799dea02e8bf93c8c2eecde0,20B_P4_d8_d10_sector_crowding_cost_stoploss_sensitivity_v6,20B_P4_PORTSENS_v6
S0_SELECTED_FULL__D9__L050__STOP20,SLIP000,2026-04-30,42,0.944433259012,13787599,3446.89975,6893.7995,137.87599,0,10478.57524,14598807.1348,14588328.5595,0.459880713479,0.458832855955,123.089098935,root_found,118.4379074,root_found,False,False,d22c4b3fd7059ec4629ea0f69fcb34fc5acaa2b56b239f959fe29f2510a0a5f4,20B_P4_d8_d10_sector_crowding_cost_stoploss_sensitivity_v6,20B_P4_PORTSENS_v6
S0_SELECTED_FULL__D9__L050__STOP20,SLIP005,2026-04-30,42,0.956674985034,13787599,3446.89975,6893.7995,137.87599,6893.7995,17372.37474,14411999.0756,14394626.7009,0.441199907564,0.43946267009,123.089098935,root_found,118.4379074,root_found,False,False,dd8b62a15a4d546d9ccd6b9b4bd1470e9cbfc678d1de844f8168b672546d10ee,20B_P4_d8_d10_sector_crowding_cost_stoploss_sensitivity_v6,20B_P4_PORTSENS_v6
S0_SELECTED_FULL__D9__L050__STOP20,SLIP010,2026-04-30,42,0.969238232654,13787599,3446.89975,6893.7995,137.87599,13787.599,24266.17424,14225191.0165,14200924.8423,0.42251910165,0.420092484226,123.089098935,root_found,118.4379074,root_found,False,False,283c05516ff664fc6160ff26957087a76e26ecf3a5f3f3c10e7d3a0f8c4be01e,20B_P4_d8_d10_sector_crowding_cost_stoploss_sensitivity_v6,20B_P4_PORTSENS_v6
S0_SELECTED_FULL__D9__L050__STOP20,SLIP020,2026-04-30,42,0.995381326767,13787599,3446.89975,6893.7995,137.87599,27575.198,38053.77324,13851574.8982,13813521.125,0.385157489822,0.381352112498,123.089098935,root_found,118.4379074,root_found,False,False,4c051a678f15efe062c118d972f657d2aad356245c4c70e2a9da6ea8887f9fa4,20B_P4_d8_d10_sector_crowding_cost_stoploss_sensitivity_v6,20B_P4_PORTSENS_v6
S0_SELECTED_FULL__D9__L050__STOP20,SLIP040,2026-04-30,42,1.05213968804,13787599,3446.89975,6893.7995,137.87599,55150.396,65628.97124,13104342.6616,13038713.6904,0.310434266165,0.303871369041,123.089098935,root_found,118.4379074,root_found,False,False,c1c439d42838b4fe8665a9d9bfc2062e4db58c57f12f985727707e18f0a7f2a7,20B_P4_d8_d10_sector_crowding_cost_stoploss_sensitivity_v6,20B_P4_PORTSENS_v6
S0_SELECTED_FULL__D9__L050__STOPNONE,GROSS,2026-04-30,44,0.972581187772,14472259,0,0,0,0,0,14880258,14880258,0.4880258,0.4880258,125.93905185,root_found,120.945882645,root_found,False,False,c5ae41ad7693c4bd7900918f6d45e9dd8f5b73a58b6e63385b58c80b7c3e5fec,20B_P4_d8_d10_sector_crowding_cost_stoploss_sensitivity_v6,20B_P4_PORTSENS_v6
S0_SELECTED_FULL__D9__L050__STOPNONE,SLIP000,2026-04-30,44,0.985028550377,14472259,3618.06475,7236.1295,144.72259,0,10998.91684,14692222.8746,14681223.9578,0.469222287462,0.468122395778,125.93905185,root_found,120.945882645,root_found,False,False,68c13fa66fc96eb6523988e3a89d9e1e040a1f523f370b8c9abba6442a8547a7,20B_P4_d8_d10_sector_crowding_cost_stoploss_sensitivity_v6,20B_P4_PORTSENS_v6
S0_SELECTED_FULL__D9__L050__STOPNONE,SLIP005,2026-04-30,44,0.997678574547,14472259,3618.06475,7236.1295,144.72259,7236.1295,18235.04634,14505933.4431,14487698.3968,0.450593344312,0.448769839678,125.93905185,root_found,120.945882645,root_found,False,False,d8bca23fb92ee3117b7f35cfaf0dc4f6f1c99c520cdeeeb17684538a543586ef,20B_P4_d8_d10_sector_crowding_cost_stoploss_sensitivity_v6,20B_P4_PORTSENS_v6
S0_SELECTED_FULL__D9__L050__STOPNONE,SLIP010,2026-04-30,44,1.0106577362,14472259,3618.06475,7236.1295,144.72259,14472.259,25471.17584,14319644.0116,14294172.8358,0.431964401162,0.429417283578,125.93905185,root_found,120.945882645,root_found,False,False,fe486b68b6f5de5c62af306cba643f4415385e76cbfbc326cfcb09ef25eb1c83,20B_P4_d8_d10_sector_crowding_cost_stoploss_sensitivity_v6,20B_P4_PORTSENS_v6
S0_SELECTED_FULL__D9__L050__STOPNONE,SLIP020,2026-04-30,44,1.03765622701,14472259,3618.06475,7236.1295,144.72259,28944.518,39943.43484,13947065.1486,13907121.7138,0.394706514862,0.390712171378,125.93905185,root_found,120.945882645,root_found,False,False,ca8108b7cc6266484e8abac7e13dbb6189ca8fb6a2695d4fbe8d36d8c34d8b8c,20B_P4_d8_d10_sector_crowding_cost_stoploss_sensitivity_v6,20B_P4_PORTSENS_v6
S0_SELECTED_FULL__D9__L050__STOPNONE,SLIP040,2026-04-30,44,1.09622485121,14472259,3618.06475,7236.1295,144.72259,57889.036,68887.95284,13201907.4226,13133019.4698,0.320190742262,0.313301946978,125.93905185,root_found,120.945882645,root_found,False,False,4f660daec086e3b7412ce4442c09cdf31299e560001579b700797d9a0bf30081,20B_P4_d8_d10_sector_crowding_cost_stoploss_sensitivity_v6,20B_P4_PORTSENS_v6
S0_SELECTED_FULL__D9__L100__STOP05,GROSS,2026-04-30,23,0.530481733625,6560888,0,0,0,0,0,12367792.4877,12367792.4877,0.236779248771,0.236779248771,57.630134459,root_found,56.5160507576,root_found,False,False,07b195bef806dcb686cf3a5aabd577c2ba8543ef5a345f19633fedb98c671c53,20B_P4_d8_d10_sector_crowding_cost_stoploss_sensitivity_v6,20B_P4_PORTSENS_v6
S0_SELECTED_FULL__D9__L100__STOP05,SLIP000,2026-04-30,23,0.5388372013,6560888,1640.222,3280.444,65.60888,0,4986.27488,12176011.5749,12171025.3,0.217601157486,0.217102529998,57.630134459,root_found,56.5160507576,root_found,False,False,c27da52418ba3369d3cc9ee619b8f8d3f9d3a8ac432b2105bd74feeef0043390,20B_P4_d8_d10_sector_crowding_cost_stoploss_sensitivity_v6,20B_P4_PORTSENS_v6
S0_SELECTED_FULL__D9__L100__STOP05,SLIP005,2026-04-30,23,0.54732354569,6560888,1640.222,3280.444,65.60888,3280.444,8266.71888,11987220.4506,11978953.7317,0.198722045062,0.197895373174,57.630134459,root_found,56.5160507576,root_found,False,False,2587fa7a2f0098f606269502ea3fb1ead39c3ba3990bd099400cc98450ef0572,20B_P4_d8_d10_sector_crowding_cost_stoploss_sensitivity_v6,20B_P4_PORTSENS_v6
S0_SELECTED_FULL__D9__L100__STOP05,SLIP010,2026-04-30,23,0.556081476484,6560888,1640.222,3280.444,65.60888,6560.888,11547.16288,11798429.3264,11786882.1635,0.179842932637,0.178688216349,57.630134459,root_found,56.5160507576,root_found,False,False,97b60b8bdbaa82f3c9f287d9903b91e0bc1027e0ca9bf786c8aae0e52aa5d71e,20B_P4_d8_d10_sector_crowding_cost_stoploss_sensitivity_v6,20B_P4_PORTSENS_v6
S0_SELECTED_FULL__D9__L100__STOP05,SLIP020,2026-04-30,23,0.574465970454,6560888,1640.222,3280.444,65.60888,13121.776,18108.05088,11420847.0779,11402739.027,0.142084707789,0.140273902701,57.630134459,root_found,56.5160507576,root_found,False,False,66c762eba5b6d6d21e8ae165566e297c7abf9135749eb78468fe1c78ca589a05,20B_P4_d8_d10_sector_crowding_cost_stoploss_sensitivity_v6,20B_P4_PORTSENS_v6
S0_SELECTED_FULL__D9__L100__STOP05,SLIP040,2026-04-30,23,0.615140001611,6560888,1640.222,3280.444,65.60888,26243.552,31229.82688,10665682.5809,10634452.754,0.0665682580911,0.0634452754031,57.630134459,root_found,56.5160507576,root_found,False,False,b5cdbbdb0d1d02dd74b9d61e48545adc92c566486b0381e7c9a2c514c210f14a,20B_P4_d8_d10_sector_crowding_cost_stoploss_sensitivity_v6,20B_P4_PORTSENS_v6
S0_SELECTED_FULL__D9__L100__STOP10,GROSS,2026-04-30,37,0.832740583219,11581047,0,0,0,0,0,13907148.5567,13907148.5567,0.390714855668,0.390714855668,98.9515473375,root_found,95.764894224,root_found,False,False,5ca8aee37df746c23a2aa25ddae6dc6bf129acf32f218c7a63ed4d1768be996d,20B_P4_d8_d10_sector_crowding_cost_stoploss_sensitivity_v6,20B_P4_PORTSENS_v6
S0_SELECTED_FULL__D9__L100__STOP10,SLIP000,2026-04-30,37,0.844275750375,11581047,2895.26175,5790.5235,115.81047,0,8801.59572,13717138.0261,13708336.4304,0.371713802612,0.37083364304,98.9515473375,root_found,95.764894224,root_found,False,False,0159ac86d93d9dddb8a9f810e108de6357fa8de49bf385a3a3c988bce724542b,20B_P4_d8_d10_sector_crowding_cost_stoploss_sensitivity_v6,20B_P4_PORTSENS_v6
S0_SELECTED_FULL__D9__L100__STOP10,SLIP005,2026-04-30,37,0.85599675157,11581047,2895.26175,5790.5235,115.81047,5790.5235,14592.11922,13529311.8563,13514719.7371,0.352931185634,0.351471973712,98.9515473375,root_found,95.764894224,root_found,False,False,5446eb021cc70a98022d2ebfe07788a5b7d641fc8709512fcb44f46960808a9b,20B_P4_d8_d10_sector_crowding_cost_stoploss_sensitivity_v6,20B_P4_PORTSENS_v6
S0_SELECTED_FULL__D9__L100__STOP10,SLIP010,2026-04-30,37,0.868047777592,11581047,2895.26175,5790.5235,115.81047,11581.047,20382.64272,13341485.6866,13321103.0438,0.334148568656,0.332110304384,98.9515473375,root_found,95.764894224,root_found,False,False,1c1f89478b4900b32cb679f6751185b2ee5106f886d1ec59172b86fc64d7e2fd,20B_P4_d8_d10_sector_crowding_cost_stoploss_sensitivity_v6,20B_P4_PORTSENS_v6
S0_SELECTED_FULL__D9__L100__STOP10,SLIP020,2026-04-30,37,0.893197273947,11581047,2895.26175,5790.5235,115.81047,23162.094,31963.68972,12965833.347,12933869.6573,0.296583334701,0.293386965729,98.9515473375,root_found,95.764894224,root_found,False,False,29ea574456560e0ade4be9c036431d45b0e1ee8d3cc0e2c328bb70cc5a779dd2,20B_P4_d8_d10_sector_crowding_cost_stoploss_sensitivity_v6,20B_P4_PORTSENS_v6
S0_SELECTED_FULL__D9__L100__STOP10,SLIP040,2026-04-30,37,0.948137035401,11581047,2895.26175,5790.5235,115.81047,46324.188,55125.78372,12214528.6679,12159402.8842,0.221452866789,0.215940288417,98.9515473375,root_found,95.764894224,root_found,False,False,782bf4e357968b03d2f46879eb2fd02c130a4c9f47182122ba712917cf60439b,20B_P4_d8_d10_sector_crowding_cost_stoploss_sensitivity_v6,20B_P4_PORTSENS_v6
S0_SELECTED_FULL__D9__L100__STOP15,GROSS,2026-04-30,38,0.847709283272,12299458,0,0,0,0,0,14509051.9152,14509051.9152,0.450905191522,0.450905191522,114.726866803,root_found,110.856406409,root_found,False,False,2c639dac87755b6b953ed3272bb01b00a85b3d3e02c07855700269e64785bc6e,20B_P4_d8_d10_sector_crowding_cost_stoploss_sensitivity_v6,20B_P4_PORTSENS_v6
S0_SELECTED_FULL__D9__L100__STOP15,SLIP000,2026-04-30,38,0.858982259997,12299458,3074.8645,6149.729,122.99458,0,9347.58808,14318640.2942,14309292.7061,0.431864029421,0.430929270613,114.726866803,root_found,110.856406409,root_found,False,False,5c5780eeb680ee67f1eefd7c1392ba480d4723963fec7a164a43f63387f3f48e,20B_P4_d8_d10_sector_crowding_cost_stoploss_sensitivity_v6,20B_P4_PORTSENS_v6
S0_SELECTED_FULL__D9__L100__STOP15,SLIP005,2026-04-30,38,0.87042370386,12299458,3074.8645,6149.729,122.99458,6149.729,15497.31708,14130426.3033,14114928.9862,0.413042630325,0.411492898617,114.726866803,root_found,110.856406409,root_found,False,False,8f9f786345d3f03a09b5b8e7839d1434a937ed0c9c424c30a41095712462936a,20B_P4_d8_d10_sector_crowding_cost_stoploss_sensitivity_v6,20B_P4_PORTSENS_v6
S0_SELECTED_FULL__D9__L100__STOP15,SLIP010,2026-04-30,38,0.882174057065,12299458,3074.8645,6149.729,122.99458,12299.458,21647.04608,13942212.3123,13920565.2662,0.39422123123,0.392056526622,114.726866803,root_found,110.856406409,root_found,False,False,0f185c7745809198514ba5ebe3da3613f3bc3e8c07a51718c5041030bc89aa55,20B_P4_d8_d10_sector_crowding_cost_stoploss_sensitivity_v6,20B_P4_PORTSENS_v6
S0_SELECTED_FULL__D9__L100__STOP15,SLIP020,2026-04-30,38,0.906652921826,12299458,3074.8645,6149.729,122.99458,24598.916,33946.50408,13565784.3304,13531837.8263,0.356578433038,0.35318378263,114.726866803,root_found,110.856406409,root_found,False,False,aed3a46e0adaef8cc4ee10663f9bde8560438e0d56d17108a0e27dcfd4b211d5,20B_P4_d8_d10_sector_crowding_cost_stoploss_sensitivity_v6,20B_P4_PORTSENS_v6
S0_SELECTED_FULL__D9__L100__STOP15,SLIP040,2026-04-30,38,0.959925603901,12299458,3074.8645,6149.729,122.99458,49197.832,58545.42008,12812928.3666,12754382.9465,0.281292836655,0.275438294647,114.726866803,root_found,110.856406409,root_found,False,False,186fcdc79e856c579ce5a6a23debb9b0cc5748b6d43c869c8380d8b849555c15,20B_P4_d8_d10_sector_crowding_cost_stoploss_sensitivity_v6,20B_P4_PORTSENS_v6
S0_SELECTED_FULL__D9__L100__STOP20,GROSS,2026-04-30,42,0.931291497995,13745189,0,0,0,0,0,14759276.7996,14759276.7996,0.475927679958,0.475927679958,122.21562488,root_found,117.61332674,root_found,False,False,e20b40553b2871b9c6a33172a07f7911caeaa034c01bc03ed60237eca9e49b42,20B_P4_d8_d10_sector_crowding_cost_stoploss_sensitivity_v6,20B_P4_PORTSENS_v6
S0_SELECTED_FULL__D9__L100__STOP20,SLIP000,2026-04-30,42,0.943364526888,13745189,3436.29725,6872.5945,137.45189,0,10446.34364,14570389.9269,14559943.5833,0.457038992693,0.455994358329,122.21562488,root_found,117.61332674,root_found,False,False,695c20ebc98f59772e8e1dfbd1eb3ed176947d74ee0c9d282b7cba222baa3e23,20B_P4_d8_d10_sector_crowding_cost_stoploss_sensitivity_v6,20B_P4_PORTSENS_v6
S0_SELECTED_FULL__D9__L100__STOP20,SLIP005,2026-04-30,42,0.955628021001,13745189,3436.29725,6872.5945,137.45189,6872.5945,17318.93814,14383409.337,14366090.3989,0.438340933703,0.436609039889,122.21562488,root_found,117.61332674,root_found,False,False,a72d4c8cc31b98fd349d93f88bab8fdb05577f919767383927eb65680bf04ee7,20B_P4_d8_d10_sector_crowding_cost_stoploss_sensitivity_v6,20B_P4_PORTSENS_v6
S0_SELECTED_FULL__D9__L100__STOP20,SLIP010,2026-04-30,42,0.968214559086,13745189,3436.29725,6872.5945,137.45189,13745.189,24191.53264,14196428.7471,14172237.2145,0.419642874713,0.417223721449,122.21562488,root_found,117.61332674,root_found,False,False,fa0ffa69952209e36e463ce882f27ff088e5f9d24fa4011d4e5069ca2b7262d9,20B_P4_d8_d10_sector_crowding_cost_stoploss_sensitivity_v6,20B_P4_PORTSENS_v6
S0_SELECTED_FULL__D9__L100__STOP20,SLIP020,2026-04-30,42,0.994409206102,13745189,3436.29725,6872.5945,137.45189,27490.378,37936.72164,13822467.5673,13784530.8457,0.382246756733,0.378453084569,122.21562488,root_found,117.61332674,root_found,False,False,d80762c64196382a40815e1a0d0b2cef20ebc1a9cb0809cbd71e24c02840e152,20B_P4_d8_d10_sector_crowding_cost_stoploss_sensitivity_v6,20B_P4_PORTSENS_v6
S0_SELECTED_FULL__D9__L100__STOP20,SLIP040,2026-04-30,42,1.05129385241,13745189,3436.29725,6872.5945,137.45189,54980.756,65427.09964,13074545.2077,13009118.1081,0.307454520773,0.300911810809,122.21562488,root_found,117.61332674,root_found,False,False,18ecff1a3cc49a9845876dfd38dba1cadfe6cec797aed275e4d4f96ade87801e,20B_P4_d8_d10_sector_crowding_cost_stoploss_sensitivity_v6,20B_P4_PORTSENS_v6
S0_SELECTED_FULL__D9__L100__STOPNONE,GROSS,2026-04-30,44,0.972682758814,14442059,0,0,0,0,0,14847656,14847656,0.4847656,0.4847656,124.945132684,root_found,120.003448235,root_found,False,False,e28f52d756894c0fc8a1310bbd89755868316a0d8e86e1e70074bb3f91d0e084,20B_P4_d8_d10_sector_crowding_cost_stoploss_sensitivity_v6,20B_P4_PORTSENS_v6
S0_SELECTED_FULL__D9__L100__STOPNONE,SLIP000,2026-04-30,44,0.985169722924,14442059,3610.51475,7221.0295,144.42059,0,10975.96484,14659462.8965,14648486.9317,0.465946289654,0.46484869317,124.945132684,root_found,120.003448235,root_found,False,False,b3c119f3464b60651b96716ab64f94c6e3ec29e831f22f20190202213b1e9cdd,20B_P4_d8_d10_sector_crowding_cost_stoploss_sensitivity_v6,20B_P4_PORTSENS_v6
S0_SELECTED_FULL__D9__L100__STOPNONE,SLIP005,2026-04-30,44,0.997861982269,14442059,3610.51475,7221.0295,144.42059,7221.0295,18196.99434,14473002.536,14454805.5417,0.447300253604,0.44548055417,124.945132684,root_found,120.003448235,root_found,False,False,87d982057a28540429dde78f15b5af6864ed6ebf4083e4bcb4e344cc20020417,20B_P4_d8_d10_sector_crowding_cost_stoploss_sensitivity_v6,20B_P4_PORTSENS_v6
S0_SELECTED_FULL__D9__L100__STOPNONE,SLIP010,2026-04-30,44,1.01088554687,14442059,3610.51475,7221.0295,144.42059,14442.059,25418.02384,14286542.1755,14261124.1517,0.428654217554,0.42611241517,124.945132684,root_found,120.003448235,root_found,False,False,d8e7ec60b0bf8a71fd51d9b6cdda418c29b9a23639bfb56f2458b42a0ce654eb,20B_P4_d8_d10_sector_crowding_cost_stoploss_sensitivity_v6,20B_P4_PORTSENS_v6
S0_SELECTED_FULL__D9__L100__STOPNONE,SLIP020,2026-04-30,44,1.03797987082,14442059,3610.51475,7221.0295,144.42059,28884.118,39860.08284,13913621.4545,13873761.3717,0.391362145454,0.38737613717,124.945132684,root_found,120.003448235,root_found,False,False,974cabc3d6ad06ce996f668bc1da083ce80315d627d317d71966af4c5a643f99,20B_P4_d8_d10_sector_crowding_cost_stoploss_sensitivity_v6,20B_P4_PORTSENS_v6
S0_SELECTED_FULL__D9__L100__STOPNONE,SLIP040,2026-04-30,44,1.09677249971,14442059,3610.51475,7221.0295,144.42059,57768.236,68744.20084,13167780.0125,13099035.8117,0.316778001254,0.30990358117,124.945132684,root_found,120.003448235,root_found,False,False,f5baea6a66b20c4f5252e9fde4d47c2ae48d73e4f95a6febe541af18855043e4,20B_P4_d8_d10_sector_crowding_cost_stoploss_sensitivity_v6,20B_P4_PORTSENS_v6
