fold,arm_order,arm_id,model_seed,is_ensemble,score_variant,aggregation_role,month,row_n,day_n,mean_rankic,status
validation_early,0,D0_R2_RAW_EXACT_REPLAY,20260713.0,False,prefix64,month,2023-01,5302,11,-0.013603838903872557,pass
validation_early,0,D0_R2_RAW_EXACT_REPLAY,20260713.0,False,prefix64,leave_one_month_out,2023-01,46630,96,0.005198728199827537,pass
validation_early,0,D0_R2_RAW_EXACT_REPLAY,20260713.0,False,prefix64,month,2023-02,8672,18,0.015772513121512153,pass
validation_early,0,D0_R2_RAW_EXACT_REPLAY,20260713.0,False,prefix64,leave_one_month_out,2023-02,43260,89,0.0007362971129620978,pass
validation_early,0,D0_R2_RAW_EXACT_REPLAY,20260713.0,False,prefix64,month,2023-03,10716,22,-0.010548025652107341,pass
validation_early,0,D0_R2_RAW_EXACT_REPLAY,20260713.0,False,prefix64,leave_one_month_out,2023-03,41216,85,0.0068410852186730235,pass
validation_early,0,D0_R2_RAW_EXACT_REPLAY,20260713.0,False,prefix64,month,2023-04,9248,19,0.01166025934405981,pass
validation_early,0,D0_R2_RAW_EXACT_REPLAY,20260713.0,False,prefix64,leave_one_month_out,2023-04,42684,88,0.001453303996633056,pass
validation_early,0,D0_R2_RAW_EXACT_REPLAY,20260713.0,False,prefix64,month,2023-05,9242,19,0.0036801789753355065,pass
validation_early,0,D0_R2_RAW_EXACT_REPLAY,20260713.0,False,prefix64,leave_one_month_out,2023-05,42690,88,0.003176275894425804,pass
validation_early,0,D0_R2_RAW_EXACT_REPLAY,20260713.0,False,prefix64,month,2023-06,8752,18,0.008653383737448625,pass
validation_early,0,D0_R2_RAW_EXACT_REPLAY,20260713.0,False,prefix64,leave_one_month_out,2023-06,43180,89,0.0021761210333344962,pass
validation_early,0,D0_R2_RAW_EXACT_REPLAY,20260713.0,False,prefix8,month,2023-01,5302,11,-0.008497190449935375,pass
validation_early,0,D0_R2_RAW_EXACT_REPLAY,20260713.0,False,prefix8,leave_one_month_out,2023-01,46630,96,0.007604779326925643,pass
validation_early,0,D0_R2_RAW_EXACT_REPLAY,20260713.0,False,prefix8,month,2023-02,8672,18,0.012072008614856583,pass
validation_early,0,D0_R2_RAW_EXACT_REPLAY,20260713.0,False,prefix8,leave_one_month_out,2023-02,43260,89,0.004711163655821956,pass
validation_early,0,D0_R2_RAW_EXACT_REPLAY,20260713.0,False,prefix8,month,2023-03,10716,22,-0.0018325261044539918,pass
validation_early,0,D0_R2_RAW_EXACT_REPLAY,20260713.0,False,prefix8,leave_one_month_out,2023-03,41216,85,0.007963591702747772,pass
validation_early,0,D0_R2_RAW_EXACT_REPLAY,20260713.0,False,prefix8,month,2023-04,9248,19,0.016273236208868443,pass
validation_early,0,D0_R2_RAW_EXACT_REPLAY,20260713.0,False,prefix8,leave_one_month_out,2023-04,42684,88,0.0037204344598530934,pass
validation_early,0,D0_R2_RAW_EXACT_REPLAY,20260713.0,False,prefix8,month,2023-05,9242,19,0.011131824080625583,pass
validation_early,0,D0_R2_RAW_EXACT_REPLAY,20260713.0,False,prefix8,leave_one_month_out,2023-05,42690,88,0.004830512078450983,pass
validation_early,0,D0_R2_RAW_EXACT_REPLAY,20260713.0,False,prefix8,month,2023-06,8752,18,0.0017990049508358104,pass
validation_early,0,D0_R2_RAW_EXACT_REPLAY,20260713.0,False,prefix8,leave_one_month_out,2023-06,43180,89,0.006788849790118292,pass
validation_early,0,D0_R2_RAW_EXACT_REPLAY,20260713.0,False,ref256,month,2023-01,5302,11,-0.016890479337692752,pass
validation_early,0,D0_R2_RAW_EXACT_REPLAY,20260713.0,False,ref256,leave_one_month_out,2023-01,46630,96,-0.0025306103869334683,pass
validation_early,0,D0_R2_RAW_EXACT_REPLAY,20260713.0,False,ref256,month,2023-02,8672,18,-0.0009357270953934647,pass
validation_early,0,D0_R2_RAW_EXACT_REPLAY,20260713.0,False,ref256,leave_one_month_out,2023-02,43260,89,-0.004627986316215178,pass
validation_early,0,D0_R2_RAW_EXACT_REPLAY,20260713.0,False,ref256,month,2023-03,10716,22,-0.006927893909126256,pass
validation_early,0,D0_R2_RAW_EXACT_REPLAY,20260713.0,False,ref256,leave_one_month_out,2023-03,41216,85,-0.0032508259277583013,pass
validation_early,0,D0_R2_RAW_EXACT_REPLAY,20260713.0,False,ref256,month,2023-04,9248,19,-0.008425768117958914,pass
validation_early,0,D0_R2_RAW_EXACT_REPLAY,20260713.0,False,ref256,leave_one_month_out,2023-04,42684,88,-0.003052775859306975,pass
validation_early,0,D0_R2_RAW_EXACT_REPLAY,20260713.0,False,ref256,month,2023-05,9242,19,0.0030836488358330287,pass
validation_early,0,D0_R2_RAW_EXACT_REPLAY,20260713.0,False,ref256,leave_one_month_out,2023-05,42690,88,-0.005537763610693872,pass
validation_early,0,D0_R2_RAW_EXACT_REPLAY,20260713.0,False,ref256,month,2023-06,8752,18,0.0015454679407021607,pass
validation_early,0,D0_R2_RAW_EXACT_REPLAY,20260713.0,False,ref256,leave_one_month_out,2023-06,43180,89,-0.0051298010426165394,pass
validation_early,0,D0_R2_RAW_EXACT_REPLAY,20260714.0,False,prefix64,month,2023-01,5302,11,0.014136871394585403,pass
validation_early,0,D0_R2_RAW_EXACT_REPLAY,20260714.0,False,prefix64,leave_one_month_out,2023-01,46630,96,0.00801591811834979,pass
validation_early,0,D0_R2_RAW_EXACT_REPLAY,20260714.0,False,prefix64,month,2023-02,8672,18,0.03477542795251159,pass
validation_early,0,D0_R2_RAW_EXACT_REPLAY,20260714.0,False,prefix64,leave_one_month_out,2023-02,43260,89,0.003360404736593378,pass
validation_early,0,D0_R2_RAW_EXACT_REPLAY,20260714.0,False,prefix64,month,2023-03,10716,22,-0.004401595490652308,pass
validation_early,0,D0_R2_RAW_EXACT_REPLAY,20260714.0,False,prefix64,leave_one_month_out,2023-03,41216,85,0.012021986182310235,pass
validation_early,0,D0_R2_RAW_EXACT_REPLAY,20260714.0,False,prefix64,month,2023-04,9248,19,-0.0012429376416649572,pass
validation_early,0,D0_R2_RAW_EXACT_REPLAY,20260714.0,False,prefix64,leave_one_month_out,2023-04,42684,88,0.010780108407882426,pass
validation_early,0,D0_R2_RAW_EXACT_REPLAY,20260714.0,False,prefix64,month,2023-05,9242,19,-0.0012034556686889315,pass
validation_early,0,D0_R2_RAW_EXACT_REPLAY,20260714.0,False,prefix64,leave_one_month_out,2023-05,42690,88,0.010771583890989875,pass
validation_early,0,D0_R2_RAW_EXACT_REPLAY,20260714.0,False,prefix64,month,2023-06,8752,18,0.015938167217080326,pass
validation_early,0,D0_R2_RAW_EXACT_REPLAY,20260714.0,False,prefix64,leave_one_month_out,2023-06,43180,89,0.0071701878066806005,pass
validation_early,0,D0_R2_RAW_EXACT_REPLAY,20260714.0,False,prefix8,month,2023-01,5302,11,0.014574620476915741,pass
validation_early,0,D0_R2_RAW_EXACT_REPLAY,20260714.0,False,prefix8,leave_one_month_out,2023-01,46630,96,0.009285681493280773,pass
validation_early,0,D0_R2_RAW_EXACT_REPLAY,20260714.0,False,prefix8,month,2023-02,8672,18,0.009378857527292063,pass
validation_early,0,D0_R2_RAW_EXACT_REPLAY,20260714.0,False,prefix8,leave_one_month_out,2023-02,43260,89,0.009920525989997417,pass
validation_early,0,D0_R2_RAW_EXACT_REPLAY,20260714.0,False,prefix8,month,2023-03,10716,22,0.0009408774418530774,pass
validation_early,0,D0_R2_RAW_EXACT_REPLAY,20260714.0,False,prefix8,leave_one_month_out,2023-03,41216,85,0.012129964057414818,pass
validation_early,0,D0_R2_RAW_EXACT_REPLAY,20260714.0,False,prefix8,month,2023-04,9248,19,0.010575424984419239,pass
validation_early,0,D0_R2_RAW_EXACT_REPLAY,20260714.0,False,prefix8,leave_one_month_out,2023-04,42684,88,0.00966833152155752,pass
validation_early,0,D0_R2_RAW_EXACT_REPLAY,20260714.0,False,prefix8,month,2023-05,9242,19,0.018590598983715307,pass
validation_early,0,D0_R2_RAW_EXACT_REPLAY,20260714.0,False,prefix8,leave_one_month_out,2023-05,42690,88,0.007937782589891324,pass
validation_early,0,D0_R2_RAW_EXACT_REPLAY,20260714.0,False,prefix8,month,2023-06,8752,18,0.00820845715268739,pass
validation_early,0,D0_R2_RAW_EXACT_REPLAY,20260714.0,False,prefix8,leave_one_month_out,2023-06,43180,89,0.010157236178119712,pass
validation_early,0,D0_R2_RAW_EXACT_REPLAY,20260714.0,False,ref256,month,2023-01,5302,11,0.011666573411574304,pass
validation_early,0,D0_R2_RAW_EXACT_REPLAY,20260714.0,False,ref256,leave_one_month_out,2023-01,46630,96,0.006355021325439091,pass
validation_early,0,D0_R2_RAW_EXACT_REPLAY,20260714.0,False,ref256,month,2023-02,8672,18,0.016119493194926796,pass
validation_early,0,D0_R2_RAW_EXACT_REPLAY,20260714.0,False,ref256,leave_one_month_out,2023-02,43260,89,0.0050366682838290785,pass
validation_early,0,D0_R2_RAW_EXACT_REPLAY,20260714.0,False,ref256,month,2023-03,10716,22,-0.01445770225340503,pass
validation_early,0,D0_R2_RAW_EXACT_REPLAY,20260714.0,False,ref256,leave_one_month_out,2023-03,41216,85,0.012429221227580955,pass
validation_early,0,D0_R2_RAW_EXACT_REPLAY,20260714.0,False,ref256,month,2023-04,9248,19,0.016314337293753402,pass
validation_early,0,D0_R2_RAW_EXACT_REPLAY,20260714.0,False,ref256,leave_one_month_out,2023-04,42684,88,0.004868658479410859,pass
validation_early,0,D0_R2_RAW_EXACT_REPLAY,20260714.0,False,ref256,month,2023-05,9242,19,0.004614827876195512,pass
validation_early,0,D0_R2_RAW_EXACT_REPLAY,20260714.0,False,ref256,leave_one_month_out,2023-05,42690,88,0.00739468892183813,pass
validation_early,0,D0_R2_RAW_EXACT_REPLAY,20260714.0,False,ref256,month,2023-06,8752,18,0.013352582282186214,pass
validation_early,0,D0_R2_RAW_EXACT_REPLAY,20260714.0,False,ref256,leave_one_month_out,2023-06,43180,89,0.005596268243709195,pass
validation_early,0,D0_R2_RAW_EXACT_REPLAY,20260715.0,False,prefix64,month,2023-01,5302,11,-0.03677312054618373,pass
validation_early,0,D0_R2_RAW_EXACT_REPLAY,20260715.0,False,prefix64,leave_one_month_out,2023-01,46630,96,0.0039898841109184706,pass
validation_early,0,D0_R2_RAW_EXACT_REPLAY,20260715.0,False,prefix64,month,2023-02,8672,18,0.007082645138897501,pass
validation_early,0,D0_R2_RAW_EXACT_REPLAY,20260715.0,False,prefix64,leave_one_month_out,2023-02,43260,89,-0.001673742290561831,pass
validation_early,0,D0_R2_RAW_EXACT_REPLAY,20260715.0,False,prefix64,month,2023-03,10716,22,0.008517541060350582,pass
validation_early,0,D0_R2_RAW_EXACT_REPLAY,20260715.0,False,prefix64,leave_one_month_out,2023-03,41216,85,-0.0024571924080889493,pass
validation_early,0,D0_R2_RAW_EXACT_REPLAY,20260715.0,False,prefix64,month,2023-04,9248,19,0.010665130926060687,pass
validation_early,0,D0_R2_RAW_EXACT_REPLAY,20260715.0,False,prefix64,leave_one_month_out,2023-04,42684,88,-0.002546737942670466,pass
validation_early,0,D0_R2_RAW_EXACT_REPLAY,20260715.0,False,prefix64,month,2023-05,9242,19,0.008534145348910388,pass
validation_early,0,D0_R2_RAW_EXACT_REPLAY,20260715.0,False,prefix64,leave_one_month_out,2023-05,42690,88,-0.0020866387839675606,pass
validation_early,0,D0_R2_RAW_EXACT_REPLAY,20260715.0,False,prefix64,month,2023-06,8752,18,-0.0164794939113414,pass
validation_early,0,D0_R2_RAW_EXACT_REPLAY,20260715.0,False,prefix64,leave_one_month_out,2023-06,43180,89,0.0030916341465651374,pass
validation_early,0,D0_R2_RAW_EXACT_REPLAY,20260715.0,False,prefix8,month,2023-01,5302,11,-0.02341415585006853,pass
validation_early,0,D0_R2_RAW_EXACT_REPLAY,20260715.0,False,prefix8,leave_one_month_out,2023-01,46630,96,0.011628188746175236,pass
validation_early,0,D0_R2_RAW_EXACT_REPLAY,20260715.0,False,prefix8,month,2023-02,8672,18,0.016119260220135836,pass
validation_early,0,D0_R2_RAW_EXACT_REPLAY,20260715.0,False,prefix8,leave_one_month_out,2023-02,43260,89,0.006388805857523862,pass
validation_early,0,D0_R2_RAW_EXACT_REPLAY,20260715.0,False,prefix8,month,2023-03,10716,22,-0.006129537012850159,pass
validation_early,0,D0_R2_RAW_EXACT_REPLAY,20260715.0,False,prefix8,leave_one_month_out,2023-03,41216,85,0.011689414347820849,pass
validation_early,0,D0_R2_RAW_EXACT_REPLAY,20260715.0,False,prefix8,month,2023-04,9248,19,0.026267082491135553,pass
validation_early,0,D0_R2_RAW_EXACT_REPLAY,20260715.0,False,prefix8,leave_one_month_out,2023-04,42684,88,0.004087225431255604,pass
validation_early,0,D0_R2_RAW_EXACT_REPLAY,20260715.0,False,prefix8,month,2023-05,9242,19,0.01448797970141687,pass
validation_early,0,D0_R2_RAW_EXACT_REPLAY,20260715.0,False,prefix8,leave_one_month_out,2023-05,42690,88,0.006630440806308501,pass
validation_early,0,D0_R2_RAW_EXACT_REPLAY,20260715.0,False,prefix8,month,2023-06,8752,18,0.010370170460810266,pass
validation_early,0,D0_R2_RAW_EXACT_REPLAY,20260715.0,False,prefix8,leave_one_month_out,2023-06,43180,89,0.007551543112218922,pass
validation_early,0,D0_R2_RAW_EXACT_REPLAY,20260715.0,False,ref256,month,2023-01,5302,11,-0.025775029052094996,pass
validation_early,0,D0_R2_RAW_EXACT_REPLAY,20260715.0,False,ref256,leave_one_month_out,2023-01,46630,96,0.0073106176650379944,pass
validation_early,0,D0_R2_RAW_EXACT_REPLAY,20260715.0,False,ref256,month,2023-02,8672,18,-0.006483434854391876,pass
validation_early,0,D0_R2_RAW_EXACT_REPLAY,20260715.0,False,ref256,leave_one_month_out,2023-02,43260,89,0.006011188805052319,pass
validation_early,0,D0_R2_RAW_EXACT_REPLAY,20260715.0,False,ref256,month,2023-03,10716,22,0.024145828898058722,pass
validation_early,0,D0_R2_RAW_EXACT_REPLAY,20260715.0,False,ref256,leave_one_month_out,2023-03,41216,85,-0.0013284030527845796,pass
validation_early,0,D0_R2_RAW_EXACT_REPLAY,20260715.0,False,ref256,month,2023-04,9248,19,0.015604590555903587,pass
validation_early,0,D0_R2_RAW_EXACT_REPLAY,20260715.0,False,ref256,leave_one_month_out,2023-04,42684,88,0.0013841676785049351,pass
validation_early,0,D0_R2_RAW_EXACT_REPLAY,20260715.0,False,ref256,month,2023-05,9242,19,-0.006480367433240975,pass
validation_early,0,D0_R2_RAW_EXACT_REPLAY,20260715.0,False,ref256,leave_one_month_out,2023-05,42690,88,0.006152510880706605,pass
validation_early,0,D0_R2_RAW_EXACT_REPLAY,20260715.0,False,ref256,month,2023-06,8752,18,0.006330702674156661,pass
validation_early,0,D0_R2_RAW_EXACT_REPLAY,20260715.0,False,ref256,leave_one_month_out,2023-06,43180,89,0.0034195654846717162,pass
validation_early,0,D0_R2_RAW_EXACT_REPLAY,nan,True,prefix64,month,2023-01,5302,11,-0.02093636710954215,pass
validation_early,0,D0_R2_RAW_EXACT_REPLAY,nan,True,prefix64,leave_one_month_out,2023-01,46630,96,0.00983998305893836,pass
validation_early,0,D0_R2_RAW_EXACT_REPLAY,nan,True,prefix64,month,2023-02,8672,18,0.034110204234937734,pass
validation_early,0,D0_R2_RAW_EXACT_REPLAY,nan,True,prefix64,leave_one_month_out,2023-02,43260,89,0.0011275804407217932,pass
validation_early,0,D0_R2_RAW_EXACT_REPLAY,nan,True,prefix64,month,2023-03,10716,22,-0.003342838500750678,pass
validation_early,0,D0_R2_RAW_EXACT_REPLAY,nan,True,prefix64,leave_one_month_out,2023-03,41216,85,0.009269185676113338,pass
validation_early,0,D0_R2_RAW_EXACT_REPLAY,nan,True,prefix64,month,2023-04,9248,19,0.009756774548618737,pass
validation_early,0,D0_R2_RAW_EXACT_REPLAY,nan,True,prefix64,leave_one_month_out,2023-04,42684,88,0.006010904761697305,pass
validation_early,0,D0_R2_RAW_EXACT_REPLAY,nan,True,prefix64,month,2023-05,9242,19,0.003410722263444269,pass
validation_early,0,D0_R2_RAW_EXACT_REPLAY,nan,True,prefix64,leave_one_month_out,2023-05,42690,88,0.007381075141450883,pass
validation_early,0,D0_R2_RAW_EXACT_REPLAY,nan,True,prefix64,month,2023-06,8752,18,0.008556372500917835,pass
validation_early,0,D0_R2_RAW_EXACT_REPLAY,nan,True,prefix64,leave_one_month_out,2023-06,43180,89,0.006295771128501099,pass
validation_early,0,D0_R2_RAW_EXACT_REPLAY,nan,True,prefix8,month,2023-01,5302,11,0.0005825862667002836,pass
validation_early,0,D0_R2_RAW_EXACT_REPLAY,nan,True,prefix8,leave_one_month_out,2023-01,46630,96,0.017385236911296748,pass
validation_early,0,D0_R2_RAW_EXACT_REPLAY,nan,True,prefix8,month,2023-02,8672,18,0.02464190565020996,pass
validation_early,0,D0_R2_RAW_EXACT_REPLAY,nan,True,prefix8,leave_one_month_out,2023-02,43260,89,0.013840863940611365,pass
validation_early,0,D0_R2_RAW_EXACT_REPLAY,nan,True,prefix8,month,2023-03,10716,22,-0.0025251753940018617,pass
validation_early,0,D0_R2_RAW_EXACT_REPLAY,nan,True,prefix8,leave_one_month_out,2023-03,41216,85,0.020364059424543904,pass
validation_early,0,D0_R2_RAW_EXACT_REPLAY,nan,True,prefix8,month,2023-04,9248,19,0.028224849448147446,pass
validation_early,0,D0_R2_RAW_EXACT_REPLAY,nan,True,prefix8,leave_one_month_out,2023-04,42684,88,0.01294453469208397,pass
validation_early,0,D0_R2_RAW_EXACT_REPLAY,nan,True,prefix8,month,2023-05,9242,19,0.02570532783264543,pass
validation_early,0,D0_R2_RAW_EXACT_REPLAY,nan,True,prefix8,leave_one_month_out,2023-05,42690,88,0.013488522313612816,pass
validation_early,0,D0_R2_RAW_EXACT_REPLAY,nan,True,prefix8,month,2023-06,8752,18,0.014239385117426931,pass
validation_early,0,D0_R2_RAW_EXACT_REPLAY,nan,True,prefix8,leave_one_month_out,2023-06,43180,89,0.01594474449780344,pass
validation_early,0,D0_R2_RAW_EXACT_REPLAY,nan,True,ref256,month,2023-01,5302,11,-0.01870710037299557,pass
validation_early,0,D0_R2_RAW_EXACT_REPLAY,nan,True,ref256,leave_one_month_out,2023-01,46630,96,0.006750577064476792,pass
validation_early,0,D0_R2_RAW_EXACT_REPLAY,nan,True,ref256,month,2023-02,8672,18,0.00865807503104679,pass
validation_early,0,D0_R2_RAW_EXACT_REPLAY,nan,True,ref256,leave_one_month_out,2023-02,43260,89,0.0032183364441345902,pass
validation_early,0,D0_R2_RAW_EXACT_REPLAY,nan,True,ref256,month,2023-03,10716,22,-0.0033173926607524174,pass
validation_early,0,D0_R2_RAW_EXACT_REPLAY,nan,True,ref256,leave_one_month_out,2023-03,41216,85,0.006061881560274989,pass
validation_early,0,D0_R2_RAW_EXACT_REPLAY,nan,True,ref256,month,2023-04,9248,19,0.012954718034477538,pass
validation_early,0,D0_R2_RAW_EXACT_REPLAY,nan,True,ref256,leave_one_month_out,2023-04,42684,88,0.0022288369480880405,pass
validation_early,0,D0_R2_RAW_EXACT_REPLAY,nan,True,ref256,month,2023-05,9242,19,0.0018019696288983959,pass
validation_early,0,D0_R2_RAW_EXACT_REPLAY,nan,True,ref256,leave_one_month_out,2023-05,42690,88,0.004636816717474446,pass
validation_early,0,D0_R2_RAW_EXACT_REPLAY,nan,True,ref256,month,2023-06,8752,18,0.01582309003129668,pass
validation_early,0,D0_R2_RAW_EXACT_REPLAY,nan,True,ref256,leave_one_month_out,2023-06,43180,89,0.0017692322867806814,pass
validation_early,1,D1_R2_RETURN_PATH_CSZ_ONLY,20260713.0,False,primary,month,2023-01,5302,11,0.043832971022425886,pass
validation_early,1,D1_R2_RETURN_PATH_CSZ_ONLY,20260713.0,False,primary,leave_one_month_out,2023-01,46630,96,0.010594421895709416,pass
validation_early,1,D1_R2_RETURN_PATH_CSZ_ONLY,20260713.0,False,primary,month,2023-02,8672,18,0.02400267621515798,pass
validation_early,1,D1_R2_RETURN_PATH_CSZ_ONLY,20260713.0,False,primary,leave_one_month_out,2023-02,43260,89,0.011990775408561184,pass
validation_early,1,D1_R2_RETURN_PATH_CSZ_ONLY,20260713.0,False,primary,month,2023-03,10716,22,0.008603766182240118,pass
validation_early,1,D1_R2_RETURN_PATH_CSZ_ONLY,20260713.0,False,primary,leave_one_month_out,2023-03,41216,85,0.01541110973206478,pass
validation_early,1,D1_R2_RETURN_PATH_CSZ_ONLY,20260713.0,False,primary,month,2023-04,9248,19,0.007952739587500387,pass
validation_early,1,D1_R2_RETURN_PATH_CSZ_ONLY,20260713.0,False,primary,leave_one_month_out,2023-04,42684,88,0.015319603762185018,pass
validation_early,1,D1_R2_RETURN_PATH_CSZ_ONLY,20260713.0,False,primary,month,2023-05,9242,19,0.008632597718450423,pass
validation_early,1,D1_R2_RETURN_PATH_CSZ_ONLY,20260713.0,False,primary,leave_one_month_out,2023-05,42690,88,0.015172816211184442,pass
validation_early,1,D1_R2_RETURN_PATH_CSZ_ONLY,20260713.0,False,primary,month,2023-06,8752,18,0.0044784480718284714,pass
validation_early,1,D1_R2_RETURN_PATH_CSZ_ONLY,20260713.0,False,primary,leave_one_month_out,2023-06,43180,89,0.015939495707212096,pass
validation_early,1,D1_R2_RETURN_PATH_CSZ_ONLY,20260714.0,False,primary,month,2023-01,5302,11,0.01577003436630889,pass
validation_early,1,D1_R2_RETURN_PATH_CSZ_ONLY,20260714.0,False,primary,leave_one_month_out,2023-01,46630,96,0.016933628928756002,pass
validation_early,1,D1_R2_RETURN_PATH_CSZ_ONLY,20260714.0,False,primary,month,2023-02,8672,18,0.016582720437421167,pass
validation_early,1,D1_R2_RETURN_PATH_CSZ_ONLY,20260714.0,False,primary,leave_one_month_out,2023-02,43260,89,0.016860784127150485,pass
validation_early,1,D1_R2_RETURN_PATH_CSZ_ONLY,20260714.0,False,primary,month,2023-03,10716,22,0.02569600732871766,pass
validation_early,1,D1_R2_RETURN_PATH_CSZ_ONLY,20260714.0,False,primary,leave_one_month_out,2023-03,41216,85,0.01451513639950806,pass
validation_early,1,D1_R2_RETURN_PATH_CSZ_ONLY,20260714.0,False,primary,month,2023-04,9248,19,0.0178475251800028,pass
validation_early,1,D1_R2_RETURN_PATH_CSZ_ONLY,20260714.0,False,primary,leave_one_month_out,2023-04,42684,88,0.01659086109965819,pass
validation_early,1,D1_R2_RETURN_PATH_CSZ_ONLY,20260714.0,False,primary,month,2023-05,9242,19,0.016746905691473316,pass
validation_early,1,D1_R2_RETURN_PATH_CSZ_ONLY,20260714.0,False,primary,leave_one_month_out,2023-05,42690,88,0.01682849485286342,pass
validation_early,1,D1_R2_RETURN_PATH_CSZ_ONLY,20260714.0,False,primary,month,2023-06,8752,18,0.005807392305397799,pass
validation_early,1,D1_R2_RETURN_PATH_CSZ_ONLY,20260714.0,False,primary,leave_one_month_out,2023-06,43180,89,0.019040063974076555,pass
validation_early,1,D1_R2_RETURN_PATH_CSZ_ONLY,20260715.0,False,primary,month,2023-01,5302,11,0.028059210592681853,pass
validation_early,1,D1_R2_RETURN_PATH_CSZ_ONLY,20260715.0,False,primary,leave_one_month_out,2023-01,46630,96,0.0027570718927265904,pass
validation_early,1,D1_R2_RETURN_PATH_CSZ_ONLY,20260715.0,False,primary,month,2023-02,8672,18,0.012491803553292498,pass
validation_early,1,D1_R2_RETURN_PATH_CSZ_ONLY,20260715.0,False,primary,leave_one_month_out,2023-02,43260,89,0.003915480384966158,pass
validation_early,1,D1_R2_RETURN_PATH_CSZ_ONLY,20260715.0,False,primary,month,2023-03,10716,22,0.006393798235765544,pass
validation_early,1,D1_R2_RETURN_PATH_CSZ_ONLY,20260715.0,False,primary,leave_one_month_out,2023-03,41216,85,0.005090195965110718,pass
validation_early,1,D1_R2_RETURN_PATH_CSZ_ONLY,20260715.0,False,primary,month,2023-04,9248,19,0.004113536099776009,pass
validation_early,1,D1_R2_RETURN_PATH_CSZ_ONLY,20260715.0,False,primary,leave_one_month_out,2023-04,42684,88,0.0056269662764262375,pass
validation_early,1,D1_R2_RETURN_PATH_CSZ_ONLY,20260715.0,False,primary,month,2023-05,9242,19,-0.022137831656586626,pass
validation_early,1,D1_R2_RETURN_PATH_CSZ_ONLY,20260715.0,False,primary,leave_one_month_out,2023-05,42690,88,0.011294875223822715,pass
validation_early,1,D1_R2_RETURN_PATH_CSZ_ONLY,20260715.0,False,primary,month,2023-06,8752,18,0.013423582896391527,pass
validation_early,1,D1_R2_RETURN_PATH_CSZ_ONLY,20260715.0,False,primary,leave_one_month_out,2023-06,43180,89,0.0037270306301820846,pass
validation_early,1,D1_R2_RETURN_PATH_CSZ_ONLY,nan,True,primary,month,2023-01,5302,11,0.043063460468183976,pass
validation_early,1,D1_R2_RETURN_PATH_CSZ_ONLY,nan,True,primary,leave_one_month_out,2023-01,46630,96,0.01414575615487281,pass
validation_early,1,D1_R2_RETURN_PATH_CSZ_ONLY,nan,True,primary,month,2023-02,8672,18,0.030833219882744418,pass
validation_early,1,D1_R2_RETURN_PATH_CSZ_ONLY,nan,True,primary,leave_one_month_out,2023-02,43260,89,0.014344861776723753,pass
validation_early,1,D1_R2_RETURN_PATH_CSZ_ONLY,nan,True,primary,month,2023-03,10716,22,0.015506954003837788,pass
validation_early,1,D1_R2_RETURN_PATH_CSZ_ONLY,nan,True,primary,leave_one_month_out,2023-03,41216,85,0.017535737269804497,pass
validation_early,1,D1_R2_RETURN_PATH_CSZ_ONLY,nan,True,primary,month,2023-04,9248,19,0.015572824970050678,pass
validation_early,1,D1_R2_RETURN_PATH_CSZ_ONLY,nan,True,primary,leave_one_month_out,2023-04,42684,88,0.017452352063486942,pass
validation_early,1,D1_R2_RETURN_PATH_CSZ_ONLY,nan,True,primary,month,2023-05,9242,19,-0.0014385459257070744,pass
validation_early,1,D1_R2_RETURN_PATH_CSZ_ONLY,nan,True,primary,leave_one_month_out,2023-05,42690,88,0.021125261688707365,pass
validation_early,1,D1_R2_RETURN_PATH_CSZ_ONLY,nan,True,primary,month,2023-06,8752,18,0.010738352391746142,pass
validation_early,1,D1_R2_RETURN_PATH_CSZ_ONLY,nan,True,primary,leave_one_month_out,2023-06,43180,89,0.018408992280521157,pass
validation_early,2,D2_R2_GRADBAL_ONLY,20260713.0,False,primary,month,2023-01,5302,11,-0.00849855042585139,pass
validation_early,2,D2_R2_GRADBAL_ONLY,20260713.0,False,primary,leave_one_month_out,2023-01,46630,96,0.00587911195947149,pass
validation_early,2,D2_R2_GRADBAL_ONLY,20260713.0,False,primary,month,2023-02,8672,18,0.007339158172550129,pass
validation_early,2,D2_R2_GRADBAL_ONLY,20260713.0,False,primary,leave_one_month_out,2023-02,43260,89,0.003806807262011185,pass
validation_early,2,D2_R2_GRADBAL_ONLY,20260713.0,False,primary,month,2023-03,10716,22,-0.00436231390964954,pass
validation_early,2,D2_R2_GRADBAL_ONLY,20260713.0,False,primary,leave_one_month_out,2023-03,41216,85,0.006669195287496324,pass
validation_early,2,D2_R2_GRADBAL_ONLY,20260713.0,False,primary,month,2023-04,9248,19,0.01173473672066854,pass
validation_early,2,D2_R2_GRADBAL_ONLY,20260713.0,False,primary,leave_one_month_out,2023-04,42684,88,0.0028176215424113114,pass
validation_early,2,D2_R2_GRADBAL_ONLY,20260713.0,False,primary,month,2023-05,9242,19,0.014708011261686041,pass
validation_early,2,D2_R2_GRADBAL_ONLY,20260713.0,False,primary,leave_one_month_out,2023-05,42690,88,0.002175664539237079,pass
validation_early,2,D2_R2_GRADBAL_ONLY,20260713.0,False,primary,month,2023-06,8752,18,0.0014360330750507505,pass
validation_early,2,D2_R2_GRADBAL_ONLY,20260713.0,False,primary,leave_one_month_out,2023-06,43180,89,0.005000697731168363,pass
validation_early,2,D2_R2_GRADBAL_ONLY,20260714.0,False,primary,month,2023-01,5302,11,0.005182286776406441,pass
validation_early,2,D2_R2_GRADBAL_ONLY,20260714.0,False,primary,leave_one_month_out,2023-01,46630,96,0.00901455154466867,pass
validation_early,2,D2_R2_GRADBAL_ONLY,20260714.0,False,primary,month,2023-02,8672,18,0.013669064187939638,pass
validation_early,2,D2_R2_GRADBAL_ONLY,20260714.0,False,primary,leave_one_month_out,2023-02,43260,89,0.007599538735345504,pass
validation_early,2,D2_R2_GRADBAL_ONLY,20260714.0,False,primary,month,2023-03,10716,22,-0.002136448023354649,pass
validation_early,2,D2_R2_GRADBAL_ONLY,20260714.0,False,primary,leave_one_month_out,2023-03,41216,85,0.011404752462852536,pass
validation_early,2,D2_R2_GRADBAL_ONLY,20260714.0,False,primary,month,2023-04,9248,19,0.015582385209926225,pass
validation_early,2,D2_R2_GRADBAL_ONLY,20260714.0,False,primary,leave_one_month_out,2023-04,42684,88,0.007117463452728011,pass
validation_early,2,D2_R2_GRADBAL_ONLY,20260714.0,False,primary,month,2023-05,9242,19,0.012183304196039498,pass
validation_early,2,D2_R2_GRADBAL_ONLY,20260714.0,False,primary,leave_one_month_out,2023-05,42690,88,0.007851355944362646,pass
validation_early,2,D2_R2_GRADBAL_ONLY,20260714.0,False,primary,month,2023-06,8752,18,0.00771153059476292,pass
validation_early,2,D2_R2_GRADBAL_ONLY,20260714.0,False,primary,leave_one_month_out,2023-06,43180,89,0.00880443316992057,pass
validation_early,2,D2_R2_GRADBAL_ONLY,20260715.0,False,primary,month,2023-01,5302,11,0.010224268449164879,pass
validation_early,2,D2_R2_GRADBAL_ONLY,20260715.0,False,primary,leave_one_month_out,2023-01,46630,96,0.00796059310855547,pass
validation_early,2,D2_R2_GRADBAL_ONLY,20260715.0,False,primary,month,2023-02,8672,18,0.0002184483180078035,pass
validation_early,2,D2_R2_GRADBAL_ONLY,20260715.0,False,primary,leave_one_month_out,2023-02,43260,89,0.009806200243123578,pass
validation_early,2,D2_R2_GRADBAL_ONLY,20260715.0,False,primary,month,2023-03,10716,22,0.018763875596395144,pass
validation_early,2,D2_R2_GRADBAL_ONLY,20260715.0,False,primary,leave_one_month_out,2023-03,41216,85,0.00545739562636995,pass
validation_early,2,D2_R2_GRADBAL_ONLY,20260715.0,False,primary,month,2023-04,9248,19,0.016273043839484365,pass
validation_early,2,D2_R2_GRADBAL_ONLY,20260715.0,False,primary,leave_one_month_out,2023-04,42684,88,0.0064488188455901815,pass
validation_early,2,D2_R2_GRADBAL_ONLY,20260715.0,False,primary,month,2023-05,9242,19,0.0039386107853947635,pass
validation_early,2,D2_R2_GRADBAL_ONLY,20260715.0,False,primary,leave_one_month_out,2023-05,42690,88,0.009111935073177707,pass
validation_early,2,D2_R2_GRADBAL_ONLY,20260715.0,False,primary,month,2023-06,8752,18,-0.0020301017942339922,pass
validation_early,2,D2_R2_GRADBAL_ONLY,20260715.0,False,primary,leave_one_month_out,2023-06,43180,89,0.010260963187172479,pass
validation_early,2,D2_R2_GRADBAL_ONLY,nan,True,primary,month,2023-01,5302,11,0.009072867071442687,pass
validation_early,2,D2_R2_GRADBAL_ONLY,nan,True,primary,leave_one_month_out,2023-01,46630,96,0.014585420515977962,pass
validation_early,2,D2_R2_GRADBAL_ONLY,nan,True,primary,month,2023-02,8672,18,0.008886743675947899,pass
validation_early,2,D2_R2_GRADBAL_ONLY,nan,True,primary,leave_one_month_out,2023-02,43260,89,0.015056635069131366,pass
validation_early,2,D2_R2_GRADBAL_ONLY,nan,True,primary,month,2023-03,10716,22,0.008479044022563755,pass
validation_early,2,D2_R2_GRADBAL_ONLY,nan,True,primary,leave_one_month_out,2023-03,41216,85,0.015452505162627661,pass
validation_early,2,D2_R2_GRADBAL_ONLY,nan,True,primary,month,2023-04,9248,19,0.028105604971192178,pass
validation_early,2,D2_R2_GRADBAL_ONLY,nan,True,primary,leave_one_month_out,2023-04,42684,88,0.010977220600762526,pass
validation_early,2,D2_R2_GRADBAL_ONLY,nan,True,primary,month,2023-05,9242,19,0.0210397030855654,pass
validation_early,2,D2_R2_GRADBAL_ONLY,nan,True,primary,leave_one_month_out,2023-05,42690,88,0.012502813053341038,pass
validation_early,2,D2_R2_GRADBAL_ONLY,nan,True,primary,month,2023-06,8752,18,0.006663286766223631,pass
validation_early,2,D2_R2_GRADBAL_ONLY,nan,True,primary,leave_one_month_out,2023-06,43180,89,0.015506322983457619,pass
validation_early,3,D3_R2_ST_HARD_ONLY,20260713.0,False,primary,month,2023-01,5302,11,-0.010605449402230077,pass
validation_early,3,D3_R2_ST_HARD_ONLY,20260713.0,False,primary,leave_one_month_out,2023-01,46630,96,0.007467375714010055,pass
validation_early,3,D3_R2_ST_HARD_ONLY,20260713.0,False,primary,month,2023-02,8672,18,0.012862782534708976,pass
validation_early,3,D3_R2_ST_HARD_ONLY,20260713.0,False,primary,leave_one_month_out,2023-02,43260,89,0.004142449881973852,pass
validation_early,3,D3_R2_ST_HARD_ONLY,20260713.0,False,primary,month,2023-03,10716,22,-0.00245932602555224,pass
validation_early,3,D3_R2_ST_HARD_ONLY,20260713.0,False,primary,leave_one_month_out,2023-03,41216,85,0.007697803502148042,pass
validation_early,3,D3_R2_ST_HARD_ONLY,20260713.0,False,primary,month,2023-04,9248,19,0.01594823289175021,pass
validation_early,3,D3_R2_ST_HARD_ONLY,20260713.0,False,primary,leave_one_month_out,2023-04,42684,88,0.003377178411104323,pass
validation_early,3,D3_R2_ST_HARD_ONLY,20260713.0,False,primary,month,2023-05,9242,19,0.009936689712653109,pass
validation_early,3,D3_R2_ST_HARD_ONLY,20260713.0,False,primary,leave_one_month_out,2023-05,42690,88,0.004675125233863924,pass
validation_early,3,D3_R2_ST_HARD_ONLY,20260713.0,False,primary,month,2023-06,8752,18,0.0026460903332605518,pass
validation_early,3,D3_R2_ST_HARD_ONLY,20260713.0,False,primary,leave_one_month_out,2023-06,43180,89,0.0062087471811431965,pass
validation_early,3,D3_R2_ST_HARD_ONLY,20260714.0,False,primary,month,2023-01,5302,11,0.014683189942441954,pass
validation_early,3,D3_R2_ST_HARD_ONLY,20260714.0,False,primary,leave_one_month_out,2023-01,46630,96,0.007517778241345088,pass
validation_early,3,D3_R2_ST_HARD_ONLY,20260714.0,False,primary,month,2023-02,8672,18,0.010700566326893724,pass
validation_early,3,D3_R2_ST_HARD_ONLY,20260714.0,False,primary,leave_one_month_out,2023-02,43260,89,0.007759680973616888,pass
validation_early,3,D3_R2_ST_HARD_ONLY,20260714.0,False,primary,month,2023-03,10716,22,-0.004065480461078599,pass
validation_early,3,D3_R2_ST_HARD_ONLY,20260714.0,False,primary,leave_one_month_out,2023-03,41216,85,0.011443086713879048,pass
validation_early,3,D3_R2_ST_HARD_ONLY,20260714.0,False,primary,month,2023-04,9248,19,0.00998695084248718,pass
validation_early,3,D3_R2_ST_HARD_ONLY,20260714.0,False,primary,leave_one_month_out,2023-04,42684,88,0.007880337892371973,pass
validation_early,3,D3_R2_ST_HARD_ONLY,20260714.0,False,primary,month,2023-05,9242,19,0.015101815180915783,pass
validation_early,3,D3_R2_ST_HARD_ONLY,20260714.0,False,primary,leave_one_month_out,2023-05,42690,88,0.006775992182938525,pass
validation_early,3,D3_R2_ST_HARD_ONLY,20260714.0,False,primary,month,2023-06,8752,18,0.007880585165784127,pass
validation_early,3,D3_R2_ST_HARD_ONLY,20260714.0,False,primary,leave_one_month_out,2023-06,43180,89,0.008330014242155908,pass
validation_early,3,D3_R2_ST_HARD_ONLY,20260715.0,False,primary,month,2023-01,5302,11,-0.023035756182893295,pass
validation_early,3,D3_R2_ST_HARD_ONLY,20260715.0,False,primary,leave_one_month_out,2023-01,46630,96,0.011623567160261777,pass
validation_early,3,D3_R2_ST_HARD_ONLY,20260715.0,False,primary,month,2023-02,8672,18,0.016883691021540637,pass
validation_early,3,D3_R2_ST_HARD_ONLY,20260715.0,False,primary,leave_one_month_out,2023-02,43260,89,0.00627598529197273,pass
validation_early,3,D3_R2_ST_HARD_ONLY,20260715.0,False,primary,month,2023-03,10716,22,-0.006721414983526008,pass
validation_early,3,D3_R2_ST_HARD_ONLY,20260715.0,False,primary,leave_one_month_out,2023-03,41216,85,0.01188635598836325,pass
validation_early,3,D3_R2_ST_HARD_ONLY,20260715.0,False,primary,month,2023-04,9248,19,0.02569425374061587,pass
validation_early,3,D3_R2_ST_HARD_ONLY,20260715.0,False,primary,leave_one_month_out,2023-04,42684,88,0.004253162594336396,pass
validation_early,3,D3_R2_ST_HARD_ONLY,20260715.0,False,primary,month,2023-05,9242,19,0.014583437169181188,pass
validation_early,3,D3_R2_ST_HARD_ONLY,20260715.0,False,primary,leave_one_month_out,2023-05,42690,88,0.006652088899532519,pass
validation_early,3,D3_R2_ST_HARD_ONLY,20260715.0,False,primary,month,2023-06,8752,18,0.010808389519379282,pass
validation_early,3,D3_R2_ST_HARD_ONLY,20260715.0,False,primary,leave_one_month_out,2023-06,43180,89,0.007504697955331206,pass
validation_early,3,D3_R2_ST_HARD_ONLY,nan,True,primary,month,2023-01,5302,11,0.0004980807079292892,pass
validation_early,3,D3_R2_ST_HARD_ONLY,nan,True,primary,leave_one_month_out,2023-01,46630,96,0.016538055123734033,pass
validation_early,3,D3_R2_ST_HARD_ONLY,nan,True,primary,month,2023-02,8672,18,0.0265514060288008,pass
validation_early,3,D3_R2_ST_HARD_ONLY,nan,True,primary,leave_one_month_out,2023-02,43260,89,0.012530414282553647,pass
validation_early,3,D3_R2_ST_HARD_ONLY,nan,True,primary,month,2023-03,10716,22,-0.0053293483201381315,pass
validation_early,3,D3_R2_ST_HARD_ONLY,nan,True,primary,leave_one_month_out,2023-03,41216,85,0.02012209226716151,pass
validation_early,3,D3_R2_ST_HARD_ONLY,nan,True,primary,month,2023-04,9248,19,0.02779618264903823,pass
validation_early,3,D3_R2_ST_HARD_ONLY,nan,True,primary,leave_one_month_out,2023-04,42684,88,0.012102326242431394,pass
validation_early,3,D3_R2_ST_HARD_ONLY,nan,True,primary,month,2023-05,9242,19,0.023838093240131135,pass
validation_early,3,D3_R2_ST_HARD_ONLY,nan,True,primary,leave_one_month_out,2023-05,42690,88,0.012956913728445428,pass
validation_early,3,D3_R2_ST_HARD_ONLY,nan,True,primary,month,2023-06,8752,18,0.01366235580604853,pass
validation_early,3,D3_R2_ST_HARD_ONLY,nan,True,primary,leave_one_month_out,2023-06,43180,89,0.015137188484908042,pass
validation_early,4,D4_R2_REPAIR_COMBINED_V1,20260713.0,False,prefix64,month,2023-01,5302,11,0.013395197523349488,pass
validation_early,4,D4_R2_REPAIR_COMBINED_V1,20260713.0,False,prefix64,leave_one_month_out,2023-01,46630,96,0.014283196493686916,pass
validation_early,4,D4_R2_REPAIR_COMBINED_V1,20260713.0,False,prefix64,month,2023-02,8672,18,0.018019251887238616,pass
validation_early,4,D4_R2_REPAIR_COMBINED_V1,20260713.0,False,prefix64,leave_one_month_out,2023-02,43260,89,0.013417837103151612,pass
validation_early,4,D4_R2_REPAIR_COMBINED_V1,20260713.0,False,prefix64,month,2023-03,10716,22,0.015725810929644285,pass
validation_early,4,D4_R2_REPAIR_COMBINED_V1,20260713.0,False,prefix64,leave_one_month_out,2023-03,41216,85,0.0137948964199837,pass
validation_early,4,D4_R2_REPAIR_COMBINED_V1,20260713.0,False,prefix64,month,2023-04,9248,19,-0.006691764298561801,pass
validation_early,4,D4_R2_REPAIR_COMBINED_V1,20260713.0,False,prefix64,leave_one_month_out,2023-04,42684,88,0.018700881338902985,pass
validation_early,4,D4_R2_REPAIR_COMBINED_V1,20260713.0,False,prefix64,month,2023-05,9242,19,0.015889959264686178,pass
validation_early,4,D4_R2_REPAIR_COMBINED_V1,20260713.0,False,prefix64,leave_one_month_out,2023-05,42690,88,0.013825281933201717,pass
validation_early,4,D4_R2_REPAIR_COMBINED_V1,20260713.0,False,prefix64,month,2023-06,8752,18,0.029228154700839542,pass
validation_early,4,D4_R2_REPAIR_COMBINED_V1,20260713.0,False,prefix64,leave_one_month_out,2023-06,43180,89,0.011150867994782886,pass
validation_early,4,D4_R2_REPAIR_COMBINED_V1,20260713.0,False,prefix8,month,2023-01,5302,11,0.032312482516657665,pass
validation_early,4,D4_R2_REPAIR_COMBINED_V1,20260713.0,False,prefix8,leave_one_month_out,2023-01,46630,96,-0.0012022595092177036,pass
validation_early,4,D4_R2_REPAIR_COMBINED_V1,20260713.0,False,prefix8,month,2023-02,8672,18,0.008681854193164282,pass
validation_early,4,D4_R2_REPAIR_COMBINED_V1,20260713.0,False,prefix8,leave_one_month_out,2023-02,43260,89,0.000940977745184018,pass
validation_early,4,D4_R2_REPAIR_COMBINED_V1,20260713.0,False,prefix8,month,2023-03,10716,22,-0.006171634532250192,pass
validation_early,4,D4_R2_REPAIR_COMBINED_V1,20260713.0,False,prefix8,leave_one_month_out,2023-03,41216,85,0.004421133582445165,pass
validation_early,4,D4_R2_REPAIR_COMBINED_V1,20260713.0,False,prefix8,month,2023-04,9248,19,0.0008392850281634806,pass
validation_early,4,D4_R2_REPAIR_COMBINED_V1,20260713.0,False,prefix8,leave_one_month_out,2023-04,42684,88,0.002546295218900325,pass
validation_early,4,D4_R2_REPAIR_COMBINED_V1,20260713.0,False,prefix8,month,2023-05,9242,19,-0.005278212247748773,pass
validation_early,4,D4_R2_REPAIR_COMBINED_V1,20260713.0,False,prefix8,leave_one_month_out,2023-05,42690,88,0.0038671184943813806,pass
validation_early,4,D4_R2_REPAIR_COMBINED_V1,20260713.0,False,prefix8,month,2023-06,8752,18,-0.0028652617489017696,pass
validation_early,4,D4_R2_REPAIR_COMBINED_V1,20260713.0,False,prefix8,leave_one_month_out,2023-06,43180,89,0.00327634950874794,pass
validation_early,4,D4_R2_REPAIR_COMBINED_V1,20260713.0,False,ref256,month,2023-01,5302,11,0.020254114092468502,pass
validation_early,4,D4_R2_REPAIR_COMBINED_V1,20260713.0,False,ref256,leave_one_month_out,2023-01,46630,96,0.02616637389943408,pass
validation_early,4,D4_R2_REPAIR_COMBINED_V1,20260713.0,False,ref256,month,2023-02,8672,18,0.020274572920788218,pass
validation_early,4,D4_R2_REPAIR_COMBINED_V1,20260713.0,False,ref256,leave_one_month_out,2023-02,43260,89,0.026627245357175703,pass
validation_early,4,D4_R2_REPAIR_COMBINED_V1,20260713.0,False,ref256,month,2023-03,10716,22,0.03234926532146549,pass
validation_early,4,D4_R2_REPAIR_COMBINED_V1,20260713.0,False,ref256,leave_one_month_out,2023-03,41216,85,0.023800980144595113,pass
validation_early,4,D4_R2_REPAIR_COMBINED_V1,20260713.0,False,ref256,month,2023-04,9248,19,0.027612325811510817,pass
validation_early,4,D4_R2_REPAIR_COMBINED_V1,20260713.0,False,ref256,leave_one_month_out,2023-04,42684,88,0.025115147260728634,pass
validation_early,4,D4_R2_REPAIR_COMBINED_V1,20260713.0,False,ref256,month,2023-05,9242,19,0.013569503660501355,pass
validation_early,4,D4_R2_REPAIR_COMBINED_V1,20260713.0,False,ref256,leave_one_month_out,2023-05,42690,88,0.02814712022515113,pass
validation_early,4,D4_R2_REPAIR_COMBINED_V1,20260713.0,False,ref256,month,2023-06,8752,18,0.036271721373945104,pass
validation_early,4,D4_R2_REPAIR_COMBINED_V1,20260713.0,False,ref256,leave_one_month_out,2023-06,43180,89,0.023391867018334987,pass
validation_early,4,D4_R2_REPAIR_COMBINED_V1,20260714.0,False,prefix64,month,2023-01,5302,11,0.03190107471667047,pass
validation_early,4,D4_R2_REPAIR_COMBINED_V1,20260714.0,False,prefix64,leave_one_month_out,2023-01,46630,96,0.029005595759172425,pass
validation_early,4,D4_R2_REPAIR_COMBINED_V1,20260714.0,False,prefix64,month,2023-02,8672,18,0.030698774448047954,pass
validation_early,4,D4_R2_REPAIR_COMBINED_V1,20260714.0,False,prefix64,leave_one_month_out,2023-02,43260,89,0.029021023311225445,pass
validation_early,4,D4_R2_REPAIR_COMBINED_V1,20260714.0,False,prefix64,month,2023-03,10716,22,0.03552656355668289,pass
validation_early,4,D4_R2_REPAIR_COMBINED_V1,20260714.0,False,prefix64,leave_one_month_out,2023-03,41216,85,0.02769252490019887,pass
validation_early,4,D4_R2_REPAIR_COMBINED_V1,20260714.0,False,prefix64,month,2023-04,9248,19,0.03813714313084073,pass
validation_early,4,D4_R2_REPAIR_COMBINED_V1,20260714.0,False,prefix64,leave_one_month_out,2023-04,42684,88,0.027395946537249475,pass
validation_early,4,D4_R2_REPAIR_COMBINED_V1,20260714.0,False,prefix64,month,2023-05,9242,19,0.006083271586896817,pass
validation_early,4,D4_R2_REPAIR_COMBINED_V1,20260714.0,False,prefix64,leave_one_month_out,2023-05,42690,88,0.03431666880241919,pass
validation_early,4,D4_R2_REPAIR_COMBINED_V1,20260714.0,False,prefix64,month,2023-06,8752,18,0.0338992763850918,pass
validation_early,4,D4_R2_REPAIR_COMBINED_V1,20260714.0,False,prefix64,leave_one_month_out,2023-06,43180,89,0.028373730784632307,pass
validation_early,4,D4_R2_REPAIR_COMBINED_V1,20260714.0,False,prefix8,month,2023-01,5302,11,0.01055572629516209,pass
validation_early,4,D4_R2_REPAIR_COMBINED_V1,20260714.0,False,prefix8,leave_one_month_out,2023-01,46630,96,0.013218810262550692,pass
validation_early,4,D4_R2_REPAIR_COMBINED_V1,20260714.0,False,prefix8,month,2023-02,8672,18,0.019344261690016937,pass
validation_early,4,D4_R2_REPAIR_COMBINED_V1,20260714.0,False,prefix8,leave_one_month_out,2023-02,43260,89,0.011650809708217358,pass
validation_early,4,D4_R2_REPAIR_COMBINED_V1,20260714.0,False,prefix8,month,2023-03,10716,22,0.020722046577150308,pass
validation_early,4,D4_R2_REPAIR_COMBINED_V1,20260714.0,False,prefix8,leave_one_month_out,2023-03,41216,85,0.010932161761815795,pass
validation_early,4,D4_R2_REPAIR_COMBINED_V1,20260714.0,False,prefix8,month,2023-04,9248,19,0.013430474459371494,pass
validation_early,4,D4_R2_REPAIR_COMBINED_V1,20260714.0,False,prefix8,leave_one_month_out,2023-04,42684,88,0.012840224542313533,pass
validation_early,4,D4_R2_REPAIR_COMBINED_V1,20260714.0,False,prefix8,month,2023-05,9242,19,0.006491020772271874,pass
validation_early,4,D4_R2_REPAIR_COMBINED_V1,20260714.0,False,prefix8,leave_one_month_out,2023-05,42690,88,0.01433851567930095,pass
validation_early,4,D4_R2_REPAIR_COMBINED_V1,20260714.0,False,prefix8,month,2023-06,8752,18,0.004800868927001711,pass
validation_early,4,D4_R2_REPAIR_COMBINED_V1,20260714.0,False,prefix8,leave_one_month_out,2023-06,43180,89,0.01459217004231032,pass
validation_early,4,D4_R2_REPAIR_COMBINED_V1,20260714.0,False,ref256,month,2023-01,5302,11,0.039400533911124885,pass
validation_early,4,D4_R2_REPAIR_COMBINED_V1,20260714.0,False,ref256,leave_one_month_out,2023-01,46630,96,0.047119654709815155,pass
validation_early,4,D4_R2_REPAIR_COMBINED_V1,20260714.0,False,ref256,month,2023-02,8672,18,0.06818816549930695,pass
validation_early,4,D4_R2_REPAIR_COMBINED_V1,20260714.0,False,ref256,leave_one_month_out,2023-02,43260,89,0.04190455894581015,pass
validation_early,4,D4_R2_REPAIR_COMBINED_V1,20260714.0,False,ref256,month,2023-03,10716,22,0.05540655924155731,pass
validation_early,4,D4_R2_REPAIR_COMBINED_V1,20260714.0,False,ref256,leave_one_month_out,2023-03,41216,85,0.0439758637864749,pass
validation_early,4,D4_R2_REPAIR_COMBINED_V1,20260714.0,False,ref256,month,2023-04,9248,19,0.044530237035680986,pass
validation_early,4,D4_R2_REPAIR_COMBINED_V1,20260714.0,False,ref256,leave_one_month_out,2023-04,42684,88,0.046713843425985106,pass
validation_early,4,D4_R2_REPAIR_COMBINED_V1,20260714.0,False,ref256,month,2023-05,9242,19,0.027797093713891094,pass
validation_early,4,D4_R2_REPAIR_COMBINED_V1,20260714.0,False,ref256,leave_one_month_out,2023-05,42690,88,0.05032668118864429,pass
validation_early,4,D4_R2_REPAIR_COMBINED_V1,20260714.0,False,ref256,month,2023-06,8752,18,0.03905201586658883,pass
validation_early,4,D4_R2_REPAIR_COMBINED_V1,20260714.0,False,ref256,leave_one_month_out,2023-06,43180,89,0.04779726336591044,pass
validation_early,4,D4_R2_REPAIR_COMBINED_V1,20260715.0,False,prefix64,month,2023-01,5302,11,0.044901126863185474,pass
validation_early,4,D4_R2_REPAIR_COMBINED_V1,20260715.0,False,prefix64,leave_one_month_out,2023-01,46630,96,0.03395410637445653,pass
validation_early,4,D4_R2_REPAIR_COMBINED_V1,20260715.0,False,prefix64,month,2023-02,8672,18,0.0494457983858041,pass
validation_early,4,D4_R2_REPAIR_COMBINED_V1,20260715.0,False,prefix64,leave_one_month_out,2023-02,43260,89,0.0321739577134651,pass
validation_early,4,D4_R2_REPAIR_COMBINED_V1,20260715.0,False,prefix64,month,2023-03,10716,22,0.0371048783721164,pass
validation_early,4,D4_R2_REPAIR_COMBINED_V1,20260715.0,False,prefix64,leave_one_month_out,2023-03,41216,85,0.034555285685368316,pass
validation_early,4,D4_R2_REPAIR_COMBINED_V1,20260715.0,False,prefix64,month,2023-04,9248,19,0.028287300287096456,pass
validation_early,4,D4_R2_REPAIR_COMBINED_V1,20260715.0,False,prefix64,leave_one_month_out,2023-04,42684,88,0.03654599888622767,pass
validation_early,4,D4_R2_REPAIR_COMBINED_V1,20260715.0,False,prefix64,month,2023-05,9242,19,0.02548654555502498,pass
validation_early,4,D4_R2_REPAIR_COMBINED_V1,20260715.0,False,prefix64,leave_one_month_out,2023-05,42690,88,0.03715070729428856,pass
validation_early,4,D4_R2_REPAIR_COMBINED_V1,20260715.0,False,prefix64,month,2023-06,8752,18,0.029531080323138077,pass
validation_early,4,D4_R2_REPAIR_COMBINED_V1,20260715.0,False,prefix64,leave_one_month_out,2023-06,43180,89,0.03620165350142003,pass
validation_early,4,D4_R2_REPAIR_COMBINED_V1,20260715.0,False,prefix8,month,2023-01,5302,11,0.025131302648547505,pass
validation_early,4,D4_R2_REPAIR_COMBINED_V1,20260715.0,False,prefix8,leave_one_month_out,2023-01,46630,96,0.005651609803703096,pass
validation_early,4,D4_R2_REPAIR_COMBINED_V1,20260715.0,False,prefix8,month,2023-02,8672,18,0.01339707381362884,pass
validation_early,4,D4_R2_REPAIR_COMBINED_V1,20260715.0,False,prefix8,leave_one_month_out,2023-02,43260,89,0.006492713951058437,pass
validation_early,4,D4_R2_REPAIR_COMBINED_V1,20260715.0,False,prefix8,month,2023-03,10716,22,0.008363021031539656,pass
validation_early,4,D4_R2_REPAIR_COMBINED_V1,20260715.0,False,prefix8,leave_one_month_out,2023-03,41216,85,0.007470734207007617,pass
validation_early,4,D4_R2_REPAIR_COMBINED_V1,20260715.0,False,prefix8,month,2023-04,9248,19,0.010031662102904971,pass
validation_early,4,D4_R2_REPAIR_COMBINED_V1,20260715.0,False,prefix8,leave_one_month_out,2023-04,42684,88,0.007140878299253697,pass
validation_early,4,D4_R2_REPAIR_COMBINED_V1,20260715.0,False,prefix8,month,2023-05,9242,19,-0.0069098987642569306,pass
validation_early,4,D4_R2_REPAIR_COMBINED_V1,20260715.0,False,prefix8,leave_one_month_out,2023-05,42690,88,0.010798715304663654,pass
validation_early,4,D4_R2_REPAIR_COMBINED_V1,20260715.0,False,prefix8,month,2023-06,8752,18,0.003228180354555169,pass
validation_early,4,D4_R2_REPAIR_COMBINED_V1,20260715.0,False,prefix8,leave_one_month_out,2023-06,43180,89,0.008549344088848616,pass
validation_early,4,D4_R2_REPAIR_COMBINED_V1,20260715.0,False,ref256,month,2023-01,5302,11,0.050406133674971355,pass
validation_early,4,D4_R2_REPAIR_COMBINED_V1,20260715.0,False,ref256,leave_one_month_out,2023-01,46630,96,0.05178786479637393,pass
validation_early,4,D4_R2_REPAIR_COMBINED_V1,20260715.0,False,ref256,month,2023-02,8672,18,0.07666381133881955,pass
validation_early,4,D4_R2_REPAIR_COMBINED_V1,20260715.0,False,ref256,leave_one_month_out,2023-02,43260,89,0.046585998727840784,pass
validation_early,4,D4_R2_REPAIR_COMBINED_V1,20260715.0,False,ref256,month,2023-03,10716,22,0.06124514481522258,pass
validation_early,4,D4_R2_REPAIR_COMBINED_V1,20260715.0,False,ref256,leave_one_month_out,2023-03,41216,85,0.04916128594049042,pass
validation_early,4,D4_R2_REPAIR_COMBINED_V1,20260715.0,False,ref256,month,2023-04,9248,19,0.04854386309311531,pass
validation_early,4,D4_R2_REPAIR_COMBINED_V1,20260715.0,False,ref256,leave_one_month_out,2023-04,42684,88,0.05231555786485673,pass
validation_early,4,D4_R2_REPAIR_COMBINED_V1,20260715.0,False,ref256,month,2023-05,9242,19,0.030110056644805185,pass
validation_early,4,D4_R2_REPAIR_COMBINED_V1,20260715.0,False,ref256,leave_one_month_out,2023-05,42690,88,0.056295584257105506,pass
validation_early,4,D4_R2_REPAIR_COMBINED_V1,20260715.0,False,ref256,month,2023-06,8752,18,0.04165937529987554,pass
validation_early,4,D4_R2_REPAIR_COMBINED_V1,20260715.0,False,ref256,leave_one_month_out,2023-06,43180,89,0.0536655475896497,pass
validation_early,4,D4_R2_REPAIR_COMBINED_V1,nan,True,prefix64,month,2023-01,5302,11,0.0411814639741658,pass
validation_early,4,D4_R2_REPAIR_COMBINED_V1,nan,True,prefix64,leave_one_month_out,2023-01,46630,96,0.04285636051162479,pass
validation_early,4,D4_R2_REPAIR_COMBINED_V1,nan,True,prefix64,month,2023-02,8672,18,0.05455426225257001,pass
validation_early,4,D4_R2_REPAIR_COMBINED_V1,nan,True,prefix64,leave_one_month_out,2023-02,43260,89,0.04028348305938813,pass
validation_early,4,D4_R2_REPAIR_COMBINED_V1,nan,True,prefix64,month,2023-03,10716,22,0.051093947396202107,pass
validation_early,4,D4_R2_REPAIR_COMBINED_V1,nan,True,prefix64,leave_one_month_out,2023-03,41216,85,0.04050752788371009,pass
validation_early,4,D4_R2_REPAIR_COMBINED_V1,nan,True,prefix64,month,2023-04,9248,19,0.0331919373839372,pass
validation_early,4,D4_R2_REPAIR_COMBINED_V1,nan,True,prefix64,leave_one_month_out,2023-04,42684,88,0.04473363525610224,pass
validation_early,4,D4_R2_REPAIR_COMBINED_V1,nan,True,prefix64,month,2023-05,9242,19,0.02803301434400681,pass
validation_early,4,D4_R2_REPAIR_COMBINED_V1,nan,True,prefix64,leave_one_month_out,2023-05,42690,88,0.045847493639723576,pass
validation_early,4,D4_R2_REPAIR_COMBINED_V1,nan,True,prefix64,month,2023-06,8752,18,0.046938497945685415,pass
validation_early,4,D4_R2_REPAIR_COMBINED_V1,nan,True,prefix64,leave_one_month_out,2023-06,43180,89,0.04182374999785918,pass
validation_early,4,D4_R2_REPAIR_COMBINED_V1,nan,True,prefix8,month,2023-01,5302,11,0.036229679315709966,pass
validation_early,4,D4_R2_REPAIR_COMBINED_V1,nan,True,prefix8,leave_one_month_out,2023-01,46630,96,0.009483214494435394,pass
validation_early,4,D4_R2_REPAIR_COMBINED_V1,nan,True,prefix8,month,2023-02,8672,18,0.020394139740178566,pass
validation_early,4,D4_R2_REPAIR_COMBINED_V1,nan,True,prefix8,leave_one_month_out,2023-02,43260,89,0.010582253355229138,pass
validation_early,4,D4_R2_REPAIR_COMBINED_V1,nan,True,prefix8,month,2023-03,10716,22,0.01652253167948117,pass
validation_early,4,D4_R2_REPAIR_COMBINED_V1,nan,True,prefix8,leave_one_month_out,2023-03,41216,85,0.0111225807881179,pass
validation_early,4,D4_R2_REPAIR_COMBINED_V1,nan,True,prefix8,month,2023-04,9248,19,0.01053845159428918,pass
validation_early,4,D4_R2_REPAIR_COMBINED_V1,nan,True,prefix8,leave_one_month_out,2023-04,42684,88,0.01259868731417174,pass
validation_early,4,D4_R2_REPAIR_COMBINED_V1,nan,True,prefix8,month,2023-05,9242,19,-0.0014450551681682658,pass
validation_early,4,D4_R2_REPAIR_COMBINED_V1,nan,True,prefix8,leave_one_month_out,2023-05,42690,88,0.015186035365156869,pass
validation_early,4,D4_R2_REPAIR_COMBINED_V1,nan,True,prefix8,month,2023-06,8752,18,0.0003902137276500201,pass
validation_early,4,D4_R2_REPAIR_COMBINED_V1,nan,True,prefix8,leave_one_month_out,2023-06,43180,89,0.014627991200459626,pass
validation_early,4,D4_R2_REPAIR_COMBINED_V1,nan,True,ref256,month,2023-01,5302,11,0.05305306011989881,pass
validation_early,4,D4_R2_REPAIR_COMBINED_V1,nan,True,ref256,leave_one_month_out,2023-01,46630,96,0.05953685800310649,pass
validation_early,4,D4_R2_REPAIR_COMBINED_V1,nan,True,ref256,month,2023-02,8672,18,0.0797973455915443,pass
validation_early,4,D4_R2_REPAIR_COMBINED_V1,nan,True,ref256,leave_one_month_out,2023-02,43260,89,0.054637863022127114,pass
validation_early,4,D4_R2_REPAIR_COMBINED_V1,nan,True,ref256,month,2023-03,10716,22,0.07054395774586769,pass
validation_early,4,D4_R2_REPAIR_COMBINED_V1,nan,True,ref256,leave_one_month_out,2023-03,41216,85,0.05584888187303555,pass
validation_early,4,D4_R2_REPAIR_COMBINED_V1,nan,True,ref256,month,2023-04,9248,19,0.0572881683037731,pass
validation_early,4,D4_R2_REPAIR_COMBINED_V1,nan,True,ref256,leave_one_month_out,2023-04,42684,88,0.05921189581642525,pass
validation_early,4,D4_R2_REPAIR_COMBINED_V1,nan,True,ref256,month,2023-05,9242,19,0.03585620645758184,pass
validation_early,4,D4_R2_REPAIR_COMBINED_V1,nan,True,ref256,leave_one_month_out,2023-05,42690,88,0.06383925121503473,pass
validation_early,4,D4_R2_REPAIR_COMBINED_V1,nan,True,ref256,month,2023-06,8752,18,0.05319310870975519,pass
validation_early,4,D4_R2_REPAIR_COMBINED_V1,nan,True,ref256,leave_one_month_out,2023-06,43180,89,0.0600184952004665,pass
validation_early,5,D5_K2_RAW_NO_RESIDUAL,20260713.0,False,primary,month,2023-01,5302,11,0.03465929976482867,pass
validation_early,5,D5_K2_RAW_NO_RESIDUAL,20260713.0,False,primary,leave_one_month_out,2023-01,46630,96,0.02936597410727214,pass
validation_early,5,D5_K2_RAW_NO_RESIDUAL,20260713.0,False,primary,month,2023-02,8672,18,0.07455873666506843,pass
validation_early,5,D5_K2_RAW_NO_RESIDUAL,20260713.0,False,primary,leave_one_month_out,2023-02,43260,89,0.020880096086966397,pass
validation_early,5,D5_K2_RAW_NO_RESIDUAL,20260713.0,False,primary,month,2023-03,10716,22,0.03963186509275434,pass
validation_early,5,D5_K2_RAW_NO_RESIDUAL,20260713.0,False,primary,leave_one_month_out,2023-03,41216,85,0.02739393858436054,pass
validation_early,5,D5_K2_RAW_NO_RESIDUAL,20260713.0,False,primary,month,2023-04,9248,19,0.02590006579522346,pass
validation_early,5,D5_K2_RAW_NO_RESIDUAL,20260713.0,False,primary,leave_one_month_out,2023-04,42684,88,0.030775960927295395,pass
validation_early,5,D5_K2_RAW_NO_RESIDUAL,20260713.0,False,primary,month,2023-05,9242,19,-0.011155922621316289,pass
validation_early,5,D5_K2_RAW_NO_RESIDUAL,20260713.0,False,primary,leave_one_month_out,2023-05,42690,88,0.038776685699048304,pass
validation_early,5,D5_K2_RAW_NO_RESIDUAL,20260713.0,False,primary,month,2023-06,8752,18,0.018057583443447885,pass
validation_early,5,D5_K2_RAW_NO_RESIDUAL,20260713.0,False,primary,leave_one_month_out,2023-06,43180,89,0.032307295614934596,pass
validation_early,5,D5_K2_RAW_NO_RESIDUAL,20260714.0,False,primary,month,2023-01,5302,11,0.0639490326359118,pass
validation_early,5,D5_K2_RAW_NO_RESIDUAL,20260714.0,False,primary,leave_one_month_out,2023-01,46630,96,0.037101824418007995,pass
validation_early,5,D5_K2_RAW_NO_RESIDUAL,20260714.0,False,primary,month,2023-02,8672,18,0.07415664628185512,pass
validation_early,5,D5_K2_RAW_NO_RESIDUAL,20260714.0,False,primary,leave_one_month_out,2023-02,43260,89,0.03292578505674612,pass
validation_early,5,D5_K2_RAW_NO_RESIDUAL,20260714.0,False,primary,month,2023-03,10716,22,0.04510511641528139,pass
validation_early,5,D5_K2_RAW_NO_RESIDUAL,20260714.0,False,primary,leave_one_month_out,2023-03,41216,85,0.03850472872926597,pass
validation_early,5,D5_K2_RAW_NO_RESIDUAL,20260714.0,False,primary,month,2023-04,9248,19,0.03311063131907818,pass
validation_early,5,D5_K2_RAW_NO_RESIDUAL,20260714.0,False,primary,leave_one_month_out,2023-04,42684,88,0.041319460318878544,pass
validation_early,5,D5_K2_RAW_NO_RESIDUAL,20260714.0,False,primary,month,2023-05,9242,19,0.014600683095791015,pass
validation_early,5,D5_K2_RAW_NO_RESIDUAL,20260714.0,False,primary,leave_one_month_out,2023-05,42690,88,0.04531592641254282,pass
validation_early,5,D5_K2_RAW_NO_RESIDUAL,20260714.0,False,primary,month,2023-06,8752,18,0.018229332002037232,pass
validation_early,5,D5_K2_RAW_NO_RESIDUAL,20260714.0,False,primary,leave_one_month_out,2023-06,43180,89,0.04423692727064187,pass
validation_early,5,D5_K2_RAW_NO_RESIDUAL,20260715.0,False,primary,month,2023-01,5302,11,0.0014603454365716177,pass
validation_early,5,D5_K2_RAW_NO_RESIDUAL,20260715.0,False,primary,leave_one_month_out,2023-01,46630,96,0.040726998318674275,pass
validation_early,5,D5_K2_RAW_NO_RESIDUAL,20260715.0,False,primary,month,2023-02,8672,18,0.06374312616345448,pass
validation_early,5,D5_K2_RAW_NO_RESIDUAL,20260715.0,False,primary,leave_one_month_out,2023-02,43260,89,0.031218869297222892,pass
validation_early,5,D5_K2_RAW_NO_RESIDUAL,20260715.0,False,primary,month,2023-03,10716,22,0.03521941594917119,pass
validation_early,5,D5_K2_RAW_NO_RESIDUAL,20260715.0,False,primary,leave_one_month_out,2023-03,41216,85,0.03707092338250885,pass
validation_early,5,D5_K2_RAW_NO_RESIDUAL,20260715.0,False,primary,month,2023-04,9248,19,0.009621161561436394,pass
validation_early,5,D5_K2_RAW_NO_RESIDUAL,20260715.0,False,primary,leave_one_month_out,2023-04,42684,88,0.04253469964463326,pass
validation_early,5,D5_K2_RAW_NO_RESIDUAL,20260715.0,False,primary,month,2023-05,9242,19,0.032039394160039356,pass
validation_early,5,D5_K2_RAW_NO_RESIDUAL,20260715.0,False,primary,leave_one_month_out,2023-05,42690,88,0.03769439942448035,pass
validation_early,5,D5_K2_RAW_NO_RESIDUAL,20260715.0,False,primary,month,2023-06,8752,18,0.06644654767004138,pass
validation_early,5,D5_K2_RAW_NO_RESIDUAL,20260715.0,False,primary,leave_one_month_out,2023-06,43180,89,0.03067210989139633,pass
validation_early,5,D5_K2_RAW_NO_RESIDUAL,nan,True,primary,month,2023-01,5302,11,0.04022308032164977,pass
validation_early,5,D5_K2_RAW_NO_RESIDUAL,nan,True,primary,leave_one_month_out,2023-01,46630,96,0.04644370209664755,pass
validation_early,5,D5_K2_RAW_NO_RESIDUAL,nan,True,primary,month,2023-02,8672,18,0.08987741621647011,pass
validation_early,5,D5_K2_RAW_NO_RESIDUAL,nan,True,primary,leave_one_month_out,2023-02,43260,89,0.03689051452718933,pass
validation_early,5,D5_K2_RAW_NO_RESIDUAL,nan,True,primary,month,2023-03,10716,22,0.04701930561644127,pass
validation_early,5,D5_K2_RAW_NO_RESIDUAL,nan,True,primary,leave_one_month_out,2023-03,41216,85,0.04548970072064241,pass
validation_early,5,D5_K2_RAW_NO_RESIDUAL,nan,True,primary,month,2023-04,9248,19,0.029295012528066655,pass
validation_early,5,D5_K2_RAW_NO_RESIDUAL,nan,True,primary,leave_one_month_out,2023-04,42684,88,0.04936868234980734,pass
validation_early,5,D5_K2_RAW_NO_RESIDUAL,nan,True,primary,month,2023-05,9242,19,0.0242337783185478,pass
validation_early,5,D5_K2_RAW_NO_RESIDUAL,nan,True,primary,leave_one_month_out,2023-05,42690,88,0.05046144882686254,pass
validation_early,5,D5_K2_RAW_NO_RESIDUAL,nan,True,primary,month,2023-06,8752,18,0.043851675540795554,pass
validation_early,5,D5_K2_RAW_NO_RESIDUAL,nan,True,primary,leave_one_month_out,2023-06,43180,89,0.046199091293056084,pass
validation_early,6,D6_R1_RAW_MLP_RESIDUAL,20260713.0,False,primary,month,2023-01,5302,11,0.025082047984185316,pass
validation_early,6,D6_R1_RAW_MLP_RESIDUAL,20260713.0,False,primary,leave_one_month_out,2023-01,46630,96,0.026889429215473753,pass
validation_early,6,D6_R1_RAW_MLP_RESIDUAL,20260713.0,False,primary,month,2023-02,8672,18,0.06306761972202429,pass
validation_early,6,D6_R1_RAW_MLP_RESIDUAL,20260713.0,False,primary,leave_one_month_out,2023-02,43260,89,0.019349107612529004,pass
validation_early,6,D6_R1_RAW_MLP_RESIDUAL,20260713.0,False,primary,month,2023-03,10716,22,0.03769357035797257,pass
validation_early,6,D6_R1_RAW_MLP_RESIDUAL,20260713.0,False,primary,leave_one_month_out,2023-03,41216,85,0.02385916687807203,pass
validation_early,6,D6_R1_RAW_MLP_RESIDUAL,20260713.0,False,primary,month,2023-04,9248,19,0.028950293958040524,pass
validation_early,6,D6_R1_RAW_MLP_RESIDUAL,20260713.0,False,primary,leave_one_month_out,2023-04,42684,88,0.026218547128508504,pass
validation_early,6,D6_R1_RAW_MLP_RESIDUAL,20260713.0,False,primary,month,2023-05,9242,19,-0.005370370231791425,pass
validation_early,6,D6_R1_RAW_MLP_RESIDUAL,20260713.0,False,primary,leave_one_month_out,2023-05,42690,88,0.03362869053313131,pass
validation_early,6,D6_R1_RAW_MLP_RESIDUAL,20260713.0,False,primary,month,2023-06,8752,18,0.009382830611939626,pass
validation_early,6,D6_R1_RAW_MLP_RESIDUAL,20260713.0,False,primary,leave_one_month_out,2023-06,43180,89,0.03020670541007422,pass
validation_early,6,D6_R1_RAW_MLP_RESIDUAL,20260714.0,False,primary,month,2023-01,5302,11,0.004262172892918011,pass
validation_early,6,D6_R1_RAW_MLP_RESIDUAL,20260714.0,False,primary,leave_one_month_out,2023-01,46630,96,0.023884591195679653,pass
validation_early,6,D6_R1_RAW_MLP_RESIDUAL,20260714.0,False,primary,month,2023-02,8672,18,0.05398101197793505,pass
validation_early,6,D6_R1_RAW_MLP_RESIDUAL,20260714.0,False,primary,leave_one_month_out,2023-02,43260,89,0.01537243192139903,pass
validation_early,6,D6_R1_RAW_MLP_RESIDUAL,20260714.0,False,primary,month,2023-03,10716,22,0.03922692114144635,pass
validation_early,6,D6_R1_RAW_MLP_RESIDUAL,20260714.0,False,primary,leave_one_month_out,2023-03,41216,85,0.01737426342935912,pass
validation_early,6,D6_R1_RAW_MLP_RESIDUAL,20260714.0,False,primary,month,2023-04,9248,19,0.04231313359211766,pass
validation_early,6,D6_R1_RAW_MLP_RESIDUAL,20260714.0,False,primary,leave_one_month_out,2023-04,42684,88,0.017452899072239878,pass
validation_early,6,D6_R1_RAW_MLP_RESIDUAL,20260714.0,False,primary,month,2023-05,9242,19,-0.006653398394271078,pass
validation_early,6,D6_R1_RAW_MLP_RESIDUAL,20260714.0,False,primary,leave_one_month_out,2023-05,42690,88,0.02802521847839199,pass
validation_early,6,D6_R1_RAW_MLP_RESIDUAL,20260714.0,False,primary,month,2023-06,8752,18,-0.012181371927138277,pass
validation_early,6,D6_R1_RAW_MLP_RESIDUAL,20260714.0,False,primary,leave_one_month_out,2023-06,43180,89,0.02875358821680712,pass
validation_early,6,D6_R1_RAW_MLP_RESIDUAL,20260715.0,False,primary,month,2023-01,5302,11,0.017235576887610796,pass
validation_early,6,D6_R1_RAW_MLP_RESIDUAL,20260715.0,False,primary,leave_one_month_out,2023-01,46630,96,0.02293949681802369,pass
validation_early,6,D6_R1_RAW_MLP_RESIDUAL,20260715.0,False,primary,month,2023-02,8672,18,0.07089063136271348,pass
validation_early,6,D6_R1_RAW_MLP_RESIDUAL,20260715.0,False,primary,leave_one_month_out,2023-02,43260,89,0.012536535682754495,pass
validation_early,6,D6_R1_RAW_MLP_RESIDUAL,20260715.0,False,primary,month,2023-03,10716,22,0.0347078536640627,pass
validation_early,6,D6_R1_RAW_MLP_RESIDUAL,20260715.0,False,primary,leave_one_month_out,2023-03,41216,85,0.01915541481981899,pass
validation_early,6,D6_R1_RAW_MLP_RESIDUAL,20260715.0,False,primary,month,2023-04,9248,19,0.015990977076224756,pass
validation_early,6,D6_R1_RAW_MLP_RESIDUAL,20260715.0,False,primary,leave_one_month_out,2023-04,42684,88,0.023726755407337752,pass
validation_early,6,D6_R1_RAW_MLP_RESIDUAL,20260715.0,False,primary,month,2023-05,9242,19,-0.005425191694684919,pass
validation_early,6,D6_R1_RAW_MLP_RESIDUAL,20260715.0,False,primary,leave_one_month_out,2023-05,42690,88,0.028350700937420526,pass
validation_early,6,D6_R1_RAW_MLP_RESIDUAL,20260715.0,False,primary,month,2023-06,8752,18,-0.0021201318254002576,pass
validation_early,6,D6_R1_RAW_MLP_RESIDUAL,20260715.0,False,primary,leave_one_month_out,2023-06,43180,89,0.02730275745113705,pass
validation_early,6,D6_R1_RAW_MLP_RESIDUAL,nan,True,primary,month,2023-01,5302,11,0.017291453868330257,pass
validation_early,6,D6_R1_RAW_MLP_RESIDUAL,nan,True,primary,leave_one_month_out,2023-01,46630,96,0.027814341471617793,pass
validation_early,6,D6_R1_RAW_MLP_RESIDUAL,nan,True,primary,month,2023-02,8672,18,0.06949740583687383,pass
validation_early,6,D6_R1_RAW_MLP_RESIDUAL,nan,True,primary,leave_one_month_out,2023-02,43260,89,0.01808347717711474,pass
validation_early,6,D6_R1_RAW_MLP_RESIDUAL,nan,True,primary,month,2023-03,10716,22,0.042532148754395434,pass
validation_early,6,D6_R1_RAW_MLP_RESIDUAL,nan,True,primary,leave_one_month_out,2023-03,41216,85,0.022643241190944016,pass
validation_early,6,D6_R1_RAW_MLP_RESIDUAL,nan,True,primary,month,2023-04,9248,19,0.03258039007900073,pass
validation_early,6,D6_R1_RAW_MLP_RESIDUAL,nan,True,primary,leave_one_month_out,2023-04,42684,88,0.02546994729915826,pass
validation_early,6,D6_R1_RAW_MLP_RESIDUAL,nan,True,primary,month,2023-05,9242,19,-0.00494098719842729,pass
validation_early,6,D6_R1_RAW_MLP_RESIDUAL,nan,True,primary,leave_one_month_out,2023-05,42690,88,0.03357115375678477,pass
validation_early,6,D6_R1_RAW_MLP_RESIDUAL,nan,True,primary,month,2023-06,8752,18,-0.0023129139508897504,pass
validation_early,6,D6_R1_RAW_MLP_RESIDUAL,nan,True,primary,leave_one_month_out,2023-06,43180,89,0.0326069126398085,pass
validation_early,101,M1_LIGHTGBM_ALPHA158,20260713.0,False,primary,month,2023-01,5302,11,0.017634395456118022,pass
validation_early,101,M1_LIGHTGBM_ALPHA158,20260713.0,False,primary,leave_one_month_out,2023-01,46630,96,0.03213922868048979,pass
validation_early,101,M1_LIGHTGBM_ALPHA158,20260713.0,False,primary,month,2023-02,8672,18,0.059501520035680114,pass
validation_early,101,M1_LIGHTGBM_ALPHA158,20260713.0,False,primary,leave_one_month_out,2023-02,43260,89,0.024812549918000852,pass
validation_early,101,M1_LIGHTGBM_ALPHA158,20260713.0,False,primary,month,2023-03,10716,22,0.02733516240364762,pass
validation_early,101,M1_LIGHTGBM_ALPHA158,20260713.0,False,primary,leave_one_month_out,2023-03,41216,85,0.03150553800545965,pass
validation_early,101,M1_LIGHTGBM_ALPHA158,20260713.0,False,primary,month,2023-04,9248,19,0.050697984706225545,pass
validation_early,101,M1_LIGHTGBM_ALPHA158,20260713.0,False,primary,leave_one_month_out,2023-04,42684,88,0.026319120385523097,pass
validation_early,101,M1_LIGHTGBM_ALPHA158,20260713.0,False,primary,month,2023-05,9242,19,0.03411806034593699,pass
validation_early,101,M1_LIGHTGBM_ALPHA158,20260713.0,False,primary,leave_one_month_out,2023-05,42690,88,0.029898876781494485,pass
validation_early,101,M1_LIGHTGBM_ALPHA158,20260713.0,False,primary,month,2023-06,8752,18,-0.011029990899253253,pass
validation_early,101,M1_LIGHTGBM_ALPHA158,20260713.0,False,primary,leave_one_month_out,2023-06,43180,89,0.0390773498823694,pass
validation_early,101,M1_LIGHTGBM_ALPHA158,20260714.0,False,primary,month,2023-01,5302,11,0.01387563267439414,pass
validation_early,101,M1_LIGHTGBM_ALPHA158,20260714.0,False,primary,leave_one_month_out,2023-01,46630,96,0.03204498252449798,pass
validation_early,101,M1_LIGHTGBM_ALPHA158,20260714.0,False,primary,month,2023-02,8672,18,0.0578767910226832,pass
validation_early,101,M1_LIGHTGBM_ALPHA158,20260714.0,False,primary,leave_one_month_out,2023-02,43260,89,0.02457492183552634,pass
validation_early,101,M1_LIGHTGBM_ALPHA158,20260714.0,False,primary,month,2023-03,10716,22,0.027184131662333844,pass
validation_early,101,M1_LIGHTGBM_ALPHA158,20260714.0,False,primary,leave_one_month_out,2023-03,41216,85,0.030951757472927027,pass
validation_early,101,M1_LIGHTGBM_ALPHA158,20260714.0,False,primary,month,2023-04,9248,19,0.05342920054956787,pass
validation_early,101,M1_LIGHTGBM_ALPHA158,20260714.0,False,primary,leave_one_month_out,2023-04,42684,88,0.025156766719640358,pass
validation_early,101,M1_LIGHTGBM_ALPHA158,20260714.0,False,primary,month,2023-05,9242,19,0.030848613039420797,pass
validation_early,101,M1_LIGHTGBM_ALPHA158,20260714.0,False,primary,leave_one_month_out,2023-05,42690,88,0.03003212084114939,pass
validation_early,101,M1_LIGHTGBM_ALPHA158,20260714.0,False,primary,month,2023-06,8752,18,-0.00915518171214561,pass
validation_early,101,M1_LIGHTGBM_ALPHA158,20260714.0,False,primary,leave_one_month_out,2023-06,43180,89,0.038131950029087223,pass
validation_early,101,M1_LIGHTGBM_ALPHA158,20260715.0,False,primary,month,2023-01,5302,11,0.01958832187930747,pass
validation_early,101,M1_LIGHTGBM_ALPHA158,20260715.0,False,primary,leave_one_month_out,2023-01,46630,96,0.03295227127557124,pass
validation_early,101,M1_LIGHTGBM_ALPHA158,20260715.0,False,primary,month,2023-02,8672,18,0.060293792400877275,pass
validation_early,101,M1_LIGHTGBM_ALPHA158,20260715.0,False,primary,leave_one_month_out,2023-02,43260,89,0.025770801347319443,pass
validation_early,101,M1_LIGHTGBM_ALPHA158,20260715.0,False,primary,month,2023-03,10716,22,0.025569828500317745,pass
validation_early,101,M1_LIGHTGBM_ALPHA158,20260715.0,False,primary,leave_one_month_out,2023-03,41216,85,0.033133568895532116,pass
validation_early,101,M1_LIGHTGBM_ALPHA158,20260715.0,False,primary,month,2023-04,9248,19,0.054265374283357,pass
validation_early,101,M1_LIGHTGBM_ALPHA158,20260715.0,False,primary,leave_one_month_out,2023-04,42684,88,0.02668008490617543,pass
validation_early,101,M1_LIGHTGBM_ALPHA158,20260715.0,False,primary,month,2023-05,9242,19,0.03590451291253125,pass
validation_early,101,M1_LIGHTGBM_ALPHA158,20260715.0,False,primary,leave_one_month_out,2023-05,42690,88,0.030644361793058263,pass
validation_early,101,M1_LIGHTGBM_ALPHA158,20260715.0,False,primary,month,2023-06,8752,18,-0.010979683582767748,pass
validation_early,101,M1_LIGHTGBM_ALPHA158,20260715.0,False,primary,leave_one_month_out,2023-06,43180,89,0.04018566165861843,pass
validation_early,101,M1_LIGHTGBM_ALPHA158,nan,True,primary,month,2023-01,5302,11,0.015092648594255851,pass
validation_early,101,M1_LIGHTGBM_ALPHA158,nan,True,primary,leave_one_month_out,2023-01,46630,96,0.032353018174766074,pass
validation_early,101,M1_LIGHTGBM_ALPHA158,nan,True,primary,month,2023-02,8672,18,0.05890116288327664,pass
validation_early,101,M1_LIGHTGBM_ALPHA158,nan,True,primary,leave_one_month_out,2023-02,43260,89,0.024850426375453687,pass
validation_early,101,M1_LIGHTGBM_ALPHA158,nan,True,primary,month,2023-03,10716,22,0.02724054161525116,pass
validation_early,101,M1_LIGHTGBM_ALPHA158,nan,True,primary,leave_one_month_out,2023-03,41216,85,0.031442552515045075,pass
validation_early,101,M1_LIGHTGBM_ALPHA158,nan,True,primary,month,2023-04,9248,19,0.05229044995404284,pass
validation_early,101,M1_LIGHTGBM_ALPHA158,nan,True,primary,leave_one_month_out,2023-04,42684,88,0.025890799206676637,pass
validation_early,101,M1_LIGHTGBM_ALPHA158,nan,True,primary,month,2023-05,9242,19,0.03234778751091696,pass
validation_early,101,M1_LIGHTGBM_ALPHA158,nan,True,primary,leave_one_month_out,2023-05,42690,88,0.03019660132507881,pass
validation_early,101,M1_LIGHTGBM_ALPHA158,nan,True,primary,month,2023-06,8752,18,-0.00898608969395543,pass
validation_early,101,M1_LIGHTGBM_ALPHA158,nan,True,primary,leave_one_month_out,2023-06,43180,89,0.03858043251466916,pass
validation_early,103,M3_GATED_DUAL_PATH_LSTM,20260713.0,False,primary,month,2023-01,5302,11,0.041770892379576145,pass
validation_early,103,M3_GATED_DUAL_PATH_LSTM,20260713.0,False,primary,leave_one_month_out,2023-01,46630,96,0.04090372854822106,pass
validation_early,103,M3_GATED_DUAL_PATH_LSTM,20260713.0,False,primary,month,2023-02,8672,18,0.04966895354074893,pass
validation_early,103,M3_GATED_DUAL_PATH_LSTM,20260713.0,False,primary,leave_one_month_out,2023-02,43260,89,0.03923816396709077,pass
validation_early,103,M3_GATED_DUAL_PATH_LSTM,20260713.0,False,primary,month,2023-03,10716,22,0.046259840654749425,pass
validation_early,103,M3_GATED_DUAL_PATH_LSTM,20260713.0,False,primary,leave_one_month_out,2023-03,41216,85,0.03962966191058908,pass
validation_early,103,M3_GATED_DUAL_PATH_LSTM,20260713.0,False,primary,month,2023-04,9248,19,0.02054927191992381,pass
validation_early,103,M3_GATED_DUAL_PATH_LSTM,20260713.0,False,primary,leave_one_month_out,2023-04,42684,88,0.045406836253704626,pass
validation_early,103,M3_GATED_DUAL_PATH_LSTM,20260713.0,False,primary,month,2023-05,9242,19,0.029800573965030656,pass
validation_early,103,M3_GATED_DUAL_PATH_LSTM,20260713.0,False,primary,leave_one_month_out,2023-05,42690,88,0.043409396039420185,pass
validation_early,103,M3_GATED_DUAL_PATH_LSTM,20260713.0,False,primary,month,2023-06,8752,18,0.05879740059317326,pass
validation_early,103,M3_GATED_DUAL_PATH_LSTM,20260713.0,False,primary,leave_one_month_out,2023-06,43180,89,0.037391961192443146,pass
validation_early,103,M3_GATED_DUAL_PATH_LSTM,20260714.0,False,primary,month,2023-01,5302,11,0.0429194274468621,pass
validation_early,103,M3_GATED_DUAL_PATH_LSTM,20260714.0,False,primary,leave_one_month_out,2023-01,46630,96,0.03314793551175354,pass
validation_early,103,M3_GATED_DUAL_PATH_LSTM,20260714.0,False,primary,month,2023-02,8672,18,0.08265701114643327,pass
validation_early,103,M3_GATED_DUAL_PATH_LSTM,20260714.0,False,primary,leave_one_month_out,2023-02,43260,89,0.024342576521438467,pass
validation_early,103,M3_GATED_DUAL_PATH_LSTM,20260714.0,False,primary,month,2023-03,10716,22,0.028817555392440342,pass
validation_early,103,M3_GATED_DUAL_PATH_LSTM,20260714.0,False,primary,leave_one_month_out,2023-03,41216,85,0.03553328579306042,pass
validation_early,103,M3_GATED_DUAL_PATH_LSTM,20260714.0,False,primary,month,2023-04,9248,19,-0.002103636608248413,pass
validation_early,103,M3_GATED_DUAL_PATH_LSTM,20260714.0,False,primary,leave_one_month_out,2023-04,42684,88,0.04198050689318799,pass
validation_early,103,M3_GATED_DUAL_PATH_LSTM,20260714.0,False,primary,month,2023-05,9242,19,0.02301546538848545,pass
validation_early,103,M3_GATED_DUAL_PATH_LSTM,20260714.0,False,primary,leave_one_month_out,2023-05,42690,88,0.03655706441662044,pass
validation_early,103,M3_GATED_DUAL_PATH_LSTM,20260714.0,False,primary,month,2023-06,8752,18,0.03683692461301941,pass
validation_early,103,M3_GATED_DUAL_PATH_LSTM,20260714.0,False,primary,leave_one_month_out,2023-06,43180,89,0.03360956031471318,pass
validation_early,103,M3_GATED_DUAL_PATH_LSTM,20260715.0,False,primary,month,2023-01,5302,11,0.06531308850053517,pass
validation_early,103,M3_GATED_DUAL_PATH_LSTM,20260715.0,False,primary,leave_one_month_out,2023-01,46630,96,0.023953581780038924,pass
validation_early,103,M3_GATED_DUAL_PATH_LSTM,20260715.0,False,primary,month,2023-02,8672,18,0.05037030277989777,pass
validation_early,103,M3_GATED_DUAL_PATH_LSTM,20260715.0,False,primary,leave_one_month_out,2023-02,43260,89,0.023722723307319817,pass
validation_early,103,M3_GATED_DUAL_PATH_LSTM,20260715.0,False,primary,month,2023-03,10716,22,0.004278750032551347,pass
validation_early,103,M3_GATED_DUAL_PATH_LSTM,20260715.0,False,primary,leave_one_month_out,2023-03,41216,85,0.03439829792557051,pass
validation_early,103,M3_GATED_DUAL_PATH_LSTM,20260715.0,False,primary,month,2023-04,9248,19,0.02328472227567203,pass
validation_early,103,M3_GATED_DUAL_PATH_LSTM,20260715.0,False,primary,leave_one_month_out,2023-04,42684,88,0.029267932967634715,pass
validation_early,103,M3_GATED_DUAL_PATH_LSTM,20260715.0,False,primary,month,2023-05,9242,19,0.022308079848759755,pass
validation_early,103,M3_GATED_DUAL_PATH_LSTM,20260715.0,False,primary,leave_one_month_out,2023-05,42690,88,0.029478798946172592,pass
validation_early,103,M3_GATED_DUAL_PATH_LSTM,20260715.0,False,primary,month,2023-06,8752,18,0.02402681443140241,pass
validation_early,103,M3_GATED_DUAL_PATH_LSTM,20260715.0,False,primary,leave_one_month_out,2023-06,43180,89,0.029050619827240224,pass
validation_early,103,M3_GATED_DUAL_PATH_LSTM,nan,True,primary,month,2023-01,5302,11,0.06066185353954015,pass
validation_early,103,M3_GATED_DUAL_PATH_LSTM,nan,True,primary,leave_one_month_out,2023-01,46630,96,0.04047684172472601,pass
validation_early,103,M3_GATED_DUAL_PATH_LSTM,nan,True,primary,month,2023-02,8672,18,0.07456836338147764,pass
validation_early,103,M3_GATED_DUAL_PATH_LSTM,nan,True,primary,leave_one_month_out,2023-02,43260,89,0.036076703973506076,pass
validation_early,103,M3_GATED_DUAL_PATH_LSTM,nan,True,primary,month,2023-03,10716,22,0.0363972151223466,pass
validation_early,103,M3_GATED_DUAL_PATH_LSTM,nan,True,primary,leave_one_month_out,2023-03,41216,85,0.04414492308020017,pass
validation_early,103,M3_GATED_DUAL_PATH_LSTM,nan,True,primary,month,2023-04,9248,19,0.011956096894406253,pass
validation_early,103,M3_GATED_DUAL_PATH_LSTM,nan,True,primary,leave_one_month_out,2023-04,42684,88,0.049157856289942285,pass
validation_early,103,M3_GATED_DUAL_PATH_LSTM,nan,True,primary,month,2023-05,9242,19,0.029397986240414606,pass
validation_early,103,M3_GATED_DUAL_PATH_LSTM,nan,True,primary,leave_one_month_out,2023-05,42690,88,0.04539199381750865,pass
validation_early,103,M3_GATED_DUAL_PATH_LSTM,nan,True,primary,month,2023-06,8752,18,0.05317110846965992,pass
validation_early,103,M3_GATED_DUAL_PATH_LSTM,nan,True,primary,leave_one_month_out,2023-06,43180,89,0.040404238674772594,pass
validation_late,0,D0_R2_RAW_EXACT_REPLAY,20260713.0,False,prefix64,month,2023-07,8744,18,0.005813274243195314,pass
validation_late,0,D0_R2_RAW_EXACT_REPLAY,20260713.0,False,prefix64,leave_one_month_out,2023-07,41423,85,0.0014659672060389716,pass
validation_late,0,D0_R2_RAW_EXACT_REPLAY,20260713.0,False,prefix64,month,2023-08,11192,23,0.002695448758617781,pass
validation_late,0,D0_R2_RAW_EXACT_REPLAY,20260713.0,False,prefix64,leave_one_month_out,2023-08,38975,80,0.0020906353430327406,pass
validation_late,0,D0_R2_RAW_EXACT_REPLAY,20260713.0,False,prefix64,month,2023-09,9740,20,0.004043810669506033,pass
validation_late,0,D0_R2_RAW_EXACT_REPLAY,20260713.0,False,prefix64,leave_one_month_out,2023-09,40427,83,0.0017875895843458742,pass
validation_late,0,D0_R2_RAW_EXACT_REPLAY,20260713.0,False,prefix64,month,2023-10,8284,17,-0.007228150030538589,pass
validation_late,0,D0_R2_RAW_EXACT_REPLAY,20260713.0,False,prefix64,leave_one_month_out,2023-10,41883,86,0.004094473248953304,pass
validation_late,0,D0_R2_RAW_EXACT_REPLAY,20260713.0,False,prefix64,month,2023-11,8780,18,5.3864519849921326e-06,pass
validation_late,0,D0_R2_RAW_EXACT_REPLAY,20260713.0,False,prefix64,leave_one_month_out,2023-11,41387,85,0.0026958728559423337,pass
validation_late,0,D0_R2_RAW_EXACT_REPLAY,20260713.0,False,prefix64,month,2023-12,3427,7,0.014931038865487013,pass
validation_late,0,D0_R2_RAW_EXACT_REPLAY,20260713.0,False,prefix64,leave_one_month_out,2023-12,46740,96,0.0012992591336710329,pass
validation_late,0,D0_R2_RAW_EXACT_REPLAY,20260713.0,False,prefix8,month,2023-07,8744,18,-0.005531842466504293,pass
validation_late,0,D0_R2_RAW_EXACT_REPLAY,20260713.0,False,prefix8,leave_one_month_out,2023-07,41423,85,-0.0013610583885065965,pass
validation_late,0,D0_R2_RAW_EXACT_REPLAY,20260713.0,False,prefix8,month,2023-08,11192,23,-0.01018192145060649,pass
validation_late,0,D0_R2_RAW_EXACT_REPLAY,20260713.0,False,prefix8,leave_one_month_out,2023-08,38975,80,0.00023651332429764195,pass
validation_late,0,D0_R2_RAW_EXACT_REPLAY,20260713.0,False,prefix8,month,2023-09,9740,20,0.0068063359124693095,pass
validation_late,0,D0_R2_RAW_EXACT_REPLAY,20260713.0,False,prefix8,leave_one_month_out,2023-09,40427,83,-0.004233612598428002,pass
validation_late,0,D0_R2_RAW_EXACT_REPLAY,20260713.0,False,prefix8,month,2023-10,8284,17,0.0027872840528859245,pass
validation_late,0,D0_R2_RAW_EXACT_REPLAY,20260713.0,False,prefix8,leave_one_month_out,2023-10,41883,86,-0.0030540343758046354,pass
validation_late,0,D0_R2_RAW_EXACT_REPLAY,20260713.0,False,prefix8,month,2023-11,8780,18,-0.003246255552344631,pass
validation_late,0,D0_R2_RAW_EXACT_REPLAY,20260713.0,False,prefix8,leave_one_month_out,2023-11,41387,85,-0.0018450650291521708,pass
validation_late,0,D0_R2_RAW_EXACT_REPLAY,20260713.0,False,prefix8,month,2023-12,3427,7,-0.0009405309807649831,pass
validation_late,0,D0_R2_RAW_EXACT_REPLAY,20260713.0,False,prefix8,leave_one_month_out,2023-12,46740,96,-0.0021737438599456573,pass
validation_late,0,D0_R2_RAW_EXACT_REPLAY,20260713.0,False,ref256,month,2023-07,8744,18,0.006440530153749287,pass
validation_late,0,D0_R2_RAW_EXACT_REPLAY,20260713.0,False,ref256,leave_one_month_out,2023-07,41423,85,-0.0005394590339005492,pass
validation_late,0,D0_R2_RAW_EXACT_REPLAY,20260713.0,False,ref256,month,2023-08,11192,23,0.0023987135989792037,pass
validation_late,0,D0_R2_RAW_EXACT_REPLAY,20260713.0,False,ref256,leave_one_month_out,2023-08,38975,80,0.00018631390136773714,pass
validation_late,0,D0_R2_RAW_EXACT_REPLAY,20260713.0,False,ref256,month,2023-09,9740,20,0.0013190802789552947,pass
validation_late,0,D0_R2_RAW_EXACT_REPLAY,20260713.0,False,ref256,leave_one_month_out,2023-09,40427,83,0.0005264327627329488,pass
validation_late,0,D0_R2_RAW_EXACT_REPLAY,20260713.0,False,ref256,month,2023-10,8284,17,-0.015659735896939336,pass
validation_late,0,D0_R2_RAW_EXACT_REPLAY,20260713.0,False,ref256,leave_one_month_out,2023-10,41883,86,0.003910360873650108,pass
validation_late,0,D0_R2_RAW_EXACT_REPLAY,20260713.0,False,ref256,month,2023-11,8780,18,0.002947764968586543,pass
validation_late,0,D0_R2_RAW_EXACT_REPLAY,20260713.0,False,ref256,leave_one_month_out,2023-11,41387,85,0.00020018535825156334,pass
validation_late,0,D0_R2_RAW_EXACT_REPLAY,20260713.0,False,ref256,month,2023-12,3427,7,0.012249957796605256,pass
validation_late,0,D0_R2_RAW_EXACT_REPLAY,20260713.0,False,ref256,leave_one_month_out,2023-12,46740,96,-0.0001632727051072517,pass
validation_late,0,D0_R2_RAW_EXACT_REPLAY,20260714.0,False,prefix64,month,2023-07,8744,18,0.004498278973105011,pass
validation_late,0,D0_R2_RAW_EXACT_REPLAY,20260714.0,False,prefix64,leave_one_month_out,2023-07,41423,85,5.923586728942227e-06,pass
validation_late,0,D0_R2_RAW_EXACT_REPLAY,20260714.0,False,prefix64,month,2023-08,11192,23,-0.008796813175305215,pass
validation_late,0,D0_R2_RAW_EXACT_REPLAY,20260714.0,False,prefix64,leave_one_month_out,2023-08,38975,80,0.003547490367748378,pass
validation_late,0,D0_R2_RAW_EXACT_REPLAY,20260714.0,False,prefix64,month,2023-09,9740,20,0.006811127024592333,pass
validation_late,0,D0_R2_RAW_EXACT_REPLAY,20260714.0,False,prefix64,leave_one_month_out,2023-09,40427,83,-0.0006596387241445339,pass
validation_late,0,D0_R2_RAW_EXACT_REPLAY,20260714.0,False,prefix64,month,2023-10,8284,17,-0.014215940870827795,pass
validation_late,0,D0_R2_RAW_EXACT_REPLAY,20260714.0,False,prefix64,leave_one_month_out,2023-10,41883,86,0.0037574828045572424,pass
validation_late,0,D0_R2_RAW_EXACT_REPLAY,20260714.0,False,prefix64,month,2023-11,8780,18,0.014538215397878486,pass
validation_late,0,D0_R2_RAW_EXACT_REPLAY,20260714.0,False,prefix64,leave_one_month_out,2023-11,41387,85,-0.002120180597340735,pass
validation_late,0,D0_R2_RAW_EXACT_REPLAY,20260714.0,False,prefix64,month,2023-12,3427,7,0.006655826436341882,pass
validation_late,0,D0_R2_RAW_EXACT_REPLAY,20260714.0,False,prefix64,leave_one_month_out,2023-12,46740,96,0.00036335147222351104,pass
validation_late,0,D0_R2_RAW_EXACT_REPLAY,20260714.0,False,prefix8,month,2023-07,8744,18,-0.0037618951744531216,pass
validation_late,0,D0_R2_RAW_EXACT_REPLAY,20260714.0,False,prefix8,leave_one_month_out,2023-07,41423,85,-0.0037018501082398993,pass
validation_late,0,D0_R2_RAW_EXACT_REPLAY,20260714.0,False,prefix8,month,2023-08,11192,23,-0.015216171374548497,pass
validation_late,0,D0_R2_RAW_EXACT_REPLAY,20260714.0,False,prefix8,leave_one_month_out,2023-08,38975,80,-0.00040499288407415244,pass
validation_late,0,D0_R2_RAW_EXACT_REPLAY,20260714.0,False,prefix8,month,2023-09,9740,20,-0.003558455559038562,pass
validation_late,0,D0_R2_RAW_EXACT_REPLAY,20260714.0,False,prefix8,leave_one_month_out,2023-09,40427,83,-0.0037494248332503185,pass
validation_late,0,D0_R2_RAW_EXACT_REPLAY,20260714.0,False,prefix8,month,2023-10,8284,17,0.002287682885356277,pass
validation_late,0,D0_R2_RAW_EXACT_REPLAY,20260714.0,False,prefix8,leave_one_month_out,2023-10,41883,86,-0.004898395132460515,pass
validation_late,0,D0_R2_RAW_EXACT_REPLAY,20260714.0,False,prefix8,month,2023-11,8780,18,-0.005865215114117765,pass
validation_late,0,D0_R2_RAW_EXACT_REPLAY,20260714.0,False,prefix8,leave_one_month_out,2023-11,41387,85,-0.003256441179840327,pass
validation_late,0,D0_R2_RAW_EXACT_REPLAY,20260714.0,False,prefix8,month,2023-12,3427,7,0.024738150942579754,pass
validation_late,0,D0_R2_RAW_EXACT_REPLAY,20260714.0,False,prefix8,leave_one_month_out,2023-12,46740,96,-0.005786858634777144,pass
validation_late,0,D0_R2_RAW_EXACT_REPLAY,20260714.0,False,ref256,month,2023-07,8744,18,-0.0036286350413826255,pass
validation_late,0,D0_R2_RAW_EXACT_REPLAY,20260714.0,False,ref256,leave_one_month_out,2023-07,41423,85,-0.004040111163359672,pass
validation_late,0,D0_R2_RAW_EXACT_REPLAY,20260714.0,False,ref256,month,2023-08,11192,23,-0.0025123616622438117,pass
validation_late,0,D0_R2_RAW_EXACT_REPLAY,20260714.0,False,ref256,leave_one_month_out,2023-08,38975,80,-0.0043867570174856456,pass
validation_late,0,D0_R2_RAW_EXACT_REPLAY,20260714.0,False,ref256,month,2023-09,9740,20,0.008445727176463554,pass
validation_late,0,D0_R2_RAW_EXACT_REPLAY,20260714.0,False,ref256,leave_one_month_out,2023-09,40427,83,-0.00695951112240639,pass
validation_late,0,D0_R2_RAW_EXACT_REPLAY,20260714.0,False,ref256,month,2023-10,8284,17,-0.02292337429253209,pass
validation_late,0,D0_R2_RAW_EXACT_REPLAY,20260714.0,False,ref256,leave_one_month_out,2023-10,41883,86,-0.00022125019369085956,pass
validation_late,0,D0_R2_RAW_EXACT_REPLAY,20260714.0,False,ref256,month,2023-11,8780,18,-0.006701748280885973,pass
validation_late,0,D0_R2_RAW_EXACT_REPLAY,20260714.0,False,ref256,leave_one_month_out,2023-11,41387,85,-0.0033893342420530824,pass
validation_late,0,D0_R2_RAW_EXACT_REPLAY,20260714.0,False,ref256,month,2023-12,3427,7,0.007969879692251066,pass
validation_late,0,D0_R2_RAW_EXACT_REPLAY,20260714.0,False,ref256,leave_one_month_out,2023-12,46740,96,-0.00483868789037726,pass
validation_late,0,D0_R2_RAW_EXACT_REPLAY,20260715.0,False,prefix64,month,2023-07,8744,18,-0.014444173418828624,pass
validation_late,0,D0_R2_RAW_EXACT_REPLAY,20260715.0,False,prefix64,leave_one_month_out,2023-07,41423,85,0.002150937168770532,pass
validation_late,0,D0_R2_RAW_EXACT_REPLAY,20260715.0,False,prefix64,month,2023-08,11192,23,0.004254127734249482,pass
validation_late,0,D0_R2_RAW_EXACT_REPLAY,20260715.0,False,prefix64,leave_one_month_out,2023-08,38975,80,-0.0021876300010144766,pass
validation_late,0,D0_R2_RAW_EXACT_REPLAY,20260715.0,False,prefix64,month,2023-09,9740,20,0.016817059851578477,pass
validation_late,0,D0_R2_RAW_EXACT_REPLAY,20260715.0,False,prefix64,leave_one_month_out,2023-09,40427,83,-0.004982007942469754,pass
validation_late,0,D0_R2_RAW_EXACT_REPLAY,20260715.0,False,prefix64,month,2023-10,8284,17,0.00928127271433344,pass
validation_late,0,D0_R2_RAW_EXACT_REPLAY,20260715.0,False,prefix64,leave_one_month_out,2023-10,41883,86,-0.002731943003919633,pass
validation_late,0,D0_R2_RAW_EXACT_REPLAY,20260715.0,False,prefix64,month,2023-11,8780,18,-0.00496078733410438,pass
validation_late,0,D0_R2_RAW_EXACT_REPLAY,20260715.0,False,prefix64,leave_one_month_out,2023-11,41387,85,0.0001426907037701024,pass
validation_late,0,D0_R2_RAW_EXACT_REPLAY,20260715.0,False,prefix64,month,2023-12,3427,7,-0.04569199138622887,pass
validation_late,0,D0_R2_RAW_EXACT_REPLAY,20260715.0,False,prefix64,leave_one_month_out,2023-12,46740,96,0.0025279008073977294,pass
validation_late,0,D0_R2_RAW_EXACT_REPLAY,20260715.0,False,prefix8,month,2023-07,8744,18,-0.008481645850736056,pass
validation_late,0,D0_R2_RAW_EXACT_REPLAY,20260715.0,False,prefix8,leave_one_month_out,2023-07,41423,85,0.0037543294489415756,pass
validation_late,0,D0_R2_RAW_EXACT_REPLAY,20260715.0,False,prefix8,month,2023-08,11192,23,0.003071822872230772,pass
validation_late,0,D0_R2_RAW_EXACT_REPLAY,20260715.0,False,prefix8,leave_one_month_out,2023-08,38975,80,0.0011974556473184632,pass
validation_late,0,D0_R2_RAW_EXACT_REPLAY,20260715.0,False,prefix8,month,2023-09,9740,20,0.01178553042529358,pass
validation_late,0,D0_R2_RAW_EXACT_REPLAY,20260715.0,False,prefix8,leave_one_month_out,2023-09,40427,83,-0.0008344847067359854,pass
validation_late,0,D0_R2_RAW_EXACT_REPLAY,20260715.0,False,prefix8,month,2023-10,8284,17,0.0130468686697852,pass
validation_late,0,D0_R2_RAW_EXACT_REPLAY,20260715.0,False,prefix8,leave_one_month_out,2023-10,41883,86,-0.0006435859248786462,pass
validation_late,0,D0_R2_RAW_EXACT_REPLAY,20260715.0,False,prefix8,month,2023-11,8780,18,-0.011306440530907812,pass
validation_late,0,D0_R2_RAW_EXACT_REPLAY,20260715.0,False,prefix8,leave_one_month_out,2023-11,41387,85,0.004352521263566181,pass
validation_late,0,D0_R2_RAW_EXACT_REPLAY,20260715.0,False,prefix8,month,2023-12,3427,7,-0.0007893384624504683,pass
validation_late,0,D0_R2_RAW_EXACT_REPLAY,20260715.0,False,prefix8,leave_one_month_out,2023-12,46740,96,0.0017913931987910215,pass
validation_late,0,D0_R2_RAW_EXACT_REPLAY,20260715.0,False,ref256,month,2023-07,8744,18,-0.023620203141593753,pass
validation_late,0,D0_R2_RAW_EXACT_REPLAY,20260715.0,False,ref256,leave_one_month_out,2023-07,41423,85,0.0013902015548568612,pass
validation_late,0,D0_R2_RAW_EXACT_REPLAY,20260715.0,False,ref256,month,2023-08,11192,23,-0.011760918026598734,pass
validation_late,0,D0_R2_RAW_EXACT_REPLAY,20260715.0,False,ref256,leave_one_month_out,2023-08,38975,80,-0.0004561926221760437,pass
validation_late,0,D0_R2_RAW_EXACT_REPLAY,20260715.0,False,ref256,month,2023-09,9740,20,0.029138337673724812,pass
validation_late,0,D0_R2_RAW_EXACT_REPLAY,20260715.0,False,ref256,leave_one_month_out,2023-09,40427,83,-0.010720039492293382,pass
validation_late,0,D0_R2_RAW_EXACT_REPLAY,20260715.0,False,ref256,month,2023-10,8284,17,-0.012067176990965595,pass
validation_late,0,D0_R2_RAW_EXACT_REPLAY,20260715.0,False,ref256,leave_one_month_out,2023-10,41883,86,-0.0011843548318539476,pass
validation_late,0,D0_R2_RAW_EXACT_REPLAY,20260715.0,False,ref256,month,2023-11,8780,18,0.004800212212028111,pass
validation_late,0,D0_R2_RAW_EXACT_REPLAY,20260715.0,False,ref256,leave_one_month_out,2023-11,41387,85,-0.004628239343557183,pass
validation_late,0,D0_R2_RAW_EXACT_REPLAY,20260715.0,False,ref256,month,2023-12,3427,7,-0.010765759667140442,pass
validation_late,0,D0_R2_RAW_EXACT_REPLAY,20260715.0,False,ref256,leave_one_month_out,2023-12,46740,96,-0.0024128771532903256,pass
validation_late,0,D0_R2_RAW_EXACT_REPLAY,nan,True,prefix64,month,2023-07,8744,18,0.001480968153912221,pass
validation_late,0,D0_R2_RAW_EXACT_REPLAY,nan,True,prefix64,leave_one_month_out,2023-07,41423,85,0.003829288418029184,pass
validation_late,0,D0_R2_RAW_EXACT_REPLAY,nan,True,prefix64,month,2023-08,11192,23,-0.0013402168785499372,pass
validation_late,0,D0_R2_RAW_EXACT_REPLAY,nan,True,prefix64,leave_one_month_out,2023-08,38975,80,0.004787149131369363,pass
validation_late,0,D0_R2_RAW_EXACT_REPLAY,nan,True,prefix64,month,2023-09,9740,20,0.015056955651385909,pass
validation_late,0,D0_R2_RAW_EXACT_REPLAY,nan,True,prefix64,leave_one_month_out,2023-09,40427,83,0.0006145521599419553,pass
validation_late,0,D0_R2_RAW_EXACT_REPLAY,nan,True,prefix64,month,2023-10,8284,17,-0.003945740442201103,pass
validation_late,0,D0_R2_RAW_EXACT_REPLAY,nan,True,prefix64,leave_one_month_out,2023-10,41883,86,0.004874703835119992,pass
validation_late,0,D0_R2_RAW_EXACT_REPLAY,nan,True,prefix64,month,2023-11,8780,18,0.009613546028079685,pass
validation_late,0,D0_R2_RAW_EXACT_REPLAY,nan,True,prefix64,leave_one_month_out,2023-11,41387,85,0.0021070954564407795,pass
validation_late,0,D0_R2_RAW_EXACT_REPLAY,nan,True,prefix64,month,2023-12,3427,7,-0.007255835753800671,pass
validation_late,0,D0_R2_RAW_EXACT_REPLAY,nan,True,prefix64,leave_one_month_out,2023-12,46740,96,0.004197268672703181,pass
validation_late,0,D0_R2_RAW_EXACT_REPLAY,nan,True,prefix8,month,2023-07,8744,18,-0.011537031681880475,pass
validation_late,0,D0_R2_RAW_EXACT_REPLAY,nan,True,prefix8,leave_one_month_out,2023-07,41423,85,-0.0003489133736003117,pass
validation_late,0,D0_R2_RAW_EXACT_REPLAY,nan,True,prefix8,month,2023-08,11192,23,-0.014280178072406032,pass
validation_late,0,D0_R2_RAW_EXACT_REPLAY,nan,True,prefix8,leave_one_month_out,2023-08,38975,80,0.0011389986079432964,pass
validation_late,0,D0_R2_RAW_EXACT_REPLAY,nan,True,prefix8,month,2023-09,9740,20,0.013235609397774645,pass
validation_late,0,D0_R2_RAW_EXACT_REPLAY,nan,True,prefix8,leave_one_month_out,2023-09,40427,83,-0.006048631264883952,pass
validation_late,0,D0_R2_RAW_EXACT_REPLAY,nan,True,prefix8,month,2023-10,8284,17,0.008498161406085017,pass
validation_late,0,D0_R2_RAW_EXACT_REPLAY,nan,True,prefix8,leave_one_month_out,2023-10,41883,86,-0.0044394529178293065,pass
validation_late,0,D0_R2_RAW_EXACT_REPLAY,nan,True,prefix8,month,2023-11,8780,18,-0.007604637309486369,pass
validation_late,0,D0_R2_RAW_EXACT_REPLAY,nan,True,prefix8,leave_one_month_out,2023-11,41387,85,-0.0011816557112837695,pass
validation_late,0,D0_R2_RAW_EXACT_REPLAY,nan,True,prefix8,month,2023-12,3427,7,0.0037841426601612485,pass
validation_late,0,D0_R2_RAW_EXACT_REPLAY,nan,True,prefix8,leave_one_month_out,2023-12,46740,96,-0.002748054225531289,pass
validation_late,0,D0_R2_RAW_EXACT_REPLAY,nan,True,ref256,month,2023-07,8744,18,-0.00825399564091684,pass
validation_late,0,D0_R2_RAW_EXACT_REPLAY,nan,True,ref256,leave_one_month_out,2023-07,41423,85,-0.002209601046703028,pass
validation_late,0,D0_R2_RAW_EXACT_REPLAY,nan,True,ref256,month,2023-08,11192,23,-0.0066189061989432064,pass
validation_late,0,D0_R2_RAW_EXACT_REPLAY,nan,True,ref256,leave_one_month_out,2023-08,38975,80,-0.0023019145991320837,pass
validation_late,0,D0_R2_RAW_EXACT_REPLAY,nan,True,ref256,month,2023-09,9740,20,0.02022838462464533,pass
validation_late,0,D0_R2_RAW_EXACT_REPLAY,nan,True,ref256,leave_one_month_out,2023-09,40427,83,-0.008927177144568277,pass
validation_late,0,D0_R2_RAW_EXACT_REPLAY,nan,True,ref256,month,2023-10,8284,17,-0.03075108999227885,pass
validation_late,0,D0_R2_RAW_EXACT_REPLAY,nan,True,ref256,leave_one_month_out,2023-10,41883,86,0.002167215341424185,pass
validation_late,0,D0_R2_RAW_EXACT_REPLAY,nan,True,ref256,month,2023-11,8780,18,0.002965062795709553,pass
validation_late,0,D0_R2_RAW_EXACT_REPLAY,nan,True,ref256,leave_one_month_out,2023-11,41387,85,-0.0045854016568121474,pass
validation_late,0,D0_R2_RAW_EXACT_REPLAY,nan,True,ref256,month,2023-12,3427,7,0.004178351522714045,pass
validation_late,0,D0_R2_RAW_EXACT_REPLAY,nan,True,ref256,leave_one_month_out,2023-12,46740,96,-0.00380871324130478,pass
validation_late,1,D1_R2_RETURN_PATH_CSZ_ONLY,20260713.0,False,primary,month,2023-07,8744,18,0.023208715957631725,pass
validation_late,1,D1_R2_RETURN_PATH_CSZ_ONLY,20260713.0,False,primary,leave_one_month_out,2023-07,41423,85,0.011561132518744648,pass
validation_late,1,D1_R2_RETURN_PATH_CSZ_ONLY,20260713.0,False,primary,month,2023-08,11192,23,0.016576807944966066,pass
validation_late,1,D1_R2_RETURN_PATH_CSZ_ONLY,20260713.0,False,primary,leave_one_month_out,2023-08,38975,80,0.012739832107455582,pass
validation_late,1,D1_R2_RETURN_PATH_CSZ_ONLY,20260713.0,False,primary,month,2023-09,9740,20,-0.012476077001619578,pass
validation_late,1,D1_R2_RETURN_PATH_CSZ_ONLY,20260713.0,False,primary,leave_one_month_out,2023-09,40427,83,0.0198792131489525,pass
validation_late,1,D1_R2_RETURN_PATH_CSZ_ONLY,20260713.0,False,primary,month,2023-10,8284,17,0.03272814830490517,pass
validation_late,1,D1_R2_RETURN_PATH_CSZ_ONLY,20260713.0,False,primary,leave_one_month_out,2023-10,41883,86,0.009814821280782305,pass
validation_late,1,D1_R2_RETURN_PATH_CSZ_ONLY,20260713.0,False,primary,month,2023-11,8780,18,0.020616819264776095,pass
validation_late,1,D1_R2_RETURN_PATH_CSZ_ONLY,20260713.0,False,primary,leave_one_month_out,2023-11,41387,85,0.012110004759584661,pass
validation_late,1,D1_R2_RETURN_PATH_CSZ_ONLY,20260713.0,False,primary,month,2023-12,3427,7,-0.010932863793984365,pass
validation_late,1,D1_R2_RETURN_PATH_CSZ_ONLY,20260713.0,False,primary,leave_one_month_out,2023-12,46740,96,0.015385241644672464,pass
validation_late,1,D1_R2_RETURN_PATH_CSZ_ONLY,20260714.0,False,primary,month,2023-07,8744,18,0.0052742260388424535,pass
validation_late,1,D1_R2_RETURN_PATH_CSZ_ONLY,20260714.0,False,primary,leave_one_month_out,2023-07,41423,85,0.010062267806094411,pass
validation_late,1,D1_R2_RETURN_PATH_CSZ_ONLY,20260714.0,False,primary,month,2023-08,11192,23,0.013218501518423308,pass
validation_late,1,D1_R2_RETURN_PATH_CSZ_ONLY,20260714.0,False,primary,leave_one_month_out,2023-08,38975,80,0.008077541216168166,pass
validation_late,1,D1_R2_RETURN_PATH_CSZ_ONLY,20260714.0,False,primary,month,2023-09,9740,20,-0.0015270503315729371,pass
validation_late,1,D1_R2_RETURN_PATH_CSZ_ONLY,20260714.0,False,primary,leave_one_month_out,2023-09,40427,83,0.01181650408251383,pass
validation_late,1,D1_R2_RETURN_PATH_CSZ_ONLY,20260714.0,False,primary,month,2023-10,8284,17,0.011985901356188947,pass
validation_late,1,D1_R2_RETURN_PATH_CSZ_ONLY,20260714.0,False,primary,leave_one_month_out,2023-10,41883,86,0.008679866385604383,pass
validation_late,1,D1_R2_RETURN_PATH_CSZ_ONLY,20260714.0,False,primary,month,2023-11,8780,18,0.01795560029633194,pass
validation_late,1,D1_R2_RETURN_PATH_CSZ_ONLY,20260714.0,False,primary,leave_one_month_out,2023-11,41387,85,0.007376800316273109,pass
validation_late,1,D1_R2_RETURN_PATH_CSZ_ONLY,20260714.0,False,primary,month,2023-12,3427,7,0.007835300976651517,pass
validation_late,1,D1_R2_RETURN_PATH_CSZ_ONLY,20260714.0,False,primary,leave_one_month_out,2023-12,46740,96,0.009326892972714879,pass
validation_late,1,D1_R2_RETURN_PATH_CSZ_ONLY,20260715.0,False,primary,month,2023-07,8744,18,0.02106149010299942,pass
validation_late,1,D1_R2_RETURN_PATH_CSZ_ONLY,20260715.0,False,primary,leave_one_month_out,2023-07,41423,85,0.006541278284552891,pass
validation_late,1,D1_R2_RETURN_PATH_CSZ_ONLY,20260715.0,False,primary,month,2023-08,11192,23,0.019070407221523797,pass
validation_late,1,D1_R2_RETURN_PATH_CSZ_ONLY,20260715.0,False,primary,leave_one_month_out,2023-08,38975,80,0.006206201374324224,pass
validation_late,1,D1_R2_RETURN_PATH_CSZ_ONLY,20260715.0,False,primary,month,2023-09,9740,20,-0.01207496807039814,pass
validation_late,1,D1_R2_RETURN_PATH_CSZ_ONLY,20260715.0,False,primary,leave_one_month_out,2023-09,40427,83,0.014176082378902985,pass
validation_late,1,D1_R2_RETURN_PATH_CSZ_ONLY,20260715.0,False,primary,month,2023-10,8284,17,0.02116663231079357,pass
validation_late,1,D1_R2_RETURN_PATH_CSZ_ONLY,20260715.0,False,primary,leave_one_month_out,2023-10,41883,86,0.0066893340320638905,pass
validation_late,1,D1_R2_RETURN_PATH_CSZ_ONLY,20260715.0,False,primary,month,2023-11,8780,18,0.0061678017888832145,pass
validation_late,1,D1_R2_RETURN_PATH_CSZ_ONLY,20260715.0,False,primary,leave_one_month_out,2023-11,41387,85,0.009695235809895146,pass
validation_late,1,D1_R2_RETURN_PATH_CSZ_ONLY,20260715.0,False,primary,month,2023-12,3427,7,-0.01599493314049679,pass
validation_late,1,D1_R2_RETURN_PATH_CSZ_ONLY,20260715.0,False,primary,leave_one_month_out,2023-12,46740,96,0.010907083416921488,pass
validation_late,1,D1_R2_RETURN_PATH_CSZ_ONLY,nan,True,primary,month,2023-07,8744,18,0.027825532278788128,pass
validation_late,1,D1_R2_RETURN_PATH_CSZ_ONLY,nan,True,primary,leave_one_month_out,2023-07,41423,85,0.015416665595264974,pass
validation_late,1,D1_R2_RETURN_PATH_CSZ_ONLY,nan,True,primary,month,2023-08,11192,23,0.027728973209942342,pass
validation_late,1,D1_R2_RETURN_PATH_CSZ_ONLY,nan,True,primary,leave_one_month_out,2023-08,38975,80,0.01466887215983794,pass
validation_late,1,D1_R2_RETURN_PATH_CSZ_ONLY,nan,True,primary,month,2023-09,9740,20,-0.01447763148300763,pass
validation_late,1,D1_R2_RETURN_PATH_CSZ_ONLY,nan,True,primary,leave_one_month_out,2023-09,40427,83,0.025311190196094718,pass
validation_late,1,D1_R2_RETURN_PATH_CSZ_ONLY,nan,True,primary,month,2023-10,8284,17,0.031447240161366095,pass
validation_late,1,D1_R2_RETURN_PATH_CSZ_ONLY,nan,True,primary,leave_one_month_out,2023-10,41883,86,0.014845035742703317,pass
validation_late,1,D1_R2_RETURN_PATH_CSZ_ONLY,nan,True,primary,month,2023-11,8780,18,0.02926553069872239,pass
validation_late,1,D1_R2_RETURN_PATH_CSZ_ONLY,nan,True,primary,leave_one_month_out,2023-11,41387,85,0.015111724753396541,pass
validation_late,1,D1_R2_RETURN_PATH_CSZ_ONLY,nan,True,primary,month,2023-12,3427,7,-0.014168544841603582,pass
validation_late,1,D1_R2_RETURN_PATH_CSZ_ONLY,nan,True,primary,leave_one_month_out,2023-12,46740,96,0.0199005830261139,pass
validation_late,2,D2_R2_GRADBAL_ONLY,20260713.0,False,primary,month,2023-07,8744,18,0.0015387820956066073,pass
validation_late,2,D2_R2_GRADBAL_ONLY,20260713.0,False,primary,leave_one_month_out,2023-07,41423,85,-0.0010527444807352396,pass
validation_late,2,D2_R2_GRADBAL_ONLY,20260713.0,False,primary,month,2023-08,11192,23,-0.003427943010791454,pass
validation_late,2,D2_R2_GRADBAL_ONLY,20260713.0,False,primary,leave_one_month_out,2023-08,38975,80,0.00021321857633283778,pass
validation_late,2,D2_R2_GRADBAL_ONLY,20260713.0,False,primary,month,2023-09,9740,20,0.005792073835521492,pass
validation_late,2,D2_R2_GRADBAL_ONLY,20260713.0,False,primary,leave_one_month_out,2023-09,40427,83,-0.0021400804801446536,pass
validation_late,2,D2_R2_GRADBAL_ONLY,20260713.0,False,primary,month,2023-10,8284,17,-0.001303703577336242,pass
validation_late,2,D2_R2_GRADBAL_ONLY,20260713.0,False,primary,leave_one_month_out,2023-10,41883,86,-0.00046072374798674775,pass
validation_late,2,D2_R2_GRADBAL_ONLY,20260713.0,False,primary,month,2023-11,8780,18,-0.007325444279417164,pass
validation_late,2,D2_R2_GRADBAL_ONLY,20260713.0,False,primary,leave_one_month_out,2023-11,41387,85,0.0008243858104462644,pass
validation_late,2,D2_R2_GRADBAL_ONLY,20260713.0,False,primary,month,2023-12,3427,7,0.003934127074214759,pass
validation_late,2,D2_R2_GRADBAL_ONLY,20260713.0,False,primary,leave_one_month_out,2023-12,46740,96,-0.0009304592985529148,pass
validation_late,2,D2_R2_GRADBAL_ONLY,20260714.0,False,primary,month,2023-07,8744,18,-0.0021963667940108635,pass
validation_late,2,D2_R2_GRADBAL_ONLY,20260714.0,False,primary,leave_one_month_out,2023-07,41423,85,-0.00506764774277794,pass
validation_late,2,D2_R2_GRADBAL_ONLY,20260714.0,False,primary,month,2023-08,11192,23,-0.015739776686487926,pass
validation_late,2,D2_R2_GRADBAL_ONLY,20260714.0,False,primary,leave_one_month_out,2023-08,38975,80,-0.001353372457988726,pass
validation_late,2,D2_R2_GRADBAL_ONLY,20260714.0,False,primary,month,2023-09,9740,20,0.0027764834952849894,pass
validation_late,2,D2_R2_GRADBAL_ONLY,20260714.0,False,primary,leave_one_month_out,2023-09,40427,83,-0.006335112413662896,pass
validation_late,2,D2_R2_GRADBAL_ONLY,20260714.0,False,primary,month,2023-10,8284,17,-0.009773979609972498,pass
validation_late,2,D2_R2_GRADBAL_ONLY,20260714.0,False,primary,leave_one_month_out,2023-10,41883,86,-0.0035363605471952085,pass
validation_late,2,D2_R2_GRADBAL_ONLY,20260714.0,False,primary,month,2023-11,8780,18,-0.006105103656884593,pass
validation_late,2,D2_R2_GRADBAL_ONLY,20260714.0,False,primary,leave_one_month_out,2023-11,41387,85,-0.004239915230639974,pass
validation_late,2,D2_R2_GRADBAL_ONLY,20260714.0,False,primary,month,2023-12,3427,7,0.021683522134407558,pass
validation_late,2,D2_R2_GRADBAL_ONLY,20260714.0,False,primary,leave_one_month_out,2023-12,46740,96,-0.0064798887017622235,pass
validation_late,2,D2_R2_GRADBAL_ONLY,20260715.0,False,primary,month,2023-07,8744,18,-0.011177347182252884,pass
validation_late,2,D2_R2_GRADBAL_ONLY,20260715.0,False,primary,leave_one_month_out,2023-07,41423,85,-0.006041051094147449,pass
validation_late,2,D2_R2_GRADBAL_ONLY,20260715.0,False,primary,month,2023-08,11192,23,0.0027527187983437985,pass
validation_late,2,D2_R2_GRADBAL_ONLY,20260715.0,False,primary,leave_one_month_out,2023-08,38975,80,-0.009724926558062407,pass
validation_late,2,D2_R2_GRADBAL_ONLY,20260715.0,False,primary,month,2023-09,9740,20,0.008520472068869174,pass
validation_late,2,D2_R2_GRADBAL_ONLY,20260715.0,False,primary,leave_one_month_out,2023-09,40427,83,-0.010663747393499621,pass
validation_late,2,D2_R2_GRADBAL_ONLY,20260715.0,False,primary,month,2023-10,8284,17,-0.01099918998997726,pass
validation_late,2,D2_R2_GRADBAL_ONLY,20260715.0,False,primary,leave_one_month_out,2023-10,41883,86,-0.006135992586668275,pass
validation_late,2,D2_R2_GRADBAL_ONLY,20260715.0,False,primary,month,2023-11,8780,18,-0.02276291626831558,pass
validation_late,2,D2_R2_GRADBAL_ONLY,20260715.0,False,primary,leave_one_month_out,2023-11,41387,85,-0.003587636464157701,pass
validation_late,2,D2_R2_GRADBAL_ONLY,20260715.0,False,primary,month,2023-12,3427,7,-0.021498942011790027,pass
validation_late,2,D2_R2_GRADBAL_ONLY,20260715.0,False,primary,leave_one_month_out,2023-12,46740,96,-0.005876968731255779,pass
validation_late,2,D2_R2_GRADBAL_ONLY,nan,True,primary,month,2023-07,8744,18,-0.002368511343926862,pass
validation_late,2,D2_R2_GRADBAL_ONLY,nan,True,primary,leave_one_month_out,2023-07,41423,85,-0.004170014218899326,pass
validation_late,2,D2_R2_GRADBAL_ONLY,nan,True,primary,month,2023-08,11192,23,-0.0018880392662312317,pass
validation_late,2,D2_R2_GRADBAL_ONLY,nan,True,primary,leave_one_month_out,2023-08,38975,80,-0.004420743870922599,pass
validation_late,2,D2_R2_GRADBAL_ONLY,nan,True,primary,month,2023-09,9740,20,0.012197711543516197,pass
validation_late,2,D2_R2_GRADBAL_ONLY,nan,True,primary,leave_one_month_out,2023-09,40427,83,-0.007723357152619882,pass
validation_late,2,D2_R2_GRADBAL_ONLY,nan,True,primary,month,2023-10,8284,17,-0.011884921473090324,pass
validation_late,2,D2_R2_GRADBAL_ONLY,nan,True,primary,leave_one_month_out,2023-10,41883,86,-0.00226791567156501,pass
validation_late,2,D2_R2_GRADBAL_ONLY,nan,True,primary,month,2023-11,8780,18,-0.0195556291382566,pass
validation_late,2,D2_R2_GRADBAL_ONLY,nan,True,primary,leave_one_month_out,2023-11,41387,85,-0.0005303892742177348,pass
validation_late,2,D2_R2_GRADBAL_ONLY,nan,True,primary,month,2023-12,3427,7,-0.00013364954604201586,pass
validation_late,2,D2_R2_GRADBAL_ONLY,nan,True,primary,leave_one_month_out,2023-12,46740,96,-0.004126550687237835,pass
validation_late,3,D3_R2_ST_HARD_ONLY,20260713.0,False,primary,month,2023-07,8744,18,-0.0052144932439151925,pass
validation_late,3,D3_R2_ST_HARD_ONLY,20260713.0,False,primary,leave_one_month_out,2023-07,41423,85,-0.0014247800247084697,pass
validation_late,3,D3_R2_ST_HARD_ONLY,20260713.0,False,primary,month,2023-08,11192,23,-0.009824774568949037,pass
validation_late,3,D3_R2_ST_HARD_ONLY,20260713.0,False,primary,leave_one_month_out,2023-08,38975,80,0.00013753293243918223,pass
validation_late,3,D3_R2_ST_HARD_ONLY,20260713.0,False,primary,month,2023-09,9740,20,0.007227290456286767,pass
validation_late,3,D3_R2_ST_HARD_ONLY,20260713.0,False,primary,leave_one_month_out,2023-09,40427,83,-0.004331481802607576,pass
validation_late,3,D3_R2_ST_HARD_ONLY,20260713.0,False,primary,month,2023-10,8284,17,0.0028900415497195636,pass
validation_late,3,D3_R2_ST_HARD_ONLY,20260713.0,False,primary,leave_one_month_out,2023-10,41883,86,-0.0030709056608828594,pass
validation_late,3,D3_R2_ST_HARD_ONLY,20260713.0,False,primary,month,2023-11,8780,18,-0.004581371295272214,pass
validation_late,3,D3_R2_ST_HARD_ONLY,20260713.0,False,primary,leave_one_month_out,2023-11,41387,85,-0.0015588529079505115,pass
validation_late,3,D3_R2_ST_HARD_ONLY,20260713.0,False,primary,month,2023-12,3427,7,-0.0009069027386371645,pass
validation_late,3,D3_R2_ST_HARD_ONLY,20260713.0,False,primary,leave_one_month_out,2023-12,46740,96,-0.0021731131387524288,pass
validation_late,3,D3_R2_ST_HARD_ONLY,20260714.0,False,primary,month,2023-07,8744,18,-0.0022702767667933748,pass
validation_late,3,D3_R2_ST_HARD_ONLY,20260714.0,False,primary,leave_one_month_out,2023-07,41423,85,-0.004003814277130823,pass
validation_late,3,D3_R2_ST_HARD_ONLY,20260714.0,False,primary,month,2023-08,11192,23,-0.014165588307285834,pass
validation_late,3,D3_R2_ST_HARD_ONLY,20260714.0,False,primary,leave_one_month_out,2023-08,38975,80,-0.0006922583036353321,pass
validation_late,3,D3_R2_ST_HARD_ONLY,20260714.0,False,primary,month,2023-09,9740,20,-0.003394322298556944,pass
validation_late,3,D3_R2_ST_HARD_ONLY,20260714.0,False,primary,leave_one_month_out,2023-09,40427,83,-0.003774731920328457,pass
validation_late,3,D3_R2_ST_HARD_ONLY,20260714.0,False,primary,month,2023-10,8284,17,0.0004767107133066695,pass
validation_late,3,D3_R2_ST_HARD_ONLY,20260714.0,False,primary,leave_one_month_out,2023-10,41883,86,-0.0045266660172629545,pass
validation_late,3,D3_R2_ST_HARD_ONLY,20260714.0,False,primary,month,2023-11,8780,18,-0.006229472384233302,pass
validation_late,3,D3_R2_ST_HARD_ONLY,20260714.0,False,primary,leave_one_month_out,2023-11,41387,85,-0.0031653963816729567,pass
validation_late,3,D3_R2_ST_HARD_ONLY,20260714.0,False,primary,month,2023-12,3427,7,0.022485312038939866,pass
validation_late,3,D3_R2_ST_HARD_ONLY,20260714.0,False,primary,leave_one_month_out,2023-12,46740,96,-0.005610274787822706,pass
validation_late,3,D3_R2_ST_HARD_ONLY,20260715.0,False,primary,month,2023-07,8744,18,-0.007747088070960275,pass
validation_late,3,D3_R2_ST_HARD_ONLY,20260715.0,False,primary,leave_one_month_out,2023-07,41423,85,0.003605238247474559,pass
validation_late,3,D3_R2_ST_HARD_ONLY,20260715.0,False,primary,month,2023-08,11192,23,0.0020112869803167533,pass
validation_late,3,D3_R2_ST_HARD_ONLY,20260715.0,False,primary,leave_one_month_out,2023-08,38975,80,0.00150922581513459,pass
validation_late,3,D3_R2_ST_HARD_ONLY,20260715.0,False,primary,month,2023-09,9740,20,0.010930922095586184,pass
validation_late,3,D3_R2_ST_HARD_ONLY,20260715.0,False,primary,leave_one_month_out,2023-09,40427,83,-0.000621937062092423,pass
validation_late,3,D3_R2_ST_HARD_ONLY,20260715.0,False,primary,month,2023-10,8284,17,0.013328612542712245,pass
validation_late,3,D3_R2_ST_HARD_ONLY,20260715.0,False,primary,leave_one_month_out,2023-10,41883,86,-0.0006928924124192514,pass
validation_late,3,D3_R2_ST_HARD_ONLY,20260715.0,False,primary,month,2023-11,8780,18,-0.00997489056854369,pass
validation_late,3,D3_R2_ST_HARD_ONLY,20260715.0,False,primary,leave_one_month_out,2023-11,41387,85,0.004077008188139282,pass
validation_late,3,D3_R2_ST_HARD_ONLY,20260715.0,False,primary,month,2023-12,3427,7,-0.0007815963451418917,pass
validation_late,3,D3_R2_ST_HARD_ONLY,20260715.0,False,primary,leave_one_month_out,2023-12,46740,96,0.0017965504184796436,pass
validation_late,3,D3_R2_ST_HARD_ONLY,nan,True,primary,month,2023-07,8744,18,-0.009827087606759634,pass
validation_late,3,D3_R2_ST_HARD_ONLY,nan,True,primary,leave_one_month_out,2023-07,41423,85,-0.0008006563311841821,pass
validation_late,3,D3_R2_ST_HARD_ONLY,nan,True,primary,month,2023-08,11192,23,-0.014542307282253832,pass
validation_late,3,D3_R2_ST_HARD_ONLY,nan,True,primary,leave_one_month_out,2023-08,38975,80,0.0011191212802438642,pass
validation_late,3,D3_R2_ST_HARD_ONLY,nan,True,primary,month,2023-09,9740,20,0.012229995645433771,pass
validation_late,3,D3_R2_ST_HARD_ONLY,nan,True,primary,leave_one_month_out,2023-09,40427,83,-0.005898111782903667,pass
validation_late,3,D3_R2_ST_HARD_ONLY,nan,True,primary,month,2023-10,8284,17,0.007238570123465745,pass
validation_late,3,D3_R2_ST_HARD_ONLY,nan,True,primary,leave_one_month_out,2023-10,41883,86,-0.004279058804316821,pass
validation_late,3,D3_R2_ST_HARD_ONLY,nan,True,primary,month,2023-11,8780,18,-0.007057656222552688,pass
validation_late,3,D3_R2_ST_HARD_ONLY,nan,True,primary,leave_one_month_out,2023-11,41387,85,-0.0013871241537221249,pass
validation_late,3,D3_R2_ST_HARD_ONLY,nan,True,primary,month,2023-12,3427,7,0.0036856409056482595,pass
validation_late,3,D3_R2_ST_HARD_ONLY,nan,True,primary,leave_one_month_out,2023-12,46740,96,-0.0028202380355402787,pass
validation_late,4,D4_R2_REPAIR_COMBINED_V1,20260713.0,False,prefix64,month,2023-07,8744,18,0.01973926564147941,pass
validation_late,4,D4_R2_REPAIR_COMBINED_V1,20260713.0,False,prefix64,leave_one_month_out,2023-07,41423,85,0.006518439506113967,pass
validation_late,4,D4_R2_REPAIR_COMBINED_V1,20260713.0,False,prefix64,month,2023-08,11192,23,0.027617136447700526,pass
validation_late,4,D4_R2_REPAIR_COMBINED_V1,20260713.0,False,prefix64,leave_one_month_out,2023-08,38975,80,0.0034272500158650555,pass
validation_late,4,D4_R2_REPAIR_COMBINED_V1,20260713.0,False,prefix64,month,2023-09,9740,20,-0.015378018591009452,pass
validation_late,4,D4_R2_REPAIR_COMBINED_V1,20260713.0,False,prefix64,leave_one_month_out,2023-09,40427,83,0.014661861582969943,pass
validation_late,4,D4_R2_REPAIR_COMBINED_V1,20260713.0,False,prefix64,month,2023-10,8284,17,-0.0019841306626255397,pass
validation_late,4,D4_R2_REPAIR_COMBINED_V1,20260713.0,False,prefix64,leave_one_month_out,2023-10,41883,86,0.010966329777104078,pass
validation_late,4,D4_R2_REPAIR_COMBINED_V1,20260713.0,False,prefix64,month,2023-11,8780,18,0.014361355775598529,pass
validation_late,4,D4_R2_REPAIR_COMBINED_V1,20260713.0,False,prefix64,leave_one_month_out,2023-11,41387,85,0.007657291007124035,pass
validation_late,4,D4_R2_REPAIR_COMBINED_V1,20260713.0,False,prefix64,month,2023-12,3427,7,0.0002370584066606608,pass
validation_late,4,D4_R2_REPAIR_COMBINED_V1,20260713.0,False,prefix64,leave_one_month_out,2023-12,46740,96,0.009455361778330123,pass
validation_late,4,D4_R2_REPAIR_COMBINED_V1,20260713.0,False,prefix8,month,2023-07,8744,18,0.011462168842886271,pass
validation_late,4,D4_R2_REPAIR_COMBINED_V1,20260713.0,False,prefix8,leave_one_month_out,2023-07,41423,85,0.002807032464449008,pass
validation_late,4,D4_R2_REPAIR_COMBINED_V1,20260713.0,False,prefix8,month,2023-08,11192,23,0.005466597289880399,pass
validation_late,4,D4_R2_REPAIR_COMBINED_V1,20260713.0,False,prefix8,leave_one_month_out,2023-08,38975,80,0.003989813262285867,pass
validation_late,4,D4_R2_REPAIR_COMBINED_V1,20260713.0,False,prefix8,month,2023-09,9740,20,-0.010397777354172442,pass
validation_late,4,D4_R2_REPAIR_COMBINED_V1,20260713.0,False,prefix8,leave_one_month_out,2023-09,40427,83,0.007865931876308041,pass
validation_late,4,D4_R2_REPAIR_COMBINED_V1,20260713.0,False,prefix8,month,2023-10,8284,17,0.01526860076389793,pass
validation_late,4,D4_R2_REPAIR_COMBINED_V1,20260713.0,False,prefix8,leave_one_month_out,2023-10,41883,86,0.0021552393681843482,pass
validation_late,4,D4_R2_REPAIR_COMBINED_V1,20260713.0,False,prefix8,month,2023-11,8780,18,0.011874017993928869,pass
validation_late,4,D4_R2_REPAIR_COMBINED_V1,20260713.0,False,prefix8,leave_one_month_out,2023-11,41387,85,0.0027198173501105775,pass
validation_late,4,D4_R2_REPAIR_COMBINED_V1,20260713.0,False,prefix8,month,2023-12,3427,7,-0.021782423997516974,pass
validation_late,4,D4_R2_REPAIR_COMBINED_V1,20260713.0,False,prefix8,leave_one_month_out,2023-12,46740,96,0.006222851735757683,pass
validation_late,4,D4_R2_REPAIR_COMBINED_V1,20260713.0,False,ref256,month,2023-07,8744,18,0.02382951120935406,pass
validation_late,4,D4_R2_REPAIR_COMBINED_V1,20260713.0,False,ref256,leave_one_month_out,2023-07,41423,85,0.007165998309774817,pass
validation_late,4,D4_R2_REPAIR_COMBINED_V1,20260713.0,False,ref256,month,2023-08,11192,23,0.03972454774765937,pass
validation_late,4,D4_R2_REPAIR_COMBINED_V1,20260713.0,False,ref256,leave_one_month_out,2023-08,38975,80,0.0015547057487883397,pass
validation_late,4,D4_R2_REPAIR_COMBINED_V1,20260713.0,False,ref256,month,2023-09,9740,20,-0.017313397228643154,pass
validation_late,4,D4_R2_REPAIR_COMBINED_V1,20260713.0,False,ref256,leave_one_month_out,2023-09,40427,83,0.016678421718940916,pass
validation_late,4,D4_R2_REPAIR_COMBINED_V1,20260713.0,False,ref256,month,2023-10,8284,17,0.009197871572735276,pass
validation_late,4,D4_R2_REPAIR_COMBINED_V1,20260713.0,False,ref256,leave_one_month_out,2023-10,41883,86,0.01025206094607829,pass
validation_late,4,D4_R2_REPAIR_COMBINED_V1,20260713.0,False,ref256,month,2023-11,8780,18,0.012498345712203077,pass
validation_late,4,D4_R2_REPAIR_COMBINED_V1,20260713.0,False,ref256,leave_one_month_out,2023-11,41387,85,0.009565539238583264,pass
validation_late,4,D4_R2_REPAIR_COMBINED_V1,20260713.0,False,ref256,month,2023-12,3427,7,-0.048517262406942555,pass
validation_late,4,D4_R2_REPAIR_COMBINED_V1,20260713.0,False,ref256,leave_one_month_out,2023-12,46740,96,0.014350644739039903,pass
validation_late,4,D4_R2_REPAIR_COMBINED_V1,20260714.0,False,prefix64,month,2023-07,8744,18,0.04607763788550438,pass
validation_late,4,D4_R2_REPAIR_COMBINED_V1,20260714.0,False,prefix64,leave_one_month_out,2023-07,41423,85,0.023098366497693184,pass
validation_late,4,D4_R2_REPAIR_COMBINED_V1,20260714.0,False,prefix64,month,2023-08,11192,23,0.04001481620234464,pass
validation_late,4,D4_R2_REPAIR_COMBINED_V1,20260714.0,False,prefix64,leave_one_month_out,2023-08,38975,80,0.023405223269863405,pass
validation_late,4,D4_R2_REPAIR_COMBINED_V1,20260714.0,False,prefix64,month,2023-09,9740,20,0.016938770900030237,pass
validation_late,4,D4_R2_REPAIR_COMBINED_V1,20260714.0,False,prefix64,leave_one_month_out,2023-09,40427,83,0.029566062846293907,pass
validation_late,4,D4_R2_REPAIR_COMBINED_V1,20260714.0,False,prefix64,month,2023-10,8284,17,0.017975712913680778,pass
validation_late,4,D4_R2_REPAIR_COMBINED_V1,20260714.0,False,prefix64,leave_one_month_out,2023-10,41883,86,0.028920599008260765,pass
validation_late,4,D4_R2_REPAIR_COMBINED_V1,20260714.0,False,prefix64,month,2023-11,8780,18,0.00835321155794955,pass
validation_late,4,D4_R2_REPAIR_COMBINED_V1,20260714.0,False,prefix64,leave_one_month_out,2023-11,41387,85,0.03108706854352832,pass
validation_late,4,D4_R2_REPAIR_COMBINED_V1,20260714.0,False,prefix64,month,2023-12,3427,7,0.03547143343910343,pass
validation_late,4,D4_R2_REPAIR_COMBINED_V1,20260714.0,False,prefix64,leave_one_month_out,2023-12,46740,96,0.026504777085096617,pass
validation_late,4,D4_R2_REPAIR_COMBINED_V1,20260714.0,False,prefix8,month,2023-07,8744,18,0.016591338137356464,pass
validation_late,4,D4_R2_REPAIR_COMBINED_V1,20260714.0,False,prefix8,leave_one_month_out,2023-07,41423,85,0.015107411321299906,pass
validation_late,4,D4_R2_REPAIR_COMBINED_V1,20260714.0,False,prefix8,month,2023-08,11192,23,0.013763743425146387,pass
validation_late,4,D4_R2_REPAIR_COMBINED_V1,20260714.0,False,prefix8,leave_one_month_out,2023-08,38975,80,0.015827599375056768,pass
validation_late,4,D4_R2_REPAIR_COMBINED_V1,20260714.0,False,prefix8,month,2023-09,9740,20,0.019968184171441573,pass
validation_late,4,D4_R2_REPAIR_COMBINED_V1,20260714.0,False,prefix8,leave_one_month_out,2023-09,40427,83,0.014257956209085263,pass
validation_late,4,D4_R2_REPAIR_COMBINED_V1,20260714.0,False,prefix8,month,2023-10,8284,17,0.011167406165295653,pass
validation_late,4,D4_R2_REPAIR_COMBINED_V1,20260714.0,False,prefix8,leave_one_month_out,2023-10,41883,86,0.016196838883405607,pass
validation_late,4,D4_R2_REPAIR_COMBINED_V1,20260714.0,False,prefix8,month,2023-11,8780,18,0.015175017540240428,pass
validation_late,4,D4_R2_REPAIR_COMBINED_V1,20260714.0,False,prefix8,leave_one_month_out,2023-11,41387,85,0.015407338035983304,pass
validation_late,4,D4_R2_REPAIR_COMBINED_V1,20260714.0,False,prefix8,month,2023-12,3427,7,0.015029137081277122,pass
validation_late,4,D4_R2_REPAIR_COMBINED_V1,20260714.0,False,prefix8,leave_one_month_out,2023-12,46740,96,0.015391355095978837,pass
validation_late,4,D4_R2_REPAIR_COMBINED_V1,20260714.0,False,ref256,month,2023-07,8744,18,0.06960095705360335,pass
validation_late,4,D4_R2_REPAIR_COMBINED_V1,20260714.0,False,ref256,leave_one_month_out,2023-07,41423,85,0.04532915757438424,pass
validation_late,4,D4_R2_REPAIR_COMBINED_V1,20260714.0,False,ref256,month,2023-08,11192,23,0.06848090777037859,pass
validation_late,4,D4_R2_REPAIR_COMBINED_V1,20260714.0,False,ref256,leave_one_month_out,2023-08,38975,80,0.044134184275860175,pass
validation_late,4,D4_R2_REPAIR_COMBINED_V1,20260714.0,False,ref256,month,2023-09,9740,20,0.03013763648647009,pass
validation_late,4,D4_R2_REPAIR_COMBINED_V1,20260714.0,False,ref256,leave_one_month_out,2023-09,40427,83,0.05425352880792916,pass
validation_late,4,D4_R2_REPAIR_COMBINED_V1,20260714.0,False,ref256,month,2023-10,8284,17,0.0356300335201984,pass
validation_late,4,D4_R2_REPAIR_COMBINED_V1,20260714.0,False,ref256,leave_one_month_out,2023-10,41883,86,0.05232657035981569,pass
validation_late,4,D4_R2_REPAIR_COMBINED_V1,20260714.0,False,ref256,month,2023-11,8780,18,0.040064008314000685,pass
validation_late,4,D4_R2_REPAIR_COMBINED_V1,20260714.0,False,ref256,leave_one_month_out,2023-11,41387,85,0.05158404083688834,pass
validation_late,4,D4_R2_REPAIR_COMBINED_V1,20260714.0,False,ref256,month,2023-12,3427,7,0.04975743798273809,pass
validation_late,4,D4_R2_REPAIR_COMBINED_V1,20260714.0,False,ref256,leave_one_month_out,2023-12,46740,96,0.04955722453029537,pass
validation_late,4,D4_R2_REPAIR_COMBINED_V1,20260715.0,False,prefix64,month,2023-07,8744,18,0.04733318949772607,pass
validation_late,4,D4_R2_REPAIR_COMBINED_V1,20260715.0,False,prefix64,leave_one_month_out,2023-07,41423,85,0.02838216024639043,pass
validation_late,4,D4_R2_REPAIR_COMBINED_V1,20260715.0,False,prefix64,month,2023-08,11192,23,0.04681586276705989,pass
validation_late,4,D4_R2_REPAIR_COMBINED_V1,20260715.0,False,prefix64,leave_one_month_out,2023-08,38975,80,0.027346452353248497,pass
validation_late,4,D4_R2_REPAIR_COMBINED_V1,20260715.0,False,prefix64,month,2023-09,9740,20,0.01224169410780383,pass
validation_late,4,D4_R2_REPAIR_COMBINED_V1,20260715.0,False,prefix64,leave_one_month_out,2023-09,40427,83,0.03638129096079735,pass
validation_late,4,D4_R2_REPAIR_COMBINED_V1,20260715.0,False,prefix64,month,2023-10,8284,17,0.020488701171858355,pass
validation_late,4,D4_R2_REPAIR_COMBINED_V1,20260715.0,False,prefix64,leave_one_month_out,2023-10,41883,86,0.033908989674193764,pass
validation_late,4,D4_R2_REPAIR_COMBINED_V1,20260715.0,False,prefix64,month,2023-11,8780,18,0.018545899478003117,pass
validation_late,4,D4_R2_REPAIR_COMBINED_V1,20260715.0,False,prefix64,leave_one_month_out,2023-11,41387,85,0.034478292250567054,pass
validation_late,4,D4_R2_REPAIR_COMBINED_V1,20260715.0,False,prefix64,month,2023-12,3427,7,0.05839296923129791,pass
validation_late,4,D4_R2_REPAIR_COMBINED_V1,20260715.0,False,prefix64,leave_one_month_out,2023-12,46740,96,0.029747190075866365,pass
validation_late,4,D4_R2_REPAIR_COMBINED_V1,20260715.0,False,prefix8,month,2023-07,8744,18,0.030129817540587935,pass
validation_late,4,D4_R2_REPAIR_COMBINED_V1,20260715.0,False,prefix8,leave_one_month_out,2023-07,41423,85,0.014117372931533322,pass
validation_late,4,D4_R2_REPAIR_COMBINED_V1,20260715.0,False,prefix8,month,2023-08,11192,23,0.03294779938569472,pass
validation_late,4,D4_R2_REPAIR_COMBINED_V1,20260715.0,False,prefix8,leave_one_month_out,2023-08,38975,80,0.01230642536299921,pass
validation_late,4,D4_R2_REPAIR_COMBINED_V1,20260715.0,False,prefix8,month,2023-09,9740,20,-0.003491287725175201,pass
validation_late,4,D4_R2_REPAIR_COMBINED_V1,20260715.0,False,prefix8,leave_one_month_out,2023-09,40427,83,0.021833002041137584,pass
validation_late,4,D4_R2_REPAIR_COMBINED_V1,20260715.0,False,prefix8,month,2023-10,8284,17,0.014547622706535899,pass
validation_late,4,D4_R2_REPAIR_COMBINED_V1,20260715.0,False,prefix8,leave_one_month_out,2023-10,41883,86,0.017383765452323317,pass
validation_late,4,D4_R2_REPAIR_COMBINED_V1,20260715.0,False,prefix8,month,2023-11,8780,18,0.011691417035965438,pass
validation_late,4,D4_R2_REPAIR_COMBINED_V1,20260715.0,False,prefix8,leave_one_month_out,2023-11,41387,85,0.018021975391335734,pass
validation_late,4,D4_R2_REPAIR_COMBINED_V1,20260715.0,False,prefix8,month,2023-12,3427,7,0.007749710736338524,pass
validation_late,4,D4_R2_REPAIR_COMBINED_V1,20260715.0,False,prefix8,leave_one_month_out,2023-12,46740,96,0.017584014997464016,pass
validation_late,4,D4_R2_REPAIR_COMBINED_V1,20260715.0,False,ref256,month,2023-07,8744,18,0.08438169974845948,pass
validation_late,4,D4_R2_REPAIR_COMBINED_V1,20260715.0,False,ref256,leave_one_month_out,2023-07,41423,85,0.034937296971098236,pass
validation_late,4,D4_R2_REPAIR_COMBINED_V1,20260715.0,False,ref256,month,2023-08,11192,23,0.06219289980569009,pass
validation_late,4,D4_R2_REPAIR_COMBINED_V1,20260715.0,False,ref256,leave_one_month_out,2023-08,38975,80,0.03822630178105936,pass
validation_late,4,D4_R2_REPAIR_COMBINED_V1,20260715.0,False,ref256,month,2023-09,9740,20,0.001642500167589818,pass
validation_late,4,D4_R2_REPAIR_COMBINED_V1,20260715.0,False,ref256,leave_one_month_out,2023-09,40427,83,0.05368302210438343,pass
validation_late,4,D4_R2_REPAIR_COMBINED_V1,20260715.0,False,ref256,month,2023-10,8284,17,0.022068051613607035,pass
validation_late,4,D4_R2_REPAIR_COMBINED_V1,20260715.0,False,ref256,leave_one_month_out,2023-10,41883,86,0.04783004605330583,pass
validation_late,4,D4_R2_REPAIR_COMBINED_V1,20260715.0,False,ref256,month,2023-11,8780,18,0.03455298809417975,pass
validation_late,4,D4_R2_REPAIR_COMBINED_V1,20260715.0,False,ref256,leave_one_month_out,2023-11,41387,85,0.04548925943906336,pass
validation_late,4,D4_R2_REPAIR_COMBINED_V1,20260715.0,False,ref256,month,2023-12,3427,7,0.07275326864773245,pass
validation_late,4,D4_R2_REPAIR_COMBINED_V1,20260715.0,False,ref256,leave_one_month_out,2023-12,46740,96,0.04145070789043223,pass
validation_late,4,D4_R2_REPAIR_COMBINED_V1,nan,True,prefix64,month,2023-07,8744,18,0.061644033948897586,pass
validation_late,4,D4_R2_REPAIR_COMBINED_V1,nan,True,prefix64,leave_one_month_out,2023-07,41423,85,0.03216281721705448,pass
validation_late,4,D4_R2_REPAIR_COMBINED_V1,nan,True,prefix64,month,2023-08,11192,23,0.06302933240907202,pass
validation_late,4,D4_R2_REPAIR_COMBINED_V1,nan,True,prefix64,leave_one_month_out,2023-08,38975,80,0.029921967864014132,pass
validation_late,4,D4_R2_REPAIR_COMBINED_V1,nan,True,prefix64,month,2023-09,9740,20,0.00876889203692994,pass
validation_late,4,D4_R2_REPAIR_COMBINED_V1,nan,True,prefix64,leave_one_month_out,2023-09,40427,83,0.04419342450350829,pass
validation_late,4,D4_R2_REPAIR_COMBINED_V1,nan,True,prefix64,month,2023-10,8284,17,0.02149963855319601,pass
validation_late,4,D4_R2_REPAIR_COMBINED_V1,nan,True,prefix64,leave_one_month_out,2023-10,41883,86,0.040441142082854126,pass
validation_late,4,D4_R2_REPAIR_COMBINED_V1,nan,True,prefix64,month,2023-11,8780,18,0.021297991348436268,pass
validation_late,4,D4_R2_REPAIR_COMBINED_V1,nan,True,prefix64,leave_one_month_out,2023-11,41387,85,0.04070668506185805,pass
validation_late,4,D4_R2_REPAIR_COMBINED_V1,nan,True,prefix64,month,2023-12,3427,7,0.051418468232312844,pass
validation_late,4,D4_R2_REPAIR_COMBINED_V1,nan,True,prefix64,leave_one_month_out,2023-12,46740,96,0.03628648746774581,pass
validation_late,4,D4_R2_REPAIR_COMBINED_V1,nan,True,prefix8,month,2023-07,8744,18,0.029127036641557788,pass
validation_late,4,D4_R2_REPAIR_COMBINED_V1,nan,True,prefix8,leave_one_month_out,2023-07,41423,85,0.01665583728687306,pass
validation_late,4,D4_R2_REPAIR_COMBINED_V1,nan,True,prefix8,month,2023-08,11192,23,0.027707227866201452,pass
validation_late,4,D4_R2_REPAIR_COMBINED_V1,nan,True,prefix8,leave_one_month_out,2023-08,38975,80,0.016284582350120213,pass
validation_late,4,D4_R2_REPAIR_COMBINED_V1,nan,True,prefix8,month,2023-09,9740,20,0.005331379156580346,pass
validation_late,4,D4_R2_REPAIR_COMBINED_V1,nan,True,prefix8,leave_one_month_out,2023-09,40427,83,0.022089219828923416,pass
validation_late,4,D4_R2_REPAIR_COMBINED_V1,nan,True,prefix8,month,2023-10,8284,17,0.019976889528143856,pass
validation_late,4,D4_R2_REPAIR_COMBINED_V1,nan,True,prefix8,leave_one_month_out,2023-10,41883,86,0.018609601243648896,pass
validation_late,4,D4_R2_REPAIR_COMBINED_V1,nan,True,prefix8,month,2023-11,8780,18,0.02348904714697344,pass
validation_late,4,D4_R2_REPAIR_COMBINED_V1,nan,True,prefix8,leave_one_month_out,2023-11,41387,85,0.017849764473961513,pass
validation_late,4,D4_R2_REPAIR_COMBINED_V1,nan,True,prefix8,month,2023-12,3427,7,-0.012936803613428225,pass
validation_late,4,D4_R2_REPAIR_COMBINED_V1,nan,True,prefix8,leave_one_month_out,2023-12,46740,96,0.02115198389819008,pass
validation_late,4,D4_R2_REPAIR_COMBINED_V1,nan,True,ref256,month,2023-07,8744,18,0.08492402650483945,pass
validation_late,4,D4_R2_REPAIR_COMBINED_V1,nan,True,ref256,leave_one_month_out,2023-07,41423,85,0.04262364442287157,pass
validation_late,4,D4_R2_REPAIR_COMBINED_V1,nan,True,ref256,month,2023-08,11192,23,0.08188385662466388,pass
validation_late,4,D4_R2_REPAIR_COMBINED_V1,nan,True,ref256,leave_one_month_out,2023-08,38975,80,0.04085391938329905,pass
validation_late,4,D4_R2_REPAIR_COMBINED_V1,nan,True,ref256,month,2023-09,9740,20,0.008315280199629408,pass
validation_late,4,D4_R2_REPAIR_COMBINED_V1,nan,True,ref256,leave_one_month_out,2023-09,40427,83,0.060064296976368725,pass
validation_late,4,D4_R2_REPAIR_COMBINED_V1,nan,True,ref256,month,2023-10,8284,17,0.028041875846795107,pass
validation_late,4,D4_R2_REPAIR_COMBINED_V1,nan,True,ref256,leave_one_month_out,2023-10,41883,86,0.05435965539111251,pass
validation_late,4,D4_R2_REPAIR_COMBINED_V1,nan,True,ref256,month,2023-11,8780,18,0.040962646912559623,pass
validation_late,4,D4_R2_REPAIR_COMBINED_V1,nan,True,ref256,leave_one_month_out,2023-11,41387,85,0.051933113042413166,pass
validation_late,4,D4_R2_REPAIR_COMBINED_V1,nan,True,ref256,month,2023-12,3427,7,0.05133370510894789,pass
validation_late,4,D4_R2_REPAIR_COMBINED_V1,nan,True,ref256,leave_one_month_out,2023-12,46740,96,0.04991985747154748,pass
validation_late,5,D5_K2_RAW_NO_RESIDUAL,20260713.0,False,primary,month,2023-07,8744,18,0.009487811032173795,pass
validation_late,5,D5_K2_RAW_NO_RESIDUAL,20260713.0,False,primary,leave_one_month_out,2023-07,41423,85,0.002910917052398007,pass
validation_late,5,D5_K2_RAW_NO_RESIDUAL,20260713.0,False,primary,month,2023-08,11192,23,0.04916906505535529,pass
validation_late,5,D5_K2_RAW_NO_RESIDUAL,20260713.0,False,primary,leave_one_month_out,2023-08,38975,80,-0.00890849935300266,pass
validation_late,5,D5_K2_RAW_NO_RESIDUAL,20260713.0,False,primary,month,2023-09,9740,20,-0.01755486629426746,pass
validation_late,5,D5_K2_RAW_NO_RESIDUAL,20260713.0,False,primary,leave_one_month_out,2023-09,40427,83,0.009268745468895279,pass
validation_late,5,D5_K2_RAW_NO_RESIDUAL,20260713.0,False,primary,month,2023-10,8284,17,-0.03262435845012591,pass
validation_late,5,D5_K2_RAW_NO_RESIDUAL,20260713.0,False,primary,leave_one_month_out,2023-10,41883,86,0.011311891182384874,pass
validation_late,5,D5_K2_RAW_NO_RESIDUAL,20260713.0,False,primary,month,2023-11,8780,18,0.0022787977492730264,pass
validation_late,5,D5_K2_RAW_NO_RESIDUAL,20260713.0,False,primary,leave_one_month_out,2023-11,41387,85,0.004437531629953463,pass
validation_late,5,D5_K2_RAW_NO_RESIDUAL,20260713.0,False,primary,month,2023-12,3427,7,-0.002681069538395136,pass
validation_late,5,D5_K2_RAW_NO_RESIDUAL,20260713.0,False,primary,leave_one_month_out,2023-12,46740,96,0.004551833695851299,pass
validation_late,5,D5_K2_RAW_NO_RESIDUAL,20260714.0,False,primary,month,2023-07,8744,18,0.025435256185999885,pass
validation_late,5,D5_K2_RAW_NO_RESIDUAL,20260714.0,False,primary,leave_one_month_out,2023-07,41423,85,0.019332236996184114,pass
validation_late,5,D5_K2_RAW_NO_RESIDUAL,20260714.0,False,primary,month,2023-08,11192,23,0.027894422206575824,pass
validation_late,5,D5_K2_RAW_NO_RESIDUAL,20260714.0,False,primary,leave_one_month_out,2023-08,38975,80,0.01824378806590505,pass
validation_late,5,D5_K2_RAW_NO_RESIDUAL,20260714.0,False,primary,month,2023-09,9740,20,0.011030400348119076,pass
validation_late,5,D5_K2_RAW_NO_RESIDUAL,20260714.0,False,primary,leave_one_month_out,2023-09,40427,83,0.02265622589230441,pass
validation_late,5,D5_K2_RAW_NO_RESIDUAL,20260714.0,False,primary,month,2023-10,8284,17,0.008020231596199573,pass
validation_late,5,D5_K2_RAW_NO_RESIDUAL,20260714.0,False,primary,leave_one_month_out,2023-10,41883,86,0.02284570719637506,pass
validation_late,5,D5_K2_RAW_NO_RESIDUAL,20260714.0,False,primary,month,2023-11,8780,18,0.015791390986839987,pass
validation_late,5,D5_K2_RAW_NO_RESIDUAL,20260714.0,False,primary,leave_one_month_out,2023-11,41387,85,0.02137446727365327,pass
validation_late,5,D5_K2_RAW_NO_RESIDUAL,20260714.0,False,primary,month,2023-12,3427,7,0.051495921723358797,pass
validation_late,5,D5_K2_RAW_NO_RESIDUAL,20260714.0,False,primary,leave_one_month_out,2023-12,46740,96,0.01813128441625142,pass
validation_late,5,D5_K2_RAW_NO_RESIDUAL,20260715.0,False,primary,month,2023-07,8744,18,0.006309226121894467,pass
validation_late,5,D5_K2_RAW_NO_RESIDUAL,20260715.0,False,primary,leave_one_month_out,2023-07,41423,85,0.00751295163536556,pass
validation_late,5,D5_K2_RAW_NO_RESIDUAL,20260715.0,False,primary,month,2023-08,11192,23,0.0224317370505747,pass
validation_late,5,D5_K2_RAW_NO_RESIDUAL,20260715.0,False,primary,leave_one_month_out,2023-08,38975,80,0.002952962587961937,pass
validation_late,5,D5_K2_RAW_NO_RESIDUAL,20260715.0,False,primary,month,2023-09,9740,20,0.007401656587157808,pass
validation_late,5,D5_K2_RAW_NO_RESIDUAL,20260715.0,False,primary,leave_one_month_out,2023-09,40427,83,0.007278720812735143,pass
validation_late,5,D5_K2_RAW_NO_RESIDUAL,20260715.0,False,primary,month,2023-10,8284,17,-0.023393016350062506,pass
validation_late,5,D5_K2_RAW_NO_RESIDUAL,20260715.0,False,primary,leave_one_month_out,2023-10,41883,86,0.013370328338967855,pass
validation_late,5,D5_K2_RAW_NO_RESIDUAL,20260715.0,False,primary,month,2023-11,8780,18,0.0016040948658633096,pass
validation_late,5,D5_K2_RAW_NO_RESIDUAL,20260715.0,False,primary,leave_one_month_out,2023-11,41387,85,0.008509332371936865,pass
validation_late,5,D5_K2_RAW_NO_RESIDUAL,20260715.0,False,primary,month,2023-12,3427,7,0.049063625066460226,pass
validation_late,5,D5_K2_RAW_NO_RESIDUAL,20260715.0,False,primary,leave_one_month_out,2023-12,46740,96,0.0042575164972390766,pass
validation_late,5,D5_K2_RAW_NO_RESIDUAL,nan,True,primary,month,2023-07,8744,18,0.015017095625182905,pass
validation_late,5,D5_K2_RAW_NO_RESIDUAL,nan,True,primary,leave_one_month_out,2023-07,41423,85,0.016445525688170683,pass
validation_late,5,D5_K2_RAW_NO_RESIDUAL,nan,True,primary,month,2023-08,11192,23,0.04916912581948159,pass
validation_late,5,D5_K2_RAW_NO_RESIDUAL,nan,True,primary,leave_one_month_out,2023-08,38975,80,0.006716093886246552,pass
validation_late,5,D5_K2_RAW_NO_RESIDUAL,nan,True,primary,month,2023-09,9740,20,-0.001931310680452407,pass
validation_late,5,D5_K2_RAW_NO_RESIDUAL,nan,True,primary,leave_one_month_out,2023-09,40427,83,0.020563899016347573,pass
validation_late,5,D5_K2_RAW_NO_RESIDUAL,nan,True,primary,month,2023-10,8284,17,-0.018012737166687647,pass
validation_late,5,D5_K2_RAW_NO_RESIDUAL,nan,True,primary,leave_one_month_out,2023-10,41883,86,0.02295806903001733,pass
validation_late,5,D5_K2_RAW_NO_RESIDUAL,nan,True,primary,month,2023-11,8780,18,0.01892380592431535,pass
validation_late,5,D5_K2_RAW_NO_RESIDUAL,nan,True,primary,leave_one_month_out,2023-11,41387,85,0.015618222330707341,pass
validation_late,5,D5_K2_RAW_NO_RESIDUAL,nan,True,primary,month,2023-12,3427,7,0.03874200406449911,pass
validation_late,5,D5_K2_RAW_NO_RESIDUAL,nan,True,primary,leave_one_month_out,2023-12,46740,96,0.014551910169753194,pass
validation_late,6,D6_R1_RAW_MLP_RESIDUAL,20260713.0,False,primary,month,2023-07,8744,18,-0.01133750193025249,pass
validation_late,6,D6_R1_RAW_MLP_RESIDUAL,20260713.0,False,primary,leave_one_month_out,2023-07,41423,85,0.005276051145644356,pass
validation_late,6,D6_R1_RAW_MLP_RESIDUAL,20260713.0,False,primary,month,2023-08,11192,23,0.02244833245715399,pass
validation_late,6,D6_R1_RAW_MLP_RESIDUAL,20260713.0,False,primary,leave_one_month_out,2023-08,38975,80,-0.003399029173491453,pass
validation_late,6,D6_R1_RAW_MLP_RESIDUAL,20260713.0,False,primary,month,2023-09,9740,20,-0.006411140975686751,pass
validation_late,6,D6_R1_RAW_MLP_RESIDUAL,20260713.0,False,primary,leave_one_month_out,2023-09,40427,83,0.004489302796975428,pass
validation_late,6,D6_R1_RAW_MLP_RESIDUAL,20260713.0,False,primary,month,2023-10,8284,17,-0.038329264858836365,pass
validation_late,6,D6_R1_RAW_MLP_RESIDUAL,20260713.0,False,primary,leave_one_month_out,2023-10,41883,86,0.01041845133994702,pass
validation_late,6,D6_R1_RAW_MLP_RESIDUAL,20260713.0,False,primary,month,2023-11,8780,18,0.02917554821888516,pass
validation_late,6,D6_R1_RAW_MLP_RESIDUAL,20260713.0,False,primary,leave_one_month_out,2023-11,41387,85,-0.0033031830035847904,pass
validation_late,6,D6_R1_RAW_MLP_RESIDUAL,20260713.0,False,primary,month,2023-12,3427,7,0.02668759357703554,pass
validation_late,6,D6_R1_RAW_MLP_RESIDUAL,20260713.0,False,primary,leave_one_month_out,2023-12,46740,96,0.0005997516416247581,pass
validation_late,6,D6_R1_RAW_MLP_RESIDUAL,20260714.0,False,primary,month,2023-07,8744,18,0.002237651456427178,pass
validation_late,6,D6_R1_RAW_MLP_RESIDUAL,20260714.0,False,primary,leave_one_month_out,2023-07,41423,85,0.0031863381380664297,pass
validation_late,6,D6_R1_RAW_MLP_RESIDUAL,20260714.0,False,primary,month,2023-08,11192,23,0.03324354636783475,pass
validation_late,6,D6_R1_RAW_MLP_RESIDUAL,20260714.0,False,primary,leave_one_month_out,2023-08,38975,80,-0.005668563731360795,pass
validation_late,6,D6_R1_RAW_MLP_RESIDUAL,20260714.0,False,primary,month,2023-09,9740,20,0.0064436346136164824,pass
validation_late,6,D6_R1_RAW_MLP_RESIDUAL,20260714.0,False,primary,leave_one_month_out,2023-09,40427,83,0.0021957081407109154,pass
validation_late,6,D6_R1_RAW_MLP_RESIDUAL,20260714.0,False,primary,month,2023-10,8284,17,-0.04042767867254723,pass
validation_late,6,D6_R1_RAW_MLP_RESIDUAL,20260714.0,False,primary,leave_one_month_out,2023-10,41883,86,0.011609151225402774,pass
validation_late,6,D6_R1_RAW_MLP_RESIDUAL,20260714.0,False,primary,month,2023-11,8780,18,0.007237535955222246,pass
validation_late,6,D6_R1_RAW_MLP_RESIDUAL,20260714.0,False,primary,leave_one_month_out,2023-11,41387,85,0.0021275390677333557,pass
validation_late,6,D6_R1_RAW_MLP_RESIDUAL,20260714.0,False,primary,month,2023-12,3427,7,-0.009377232393939979,pass
validation_late,6,D6_R1_RAW_MLP_RESIDUAL,20260714.0,False,primary,leave_one_month_out,2023-12,46740,96,0.003924553069884536,pass
validation_late,6,D6_R1_RAW_MLP_RESIDUAL,20260715.0,False,primary,month,2023-07,8744,18,0.012375110185513058,pass
validation_late,6,D6_R1_RAW_MLP_RESIDUAL,20260715.0,False,primary,leave_one_month_out,2023-07,41423,85,0.0009525268110653083,pass
validation_late,6,D6_R1_RAW_MLP_RESIDUAL,20260715.0,False,primary,month,2023-08,11192,23,0.018815726954251672,pass
validation_late,6,D6_R1_RAW_MLP_RESIDUAL,20260715.0,False,primary,leave_one_month_out,2023-08,38975,80,-0.0016130619708500265,pass
validation_late,6,D6_R1_RAW_MLP_RESIDUAL,20260715.0,False,primary,month,2023-09,9740,20,-0.002466912554714444,pass
validation_late,6,D6_R1_RAW_MLP_RESIDUAL,20260715.0,False,primary,leave_one_month_out,2023-09,40427,83,0.004253674859928618,pass
validation_late,6,D6_R1_RAW_MLP_RESIDUAL,20260715.0,False,primary,month,2023-10,8284,17,-0.018086762555286705,pass
validation_late,6,D6_R1_RAW_MLP_RESIDUAL,20260715.0,False,primary,leave_one_month_out,2023-10,41883,86,0.007106880531623955,pass
validation_late,6,D6_R1_RAW_MLP_RESIDUAL,20260715.0,False,primary,month,2023-11,8780,18,0.006657554907522543,pass
validation_late,6,D6_R1_RAW_MLP_RESIDUAL,20260715.0,False,primary,leave_one_month_out,2023-11,41387,85,0.0021633032228750644,pass
validation_late,6,D6_R1_RAW_MLP_RESIDUAL,20260715.0,False,primary,month,2023-12,3427,7,-0.016402816401211415,pass
validation_late,6,D6_R1_RAW_MLP_RESIDUAL,20260715.0,False,primary,leave_one_month_out,2023-12,46740,96,0.004359754969669439,pass
validation_late,6,D6_R1_RAW_MLP_RESIDUAL,nan,True,primary,month,2023-07,8744,18,-0.0005165215767495411,pass
validation_late,6,D6_R1_RAW_MLP_RESIDUAL,nan,True,primary,leave_one_month_out,2023-07,41423,85,0.0019977769381173886,pass
validation_late,6,D6_R1_RAW_MLP_RESIDUAL,nan,True,primary,month,2023-08,11192,23,0.025830243613350342,pass
validation_late,6,D6_R1_RAW_MLP_RESIDUAL,nan,True,primary,leave_one_month_out,2023-08,38975,80,-0.005419774396857145,pass
validation_late,6,D6_R1_RAW_MLP_RESIDUAL,nan,True,primary,month,2023-09,9740,20,-0.0028466957021084428,pass
validation_late,6,D6_R1_RAW_MLP_RESIDUAL,nan,True,primary,leave_one_month_out,2023-09,40427,83,0.0026198501855500627,pass
validation_late,6,D6_R1_RAW_MLP_RESIDUAL,nan,True,primary,month,2023-10,8284,17,-0.03753935039272287,pass
validation_late,6,D6_R1_RAW_MLP_RESIDUAL,nan,True,primary,leave_one_month_out,2023-10,41883,86,0.009287007070171802,pass
validation_late,6,D6_R1_RAW_MLP_RESIDUAL,nan,True,primary,month,2023-11,8780,18,0.014139551370855478,pass
validation_late,6,D6_R1_RAW_MLP_RESIDUAL,nan,True,primary,leave_one_month_out,2023-11,41387,85,-0.001105862039022497,pass
validation_late,6,D6_R1_RAW_MLP_RESIDUAL,nan,True,primary,month,2023-12,3427,7,0.00232948323942563,pass
validation_late,6,D6_R1_RAW_MLP_RESIDUAL,nan,True,primary,leave_one_month_out,2023-12,46740,96,0.0015021590487761134,pass
validation_late,101,M1_LIGHTGBM_ALPHA158,20260713.0,False,primary,month,2023-07,8744,18,-0.013757755384823695,pass
validation_late,101,M1_LIGHTGBM_ALPHA158,20260713.0,False,primary,leave_one_month_out,2023-07,41423,85,0.026966700966964532,pass
validation_late,101,M1_LIGHTGBM_ALPHA158,20260713.0,False,primary,month,2023-08,11192,23,0.05515409242986025,pass
validation_late,101,M1_LIGHTGBM_ALPHA158,20260713.0,False,primary,leave_one_month_out,2023-08,38975,80,0.00969982324222967,pass
validation_late,101,M1_LIGHTGBM_ALPHA158,20260713.0,False,primary,month,2023-09,9740,20,0.05497047115952142,pass
validation_late,101,M1_LIGHTGBM_ALPHA158,20260713.0,False,primary,leave_one_month_out,2023-09,40427,83,0.011386994723791942,pass
validation_late,101,M1_LIGHTGBM_ALPHA158,20260713.0,False,primary,month,2023-10,8284,17,-0.014643982150106295,pass
validation_late,101,M1_LIGHTGBM_ALPHA158,20260713.0,False,primary,leave_one_month_out,2023-10,41883,86,0.02666834513740658,pass
validation_late,101,M1_LIGHTGBM_ALPHA158,20260713.0,False,primary,month,2023-11,8780,18,0.018450544521921703,pass
validation_late,101,M1_LIGHTGBM_ALPHA158,20260713.0,False,primary,leave_one_month_out,2023-11,41387,85,0.020146119810241985,pass
validation_late,101,M1_LIGHTGBM_ALPHA158,20260713.0,False,primary,month,2023-12,3427,7,-0.022706581675430264,pass
validation_late,101,M1_LIGHTGBM_ALPHA158,20260713.0,False,primary,leave_one_month_out,2023-12,46740,96,0.022952875593678868,pass
validation_late,101,M1_LIGHTGBM_ALPHA158,20260714.0,False,primary,month,2023-07,8744,18,-0.016037368449446403,pass
validation_late,101,M1_LIGHTGBM_ALPHA158,20260714.0,False,primary,leave_one_month_out,2023-07,41423,85,0.027233911595457565,pass
validation_late,101,M1_LIGHTGBM_ALPHA158,20260714.0,False,primary,month,2023-08,11192,23,0.0552654021106923,pass
validation_late,101,M1_LIGHTGBM_ALPHA158,20260714.0,False,primary,leave_one_month_out,2023-08,38975,80,0.009438820062224176,pass
validation_late,101,M1_LIGHTGBM_ALPHA158,20260714.0,False,primary,month,2023-09,9740,20,0.05523696439334754,pass
validation_late,101,M1_LIGHTGBM_ALPHA158,20260714.0,False,primary,leave_one_month_out,2023-09,40427,83,0.011102055007914537,pass
validation_late,101,M1_LIGHTGBM_ALPHA158,20260714.0,False,primary,month,2023-10,8284,17,-0.013100005174018456,pass
validation_late,101,M1_LIGHTGBM_ALPHA158,20260714.0,False,primary,leave_one_month_out,2023-10,41883,86,0.0261501155986299,pass
validation_late,101,M1_LIGHTGBM_ALPHA158,20260714.0,False,primary,month,2023-11,8780,18,0.017824273857792634,pass
validation_late,101,M1_LIGHTGBM_ALPHA158,20260714.0,False,primary,leave_one_month_out,2023-11,41387,85,0.020063210871571643,pass
validation_late,101,M1_LIGHTGBM_ALPHA158,20260714.0,False,primary,month,2023-12,3427,7,-0.02272827032584785,pass
validation_late,101,M1_LIGHTGBM_ALPHA158,20260714.0,False,primary,leave_one_month_out,2023-12,46740,96,0.022763622352133254,pass
validation_late,101,M1_LIGHTGBM_ALPHA158,20260715.0,False,primary,month,2023-07,8744,18,-0.01382902017826494,pass
validation_late,101,M1_LIGHTGBM_ALPHA158,20260715.0,False,primary,leave_one_month_out,2023-07,41423,85,0.027607188446650256,pass
validation_late,101,M1_LIGHTGBM_ALPHA158,20260715.0,False,primary,month,2023-08,11192,23,0.05643782779554741,pass
validation_late,101,M1_LIGHTGBM_ALPHA158,20260715.0,False,primary,leave_one_month_out,2023-08,38975,80,0.009995232693236414,pass
validation_late,101,M1_LIGHTGBM_ALPHA158,20260715.0,False,primary,month,2023-09,9740,20,0.05615194040904321,pass
validation_late,101,M1_LIGHTGBM_ALPHA158,20260715.0,False,primary,leave_one_month_out,2023-09,40427,83,0.011742769235851073,pass
validation_late,101,M1_LIGHTGBM_ALPHA158,20260715.0,False,primary,month,2023-10,8284,17,-0.016687609004025914,pass
validation_late,101,M1_LIGHTGBM_ALPHA158,20260715.0,False,primary,leave_one_month_out,2023-10,41883,86,0.027690441951452833,pass
validation_late,101,M1_LIGHTGBM_ALPHA158,20260715.0,False,primary,month,2023-11,8780,18,0.020388720384283084,pass
validation_late,101,M1_LIGHTGBM_ALPHA158,20260715.0,False,primary,leave_one_month_out,2023-11,41387,85,0.02036107868046362,pass
validation_late,101,M1_LIGHTGBM_ALPHA158,20260715.0,False,primary,month,2023-12,3427,7,-0.02254363476597673,pass
validation_late,101,M1_LIGHTGBM_ALPHA158,20260715.0,False,primary,leave_one_month_out,2023-12,46740,96,0.023494730188732715,pass
validation_late,101,M1_LIGHTGBM_ALPHA158,nan,True,primary,month,2023-07,8744,18,-0.015590310308996535,pass
validation_late,101,M1_LIGHTGBM_ALPHA158,nan,True,primary,leave_one_month_out,2023-07,41423,85,0.02704467749781558,pass
validation_late,101,M1_LIGHTGBM_ALPHA158,nan,True,primary,month,2023-08,11192,23,0.0557218998734013,pass
validation_late,101,M1_LIGHTGBM_ALPHA158,nan,True,primary,leave_one_month_out,2023-08,38975,80,0.009207103808301972,pass
validation_late,101,M1_LIGHTGBM_ALPHA158,nan,True,primary,month,2023-09,9740,20,0.055269451923968406,pass
validation_late,101,M1_LIGHTGBM_ALPHA158,nan,True,primary,leave_one_month_out,2023-09,40427,83,0.01099738509967493,pass
validation_late,101,M1_LIGHTGBM_ALPHA158,nan,True,primary,month,2023-10,8284,17,-0.014893091152477396,pass
validation_late,101,M1_LIGHTGBM_ALPHA158,nan,True,primary,leave_one_month_out,2023-10,41883,86,0.026411099434238403,pass
validation_late,101,M1_LIGHTGBM_ALPHA158,nan,True,primary,month,2023-11,8780,18,0.017373602184089038,pass
validation_late,101,M1_LIGHTGBM_ALPHA158,nan,True,primary,leave_one_month_out,2023-11,41387,85,0.020064084263985708,pass
validation_late,101,M1_LIGHTGBM_ALPHA158,nan,True,primary,month,2023-12,3427,7,-0.021105348282108544,pass
validation_late,101,M1_LIGHTGBM_ALPHA158,nan,True,primary,leave_one_month_out,2023-12,46740,96,0.02256155666382445,pass
validation_late,103,M3_GATED_DUAL_PATH_LSTM,20260713.0,False,primary,month,2023-07,8744,18,0.015594302184374492,pass
validation_late,103,M3_GATED_DUAL_PATH_LSTM,20260713.0,False,primary,leave_one_month_out,2023-07,41423,85,0.0058464867745692504,pass
validation_late,103,M3_GATED_DUAL_PATH_LSTM,20260713.0,False,primary,month,2023-08,11192,23,0.012696905513669001,pass
validation_late,103,M3_GATED_DUAL_PATH_LSTM,20260713.0,False,primary,leave_one_month_out,2023-08,38975,80,0.006070249854284252,pass
validation_late,103,M3_GATED_DUAL_PATH_LSTM,20260713.0,False,primary,month,2023-09,9740,20,-0.008488282460987444,pass
validation_late,103,M3_GATED_DUAL_PATH_LSTM,20260713.0,False,primary,leave_one_month_out,2023-09,40427,83,0.011414632100926218,pass
validation_late,103,M3_GATED_DUAL_PATH_LSTM,20260713.0,False,primary,month,2023-10,8284,17,-0.00970745801833728,pass
validation_late,103,M3_GATED_DUAL_PATH_LSTM,20260713.0,False,primary,leave_one_month_out,2023-10,41883,86,0.01096134420312629,pass
validation_late,103,M3_GATED_DUAL_PATH_LSTM,20260713.0,False,primary,month,2023-11,8780,18,0.017850435672927344,pass
validation_late,103,M3_GATED_DUAL_PATH_LSTM,20260713.0,False,primary,leave_one_month_out,2023-11,41387,85,0.00536871732993453,pass
validation_late,103,M3_GATED_DUAL_PATH_LSTM,20260713.0,False,primary,month,2023-12,3427,7,0.031201020348969967,pass
validation_late,103,M3_GATED_DUAL_PATH_LSTM,20260713.0,False,primary,leave_one_month_out,2023-12,46740,96,0.005825434090774348,pass
validation_late,103,M3_GATED_DUAL_PATH_LSTM,20260714.0,False,primary,month,2023-07,8744,18,-0.0028711257375320038,pass
validation_late,103,M3_GATED_DUAL_PATH_LSTM,20260714.0,False,primary,leave_one_month_out,2023-07,41423,85,0.006551680699967005,pass
validation_late,103,M3_GATED_DUAL_PATH_LSTM,20260714.0,False,primary,month,2023-08,11192,23,0.04011352635340871,pass
validation_late,103,M3_GATED_DUAL_PATH_LSTM,20260714.0,False,primary,leave_one_month_out,2023-08,38975,80,-0.005217481373834765,pass
validation_late,103,M3_GATED_DUAL_PATH_LSTM,20260714.0,False,primary,month,2023-09,9740,20,-0.013453776529441814,pass
validation_late,103,M3_GATED_DUAL_PATH_LSTM,20260714.0,False,primary,leave_one_month_out,2023-09,40427,83,0.009328772612174158,pass
validation_late,103,M3_GATED_DUAL_PATH_LSTM,20260714.0,False,primary,month,2023-10,8284,17,0.004162869325225816,pass
validation_late,103,M3_GATED_DUAL_PATH_LSTM,20260714.0,False,primary,leave_one_month_out,2023-10,41883,86,0.0050516722987532575,pass
validation_late,103,M3_GATED_DUAL_PATH_LSTM,20260714.0,False,primary,month,2023-11,8780,18,0.005159323552511578,pass
validation_late,103,M3_GATED_DUAL_PATH_LSTM,20260714.0,False,primary,leave_one_month_out,2023-11,41387,85,0.004851114967957772,pass
validation_late,103,M3_GATED_DUAL_PATH_LSTM,20260714.0,False,primary,month,2023-12,3427,7,-0.037182759788059454,pass
validation_late,103,M3_GATED_DUAL_PATH_LSTM,20260714.0,False,primary,leave_one_month_out,2023-12,46740,96,0.007973874111854535,pass
validation_late,103,M3_GATED_DUAL_PATH_LSTM,20260715.0,False,primary,month,2023-07,8744,18,0.021928239863204795,pass
validation_late,103,M3_GATED_DUAL_PATH_LSTM,20260715.0,False,primary,leave_one_month_out,2023-07,41423,85,0.01060888408075206,pass
validation_late,103,M3_GATED_DUAL_PATH_LSTM,20260715.0,False,primary,month,2023-08,11192,23,0.04815606293144567,pass
validation_late,103,M3_GATED_DUAL_PATH_LSTM,20260715.0,False,primary,leave_one_month_out,2023-08,38975,80,0.002360925212229515,pass
validation_late,103,M3_GATED_DUAL_PATH_LSTM,20260715.0,False,primary,month,2023-09,9740,20,-0.008899600832560209,pass
validation_late,103,M3_GATED_DUAL_PATH_LSTM,20260715.0,False,primary,leave_one_month_out,2023-09,40427,83,0.017764523868106213,pass
validation_late,103,M3_GATED_DUAL_PATH_LSTM,20260715.0,False,primary,month,2023-10,8284,17,-0.01911466667047453,pass
validation_late,103,M3_GATED_DUAL_PATH_LSTM,20260715.0,False,primary,leave_one_month_out,2023-10,41883,86,0.018853637183717187,pass
validation_late,103,M3_GATED_DUAL_PATH_LSTM,20260715.0,False,primary,month,2023-11,8780,18,0.016378596748395282,pass
validation_late,103,M3_GATED_DUAL_PATH_LSTM,20260715.0,False,primary,leave_one_month_out,2023-11,41387,85,0.011784102622711724,pass
validation_late,103,M3_GATED_DUAL_PATH_LSTM,20260715.0,False,primary,month,2023-12,3427,7,0.0003274725741186745,pass
validation_late,103,M3_GATED_DUAL_PATH_LSTM,20260715.0,False,primary,leave_one_month_out,2023-12,46740,96,0.013480949545653965,pass
validation_late,103,M3_GATED_DUAL_PATH_LSTM,nan,True,primary,month,2023-07,8744,18,0.01807792727349865,pass
validation_late,103,M3_GATED_DUAL_PATH_LSTM,nan,True,primary,leave_one_month_out,2023-07,41423,85,0.009116251997458899,pass
validation_late,103,M3_GATED_DUAL_PATH_LSTM,nan,True,primary,month,2023-08,11192,23,0.04042269093207601,pass
validation_late,103,M3_GATED_DUAL_PATH_LSTM,nan,True,primary,leave_one_month_out,2023-08,38975,80,0.0021320277408654253,pass
validation_late,103,M3_GATED_DUAL_PATH_LSTM,nan,True,primary,month,2023-09,9740,20,-0.014959855287318089,pass
validation_late,103,M3_GATED_DUAL_PATH_LSTM,nan,True,primary,leave_one_month_out,2023-09,40427,83,0.0168612194753415,pass
validation_late,103,M3_GATED_DUAL_PATH_LSTM,nan,True,primary,month,2023-10,8284,17,-0.01127335109462764,pass
validation_late,103,M3_GATED_DUAL_PATH_LSTM,nan,True,primary,leave_one_month_out,2023-10,41883,86,0.015022454410647122,pass
validation_late,103,M3_GATED_DUAL_PATH_LSTM,nan,True,primary,month,2023-11,8780,18,0.017015195160652922,pass
validation_late,103,M3_GATED_DUAL_PATH_LSTM,nan,True,primary,leave_one_month_out,2023-11,41387,85,0.00934130115076741,pass
validation_late,103,M3_GATED_DUAL_PATH_LSTM,nan,True,primary,month,2023-12,3427,7,0.004247155687076757,pass
validation_late,103,M3_GATED_DUAL_PATH_LSTM,nan,True,primary,leave_one_month_out,2023-12,46740,96,0.011151604384348384,pass
